hour,hour_of_day,day_of_year,it_load_kw,facility_load_kw,utilization,scenario
0,0,0,7725.3,10042.9,0.8118,ai_heavy
1,1,0,7428.3,9656.7,0.8172,ai_heavy
2,2,0,7672.0,9973.7,0.8244,ai_heavy
3,3,0,7289.6,9476.5,0.8335,ai_heavy
4,4,0,7774.4,10106.8,0.8449,ai_heavy
5,5,0,7541.4,9803.8,0.8584,ai_heavy
6,6,0,7601.2,9881.5,0.874,ai_heavy
7,7,0,7558.7,9826.4,0.8911,ai_heavy
8,8,0,7441.5,9673.9,0.9092,ai_heavy
9,9,0,7582.7,9857.5,0.9272,ai_heavy
10,10,0,7507.5,9759.7,0.9441,ai_heavy
11,11,0,7850.2,10205.3,0.9588,ai_heavy
12,12,0,7601.1,9881.5,0.9703,ai_heavy
13,13,0,7314.7,9509.2,0.9775,ai_heavy
14,14,0,7276.3,9459.1,0.98,ai_heavy
15,15,0,7261.9,9440.4,0.9775,ai_heavy
16,16,0,7789.5,10126.3,0.9703,ai_heavy
17,17,0,7367.0,9577.1,0.9588,ai_heavy
18,18,0,7677.0,9980.1,0.9441,ai_heavy
19,19,0,7614.2,9898.4,0.9272,ai_heavy
20,20,0,7541.4,9803.8,0.9092,ai_heavy
21,21,0,7628.0,9916.5,0.8911,ai_heavy
22,22,0,7538.9,9800.6,0.874,ai_heavy
23,23,0,6871.9,8933.5,0.8584,ai_heavy
24,0,1,7338.1,9539.5,0.8118,ai_heavy
25,1,1,7512.7,9766.6,0.8172,ai_heavy
26,2,1,7794.4,10132.7,0.8244,ai_heavy
27,3,1,7819.1,10164.9,0.8335,ai_heavy
28,4,1,7154.6,9300.9,0.8449,ai_heavy
29,5,1,7401.5,9621.9,0.8584,ai_heavy
30,6,1,7150.8,9296.0,0.874,ai_heavy
31,7,1,7872.3,10234.0,0.8911,ai_heavy
32,8,1,7785.7,10121.4,0.9092,ai_heavy
33,9,1,7662.9,9961.7,0.9272,ai_heavy
34,10,1,7646.4,9940.3,0.9441,ai_heavy
35,11,1,7946.6,10330.6,0.9588,ai_heavy
36,12,1,7925.6,10303.3,0.9703,ai_heavy
37,13,1,7924.7,10302.0,0.9775,ai_heavy
38,14,1,7767.3,10097.5,0.98,ai_heavy
39,15,1,7578.3,9851.8,0.9775,ai_heavy
40,16,1,7823.7,10170.8,0.9703,ai_heavy
41,17,1,7817.4,10162.6,0.9588,ai_heavy
42,18,1,7565.0,9834.5,0.9441,ai_heavy
43,19,1,7503.2,9754.2,0.9272,ai_heavy
44,20,1,7813.0,10156.9,0.9092,ai_heavy
45,21,1,7904.9,10276.4,0.8911,ai_heavy
46,22,1,7334.6,9535.0,0.874,ai_heavy
47,23,1,7420.9,9647.1,0.8584,ai_heavy
48,0,2,7488.1,9734.5,0.8118,ai_heavy
49,1,2,7526.4,9784.3,0.8172,ai_heavy
50,2,2,7312.4,9506.2,0.8244,ai_heavy
51,3,2,7863.1,10222.1,0.8335,ai_heavy
52,4,2,7554.1,9820.3,0.8449,ai_heavy
53,5,2,7599.2,9879.0,0.8584,ai_heavy
54,6,2,7899.2,10269.0,0.874,ai_heavy
55,7,2,7427.6,9655.9,0.8911,ai_heavy
56,8,2,7536.0,9796.8,0.9092,ai_heavy
57,9,2,7298.0,9487.4,0.9272,ai_heavy
58,10,2,7569.2,9839.9,0.9441,ai_heavy
59,11,2,7289.7,9476.7,0.9588,ai_heavy
60,12,2,7819.3,10165.1,0.9703,ai_heavy
61,13,2,7755.1,10081.6,0.9775,ai_heavy
62,14,2,7598.6,9878.2,0.98,ai_heavy
63,15,2,7635.5,9926.2,0.9775,ai_heavy
64,16,2,7822.4,10169.1,0.9703,ai_heavy
65,17,2,7370.6,9581.8,0.9588,ai_heavy
66,18,2,7655.1,9951.6,0.9441,ai_heavy
67,19,2,7742.2,10064.9,0.9272,ai_heavy
68,20,2,7152.1,9297.7,0.9092,ai_heavy
69,21,2,7683.7,9988.8,0.8911,ai_heavy
70,22,2,7126.5,9264.4,0.874,ai_heavy
71,23,2,7453.6,9689.6,0.8584,ai_heavy
72,0,3,7151.4,9296.9,0.8118,ai_heavy
73,1,3,7736.6,10057.6,0.8172,ai_heavy
74,2,3,7171.0,9322.3,0.8244,ai_heavy
75,3,3,7074.1,9196.4,0.8335,ai_heavy
76,4,3,7489.5,9736.3,0.8449,ai_heavy
77,5,3,7387.1,9603.3,0.8584,ai_heavy
78,6,3,7164.6,9314.0,0.874,ai_heavy
79,7,3,7647.8,9942.1,0.8911,ai_heavy
80,8,3,7104.6,9236.0,0.9092,ai_heavy
81,9,3,7347.4,9551.6,0.9272,ai_heavy
82,10,3,7477.2,9720.4,0.9441,ai_heavy
83,11,3,7814.2,10158.5,0.9588,ai_heavy
84,12,3,7944.9,10328.4,0.9703,ai_heavy
85,13,3,7912.0,10285.5,0.9775,ai_heavy
86,14,3,7627.1,9915.2,0.98,ai_heavy
87,15,3,7100.9,9231.2,0.9775,ai_heavy
88,16,3,7737.4,10058.6,0.9703,ai_heavy
89,17,3,7967.2,10357.4,0.9588,ai_heavy
90,18,3,7890.1,10257.2,0.9441,ai_heavy
91,19,3,7688.4,9994.9,0.9272,ai_heavy
92,20,3,7286.4,9472.4,0.9092,ai_heavy
93,21,3,7410.4,9633.5,0.8911,ai_heavy
94,22,3,7938.6,10320.2,0.874,ai_heavy
95,23,3,7162.1,9310.7,0.8584,ai_heavy
96,0,4,7154.9,9301.4,0.8118,ai_heavy
97,1,4,7627.9,9916.3,0.8172,ai_heavy
98,2,4,7332.8,9532.6,0.8244,ai_heavy
99,3,4,7178.7,9332.4,0.8335,ai_heavy
100,4,4,7801.6,10142.0,0.8449,ai_heavy
101,5,4,7583.4,9858.5,0.8584,ai_heavy
102,6,4,7417.4,9642.6,0.874,ai_heavy
103,7,4,7270.2,9451.3,0.8911,ai_heavy
104,8,4,8020.2,10426.2,0.9092,ai_heavy
105,9,4,7577.5,9850.8,0.9272,ai_heavy
106,10,4,7927.5,10305.7,0.9441,ai_heavy
107,11,4,7835.2,10185.7,0.9588,ai_heavy
108,12,4,7528.2,9786.7,0.9703,ai_heavy
109,13,4,7540.7,9803.0,0.9775,ai_heavy
110,14,4,7994.8,10393.2,0.98,ai_heavy
111,15,4,7994.6,10393.0,0.9775,ai_heavy
112,16,4,7217.1,9382.2,0.9703,ai_heavy
113,17,4,7756.4,10083.4,0.9588,ai_heavy
114,18,4,7580.8,9855.1,0.9441,ai_heavy
115,19,4,7348.0,9552.4,0.9272,ai_heavy
116,20,4,7615.4,9900.0,0.9092,ai_heavy
117,21,4,7224.2,9391.4,0.8911,ai_heavy
118,22,4,7398.3,9617.8,0.874,ai_heavy
119,23,4,7300.8,9491.0,0.8584,ai_heavy
120,0,5,7293.7,9481.8,0.8083,ai_heavy
121,1,5,7394.5,9612.8,0.812,ai_heavy
122,2,5,7191.9,9349.5,0.8171,ai_heavy
123,3,5,7778.1,10111.5,0.8235,ai_heavy
124,4,5,7549.5,9814.4,0.8314,ai_heavy
125,5,5,7854.9,10211.4,0.8409,ai_heavy
126,6,5,7434.1,9664.4,0.8518,ai_heavy
127,7,5,7364.7,9574.1,0.8638,ai_heavy
128,8,5,7903.0,10273.8,0.8764,ai_heavy
129,9,5,7395.4,9614.0,0.889,ai_heavy
130,10,5,7503.3,9754.3,0.9009,ai_heavy
131,11,5,7722.4,10039.1,0.9112,ai_heavy
132,12,5,7290.0,9477.0,0.9192,ai_heavy
133,13,5,7740.4,10062.5,0.9243,ai_heavy
134,14,5,7714.0,10028.2,0.926,ai_heavy
135,15,5,7867.3,10227.5,0.9243,ai_heavy
136,16,5,7773.3,10105.2,0.9192,ai_heavy
137,17,5,7853.9,10210.1,0.9112,ai_heavy
138,18,5,7518.7,9774.3,0.9009,ai_heavy
139,19,5,7331.1,9530.4,0.889,ai_heavy
140,20,5,7982.1,10376.8,0.8764,ai_heavy
141,21,5,7145.0,9288.6,0.8638,ai_heavy
142,22,5,7150.3,9295.4,0.8518,ai_heavy
143,23,5,7580.0,9854.0,0.8409,ai_heavy
144,0,6,7765.7,10095.4,0.8083,ai_heavy
145,1,6,7452.5,9688.3,0.812,ai_heavy
146,2,6,7640.3,9932.3,0.8171,ai_heavy
147,3,6,6982.8,9077.6,0.8235,ai_heavy
148,4,6,7327.9,9526.3,0.8314,ai_heavy
149,5,6,7034.6,9145.0,0.8409,ai_heavy
150,6,6,7644.9,9938.4,0.8518,ai_heavy
151,7,6,7140.4,9282.6,0.8638,ai_heavy
152,8,6,7219.2,9384.9,0.8764,ai_heavy
153,9,6,7641.9,9934.5,0.889,ai_heavy
154,10,6,7783.9,10119.1,0.9009,ai_heavy
155,11,6,7523.0,9780.0,0.9112,ai_heavy
156,12,6,7700.6,10010.8,0.9192,ai_heavy
157,13,6,7701.0,10011.3,0.9243,ai_heavy
158,14,6,7532.3,9792.0,0.926,ai_heavy
159,15,6,7329.8,9528.7,0.9243,ai_heavy
160,16,6,7699.4,10009.2,0.9192,ai_heavy
161,17,6,7698.1,10007.6,0.9112,ai_heavy
162,18,6,7746.0,10069.8,0.9009,ai_heavy
163,19,6,7596.3,9875.2,0.889,ai_heavy
164,20,6,7243.8,9416.9,0.8764,ai_heavy
165,21,6,7643.1,9936.0,0.8638,ai_heavy
166,22,6,7469.7,9710.6,0.8518,ai_heavy
167,23,6,7345.7,9549.4,0.8409,ai_heavy
168,0,7,7344.6,9547.9,0.8118,ai_heavy
169,1,7,7264.5,9443.9,0.8172,ai_heavy
170,2,7,7626.9,9915.0,0.8244,ai_heavy
171,3,7,7126.0,9263.8,0.8335,ai_heavy
172,4,7,7237.3,9408.5,0.8449,ai_heavy
173,5,7,7406.2,9628.0,0.8584,ai_heavy
174,6,7,7866.6,10226.5,0.874,ai_heavy
175,7,7,7767.1,10097.3,0.8911,ai_heavy
176,8,7,7184.1,9339.4,0.9092,ai_heavy
177,9,7,7890.5,10257.7,0.9272,ai_heavy
178,10,7,7916.5,10291.5,0.9441,ai_heavy
179,11,7,7361.8,9570.4,0.9588,ai_heavy
180,12,7,7069.2,9190.0,0.9703,ai_heavy
181,13,7,7642.0,9934.6,0.9775,ai_heavy
182,14,7,7920.3,10296.4,0.98,ai_heavy
183,15,7,8024.2,10431.4,0.9775,ai_heavy
184,16,7,7447.9,9682.3,0.9703,ai_heavy
185,17,7,8031.6,10441.1,0.9588,ai_heavy
186,18,7,7100.0,9230.0,0.9441,ai_heavy
187,19,7,7499.4,9749.2,0.9272,ai_heavy
188,20,7,7461.5,9699.9,0.9092,ai_heavy
189,21,7,7789.3,10126.1,0.8911,ai_heavy
190,22,7,7795.6,10134.2,0.874,ai_heavy
191,23,7,7694.1,10002.3,0.8584,ai_heavy
192,0,8,7109.8,9242.8,0.8118,ai_heavy
193,1,8,7610.1,9893.1,0.8172,ai_heavy
194,2,8,7542.3,9805.0,0.8244,ai_heavy
195,3,8,7069.5,9190.3,0.8335,ai_heavy
196,4,8,6997.1,9096.2,0.8449,ai_heavy
197,5,8,7712.9,10026.8,0.8584,ai_heavy
198,6,8,7462.8,9701.6,0.874,ai_heavy
199,7,8,7238.7,9410.4,0.8911,ai_heavy
200,8,8,7508.9,9761.5,0.9092,ai_heavy
201,9,8,7665.9,9965.7,0.9272,ai_heavy
202,10,8,7589.6,9866.5,0.9441,ai_heavy
203,11,8,7275.3,9457.9,0.9588,ai_heavy
204,12,8,8076.9,10500.0,0.9703,ai_heavy
205,13,8,7889.3,10256.1,0.9775,ai_heavy
206,14,8,7585.2,9860.8,0.98,ai_heavy
207,15,8,7590.8,9868.0,0.9775,ai_heavy
208,16,8,7730.2,10049.3,0.9703,ai_heavy
209,17,8,7372.0,9583.6,0.9588,ai_heavy
210,18,8,7682.2,9986.8,0.9441,ai_heavy
211,19,8,7280.4,9464.5,0.9272,ai_heavy
212,20,8,7540.1,9802.1,0.9092,ai_heavy
213,21,8,7265.1,9444.6,0.8911,ai_heavy
214,22,8,7251.6,9427.1,0.874,ai_heavy
215,23,8,7849.3,10204.0,0.8584,ai_heavy
216,0,9,7423.2,9650.2,0.8118,ai_heavy
217,1,9,7464.3,9703.6,0.8172,ai_heavy
218,2,9,6980.6,9074.8,0.8244,ai_heavy
219,3,9,7309.3,9502.1,0.8335,ai_heavy
220,4,9,7562.8,9831.7,0.8449,ai_heavy
221,5,9,7523.5,9780.6,0.8584,ai_heavy
222,6,9,7018.4,9124.0,0.874,ai_heavy
223,7,9,7575.8,9848.5,0.8911,ai_heavy
224,8,9,7639.2,9930.9,0.9092,ai_heavy
225,9,9,7875.1,10237.7,0.9272,ai_heavy
226,10,9,7458.9,9696.6,0.9441,ai_heavy
227,11,9,7117.3,9252.5,0.9588,ai_heavy
228,12,9,7419.0,9644.7,0.9703,ai_heavy
229,13,9,7406.5,9628.5,0.9775,ai_heavy
230,14,9,7831.7,10181.2,0.98,ai_heavy
231,15,9,7034.4,9144.7,0.9775,ai_heavy
232,16,9,7544.8,9808.3,0.9703,ai_heavy
233,17,9,7957.0,10344.1,0.9588,ai_heavy
234,18,9,7610.2,9893.2,0.9441,ai_heavy
235,19,9,7787.0,10123.1,0.9272,ai_heavy
236,20,9,7183.9,9339.1,0.9092,ai_heavy
237,21,9,7167.2,9317.3,0.8911,ai_heavy
238,22,9,7826.8,10174.9,0.874,ai_heavy
239,23,9,7502.7,9753.5,0.8584,ai_heavy
240,0,10,7433.0,9662.9,0.8118,ai_heavy
241,1,10,7169.3,9320.1,0.8172,ai_heavy
242,2,10,7451.3,9686.7,0.8244,ai_heavy
243,3,10,7186.7,9342.8,0.8335,ai_heavy
244,4,10,7725.2,10042.8,0.8449,ai_heavy
245,5,10,8076.9,10500.0,0.8584,ai_heavy
246,6,10,7612.2,9895.9,0.874,ai_heavy
247,7,10,7385.6,9601.3,0.8911,ai_heavy
248,8,10,6981.7,9076.3,0.9092,ai_heavy
249,9,10,7199.9,9359.9,0.9272,ai_heavy
250,10,10,7963.4,10352.4,0.9441,ai_heavy
251,11,10,7395.0,9613.5,0.9588,ai_heavy
252,12,10,7562.6,9831.4,0.9703,ai_heavy
253,13,10,7809.1,10151.9,0.9775,ai_heavy
254,14,10,8003.0,10404.0,0.98,ai_heavy
255,15,10,7612.7,9896.5,0.9775,ai_heavy
256,16,10,7554.9,9821.3,0.9703,ai_heavy
257,17,10,7647.0,9941.1,0.9588,ai_heavy
258,18,10,7465.2,9704.8,0.9441,ai_heavy
259,19,10,7452.6,9688.3,0.9272,ai_heavy
260,20,10,7649.4,9944.3,0.9092,ai_heavy
261,21,10,7570.9,9842.1,0.8911,ai_heavy
262,22,10,7983.1,10378.1,0.874,ai_heavy
263,23,10,7578.4,9852.0,0.8584,ai_heavy
264,0,11,7666.0,9965.7,0.8118,ai_heavy
265,1,11,7179.7,9333.6,0.8172,ai_heavy
266,2,11,7545.9,9809.7,0.8244,ai_heavy
267,3,11,7281.2,9465.5,0.8335,ai_heavy
268,4,11,7548.1,9812.6,0.8449,ai_heavy
269,5,11,7634.5,9924.8,0.8584,ai_heavy
270,6,11,7514.5,9768.9,0.874,ai_heavy
271,7,11,8072.8,10494.6,0.8911,ai_heavy
272,8,11,7879.8,10243.7,0.9092,ai_heavy
273,9,11,7850.9,10206.2,0.9272,ai_heavy
274,10,11,7783.0,10117.8,0.9441,ai_heavy
275,11,11,8034.2,10444.5,0.9588,ai_heavy
276,12,11,7318.0,9513.4,0.9703,ai_heavy
277,13,11,7973.4,10365.4,0.9775,ai_heavy
278,14,11,7434.5,9664.8,0.98,ai_heavy
279,15,11,7528.9,9787.6,0.9775,ai_heavy
280,16,11,7776.5,10109.5,0.9703,ai_heavy
281,17,11,7912.9,10286.8,0.9588,ai_heavy
282,18,11,7345.2,9548.8,0.9441,ai_heavy
283,19,11,7466.5,9706.5,0.9272,ai_heavy
284,20,11,7578.2,9851.6,0.9092,ai_heavy
285,21,11,7486.9,9733.0,0.8911,ai_heavy
286,22,11,7695.5,10004.2,0.874,ai_heavy
287,23,11,8076.9,10500.0,0.8584,ai_heavy
288,0,12,7497.9,9747.2,0.8083,ai_heavy
289,1,12,7246.9,9421.0,0.812,ai_heavy
290,2,12,7129.4,9268.2,0.8171,ai_heavy
291,3,12,7355.0,9561.5,0.8235,ai_heavy
292,4,12,7229.6,9398.5,0.8314,ai_heavy
293,5,12,7558.2,9825.7,0.8409,ai_heavy
294,6,12,7571.3,9842.7,0.8518,ai_heavy
295,7,12,7384.0,9599.1,0.8638,ai_heavy
296,8,12,7954.0,10340.2,0.8764,ai_heavy
297,9,12,7359.8,9567.8,0.889,ai_heavy
298,10,12,7516.6,9771.6,0.9009,ai_heavy
299,11,12,7704.0,10015.3,0.9112,ai_heavy
300,12,12,7773.7,10105.8,0.9192,ai_heavy
301,13,12,7869.2,10229.9,0.9243,ai_heavy
302,14,12,7678.8,9982.4,0.926,ai_heavy
303,15,12,7817.6,10162.9,0.9243,ai_heavy
304,16,12,7420.0,9646.0,0.9192,ai_heavy
305,17,12,7767.3,10097.5,0.9112,ai_heavy
306,18,12,7748.4,10072.9,0.9009,ai_heavy
307,19,12,7867.4,10227.7,0.889,ai_heavy
308,20,12,7131.2,9270.6,0.8764,ai_heavy
309,21,12,7284.2,9469.5,0.8638,ai_heavy
310,22,12,7654.5,9950.8,0.8518,ai_heavy
311,23,12,6860.8,8919.0,0.8409,ai_heavy
312,0,13,7514.0,9768.2,0.8083,ai_heavy
313,1,13,7646.0,9939.8,0.812,ai_heavy
314,2,13,7289.6,9476.5,0.8171,ai_heavy
315,3,13,7331.7,9531.2,0.8235,ai_heavy
316,4,13,7199.7,9359.6,0.8314,ai_heavy
317,5,13,7337.0,9538.2,0.8409,ai_heavy
318,6,13,7359.6,9567.5,0.8518,ai_heavy
319,7,13,7334.6,9535.0,0.8638,ai_heavy
320,8,13,7340.8,9543.1,0.8764,ai_heavy
321,9,13,7464.7,9704.1,0.889,ai_heavy
322,10,13,7479.6,9723.5,0.9009,ai_heavy
323,11,13,7984.1,10379.3,0.9112,ai_heavy
324,12,13,7481.6,9726.0,0.9192,ai_heavy
325,13,13,7656.9,9954.0,0.9243,ai_heavy
326,14,13,7450.1,9685.1,0.926,ai_heavy
327,15,13,7444.6,9678.0,0.9243,ai_heavy
328,16,13,7184.0,9339.2,0.9192,ai_heavy
329,17,13,7202.8,9363.6,0.9112,ai_heavy
330,18,13,7270.5,9451.6,0.9009,ai_heavy
331,19,13,7567.3,9837.5,0.889,ai_heavy
332,20,13,7749.3,10074.1,0.8764,ai_heavy
333,21,13,7086.6,9212.6,0.8638,ai_heavy
334,22,13,7347.0,9551.0,0.8518,ai_heavy
335,23,13,7148.0,9292.4,0.8409,ai_heavy
336,0,14,7351.3,9556.7,0.8118,ai_heavy
337,1,14,7657.5,9954.8,0.8172,ai_heavy
338,2,14,7329.3,9528.0,0.8244,ai_heavy
339,3,14,7432.0,9661.6,0.8335,ai_heavy
340,4,14,7785.3,10120.9,0.8449,ai_heavy
341,5,14,7582.7,9857.5,0.8584,ai_heavy
342,6,14,7332.2,9531.9,0.874,ai_heavy
343,7,14,7564.9,9834.4,0.8911,ai_heavy
344,8,14,7368.5,9579.0,0.9092,ai_heavy
345,9,14,7678.8,9982.4,0.9272,ai_heavy
346,10,14,7726.1,10044.0,0.9441,ai_heavy
347,11,14,7317.6,9512.9,0.9588,ai_heavy
348,12,14,7687.9,9994.3,0.9703,ai_heavy
349,13,14,7631.6,9921.0,0.9775,ai_heavy
350,14,14,7787.5,10123.8,0.98,ai_heavy
351,15,14,7849.6,10204.5,0.9775,ai_heavy
352,16,14,7757.3,10084.4,0.9703,ai_heavy
353,17,14,7561.2,9829.5,0.9588,ai_heavy
354,18,14,7821.5,10168.0,0.9441,ai_heavy
355,19,14,7384.5,9599.8,0.9272,ai_heavy
356,20,14,7256.7,9433.8,0.9092,ai_heavy
357,21,14,6807.3,8849.5,0.8911,ai_heavy
358,22,14,7487.5,9733.8,0.874,ai_heavy
359,23,14,7295.6,9484.3,0.8584,ai_heavy
360,0,15,7498.5,9748.0,0.8118,ai_heavy
361,1,15,6979.4,9073.3,0.8172,ai_heavy
362,2,15,7284.6,9470.0,0.8244,ai_heavy
363,3,15,7547.6,9811.9,0.8335,ai_heavy
364,4,15,7229.2,9397.9,0.8449,ai_heavy
365,5,15,7571.8,9843.3,0.8584,ai_heavy
366,6,15,7377.9,9591.3,0.874,ai_heavy
367,7,15,7521.6,9778.1,0.8911,ai_heavy
368,8,15,7691.0,9998.3,0.9092,ai_heavy
369,9,15,7799.9,10139.8,0.9272,ai_heavy
370,10,15,7629.6,9918.5,0.9441,ai_heavy
371,11,15,7444.2,9677.5,0.9588,ai_heavy
372,12,15,7542.6,9805.4,0.9703,ai_heavy
373,13,15,7804.9,10146.4,0.9775,ai_heavy
374,14,15,7427.6,9655.8,0.98,ai_heavy
375,15,15,7617.7,9903.0,0.9775,ai_heavy
376,16,15,7559.2,9826.9,0.9703,ai_heavy
377,17,15,7606.9,9889.0,0.9588,ai_heavy
378,18,15,7378.1,9591.6,0.9441,ai_heavy
379,19,15,7161.8,9310.3,0.9272,ai_heavy
380,20,15,7674.1,9976.3,0.9092,ai_heavy
381,21,15,7746.8,10070.8,0.8911,ai_heavy
382,22,15,7099.9,9229.9,0.874,ai_heavy
383,23,15,7562.8,9831.6,0.8584,ai_heavy
384,0,16,7650.8,9946.1,0.8118,ai_heavy
385,1,16,7550.7,9816.0,0.8172,ai_heavy
386,2,16,7336.0,9536.8,0.8244,ai_heavy
387,3,16,7231.9,9401.5,0.8335,ai_heavy
388,4,16,7477.8,9721.1,0.8449,ai_heavy
389,5,16,7535.6,9796.2,0.8584,ai_heavy
390,6,16,7524.9,9782.3,0.874,ai_heavy
391,7,16,7488.3,9734.8,0.8911,ai_heavy
392,8,16,7310.7,9503.8,0.9092,ai_heavy
393,9,16,7679.3,9983.0,0.9272,ai_heavy
394,10,16,7716.0,10030.8,0.9441,ai_heavy
395,11,16,7676.6,9979.5,0.9588,ai_heavy
396,12,16,7673.2,9975.1,0.9703,ai_heavy
397,13,16,8044.4,10457.7,0.9775,ai_heavy
398,14,16,7518.8,9774.4,0.98,ai_heavy
399,15,16,7953.0,10338.9,0.9775,ai_heavy
400,16,16,7479.3,9723.1,0.9703,ai_heavy
401,17,16,7884.4,10249.8,0.9588,ai_heavy
402,18,16,7890.0,10257.0,0.9441,ai_heavy
403,19,16,7516.4,9771.4,0.9272,ai_heavy
404,20,16,7932.6,10312.4,0.9092,ai_heavy
405,21,16,7635.0,9925.4,0.8911,ai_heavy
406,22,16,7305.8,9497.6,0.874,ai_heavy
407,23,16,7396.0,9614.8,0.8584,ai_heavy
408,0,17,7661.9,9960.4,0.8118,ai_heavy
409,1,17,7623.6,9910.6,0.8172,ai_heavy
410,2,17,7193.0,9351.0,0.8244,ai_heavy
411,3,17,7411.5,9635.0,0.8335,ai_heavy
412,4,17,7505.2,9756.7,0.8449,ai_heavy
413,5,17,7366.1,9575.9,0.8584,ai_heavy
414,6,17,8034.0,10444.3,0.874,ai_heavy
415,7,17,7581.8,9856.3,0.8911,ai_heavy
416,8,17,7542.1,9804.7,0.9092,ai_heavy
417,9,17,7854.0,10210.2,0.9272,ai_heavy
418,10,17,7525.1,9782.7,0.9441,ai_heavy
419,11,17,7861.2,10219.6,0.9588,ai_heavy
420,12,17,7265.1,9444.6,0.9703,ai_heavy
421,13,17,7554.4,9820.7,0.9775,ai_heavy
422,14,17,7903.5,10274.5,0.98,ai_heavy
423,15,17,8019.3,10425.2,0.9775,ai_heavy
424,16,17,7470.3,9711.4,0.9703,ai_heavy
425,17,17,7426.9,9655.0,0.9588,ai_heavy
426,18,17,7738.0,10059.4,0.9441,ai_heavy
427,19,17,7441.4,9673.8,0.9272,ai_heavy
428,20,17,7495.2,9743.7,0.9092,ai_heavy
429,21,17,7727.0,10045.1,0.8911,ai_heavy
430,22,17,7380.8,9595.1,0.874,ai_heavy
431,23,17,7038.9,9150.6,0.8584,ai_heavy
432,0,18,7120.8,9257.1,0.8118,ai_heavy
433,1,18,7420.3,9646.4,0.8172,ai_heavy
434,2,18,7013.6,9117.6,0.8244,ai_heavy
435,3,18,7376.3,9589.1,0.8335,ai_heavy
436,4,18,7148.1,9292.5,0.8449,ai_heavy
437,5,18,7848.0,10202.4,0.8584,ai_heavy
438,6,18,7990.7,10387.9,0.874,ai_heavy
439,7,18,7290.0,9477.0,0.8911,ai_heavy
440,8,18,7614.3,9898.6,0.9092,ai_heavy
441,9,18,7364.6,9574.0,0.9272,ai_heavy
442,10,18,7537.9,9799.3,0.9441,ai_heavy
443,11,18,8043.4,10456.5,0.9588,ai_heavy
444,12,18,7540.6,9802.8,0.9703,ai_heavy
445,13,18,7592.9,9870.7,0.9775,ai_heavy
446,14,18,7445.6,9679.3,0.98,ai_heavy
447,15,18,7921.9,10298.5,0.9775,ai_heavy
448,16,18,6899.0,8968.7,0.9703,ai_heavy
449,17,18,7529.2,9788.0,0.9588,ai_heavy
450,18,18,7598.0,9877.4,0.9441,ai_heavy
451,19,18,7432.7,9662.5,0.9272,ai_heavy
452,20,18,7751.8,10077.4,0.9092,ai_heavy
453,21,18,7800.5,10140.7,0.8911,ai_heavy
454,22,18,7185.5,9341.1,0.874,ai_heavy
455,23,18,7949.7,10334.7,0.8584,ai_heavy
456,0,19,7088.6,9215.1,0.8083,ai_heavy
457,1,19,7696.9,10005.9,0.812,ai_heavy
458,2,19,7451.2,9686.6,0.8171,ai_heavy
459,3,19,7315.3,9509.9,0.8235,ai_heavy
460,4,19,7348.1,9552.5,0.8314,ai_heavy
461,5,19,7446.2,9680.0,0.8409,ai_heavy
462,6,19,7516.7,9771.7,0.8518,ai_heavy
463,7,19,7281.3,9465.7,0.8638,ai_heavy
464,8,19,7454.3,9690.5,0.8764,ai_heavy
465,9,19,7351.9,9557.4,0.889,ai_heavy
466,10,19,7268.7,9449.3,0.9009,ai_heavy
467,11,19,7373.8,9585.9,0.9112,ai_heavy
468,12,19,7309.9,9502.9,0.9192,ai_heavy
469,13,19,7483.2,9728.1,0.9243,ai_heavy
470,14,19,7679.7,9983.6,0.926,ai_heavy
471,15,19,7606.1,9888.0,0.9243,ai_heavy
472,16,19,8019.5,10425.4,0.9192,ai_heavy
473,17,19,7057.8,9175.2,0.9112,ai_heavy
474,18,19,7649.9,9944.8,0.9009,ai_heavy
475,19,19,7527.3,9785.5,0.889,ai_heavy
476,20,19,7690.6,9997.8,0.8764,ai_heavy
477,21,19,7649.0,9943.6,0.8638,ai_heavy
478,22,19,7433.0,9662.9,0.8518,ai_heavy
479,23,19,7492.3,9740.0,0.8409,ai_heavy
480,0,20,7239.4,9411.3,0.8083,ai_heavy
481,1,20,7546.8,9810.9,0.812,ai_heavy
482,2,20,6999.8,9099.7,0.8171,ai_heavy
483,3,20,7600.6,9880.8,0.8235,ai_heavy
484,4,20,7434.3,9664.5,0.8314,ai_heavy
485,5,20,7344.8,9548.2,0.8409,ai_heavy
486,6,20,7417.9,9643.3,0.8518,ai_heavy
487,7,20,7452.2,9687.9,0.8638,ai_heavy
488,8,20,7799.1,10138.8,0.8764,ai_heavy
489,9,20,8076.9,10500.0,0.889,ai_heavy
490,10,20,7819.7,10165.6,0.9009,ai_heavy
491,11,20,7430.9,9660.2,0.9112,ai_heavy
492,12,20,7714.1,10028.4,0.9192,ai_heavy
493,13,20,7731.8,10051.3,0.9243,ai_heavy
494,14,20,7370.9,9582.2,0.926,ai_heavy
495,15,20,7292.0,9479.7,0.9243,ai_heavy
496,16,20,7556.7,9823.7,0.9192,ai_heavy
497,17,20,7742.3,10064.9,0.9112,ai_heavy
498,18,20,7178.9,9332.5,0.9009,ai_heavy
499,19,20,7363.1,9572.0,0.889,ai_heavy
500,20,20,7635.9,9926.7,0.8764,ai_heavy
501,21,20,7497.4,9746.6,0.8638,ai_heavy
502,22,20,7787.4,10123.6,0.8518,ai_heavy
503,23,20,7138.1,9279.5,0.8409,ai_heavy
504,0,21,7932.9,10312.8,0.8118,ai_heavy
505,1,21,7075.9,9198.6,0.8172,ai_heavy
506,2,21,6976.6,9069.6,0.8244,ai_heavy
507,3,21,7429.4,9658.3,0.8335,ai_heavy
508,4,21,7205.8,9367.5,0.8449,ai_heavy
509,5,21,7471.3,9712.6,0.8584,ai_heavy
510,6,21,7486.7,9732.7,0.874,ai_heavy
511,7,21,7484.8,9730.2,0.8911,ai_heavy
512,8,21,7365.1,9574.6,0.9092,ai_heavy
513,9,21,7681.5,9986.0,0.9272,ai_heavy
514,10,21,7536.1,9796.9,0.9441,ai_heavy
515,11,21,7883.2,10248.2,0.9588,ai_heavy
516,12,21,7606.3,9888.2,0.9703,ai_heavy
517,13,21,7436.9,9668.0,0.9775,ai_heavy
518,14,21,7274.4,9456.7,0.98,ai_heavy
519,15,21,7619.0,9904.8,0.9775,ai_heavy
520,16,21,7356.5,9563.5,0.9703,ai_heavy
521,17,21,7321.6,9518.0,0.9588,ai_heavy
522,18,21,7728.9,10047.6,0.9441,ai_heavy
523,19,21,7178.7,9332.3,0.9272,ai_heavy
524,20,21,7876.2,10239.0,0.9092,ai_heavy
525,21,21,7565.1,9834.6,0.8911,ai_heavy
526,22,21,7493.4,9741.5,0.874,ai_heavy
527,23,21,7247.8,9422.1,0.8584,ai_heavy
528,0,22,7580.0,9854.0,0.8118,ai_heavy
529,1,22,7417.5,9642.7,0.8172,ai_heavy
530,2,22,7275.9,9458.7,0.8244,ai_heavy
531,3,22,7487.2,9733.4,0.8335,ai_heavy
532,4,22,7083.0,9208.0,0.8449,ai_heavy
533,5,22,7113.0,9246.9,0.8584,ai_heavy
534,6,22,7251.2,9426.5,0.874,ai_heavy
535,7,22,7608.0,9890.4,0.8911,ai_heavy
536,8,22,7555.3,9821.9,0.9092,ai_heavy
537,9,22,7821.7,10168.3,0.9272,ai_heavy
538,10,22,7398.5,9618.1,0.9441,ai_heavy
539,11,22,7762.1,10090.8,0.9588,ai_heavy
540,12,22,7621.6,9908.1,0.9703,ai_heavy
541,13,22,7441.9,9674.5,0.9775,ai_heavy
542,14,22,7750.9,10076.1,0.98,ai_heavy
543,15,22,7643.4,9936.4,0.9775,ai_heavy
544,16,22,7503.4,9754.4,0.9703,ai_heavy
545,17,22,7640.2,9932.3,0.9588,ai_heavy
546,18,22,7578.9,9852.6,0.9441,ai_heavy
547,19,22,7548.1,9812.6,0.9272,ai_heavy
548,20,22,7462.5,9701.3,0.9092,ai_heavy
549,21,22,7234.3,9404.5,0.8911,ai_heavy
550,22,22,7520.1,9776.2,0.874,ai_heavy
551,23,22,7299.8,9489.8,0.8584,ai_heavy
552,0,23,7183.2,9338.2,0.8118,ai_heavy
553,1,23,7364.6,9573.9,0.8172,ai_heavy
554,2,23,7592.4,9870.2,0.8244,ai_heavy
555,3,23,7484.0,9729.3,0.8335,ai_heavy
556,4,23,7340.8,9543.0,0.8449,ai_heavy
557,5,23,7351.8,9557.3,0.8584,ai_heavy
558,6,23,7646.4,9940.4,0.874,ai_heavy
559,7,23,6987.7,9084.0,0.8911,ai_heavy
560,8,23,7736.8,10057.9,0.9092,ai_heavy
561,9,23,7156.8,9303.8,0.9272,ai_heavy
562,10,23,7285.4,9471.1,0.9441,ai_heavy
563,11,23,7512.9,9766.7,0.9588,ai_heavy
564,12,23,8076.9,10500.0,0.9703,ai_heavy
565,13,23,8044.0,10457.2,0.9775,ai_heavy
566,14,23,7824.7,10172.1,0.98,ai_heavy
567,15,23,7740.5,10062.7,0.9775,ai_heavy
568,16,23,7220.5,9386.6,0.9703,ai_heavy
569,17,23,7666.5,9966.4,0.9588,ai_heavy
570,18,23,7483.1,9728.1,0.9441,ai_heavy
571,19,23,7397.3,9616.5,0.9272,ai_heavy
572,20,23,7591.2,9868.5,0.9092,ai_heavy
573,21,23,7422.6,9649.4,0.8911,ai_heavy
574,22,23,7699.0,10008.7,0.874,ai_heavy
575,23,23,7045.5,9159.2,0.8584,ai_heavy
576,0,24,7426.7,9654.7,0.8118,ai_heavy
577,1,24,7222.5,9389.2,0.8172,ai_heavy
578,2,24,7337.6,9538.8,0.8244,ai_heavy
579,3,24,7510.6,9763.8,0.8335,ai_heavy
580,4,24,7209.6,9372.5,0.8449,ai_heavy
581,5,24,7516.8,9771.9,0.8584,ai_heavy
582,6,24,7455.5,9692.2,0.874,ai_heavy
583,7,24,7379.8,9593.8,0.8911,ai_heavy
584,8,24,7449.4,9684.2,0.9092,ai_heavy
585,9,24,7547.9,9812.3,0.9272,ai_heavy
586,10,24,7433.2,9663.2,0.9441,ai_heavy
587,11,24,7632.2,9921.9,0.9588,ai_heavy
588,12,24,7583.9,9859.1,0.9703,ai_heavy
589,13,24,7518.1,9773.6,0.9775,ai_heavy
590,14,24,8027.8,10436.1,0.98,ai_heavy
591,15,24,7754.0,10080.2,0.9775,ai_heavy
592,16,24,7559.9,9827.9,0.9703,ai_heavy
593,17,24,7664.0,9963.2,0.9588,ai_heavy
594,18,24,7374.1,9586.4,0.9441,ai_heavy
595,19,24,7483.7,9728.9,0.9272,ai_heavy
596,20,24,7483.5,9728.6,0.9092,ai_heavy
597,21,24,7247.4,9421.6,0.8911,ai_heavy
598,22,24,7590.5,9867.7,0.874,ai_heavy
599,23,24,7366.5,9576.5,0.8584,ai_heavy
600,0,25,7331.0,9530.3,0.8118,ai_heavy
601,1,25,7291.6,9479.0,0.8172,ai_heavy
602,2,25,8076.9,10500.0,0.8244,ai_heavy
603,3,25,7294.7,9483.0,0.8335,ai_heavy
604,4,25,6996.7,9095.7,0.8449,ai_heavy
605,5,25,7120.9,9257.2,0.8584,ai_heavy
606,6,25,7674.2,9976.5,0.874,ai_heavy
607,7,25,7830.9,10180.1,0.8911,ai_heavy
608,8,25,7401.5,9622.0,0.9092,ai_heavy
609,9,25,7874.1,10236.3,0.9272,ai_heavy
610,10,25,7777.8,10111.1,0.9441,ai_heavy
611,11,25,7587.2,9863.4,0.9588,ai_heavy
612,12,25,7588.0,9864.4,0.9703,ai_heavy
613,13,25,7700.1,10010.2,0.9775,ai_heavy
614,14,25,7864.0,10223.2,0.98,ai_heavy
615,15,25,7749.9,10074.8,0.9775,ai_heavy
616,16,25,7492.4,9740.2,0.9703,ai_heavy
617,17,25,7590.7,9867.9,0.9588,ai_heavy
618,18,25,8060.7,10479.0,0.9441,ai_heavy
619,19,25,7640.3,9932.3,0.9272,ai_heavy
620,20,25,7753.1,10079.1,0.9092,ai_heavy
621,21,25,7651.0,9946.3,0.8911,ai_heavy
622,22,25,7564.8,9834.3,0.874,ai_heavy
623,23,25,7504.4,9755.7,0.8584,ai_heavy
624,0,26,7604.1,9885.3,0.8083,ai_heavy
625,1,26,7570.1,9841.2,0.812,ai_heavy
626,2,26,7476.6,9719.6,0.8171,ai_heavy
627,3,26,7272.9,9454.8,0.8235,ai_heavy
628,4,26,7525.5,9783.1,0.8314,ai_heavy
629,5,26,7438.7,9670.3,0.8409,ai_heavy
630,6,26,7400.9,9621.2,0.8518,ai_heavy
631,7,26,8076.9,10500.0,0.8638,ai_heavy
632,8,26,7160.3,9308.4,0.8764,ai_heavy
633,9,26,7742.3,10065.0,0.889,ai_heavy
634,10,26,7348.4,9552.9,0.9009,ai_heavy
635,11,26,7588.9,9865.5,0.9112,ai_heavy
636,12,26,8076.9,10500.0,0.9192,ai_heavy
637,13,26,7359.9,9567.9,0.9243,ai_heavy
638,14,26,7416.7,9641.7,0.926,ai_heavy
639,15,26,7574.7,9847.1,0.9243,ai_heavy
640,16,26,7378.7,9592.3,0.9192,ai_heavy
641,17,26,7759.6,10087.5,0.9112,ai_heavy
642,18,26,7422.7,9649.5,0.9009,ai_heavy
643,19,26,7673.5,9975.6,0.889,ai_heavy
644,20,26,7207.6,9369.9,0.8764,ai_heavy
645,21,26,7082.1,9206.8,0.8638,ai_heavy
646,22,26,7418.7,9644.3,0.8518,ai_heavy
647,23,26,7102.9,9233.8,0.8409,ai_heavy
648,0,27,7742.0,10064.6,0.8083,ai_heavy
649,1,27,7070.3,9191.4,0.812,ai_heavy
650,2,27,7187.0,9343.1,0.8171,ai_heavy
651,3,27,7519.7,9775.6,0.8235,ai_heavy
652,4,27,7308.6,9501.1,0.8314,ai_heavy
653,5,27,7114.1,9248.4,0.8409,ai_heavy
654,6,27,7927.2,10305.3,0.8518,ai_heavy
655,7,27,7263.0,9441.9,0.8638,ai_heavy
656,8,27,7462.7,9701.6,0.8764,ai_heavy
657,9,27,7478.6,9722.2,0.889,ai_heavy
658,10,27,7704.4,10015.7,0.9009,ai_heavy
659,11,27,7663.9,9963.1,0.9112,ai_heavy
660,12,27,7383.3,9598.3,0.9192,ai_heavy
661,13,27,7504.6,9756.0,0.9243,ai_heavy
662,14,27,7529.7,9788.6,0.926,ai_heavy
663,15,27,7749.0,10073.7,0.9243,ai_heavy
664,16,27,7305.7,9497.4,0.9192,ai_heavy
665,17,27,8016.8,10421.8,0.9112,ai_heavy
666,18,27,7371.8,9583.4,0.9009,ai_heavy
667,19,27,7523.9,9781.1,0.889,ai_heavy
668,20,27,7245.7,9419.4,0.8764,ai_heavy
669,21,27,7196.4,9355.3,0.8638,ai_heavy
670,22,27,7274.0,9456.3,0.8518,ai_heavy
671,23,27,7236.6,9407.6,0.8409,ai_heavy
672,0,28,7318.0,9513.4,0.8118,ai_heavy
673,1,28,7200.3,9360.3,0.8172,ai_heavy
674,2,28,7583.9,9859.0,0.8244,ai_heavy
675,3,28,7267.8,9448.1,0.8335,ai_heavy
676,4,28,7259.6,9437.5,0.8449,ai_heavy
677,5,28,7391.8,9609.3,0.8584,ai_heavy
678,6,28,7726.8,10044.8,0.874,ai_heavy
679,7,28,7577.6,9850.8,0.8911,ai_heavy
680,8,28,7533.5,9793.5,0.9092,ai_heavy
681,9,28,7257.1,9434.2,0.9272,ai_heavy
682,10,28,7347.7,9552.0,0.9441,ai_heavy
683,11,28,7337.9,9539.3,0.9588,ai_heavy
684,12,28,7947.5,10331.8,0.9703,ai_heavy
685,13,28,7780.5,10114.6,0.9775,ai_heavy
686,14,28,7464.2,9703.5,0.98,ai_heavy
687,15,28,7528.9,9787.6,0.9775,ai_heavy
688,16,28,7458.4,9695.9,0.9703,ai_heavy
689,17,28,7427.8,9656.1,0.9588,ai_heavy
690,18,28,7713.6,10027.6,0.9441,ai_heavy
691,19,28,7517.7,9773.0,0.9272,ai_heavy
692,20,28,8027.8,10436.2,0.9092,ai_heavy
693,21,28,7811.4,10154.9,0.8911,ai_heavy
694,22,28,7798.1,10137.5,0.874,ai_heavy
695,23,28,7630.6,9919.8,0.8584,ai_heavy
696,0,29,7316.1,9510.9,0.8118,ai_heavy
697,1,29,7551.2,9816.5,0.8172,ai_heavy
698,2,29,7351.1,9556.4,0.8244,ai_heavy
699,3,29,7806.6,10148.6,0.8335,ai_heavy
700,4,29,7550.1,9815.1,0.8449,ai_heavy
701,5,29,7538.8,9800.5,0.8584,ai_heavy
702,6,29,7531.9,9791.5,0.874,ai_heavy
703,7,29,7922.1,10298.7,0.8911,ai_heavy
704,8,29,7231.1,9400.4,0.9092,ai_heavy
705,9,29,8001.3,10401.7,0.9272,ai_heavy
706,10,29,7566.0,9835.8,0.9441,ai_heavy
707,11,29,7308.7,9501.3,0.9588,ai_heavy
708,12,29,7475.1,9717.7,0.9703,ai_heavy
709,13,29,7279.3,9463.1,0.9775,ai_heavy
710,14,29,7812.6,10156.3,0.98,ai_heavy
711,15,29,7420.0,9646.0,0.9775,ai_heavy
712,16,29,7686.4,9992.3,0.9703,ai_heavy
713,17,29,7890.2,10257.3,0.9588,ai_heavy
714,18,29,7455.1,9691.7,0.9441,ai_heavy
715,19,29,7522.1,9778.7,0.9272,ai_heavy
716,20,29,7260.6,9438.8,0.9092,ai_heavy
717,21,29,7441.3,9673.7,0.8911,ai_heavy
718,22,29,8076.9,10500.0,0.874,ai_heavy
719,23,29,7654.5,9950.9,0.8584,ai_heavy
720,0,30,7351.2,9556.6,0.8118,ai_heavy
721,1,30,7282.0,9466.6,0.8172,ai_heavy
722,2,30,7419.3,9645.2,0.8244,ai_heavy
723,3,30,7471.6,9713.1,0.8335,ai_heavy
724,4,30,7365.8,9575.6,0.8449,ai_heavy
725,5,30,7598.9,9878.6,0.8584,ai_heavy
726,6,30,7288.7,9475.3,0.874,ai_heavy
727,7,30,7312.5,9506.3,0.8911,ai_heavy
728,8,30,7640.0,9932.0,0.9092,ai_heavy
729,9,30,7317.2,9512.4,0.9272,ai_heavy
730,10,30,7774.9,10107.4,0.9441,ai_heavy
731,11,30,7627.3,9915.5,0.9588,ai_heavy
732,12,30,7228.3,9396.8,0.9703,ai_heavy
733,13,30,7683.7,9988.9,0.9775,ai_heavy
734,14,30,7274.9,9457.4,0.98,ai_heavy
735,15,30,7817.9,10163.3,0.9775,ai_heavy
736,16,30,7590.7,9867.9,0.9703,ai_heavy
737,17,30,8054.3,10470.6,0.9588,ai_heavy
738,18,30,7853.0,10209.0,0.9441,ai_heavy
739,19,30,7341.8,9544.3,0.9272,ai_heavy
740,20,30,7098.0,9227.4,0.9092,ai_heavy
741,21,30,7358.5,9566.0,0.8911,ai_heavy
742,22,30,7228.4,9396.9,0.874,ai_heavy
743,23,30,7889.7,10256.6,0.8584,ai_heavy
744,0,31,7407.8,9630.1,0.8118,ai_heavy
745,1,31,7625.9,9913.6,0.8172,ai_heavy
746,2,31,7365.3,9574.9,0.8244,ai_heavy
747,3,31,7402.5,9623.2,0.8335,ai_heavy
748,4,31,7452.3,9688.0,0.8449,ai_heavy
749,5,31,7728.3,10046.8,0.8584,ai_heavy
750,6,31,7573.5,9845.5,0.874,ai_heavy
751,7,31,7290.2,9477.3,0.8911,ai_heavy
752,8,31,7923.9,10301.0,0.9092,ai_heavy
753,9,31,7516.5,9771.4,0.9272,ai_heavy
754,10,31,7504.5,9755.9,0.9441,ai_heavy
755,11,31,6982.9,9077.7,0.9588,ai_heavy
756,12,31,7793.3,10131.2,0.9703,ai_heavy
757,13,31,7681.8,9986.3,0.9775,ai_heavy
758,14,31,7685.3,9990.9,0.98,ai_heavy
759,15,31,7566.0,9835.8,0.9775,ai_heavy
760,16,31,7515.7,9770.5,0.9703,ai_heavy
761,17,31,7546.0,9809.8,0.9588,ai_heavy
762,18,31,7714.2,10028.5,0.9441,ai_heavy
763,19,31,7728.5,10047.0,0.9272,ai_heavy
764,20,31,7503.7,9754.8,0.9092,ai_heavy
765,21,31,7743.4,10066.4,0.8911,ai_heavy
766,22,31,7485.5,9731.2,0.874,ai_heavy
767,23,31,7366.8,9576.9,0.8584,ai_heavy
768,0,32,7454.2,9690.4,0.8118,ai_heavy
769,1,32,7115.6,9250.3,0.8172,ai_heavy
770,2,32,7480.7,9724.9,0.8244,ai_heavy
771,3,32,7098.3,9227.7,0.8335,ai_heavy
772,4,32,7229.6,9398.5,0.8449,ai_heavy
773,5,32,7027.0,9135.1,0.8584,ai_heavy
774,6,32,7463.9,9703.1,0.874,ai_heavy
775,7,32,7892.6,10260.4,0.8911,ai_heavy
776,8,32,7529.5,9788.4,0.9092,ai_heavy
777,9,32,7729.5,10048.4,0.9272,ai_heavy
778,10,32,8076.9,10500.0,0.9441,ai_heavy
779,11,32,7723.1,10040.0,0.9588,ai_heavy
780,12,32,7472.2,9713.8,0.9703,ai_heavy
781,13,32,7514.4,9768.7,0.9775,ai_heavy
782,14,32,7662.5,9961.2,0.98,ai_heavy
783,15,32,7513.2,9767.1,0.9775,ai_heavy
784,16,32,7519.7,9775.6,0.9703,ai_heavy
785,17,32,7856.1,10213.0,0.9588,ai_heavy
786,18,32,7842.7,10195.6,0.9441,ai_heavy
787,19,32,7208.4,9371.0,0.9272,ai_heavy
788,20,32,7370.6,9581.8,0.9092,ai_heavy
789,21,32,7424.2,9651.5,0.8911,ai_heavy
790,22,32,7638.2,9929.6,0.874,ai_heavy
791,23,32,7736.5,10057.4,0.8584,ai_heavy
792,0,33,8005.0,10406.4,0.8083,ai_heavy
793,1,33,7306.9,9498.9,0.812,ai_heavy
794,2,33,7325.4,9523.0,0.8171,ai_heavy
795,3,33,7558.7,9826.3,0.8235,ai_heavy
796,4,33,7287.2,9473.3,0.8314,ai_heavy
797,5,33,7422.1,9648.8,0.8409,ai_heavy
798,6,33,7377.0,9590.1,0.8518,ai_heavy
799,7,33,6899.1,8968.8,0.8638,ai_heavy
800,8,33,7534.7,9795.1,0.8764,ai_heavy
801,9,33,7484.7,9730.1,0.889,ai_heavy
802,10,33,7831.3,10180.7,0.9009,ai_heavy
803,11,33,7560.3,9828.4,0.9112,ai_heavy
804,12,33,7286.1,9471.9,0.9192,ai_heavy
805,13,33,7520.0,9776.0,0.9243,ai_heavy
806,14,33,7105.7,9237.4,0.926,ai_heavy
807,15,33,7303.4,9494.4,0.9243,ai_heavy
808,16,33,7715.4,10030.1,0.9192,ai_heavy
809,17,33,7503.0,9753.9,0.9112,ai_heavy
810,18,33,7752.4,10078.1,0.9009,ai_heavy
811,19,33,7081.8,9206.3,0.889,ai_heavy
812,20,33,7452.3,9688.0,0.8764,ai_heavy
813,21,33,7381.2,9595.5,0.8638,ai_heavy
814,22,33,7684.2,9989.5,0.8518,ai_heavy
815,23,33,7604.1,9885.3,0.8409,ai_heavy
816,0,34,7547.4,9811.6,0.8083,ai_heavy
817,1,34,7753.1,10079.0,0.812,ai_heavy
818,2,34,7336.0,9536.8,0.8171,ai_heavy
819,3,34,7725.0,10042.5,0.8235,ai_heavy
820,4,34,7206.4,9368.3,0.8314,ai_heavy
821,5,34,7212.0,9375.6,0.8409,ai_heavy
822,6,34,7638.7,9930.3,0.8518,ai_heavy
823,7,34,7150.0,9295.0,0.8638,ai_heavy
824,8,34,7635.9,9926.7,0.8764,ai_heavy
825,9,34,7548.7,9813.4,0.889,ai_heavy
826,10,34,7786.2,10122.1,0.9009,ai_heavy
827,11,34,7545.6,9809.3,0.9112,ai_heavy
828,12,34,7583.8,9859.0,0.9192,ai_heavy
829,13,34,7694.5,10002.8,0.9243,ai_heavy
830,14,34,7430.6,9659.8,0.926,ai_heavy
831,15,34,7418.1,9643.6,0.9243,ai_heavy
832,16,34,7678.9,9982.5,0.9192,ai_heavy
833,17,34,7552.5,9818.2,0.9112,ai_heavy
834,18,34,7451.5,9686.9,0.9009,ai_heavy
835,19,34,7507.2,9759.3,0.889,ai_heavy
836,20,34,7866.0,10225.9,0.8764,ai_heavy
837,21,34,7388.5,9605.0,0.8638,ai_heavy
838,22,34,7364.2,9573.5,0.8518,ai_heavy
839,23,34,7071.9,9193.4,0.8409,ai_heavy
840,0,35,7400.6,9620.8,0.8118,ai_heavy
841,1,35,7564.3,9833.6,0.8172,ai_heavy
842,2,35,7615.2,9899.8,0.8244,ai_heavy
843,3,35,7466.8,9706.8,0.8335,ai_heavy
844,4,35,7673.5,9975.6,0.8449,ai_heavy
845,5,35,7644.1,9937.3,0.8584,ai_heavy
846,6,35,7753.8,10080.0,0.874,ai_heavy
847,7,35,7751.3,10076.7,0.8911,ai_heavy
848,8,35,7912.0,10285.5,0.9092,ai_heavy
849,9,35,7544.5,9807.8,0.9272,ai_heavy
850,10,35,7305.6,9497.3,0.9441,ai_heavy
851,11,35,7782.5,10117.3,0.9588,ai_heavy
852,12,35,7826.8,10174.8,0.9703,ai_heavy
853,13,35,8019.3,10425.1,0.9775,ai_heavy
854,14,35,7956.8,10343.9,0.98,ai_heavy
855,15,35,8076.9,10500.0,0.9775,ai_heavy
856,16,35,7789.9,10126.9,0.9703,ai_heavy
857,17,35,7683.0,9987.8,0.9588,ai_heavy
858,18,35,7292.4,9480.1,0.9441,ai_heavy
859,19,35,7653.2,9949.2,0.9272,ai_heavy
860,20,35,7430.8,9660.1,0.9092,ai_heavy
861,21,35,7576.8,9849.8,0.8911,ai_heavy
862,22,35,7515.6,9770.3,0.874,ai_heavy
863,23,35,7585.8,9861.6,0.8584,ai_heavy
864,0,36,7388.4,9604.9,0.8118,ai_heavy
865,1,36,7626.2,9914.1,0.8172,ai_heavy
866,2,36,6822.0,8868.5,0.8244,ai_heavy
867,3,36,7485.0,9730.5,0.8335,ai_heavy
868,4,36,7728.7,10047.4,0.8449,ai_heavy
869,5,36,7899.6,10269.5,0.8584,ai_heavy
870,6,36,7668.1,9968.5,0.874,ai_heavy
871,7,36,7909.6,10282.5,0.8911,ai_heavy
872,8,36,7594.4,9872.7,0.9092,ai_heavy
873,9,36,7583.8,9858.9,0.9272,ai_heavy
874,10,36,7729.3,10048.2,0.9441,ai_heavy
875,11,36,7629.9,9918.8,0.9588,ai_heavy
876,12,36,7468.2,9708.7,0.9703,ai_heavy
877,13,36,7540.2,9802.3,0.9775,ai_heavy
878,14,36,7406.7,9628.7,0.98,ai_heavy
879,15,36,7780.0,10114.0,0.9775,ai_heavy
880,16,36,7650.3,9945.4,0.9703,ai_heavy
881,17,36,7548.1,9812.5,0.9588,ai_heavy
882,18,36,7479.2,9722.9,0.9441,ai_heavy
883,19,36,7698.0,10007.4,0.9272,ai_heavy
884,20,36,7733.0,10052.9,0.9092,ai_heavy
885,21,36,7273.7,9455.8,0.8911,ai_heavy
886,22,36,7213.5,9377.5,0.874,ai_heavy
887,23,36,7694.2,10002.4,0.8584,ai_heavy
888,0,37,7104.4,9235.7,0.8118,ai_heavy
889,1,37,7540.0,9802.0,0.8172,ai_heavy
890,2,37,7789.2,10126.0,0.8244,ai_heavy
891,3,37,7804.1,10145.4,0.8335,ai_heavy
892,4,37,7624.8,9912.2,0.8449,ai_heavy
893,5,37,7639.0,9930.7,0.8584,ai_heavy
894,6,37,8010.2,10413.3,0.874,ai_heavy
895,7,37,7001.7,9102.3,0.8911,ai_heavy
896,8,37,7450.8,9686.1,0.9092,ai_heavy
897,9,37,7776.1,10109.0,0.9272,ai_heavy
898,10,37,7531.5,9791.0,0.9441,ai_heavy
899,11,37,7914.4,10288.7,0.9588,ai_heavy
900,12,37,7638.7,9930.3,0.9703,ai_heavy
901,13,37,7688.9,9995.5,0.9775,ai_heavy
902,14,37,7599.2,9878.9,0.98,ai_heavy
903,15,37,7538.5,9800.1,0.9775,ai_heavy
904,16,37,7522.2,9778.9,0.9703,ai_heavy
905,17,37,7692.7,10000.5,0.9588,ai_heavy
906,18,37,7431.7,9661.2,0.9441,ai_heavy
907,19,37,7800.0,10139.9,0.9272,ai_heavy
908,20,37,7704.1,10015.4,0.9092,ai_heavy
909,21,37,7777.3,10110.5,0.8911,ai_heavy
910,22,37,7249.2,9423.9,0.874,ai_heavy
911,23,37,7098.6,9228.2,0.8584,ai_heavy
912,0,38,7409.1,9631.9,0.8118,ai_heavy
913,1,38,8063.2,10482.2,0.8172,ai_heavy
914,2,38,7711.0,10024.4,0.8244,ai_heavy
915,3,38,7318.8,9514.4,0.8335,ai_heavy
916,4,38,7554.6,9821.0,0.8449,ai_heavy
917,5,38,7643.2,9936.2,0.8584,ai_heavy
918,6,38,7195.3,9353.9,0.874,ai_heavy
919,7,38,7838.4,10189.9,0.8911,ai_heavy
920,8,38,7518.1,9773.6,0.9092,ai_heavy
921,9,38,7562.5,9831.2,0.9272,ai_heavy
922,10,38,7613.9,9898.1,0.9441,ai_heavy
923,11,38,7892.6,10260.4,0.9588,ai_heavy
924,12,38,7474.5,9716.8,0.9703,ai_heavy
925,13,38,7266.4,9446.3,0.9775,ai_heavy
926,14,38,7736.5,10057.5,0.98,ai_heavy
927,15,38,7189.0,9345.7,0.9775,ai_heavy
928,16,38,7578.6,9852.2,0.9703,ai_heavy
929,17,38,7902.3,10273.0,0.9588,ai_heavy
930,18,38,7740.7,10062.9,0.9441,ai_heavy
931,19,38,7820.2,10166.3,0.9272,ai_heavy
932,20,38,7696.7,10005.7,0.9092,ai_heavy
933,21,38,8073.4,10495.5,0.8911,ai_heavy
934,22,38,7370.9,9582.2,0.874,ai_heavy
935,23,38,7569.3,9840.1,0.8584,ai_heavy
936,0,39,7312.7,9506.5,0.8118,ai_heavy
937,1,39,7631.1,9920.4,0.8172,ai_heavy
938,2,39,7415.1,9639.7,0.8244,ai_heavy
939,3,39,7826.4,10174.3,0.8335,ai_heavy
940,4,39,7340.8,9543.1,0.8449,ai_heavy
941,5,39,7795.7,10134.4,0.8584,ai_heavy
942,6,39,7636.8,9927.9,0.874,ai_heavy
943,7,39,7521.7,9778.2,0.8911,ai_heavy
944,8,39,7679.0,9982.7,0.9092,ai_heavy
945,9,39,7642.5,9935.3,0.9272,ai_heavy
946,10,39,7689.8,9996.7,0.9441,ai_heavy
947,11,39,7583.2,9858.2,0.9588,ai_heavy
948,12,39,7486.8,9732.8,0.9703,ai_heavy
949,13,39,7581.6,9856.1,0.9775,ai_heavy
950,14,39,7275.4,9458.0,0.98,ai_heavy
951,15,39,7852.0,10207.6,0.9775,ai_heavy
952,16,39,7364.3,9573.6,0.9703,ai_heavy
953,17,39,7580.8,9855.0,0.9588,ai_heavy
954,18,39,7756.4,10083.4,0.9441,ai_heavy
955,19,39,7774.1,10106.3,0.9272,ai_heavy
956,20,39,7153.8,9299.9,0.9092,ai_heavy
957,21,39,7508.3,9760.8,0.8911,ai_heavy
958,22,39,7606.8,9888.8,0.874,ai_heavy
959,23,39,7491.6,9739.1,0.8584,ai_heavy
960,0,40,7703.3,10014.3,0.8083,ai_heavy
961,1,40,7227.7,9396.0,0.812,ai_heavy
962,2,40,6961.9,9050.5,0.8171,ai_heavy
963,3,40,7608.1,9890.5,0.8235,ai_heavy
964,4,40,7319.6,9515.4,0.8314,ai_heavy
965,5,40,7060.4,9178.6,0.8409,ai_heavy
966,6,40,7434.5,9664.8,0.8518,ai_heavy
967,7,40,7764.4,10093.8,0.8638,ai_heavy
968,8,40,7222.4,9389.2,0.8764,ai_heavy
969,9,40,8053.3,10469.3,0.889,ai_heavy
970,10,40,7354.0,9560.2,0.9009,ai_heavy
971,11,40,7578.8,9852.5,0.9112,ai_heavy
972,12,40,7294.2,9482.4,0.9192,ai_heavy
973,13,40,7588.2,9864.6,0.9243,ai_heavy
974,14,40,7550.9,9816.2,0.926,ai_heavy
975,15,40,7240.0,9412.1,0.9243,ai_heavy
976,16,40,8076.9,10500.0,0.9192,ai_heavy
977,17,40,7446.8,9680.8,0.9112,ai_heavy
978,18,40,7431.7,9661.3,0.9009,ai_heavy
979,19,40,7744.6,10068.0,0.889,ai_heavy
980,20,40,7915.5,10290.2,0.8764,ai_heavy
981,21,40,7741.0,10063.4,0.8638,ai_heavy
982,22,40,7200.8,9361.1,0.8518,ai_heavy
983,23,40,7501.5,9751.9,0.8409,ai_heavy
984,0,41,6986.8,9082.8,0.8083,ai_heavy
985,1,41,7610.8,9894.1,0.812,ai_heavy
986,2,41,7054.0,9170.2,0.8171,ai_heavy
987,3,41,7248.5,9423.1,0.8235,ai_heavy
988,4,41,7438.7,9670.3,0.8314,ai_heavy
989,5,41,7553.2,9819.1,0.8409,ai_heavy
990,6,41,7411.5,9635.0,0.8518,ai_heavy
991,7,41,7829.3,10178.0,0.8638,ai_heavy
992,8,41,7669.8,9970.8,0.8764,ai_heavy
993,9,41,7671.4,9972.9,0.889,ai_heavy
994,10,41,7265.4,9445.0,0.9009,ai_heavy
995,11,41,7944.5,10327.8,0.9112,ai_heavy
996,12,41,7388.7,9605.3,0.9192,ai_heavy
997,13,41,7973.8,10365.9,0.9243,ai_heavy
998,14,41,8041.2,10453.6,0.926,ai_heavy
999,15,41,7695.3,10003.8,0.9243,ai_heavy
1000,16,41,7805.5,10147.1,0.9192,ai_heavy
1001,17,41,6860.0,8918.0,0.9112,ai_heavy
1002,18,41,7499.5,9749.4,0.9009,ai_heavy
1003,19,41,7774.7,10107.1,0.889,ai_heavy
1004,20,41,7715.1,10029.7,0.8764,ai_heavy
1005,21,41,7214.0,9378.2,0.8638,ai_heavy
1006,22,41,7404.2,9625.4,0.8518,ai_heavy
1007,23,41,6886.5,8952.5,0.8409,ai_heavy
1008,0,42,7501.9,9752.4,0.8118,ai_heavy
1009,1,42,6999.0,9098.7,0.8172,ai_heavy
1010,2,42,7680.8,9985.0,0.8244,ai_heavy
1011,3,42,7706.7,10018.7,0.8335,ai_heavy
1012,4,42,7353.5,9559.5,0.8449,ai_heavy
1013,5,42,7596.9,9876.0,0.8584,ai_heavy
1014,6,42,7454.4,9690.8,0.874,ai_heavy
1015,7,42,7583.7,9858.8,0.8911,ai_heavy
1016,8,42,7296.0,9484.8,0.9092,ai_heavy
1017,9,42,7724.7,10042.1,0.9272,ai_heavy
1018,10,42,7233.9,9404.1,0.9441,ai_heavy
1019,11,42,7211.7,9375.2,0.9588,ai_heavy
1020,12,42,7619.7,9905.7,0.9703,ai_heavy
1021,13,42,7610.0,9893.1,0.9775,ai_heavy
1022,14,42,7724.9,10042.4,0.98,ai_heavy
1023,15,42,7509.4,9762.2,0.9775,ai_heavy
1024,16,42,8076.9,10500.0,0.9703,ai_heavy
1025,17,42,7667.3,9967.6,0.9588,ai_heavy
1026,18,42,7661.7,9960.2,0.9441,ai_heavy
1027,19,42,7628.0,9916.4,0.9272,ai_heavy
1028,20,42,7783.4,10118.4,0.9092,ai_heavy
1029,21,42,7659.1,9956.9,0.8911,ai_heavy
1030,22,42,7602.8,9883.6,0.874,ai_heavy
1031,23,42,7645.1,9938.7,0.8584,ai_heavy
1032,0,43,7004.4,9105.8,0.8118,ai_heavy
1033,1,43,7020.5,9126.6,0.8172,ai_heavy
1034,2,43,7411.9,9635.5,0.8244,ai_heavy
1035,3,43,7398.5,9618.0,0.8335,ai_heavy
1036,4,43,7589.4,9866.2,0.8449,ai_heavy
1037,5,43,7484.5,9729.8,0.8584,ai_heavy
1038,6,43,7634.3,9924.6,0.874,ai_heavy
1039,7,43,7247.7,9422.0,0.8911,ai_heavy
1040,8,43,7553.6,9819.7,0.9092,ai_heavy
1041,9,43,7278.0,9461.4,0.9272,ai_heavy
1042,10,43,7696.8,10005.9,0.9441,ai_heavy
1043,11,43,7200.6,9360.8,0.9588,ai_heavy
1044,12,43,7727.6,10045.9,0.9703,ai_heavy
1045,13,43,7321.1,9517.4,0.9775,ai_heavy
1046,14,43,7574.1,9846.4,0.98,ai_heavy
1047,15,43,7864.2,10223.5,0.9775,ai_heavy
1048,16,43,7699.9,10009.9,0.9703,ai_heavy
1049,17,43,7253.9,9430.0,0.9588,ai_heavy
1050,18,43,7455.0,9691.5,0.9441,ai_heavy
1051,19,43,7241.5,9414.0,0.9272,ai_heavy
1052,20,43,7171.9,9323.5,0.9092,ai_heavy
1053,21,43,7555.6,9822.3,0.8911,ai_heavy
1054,22,43,7629.4,9918.3,0.874,ai_heavy
1055,23,43,7578.8,9852.5,0.8584,ai_heavy
1056,0,44,7544.0,9807.2,0.8118,ai_heavy
1057,1,44,7415.5,9640.1,0.8172,ai_heavy
1058,2,44,7367.9,9578.3,0.8244,ai_heavy
1059,3,44,7203.0,9363.9,0.8335,ai_heavy
1060,4,44,7361.1,9569.5,0.8449,ai_heavy
1061,5,44,7183.5,9338.5,0.8584,ai_heavy
1062,6,44,7313.1,9507.0,0.874,ai_heavy
1063,7,44,7549.1,9813.8,0.8911,ai_heavy
1064,8,44,7529.4,9788.2,0.9092,ai_heavy
1065,9,44,8076.9,10500.0,0.9272,ai_heavy
1066,10,44,7301.3,9491.7,0.9441,ai_heavy
1067,11,44,7601.9,9882.5,0.9588,ai_heavy
1068,12,44,7321.1,9517.4,0.9703,ai_heavy
1069,13,44,7569.5,9840.3,0.9775,ai_heavy
1070,14,44,7582.5,9857.3,0.98,ai_heavy
1071,15,44,7852.7,10208.5,0.9775,ai_heavy
1072,16,44,7544.5,9807.9,0.9703,ai_heavy
1073,17,44,7586.8,9862.8,0.9588,ai_heavy
1074,18,44,7510.3,9763.4,0.9441,ai_heavy
1075,19,44,7264.4,9443.7,0.9272,ai_heavy
1076,20,44,7408.3,9630.7,0.9092,ai_heavy
1077,21,44,7442.8,9675.6,0.8911,ai_heavy
1078,22,44,7519.9,9775.9,0.874,ai_heavy
1079,23,44,7605.4,9887.0,0.8584,ai_heavy
1080,0,45,7357.9,9565.3,0.8118,ai_heavy
1081,1,45,7362.0,9570.6,0.8172,ai_heavy
1082,2,45,7045.3,9158.9,0.8244,ai_heavy
1083,3,45,7563.1,9832.0,0.8335,ai_heavy
1084,4,45,7303.9,9495.1,0.8449,ai_heavy
1085,5,45,7647.6,9941.9,0.8584,ai_heavy
1086,6,45,7799.6,10139.5,0.874,ai_heavy
1087,7,45,7486.6,9732.5,0.8911,ai_heavy
1088,8,45,7324.1,9521.3,0.9092,ai_heavy
1089,9,45,7579.3,9853.1,0.9272,ai_heavy
1090,10,45,7688.1,9994.5,0.9441,ai_heavy
1091,11,45,7558.4,9825.9,0.9588,ai_heavy
1092,12,45,7518.3,9773.8,0.9703,ai_heavy
1093,13,45,7788.1,10124.5,0.9775,ai_heavy
1094,14,45,7776.7,10109.7,0.98,ai_heavy
1095,15,45,7579.0,9852.7,0.9775,ai_heavy
1096,16,45,7268.2,9448.7,0.9703,ai_heavy
1097,17,45,7735.1,10055.6,0.9588,ai_heavy
1098,18,45,7433.4,9663.4,0.9441,ai_heavy
1099,19,45,7631.9,9921.4,0.9272,ai_heavy
1100,20,45,7590.3,9867.4,0.9092,ai_heavy
1101,21,45,7102.4,9233.1,0.8911,ai_heavy
1102,22,45,7521.6,9778.0,0.874,ai_heavy
1103,23,45,7595.4,9874.1,0.8584,ai_heavy
1104,0,46,7551.7,9817.2,0.8118,ai_heavy
1105,1,46,7444.2,9677.5,0.8172,ai_heavy
1106,2,46,6988.2,9084.7,0.8244,ai_heavy
1107,3,46,7727.7,10046.1,0.8335,ai_heavy
1108,4,46,7551.6,9817.1,0.8449,ai_heavy
1109,5,46,7209.9,9372.9,0.8584,ai_heavy
1110,6,46,7326.0,9523.8,0.874,ai_heavy
1111,7,46,7581.2,9855.6,0.8911,ai_heavy
1112,8,46,7710.2,10023.2,0.9092,ai_heavy
1113,9,46,7472.1,9713.7,0.9272,ai_heavy
1114,10,46,7796.9,10136.0,0.9441,ai_heavy
1115,11,46,7220.2,9386.2,0.9588,ai_heavy
1116,12,46,7408.5,9631.1,0.9703,ai_heavy
1117,13,46,7184.3,9339.6,0.9775,ai_heavy
1118,14,46,7456.0,9692.8,0.98,ai_heavy
1119,15,46,8005.1,10406.6,0.9775,ai_heavy
1120,16,46,8076.9,10500.0,0.9703,ai_heavy
1121,17,46,7684.3,9989.6,0.9588,ai_heavy
1122,18,46,7462.8,9701.6,0.9441,ai_heavy
1123,19,46,7532.7,9792.5,0.9272,ai_heavy
1124,20,46,7663.4,9962.4,0.9092,ai_heavy
1125,21,46,7176.0,9328.8,0.8911,ai_heavy
1126,22,46,7374.4,9586.8,0.874,ai_heavy
1127,23,46,7802.0,10142.5,0.8584,ai_heavy
1128,0,47,7172.4,9324.2,0.8083,ai_heavy
1129,1,47,7243.9,9417.0,0.812,ai_heavy
1130,2,47,7420.8,9647.1,0.8171,ai_heavy
1131,3,47,7490.6,9737.8,0.8235,ai_heavy
1132,4,47,7299.9,9489.9,0.8314,ai_heavy
1133,5,47,7470.9,9712.1,0.8409,ai_heavy
1134,6,47,7606.2,9888.1,0.8518,ai_heavy
1135,7,47,7928.6,10307.2,0.8638,ai_heavy
1136,8,47,7478.5,9722.1,0.8764,ai_heavy
1137,9,47,7516.5,9771.5,0.889,ai_heavy
1138,10,47,7889.3,10256.1,0.9009,ai_heavy
1139,11,47,7434.6,9664.9,0.9112,ai_heavy
1140,12,47,7270.3,9451.4,0.9192,ai_heavy
1141,13,47,7635.6,9926.3,0.9243,ai_heavy
1142,14,47,7826.1,10173.9,0.926,ai_heavy
1143,15,47,7660.8,9959.0,0.9243,ai_heavy
1144,16,47,7549.1,9813.8,0.9192,ai_heavy
1145,17,47,7230.6,9399.8,0.9112,ai_heavy
1146,18,47,7530.4,9789.6,0.9009,ai_heavy
1147,19,47,7804.3,10145.6,0.889,ai_heavy
1148,20,47,7229.0,9397.7,0.8764,ai_heavy
1149,21,47,7433.0,9662.9,0.8638,ai_heavy
1150,22,47,7383.2,9598.1,0.8518,ai_heavy
1151,23,47,7297.7,9486.9,0.8409,ai_heavy
1152,0,48,7459.8,9697.7,0.8083,ai_heavy
1153,1,48,7508.9,9761.6,0.812,ai_heavy
1154,2,48,7514.2,9768.5,0.8171,ai_heavy
1155,3,48,7209.9,9372.8,0.8235,ai_heavy
1156,4,48,7072.1,9193.7,0.8314,ai_heavy
1157,5,48,7512.3,9766.0,0.8409,ai_heavy
1158,6,48,7356.6,9563.6,0.8518,ai_heavy
1159,7,48,7901.0,10271.3,0.8638,ai_heavy
1160,8,48,7931.3,10310.8,0.8764,ai_heavy
1161,9,48,7975.3,10367.9,0.889,ai_heavy
1162,10,48,7330.9,9530.2,0.9009,ai_heavy
1163,11,48,7688.2,9994.7,0.9112,ai_heavy
1164,12,48,7768.9,10099.6,0.9192,ai_heavy
1165,13,48,7751.1,10076.5,0.9243,ai_heavy
1166,14,48,7500.7,9750.9,0.926,ai_heavy
1167,15,48,7869.5,10230.4,0.9243,ai_heavy
1168,16,48,7571.2,9842.6,0.9192,ai_heavy
1169,17,48,7588.2,9864.6,0.9112,ai_heavy
1170,18,48,7195.6,9354.3,0.9009,ai_heavy
1171,19,48,7671.4,9972.9,0.889,ai_heavy
1172,20,48,7448.3,9682.8,0.8764,ai_heavy
1173,21,48,7592.4,9870.1,0.8638,ai_heavy
1174,22,48,7522.7,9779.5,0.8518,ai_heavy
1175,23,48,7494.1,9742.4,0.8409,ai_heavy
1176,0,49,7399.9,9619.9,0.8118,ai_heavy
1177,1,49,7593.2,9871.1,0.8172,ai_heavy
1178,2,49,7384.5,9599.9,0.8244,ai_heavy
1179,3,49,7117.7,9253.0,0.8335,ai_heavy
1180,4,49,7587.0,9863.0,0.8449,ai_heavy
1181,5,49,7298.4,9488.0,0.8584,ai_heavy
1182,6,49,7205.2,9366.8,0.874,ai_heavy
1183,7,49,7298.1,9487.6,0.8911,ai_heavy
1184,8,49,7620.3,9906.4,0.9092,ai_heavy
1185,9,49,7561.1,9829.5,0.9272,ai_heavy
1186,10,49,7121.7,9258.2,0.9441,ai_heavy
1187,11,49,7542.8,9805.6,0.9588,ai_heavy
1188,12,49,7916.0,10290.8,0.9703,ai_heavy
1189,13,49,7554.9,9821.4,0.9775,ai_heavy
1190,14,49,7624.3,9911.6,0.98,ai_heavy
1191,15,49,7898.2,10267.7,0.9775,ai_heavy
1192,16,49,7830.2,10179.3,0.9703,ai_heavy
1193,17,49,7864.5,10223.8,0.9588,ai_heavy
1194,18,49,6975.7,9068.4,0.9441,ai_heavy
1195,19,49,7977.5,10370.7,0.9272,ai_heavy
1196,20,49,7700.3,10010.4,0.9092,ai_heavy
1197,21,49,8076.9,10500.0,0.8911,ai_heavy
1198,22,49,7327.2,9525.4,0.874,ai_heavy
1199,23,49,7084.2,9209.5,0.8584,ai_heavy
1200,0,50,7411.7,9635.2,0.8118,ai_heavy
1201,1,50,7356.8,9563.9,0.8172,ai_heavy
1202,2,50,7574.5,9846.9,0.8244,ai_heavy
1203,3,50,7682.6,9987.4,0.8335,ai_heavy
1204,4,50,7440.1,9672.1,0.8449,ai_heavy
1205,5,50,7425.9,9653.7,0.8584,ai_heavy
1206,6,50,7621.0,9907.3,0.874,ai_heavy
1207,7,50,7471.1,9712.5,0.8911,ai_heavy
1208,8,50,7479.0,9722.7,0.9092,ai_heavy
1209,9,50,7819.0,10164.8,0.9272,ai_heavy
1210,10,50,7896.1,10264.9,0.9441,ai_heavy
1211,11,50,7878.7,10242.3,0.9588,ai_heavy
1212,12,50,7609.1,9891.9,0.9703,ai_heavy
1213,13,50,7167.0,9317.0,0.9775,ai_heavy
1214,14,50,7628.2,9916.7,0.98,ai_heavy
1215,15,50,7484.4,9729.8,0.9775,ai_heavy
1216,16,50,7618.0,9903.3,0.9703,ai_heavy
1217,17,50,7477.0,9720.0,0.9588,ai_heavy
1218,18,50,7603.8,9884.9,0.9441,ai_heavy
1219,19,50,7346.7,9550.7,0.9272,ai_heavy
1220,20,50,7265.8,9445.5,0.9092,ai_heavy
1221,21,50,7805.2,10146.7,0.8911,ai_heavy
1222,22,50,7285.0,9470.6,0.874,ai_heavy
1223,23,50,7480.0,9724.0,0.8584,ai_heavy
1224,0,51,7622.2,9908.9,0.8118,ai_heavy
1225,1,51,7621.6,9908.1,0.8172,ai_heavy
1226,2,51,7606.0,9887.8,0.8244,ai_heavy
1227,3,51,7510.2,9763.3,0.8335,ai_heavy
1228,4,51,7621.7,9908.2,0.8449,ai_heavy
1229,5,51,7788.1,10124.5,0.8584,ai_heavy
1230,6,51,7599.0,9878.7,0.874,ai_heavy
1231,7,51,7114.0,9248.3,0.8911,ai_heavy
1232,8,51,7436.3,9667.1,0.9092,ai_heavy
1233,9,51,7741.5,10064.0,0.9272,ai_heavy
1234,10,51,7465.4,9705.0,0.9441,ai_heavy
1235,11,51,8001.5,10401.9,0.9588,ai_heavy
1236,12,51,7633.2,9923.2,0.9703,ai_heavy
1237,13,51,7678.2,9981.6,0.9775,ai_heavy
1238,14,51,7920.9,10297.1,0.98,ai_heavy
1239,15,51,7616.6,9901.5,0.9775,ai_heavy
1240,16,51,7688.2,9994.6,0.9703,ai_heavy
1241,17,51,7836.4,10187.3,0.9588,ai_heavy
1242,18,51,7272.5,9454.2,0.9441,ai_heavy
1243,19,51,7518.2,9773.7,0.9272,ai_heavy
1244,20,51,7744.0,10067.2,0.9092,ai_heavy
1245,21,51,7543.8,9807.0,0.8911,ai_heavy
1246,22,51,7833.6,10183.7,0.874,ai_heavy
1247,23,51,7126.3,9264.2,0.8584,ai_heavy
1248,0,52,7034.4,9144.7,0.8118,ai_heavy
1249,1,52,7589.4,9866.2,0.8172,ai_heavy
1250,2,52,7621.8,9908.3,0.8244,ai_heavy
1251,3,52,7399.5,9619.3,0.8335,ai_heavy
1252,4,52,7549.2,9814.0,0.8449,ai_heavy
1253,5,52,7647.2,9941.3,0.8584,ai_heavy
1254,6,52,7320.1,9516.1,0.874,ai_heavy
1255,7,52,7369.4,9580.2,0.8911,ai_heavy
1256,8,52,7599.1,9878.8,0.9092,ai_heavy
1257,9,52,7788.8,10125.4,0.9272,ai_heavy
1258,10,52,7342.4,9545.1,0.9441,ai_heavy
1259,11,52,7585.3,9860.8,0.9588,ai_heavy
1260,12,52,7591.7,9869.2,0.9703,ai_heavy
1261,13,52,7754.6,10081.0,0.9775,ai_heavy
1262,14,52,7660.3,9958.4,0.98,ai_heavy
1263,15,52,7533.2,9793.1,0.9775,ai_heavy
1264,16,52,7934.2,10314.4,0.9703,ai_heavy
1265,17,52,7507.1,9759.3,0.9588,ai_heavy
1266,18,52,7541.8,9804.4,0.9441,ai_heavy
1267,19,52,7221.0,9387.4,0.9272,ai_heavy
1268,20,52,7394.3,9612.6,0.9092,ai_heavy
1269,21,52,7645.6,9939.3,0.8911,ai_heavy
1270,22,52,7575.5,9848.1,0.874,ai_heavy
1271,23,52,7614.5,9898.8,0.8584,ai_heavy
1272,0,53,7532.5,9792.3,0.8118,ai_heavy
1273,1,53,7882.7,10247.6,0.8172,ai_heavy
1274,2,53,7262.2,9440.8,0.8244,ai_heavy
1275,3,53,7081.0,9205.3,0.8335,ai_heavy
1276,4,53,7224.5,9391.9,0.8449,ai_heavy
1277,5,53,7322.1,9518.7,0.8584,ai_heavy
1278,6,53,7284.0,9469.2,0.874,ai_heavy
1279,7,53,7550.2,9815.2,0.8911,ai_heavy
1280,8,53,7840.0,10192.0,0.9092,ai_heavy
1281,9,53,7933.4,10313.4,0.9272,ai_heavy
1282,10,53,7723.6,10040.7,0.9441,ai_heavy
1283,11,53,8076.9,10500.0,0.9588,ai_heavy
1284,12,53,7566.0,9835.7,0.9703,ai_heavy
1285,13,53,7283.5,9468.6,0.9775,ai_heavy
1286,14,53,7904.4,10275.7,0.98,ai_heavy
1287,15,53,7236.2,9407.0,0.9775,ai_heavy
1288,16,53,7474.5,9716.8,0.9703,ai_heavy
1289,17,53,7749.6,10074.5,0.9588,ai_heavy
1290,18,53,7585.1,9860.7,0.9441,ai_heavy
1291,19,53,7539.7,9801.6,0.9272,ai_heavy
1292,20,53,7288.4,9474.9,0.9092,ai_heavy
1293,21,53,7526.6,9784.6,0.8911,ai_heavy
1294,22,53,7729.2,10048.0,0.874,ai_heavy
1295,23,53,7484.4,9729.8,0.8584,ai_heavy
1296,0,54,7220.3,9386.4,0.8083,ai_heavy
1297,1,54,7133.0,9273.0,0.812,ai_heavy
1298,2,54,7237.7,9409.0,0.8171,ai_heavy
1299,3,54,7514.9,9769.4,0.8235,ai_heavy
1300,4,54,7516.1,9771.0,0.8314,ai_heavy
1301,5,54,7274.7,9457.1,0.8409,ai_heavy
1302,6,54,6974.6,9066.9,0.8518,ai_heavy
1303,7,54,7582.4,9857.1,0.8638,ai_heavy
1304,8,54,7304.8,9496.2,0.8764,ai_heavy
1305,9,54,7681.4,9985.9,0.889,ai_heavy
1306,10,54,7372.5,9584.3,0.9009,ai_heavy
1307,11,54,7335.1,9535.6,0.9112,ai_heavy
1308,12,54,7605.9,9887.6,0.9192,ai_heavy
1309,13,54,8076.9,10500.0,0.9243,ai_heavy
1310,14,54,7751.7,10077.2,0.926,ai_heavy
1311,15,54,7609.7,9892.6,0.9243,ai_heavy
1312,16,54,7652.6,9948.4,0.9192,ai_heavy
1313,17,54,7162.0,9310.6,0.9112,ai_heavy
1314,18,54,7289.7,9476.5,0.9009,ai_heavy
1315,19,54,6959.0,9046.6,0.889,ai_heavy
1316,20,54,7896.5,10265.5,0.8764,ai_heavy
1317,21,54,7831.1,10180.5,0.8638,ai_heavy
1318,22,54,7558.0,9825.5,0.8518,ai_heavy
1319,23,54,7483.9,9729.0,0.8409,ai_heavy
1320,0,55,7060.1,9178.1,0.8083,ai_heavy
1321,1,55,7361.6,9570.1,0.812,ai_heavy
1322,2,55,7816.8,10161.8,0.8171,ai_heavy
1323,3,55,7456.8,9693.8,0.8235,ai_heavy
1324,4,55,7313.4,9507.4,0.8314,ai_heavy
1325,5,55,7060.5,9178.7,0.8409,ai_heavy
1326,6,55,7779.3,10113.1,0.8518,ai_heavy
1327,7,55,7472.3,9713.9,0.8638,ai_heavy
1328,8,55,7111.3,9244.7,0.8764,ai_heavy
1329,9,55,7317.2,9512.3,0.889,ai_heavy
1330,10,55,7254.5,9430.9,0.9009,ai_heavy
1331,11,55,7529.2,9788.0,0.9112,ai_heavy
1332,12,55,7618.2,9903.6,0.9192,ai_heavy
1333,13,55,7464.3,9703.6,0.9243,ai_heavy
1334,14,55,7758.0,10085.5,0.926,ai_heavy
1335,15,55,7596.6,9875.6,0.9243,ai_heavy
1336,16,55,7812.4,10156.1,0.9192,ai_heavy
1337,17,55,7478.1,9721.5,0.9112,ai_heavy
1338,18,55,8076.9,10500.0,0.9009,ai_heavy
1339,19,55,7398.4,9617.9,0.889,ai_heavy
1340,20,55,7303.5,9494.6,0.8764,ai_heavy
1341,21,55,7257.5,9434.7,0.8638,ai_heavy
1342,22,55,7422.7,9649.6,0.8518,ai_heavy
1343,23,55,7069.2,9189.9,0.8409,ai_heavy
1344,0,56,7475.5,9718.2,0.8118,ai_heavy
1345,1,56,6994.1,9092.3,0.8172,ai_heavy
1346,2,56,7464.9,9704.3,0.8244,ai_heavy
1347,3,56,7140.9,9283.2,0.8335,ai_heavy
1348,4,56,7374.3,9586.6,0.8449,ai_heavy
1349,5,56,7615.6,9900.3,0.8584,ai_heavy
1350,6,56,8021.9,10428.5,0.874,ai_heavy
1351,7,56,7285.5,9471.2,0.8911,ai_heavy
1352,8,56,7522.0,9778.6,0.9092,ai_heavy
1353,9,56,7418.5,9644.0,0.9272,ai_heavy
1354,10,56,7410.0,9632.9,0.9441,ai_heavy
1355,11,56,7466.9,9707.0,0.9588,ai_heavy
1356,12,56,7836.8,10187.8,0.9703,ai_heavy
1357,13,56,7546.4,9810.4,0.9775,ai_heavy
1358,14,56,8076.9,10500.0,0.98,ai_heavy
1359,15,56,7754.2,10080.4,0.9775,ai_heavy
1360,16,56,7416.0,9640.8,0.9703,ai_heavy
1361,17,56,7546.6,9810.6,0.9588,ai_heavy
1362,18,56,7425.5,9653.1,0.9441,ai_heavy
1363,19,56,7765.1,10094.6,0.9272,ai_heavy
1364,20,56,7184.6,9340.0,0.9092,ai_heavy
1365,21,56,7226.1,9394.0,0.8911,ai_heavy
1366,22,56,7370.2,9581.2,0.874,ai_heavy
1367,23,56,7633.2,9923.2,0.8584,ai_heavy
1368,0,57,7684.2,9989.4,0.8118,ai_heavy
1369,1,57,7725.4,10043.0,0.8172,ai_heavy
1370,2,57,7546.9,9811.0,0.8244,ai_heavy
1371,3,57,7424.1,9651.3,0.8335,ai_heavy
1372,4,57,7637.5,9928.7,0.8449,ai_heavy
1373,5,57,7223.1,9390.1,0.8584,ai_heavy
1374,6,57,7088.1,9214.5,0.874,ai_heavy
1375,7,57,7627.6,9915.9,0.8911,ai_heavy
1376,8,57,7328.1,9526.5,0.9092,ai_heavy
1377,9,57,7568.2,9838.7,0.9272,ai_heavy
1378,10,57,7635.8,9926.6,0.9441,ai_heavy
1379,11,57,7687.4,9993.6,0.9588,ai_heavy
1380,12,57,7862.9,10221.7,0.9703,ai_heavy
1381,13,57,7849.8,10204.7,0.9775,ai_heavy
1382,14,57,7707.1,10019.3,0.98,ai_heavy
1383,15,57,7557.0,9824.1,0.9775,ai_heavy
1384,16,57,7672.4,9974.2,0.9703,ai_heavy
1385,17,57,7494.1,9742.3,0.9588,ai_heavy
1386,18,57,7563.7,9832.8,0.9441,ai_heavy
1387,19,57,8076.9,10500.0,0.9272,ai_heavy
1388,20,57,7597.4,9876.6,0.9092,ai_heavy
1389,21,57,7630.7,9919.9,0.8911,ai_heavy
1390,22,57,7344.5,9547.9,0.874,ai_heavy
1391,23,57,7708.9,10021.5,0.8584,ai_heavy
1392,0,58,7579.1,9852.8,0.8118,ai_heavy
1393,1,58,7588.9,9865.6,0.8172,ai_heavy
1394,2,58,7476.7,9719.8,0.8244,ai_heavy
1395,3,58,7673.5,9975.6,0.8335,ai_heavy
1396,4,58,7744.2,10067.5,0.8449,ai_heavy
1397,5,58,7543.5,9806.5,0.8584,ai_heavy
1398,6,58,7477.5,9720.8,0.874,ai_heavy
1399,7,58,7731.1,10050.4,0.8911,ai_heavy
1400,8,58,7351.1,9556.5,0.9092,ai_heavy
1401,9,58,7419.8,9645.7,0.9272,ai_heavy
1402,10,58,7596.3,9875.2,0.9441,ai_heavy
1403,11,58,7232.0,9401.5,0.9588,ai_heavy
1404,12,58,7837.6,10188.9,0.9703,ai_heavy
1405,13,58,7437.3,9668.6,0.9775,ai_heavy
1406,14,58,7553.9,9820.1,0.98,ai_heavy
1407,15,58,7609.6,9892.5,0.9775,ai_heavy
1408,16,58,7656.7,9953.7,0.9703,ai_heavy
1409,17,58,7551.9,9817.5,0.9588,ai_heavy
1410,18,58,7593.1,9871.1,0.9441,ai_heavy
1411,19,58,7569.5,9840.4,0.9272,ai_heavy
1412,20,58,7454.7,9691.2,0.9092,ai_heavy
1413,21,58,7354.4,9560.7,0.8911,ai_heavy
1414,22,58,7746.7,10070.8,0.874,ai_heavy
1415,23,58,7007.7,9110.1,0.8584,ai_heavy
1416,0,59,7364.3,9573.6,0.8118,ai_heavy
1417,1,59,7313.8,9507.9,0.8172,ai_heavy
1418,2,59,7522.2,9778.8,0.8244,ai_heavy
1419,3,59,7117.9,9253.3,0.8335,ai_heavy
1420,4,59,7347.8,9552.1,0.8449,ai_heavy
1421,5,59,7457.0,9694.1,0.8584,ai_heavy
1422,6,59,7744.2,10067.4,0.874,ai_heavy
1423,7,59,7604.0,9885.3,0.8911,ai_heavy
1424,8,59,7287.8,9474.1,0.9092,ai_heavy
1425,9,59,7472.2,9713.9,0.9272,ai_heavy
1426,10,59,7810.8,10154.0,0.9441,ai_heavy
1427,11,59,7355.7,9562.4,0.9588,ai_heavy
1428,12,59,7629.7,9918.6,0.9703,ai_heavy
1429,13,59,7656.5,9953.4,0.9775,ai_heavy
1430,14,59,7573.6,9845.7,0.98,ai_heavy
1431,15,59,8076.9,10500.0,0.9775,ai_heavy
1432,16,59,7553.0,9818.9,0.9703,ai_heavy
1433,17,59,7733.5,10053.6,0.9588,ai_heavy
1434,18,59,7433.6,9663.7,0.9441,ai_heavy
1435,19,59,7703.2,10014.1,0.9272,ai_heavy
1436,20,59,7753.5,10079.5,0.9092,ai_heavy
1437,21,59,7396.2,9615.1,0.8911,ai_heavy
1438,22,59,7491.0,9738.3,0.874,ai_heavy
1439,23,59,7279.1,9462.8,0.8584,ai_heavy
1440,0,60,7155.7,9302.3,0.8118,ai_heavy
1441,1,60,7648.9,9943.5,0.8172,ai_heavy
1442,2,60,7305.4,9497.0,0.8244,ai_heavy
1443,3,60,6903.7,8974.8,0.8335,ai_heavy
1444,4,60,7854.7,10211.1,0.8449,ai_heavy
1445,5,60,7300.0,9490.0,0.8584,ai_heavy
1446,6,60,7447.8,9682.2,0.874,ai_heavy
1447,7,60,7899.7,10269.5,0.8911,ai_heavy
1448,8,60,7523.9,9781.1,0.9092,ai_heavy
1449,9,60,7545.9,9809.7,0.9272,ai_heavy
1450,10,60,7328.2,9526.6,0.9441,ai_heavy
1451,11,60,7256.3,9433.2,0.9588,ai_heavy
1452,12,60,7609.5,9892.4,0.9703,ai_heavy
1453,13,60,7741.9,10064.5,0.9775,ai_heavy
1454,14,60,7732.5,10052.3,0.98,ai_heavy
1455,15,60,7548.0,9812.4,0.9775,ai_heavy
1456,16,60,7652.4,9948.1,0.9703,ai_heavy
1457,17,60,7210.0,9373.0,0.9588,ai_heavy
1458,18,60,7713.5,10027.6,0.9441,ai_heavy
1459,19,60,7619.8,9905.8,0.9272,ai_heavy
1460,20,60,8003.5,10404.5,0.9092,ai_heavy
1461,21,60,7530.7,9789.9,0.8911,ai_heavy
1462,22,60,7291.1,9478.4,0.874,ai_heavy
1463,23,60,7468.6,9709.2,0.8584,ai_heavy
1464,0,61,7331.9,9531.5,0.8083,ai_heavy
1465,1,61,7507.0,9759.1,0.812,ai_heavy
1466,2,61,7423.9,9651.0,0.8171,ai_heavy
1467,3,61,7146.8,9290.8,0.8235,ai_heavy
1468,4,61,7074.4,9196.7,0.8314,ai_heavy
1469,5,61,7512.5,9766.2,0.8409,ai_heavy
1470,6,61,7780.0,10114.0,0.8518,ai_heavy
1471,7,61,7505.8,9757.6,0.8638,ai_heavy
1472,8,61,7690.1,9997.1,0.8764,ai_heavy
1473,9,61,7754.5,10080.9,0.889,ai_heavy
1474,10,61,7604.0,9885.2,0.9009,ai_heavy
1475,11,61,7374.4,9586.7,0.9112,ai_heavy
1476,12,61,7615.5,9900.1,0.9192,ai_heavy
1477,13,61,7853.1,10209.1,0.9243,ai_heavy
1478,14,61,7701.8,10012.4,0.926,ai_heavy
1479,15,61,7748.8,10073.5,0.9243,ai_heavy
1480,16,61,7466.0,9705.8,0.9192,ai_heavy
1481,17,61,7513.2,9767.2,0.9112,ai_heavy
1482,18,61,7516.8,9771.8,0.9009,ai_heavy
1483,19,61,7514.3,9768.6,0.889,ai_heavy
1484,20,61,7770.0,10101.0,0.8764,ai_heavy
1485,21,61,6960.7,9049.0,0.8638,ai_heavy
1486,22,61,7476.9,9719.9,0.8518,ai_heavy
1487,23,61,7435.9,9666.7,0.8409,ai_heavy
1488,0,62,7100.1,9230.1,0.8083,ai_heavy
1489,1,62,7559.7,9827.6,0.812,ai_heavy
1490,2,62,7256.7,9433.7,0.8171,ai_heavy
1491,3,62,7348.0,9552.3,0.8235,ai_heavy
1492,4,62,7852.1,10207.7,0.8314,ai_heavy
1493,5,62,7679.5,9983.4,0.8409,ai_heavy
1494,6,62,7598.8,9878.4,0.8518,ai_heavy
1495,7,62,7573.5,9845.6,0.8638,ai_heavy
1496,8,62,7469.9,9710.8,0.8764,ai_heavy
1497,9,62,7977.3,10370.5,0.889,ai_heavy
1498,10,62,7725.2,10042.7,0.9009,ai_heavy
1499,11,62,7389.1,9605.9,0.9112,ai_heavy
1500,12,62,7253.1,9429.0,0.9192,ai_heavy
1501,13,62,7707.6,10019.9,0.9243,ai_heavy
1502,14,62,7568.6,9839.2,0.926,ai_heavy
1503,15,62,7253.8,9430.0,0.9243,ai_heavy
1504,16,62,7668.4,9969.0,0.9192,ai_heavy
1505,17,62,7498.1,9747.5,0.9112,ai_heavy
1506,18,62,7663.7,9962.9,0.9009,ai_heavy
1507,19,62,7625.6,9913.3,0.889,ai_heavy
1508,20,62,7370.0,9580.9,0.8764,ai_heavy
1509,21,62,7630.2,9919.2,0.8638,ai_heavy
1510,22,62,7358.4,9566.0,0.8518,ai_heavy
1511,23,62,7356.9,9563.9,0.8409,ai_heavy
1512,0,63,7291.7,9479.2,0.8118,ai_heavy
1513,1,63,7669.8,9970.8,0.8172,ai_heavy
1514,2,63,7366.3,9576.2,0.8244,ai_heavy
1515,3,63,7749.0,10073.7,0.8335,ai_heavy
1516,4,63,7858.8,10216.4,0.8449,ai_heavy
1517,5,63,7314.2,9508.5,0.8584,ai_heavy
1518,6,63,6845.8,8899.5,0.874,ai_heavy
1519,7,63,7764.9,10094.4,0.8911,ai_heavy
1520,8,63,7478.6,9722.1,0.9092,ai_heavy
1521,9,63,7386.1,9601.9,0.9272,ai_heavy
1522,10,63,7474.1,9716.4,0.9441,ai_heavy
1523,11,63,7535.6,9796.3,0.9588,ai_heavy
1524,12,63,7945.3,10328.9,0.9703,ai_heavy
1525,13,63,7695.3,10003.9,0.9775,ai_heavy
1526,14,63,7957.4,10344.6,0.98,ai_heavy
1527,15,63,7772.1,10103.8,0.9775,ai_heavy
1528,16,63,7576.8,9849.8,0.9703,ai_heavy
1529,17,63,7541.2,9803.6,0.9588,ai_heavy
1530,18,63,7736.7,10057.7,0.9441,ai_heavy
1531,19,63,7769.7,10100.7,0.9272,ai_heavy
1532,20,63,7782.0,10116.6,0.9092,ai_heavy
1533,21,63,7469.9,9710.9,0.8911,ai_heavy
1534,22,63,7542.7,9805.6,0.874,ai_heavy
1535,23,63,7611.0,9894.3,0.8584,ai_heavy
1536,0,64,7324.7,9522.1,0.8118,ai_heavy
1537,1,64,7165.6,9315.2,0.8172,ai_heavy
1538,2,64,7249.2,9423.9,0.8244,ai_heavy
1539,3,64,7388.8,9605.4,0.8335,ai_heavy
1540,4,64,7607.8,9890.2,0.8449,ai_heavy
1541,5,64,7762.5,10091.2,0.8584,ai_heavy
1542,6,64,7198.1,9357.5,0.874,ai_heavy
1543,7,64,7394.1,9612.3,0.8911,ai_heavy
1544,8,64,7474.9,9717.4,0.9092,ai_heavy
1545,9,64,7763.9,10093.1,0.9272,ai_heavy
1546,10,64,7488.0,9734.4,0.9441,ai_heavy
1547,11,64,7532.2,9791.9,0.9588,ai_heavy
1548,12,64,7323.8,9520.9,0.9703,ai_heavy
1549,13,64,7769.7,10100.5,0.9775,ai_heavy
1550,14,64,7625.2,9912.8,0.98,ai_heavy
1551,15,64,7508.3,9760.8,0.9775,ai_heavy
1552,16,64,7588.2,9864.6,0.9703,ai_heavy
1553,17,64,7888.6,10255.1,0.9588,ai_heavy
1554,18,64,7379.1,9592.9,0.9441,ai_heavy
1555,19,64,7391.6,9609.1,0.9272,ai_heavy
1556,20,64,7839.9,10191.9,0.9092,ai_heavy
1557,21,64,7546.1,9810.0,0.8911,ai_heavy
1558,22,64,7654.1,9950.3,0.874,ai_heavy
1559,23,64,7570.1,9841.2,0.8584,ai_heavy
1560,0,65,7402.2,9622.9,0.8118,ai_heavy
1561,1,65,7340.6,9542.8,0.8172,ai_heavy
1562,2,65,7614.2,9898.4,0.8244,ai_heavy
1563,3,65,7702.1,10012.8,0.8335,ai_heavy
1564,4,65,7702.3,10012.9,0.8449,ai_heavy
1565,5,65,7213.9,9378.1,0.8584,ai_heavy
1566,6,65,7797.0,10136.2,0.874,ai_heavy
1567,7,65,7448.2,9682.6,0.8911,ai_heavy
1568,8,65,7384.9,9600.4,0.9092,ai_heavy
1569,9,65,7544.6,9808.0,0.9272,ai_heavy
1570,10,65,7798.2,10137.7,0.9441,ai_heavy
1571,11,65,7754.3,10080.6,0.9588,ai_heavy
1572,12,65,7589.1,9865.9,0.9703,ai_heavy
1573,13,65,7851.0,10206.4,0.9775,ai_heavy
1574,14,65,7694.5,10002.8,0.98,ai_heavy
1575,15,65,7526.9,9785.0,0.9775,ai_heavy
1576,16,65,7485.3,9730.9,0.9703,ai_heavy
1577,17,65,7724.5,10041.8,0.9588,ai_heavy
1578,18,65,7589.7,9866.6,0.9441,ai_heavy
1579,19,65,7270.2,9451.2,0.9272,ai_heavy
1580,20,65,7748.1,10072.5,0.9092,ai_heavy
1581,21,65,7420.5,9646.7,0.8911,ai_heavy
1582,22,65,7861.7,10220.2,0.874,ai_heavy
1583,23,65,7165.1,9314.7,0.8584,ai_heavy
1584,0,66,7369.9,9580.8,0.8118,ai_heavy
1585,1,66,7262.4,9441.1,0.8172,ai_heavy
1586,2,66,7211.5,9374.9,0.8244,ai_heavy
1587,3,66,7333.9,9534.1,0.8335,ai_heavy
1588,4,66,7855.9,10212.6,0.8449,ai_heavy
1589,5,66,7512.1,9765.8,0.8584,ai_heavy
1590,6,66,7325.1,9522.6,0.874,ai_heavy
1591,7,66,7116.0,9250.8,0.8911,ai_heavy
1592,8,66,7165.9,9315.6,0.9092,ai_heavy
1593,9,66,7461.1,9699.4,0.9272,ai_heavy
1594,10,66,7463.9,9703.0,0.9441,ai_heavy
1595,11,66,7579.3,9853.1,0.9588,ai_heavy
1596,12,66,7126.4,9264.3,0.9703,ai_heavy
1597,13,66,7637.5,9928.8,0.9775,ai_heavy
1598,14,66,7898.6,10268.1,0.98,ai_heavy
1599,15,66,8031.4,10440.9,0.9775,ai_heavy
1600,16,66,7213.1,9377.0,0.9703,ai_heavy
1601,17,66,7447.1,9681.3,0.9588,ai_heavy
1602,18,66,7413.5,9637.6,0.9441,ai_heavy
1603,19,66,7616.3,9901.1,0.9272,ai_heavy
1604,20,66,7279.6,9463.4,0.9092,ai_heavy
1605,21,66,7909.0,10281.7,0.8911,ai_heavy
1606,22,66,7513.1,9767.0,0.874,ai_heavy
1607,23,66,7452.3,9688.0,0.8584,ai_heavy
1608,0,67,7764.1,10093.4,0.8118,ai_heavy
1609,1,67,7414.6,9638.9,0.8172,ai_heavy
1610,2,67,7518.1,9773.5,0.8244,ai_heavy
1611,3,67,7275.0,9457.5,0.8335,ai_heavy
1612,4,67,7152.9,9298.8,0.8449,ai_heavy
1613,5,67,7343.0,9545.9,0.8584,ai_heavy
1614,6,67,7995.6,10394.3,0.874,ai_heavy
1615,7,67,7672.0,9973.6,0.8911,ai_heavy
1616,8,67,7618.3,9903.8,0.9092,ai_heavy
1617,9,67,7361.0,9569.3,0.9272,ai_heavy
1618,10,67,7816.5,10161.5,0.9441,ai_heavy
1619,11,67,7319.8,9515.7,0.9588,ai_heavy
1620,12,67,7288.2,9474.6,0.9703,ai_heavy
1621,13,67,7530.2,9789.2,0.9775,ai_heavy
1622,14,67,8076.9,10500.0,0.98,ai_heavy
1623,15,67,8076.9,10500.0,0.9775,ai_heavy
1624,16,67,7544.2,9807.4,0.9703,ai_heavy
1625,17,67,7476.2,9719.1,0.9588,ai_heavy
1626,18,67,7234.1,9404.3,0.9441,ai_heavy
1627,19,67,7600.9,9881.1,0.9272,ai_heavy
1628,20,67,7592.8,9870.6,0.9092,ai_heavy
1629,21,67,7707.4,10019.6,0.8911,ai_heavy
1630,22,67,7708.3,10020.8,0.874,ai_heavy
1631,23,67,7435.7,9666.4,0.8584,ai_heavy
1632,0,68,7528.2,9786.7,0.8083,ai_heavy
1633,1,68,7254.6,9431.0,0.812,ai_heavy
1634,2,68,7537.4,9798.6,0.8171,ai_heavy
1635,3,68,7314.5,9508.8,0.8235,ai_heavy
1636,4,68,7542.0,9804.6,0.8314,ai_heavy
1637,5,68,7538.3,9799.8,0.8409,ai_heavy
1638,6,68,7485.4,9731.1,0.8518,ai_heavy
1639,7,68,7666.5,9966.4,0.8638,ai_heavy
1640,8,68,7153.3,9299.3,0.8764,ai_heavy
1641,9,68,7285.4,9471.1,0.889,ai_heavy
1642,10,68,7482.5,9727.3,0.9009,ai_heavy
1643,11,68,7231.8,9401.3,0.9112,ai_heavy
1644,12,68,7478.7,9722.3,0.9192,ai_heavy
1645,13,68,7493.5,9741.6,0.9243,ai_heavy
1646,14,68,7879.2,10242.9,0.926,ai_heavy
1647,15,68,7611.1,9894.4,0.9243,ai_heavy
1648,16,68,7804.9,10146.4,0.9192,ai_heavy
1649,17,68,7627.5,9915.8,0.9112,ai_heavy
1650,18,68,7422.4,9649.1,0.9009,ai_heavy
1651,19,68,7556.1,9822.9,0.889,ai_heavy
1652,20,68,7671.2,9972.6,0.8764,ai_heavy
1653,21,68,7756.1,10082.9,0.8638,ai_heavy
1654,22,68,7440.4,9672.5,0.8518,ai_heavy
1655,23,68,7085.3,9210.8,0.8409,ai_heavy
1656,0,69,7023.1,9130.1,0.8083,ai_heavy
1657,1,69,7337.8,9539.2,0.812,ai_heavy
1658,2,69,6897.6,8966.9,0.8171,ai_heavy
1659,3,69,7827.5,10175.8,0.8235,ai_heavy
1660,4,69,7572.7,9844.5,0.8314,ai_heavy
1661,5,69,7311.5,9505.0,0.8409,ai_heavy
1662,6,69,7221.3,9387.7,0.8518,ai_heavy
1663,7,69,7719.0,10034.7,0.8638,ai_heavy
1664,8,69,7256.1,9433.0,0.8764,ai_heavy
1665,9,69,7296.0,9484.8,0.889,ai_heavy
1666,10,69,7370.3,9581.4,0.9009,ai_heavy
1667,11,69,7585.0,9860.5,0.9112,ai_heavy
1668,12,69,7712.1,10025.7,0.9192,ai_heavy
1669,13,69,7849.9,10204.8,0.9243,ai_heavy
1670,14,69,7819.0,10164.7,0.926,ai_heavy
1671,15,69,7578.9,9852.5,0.9243,ai_heavy
1672,16,69,7802.9,10143.8,0.9192,ai_heavy
1673,17,69,7406.9,9629.0,0.9112,ai_heavy
1674,18,69,7131.6,9271.0,0.9009,ai_heavy
1675,19,69,7374.3,9586.6,0.889,ai_heavy
1676,20,69,7325.4,9523.0,0.8764,ai_heavy
1677,21,69,7346.0,9549.8,0.8638,ai_heavy
1678,22,69,7255.0,9431.5,0.8518,ai_heavy
1679,23,69,7350.6,9555.7,0.8409,ai_heavy
1680,0,70,7547.9,9812.3,0.8118,ai_heavy
1681,1,70,7799.8,10139.8,0.8172,ai_heavy
1682,2,70,7044.3,9157.6,0.8244,ai_heavy
1683,3,70,7155.1,9301.6,0.8335,ai_heavy
1684,4,70,7282.5,9467.3,0.8449,ai_heavy
1685,5,70,7651.8,9947.3,0.8584,ai_heavy
1686,6,70,7457.2,9694.3,0.874,ai_heavy
1687,7,70,7365.5,9575.1,0.8911,ai_heavy
1688,8,70,7718.5,10034.1,0.9092,ai_heavy
1689,9,70,7800.7,10140.9,0.9272,ai_heavy
1690,10,70,7604.2,9885.5,0.9441,ai_heavy
1691,11,70,7443.7,9676.9,0.9588,ai_heavy
1692,12,70,7709.7,10022.6,0.9703,ai_heavy
1693,13,70,7605.0,9886.5,0.9775,ai_heavy
1694,14,70,7606.9,9889.0,0.98,ai_heavy
1695,15,70,7540.9,9803.1,0.9775,ai_heavy
1696,16,70,7859.9,10217.9,0.9703,ai_heavy
1697,17,70,7687.8,9994.1,0.9588,ai_heavy
1698,18,70,7844.9,10198.4,0.9441,ai_heavy
1699,19,70,7887.1,10253.2,0.9272,ai_heavy
1700,20,70,7660.1,9958.1,0.9092,ai_heavy
1701,21,70,7414.6,9639.0,0.8911,ai_heavy
1702,22,70,7737.5,10058.7,0.874,ai_heavy
1703,23,70,7584.5,9859.8,0.8584,ai_heavy
1704,0,71,7988.8,10385.4,0.8118,ai_heavy
1705,1,71,7487.1,9733.3,0.8172,ai_heavy
1706,2,71,7584.3,9859.6,0.8244,ai_heavy
1707,3,71,7507.4,9759.7,0.8335,ai_heavy
1708,4,71,7437.5,9668.7,0.8449,ai_heavy
1709,5,71,7421.9,9648.5,0.8584,ai_heavy
1710,6,71,7569.5,9840.4,0.874,ai_heavy
1711,7,71,7646.7,9940.8,0.8911,ai_heavy
1712,8,71,7817.8,10163.1,0.9092,ai_heavy
1713,9,71,7653.4,9949.4,0.9272,ai_heavy
1714,10,71,7502.8,9753.7,0.9441,ai_heavy
1715,11,71,7555.8,9822.5,0.9588,ai_heavy
1716,12,71,7344.2,9547.5,0.9703,ai_heavy
1717,13,71,8040.3,10452.3,0.9775,ai_heavy
1718,14,71,7537.9,9799.3,0.98,ai_heavy
1719,15,71,7880.9,10245.1,0.9775,ai_heavy
1720,16,71,7711.2,10024.5,0.9703,ai_heavy
1721,17,71,7700.1,10010.1,0.9588,ai_heavy
1722,18,71,7581.7,9856.2,0.9441,ai_heavy
1723,19,71,7403.9,9625.0,0.9272,ai_heavy
1724,20,71,7336.5,9537.5,0.9092,ai_heavy
1725,21,71,7919.4,10295.3,0.8911,ai_heavy
1726,22,71,7529.0,9787.6,0.874,ai_heavy
1727,23,71,7732.5,10052.2,0.8584,ai_heavy
1728,0,72,7717.9,10033.3,0.8118,ai_heavy
1729,1,72,7326.7,9524.7,0.8172,ai_heavy
1730,2,72,7523.2,9780.2,0.8244,ai_heavy
1731,3,72,7452.7,9688.4,0.8335,ai_heavy
1732,4,72,7200.7,9360.9,0.8449,ai_heavy
1733,5,72,7438.3,9669.8,0.8584,ai_heavy
1734,6,72,7635.6,9926.2,0.874,ai_heavy
1735,7,72,7416.3,9641.2,0.8911,ai_heavy
1736,8,72,7482.4,9727.2,0.9092,ai_heavy
1737,9,72,7543.7,9806.8,0.9272,ai_heavy
1738,10,72,8076.9,10500.0,0.9441,ai_heavy
1739,11,72,7210.7,9374.0,0.9588,ai_heavy
1740,12,72,7762.8,10091.7,0.9703,ai_heavy
1741,13,72,7600.4,9880.5,0.9775,ai_heavy
1742,14,72,7515.0,9769.6,0.98,ai_heavy
1743,15,72,7594.7,9873.2,0.9775,ai_heavy
1744,16,72,7800.8,10141.1,0.9703,ai_heavy
1745,17,72,7796.4,10135.4,0.9588,ai_heavy
1746,18,72,7651.0,9946.3,0.9441,ai_heavy
1747,19,72,7831.7,10181.2,0.9272,ai_heavy
1748,20,72,7843.7,10196.8,0.9092,ai_heavy
1749,21,72,7713.4,10027.4,0.8911,ai_heavy
1750,22,72,7380.4,9594.5,0.874,ai_heavy
1751,23,72,7590.9,9868.2,0.8584,ai_heavy
1752,0,73,7521.0,9777.3,0.8118,ai_heavy
1753,1,73,7236.6,9407.6,0.8172,ai_heavy
1754,2,73,7079.1,9202.8,0.8244,ai_heavy
1755,3,73,6991.0,9088.2,0.8335,ai_heavy
1756,4,73,7475.3,9717.8,0.8449,ai_heavy
1757,5,73,7546.8,9810.9,0.8584,ai_heavy
1758,6,73,7237.3,9408.5,0.874,ai_heavy
1759,7,73,7765.3,10094.9,0.8911,ai_heavy
1760,8,73,7590.6,9867.7,0.9092,ai_heavy
1761,9,73,7890.1,10257.1,0.9272,ai_heavy
1762,10,73,7693.1,10001.0,0.9441,ai_heavy
1763,11,73,7386.5,9602.4,0.9588,ai_heavy
1764,12,73,7752.9,10078.7,0.9703,ai_heavy
1765,13,73,7812.5,10156.3,0.9775,ai_heavy
1766,14,73,7536.4,9797.4,0.98,ai_heavy
1767,15,73,7327.3,9525.4,0.9775,ai_heavy
1768,16,73,7670.7,9971.9,0.9703,ai_heavy
1769,17,73,7401.5,9621.9,0.9588,ai_heavy
1770,18,73,7864.4,10223.7,0.9441,ai_heavy
1771,19,73,7490.5,9737.6,0.9272,ai_heavy
1772,20,73,7947.0,10331.1,0.9092,ai_heavy
1773,21,73,7049.2,9164.0,0.8911,ai_heavy
1774,22,73,7533.7,9793.7,0.874,ai_heavy
1775,23,73,7800.7,10140.9,0.8584,ai_heavy
1776,0,74,7212.1,9375.8,0.8118,ai_heavy
1777,1,74,7382.7,9597.5,0.8172,ai_heavy
1778,2,74,7339.0,9540.7,0.8244,ai_heavy
1779,3,74,7289.9,9476.9,0.8335,ai_heavy
1780,4,74,7514.4,9768.7,0.8449,ai_heavy
1781,5,74,7189.3,9346.1,0.8584,ai_heavy
1782,6,74,7478.3,9721.8,0.874,ai_heavy
1783,7,74,7645.6,9939.2,0.8911,ai_heavy
1784,8,74,7507.3,9759.5,0.9092,ai_heavy
1785,9,74,7355.6,9562.2,0.9272,ai_heavy
1786,10,74,7843.7,10196.7,0.9441,ai_heavy
1787,11,74,7797.8,10137.1,0.9588,ai_heavy
1788,12,74,7408.8,9631.5,0.9703,ai_heavy
1789,13,74,7361.3,9569.6,0.9775,ai_heavy
1790,14,74,7443.5,9676.5,0.98,ai_heavy
1791,15,74,7783.9,10119.0,0.9775,ai_heavy
1792,16,74,7710.9,10024.2,0.9703,ai_heavy
1793,17,74,7811.4,10154.9,0.9588,ai_heavy
1794,18,74,7534.1,9794.3,0.9441,ai_heavy
1795,19,74,7372.7,9584.6,0.9272,ai_heavy
1796,20,74,7764.4,10093.7,0.9092,ai_heavy
1797,21,74,7404.0,9625.2,0.8911,ai_heavy
1798,22,74,7545.3,9808.9,0.874,ai_heavy
1799,23,74,7132.2,9271.8,0.8584,ai_heavy
1800,0,75,7278.2,9461.6,0.8083,ai_heavy
1801,1,75,7634.8,9925.2,0.812,ai_heavy
1802,2,75,7258.5,9436.0,0.8171,ai_heavy
1803,3,75,7609.0,9891.7,0.8235,ai_heavy
1804,4,75,6919.2,8994.9,0.8314,ai_heavy
1805,5,75,7328.6,9527.2,0.8409,ai_heavy
1806,6,75,7431.6,9661.1,0.8518,ai_heavy
1807,7,75,7879.4,10243.3,0.8638,ai_heavy
1808,8,75,7243.7,9416.8,0.8764,ai_heavy
1809,9,75,7677.4,9980.6,0.889,ai_heavy
1810,10,75,7782.8,10117.7,0.9009,ai_heavy
1811,11,75,7395.5,9614.1,0.9112,ai_heavy
1812,12,75,7486.3,9732.1,0.9192,ai_heavy
1813,13,75,7610.9,9894.2,0.9243,ai_heavy
1814,14,75,7244.4,9417.7,0.926,ai_heavy
1815,15,75,7475.2,9717.8,0.9243,ai_heavy
1816,16,75,7860.9,10219.2,0.9192,ai_heavy
1817,17,75,7677.6,9980.9,0.9112,ai_heavy
1818,18,75,7508.2,9760.6,0.9009,ai_heavy
1819,19,75,7551.4,9816.8,0.889,ai_heavy
1820,20,75,7637.8,9929.1,0.8764,ai_heavy
1821,21,75,7661.5,9960.0,0.8638,ai_heavy
1822,22,75,7345.3,9548.9,0.8518,ai_heavy
1823,23,75,7796.8,10135.9,0.8409,ai_heavy
1824,0,76,7697.1,10006.3,0.8083,ai_heavy
1825,1,76,7560.9,9829.2,0.812,ai_heavy
1826,2,76,7230.3,9399.4,0.8171,ai_heavy
1827,3,76,7200.2,9360.2,0.8235,ai_heavy
1828,4,76,7366.5,9576.5,0.8314,ai_heavy
1829,5,76,7467.3,9707.4,0.8409,ai_heavy
1830,6,76,7073.7,9195.8,0.8518,ai_heavy
1831,7,76,7599.1,9878.9,0.8638,ai_heavy
1832,8,76,7796.9,10136.0,0.8764,ai_heavy
1833,9,76,7656.0,9952.8,0.889,ai_heavy
1834,10,76,7390.6,9607.8,0.9009,ai_heavy
1835,11,76,7379.0,9592.6,0.9112,ai_heavy
1836,12,76,7639.2,9931.0,0.9192,ai_heavy
1837,13,76,7543.8,9807.0,0.9243,ai_heavy
1838,14,76,7682.1,9986.7,0.926,ai_heavy
1839,15,76,7715.5,10030.2,0.9243,ai_heavy
1840,16,76,7819.1,10164.8,0.9192,ai_heavy
1841,17,76,7302.4,9493.1,0.9112,ai_heavy
1842,18,76,7593.8,9871.9,0.9009,ai_heavy
1843,19,76,7443.8,9676.9,0.889,ai_heavy
1844,20,76,7484.7,9730.1,0.8764,ai_heavy
1845,21,76,7682.2,9986.8,0.8638,ai_heavy
1846,22,76,7688.1,9994.5,0.8518,ai_heavy
1847,23,76,7766.4,10096.3,0.8409,ai_heavy
1848,0,77,7504.7,9756.1,0.8118,ai_heavy
1849,1,77,7393.6,9611.7,0.8172,ai_heavy
1850,2,77,7372.5,9584.2,0.8244,ai_heavy
1851,3,77,7055.3,9171.8,0.8335,ai_heavy
1852,4,77,7759.5,10087.3,0.8449,ai_heavy
1853,5,77,7407.7,9630.0,0.8584,ai_heavy
1854,6,77,7617.2,9902.3,0.874,ai_heavy
1855,7,77,7682.4,9987.1,0.8911,ai_heavy
1856,8,77,7273.8,9455.9,0.9092,ai_heavy
1857,9,77,7373.0,9585.0,0.9272,ai_heavy
1858,10,77,7961.6,10350.1,0.9441,ai_heavy
1859,11,77,7697.1,10006.2,0.9588,ai_heavy
1860,12,77,7514.5,9768.9,0.9703,ai_heavy
1861,13,77,7629.6,9918.4,0.9775,ai_heavy
1862,14,77,7912.0,10285.6,0.98,ai_heavy
1863,15,77,7873.2,10235.2,0.9775,ai_heavy
1864,16,77,7311.4,9504.8,0.9703,ai_heavy
1865,17,77,8004.7,10406.1,0.9588,ai_heavy
1866,18,77,7829.0,10177.7,0.9441,ai_heavy
1867,19,77,7548.4,9812.9,0.9272,ai_heavy
1868,20,77,7285.9,9471.7,0.9092,ai_heavy
1869,21,77,7767.1,10097.2,0.8911,ai_heavy
1870,22,77,7610.6,9893.7,0.874,ai_heavy
1871,23,77,7152.8,9298.7,0.8584,ai_heavy
1872,0,78,7358.5,9566.0,0.8118,ai_heavy
1873,1,78,8076.9,10500.0,0.8172,ai_heavy
1874,2,78,7432.5,9662.3,0.8244,ai_heavy
1875,3,78,7276.9,9460.0,0.8335,ai_heavy
1876,4,78,7233.9,9404.1,0.8449,ai_heavy
1877,5,78,7877.6,10240.9,0.8584,ai_heavy
1878,6,78,7694.1,10002.4,0.874,ai_heavy
1879,7,78,7846.9,10201.0,0.8911,ai_heavy
1880,8,78,7612.3,9896.0,0.9092,ai_heavy
1881,9,78,7868.4,10228.9,0.9272,ai_heavy
1882,10,78,7414.9,9639.3,0.9441,ai_heavy
1883,11,78,7667.8,9968.1,0.9588,ai_heavy
1884,12,78,7713.6,10027.6,0.9703,ai_heavy
1885,13,78,7976.2,10369.1,0.9775,ai_heavy
1886,14,78,7735.6,10056.3,0.98,ai_heavy
1887,15,78,7514.9,9769.3,0.9775,ai_heavy
1888,16,78,7662.4,9961.1,0.9703,ai_heavy
1889,17,78,7246.8,9420.9,0.9588,ai_heavy
1890,18,78,7078.7,9202.4,0.9441,ai_heavy
1891,19,78,7772.2,10103.9,0.9272,ai_heavy
1892,20,78,7471.1,9712.5,0.9092,ai_heavy
1893,21,78,7470.0,9711.0,0.8911,ai_heavy
1894,22,78,7690.4,9997.5,0.874,ai_heavy
1895,23,78,7793.5,10131.5,0.8584,ai_heavy
1896,0,79,7528.9,9787.5,0.8118,ai_heavy
1897,1,79,7847.2,10201.4,0.8172,ai_heavy
1898,2,79,7540.9,9803.1,0.8244,ai_heavy
1899,3,79,7510.1,9763.1,0.8335,ai_heavy
1900,4,79,7513.4,9767.5,0.8449,ai_heavy
1901,5,79,7191.5,9349.0,0.8584,ai_heavy
1902,6,79,7718.5,10034.1,0.874,ai_heavy
1903,7,79,6976.7,9069.7,0.8911,ai_heavy
1904,8,79,7423.2,9650.1,0.9092,ai_heavy
1905,9,79,7588.3,9864.8,0.9272,ai_heavy
1906,10,79,7428.2,9656.7,0.9441,ai_heavy
1907,11,79,7527.2,9785.3,0.9588,ai_heavy
1908,12,79,8069.7,10490.6,0.9703,ai_heavy
1909,13,79,7912.2,10285.9,0.9775,ai_heavy
1910,14,79,7504.7,9756.1,0.98,ai_heavy
1911,15,79,7550.7,9815.9,0.9775,ai_heavy
1912,16,79,7354.7,9561.2,0.9703,ai_heavy
1913,17,79,7792.0,10129.6,0.9588,ai_heavy
1914,18,79,7551.5,9817.0,0.9441,ai_heavy
1915,19,79,7135.7,9276.5,0.9272,ai_heavy
1916,20,79,7578.9,9852.6,0.9092,ai_heavy
1917,21,79,7628.2,9916.6,0.8911,ai_heavy
1918,22,79,7720.1,10036.1,0.874,ai_heavy
1919,23,79,7463.5,9702.6,0.8584,ai_heavy
1920,0,80,7327.2,9525.4,0.8118,ai_heavy
1921,1,80,7860.2,10218.2,0.8172,ai_heavy
1922,2,80,7430.3,9659.4,0.8244,ai_heavy
1923,3,80,7603.3,9884.2,0.8335,ai_heavy
1924,4,80,7338.9,9540.6,0.8449,ai_heavy
1925,5,80,7634.8,9925.2,0.8584,ai_heavy
1926,6,80,7175.6,9328.3,0.874,ai_heavy
1927,7,80,7424.7,9652.0,0.8911,ai_heavy
1928,8,80,7282.2,9466.8,0.9092,ai_heavy
1929,9,80,7445.5,9679.1,0.9272,ai_heavy
1930,10,80,7893.9,10262.1,0.9441,ai_heavy
1931,11,80,7490.4,9737.5,0.9588,ai_heavy
1932,12,80,7812.5,10156.3,0.9703,ai_heavy
1933,13,80,8007.2,10409.3,0.9775,ai_heavy
1934,14,80,7656.0,9952.8,0.98,ai_heavy
1935,15,80,7886.9,10253.0,0.9775,ai_heavy
1936,16,80,7769.6,10100.4,0.9703,ai_heavy
1937,17,80,7657.2,9954.4,0.9588,ai_heavy
1938,18,80,7779.8,10113.7,0.9441,ai_heavy
1939,19,80,8001.7,10402.2,0.9272,ai_heavy
1940,20,80,7411.6,9635.1,0.9092,ai_heavy
1941,21,80,7312.4,9506.1,0.8911,ai_heavy
1942,22,80,7274.2,9456.4,0.874,ai_heavy
1943,23,80,7703.1,10014.0,0.8584,ai_heavy
1944,0,81,7661.1,9959.4,0.8118,ai_heavy
1945,1,81,7298.6,9488.2,0.8172,ai_heavy
1946,2,81,6952.8,9038.6,0.8244,ai_heavy
1947,3,81,7291.9,9479.5,0.8335,ai_heavy
1948,4,81,7582.2,9856.9,0.8449,ai_heavy
1949,5,81,7465.0,9704.5,0.8584,ai_heavy
1950,6,81,7543.9,9807.1,0.874,ai_heavy
1951,7,81,7410.8,9634.1,0.8911,ai_heavy
1952,8,81,7785.9,10121.7,0.9092,ai_heavy
1953,9,81,7661.2,9959.5,0.9272,ai_heavy
1954,10,81,7742.4,10065.1,0.9441,ai_heavy
1955,11,81,7667.0,9967.1,0.9588,ai_heavy
1956,12,81,7768.0,10098.4,0.9703,ai_heavy
1957,13,81,7763.9,10093.1,0.9775,ai_heavy
1958,14,81,7449.0,9683.7,0.98,ai_heavy
1959,15,81,7744.3,10067.6,0.9775,ai_heavy
1960,16,81,7829.3,10178.1,0.9703,ai_heavy
1961,17,81,7895.0,10263.5,0.9588,ai_heavy
1962,18,81,7703.5,10014.5,0.9441,ai_heavy
1963,19,81,7363.5,9572.6,0.9272,ai_heavy
1964,20,81,7372.2,9583.8,0.9092,ai_heavy
1965,21,81,7430.7,9660.0,0.8911,ai_heavy
1966,22,81,7546.0,9809.7,0.874,ai_heavy
1967,23,81,7452.5,9688.3,0.8584,ai_heavy
1968,0,82,7155.1,9301.6,0.8083,ai_heavy
1969,1,82,7159.2,9307.0,0.812,ai_heavy
1970,2,82,6950.9,9036.2,0.8171,ai_heavy
1971,3,82,6732.4,8752.1,0.8235,ai_heavy
1972,4,82,7410.0,9633.0,0.8314,ai_heavy
1973,5,82,7972.5,10364.2,0.8409,ai_heavy
1974,6,82,7872.7,10234.5,0.8518,ai_heavy
1975,7,82,7268.3,9448.7,0.8638,ai_heavy
1976,8,82,7540.7,9802.9,0.8764,ai_heavy
1977,9,82,7195.2,9353.8,0.889,ai_heavy
1978,10,82,7246.7,9420.7,0.9009,ai_heavy
1979,11,82,7287.5,9473.8,0.9112,ai_heavy
1980,12,82,7519.9,9775.8,0.9192,ai_heavy
1981,13,82,7537.2,9798.4,0.9243,ai_heavy
1982,14,82,7638.8,9930.4,0.926,ai_heavy
1983,15,82,7729.5,10048.3,0.9243,ai_heavy
1984,16,82,7494.6,9743.0,0.9192,ai_heavy
1985,17,82,7567.3,9837.5,0.9112,ai_heavy
1986,18,82,7296.1,9484.9,0.9009,ai_heavy
1987,19,82,7222.3,9389.0,0.889,ai_heavy
1988,20,82,7169.4,9320.2,0.8764,ai_heavy
1989,21,82,7633.9,9924.0,0.8638,ai_heavy
1990,22,82,7394.3,9612.6,0.8518,ai_heavy
1991,23,82,7035.3,9145.8,0.8409,ai_heavy
1992,0,83,7390.7,9607.9,0.8083,ai_heavy
1993,1,83,7132.8,9272.6,0.812,ai_heavy
1994,2,83,7787.4,10123.6,0.8171,ai_heavy
1995,3,83,7298.5,9488.1,0.8235,ai_heavy
1996,4,83,7591.5,9869.0,0.8314,ai_heavy
1997,5,83,7697.2,10006.3,0.8409,ai_heavy
1998,6,83,7256.0,9432.8,0.8518,ai_heavy
1999,7,83,7505.1,9756.6,0.8638,ai_heavy
2000,8,83,7631.6,9921.1,0.8764,ai_heavy
2001,9,83,7552.0,9817.5,0.889,ai_heavy
2002,10,83,7625.4,9913.0,0.9009,ai_heavy
2003,11,83,7257.6,9434.8,0.9112,ai_heavy
2004,12,83,7696.9,10006.0,0.9192,ai_heavy
2005,13,83,7468.2,9708.6,0.9243,ai_heavy
2006,14,83,7660.8,9959.0,0.926,ai_heavy
2007,15,83,7787.9,10124.2,0.9243,ai_heavy
2008,16,83,7723.0,10039.9,0.9192,ai_heavy
2009,17,83,7638.2,9929.6,0.9112,ai_heavy
2010,18,83,7689.0,9995.7,0.9009,ai_heavy
2011,19,83,7681.3,9985.7,0.889,ai_heavy
2012,20,83,7843.7,10196.9,0.8764,ai_heavy
2013,21,83,7480.4,9724.5,0.8638,ai_heavy
2014,22,83,7506.8,9758.8,0.8518,ai_heavy
2015,23,83,7662.1,9960.7,0.8409,ai_heavy
2016,0,84,7301.0,9491.4,0.8118,ai_heavy
2017,1,84,7121.0,9257.3,0.8172,ai_heavy
2018,2,84,7538.8,9800.4,0.8244,ai_heavy
2019,3,84,7396.6,9615.6,0.8335,ai_heavy
2020,4,84,7189.4,9346.2,0.8449,ai_heavy
2021,5,84,7592.3,9870.0,0.8584,ai_heavy
2022,6,84,7825.5,10173.1,0.874,ai_heavy
2023,7,84,7160.9,9309.2,0.8911,ai_heavy
2024,8,84,7787.8,10124.2,0.9092,ai_heavy
2025,9,84,7005.9,9107.7,0.9272,ai_heavy
2026,10,84,7517.1,9772.3,0.9441,ai_heavy
2027,11,84,8051.9,10467.5,0.9588,ai_heavy
2028,12,84,7572.4,9844.1,0.9703,ai_heavy
2029,13,84,7679.2,9983.0,0.9775,ai_heavy
2030,14,84,7837.7,10189.0,0.98,ai_heavy
2031,15,84,7264.2,9443.5,0.9775,ai_heavy
2032,16,84,7664.3,9963.5,0.9703,ai_heavy
2033,17,84,7645.3,9938.9,0.9588,ai_heavy
2034,18,84,8033.6,10443.7,0.9441,ai_heavy
2035,19,84,7302.0,9492.6,0.9272,ai_heavy
2036,20,84,7469.6,9710.5,0.9092,ai_heavy
2037,21,84,7319.3,9515.1,0.8911,ai_heavy
2038,22,84,7270.5,9451.6,0.874,ai_heavy
2039,23,84,7733.0,10052.8,0.8584,ai_heavy
2040,0,85,7416.0,9640.8,0.8118,ai_heavy
2041,1,85,7294.5,9482.8,0.8172,ai_heavy
2042,2,85,7313.4,9507.5,0.8244,ai_heavy
2043,3,85,7316.8,9511.9,0.8335,ai_heavy
2044,4,85,7353.6,9559.7,0.8449,ai_heavy
2045,5,85,7196.2,9355.1,0.8584,ai_heavy
2046,6,85,7445.1,9678.6,0.874,ai_heavy
2047,7,85,7447.9,9682.2,0.8911,ai_heavy
2048,8,85,7384.3,9599.6,0.9092,ai_heavy
2049,9,85,7618.4,9903.9,0.9272,ai_heavy
2050,10,85,7663.3,9962.2,0.9441,ai_heavy
2051,11,85,7503.2,9754.1,0.9588,ai_heavy
2052,12,85,7614.6,9899.0,0.9703,ai_heavy
2053,13,85,8076.9,10500.0,0.9775,ai_heavy
2054,14,85,8076.9,10500.0,0.98,ai_heavy
2055,15,85,7416.4,9641.3,0.9775,ai_heavy
2056,16,85,7437.9,9669.3,0.9703,ai_heavy
2057,17,85,7388.1,9604.5,0.9588,ai_heavy
2058,18,85,7849.8,10204.7,0.9441,ai_heavy
2059,19,85,7492.4,9740.2,0.9272,ai_heavy
2060,20,85,7610.4,9893.5,0.9092,ai_heavy
2061,21,85,7980.1,10374.1,0.8911,ai_heavy
2062,22,85,7501.0,9751.2,0.874,ai_heavy
2063,23,85,7638.4,9930.0,0.8584,ai_heavy
2064,0,86,7525.7,9783.5,0.8118,ai_heavy
2065,1,86,7287.2,9473.4,0.8172,ai_heavy
2066,2,86,7664.9,9964.4,0.8244,ai_heavy
2067,3,86,7252.9,9428.7,0.8335,ai_heavy
2068,4,86,7759.5,10087.3,0.8449,ai_heavy
2069,5,86,7348.1,9552.6,0.8584,ai_heavy
2070,6,86,7395.7,9614.4,0.874,ai_heavy
2071,7,86,7283.2,9468.1,0.8911,ai_heavy
2072,8,86,7346.6,9550.5,0.9092,ai_heavy
2073,9,86,7486.0,9731.8,0.9272,ai_heavy
2074,10,86,7053.5,9169.6,0.9441,ai_heavy
2075,11,86,7577.2,9850.3,0.9588,ai_heavy
2076,12,86,7531.2,9790.5,0.9703,ai_heavy
2077,13,86,7840.1,10192.1,0.9775,ai_heavy
2078,14,86,7759.5,10087.4,0.98,ai_heavy
2079,15,86,7496.0,9744.8,0.9775,ai_heavy
2080,16,86,7542.5,9805.3,0.9703,ai_heavy
2081,17,86,7576.9,9849.9,0.9588,ai_heavy
2082,18,86,7947.7,10332.0,0.9441,ai_heavy
2083,19,86,7396.0,9614.8,0.9272,ai_heavy
2084,20,86,7392.9,9610.8,0.9092,ai_heavy
2085,21,86,7274.1,9456.3,0.8911,ai_heavy
2086,22,86,7169.7,9320.6,0.874,ai_heavy
2087,23,86,7548.9,9813.5,0.8584,ai_heavy
2088,0,87,7455.2,9691.7,0.8118,ai_heavy
2089,1,87,7703.6,10014.7,0.8172,ai_heavy
2090,2,87,7660.9,9959.2,0.8244,ai_heavy
2091,3,87,7977.8,10371.2,0.8335,ai_heavy
2092,4,87,7443.1,9676.0,0.8449,ai_heavy
2093,5,87,7421.5,9648.0,0.8584,ai_heavy
2094,6,87,7210.6,9373.8,0.874,ai_heavy
2095,7,87,7686.4,9992.3,0.8911,ai_heavy
2096,8,87,7582.9,9857.8,0.9092,ai_heavy
2097,9,87,7731.3,10050.6,0.9272,ai_heavy
2098,10,87,7348.5,9553.0,0.9441,ai_heavy
2099,11,87,7711.1,10024.4,0.9588,ai_heavy
2100,12,87,7694.8,10003.2,0.9703,ai_heavy
2101,13,87,7690.5,9997.7,0.9775,ai_heavy
2102,14,87,7505.2,9756.8,0.98,ai_heavy
2103,15,87,7931.8,10311.4,0.9775,ai_heavy
2104,16,87,8076.9,10500.0,0.9703,ai_heavy
2105,17,87,7376.4,9589.3,0.9588,ai_heavy
2106,18,87,7773.0,10104.8,0.9441,ai_heavy
2107,19,87,6928.4,9006.9,0.9272,ai_heavy
2108,20,87,7707.6,10019.9,0.9092,ai_heavy
2109,21,87,7106.6,9238.6,0.8911,ai_heavy
2110,22,87,7385.1,9600.7,0.874,ai_heavy
2111,23,87,7185.3,9340.9,0.8584,ai_heavy
2112,0,88,7362.1,9570.8,0.8118,ai_heavy
2113,1,88,7604.8,9886.2,0.8172,ai_heavy
2114,2,88,7014.9,9119.4,0.8244,ai_heavy
2115,3,88,7362.3,9571.0,0.8335,ai_heavy
2116,4,88,7344.7,9548.2,0.8449,ai_heavy
2117,5,88,7834.7,10185.2,0.8584,ai_heavy
2118,6,88,7600.5,9880.6,0.874,ai_heavy
2119,7,88,7263.1,9442.1,0.8911,ai_heavy
2120,8,88,7449.2,9684.0,0.9092,ai_heavy
2121,9,88,7937.1,10318.2,0.9272,ai_heavy
2122,10,88,7771.6,10103.0,0.9441,ai_heavy
2123,11,88,7420.4,9646.5,0.9588,ai_heavy
2124,12,88,7586.4,9862.4,0.9703,ai_heavy
2125,13,88,7604.6,9885.9,0.9775,ai_heavy
2126,14,88,7538.6,9800.2,0.98,ai_heavy
2127,15,88,7265.6,9445.3,0.9775,ai_heavy
2128,16,88,7492.2,9739.9,0.9703,ai_heavy
2129,17,88,7948.6,10333.2,0.9588,ai_heavy
2130,18,88,7521.5,9778.0,0.9441,ai_heavy
2131,19,88,7559.6,9827.5,0.9272,ai_heavy
2132,20,88,7587.9,9864.3,0.9092,ai_heavy
2133,21,88,8030.0,10439.0,0.8911,ai_heavy
2134,22,88,7505.3,9756.9,0.874,ai_heavy
2135,23,88,7725.4,10043.1,0.8584,ai_heavy
2136,0,89,7271.8,9453.4,0.8083,ai_heavy
2137,1,89,7352.7,9558.5,0.812,ai_heavy
2138,2,89,7420.7,9646.9,0.8171,ai_heavy
2139,3,89,7255.0,9431.5,0.8235,ai_heavy
2140,4,89,7394.0,9612.2,0.8314,ai_heavy
2141,5,89,7652.2,9947.9,0.8409,ai_heavy
2142,6,89,7290.6,9477.8,0.8518,ai_heavy
2143,7,89,7488.0,9734.4,0.8638,ai_heavy
2144,8,89,7666.6,9966.5,0.8764,ai_heavy
2145,9,89,7339.7,9541.6,0.889,ai_heavy
2146,10,89,7791.5,10129.0,0.9009,ai_heavy
2147,11,89,7575.6,9848.3,0.9112,ai_heavy
2148,12,89,7533.6,9793.7,0.9192,ai_heavy
2149,13,89,7122.1,9258.8,0.9243,ai_heavy
2150,14,89,7496.3,9745.2,0.926,ai_heavy
2151,15,89,7663.2,9962.1,0.9243,ai_heavy
2152,16,89,7967.5,10357.8,0.9192,ai_heavy
2153,17,89,7687.9,9994.2,0.9112,ai_heavy
2154,18,89,7798.5,10138.1,0.9009,ai_heavy
2155,19,89,7252.9,9428.7,0.889,ai_heavy
2156,20,89,7478.4,9721.9,0.8764,ai_heavy
2157,21,89,7762.2,10090.9,0.8638,ai_heavy
2158,22,89,7271.1,9452.4,0.8518,ai_heavy
2159,23,89,7669.5,9970.4,0.8409,ai_heavy
2160,0,90,7567.6,9837.9,0.8083,ai_heavy
2161,1,90,7471.5,9712.9,0.812,ai_heavy
2162,2,90,7344.7,9548.2,0.8171,ai_heavy
2163,3,90,7207.7,9370.1,0.8235,ai_heavy
2164,4,90,7835.7,10186.4,0.8314,ai_heavy
2165,5,90,7595.0,9873.4,0.8409,ai_heavy
2166,6,90,7546.3,9810.2,0.8518,ai_heavy
2167,7,90,7395.3,9613.8,0.8638,ai_heavy
2168,8,90,7515.5,9770.1,0.8764,ai_heavy
2169,9,90,7563.1,9832.0,0.889,ai_heavy
2170,10,90,7634.1,9924.4,0.9009,ai_heavy
2171,11,90,7725.6,10043.3,0.9112,ai_heavy
2172,12,90,7393.4,9611.4,0.9192,ai_heavy
2173,13,90,7245.3,9418.8,0.9243,ai_heavy
2174,14,90,7600.5,9880.6,0.926,ai_heavy
2175,15,90,7181.5,9335.9,0.9243,ai_heavy
2176,16,90,7497.6,9746.9,0.9192,ai_heavy
2177,17,90,7443.6,9676.7,0.9112,ai_heavy
2178,18,90,7654.9,9951.4,0.9009,ai_heavy
2179,19,90,7973.5,10365.5,0.889,ai_heavy
2180,20,90,7069.0,9189.7,0.8764,ai_heavy
2181,21,90,7998.9,10398.5,0.8638,ai_heavy
2182,22,90,7417.8,9643.1,0.8518,ai_heavy
2183,23,90,7531.4,9790.9,0.8409,ai_heavy
2184,0,91,7095.5,9224.2,0.8118,ai_heavy
2185,1,91,7640.0,9932.0,0.8172,ai_heavy
2186,2,91,7438.1,9669.5,0.8244,ai_heavy
2187,3,91,7428.9,9657.5,0.8335,ai_heavy
2188,4,91,7026.1,9133.9,0.8449,ai_heavy
2189,5,91,7496.5,9745.5,0.8584,ai_heavy
2190,6,91,7693.7,10001.8,0.874,ai_heavy
2191,7,91,7475.6,9718.3,0.8911,ai_heavy
2192,8,91,7822.2,10168.9,0.9092,ai_heavy
2193,9,91,7840.8,10193.1,0.9272,ai_heavy
2194,10,91,7462.2,9700.8,0.9441,ai_heavy
2195,11,91,7995.7,10394.5,0.9588,ai_heavy
2196,12,91,7658.1,9955.5,0.9703,ai_heavy
2197,13,91,7670.0,9971.0,0.9775,ai_heavy
2198,14,91,7685.1,9990.6,0.98,ai_heavy
2199,15,91,7674.5,9976.9,0.9775,ai_heavy
2200,16,91,7044.3,9157.6,0.9703,ai_heavy
2201,17,91,7588.1,9864.6,0.9588,ai_heavy
2202,18,91,7297.2,9486.3,0.9441,ai_heavy
2203,19,91,7953.1,10339.0,0.9272,ai_heavy
2204,20,91,7915.6,10290.3,0.9092,ai_heavy
2205,21,91,7721.4,10037.9,0.8911,ai_heavy
2206,22,91,7449.6,9684.5,0.874,ai_heavy
2207,23,91,7253.8,9429.9,0.8584,ai_heavy
2208,0,92,7263.9,9443.0,0.8118,ai_heavy
2209,1,92,7850.5,10205.6,0.8172,ai_heavy
2210,2,92,7274.6,9457.0,0.8244,ai_heavy
2211,3,92,6916.6,8991.6,0.8335,ai_heavy
2212,4,92,7690.2,9997.2,0.8449,ai_heavy
2213,5,92,7816.7,10161.7,0.8584,ai_heavy
2214,6,92,7876.8,10239.8,0.874,ai_heavy
2215,7,92,7763.6,10092.6,0.8911,ai_heavy
2216,8,92,7828.4,10177.0,0.9092,ai_heavy
2217,9,92,7595.1,9873.7,0.9272,ai_heavy
2218,10,92,7134.6,9275.0,0.9441,ai_heavy
2219,11,92,7637.0,9928.1,0.9588,ai_heavy
2220,12,92,7790.3,10127.4,0.9703,ai_heavy
2221,13,92,7627.5,9915.8,0.9775,ai_heavy
2222,14,92,7620.7,9907.0,0.98,ai_heavy
2223,15,92,7437.1,9668.2,0.9775,ai_heavy
2224,16,92,7417.9,9643.3,0.9703,ai_heavy
2225,17,92,8051.4,10466.8,0.9588,ai_heavy
2226,18,92,8036.3,10447.2,0.9441,ai_heavy
2227,19,92,7582.5,9857.3,0.9272,ai_heavy
2228,20,92,7619.9,9905.9,0.9092,ai_heavy
2229,21,92,7307.5,9499.7,0.8911,ai_heavy
2230,22,92,7648.0,9942.3,0.874,ai_heavy
2231,23,92,7874.8,10237.3,0.8584,ai_heavy
2232,0,93,7070.1,9191.1,0.8118,ai_heavy
2233,1,93,7521.4,9777.8,0.8172,ai_heavy
2234,2,93,7549.0,9813.7,0.8244,ai_heavy
2235,3,93,7560.4,9828.5,0.8335,ai_heavy
2236,4,93,7827.3,10175.5,0.8449,ai_heavy
2237,5,93,7936.8,10317.9,0.8584,ai_heavy
2238,6,93,7450.8,9686.0,0.874,ai_heavy
2239,7,93,7681.1,9985.4,0.8911,ai_heavy
2240,8,93,7575.2,9847.7,0.9092,ai_heavy
2241,9,93,7439.3,9671.1,0.9272,ai_heavy
2242,10,93,7670.3,9971.4,0.9441,ai_heavy
2243,11,93,7784.3,10119.6,0.9588,ai_heavy
2244,12,93,7697.5,10006.7,0.9703,ai_heavy
2245,13,93,7456.1,9693.0,0.9775,ai_heavy
2246,14,93,7555.7,9822.5,0.98,ai_heavy
2247,15,93,7553.8,9820.0,0.9775,ai_heavy
2248,16,93,7454.4,9690.8,0.9703,ai_heavy
2249,17,93,7702.4,10013.1,0.9588,ai_heavy
2250,18,93,7703.9,10015.1,0.9441,ai_heavy
2251,19,93,7805.9,10147.7,0.9272,ai_heavy
2252,20,93,7361.7,9570.2,0.9092,ai_heavy
2253,21,93,7398.6,9618.2,0.8911,ai_heavy
2254,22,93,7853.2,10209.2,0.874,ai_heavy
2255,23,93,7443.1,9676.0,0.8584,ai_heavy
2256,0,94,7416.8,9641.8,0.8118,ai_heavy
2257,1,94,7379.2,9592.9,0.8172,ai_heavy
2258,2,94,7681.4,9985.8,0.8244,ai_heavy
2259,3,94,7704.2,10015.5,0.8335,ai_heavy
2260,4,94,7708.8,10021.4,0.8449,ai_heavy
2261,5,94,7485.9,9731.7,0.8584,ai_heavy
2262,6,94,7306.9,9499.0,0.874,ai_heavy
2263,7,94,7963.9,10353.0,0.8911,ai_heavy
2264,8,94,7750.2,10075.2,0.9092,ai_heavy
2265,9,94,7479.2,9723.0,0.9272,ai_heavy
2266,10,94,7933.5,10313.6,0.9441,ai_heavy
2267,11,94,7508.0,9760.4,0.9588,ai_heavy
2268,12,94,7971.4,10362.8,0.9703,ai_heavy
2269,13,94,7998.2,10397.7,0.9775,ai_heavy
2270,14,94,7450.5,9685.6,0.98,ai_heavy
2271,15,94,7792.2,10129.9,0.9775,ai_heavy
2272,16,94,7827.2,10175.3,0.9703,ai_heavy
2273,17,94,8076.9,10500.0,0.9588,ai_heavy
2274,18,94,7439.1,9670.8,0.9441,ai_heavy
2275,19,94,7909.0,10281.7,0.9272,ai_heavy
2276,20,94,7560.0,9828.0,0.9092,ai_heavy
2277,21,94,7248.6,9423.2,0.8911,ai_heavy
2278,22,94,7476.3,9719.2,0.874,ai_heavy
2279,23,94,7480.5,9724.7,0.8584,ai_heavy
2280,0,95,7174.7,9327.1,0.8118,ai_heavy
2281,1,95,7487.6,9733.9,0.8172,ai_heavy
2282,2,95,7642.3,9935.0,0.8244,ai_heavy
2283,3,95,7495.8,9744.5,0.8335,ai_heavy
2284,4,95,7338.4,9539.9,0.8449,ai_heavy
2285,5,95,7446.6,9680.6,0.8584,ai_heavy
2286,6,95,7502.3,9753.0,0.874,ai_heavy
2287,7,95,7578.1,9851.5,0.8911,ai_heavy
2288,8,95,7807.6,10149.9,0.9092,ai_heavy
2289,9,95,7645.0,9938.5,0.9272,ai_heavy
2290,10,95,7288.3,9474.8,0.9441,ai_heavy
2291,11,95,7501.9,9752.4,0.9588,ai_heavy
2292,12,95,7685.8,9991.5,0.9703,ai_heavy
2293,13,95,7916.9,10291.9,0.9775,ai_heavy
2294,14,95,7960.6,10348.8,0.98,ai_heavy
2295,15,95,8066.3,10486.2,0.9775,ai_heavy
2296,16,95,7677.7,9981.0,0.9703,ai_heavy
2297,17,95,7805.3,10146.9,0.9588,ai_heavy
2298,18,95,7276.5,9459.5,0.9441,ai_heavy
2299,19,95,7680.9,9985.2,0.9272,ai_heavy
2300,20,95,7312.3,9506.0,0.9092,ai_heavy
2301,21,95,7514.9,9769.4,0.8911,ai_heavy
2302,22,95,8076.9,10500.0,0.874,ai_heavy
2303,23,95,7548.1,9812.5,0.8584,ai_heavy
2304,0,96,7212.8,9376.7,0.8083,ai_heavy
2305,1,96,7501.0,9751.4,0.812,ai_heavy
2306,2,96,7302.8,9493.7,0.8171,ai_heavy
2307,3,96,7213.4,9377.5,0.8235,ai_heavy
2308,4,96,7908.8,10281.5,0.8314,ai_heavy
2309,5,96,7692.2,9999.9,0.8409,ai_heavy
2310,6,96,7547.4,9811.7,0.8518,ai_heavy
2311,7,96,7400.0,9620.0,0.8638,ai_heavy
2312,8,96,7436.9,9668.0,0.8764,ai_heavy
2313,9,96,7874.1,10236.4,0.889,ai_heavy
2314,10,96,7613.0,9896.9,0.9009,ai_heavy
2315,11,96,6860.0,8918.0,0.9112,ai_heavy
2316,12,96,8076.9,10500.0,0.9192,ai_heavy
2317,13,96,7620.3,9906.4,0.9243,ai_heavy
2318,14,96,7659.4,9957.2,0.926,ai_heavy
2319,15,96,7825.8,10173.5,0.9243,ai_heavy
2320,16,96,7676.8,9979.8,0.9192,ai_heavy
2321,17,96,7728.5,10047.0,0.9112,ai_heavy
2322,18,96,7447.8,9682.1,0.9009,ai_heavy
2323,19,96,7248.2,9422.7,0.889,ai_heavy
2324,20,96,7570.1,9841.1,0.8764,ai_heavy
2325,21,96,7809.6,10152.5,0.8638,ai_heavy
2326,22,96,7324.8,9522.3,0.8518,ai_heavy
2327,23,96,7290.9,9478.1,0.8409,ai_heavy
2328,0,97,7676.0,9978.8,0.8083,ai_heavy
2329,1,97,7308.7,9501.4,0.812,ai_heavy
2330,2,97,7326.5,9524.5,0.8171,ai_heavy
2331,3,97,7344.4,9547.7,0.8235,ai_heavy
2332,4,97,7424.9,9652.4,0.8314,ai_heavy
2333,5,97,7101.8,9232.3,0.8409,ai_heavy
2334,6,97,7349.1,9553.9,0.8518,ai_heavy
2335,7,97,7539.8,9801.7,0.8638,ai_heavy
2336,8,97,7557.2,9824.4,0.8764,ai_heavy
2337,9,97,7787.3,10123.5,0.889,ai_heavy
2338,10,97,7959.9,10347.9,0.9009,ai_heavy
2339,11,97,7902.1,10272.7,0.9112,ai_heavy
2340,12,97,7778.8,10112.5,0.9192,ai_heavy
2341,13,97,7544.9,9808.3,0.9243,ai_heavy
2342,14,97,7439.6,9671.5,0.926,ai_heavy
2343,15,97,7582.8,9857.6,0.9243,ai_heavy
2344,16,97,7704.1,10015.3,0.9192,ai_heavy
2345,17,97,7745.5,10069.1,0.9112,ai_heavy
2346,18,97,7684.7,9990.1,0.9009,ai_heavy
2347,19,97,7498.5,9748.1,0.889,ai_heavy
2348,20,97,7684.1,9989.4,0.8764,ai_heavy
2349,21,97,7771.2,10102.6,0.8638,ai_heavy
2350,22,97,7667.3,9967.4,0.8518,ai_heavy
2351,23,97,7446.5,9680.5,0.8409,ai_heavy
2352,0,98,7224.7,9392.1,0.8118,ai_heavy
2353,1,98,7227.3,9395.5,0.8172,ai_heavy
2354,2,98,7277.0,9460.1,0.8244,ai_heavy
2355,3,98,7500.0,9750.0,0.8335,ai_heavy
2356,4,98,7576.0,9848.7,0.8449,ai_heavy
2357,5,98,7162.5,9311.3,0.8584,ai_heavy
2358,6,98,7389.9,9606.8,0.874,ai_heavy
2359,7,98,7584.0,9859.2,0.8911,ai_heavy
2360,8,98,7352.1,9557.8,0.9092,ai_heavy
2361,9,98,7681.8,9986.4,0.9272,ai_heavy
2362,10,98,7538.3,9799.8,0.9441,ai_heavy
2363,11,98,7465.0,9704.5,0.9588,ai_heavy
2364,12,98,7659.9,9957.9,0.9703,ai_heavy
2365,13,98,7748.7,10073.3,0.9775,ai_heavy
2366,14,98,7467.3,9707.4,0.98,ai_heavy
2367,15,98,7602.8,9883.7,0.9775,ai_heavy
2368,16,98,7755.0,10081.5,0.9703,ai_heavy
2369,17,98,7456.1,9693.0,0.9588,ai_heavy
2370,18,98,7230.1,9399.1,0.9441,ai_heavy
2371,19,98,7233.5,9403.6,0.9272,ai_heavy
2372,20,98,7461.3,9699.7,0.9092,ai_heavy
2373,21,98,7231.2,9400.6,0.8911,ai_heavy
2374,22,98,7425.0,9652.5,0.874,ai_heavy
2375,23,98,7853.6,10209.6,0.8584,ai_heavy
2376,0,99,7103.6,9234.7,0.8118,ai_heavy
2377,1,99,7355.2,9561.8,0.8172,ai_heavy
2378,2,99,7904.1,10275.3,0.8244,ai_heavy
2379,3,99,7533.7,9793.8,0.8335,ai_heavy
2380,4,99,7377.3,9590.5,0.8449,ai_heavy
2381,5,99,7444.8,9678.2,0.8584,ai_heavy
2382,6,99,7600.0,9879.9,0.874,ai_heavy
2383,7,99,7912.0,10285.7,0.8911,ai_heavy
2384,8,99,7435.7,9666.5,0.9092,ai_heavy
2385,9,99,7410.8,9634.0,0.9272,ai_heavy
2386,10,99,7293.8,9481.9,0.9441,ai_heavy
2387,11,99,7654.2,9950.4,0.9588,ai_heavy
2388,12,99,7325.2,9522.8,0.9703,ai_heavy
2389,13,99,7552.0,9817.6,0.9775,ai_heavy
2390,14,99,7453.4,9689.5,0.98,ai_heavy
2391,15,99,7905.4,10277.0,0.9775,ai_heavy
2392,16,99,7531.1,9790.4,0.9703,ai_heavy
2393,17,99,7721.4,10037.9,0.9588,ai_heavy
2394,18,99,7242.4,9415.1,0.9441,ai_heavy
2395,19,99,7613.0,9896.9,0.9272,ai_heavy
2396,20,99,7283.3,9468.3,0.9092,ai_heavy
2397,21,99,7432.9,9662.7,0.8911,ai_heavy
2398,22,99,8001.0,10401.4,0.874,ai_heavy
2399,23,99,7689.1,9995.9,0.8584,ai_heavy
2400,0,100,7381.5,9596.0,0.8118,ai_heavy
2401,1,100,8076.9,10500.0,0.8172,ai_heavy
2402,2,100,7224.9,9392.4,0.8244,ai_heavy
2403,3,100,7702.8,10013.6,0.8335,ai_heavy
2404,4,100,7116.6,9251.6,0.8449,ai_heavy
2405,5,100,7425.2,9652.8,0.8584,ai_heavy
2406,6,100,7199.9,9359.9,0.874,ai_heavy
2407,7,100,7587.1,9863.3,0.8911,ai_heavy
2408,8,100,7568.8,9839.4,0.9092,ai_heavy
2409,9,100,7513.1,9767.0,0.9272,ai_heavy
2410,10,100,7857.8,10215.1,0.9441,ai_heavy
2411,11,100,7500.8,9751.0,0.9588,ai_heavy
2412,12,100,7722.7,10039.5,0.9703,ai_heavy
2413,13,100,7847.1,10201.2,0.9775,ai_heavy
2414,14,100,7321.4,9517.8,0.98,ai_heavy
2415,15,100,7486.6,9732.6,0.9775,ai_heavy
2416,16,100,7660.1,9958.1,0.9703,ai_heavy
2417,17,100,7774.8,10107.3,0.9588,ai_heavy
2418,18,100,7932.9,10312.8,0.9441,ai_heavy
2419,19,100,7534.0,9794.2,0.9272,ai_heavy
2420,20,100,7484.3,9729.6,0.9092,ai_heavy
2421,21,100,7331.9,9531.5,0.8911,ai_heavy
2422,22,100,7577.6,9850.9,0.874,ai_heavy
2423,23,100,7413.3,9637.3,0.8584,ai_heavy
2424,0,101,7349.1,9553.9,0.8118,ai_heavy
2425,1,101,7397.2,9616.4,0.8172,ai_heavy
2426,2,101,7551.8,9817.3,0.8244,ai_heavy
2427,3,101,7316.7,9511.8,0.8335,ai_heavy
2428,4,101,7286.8,9472.9,0.8449,ai_heavy
2429,5,101,7576.8,9849.9,0.8584,ai_heavy
2430,6,101,6822.2,8868.9,0.874,ai_heavy
2431,7,101,7392.7,9610.5,0.8911,ai_heavy
2432,8,101,7295.1,9483.6,0.9092,ai_heavy
2433,9,101,7856.8,10213.9,0.9272,ai_heavy
2434,10,101,7507.9,9760.2,0.9441,ai_heavy
2435,11,101,7502.2,9752.9,0.9588,ai_heavy
2436,12,101,7636.6,9927.5,0.9703,ai_heavy
2437,13,101,7521.8,9778.3,0.9775,ai_heavy
2438,14,101,7569.8,9840.7,0.98,ai_heavy
2439,15,101,7680.9,9985.2,0.9775,ai_heavy
2440,16,101,7550.9,9816.2,0.9703,ai_heavy
2441,17,101,7532.3,9792.0,0.9588,ai_heavy
2442,18,101,7377.9,9591.3,0.9441,ai_heavy
2443,19,101,7320.6,9516.8,0.9272,ai_heavy
2444,20,101,7569.8,9840.8,0.9092,ai_heavy
2445,21,101,7598.3,9877.8,0.8911,ai_heavy
2446,22,101,7181.8,9336.4,0.874,ai_heavy
2447,23,101,7650.5,9945.6,0.8584,ai_heavy
2448,0,102,7579.9,9853.9,0.8118,ai_heavy
2449,1,102,7635.0,9925.6,0.8172,ai_heavy
2450,2,102,7495.7,9744.4,0.8244,ai_heavy
2451,3,102,7584.8,9860.3,0.8335,ai_heavy
2452,4,102,7948.6,10333.2,0.8449,ai_heavy
2453,5,102,7412.3,9636.0,0.8584,ai_heavy
2454,6,102,7267.9,9448.3,0.874,ai_heavy
2455,7,102,7182.5,9337.3,0.8911,ai_heavy
2456,8,102,7954.1,10340.3,0.9092,ai_heavy
2457,9,102,7985.5,10381.1,0.9272,ai_heavy
2458,10,102,7397.5,9616.7,0.9441,ai_heavy
2459,11,102,7464.1,9703.3,0.9588,ai_heavy
2460,12,102,7573.4,9845.4,0.9703,ai_heavy
2461,13,102,7939.9,10321.8,0.9775,ai_heavy
2462,14,102,7366.4,9576.3,0.98,ai_heavy
2463,15,102,7206.7,9368.8,0.9775,ai_heavy
2464,16,102,8076.9,10500.0,0.9703,ai_heavy
2465,17,102,7702.1,10012.7,0.9588,ai_heavy
2466,18,102,7712.2,10025.9,0.9441,ai_heavy
2467,19,102,7536.4,9797.4,0.9272,ai_heavy
2468,20,102,7661.7,9960.2,0.9092,ai_heavy
2469,21,102,7187.0,9343.1,0.8911,ai_heavy
2470,22,102,7314.0,9508.2,0.874,ai_heavy
2471,23,102,7503.6,9754.6,0.8584,ai_heavy
2472,0,103,6900.3,8970.4,0.8083,ai_heavy
2473,1,103,7343.1,9546.1,0.812,ai_heavy
2474,2,103,7336.8,9537.9,0.8171,ai_heavy
2475,3,103,7360.1,9568.1,0.8235,ai_heavy
2476,4,103,7316.4,9511.4,0.8314,ai_heavy
2477,5,103,7231.0,9400.3,0.8409,ai_heavy
2478,6,103,7061.7,9180.2,0.8518,ai_heavy
2479,7,103,7520.5,9776.7,0.8638,ai_heavy
2480,8,103,7439.4,9671.2,0.8764,ai_heavy
2481,9,103,7215.4,9380.0,0.889,ai_heavy
2482,10,103,7557.8,9825.1,0.9009,ai_heavy
2483,11,103,7492.2,9739.9,0.9112,ai_heavy
2484,12,103,7466.4,9706.3,0.9192,ai_heavy
2485,13,103,7088.3,9214.8,0.9243,ai_heavy
2486,14,103,7736.6,10057.6,0.926,ai_heavy
2487,15,103,7298.4,9487.9,0.9243,ai_heavy
2488,16,103,7585.5,9861.1,0.9192,ai_heavy
2489,17,103,7375.8,9588.5,0.9112,ai_heavy
2490,18,103,7455.7,9692.4,0.9009,ai_heavy
2491,19,103,7786.0,10121.8,0.889,ai_heavy
2492,20,103,7626.7,9914.7,0.8764,ai_heavy
2493,21,103,7741.9,10064.4,0.8638,ai_heavy
2494,22,103,7544.0,9807.3,0.8518,ai_heavy
2495,23,103,7542.2,9804.9,0.8409,ai_heavy
2496,0,104,7009.1,9111.8,0.8083,ai_heavy
2497,1,104,7339.8,9541.7,0.812,ai_heavy
2498,2,104,7367.8,9578.2,0.8171,ai_heavy
2499,3,104,7700.2,10010.2,0.8235,ai_heavy
2500,4,104,7326.5,9524.4,0.8314,ai_heavy
2501,5,104,7512.9,9766.8,0.8409,ai_heavy
2502,6,104,7520.6,9776.8,0.8518,ai_heavy
2503,7,104,7748.1,10072.5,0.8638,ai_heavy
2504,8,104,7476.8,9719.9,0.8764,ai_heavy
2505,9,104,7712.8,10026.6,0.889,ai_heavy
2506,10,104,7157.8,9305.2,0.9009,ai_heavy
2507,11,104,7193.1,9351.0,0.9112,ai_heavy
2508,12,104,7052.5,9168.2,0.9192,ai_heavy
2509,13,104,7757.4,10084.6,0.9243,ai_heavy
2510,14,104,7734.5,10054.9,0.926,ai_heavy
2511,15,104,7782.6,10117.4,0.9243,ai_heavy
2512,16,104,7417.2,9642.4,0.9192,ai_heavy
2513,17,104,7431.3,9660.7,0.9112,ai_heavy
2514,18,104,7516.3,9771.1,0.9009,ai_heavy
2515,19,104,7851.8,10207.4,0.889,ai_heavy
2516,20,104,7888.4,10254.9,0.8764,ai_heavy
2517,21,104,7666.3,9966.2,0.8638,ai_heavy
2518,22,104,7544.2,9807.4,0.8518,ai_heavy
2519,23,104,7752.3,10078.0,0.8409,ai_heavy
2520,0,105,7353.2,9559.1,0.8118,ai_heavy
2521,1,105,7331.1,9530.5,0.8172,ai_heavy
2522,2,105,7400.1,9620.1,0.8244,ai_heavy
2523,3,105,7224.1,9391.3,0.8335,ai_heavy
2524,4,105,7420.5,9646.6,0.8449,ai_heavy
2525,5,105,7229.2,9398.0,0.8584,ai_heavy
2526,6,105,7734.0,10054.2,0.874,ai_heavy
2527,7,105,7651.8,9947.4,0.8911,ai_heavy
2528,8,105,7880.1,10244.2,0.9092,ai_heavy
2529,9,105,7212.5,9376.2,0.9272,ai_heavy
2530,10,105,8042.6,10455.4,0.9441,ai_heavy
2531,11,105,7270.6,9451.8,0.9588,ai_heavy
2532,12,105,7372.8,9584.6,0.9703,ai_heavy
2533,13,105,7515.9,9770.7,0.9775,ai_heavy
2534,14,105,7962.9,10351.8,0.98,ai_heavy
2535,15,105,7710.4,10023.5,0.9775,ai_heavy
2536,16,105,7591.8,9869.3,0.9703,ai_heavy
2537,17,105,7449.1,9683.9,0.9588,ai_heavy
2538,18,105,7294.4,9482.8,0.9441,ai_heavy
2539,19,105,7840.8,10193.0,0.9272,ai_heavy
2540,20,105,7737.1,10058.2,0.9092,ai_heavy
2541,21,105,7834.5,10184.8,0.8911,ai_heavy
2542,22,105,7592.6,9870.4,0.874,ai_heavy
2543,23,105,6887.1,8953.2,0.8584,ai_heavy
2544,0,106,7133.4,9273.4,0.8118,ai_heavy
2545,1,106,7521.6,9778.1,0.8172,ai_heavy
2546,2,106,7346.5,9550.4,0.8244,ai_heavy
2547,3,106,7317.8,9513.2,0.8335,ai_heavy
2548,4,106,7212.7,9376.6,0.8449,ai_heavy
2549,5,106,7692.6,10000.4,0.8584,ai_heavy
2550,6,106,7606.0,9887.8,0.874,ai_heavy
2551,7,106,7642.2,9934.9,0.8911,ai_heavy
2552,8,106,7412.4,9636.2,0.9092,ai_heavy
2553,9,106,7623.2,9910.2,0.9272,ai_heavy
2554,10,106,7303.2,9494.1,0.9441,ai_heavy
2555,11,106,7600.9,9881.1,0.9588,ai_heavy
2556,12,106,7067.7,9188.0,0.9703,ai_heavy
2557,13,106,7298.3,9487.8,0.9775,ai_heavy
2558,14,106,7588.2,9864.7,0.98,ai_heavy
2559,15,106,8076.9,10500.0,0.9775,ai_heavy
2560,16,106,7234.6,9404.9,0.9703,ai_heavy
2561,17,106,7345.9,9549.7,0.9588,ai_heavy
2562,18,106,7658.0,9955.4,0.9441,ai_heavy
2563,19,106,7985.6,10381.3,0.9272,ai_heavy
2564,20,106,7601.9,9882.5,0.9092,ai_heavy
2565,21,106,7687.6,9993.9,0.8911,ai_heavy
2566,22,106,7427.3,9655.5,0.874,ai_heavy
2567,23,106,7365.4,9575.0,0.8584,ai_heavy
2568,0,107,7428.3,9656.8,0.8118,ai_heavy
2569,1,107,7271.6,9453.1,0.8172,ai_heavy
2570,2,107,7590.3,9867.3,0.8244,ai_heavy
2571,3,107,7084.0,9209.1,0.8335,ai_heavy
2572,4,107,7658.8,9956.4,0.8449,ai_heavy
2573,5,107,7488.8,9735.4,0.8584,ai_heavy
2574,6,107,7455.0,9691.5,0.874,ai_heavy
2575,7,107,7157.9,9305.3,0.8911,ai_heavy
2576,8,107,7334.0,9534.2,0.9092,ai_heavy
2577,9,107,7855.8,10212.5,0.9272,ai_heavy
2578,10,107,7560.9,9829.2,0.9441,ai_heavy
2579,11,107,7694.3,10002.6,0.9588,ai_heavy
2580,12,107,7445.9,9679.7,0.9703,ai_heavy
2581,13,107,7651.9,9947.5,0.9775,ai_heavy
2582,14,107,7346.9,9551.0,0.98,ai_heavy
2583,15,107,7681.5,9986.0,0.9775,ai_heavy
2584,16,107,7732.8,10052.6,0.9703,ai_heavy
2585,17,107,7704.0,10015.2,0.9588,ai_heavy
2586,18,107,7402.3,9622.9,0.9441,ai_heavy
2587,19,107,7505.3,9756.9,0.9272,ai_heavy
2588,20,107,7677.8,9981.2,0.9092,ai_heavy
2589,21,107,7481.3,9725.6,0.8911,ai_heavy
2590,22,107,7438.6,9670.2,0.874,ai_heavy
2591,23,107,7907.1,10279.2,0.8584,ai_heavy
2592,0,108,7198.6,9358.2,0.8118,ai_heavy
2593,1,108,7658.6,9956.1,0.8172,ai_heavy
2594,2,108,7171.5,9323.0,0.8244,ai_heavy
2595,3,108,7588.8,9865.4,0.8335,ai_heavy
2596,4,108,7618.1,9903.5,0.8449,ai_heavy
2597,5,108,7365.4,9575.1,0.8584,ai_heavy
2598,6,108,7229.3,9398.0,0.874,ai_heavy
2599,7,108,7084.0,9209.1,0.8911,ai_heavy
2600,8,108,7416.6,9641.6,0.9092,ai_heavy
2601,9,108,7702.8,10013.7,0.9272,ai_heavy
2602,10,108,7362.5,9571.3,0.9441,ai_heavy
2603,11,108,7652.8,9948.6,0.9588,ai_heavy
2604,12,108,7309.0,9501.7,0.9703,ai_heavy
2605,13,108,7604.8,9886.3,0.9775,ai_heavy
2606,14,108,7398.6,9618.2,0.98,ai_heavy
2607,15,108,7640.7,9932.9,0.9775,ai_heavy
2608,16,108,7532.8,9792.6,0.9703,ai_heavy
2609,17,108,7358.1,9565.5,0.9588,ai_heavy
2610,18,108,7458.1,9695.6,0.9441,ai_heavy
2611,19,108,7370.6,9581.8,0.9272,ai_heavy
2612,20,108,7258.2,9435.7,0.9092,ai_heavy
2613,21,108,7773.6,10105.7,0.8911,ai_heavy
2614,22,108,7422.2,9648.9,0.874,ai_heavy
2615,23,108,6985.8,9081.5,0.8584,ai_heavy
2616,0,109,7271.5,9452.9,0.8118,ai_heavy
2617,1,109,7621.7,9908.2,0.8172,ai_heavy
2618,2,109,7259.2,9436.9,0.8244,ai_heavy
2619,3,109,7777.0,10110.1,0.8335,ai_heavy
2620,4,109,7267.9,9448.3,0.8449,ai_heavy
2621,5,109,7592.9,9870.8,0.8584,ai_heavy
2622,6,109,7736.7,10057.7,0.874,ai_heavy
2623,7,109,7630.7,9919.9,0.8911,ai_heavy
2624,8,109,7244.5,9417.8,0.9092,ai_heavy
2625,9,109,7368.7,9579.3,0.9272,ai_heavy
2626,10,109,7875.6,10238.3,0.9441,ai_heavy
2627,11,109,7446.4,9680.3,0.9588,ai_heavy
2628,12,109,7871.6,10233.0,0.9703,ai_heavy
2629,13,109,7559.7,9827.6,0.9775,ai_heavy
2630,14,109,7694.8,10003.3,0.98,ai_heavy
2631,15,109,7340.1,9542.1,0.9775,ai_heavy
2632,16,109,7508.2,9760.6,0.9703,ai_heavy
2633,17,109,7430.2,9659.3,0.9588,ai_heavy
2634,18,109,7660.0,9958.0,0.9441,ai_heavy
2635,19,109,7604.3,9885.6,0.9272,ai_heavy
2636,20,109,7660.9,9959.2,0.9092,ai_heavy
2637,21,109,7418.2,9643.7,0.8911,ai_heavy
2638,22,109,7293.9,9482.1,0.874,ai_heavy
2639,23,109,7521.0,9777.3,0.8584,ai_heavy
2640,0,110,7176.0,9328.8,0.8083,ai_heavy
2641,1,110,7650.1,9945.2,0.812,ai_heavy
2642,2,110,7392.4,9610.1,0.8171,ai_heavy
2643,3,110,7354.8,9561.3,0.8235,ai_heavy
2644,4,110,7542.6,9805.4,0.8314,ai_heavy
2645,5,110,7436.6,9667.6,0.8409,ai_heavy
2646,6,110,7098.4,9228.0,0.8518,ai_heavy
2647,7,110,7249.6,9424.4,0.8638,ai_heavy
2648,8,110,7745.1,10068.7,0.8764,ai_heavy
2649,9,110,7544.8,9808.2,0.889,ai_heavy
2650,10,110,7163.1,9312.0,0.9009,ai_heavy
2651,11,110,7638.9,9930.6,0.9112,ai_heavy
2652,12,110,7444.1,9677.3,0.9192,ai_heavy
2653,13,110,7379.9,9593.8,0.9243,ai_heavy
2654,14,110,7320.9,9517.2,0.926,ai_heavy
2655,15,110,7806.0,10147.9,0.9243,ai_heavy
2656,16,110,7124.7,9262.1,0.9192,ai_heavy
2657,17,110,7369.2,9579.9,0.9112,ai_heavy
2658,18,110,7570.8,9842.1,0.9009,ai_heavy
2659,19,110,7882.2,10246.9,0.889,ai_heavy
2660,20,110,7631.7,9921.2,0.8764,ai_heavy
2661,21,110,7298.0,9487.3,0.8638,ai_heavy
2662,22,110,7812.7,10156.6,0.8518,ai_heavy
2663,23,110,7150.6,9295.8,0.8409,ai_heavy
2664,0,111,7463.7,9702.8,0.8083,ai_heavy
2665,1,111,7518.8,9774.5,0.812,ai_heavy
2666,2,111,7221.8,9388.3,0.8171,ai_heavy
2667,3,111,7583.0,9857.8,0.8235,ai_heavy
2668,4,111,7324.7,9522.2,0.8314,ai_heavy
2669,5,111,7609.1,9891.8,0.8409,ai_heavy
2670,6,111,7057.8,9175.1,0.8518,ai_heavy
2671,7,111,7563.3,9832.2,0.8638,ai_heavy
2672,8,111,7414.1,9638.4,0.8764,ai_heavy
2673,9,111,7785.4,10121.1,0.889,ai_heavy
2674,10,111,7533.7,9793.8,0.9009,ai_heavy
2675,11,111,7842.4,10195.1,0.9112,ai_heavy
2676,12,111,7686.4,9992.3,0.9192,ai_heavy
2677,13,111,7549.7,9814.6,0.9243,ai_heavy
2678,14,111,7760.5,10088.6,0.926,ai_heavy
2679,15,111,7759.2,10087.0,0.9243,ai_heavy
2680,16,111,7678.3,9981.8,0.9192,ai_heavy
2681,17,111,7039.3,9151.0,0.9112,ai_heavy
2682,18,111,7321.3,9517.7,0.9009,ai_heavy
2683,19,111,7838.4,10189.9,0.889,ai_heavy
2684,20,111,7224.1,9391.3,0.8764,ai_heavy
2685,21,111,7686.2,9992.1,0.8638,ai_heavy
2686,22,111,7628.3,9916.8,0.8518,ai_heavy
2687,23,111,7291.4,9478.8,0.8409,ai_heavy
2688,0,112,6966.5,9056.5,0.8118,ai_heavy
2689,1,112,7291.5,9479.0,0.8172,ai_heavy
2690,2,112,7892.0,10259.6,0.8244,ai_heavy
2691,3,112,7249.8,9424.8,0.8335,ai_heavy
2692,4,112,7281.9,9466.5,0.8449,ai_heavy
2693,5,112,7256.1,9432.9,0.8584,ai_heavy
2694,6,112,7776.8,10109.8,0.874,ai_heavy
2695,7,112,7474.2,9716.4,0.8911,ai_heavy
2696,8,112,7414.2,9638.4,0.9092,ai_heavy
2697,9,112,7904.7,10276.1,0.9272,ai_heavy
2698,10,112,7740.8,10063.0,0.9441,ai_heavy
2699,11,112,7420.1,9646.2,0.9588,ai_heavy
2700,12,112,7367.0,9577.1,0.9703,ai_heavy
2701,13,112,7924.7,10302.1,0.9775,ai_heavy
2702,14,112,7666.2,9966.0,0.98,ai_heavy
2703,15,112,7302.7,9493.5,0.9775,ai_heavy
2704,16,112,7238.6,9410.2,0.9703,ai_heavy
2705,17,112,7375.1,9587.6,0.9588,ai_heavy
2706,18,112,7325.6,9523.3,0.9441,ai_heavy
2707,19,112,7117.6,9252.9,0.9272,ai_heavy
2708,20,112,7306.8,9498.9,0.9092,ai_heavy
2709,21,112,7321.4,9517.9,0.8911,ai_heavy
2710,22,112,7399.2,9618.9,0.874,ai_heavy
2711,23,112,7859.9,10217.8,0.8584,ai_heavy
2712,0,113,7350.7,9556.0,0.8118,ai_heavy
2713,1,113,7380.8,9595.1,0.8172,ai_heavy
2714,2,113,7542.3,9805.0,0.8244,ai_heavy
2715,3,113,7389.6,9606.5,0.8335,ai_heavy
2716,4,113,7549.2,9813.9,0.8449,ai_heavy
2717,5,113,7542.9,9805.8,0.8584,ai_heavy
2718,6,113,7530.9,9790.2,0.874,ai_heavy
2719,7,113,8076.9,10500.0,0.8911,ai_heavy
2720,8,113,7762.6,10091.4,0.9092,ai_heavy
2721,9,113,7337.0,9538.1,0.9272,ai_heavy
2722,10,113,7693.0,10000.9,0.9441,ai_heavy
2723,11,113,7449.3,9684.1,0.9588,ai_heavy
2724,12,113,7750.1,10075.1,0.9703,ai_heavy
2725,13,113,7342.6,9545.4,0.9775,ai_heavy
2726,14,113,7407.7,9630.0,0.98,ai_heavy
2727,15,113,7737.6,10058.9,0.9775,ai_heavy
2728,16,113,7876.6,10239.6,0.9703,ai_heavy
2729,17,113,7745.6,10069.3,0.9588,ai_heavy
2730,18,113,7803.5,10144.5,0.9441,ai_heavy
2731,19,113,7668.1,9968.6,0.9272,ai_heavy
2732,20,113,7595.2,9873.7,0.9092,ai_heavy
2733,21,113,7415.2,9639.8,0.8911,ai_heavy
2734,22,113,7686.3,9992.2,0.874,ai_heavy
2735,23,113,7709.9,10022.9,0.8584,ai_heavy
2736,0,114,7396.0,9614.8,0.8118,ai_heavy
2737,1,114,7392.1,9609.7,0.8172,ai_heavy
2738,2,114,7783.5,10118.6,0.8244,ai_heavy
2739,3,114,7438.0,9669.5,0.8335,ai_heavy
2740,4,114,7476.6,9719.5,0.8449,ai_heavy
2741,5,114,7588.6,9865.2,0.8584,ai_heavy
2742,6,114,7481.3,9725.7,0.874,ai_heavy
2743,7,114,7343.7,9546.8,0.8911,ai_heavy
2744,8,114,7641.7,9934.3,0.9092,ai_heavy
2745,9,114,7574.3,9846.6,0.9272,ai_heavy
2746,10,114,8029.0,10437.7,0.9441,ai_heavy
2747,11,114,7811.1,10154.4,0.9588,ai_heavy
2748,12,114,7511.1,9764.4,0.9703,ai_heavy
2749,13,114,7826.1,10173.9,0.9775,ai_heavy
2750,14,114,7733.1,10053.0,0.98,ai_heavy
2751,15,114,7959.4,10347.3,0.9775,ai_heavy
2752,16,114,7527.4,9785.6,0.9703,ai_heavy
2753,17,114,7673.8,9975.9,0.9588,ai_heavy
2754,18,114,7585.9,9861.7,0.9441,ai_heavy
2755,19,114,7596.4,9875.3,0.9272,ai_heavy
2756,20,114,7355.4,9562.0,0.9092,ai_heavy
2757,21,114,7659.1,9956.8,0.8911,ai_heavy
2758,22,114,7597.4,9876.6,0.874,ai_heavy
2759,23,114,7768.4,10098.9,0.8584,ai_heavy
2760,0,115,7407.8,9630.2,0.8118,ai_heavy
2761,1,115,7326.5,9524.4,0.8172,ai_heavy
2762,2,115,7604.8,9886.2,0.8244,ai_heavy
2763,3,115,7265.3,9444.9,0.8335,ai_heavy
2764,4,115,7702.4,10013.2,0.8449,ai_heavy
2765,5,115,7723.0,10039.8,0.8584,ai_heavy
2766,6,115,7786.3,10122.2,0.874,ai_heavy
2767,7,115,7614.1,9898.3,0.8911,ai_heavy
2768,8,115,7445.8,9679.5,0.9092,ai_heavy
2769,9,115,7607.9,9890.3,0.9272,ai_heavy
2770,10,115,7695.3,10003.8,0.9441,ai_heavy
2771,11,115,7502.4,9753.1,0.9588,ai_heavy
2772,12,115,7953.6,10339.6,0.9703,ai_heavy
2773,13,115,7791.9,10129.4,0.9775,ai_heavy
2774,14,115,7457.2,9694.4,0.98,ai_heavy
2775,15,115,8076.9,10500.0,0.9775,ai_heavy
2776,16,115,7670.1,9971.1,0.9703,ai_heavy
2777,17,115,7380.1,9594.2,0.9588,ai_heavy
2778,18,115,7419.0,9644.7,0.9441,ai_heavy
2779,19,115,7921.6,10298.0,0.9272,ai_heavy
2780,20,115,7969.8,10360.7,0.9092,ai_heavy
2781,21,115,7757.0,10084.1,0.8911,ai_heavy
2782,22,115,7800.3,10140.4,0.874,ai_heavy
2783,23,115,7753.0,10078.9,0.8584,ai_heavy
2784,0,116,7533.9,9794.0,0.8118,ai_heavy
2785,1,116,7491.4,9738.8,0.8172,ai_heavy
2786,2,116,7549.2,9813.9,0.8244,ai_heavy
2787,3,116,7606.9,9889.0,0.8335,ai_heavy
2788,4,116,7293.7,9481.8,0.8449,ai_heavy
2789,5,116,7644.2,9937.5,0.8584,ai_heavy
2790,6,116,7831.6,10181.1,0.874,ai_heavy
2791,7,116,7482.4,9727.1,0.8911,ai_heavy
2792,8,116,7485.1,9730.6,0.9092,ai_heavy
2793,9,116,7691.5,9999.0,0.9272,ai_heavy
2794,10,116,7460.2,9698.3,0.9441,ai_heavy
2795,11,116,7329.1,9527.9,0.9588,ai_heavy
2796,12,116,7911.0,10284.4,0.9703,ai_heavy
2797,13,116,7555.0,9821.5,0.9775,ai_heavy
2798,14,116,7666.5,9966.5,0.98,ai_heavy
2799,15,116,7518.4,9773.9,0.9775,ai_heavy
2800,16,116,7940.6,10322.8,0.9703,ai_heavy
2801,17,116,7825.9,10173.7,0.9588,ai_heavy
2802,18,116,7553.6,9819.6,0.9441,ai_heavy
2803,19,116,7314.7,9509.1,0.9272,ai_heavy
2804,20,116,7477.4,9720.7,0.9092,ai_heavy
2805,21,116,7657.8,9955.1,0.8911,ai_heavy
2806,22,116,7545.8,9809.5,0.874,ai_heavy
2807,23,116,7504.4,9755.8,0.8584,ai_heavy
2808,0,117,7451.8,9687.3,0.8083,ai_heavy
2809,1,117,7579.1,9852.8,0.812,ai_heavy
2810,2,117,7408.6,9631.1,0.8171,ai_heavy
2811,3,117,7527.8,9786.1,0.8235,ai_heavy
2812,4,117,7219.2,9384.9,0.8314,ai_heavy
2813,5,117,8024.7,10432.2,0.8409,ai_heavy
2814,6,117,7406.4,9628.3,0.8518,ai_heavy
2815,7,117,7533.7,9793.9,0.8638,ai_heavy
2816,8,117,7634.5,9924.9,0.8764,ai_heavy
2817,9,117,7433.1,9663.1,0.889,ai_heavy
2818,10,117,7545.4,9809.0,0.9009,ai_heavy
2819,11,117,7558.1,9825.6,0.9112,ai_heavy
2820,12,117,7363.5,9572.5,0.9192,ai_heavy
2821,13,117,7678.4,9981.9,0.9243,ai_heavy
2822,14,117,7206.2,9368.1,0.926,ai_heavy
2823,15,117,7977.2,10370.4,0.9243,ai_heavy
2824,16,117,7751.2,10076.6,0.9192,ai_heavy
2825,17,117,7704.0,10015.2,0.9112,ai_heavy
2826,18,117,7150.6,9295.8,0.9009,ai_heavy
2827,19,117,7346.9,9551.0,0.889,ai_heavy
2828,20,117,7819.8,10165.8,0.8764,ai_heavy
2829,21,117,8076.9,10500.0,0.8638,ai_heavy
2830,22,117,7737.7,10059.1,0.8518,ai_heavy
2831,23,117,7685.5,9991.2,0.8409,ai_heavy
2832,0,118,7521.3,9777.8,0.8083,ai_heavy
2833,1,118,7222.0,9388.6,0.812,ai_heavy
2834,2,118,7639.3,9931.2,0.8171,ai_heavy
2835,3,118,7182.1,9336.8,0.8235,ai_heavy
2836,4,118,7169.3,9320.0,0.8314,ai_heavy
2837,5,118,7168.9,9319.6,0.8409,ai_heavy
2838,6,118,7688.7,9995.3,0.8518,ai_heavy
2839,7,118,7475.1,9717.6,0.8638,ai_heavy
2840,8,118,7529.7,9788.6,0.8764,ai_heavy
2841,9,118,7522.4,9779.1,0.889,ai_heavy
2842,10,118,7288.9,9475.6,0.9009,ai_heavy
2843,11,118,7407.0,9629.1,0.9112,ai_heavy
2844,12,118,7430.2,9659.2,0.9192,ai_heavy
2845,13,118,7259.2,9437.0,0.9243,ai_heavy
2846,14,118,7466.6,9706.6,0.926,ai_heavy
2847,15,118,7332.9,9532.7,0.9243,ai_heavy
2848,16,118,7702.3,10013.0,0.9192,ai_heavy
2849,17,118,7709.0,10021.7,0.9112,ai_heavy
2850,18,118,7250.9,9426.1,0.9009,ai_heavy
2851,19,118,7458.9,9696.6,0.889,ai_heavy
2852,20,118,7924.9,10302.4,0.8764,ai_heavy
2853,21,118,7267.7,9448.0,0.8638,ai_heavy
2854,22,118,7565.6,9835.3,0.8518,ai_heavy
2855,23,118,7477.3,9720.4,0.8409,ai_heavy
2856,0,119,7653.0,9948.9,0.8118,ai_heavy
2857,1,119,7483.9,9729.0,0.8172,ai_heavy
2858,2,119,7332.7,9532.5,0.8244,ai_heavy
2859,3,119,7457.5,9694.8,0.8335,ai_heavy
2860,4,119,7477.8,9721.2,0.8449,ai_heavy
2861,5,119,7459.4,9697.2,0.8584,ai_heavy
2862,6,119,7206.4,9368.3,0.874,ai_heavy
2863,7,119,7809.8,10152.7,0.8911,ai_heavy
2864,8,119,7797.8,10137.2,0.9092,ai_heavy
2865,9,119,7345.6,9549.2,0.9272,ai_heavy
2866,10,119,7539.9,9801.8,0.9441,ai_heavy
2867,11,119,7579.1,9852.8,0.9588,ai_heavy
2868,12,119,7382.4,9597.1,0.9703,ai_heavy
2869,13,119,7229.7,9398.6,0.9775,ai_heavy
2870,14,119,7508.2,9760.6,0.98,ai_heavy
2871,15,119,7576.7,9849.7,0.9775,ai_heavy
2872,16,119,7317.1,9512.2,0.9703,ai_heavy
2873,17,119,7671.1,9972.4,0.9588,ai_heavy
2874,18,119,7873.9,10236.1,0.9441,ai_heavy
2875,19,119,7774.7,10107.1,0.9272,ai_heavy
2876,20,119,7527.4,9785.6,0.9092,ai_heavy
2877,21,119,7113.3,9247.3,0.8911,ai_heavy
2878,22,119,7664.4,9963.7,0.874,ai_heavy
2879,23,119,7512.8,9766.7,0.8584,ai_heavy
2880,0,120,7504.4,9755.7,0.8118,ai_heavy
2881,1,120,7849.0,10203.7,0.8172,ai_heavy
2882,2,120,7245.0,9418.5,0.8244,ai_heavy
2883,3,120,6800.7,8840.9,0.8335,ai_heavy
2884,4,120,7223.9,9391.0,0.8449,ai_heavy
2885,5,120,7589.0,9865.7,0.8584,ai_heavy
2886,6,120,7509.4,9762.2,0.874,ai_heavy
2887,7,120,7254.4,9430.8,0.8911,ai_heavy
2888,8,120,7234.2,9404.5,0.9092,ai_heavy
2889,9,120,7502.4,9753.2,0.9272,ai_heavy
2890,10,120,7324.1,9521.3,0.9441,ai_heavy
2891,11,120,7749.8,10074.7,0.9588,ai_heavy
2892,12,120,7553.3,9819.3,0.9703,ai_heavy
2893,13,120,7514.5,9768.8,0.9775,ai_heavy
2894,14,120,7488.0,9734.4,0.98,ai_heavy
2895,15,120,7719.0,10034.7,0.9775,ai_heavy
2896,16,120,7657.5,9954.7,0.9703,ai_heavy
2897,17,120,7676.8,9979.9,0.9588,ai_heavy
2898,18,120,7649.6,9944.5,0.9441,ai_heavy
2899,19,120,7566.7,9836.7,0.9272,ai_heavy
2900,20,120,7321.9,9518.4,0.9092,ai_heavy
2901,21,120,7364.0,9573.3,0.8911,ai_heavy
2902,22,120,7414.5,9638.8,0.874,ai_heavy
2903,23,120,7943.4,10326.4,0.8584,ai_heavy
2904,0,121,7110.2,9243.3,0.8118,ai_heavy
2905,1,121,7324.9,9522.4,0.8172,ai_heavy
2906,2,121,7450.7,9686.0,0.8244,ai_heavy
2907,3,121,7374.9,9587.3,0.8335,ai_heavy
2908,4,121,7700.0,10010.0,0.8449,ai_heavy
2909,5,121,7410.7,9634.0,0.8584,ai_heavy
2910,6,121,7450.5,9685.7,0.874,ai_heavy
2911,7,121,7713.0,10026.9,0.8911,ai_heavy
2912,8,121,7966.5,10356.5,0.9092,ai_heavy
2913,9,121,7903.3,10274.3,0.9272,ai_heavy
2914,10,121,7577.3,9850.5,0.9441,ai_heavy
2915,11,121,7619.2,9905.0,0.9588,ai_heavy
2916,12,121,7658.4,9956.0,0.9703,ai_heavy
2917,13,121,7692.4,10000.1,0.9775,ai_heavy
2918,14,121,7467.5,9707.8,0.98,ai_heavy
2919,15,121,7873.8,10235.9,0.9775,ai_heavy
2920,16,121,7695.1,10003.7,0.9703,ai_heavy
2921,17,121,7620.3,9906.4,0.9588,ai_heavy
2922,18,121,7318.4,9513.9,0.9441,ai_heavy
2923,19,121,7597.3,9876.5,0.9272,ai_heavy
2924,20,121,7126.9,9265.0,0.9092,ai_heavy
2925,21,121,7397.6,9616.9,0.8911,ai_heavy
2926,22,121,7376.6,9589.5,0.874,ai_heavy
2927,23,121,7544.4,9807.7,0.8584,ai_heavy
2928,0,122,7827.9,10176.3,0.8118,ai_heavy
2929,1,122,7545.4,9809.0,0.8172,ai_heavy
2930,2,122,7751.6,10077.1,0.8244,ai_heavy
2931,3,122,7586.7,9862.7,0.8335,ai_heavy
2932,4,122,7711.4,10024.8,0.8449,ai_heavy
2933,5,122,7896.7,10265.7,0.8584,ai_heavy
2934,6,122,7338.6,9540.1,0.874,ai_heavy
2935,7,122,7349.0,9553.7,0.8911,ai_heavy
2936,8,122,7707.7,10020.0,0.9092,ai_heavy
2937,9,122,7582.3,9856.9,0.9272,ai_heavy
2938,10,122,7658.8,9956.4,0.9441,ai_heavy
2939,11,122,7573.7,9845.8,0.9588,ai_heavy
2940,12,122,7510.9,9764.2,0.9703,ai_heavy
2941,13,122,8031.0,10440.3,0.9775,ai_heavy
2942,14,122,7409.5,9632.3,0.98,ai_heavy
2943,15,122,7816.3,10161.2,0.9775,ai_heavy
2944,16,122,7768.0,10098.4,0.9703,ai_heavy
2945,17,122,7269.1,9449.9,0.9588,ai_heavy
2946,18,122,7418.9,9644.5,0.9441,ai_heavy
2947,19,122,7432.3,9662.0,0.9272,ai_heavy
2948,20,122,7684.1,9989.3,0.9092,ai_heavy
2949,21,122,7446.1,9680.0,0.8911,ai_heavy
2950,22,122,7484.0,9729.3,0.874,ai_heavy
2951,23,122,7152.9,9298.7,0.8584,ai_heavy
2952,0,123,7927.1,10305.2,0.8118,ai_heavy
2953,1,123,7434.0,9664.2,0.8172,ai_heavy
2954,2,123,7540.1,9802.1,0.8244,ai_heavy
2955,3,123,7321.9,9518.5,0.8335,ai_heavy
2956,4,123,7313.6,9507.7,0.8449,ai_heavy
2957,5,123,7909.2,10281.9,0.8584,ai_heavy
2958,6,123,7071.9,9193.4,0.874,ai_heavy
2959,7,123,7592.0,9869.5,0.8911,ai_heavy
2960,8,123,7281.4,9465.9,0.9092,ai_heavy
2961,9,123,7491.0,9738.3,0.9272,ai_heavy
2962,10,123,7462.9,9701.7,0.9441,ai_heavy
2963,11,123,7404.9,9626.3,0.9588,ai_heavy
2964,12,123,7655.8,9952.6,0.9703,ai_heavy
2965,13,123,7068.6,9189.1,0.9775,ai_heavy
2966,14,123,7589.8,9866.7,0.98,ai_heavy
2967,15,123,7637.8,9929.2,0.9775,ai_heavy
2968,16,123,7335.9,9536.6,0.9703,ai_heavy
2969,17,123,7977.0,10370.1,0.9588,ai_heavy
2970,18,123,7472.8,9714.7,0.9441,ai_heavy
2971,19,123,7529.1,9787.8,0.9272,ai_heavy
2972,20,123,7421.8,9648.4,0.9092,ai_heavy
2973,21,123,7510.6,9763.8,0.8911,ai_heavy
2974,22,123,7797.8,10137.1,0.874,ai_heavy
2975,23,123,8034.9,10445.4,0.8584,ai_heavy
2976,0,124,7570.4,9841.5,0.8083,ai_heavy
2977,1,124,7652.3,9947.9,0.812,ai_heavy
2978,2,124,7799.9,10139.8,0.8171,ai_heavy
2979,3,124,7483.0,9727.9,0.8235,ai_heavy
2980,4,124,7789.9,10126.9,0.8314,ai_heavy
2981,5,124,7630.9,9920.1,0.8409,ai_heavy
2982,6,124,7502.3,9753.0,0.8518,ai_heavy
2983,7,124,7566.7,9836.7,0.8638,ai_heavy
2984,8,124,7096.7,9225.8,0.8764,ai_heavy
2985,9,124,7591.8,9869.4,0.889,ai_heavy
2986,10,124,7194.3,9352.6,0.9009,ai_heavy
2987,11,124,7190.5,9347.7,0.9112,ai_heavy
2988,12,124,7614.9,9899.4,0.9192,ai_heavy
2989,13,124,7325.4,9523.0,0.9243,ai_heavy
2990,14,124,7579.7,9853.6,0.926,ai_heavy
2991,15,124,7610.2,9893.2,0.9243,ai_heavy
2992,16,124,7612.7,9896.5,0.9192,ai_heavy
2993,17,124,7354.1,9560.3,0.9112,ai_heavy
2994,18,124,7747.0,10071.1,0.9009,ai_heavy
2995,19,124,7505.7,9757.4,0.889,ai_heavy
2996,20,124,7606.3,9888.2,0.8764,ai_heavy
2997,21,124,7219.2,9385.0,0.8638,ai_heavy
2998,22,124,7430.0,9659.1,0.8518,ai_heavy
2999,23,124,7699.0,10008.7,0.8409,ai_heavy
3000,0,125,7620.2,9906.3,0.8083,ai_heavy
3001,1,125,7233.1,9403.1,0.812,ai_heavy
3002,2,125,7296.5,9485.4,0.8171,ai_heavy
3003,3,125,7207.2,9369.4,0.8235,ai_heavy
3004,4,125,7292.9,9480.8,0.8314,ai_heavy
3005,5,125,7140.8,9283.1,0.8409,ai_heavy
3006,6,125,7439.0,9670.8,0.8518,ai_heavy
3007,7,125,7630.2,9919.3,0.8638,ai_heavy
3008,8,125,7330.1,9529.2,0.8764,ai_heavy
3009,9,125,7505.4,9757.0,0.889,ai_heavy
3010,10,125,7493.7,9741.9,0.9009,ai_heavy
3011,11,125,7798.4,10137.9,0.9112,ai_heavy
3012,12,125,7432.2,9661.8,0.9192,ai_heavy
3013,13,125,7447.9,9682.3,0.9243,ai_heavy
3014,14,125,7388.9,9605.6,0.926,ai_heavy
3015,15,125,7320.1,9516.1,0.9243,ai_heavy
3016,16,125,7691.3,9998.7,0.9192,ai_heavy
3017,17,125,7528.5,9787.0,0.9112,ai_heavy
3018,18,125,7556.1,9822.9,0.9009,ai_heavy
3019,19,125,7813.6,10157.7,0.889,ai_heavy
3020,20,125,7806.9,10149.0,0.8764,ai_heavy
3021,21,125,7118.2,9253.7,0.8638,ai_heavy
3022,22,125,7615.2,9899.7,0.8518,ai_heavy
3023,23,125,7504.1,9755.4,0.8409,ai_heavy
3024,0,126,7307.4,9499.7,0.8118,ai_heavy
3025,1,126,7491.1,9738.4,0.8172,ai_heavy
3026,2,126,7044.1,9157.3,0.8244,ai_heavy
3027,3,126,7769.2,10099.9,0.8335,ai_heavy
3028,4,126,7574.9,9847.3,0.8449,ai_heavy
3029,5,126,7285.8,9471.6,0.8584,ai_heavy
3030,6,126,7371.5,9583.0,0.874,ai_heavy
3031,7,126,7144.3,9287.6,0.8911,ai_heavy
3032,8,126,7484.9,9730.4,0.9092,ai_heavy
3033,9,126,7473.3,9715.3,0.9272,ai_heavy
3034,10,126,7306.0,9497.9,0.9441,ai_heavy
3035,11,126,7808.4,10150.9,0.9588,ai_heavy
3036,12,126,7940.7,10322.9,0.9703,ai_heavy
3037,13,126,7652.3,9948.0,0.9775,ai_heavy
3038,14,126,7592.0,9869.7,0.98,ai_heavy
3039,15,126,7758.5,10086.1,0.9775,ai_heavy
3040,16,126,7643.2,9936.2,0.9703,ai_heavy
3041,17,126,7382.9,9597.7,0.9588,ai_heavy
3042,18,126,7459.5,9697.4,0.9441,ai_heavy
3043,19,126,7515.7,9770.4,0.9272,ai_heavy
3044,20,126,7612.3,9896.0,0.9092,ai_heavy
3045,21,126,7531.1,9790.5,0.8911,ai_heavy
3046,22,126,7550.7,9815.9,0.874,ai_heavy
3047,23,126,7137.8,9279.1,0.8584,ai_heavy
3048,0,127,7557.9,9825.3,0.8118,ai_heavy
3049,1,127,7418.9,9644.6,0.8172,ai_heavy
3050,2,127,7997.8,10397.1,0.8244,ai_heavy
3051,3,127,7356.1,9562.9,0.8335,ai_heavy
3052,4,127,7532.0,9791.6,0.8449,ai_heavy
3053,5,127,8076.9,10500.0,0.8584,ai_heavy
3054,6,127,7547.0,9811.1,0.874,ai_heavy
3055,7,127,7513.7,9767.9,0.8911,ai_heavy
3056,8,127,7332.4,9532.1,0.9092,ai_heavy
3057,9,127,7930.8,10310.0,0.9272,ai_heavy
3058,10,127,7343.9,9547.1,0.9441,ai_heavy
3059,11,127,7728.4,10046.9,0.9588,ai_heavy
3060,12,127,7539.1,9800.8,0.9703,ai_heavy
3061,13,127,7615.1,9899.6,0.9775,ai_heavy
3062,14,127,7335.0,9535.5,0.98,ai_heavy
3063,15,127,7967.2,10357.3,0.9775,ai_heavy
3064,16,127,7584.0,9859.2,0.9703,ai_heavy
3065,17,127,7352.4,9558.2,0.9588,ai_heavy
3066,18,127,7894.4,10262.8,0.9441,ai_heavy
3067,19,127,7468.4,9708.9,0.9272,ai_heavy
3068,20,127,7631.9,9921.5,0.9092,ai_heavy
3069,21,127,7719.1,10034.8,0.8911,ai_heavy
3070,22,127,7610.0,9893.0,0.874,ai_heavy
3071,23,127,6987.0,9083.2,0.8584,ai_heavy
3072,0,128,7564.6,9834.0,0.8118,ai_heavy
3073,1,128,7395.7,9614.5,0.8172,ai_heavy
3074,2,128,7355.5,9562.2,0.8244,ai_heavy
3075,3,128,7418.2,9643.7,0.8335,ai_heavy
3076,4,128,7099.3,9229.1,0.8449,ai_heavy
3077,5,128,7523.1,9780.0,0.8584,ai_heavy
3078,6,128,7196.2,9355.0,0.874,ai_heavy
3079,7,128,7464.5,9703.8,0.8911,ai_heavy
3080,8,128,7591.5,9868.9,0.9092,ai_heavy
3081,9,128,7827.4,10175.7,0.9272,ai_heavy
3082,10,128,7421.4,9647.9,0.9441,ai_heavy
3083,11,128,7962.9,10351.7,0.9588,ai_heavy
3084,12,128,7865.0,10224.4,0.9703,ai_heavy
3085,13,128,7559.9,9827.9,0.9775,ai_heavy
3086,14,128,7407.4,9629.7,0.98,ai_heavy
3087,15,128,7326.9,9524.9,0.9775,ai_heavy
3088,16,128,7710.1,10023.1,0.9703,ai_heavy
3089,17,128,7461.8,9700.3,0.9588,ai_heavy
3090,18,128,7882.3,10246.9,0.9441,ai_heavy
3091,19,128,7428.5,9657.1,0.9272,ai_heavy
3092,20,128,7351.9,9557.5,0.9092,ai_heavy
3093,21,128,7581.8,9856.3,0.8911,ai_heavy
3094,22,128,7348.9,9553.5,0.874,ai_heavy
3095,23,128,7481.9,9726.4,0.8584,ai_heavy
3096,0,129,7629.2,9918.0,0.8118,ai_heavy
3097,1,129,7444.2,9677.5,0.8172,ai_heavy
3098,2,129,7455.8,9692.5,0.8244,ai_heavy
3099,3,129,7488.4,9734.9,0.8335,ai_heavy
3100,4,129,7080.7,9205.0,0.8449,ai_heavy
3101,5,129,7567.9,9838.3,0.8584,ai_heavy
3102,6,129,7539.3,9801.1,0.874,ai_heavy
3103,7,129,7730.7,10049.9,0.8911,ai_heavy
3104,8,129,7693.4,10001.4,0.9092,ai_heavy
3105,9,129,7537.2,9798.3,0.9272,ai_heavy
3106,10,129,7844.2,10197.4,0.9441,ai_heavy
3107,11,129,7563.6,9832.7,0.9588,ai_heavy
3108,12,129,7704.4,10015.7,0.9703,ai_heavy
3109,13,129,7587.1,9863.2,0.9775,ai_heavy
3110,14,129,7768.5,10099.0,0.98,ai_heavy
3111,15,129,7572.1,9843.7,0.9775,ai_heavy
3112,16,129,8025.7,10433.4,0.9703,ai_heavy
3113,17,129,8076.9,10500.0,0.9588,ai_heavy
3114,18,129,7808.0,10150.4,0.9441,ai_heavy
3115,19,129,7933.7,10313.9,0.9272,ai_heavy
3116,20,129,7207.2,9369.3,0.9092,ai_heavy
3117,21,129,7208.0,9370.4,0.8911,ai_heavy
3118,22,129,7430.9,9660.2,0.874,ai_heavy
3119,23,129,7489.2,9736.0,0.8584,ai_heavy
3120,0,130,7366.0,9575.8,0.8118,ai_heavy
3121,1,130,7052.7,9168.5,0.8172,ai_heavy
3122,2,130,7685.5,9991.1,0.8244,ai_heavy
3123,3,130,7923.6,10300.7,0.8335,ai_heavy
3124,4,130,7746.3,10070.2,0.8449,ai_heavy
3125,5,130,7723.6,10040.6,0.8584,ai_heavy
3126,6,130,7554.2,9820.5,0.874,ai_heavy
3127,7,130,7338.6,9540.2,0.8911,ai_heavy
3128,8,130,7572.5,9844.3,0.9092,ai_heavy
3129,9,130,8062.1,10480.7,0.9272,ai_heavy
3130,10,130,7528.2,9786.6,0.9441,ai_heavy
3131,11,130,7526.4,9784.4,0.9588,ai_heavy
3132,12,130,7901.8,10272.3,0.9703,ai_heavy
3133,13,130,7928.2,10306.7,0.9775,ai_heavy
3134,14,130,7467.4,9707.6,0.98,ai_heavy
3135,15,130,7598.5,9878.1,0.9775,ai_heavy
3136,16,130,7532.6,9792.3,0.9703,ai_heavy
3137,17,130,7646.5,9940.5,0.9588,ai_heavy
3138,18,130,7860.4,10218.6,0.9441,ai_heavy
3139,19,130,7400.2,9620.2,0.9272,ai_heavy
3140,20,130,7803.1,10144.0,0.9092,ai_heavy
3141,21,130,7552.0,9817.6,0.8911,ai_heavy
3142,22,130,8026.9,10435.0,0.874,ai_heavy
3143,23,130,7551.5,9817.0,0.8584,ai_heavy
3144,0,131,7383.2,9598.2,0.8083,ai_heavy
3145,1,131,7538.1,9799.6,0.812,ai_heavy
3146,2,131,7342.9,9545.7,0.8171,ai_heavy
3147,3,131,7027.5,9135.7,0.8235,ai_heavy
3148,4,131,7385.8,9601.5,0.8314,ai_heavy
3149,5,131,7396.4,9615.3,0.8409,ai_heavy
3150,6,131,7113.2,9247.1,0.8518,ai_heavy
3151,7,131,7471.6,9713.1,0.8638,ai_heavy
3152,8,131,7041.4,9153.8,0.8764,ai_heavy
3153,9,131,7447.4,9681.6,0.889,ai_heavy
3154,10,131,7598.8,9878.4,0.9009,ai_heavy
3155,11,131,7581.1,9855.4,0.9112,ai_heavy
3156,12,131,7477.7,9721.0,0.9192,ai_heavy
3157,13,131,7559.3,9827.0,0.9243,ai_heavy
3158,14,131,7403.0,9623.9,0.926,ai_heavy
3159,15,131,7581.2,9855.5,0.9243,ai_heavy
3160,16,131,7584.3,9859.6,0.9192,ai_heavy
3161,17,131,7354.9,9561.4,0.9112,ai_heavy
3162,18,131,7604.2,9885.5,0.9009,ai_heavy
3163,19,131,7584.9,9860.4,0.889,ai_heavy
3164,20,131,7469.5,9710.4,0.8764,ai_heavy
3165,21,131,8031.9,10441.4,0.8638,ai_heavy
3166,22,131,7438.5,9670.0,0.8518,ai_heavy
3167,23,131,7391.2,9608.6,0.8409,ai_heavy
3168,0,132,7310.9,9504.2,0.8083,ai_heavy
3169,1,132,7194.5,9352.9,0.812,ai_heavy
3170,2,132,7570.5,9841.7,0.8171,ai_heavy
3171,3,132,7274.6,9457.0,0.8235,ai_heavy
3172,4,132,7312.7,9506.5,0.8314,ai_heavy
3173,5,132,7333.3,9533.3,0.8409,ai_heavy
3174,6,132,7249.3,9424.1,0.8518,ai_heavy
3175,7,132,7094.6,9223.0,0.8638,ai_heavy
3176,8,132,7402.7,9623.5,0.8764,ai_heavy
3177,9,132,7723.0,10040.0,0.889,ai_heavy
3178,10,132,7588.2,9864.7,0.9009,ai_heavy
3179,11,132,7913.0,10286.9,0.9112,ai_heavy
3180,12,132,7741.7,10064.2,0.9192,ai_heavy
3181,13,132,7697.8,10007.2,0.9243,ai_heavy
3182,14,132,8009.5,10412.3,0.926,ai_heavy
3183,15,132,7556.6,9823.6,0.9243,ai_heavy
3184,16,132,7585.4,9861.0,0.9192,ai_heavy
3185,17,132,7556.5,9823.4,0.9112,ai_heavy
3186,18,132,7893.0,10260.9,0.9009,ai_heavy
3187,19,132,7526.4,9784.4,0.889,ai_heavy
3188,20,132,7360.9,9569.2,0.8764,ai_heavy
3189,21,132,7620.0,9906.0,0.8638,ai_heavy
3190,22,132,7287.1,9473.2,0.8518,ai_heavy
3191,23,132,7573.0,9844.8,0.8409,ai_heavy
3192,0,133,7502.1,9752.7,0.8118,ai_heavy
3193,1,133,7376.0,9588.8,0.8172,ai_heavy
3194,2,133,7554.9,9821.4,0.8244,ai_heavy
3195,3,133,7110.4,9243.5,0.8335,ai_heavy
3196,4,133,7496.1,9744.9,0.8449,ai_heavy
3197,5,133,7376.1,9589.0,0.8584,ai_heavy
3198,6,133,8076.9,10500.0,0.874,ai_heavy
3199,7,133,7564.2,9833.5,0.8911,ai_heavy
3200,8,133,7420.9,9647.1,0.9092,ai_heavy
3201,9,133,7269.5,9450.4,0.9272,ai_heavy
3202,10,133,7906.5,10278.4,0.9441,ai_heavy
3203,11,133,7550.5,9815.6,0.9588,ai_heavy
3204,12,133,7466.2,9706.0,0.9703,ai_heavy
3205,13,133,7735.9,10056.6,0.9775,ai_heavy
3206,14,133,7811.7,10155.2,0.98,ai_heavy
3207,15,133,7804.2,10145.5,0.9775,ai_heavy
3208,16,133,7652.2,9947.9,0.9703,ai_heavy
3209,17,133,7667.0,9967.1,0.9588,ai_heavy
3210,18,133,7661.5,9959.9,0.9441,ai_heavy
3211,19,133,7659.6,9957.5,0.9272,ai_heavy
3212,20,133,7652.4,9948.1,0.9092,ai_heavy
3213,21,133,7776.2,10109.1,0.8911,ai_heavy
3214,22,133,7516.0,9770.8,0.874,ai_heavy
3215,23,133,7296.7,9485.7,0.8584,ai_heavy
3216,0,134,7378.0,9591.4,0.8118,ai_heavy
3217,1,134,7585.9,9861.6,0.8172,ai_heavy
3218,2,134,7030.7,9139.9,0.8244,ai_heavy
3219,3,134,7045.0,9158.5,0.8335,ai_heavy
3220,4,134,7665.1,9964.7,0.8449,ai_heavy
3221,5,134,7821.1,10167.4,0.8584,ai_heavy
3222,6,134,7218.5,9384.1,0.874,ai_heavy
3223,7,134,7551.7,9817.2,0.8911,ai_heavy
3224,8,134,7465.5,9705.2,0.9092,ai_heavy
3225,9,134,7523.8,9780.9,0.9272,ai_heavy
3226,10,134,7678.2,9981.7,0.9441,ai_heavy
3227,11,134,7334.6,9535.0,0.9588,ai_heavy
3228,12,134,7393.7,9611.8,0.9703,ai_heavy
3229,13,134,7589.4,9866.2,0.9775,ai_heavy
3230,14,134,7628.9,9917.6,0.98,ai_heavy
3231,15,134,7399.9,9619.9,0.9775,ai_heavy
3232,16,134,7828.9,10177.6,0.9703,ai_heavy
3233,17,134,7535.0,9795.5,0.9588,ai_heavy
3234,18,134,7512.2,9765.9,0.9441,ai_heavy
3235,19,134,7647.4,9941.6,0.9272,ai_heavy
3236,20,134,7526.8,9784.9,0.9092,ai_heavy
3237,21,134,7718.2,10033.6,0.8911,ai_heavy
3238,22,134,7293.2,9481.2,0.874,ai_heavy
3239,23,134,7166.4,9316.3,0.8584,ai_heavy
3240,0,135,7341.2,9543.5,0.8118,ai_heavy
3241,1,135,7431.5,9661.0,0.8172,ai_heavy
3242,2,135,7152.3,9298.0,0.8244,ai_heavy
3243,3,135,7132.7,9272.6,0.8335,ai_heavy
3244,4,135,7500.4,9750.6,0.8449,ai_heavy
3245,5,135,7309.9,9502.9,0.8584,ai_heavy
3246,6,135,7176.3,9329.3,0.874,ai_heavy
3247,7,135,7747.1,10071.2,0.8911,ai_heavy
3248,8,135,7412.9,9636.7,0.9092,ai_heavy
3249,9,135,7844.7,10198.1,0.9272,ai_heavy
3250,10,135,7615.0,9899.5,0.9441,ai_heavy
3251,11,135,7698.1,10007.5,0.9588,ai_heavy
3252,12,135,7599.2,9878.9,0.9703,ai_heavy
3253,13,135,7048.5,9163.1,0.9775,ai_heavy
3254,14,135,7401.0,9621.3,0.98,ai_heavy
3255,15,135,7629.7,9918.6,0.9775,ai_heavy
3256,16,135,7731.4,10050.8,0.9703,ai_heavy
3257,17,135,7220.9,9387.2,0.9588,ai_heavy
3258,18,135,7596.3,9875.2,0.9441,ai_heavy
3259,19,135,7327.8,9526.1,0.9272,ai_heavy
3260,20,135,7609.3,9892.0,0.9092,ai_heavy
3261,21,135,7524.6,9782.0,0.8911,ai_heavy
3262,22,135,7670.7,9971.9,0.874,ai_heavy
3263,23,135,7719.4,10035.2,0.8584,ai_heavy
3264,0,136,7512.1,9765.7,0.8118,ai_heavy
3265,1,136,7609.6,9892.5,0.8172,ai_heavy
3266,2,136,7350.8,9556.0,0.8244,ai_heavy
3267,3,136,8072.9,10494.8,0.8335,ai_heavy
3268,4,136,7186.9,9342.9,0.8449,ai_heavy
3269,5,136,7361.5,9570.0,0.8584,ai_heavy
3270,6,136,7706.2,10018.1,0.874,ai_heavy
3271,7,136,7699.0,10008.7,0.8911,ai_heavy
3272,8,136,7666.6,9966.5,0.9092,ai_heavy
3273,9,136,7736.7,10057.8,0.9272,ai_heavy
3274,10,136,7132.9,9272.8,0.9441,ai_heavy
3275,11,136,7994.4,10392.7,0.9588,ai_heavy
3276,12,136,7600.9,9881.2,0.9703,ai_heavy
3277,13,136,7944.8,10328.3,0.9775,ai_heavy
3278,14,136,7194.9,9353.3,0.98,ai_heavy
3279,15,136,7717.5,10032.8,0.9775,ai_heavy
3280,16,136,7518.4,9774.0,0.9703,ai_heavy
3281,17,136,7761.6,10090.0,0.9588,ai_heavy
3282,18,136,7680.9,9985.1,0.9441,ai_heavy
3283,19,136,7666.4,9966.3,0.9272,ai_heavy
3284,20,136,7316.0,9510.8,0.9092,ai_heavy
3285,21,136,7516.2,9771.0,0.8911,ai_heavy
3286,22,136,7462.8,9701.6,0.874,ai_heavy
3287,23,136,7591.1,9868.4,0.8584,ai_heavy
3288,0,137,7630.0,9919.0,0.8118,ai_heavy
3289,1,137,7451.6,9687.1,0.8172,ai_heavy
3290,2,137,7144.4,9287.8,0.8244,ai_heavy
3291,3,137,7466.6,9706.6,0.8335,ai_heavy
3292,4,137,8044.0,10457.2,0.8449,ai_heavy
3293,5,137,7849.3,10204.1,0.8584,ai_heavy
3294,6,137,6833.8,8883.9,0.874,ai_heavy
3295,7,137,7543.3,9806.3,0.8911,ai_heavy
3296,8,137,7767.4,10097.6,0.9092,ai_heavy
3297,9,137,7541.6,9804.1,0.9272,ai_heavy
3298,10,137,7503.5,9754.5,0.9441,ai_heavy
3299,11,137,7569.5,9840.3,0.9588,ai_heavy
3300,12,137,7774.4,10106.7,0.9703,ai_heavy
3301,13,137,7394.7,9613.1,0.9775,ai_heavy
3302,14,137,7935.6,10316.2,0.98,ai_heavy
3303,15,137,7645.7,9939.4,0.9775,ai_heavy
3304,16,137,7433.2,9663.2,0.9703,ai_heavy
3305,17,137,7888.0,10254.4,0.9588,ai_heavy
3306,18,137,7255.8,9432.6,0.9441,ai_heavy
3307,19,137,7456.8,9693.8,0.9272,ai_heavy
3308,20,137,7426.5,9654.4,0.9092,ai_heavy
3309,21,137,8013.3,10417.3,0.8911,ai_heavy
3310,22,137,7349.1,9553.8,0.874,ai_heavy
3311,23,137,6996.4,9095.3,0.8584,ai_heavy
3312,0,138,7275.5,9458.1,0.8083,ai_heavy
3313,1,138,7511.7,9765.2,0.812,ai_heavy
3314,2,138,7592.4,9870.1,0.8171,ai_heavy
3315,3,138,7934.8,10315.2,0.8235,ai_heavy
3316,4,138,7753.4,10079.5,0.8314,ai_heavy
3317,5,138,7495.7,9744.4,0.8409,ai_heavy
3318,6,138,7270.2,9451.3,0.8518,ai_heavy
3319,7,138,7852.8,10208.7,0.8638,ai_heavy
3320,8,138,7423.9,9651.1,0.8764,ai_heavy
3321,9,138,7377.3,9590.4,0.889,ai_heavy
3322,10,138,7449.3,9684.0,0.9009,ai_heavy
3323,11,138,7275.1,9457.6,0.9112,ai_heavy
3324,12,138,7465.5,9705.1,0.9192,ai_heavy
3325,13,138,7525.7,9783.4,0.9243,ai_heavy
3326,14,138,7747.5,10071.7,0.926,ai_heavy
3327,15,138,7490.5,9737.6,0.9243,ai_heavy
3328,16,138,7283.2,9468.2,0.9192,ai_heavy
3329,17,138,7195.4,9354.0,0.9112,ai_heavy
3330,18,138,7591.1,9868.4,0.9009,ai_heavy
3331,19,138,7542.3,9804.9,0.889,ai_heavy
3332,20,138,7382.1,9596.7,0.8764,ai_heavy
3333,21,138,7383.0,9597.9,0.8638,ai_heavy
3334,22,138,7557.1,9824.2,0.8518,ai_heavy
3335,23,138,7764.6,10094.0,0.8409,ai_heavy
3336,0,139,7231.4,9400.9,0.8083,ai_heavy
3337,1,139,7430.1,9659.2,0.812,ai_heavy
3338,2,139,7631.1,9920.5,0.8171,ai_heavy
3339,3,139,7254.6,9430.9,0.8235,ai_heavy
3340,4,139,7435.9,9666.7,0.8314,ai_heavy
3341,5,139,7445.2,9678.7,0.8409,ai_heavy
3342,6,139,7176.1,9329.0,0.8518,ai_heavy
3343,7,139,7525.9,9783.6,0.8638,ai_heavy
3344,8,139,7514.0,9768.3,0.8764,ai_heavy
3345,9,139,7651.2,9946.5,0.889,ai_heavy
3346,10,139,7275.0,9457.6,0.9009,ai_heavy
3347,11,139,7561.4,9829.8,0.9112,ai_heavy
3348,12,139,7884.9,10250.4,0.9192,ai_heavy
3349,13,139,8051.0,10466.4,0.9243,ai_heavy
3350,14,139,7872.5,10234.2,0.926,ai_heavy
3351,15,139,7311.1,9504.4,0.9243,ai_heavy
3352,16,139,7673.5,9975.6,0.9192,ai_heavy
3353,17,139,7449.5,9684.4,0.9112,ai_heavy
3354,18,139,7607.9,9890.3,0.9009,ai_heavy
3355,19,139,7351.5,9557.0,0.889,ai_heavy
3356,20,139,7121.1,9257.4,0.8764,ai_heavy
3357,21,139,7410.6,9633.8,0.8638,ai_heavy
3358,22,139,7631.9,9921.5,0.8518,ai_heavy
3359,23,139,7518.1,9773.5,0.8409,ai_heavy
3360,0,140,7499.6,9749.5,0.8118,ai_heavy
3361,1,140,7466.3,9706.2,0.8172,ai_heavy
3362,2,140,7519.0,9774.7,0.8244,ai_heavy
3363,3,140,7560.8,9829.1,0.8335,ai_heavy
3364,4,140,7398.2,9617.6,0.8449,ai_heavy
3365,5,140,7498.6,9748.1,0.8584,ai_heavy
3366,6,140,7895.7,10264.4,0.874,ai_heavy
3367,7,140,7561.1,9829.4,0.8911,ai_heavy
3368,8,140,7565.7,9835.4,0.9092,ai_heavy
3369,9,140,7606.5,9888.5,0.9272,ai_heavy
3370,10,140,7558.8,9826.4,0.9441,ai_heavy
3371,11,140,7530.9,9790.2,0.9588,ai_heavy
3372,12,140,7695.6,10004.3,0.9703,ai_heavy
3373,13,140,7542.4,9805.1,0.9775,ai_heavy
3374,14,140,7628.9,9917.5,0.98,ai_heavy
3375,15,140,7477.0,9720.0,0.9775,ai_heavy
3376,16,140,7672.5,9974.2,0.9703,ai_heavy
3377,17,140,7764.3,10093.6,0.9588,ai_heavy
3378,18,140,7560.1,9828.2,0.9441,ai_heavy
3379,19,140,7126.2,9264.1,0.9272,ai_heavy
3380,20,140,7689.9,9996.9,0.9092,ai_heavy
3381,21,140,7556.2,9823.0,0.8911,ai_heavy
3382,22,140,7279.7,9463.7,0.874,ai_heavy
3383,23,140,7653.5,9949.5,0.8584,ai_heavy
3384,0,141,7099.2,9228.9,0.8118,ai_heavy
3385,1,141,7650.8,9946.0,0.8172,ai_heavy
3386,2,141,7416.1,9640.9,0.8244,ai_heavy
3387,3,141,6936.0,9016.8,0.8335,ai_heavy
3388,4,141,7499.5,9749.4,0.8449,ai_heavy
3389,5,141,7388.8,9605.5,0.8584,ai_heavy
3390,6,141,7378.0,9591.4,0.874,ai_heavy
3391,7,141,7362.4,9571.1,0.8911,ai_heavy
3392,8,141,7527.2,9785.4,0.9092,ai_heavy
3393,9,141,7472.7,9714.5,0.9272,ai_heavy
3394,10,141,7184.7,9340.1,0.9441,ai_heavy
3395,11,141,7921.8,10298.3,0.9588,ai_heavy
3396,12,141,7591.7,9869.1,0.9703,ai_heavy
3397,13,141,7490.4,9737.5,0.9775,ai_heavy
3398,14,141,7402.9,9623.8,0.98,ai_heavy
3399,15,141,7835.7,10186.4,0.9775,ai_heavy
3400,16,141,7349.8,9554.8,0.9703,ai_heavy
3401,17,141,7661.3,9959.6,0.9588,ai_heavy
3402,18,141,7475.3,9717.9,0.9441,ai_heavy
3403,19,141,7463.6,9702.6,0.9272,ai_heavy
3404,20,141,7305.9,9497.7,0.9092,ai_heavy
3405,21,141,7388.9,9605.6,0.8911,ai_heavy
3406,22,141,7505.3,9756.9,0.874,ai_heavy
3407,23,141,7532.8,9792.6,0.8584,ai_heavy
3408,0,142,7235.4,9406.0,0.8118,ai_heavy
3409,1,142,7397.9,9617.3,0.8172,ai_heavy
3410,2,142,7626.9,9914.9,0.8244,ai_heavy
3411,3,142,7071.4,9192.8,0.8335,ai_heavy
3412,4,142,7458.2,9695.7,0.8449,ai_heavy
3413,5,142,7266.6,9446.6,0.8584,ai_heavy
3414,6,142,7266.3,9446.3,0.874,ai_heavy
3415,7,142,7588.0,9864.4,0.8911,ai_heavy
3416,8,142,7432.5,9662.2,0.9092,ai_heavy
3417,9,142,7306.3,9498.2,0.9272,ai_heavy
3418,10,142,7910.8,10284.0,0.9441,ai_heavy
3419,11,142,7841.2,10193.6,0.9588,ai_heavy
3420,12,142,7204.4,9365.7,0.9703,ai_heavy
3421,13,142,7319.8,9515.8,0.9775,ai_heavy
3422,14,142,7798.7,10138.3,0.98,ai_heavy
3423,15,142,7593.1,9871.1,0.9775,ai_heavy
3424,16,142,7992.0,10389.6,0.9703,ai_heavy
3425,17,142,7771.7,10103.2,0.9588,ai_heavy
3426,18,142,7676.9,9979.9,0.9441,ai_heavy
3427,19,142,7350.6,9555.8,0.9272,ai_heavy
3428,20,142,7667.5,9967.7,0.9092,ai_heavy
3429,21,142,7240.9,9413.1,0.8911,ai_heavy
3430,22,142,7797.1,10136.3,0.874,ai_heavy
3431,23,142,7574.7,9847.1,0.8584,ai_heavy
3432,0,143,7226.7,9394.7,0.8118,ai_heavy
3433,1,143,7597.2,9876.4,0.8172,ai_heavy
3434,2,143,7928.4,10306.9,0.8244,ai_heavy
3435,3,143,7394.0,9612.2,0.8335,ai_heavy
3436,4,143,7582.8,9857.7,0.8449,ai_heavy
3437,5,143,7383.1,9598.0,0.8584,ai_heavy
3438,6,143,7522.5,9779.3,0.874,ai_heavy
3439,7,143,7188.6,9345.2,0.8911,ai_heavy
3440,8,143,7556.0,9822.7,0.9092,ai_heavy
3441,9,143,7593.0,9870.9,0.9272,ai_heavy
3442,10,143,8019.1,10424.9,0.9441,ai_heavy
3443,11,143,7219.7,9385.6,0.9588,ai_heavy
3444,12,143,7583.3,9858.3,0.9703,ai_heavy
3445,13,143,7954.5,10340.9,0.9775,ai_heavy
3446,14,143,7606.7,9888.8,0.98,ai_heavy
3447,15,143,7619.2,9905.0,0.9775,ai_heavy
3448,16,143,7456.5,9693.5,0.9703,ai_heavy
3449,17,143,7417.1,9642.2,0.9588,ai_heavy
3450,18,143,7191.7,9349.3,0.9441,ai_heavy
3451,19,143,7440.0,9671.9,0.9272,ai_heavy
3452,20,143,7331.8,9531.3,0.9092,ai_heavy
3453,21,143,7555.7,9822.4,0.8911,ai_heavy
3454,22,143,7326.0,9523.8,0.874,ai_heavy
3455,23,143,7372.3,9584.0,0.8584,ai_heavy
3456,0,144,7309.5,9502.4,0.8118,ai_heavy
3457,1,144,7407.4,9629.6,0.8172,ai_heavy
3458,2,144,7311.1,9504.4,0.8244,ai_heavy
3459,3,144,7205.5,9367.2,0.8335,ai_heavy
3460,4,144,7478.8,9722.5,0.8449,ai_heavy
3461,5,144,7719.5,10035.4,0.8584,ai_heavy
3462,6,144,7532.2,9791.9,0.874,ai_heavy
3463,7,144,7391.3,9608.7,0.8911,ai_heavy
3464,8,144,7528.2,9786.6,0.9092,ai_heavy
3465,9,144,7116.6,9251.6,0.9272,ai_heavy
3466,10,144,7576.7,9849.7,0.9441,ai_heavy
3467,11,144,7538.9,9800.6,0.9588,ai_heavy
3468,12,144,7433.6,9663.6,0.9703,ai_heavy
3469,13,144,7485.8,9731.5,0.9775,ai_heavy
3470,14,144,7568.0,9838.4,0.98,ai_heavy
3471,15,144,7886.6,10252.6,0.9775,ai_heavy
3472,16,144,7898.3,10267.8,0.9703,ai_heavy
3473,17,144,7418.1,9643.6,0.9588,ai_heavy
3474,18,144,7490.3,9737.3,0.9441,ai_heavy
3475,19,144,7471.0,9712.4,0.9272,ai_heavy
3476,20,144,7739.6,10061.5,0.9092,ai_heavy
3477,21,144,7561.9,9830.4,0.8911,ai_heavy
3478,22,144,7524.2,9781.5,0.874,ai_heavy
3479,23,144,7600.3,9880.4,0.8584,ai_heavy
3480,0,145,7272.2,9453.9,0.8083,ai_heavy
3481,1,145,7713.6,10027.7,0.812,ai_heavy
3482,2,145,7417.5,9642.7,0.8171,ai_heavy
3483,3,145,7236.8,9407.8,0.8235,ai_heavy
3484,4,145,7388.2,9604.6,0.8314,ai_heavy
3485,5,145,7729.1,10047.9,0.8409,ai_heavy
3486,6,145,7374.7,9587.2,0.8518,ai_heavy
3487,7,145,7701.3,10011.7,0.8638,ai_heavy
3488,8,145,7366.1,9575.9,0.8764,ai_heavy
3489,9,145,7353.0,9558.9,0.889,ai_heavy
3490,10,145,7692.9,10000.8,0.9009,ai_heavy
3491,11,145,7360.9,9569.2,0.9112,ai_heavy
3492,12,145,7757.9,10085.3,0.9192,ai_heavy
3493,13,145,7658.6,9956.2,0.9243,ai_heavy
3494,14,145,7382.6,9597.4,0.926,ai_heavy
3495,15,145,7562.5,9831.2,0.9243,ai_heavy
3496,16,145,7446.4,9680.4,0.9192,ai_heavy
3497,17,145,7638.2,9929.7,0.9112,ai_heavy
3498,18,145,7970.9,10362.1,0.9009,ai_heavy
3499,19,145,7442.2,9674.8,0.889,ai_heavy
3500,20,145,7627.2,9915.3,0.8764,ai_heavy
3501,21,145,7493.5,9741.5,0.8638,ai_heavy
3502,22,145,7475.4,9718.0,0.8518,ai_heavy
3503,23,145,7416.7,9641.7,0.8409,ai_heavy
3504,0,146,7214.3,9378.5,0.8083,ai_heavy
3505,1,146,7484.9,9730.4,0.812,ai_heavy
3506,2,146,7353.6,9559.7,0.8171,ai_heavy
3507,3,146,7225.9,9393.7,0.8235,ai_heavy
3508,4,146,7665.8,9965.5,0.8314,ai_heavy
3509,5,146,7475.8,9718.5,0.8409,ai_heavy
3510,6,146,7418.9,9644.6,0.8518,ai_heavy
3511,7,146,7789.0,10125.7,0.8638,ai_heavy
3512,8,146,7093.4,9221.5,0.8764,ai_heavy
3513,9,146,7813.2,10157.2,0.889,ai_heavy
3514,10,146,7344.5,9547.8,0.9009,ai_heavy
3515,11,146,7607.1,9889.2,0.9112,ai_heavy
3516,12,146,7437.5,9668.8,0.9192,ai_heavy
3517,13,146,7368.8,9579.5,0.9243,ai_heavy
3518,14,146,7880.1,10244.2,0.926,ai_heavy
3519,15,146,8000.7,10401.0,0.9243,ai_heavy
3520,16,146,7520.8,9777.1,0.9192,ai_heavy
3521,17,146,7635.2,9925.7,0.9112,ai_heavy
3522,18,146,7556.5,9823.5,0.9009,ai_heavy
3523,19,146,7916.6,10291.5,0.889,ai_heavy
3524,20,146,7031.0,9140.4,0.8764,ai_heavy
3525,21,146,7572.7,9844.5,0.8638,ai_heavy
3526,22,146,7307.1,9499.2,0.8518,ai_heavy
3527,23,146,6926.8,9004.9,0.8409,ai_heavy
3528,0,147,7329.9,9528.9,0.8118,ai_heavy
3529,1,147,7829.4,10178.2,0.8172,ai_heavy
3530,2,147,7282.6,9467.4,0.8244,ai_heavy
3531,3,147,7619.2,9904.9,0.8335,ai_heavy
3532,4,147,7727.9,10046.2,0.8449,ai_heavy
3533,5,147,7477.1,9720.2,0.8584,ai_heavy
3534,6,147,7530.4,9789.5,0.874,ai_heavy
3535,7,147,7141.4,9283.8,0.8911,ai_heavy
3536,8,147,7393.7,9611.8,0.9092,ai_heavy
3537,9,147,7789.4,10126.3,0.9272,ai_heavy
3538,10,147,7622.4,9909.1,0.9441,ai_heavy
3539,11,147,7714.7,10029.1,0.9588,ai_heavy
3540,12,147,7678.3,9981.7,0.9703,ai_heavy
3541,13,147,8076.9,10500.0,0.9775,ai_heavy
3542,14,147,7563.3,9832.3,0.98,ai_heavy
3543,15,147,8027.4,10435.7,0.9775,ai_heavy
3544,16,147,7678.3,9981.9,0.9703,ai_heavy
3545,17,147,8018.4,10423.9,0.9588,ai_heavy
3546,18,147,7328.9,9527.6,0.9441,ai_heavy
3547,19,147,7625.1,9912.6,0.9272,ai_heavy
3548,20,147,7466.8,9706.9,0.9092,ai_heavy
3549,21,147,7560.5,9828.7,0.8911,ai_heavy
3550,22,147,7778.5,10112.0,0.874,ai_heavy
3551,23,147,7565.0,9834.5,0.8584,ai_heavy
3552,0,148,7681.3,9985.8,0.8118,ai_heavy
3553,1,148,7269.0,9449.7,0.8172,ai_heavy
3554,2,148,7245.5,9419.1,0.8244,ai_heavy
3555,3,148,7446.2,9680.1,0.8335,ai_heavy
3556,4,148,7451.0,9686.3,0.8449,ai_heavy
3557,5,148,7438.3,9669.7,0.8584,ai_heavy
3558,6,148,7287.5,9473.8,0.874,ai_heavy
3559,7,148,7799.8,10139.7,0.8911,ai_heavy
3560,8,148,7473.8,9716.0,0.9092,ai_heavy
3561,9,148,7907.5,10279.8,0.9272,ai_heavy
3562,10,148,7611.4,9894.8,0.9441,ai_heavy
3563,11,148,7779.0,10112.7,0.9588,ai_heavy
3564,12,148,7775.7,10108.4,0.9703,ai_heavy
3565,13,148,7469.2,9710.0,0.9775,ai_heavy
3566,14,148,7746.7,10070.7,0.98,ai_heavy
3567,15,148,8076.9,10500.0,0.9775,ai_heavy
3568,16,148,7705.4,10017.1,0.9703,ai_heavy
3569,17,148,7836.9,10188.0,0.9588,ai_heavy
3570,18,148,7766.7,10096.8,0.9441,ai_heavy
3571,19,148,7653.0,9948.8,0.9272,ai_heavy
3572,20,148,7598.3,9877.8,0.9092,ai_heavy
3573,21,148,7652.6,9948.4,0.8911,ai_heavy
3574,22,148,7675.1,9977.7,0.874,ai_heavy
3575,23,148,7176.5,9329.5,0.8584,ai_heavy
3576,0,149,7465.0,9704.5,0.8118,ai_heavy
3577,1,149,7377.2,9590.3,0.8172,ai_heavy
3578,2,149,7341.6,9544.1,0.8244,ai_heavy
3579,3,149,7732.0,10051.5,0.8335,ai_heavy
3580,4,149,7295.6,9484.2,0.8449,ai_heavy
3581,5,149,7167.0,9317.1,0.8584,ai_heavy
3582,6,149,7682.4,9987.2,0.874,ai_heavy
3583,7,149,7208.2,9370.7,0.8911,ai_heavy
3584,8,149,7119.0,9254.8,0.9092,ai_heavy
3585,9,149,7789.7,10126.6,0.9272,ai_heavy
3586,10,149,7644.7,9938.2,0.9441,ai_heavy
3587,11,149,7738.8,10060.4,0.9588,ai_heavy
3588,12,149,7546.2,9810.1,0.9703,ai_heavy
3589,13,149,7340.5,9542.7,0.9775,ai_heavy
3590,14,149,7389.7,9606.7,0.98,ai_heavy
3591,15,149,7596.0,9874.9,0.9775,ai_heavy
3592,16,149,7355.8,9562.5,0.9703,ai_heavy
3593,17,149,7700.9,10011.1,0.9588,ai_heavy
3594,18,149,7502.9,9753.8,0.9441,ai_heavy
3595,19,149,7625.2,9912.8,0.9272,ai_heavy
3596,20,149,7591.2,9868.6,0.9092,ai_heavy
3597,21,149,7616.4,9901.3,0.8911,ai_heavy
3598,22,149,7615.7,9900.5,0.874,ai_heavy
3599,23,149,7402.8,9623.6,0.8584,ai_heavy
3600,0,150,7451.0,9686.2,0.8118,ai_heavy
3601,1,150,7470.7,9711.8,0.8172,ai_heavy
3602,2,150,6887.5,8953.8,0.8244,ai_heavy
3603,3,150,7587.0,9863.0,0.8335,ai_heavy
3604,4,150,7493.2,9741.1,0.8449,ai_heavy
3605,5,150,7606.5,9888.5,0.8584,ai_heavy
3606,6,150,7213.6,9377.7,0.874,ai_heavy
3607,7,150,7457.7,9695.0,0.8911,ai_heavy
3608,8,150,7308.6,9501.2,0.9092,ai_heavy
3609,9,150,7752.5,10078.2,0.9272,ai_heavy
3610,10,150,7287.8,9474.1,0.9441,ai_heavy
3611,11,150,7418.0,9643.4,0.9588,ai_heavy
3612,12,150,7770.3,10101.4,0.9703,ai_heavy
3613,13,150,7514.0,9768.2,0.9775,ai_heavy
3614,14,150,7448.9,9683.6,0.98,ai_heavy
3615,15,150,7866.9,10227.0,0.9775,ai_heavy
3616,16,150,7865.2,10224.7,0.9703,ai_heavy
3617,17,150,7795.9,10134.6,0.9588,ai_heavy
3618,18,150,7802.2,10142.9,0.9441,ai_heavy
3619,19,150,7530.4,9789.5,0.9272,ai_heavy
3620,20,150,7509.7,9762.6,0.9092,ai_heavy
3621,21,150,7382.6,9597.4,0.8911,ai_heavy
3622,22,150,7541.1,9803.4,0.874,ai_heavy
3623,23,150,7361.5,9570.0,0.8584,ai_heavy
3624,0,151,7313.8,9507.9,0.8118,ai_heavy
3625,1,151,7551.6,9817.1,0.8172,ai_heavy
3626,2,151,7692.8,10000.7,0.8244,ai_heavy
3627,3,151,7531.5,9791.0,0.8335,ai_heavy
3628,4,151,7861.2,10219.5,0.8449,ai_heavy
3629,5,151,7321.6,9518.1,0.8584,ai_heavy
3630,6,151,7089.6,9216.5,0.874,ai_heavy
3631,7,151,7690.4,9997.6,0.8911,ai_heavy
3632,8,151,7381.1,9595.4,0.9092,ai_heavy
3633,9,151,7520.8,9777.1,0.9272,ai_heavy
3634,10,151,7204.5,9365.9,0.9441,ai_heavy
3635,11,151,7424.7,9652.2,0.9588,ai_heavy
3636,12,151,7303.1,9494.0,0.9703,ai_heavy
3637,13,151,7558.8,9826.4,0.9775,ai_heavy
3638,14,151,7571.6,9843.1,0.98,ai_heavy
3639,15,151,7679.3,9983.0,0.9775,ai_heavy
3640,16,151,7932.1,10311.8,0.9703,ai_heavy
3641,17,151,7785.5,10121.2,0.9588,ai_heavy
3642,18,151,7238.2,9409.7,0.9441,ai_heavy
3643,19,151,7721.4,10037.8,0.9272,ai_heavy
3644,20,151,7581.4,9855.8,0.9092,ai_heavy
3645,21,151,7506.9,9759.0,0.8911,ai_heavy
3646,22,151,7498.2,9747.7,0.874,ai_heavy
3647,23,151,7525.9,9783.6,0.8584,ai_heavy
3648,0,152,7251.0,9426.3,0.8083,ai_heavy
3649,1,152,7369.8,9580.8,0.812,ai_heavy
3650,2,152,7681.4,9985.8,0.8171,ai_heavy
3651,3,152,7270.7,9451.9,0.8235,ai_heavy
3652,4,152,7209.6,9372.5,0.8314,ai_heavy
3653,5,152,7439.9,9671.8,0.8409,ai_heavy
3654,6,152,7216.6,9381.6,0.8518,ai_heavy
3655,7,152,7101.0,9231.3,0.8638,ai_heavy
3656,8,152,7429.4,9658.2,0.8764,ai_heavy
3657,9,152,7852.9,10208.8,0.889,ai_heavy
3658,10,152,7534.9,9795.4,0.9009,ai_heavy
3659,11,152,7599.6,9879.5,0.9112,ai_heavy
3660,12,152,7087.3,9213.4,0.9192,ai_heavy
3661,13,152,7678.3,9981.8,0.9243,ai_heavy
3662,14,152,7602.5,9883.3,0.926,ai_heavy
3663,15,152,7427.5,9655.8,0.9243,ai_heavy
3664,16,152,7612.0,9895.6,0.9192,ai_heavy
3665,17,152,7597.7,9877.0,0.9112,ai_heavy
3666,18,152,7303.9,9495.0,0.9009,ai_heavy
3667,19,152,7600.8,9881.0,0.889,ai_heavy
3668,20,152,7776.5,10109.5,0.8764,ai_heavy
3669,21,152,7436.8,9667.8,0.8638,ai_heavy
3670,22,152,7275.6,9458.3,0.8518,ai_heavy
3671,23,152,7414.0,9638.1,0.8409,ai_heavy
3672,0,153,7594.6,9872.9,0.8083,ai_heavy
3673,1,153,7137.8,9279.1,0.812,ai_heavy
3674,2,153,7546.6,9810.6,0.8171,ai_heavy
3675,3,153,7276.4,9459.4,0.8235,ai_heavy
3676,4,153,7493.5,9741.5,0.8314,ai_heavy
3677,5,153,7327.5,9525.7,0.8409,ai_heavy
3678,6,153,7342.9,9545.8,0.8518,ai_heavy
3679,7,153,7830.2,10179.2,0.8638,ai_heavy
3680,8,153,7189.6,9346.5,0.8764,ai_heavy
3681,9,153,7635.4,9926.1,0.889,ai_heavy
3682,10,153,7935.5,10316.1,0.9009,ai_heavy
3683,11,153,7714.6,10028.9,0.9112,ai_heavy
3684,12,153,7268.8,9449.4,0.9192,ai_heavy
3685,13,153,7287.3,9473.5,0.9243,ai_heavy
3686,14,153,7410.4,9633.5,0.926,ai_heavy
3687,15,153,7614.6,9899.0,0.9243,ai_heavy
3688,16,153,7622.4,9909.1,0.9192,ai_heavy
3689,17,153,7270.7,9451.9,0.9112,ai_heavy
3690,18,153,7346.1,9550.0,0.9009,ai_heavy
3691,19,153,7342.7,9545.4,0.889,ai_heavy
3692,20,153,7466.2,9706.1,0.8764,ai_heavy
3693,21,153,7933.8,10314.0,0.8638,ai_heavy
3694,22,153,7260.9,9439.1,0.8518,ai_heavy
3695,23,153,7235.2,9405.8,0.8409,ai_heavy
3696,0,154,7158.2,9305.6,0.8118,ai_heavy
3697,1,154,7559.6,9827.4,0.8172,ai_heavy
3698,2,154,7419.6,9645.5,0.8244,ai_heavy
3699,3,154,7242.5,9415.2,0.8335,ai_heavy
3700,4,154,7378.4,9592.0,0.8449,ai_heavy
3701,5,154,7302.3,9493.1,0.8584,ai_heavy
3702,6,154,7569.9,9840.9,0.874,ai_heavy
3703,7,154,8076.9,10500.0,0.8911,ai_heavy
3704,8,154,7680.9,9985.2,0.9092,ai_heavy
3705,9,154,7561.9,9830.5,0.9272,ai_heavy
3706,10,154,7456.7,9693.7,0.9441,ai_heavy
3707,11,154,7323.1,9520.0,0.9588,ai_heavy
3708,12,154,7816.0,10160.9,0.9703,ai_heavy
3709,13,154,7814.7,10159.1,0.9775,ai_heavy
3710,14,154,7555.2,9821.7,0.98,ai_heavy
3711,15,154,7937.4,10318.6,0.9775,ai_heavy
3712,16,154,7652.6,9948.3,0.9703,ai_heavy
3713,17,154,7807.9,10150.3,0.9588,ai_heavy
3714,18,154,7676.1,9978.9,0.9441,ai_heavy
3715,19,154,7542.8,9805.6,0.9272,ai_heavy
3716,20,154,7339.6,9541.5,0.9092,ai_heavy
3717,21,154,7496.1,9745.0,0.8911,ai_heavy
3718,22,154,7692.9,10000.7,0.874,ai_heavy
3719,23,154,7365.9,9575.7,0.8584,ai_heavy
3720,0,155,7507.8,9760.2,0.8118,ai_heavy
3721,1,155,7177.2,9330.3,0.8172,ai_heavy
3722,2,155,7602.7,9883.5,0.8244,ai_heavy
3723,3,155,7512.5,9766.2,0.8335,ai_heavy
3724,4,155,7190.6,9347.8,0.8449,ai_heavy
3725,5,155,7429.7,9658.6,0.8584,ai_heavy
3726,6,155,7713.0,10026.9,0.874,ai_heavy
3727,7,155,7244.6,9418.0,0.8911,ai_heavy
3728,8,155,7313.3,9507.3,0.9092,ai_heavy
3729,9,155,7567.3,9837.5,0.9272,ai_heavy
3730,10,155,8076.9,10500.0,0.9441,ai_heavy
3731,11,155,7476.6,9719.6,0.9588,ai_heavy
3732,12,155,7761.3,10089.8,0.9703,ai_heavy
3733,13,155,7718.4,10033.9,0.9775,ai_heavy
3734,14,155,7526.8,9784.8,0.98,ai_heavy
3735,15,155,7695.6,10004.3,0.9775,ai_heavy
3736,16,155,7545.0,9808.5,0.9703,ai_heavy
3737,17,155,7548.7,9813.3,0.9588,ai_heavy
3738,18,155,7229.3,9398.1,0.9441,ai_heavy
3739,19,155,7577.5,9850.8,0.9272,ai_heavy
3740,20,155,7759.9,10087.8,0.9092,ai_heavy
3741,21,155,7542.0,9804.6,0.8911,ai_heavy
3742,22,155,7748.8,10073.4,0.874,ai_heavy
3743,23,155,7610.2,9893.2,0.8584,ai_heavy
3744,0,156,7396.8,9615.9,0.8118,ai_heavy
3745,1,156,7278.4,9461.9,0.8172,ai_heavy
3746,2,156,7320.5,9516.6,0.8244,ai_heavy
3747,3,156,7114.3,9248.5,0.8335,ai_heavy
3748,4,156,7399.9,9619.8,0.8449,ai_heavy
3749,5,156,7512.7,9766.5,0.8584,ai_heavy
3750,6,156,7889.4,10256.3,0.874,ai_heavy
3751,7,156,7648.4,9942.9,0.8911,ai_heavy
3752,8,156,7360.0,9568.0,0.9092,ai_heavy
3753,9,156,7255.7,9432.4,0.9272,ai_heavy
3754,10,156,7561.4,9829.8,0.9441,ai_heavy
3755,11,156,7816.4,10161.3,0.9588,ai_heavy
3756,12,156,7597.1,9876.2,0.9703,ai_heavy
3757,13,156,7783.1,10118.0,0.9775,ai_heavy
3758,14,156,7620.7,9906.9,0.98,ai_heavy
3759,15,156,7823.3,10170.3,0.9775,ai_heavy
3760,16,156,7281.3,9465.6,0.9703,ai_heavy
3761,17,156,7997.8,10397.1,0.9588,ai_heavy
3762,18,156,7354.6,9560.9,0.9441,ai_heavy
3763,19,156,7763.7,10092.8,0.9272,ai_heavy
3764,20,156,7494.4,9742.7,0.9092,ai_heavy
3765,21,156,7502.9,9753.7,0.8911,ai_heavy
3766,22,156,7449.0,9683.7,0.874,ai_heavy
3767,23,156,7537.3,9798.5,0.8584,ai_heavy
3768,0,157,7511.8,9765.3,0.8118,ai_heavy
3769,1,157,7653.7,9949.8,0.8172,ai_heavy
3770,2,157,7742.6,10065.4,0.8244,ai_heavy
3771,3,157,7516.7,9771.7,0.8335,ai_heavy
3772,4,157,7843.1,10196.1,0.8449,ai_heavy
3773,5,157,7500.8,9751.1,0.8584,ai_heavy
3774,6,157,7745.8,10069.6,0.874,ai_heavy
3775,7,157,7625.9,9913.6,0.8911,ai_heavy
3776,8,157,7431.6,9661.0,0.9092,ai_heavy
3777,9,157,7624.3,9911.6,0.9272,ai_heavy
3778,10,157,7723.4,10040.4,0.9441,ai_heavy
3779,11,157,7623.2,9910.2,0.9588,ai_heavy
3780,12,157,7742.4,10065.2,0.9703,ai_heavy
3781,13,157,7857.4,10214.6,0.9775,ai_heavy
3782,14,157,7656.9,9954.0,0.98,ai_heavy
3783,15,157,6982.2,9076.9,0.9775,ai_heavy
3784,16,157,8032.8,10442.6,0.9703,ai_heavy
3785,17,157,7562.5,9831.2,0.9588,ai_heavy
3786,18,157,7420.6,9646.8,0.9441,ai_heavy
3787,19,157,7327.4,9525.6,0.9272,ai_heavy
3788,20,157,7479.8,9723.7,0.9092,ai_heavy
3789,21,157,7401.9,9622.5,0.8911,ai_heavy
3790,22,157,7337.4,9538.6,0.874,ai_heavy
3791,23,157,7326.9,9525.0,0.8584,ai_heavy
3792,0,158,7527.8,9786.2,0.8118,ai_heavy
3793,1,158,7870.0,10231.0,0.8172,ai_heavy
3794,2,158,7611.7,9895.2,0.8244,ai_heavy
3795,3,158,7693.3,10001.2,0.8335,ai_heavy
3796,4,158,7375.2,9587.7,0.8449,ai_heavy
3797,5,158,7503.5,9754.5,0.8584,ai_heavy
3798,6,158,7599.3,9879.1,0.874,ai_heavy
3799,7,158,7380.0,9594.1,0.8911,ai_heavy
3800,8,158,7459.6,9697.4,0.9092,ai_heavy
3801,9,158,7777.5,10110.8,0.9272,ai_heavy
3802,10,158,7857.4,10214.6,0.9441,ai_heavy
3803,11,158,7646.0,9939.8,0.9588,ai_heavy
3804,12,158,7373.5,9585.6,0.9703,ai_heavy
3805,13,158,7590.7,9867.9,0.9775,ai_heavy
3806,14,158,7331.0,9530.3,0.98,ai_heavy
3807,15,158,7675.9,9978.6,0.9775,ai_heavy
3808,16,158,7706.3,10018.2,0.9703,ai_heavy
3809,17,158,7568.6,9839.2,0.9588,ai_heavy
3810,18,158,7663.7,9962.8,0.9441,ai_heavy
3811,19,158,7677.9,9981.3,0.9272,ai_heavy
3812,20,158,7614.3,9898.6,0.9092,ai_heavy
3813,21,158,7257.6,9434.9,0.8911,ai_heavy
3814,22,158,7446.3,9680.2,0.874,ai_heavy
3815,23,158,7571.9,9843.5,0.8584,ai_heavy
3816,0,159,7755.4,10082.1,0.8083,ai_heavy
3817,1,159,7349.9,9554.9,0.812,ai_heavy
3818,2,159,7540.5,9802.6,0.8171,ai_heavy
3819,3,159,7623.2,9910.1,0.8235,ai_heavy
3820,4,159,7395.6,9614.2,0.8314,ai_heavy
3821,5,159,7710.5,10023.6,0.8409,ai_heavy
3822,6,159,7739.4,10061.2,0.8518,ai_heavy
3823,7,159,7798.1,10137.5,0.8638,ai_heavy
3824,8,159,7610.2,9893.2,0.8764,ai_heavy
3825,9,159,8058.7,10476.3,0.889,ai_heavy
3826,10,159,7404.4,9625.7,0.9009,ai_heavy
3827,11,159,8040.8,10453.0,0.9112,ai_heavy
3828,12,159,7745.6,10069.3,0.9192,ai_heavy
3829,13,159,7883.5,10248.5,0.9243,ai_heavy
3830,14,159,7508.5,9761.1,0.926,ai_heavy
3831,15,159,7770.7,10101.9,0.9243,ai_heavy
3832,16,159,7895.2,10263.8,0.9192,ai_heavy
3833,17,159,7312.5,9506.3,0.9112,ai_heavy
3834,18,159,7506.7,9758.7,0.9009,ai_heavy
3835,19,159,7042.4,9155.1,0.889,ai_heavy
3836,20,159,7466.8,9706.8,0.8764,ai_heavy
3837,21,159,7304.7,9496.1,0.8638,ai_heavy
3838,22,159,7421.2,9647.6,0.8518,ai_heavy
3839,23,159,8076.9,10500.0,0.8409,ai_heavy
3840,0,160,7786.3,10122.2,0.8083,ai_heavy
3841,1,160,7090.4,9217.5,0.812,ai_heavy
3842,2,160,7541.6,9804.0,0.8171,ai_heavy
3843,3,160,7605.5,9887.2,0.8235,ai_heavy
3844,4,160,7364.0,9573.2,0.8314,ai_heavy
3845,5,160,7493.5,9741.6,0.8409,ai_heavy
3846,6,160,7531.9,9791.4,0.8518,ai_heavy
3847,7,160,7185.5,9341.2,0.8638,ai_heavy
3848,8,160,7274.7,9457.1,0.8764,ai_heavy
3849,9,160,7564.8,9834.2,0.889,ai_heavy
3850,10,160,7566.1,9836.0,0.9009,ai_heavy
3851,11,160,7398.4,9617.9,0.9112,ai_heavy
3852,12,160,7390.7,9607.9,0.9192,ai_heavy
3853,13,160,7558.3,9825.8,0.9243,ai_heavy
3854,14,160,7782.9,10117.7,0.926,ai_heavy
3855,15,160,7561.3,9829.7,0.9243,ai_heavy
3856,16,160,7939.7,10321.6,0.9192,ai_heavy
3857,17,160,7401.3,9621.7,0.9112,ai_heavy
3858,18,160,7587.3,9863.6,0.9009,ai_heavy
3859,19,160,7445.9,9679.6,0.889,ai_heavy
3860,20,160,7639.4,9931.2,0.8764,ai_heavy
3861,21,160,7312.4,9506.2,0.8638,ai_heavy
3862,22,160,7901.9,10272.5,0.8518,ai_heavy
3863,23,160,7075.6,9198.3,0.8409,ai_heavy
3864,0,161,7791.4,10128.8,0.8118,ai_heavy
3865,1,161,7438.2,9669.6,0.8172,ai_heavy
3866,2,161,7552.0,9817.6,0.8244,ai_heavy
3867,3,161,7740.6,10062.7,0.8335,ai_heavy
3868,4,161,7651.6,9947.0,0.8449,ai_heavy
3869,5,161,7316.1,9511.0,0.8584,ai_heavy
3870,6,161,7638.4,9929.9,0.874,ai_heavy
3871,7,161,7950.8,10336.1,0.8911,ai_heavy
3872,8,161,7354.9,9561.4,0.9092,ai_heavy
3873,9,161,8065.0,10484.5,0.9272,ai_heavy
3874,10,161,7696.5,10005.5,0.9441,ai_heavy
3875,11,161,7531.4,9790.8,0.9588,ai_heavy
3876,12,161,7442.8,9675.6,0.9703,ai_heavy
3877,13,161,7607.3,9889.5,0.9775,ai_heavy
3878,14,161,7212.8,9376.7,0.98,ai_heavy
3879,15,161,7563.2,9832.1,0.9775,ai_heavy
3880,16,161,7587.4,9863.6,0.9703,ai_heavy
3881,17,161,7384.6,9600.0,0.9588,ai_heavy
3882,18,161,7779.2,10113.0,0.9441,ai_heavy
3883,19,161,7533.3,9793.3,0.9272,ai_heavy
3884,20,161,7411.9,9635.5,0.9092,ai_heavy
3885,21,161,7455.5,9692.2,0.8911,ai_heavy
3886,22,161,7583.2,9858.2,0.874,ai_heavy
3887,23,161,7496.4,9745.3,0.8584,ai_heavy
3888,0,162,7254.2,9430.5,0.8118,ai_heavy
3889,1,162,7446.1,9679.9,0.8172,ai_heavy
3890,2,162,7417.6,9642.8,0.8244,ai_heavy
3891,3,162,7188.2,9344.6,0.8335,ai_heavy
3892,4,162,7395.1,9613.6,0.8449,ai_heavy
3893,5,162,7610.0,9893.0,0.8584,ai_heavy
3894,6,162,7632.1,9921.7,0.874,ai_heavy
3895,7,162,7477.1,9720.2,0.8911,ai_heavy
3896,8,162,7709.5,10022.3,0.9092,ai_heavy
3897,9,162,7360.2,9568.2,0.9272,ai_heavy
3898,10,162,7391.9,9609.5,0.9441,ai_heavy
3899,11,162,7573.1,9845.0,0.9588,ai_heavy
3900,12,162,7991.3,10388.7,0.9703,ai_heavy
3901,13,162,7696.1,10004.9,0.9775,ai_heavy
3902,14,162,7599.0,9878.7,0.98,ai_heavy
3903,15,162,8013.4,10417.4,0.9775,ai_heavy
3904,16,162,7581.9,9856.4,0.9703,ai_heavy
3905,17,162,8076.9,10500.0,0.9588,ai_heavy
3906,18,162,7491.8,9739.3,0.9441,ai_heavy
3907,19,162,7352.9,9558.8,0.9272,ai_heavy
3908,20,162,7518.4,9773.9,0.9092,ai_heavy
3909,21,162,7472.8,9714.6,0.8911,ai_heavy
3910,22,162,7321.5,9517.9,0.874,ai_heavy
3911,23,162,8063.8,10483.0,0.8584,ai_heavy
3912,0,163,7480.9,9725.2,0.8118,ai_heavy
3913,1,163,7521.4,9777.9,0.8172,ai_heavy
3914,2,163,7325.9,9523.7,0.8244,ai_heavy
3915,3,163,7313.6,9507.7,0.8335,ai_heavy
3916,4,163,7689.1,9995.9,0.8449,ai_heavy
3917,5,163,7103.9,9235.1,0.8584,ai_heavy
3918,6,163,7246.1,9419.9,0.874,ai_heavy
3919,7,163,7473.2,9715.1,0.8911,ai_heavy
3920,8,163,7862.3,10221.0,0.9092,ai_heavy
3921,9,163,7497.9,9747.3,0.9272,ai_heavy
3922,10,163,7703.5,10014.5,0.9441,ai_heavy
3923,11,163,7636.9,9928.0,0.9588,ai_heavy
3924,12,163,7945.1,10328.7,0.9703,ai_heavy
3925,13,163,7294.5,9482.8,0.9775,ai_heavy
3926,14,163,7831.5,10180.9,0.98,ai_heavy
3927,15,163,7612.9,9896.8,0.9775,ai_heavy
3928,16,163,7859.9,10217.9,0.9703,ai_heavy
3929,17,163,7443.0,9675.9,0.9588,ai_heavy
3930,18,163,7614.1,9898.3,0.9441,ai_heavy
3931,19,163,7559.8,9827.7,0.9272,ai_heavy
3932,20,163,7328.8,9527.5,0.9092,ai_heavy
3933,21,163,7239.8,9411.8,0.8911,ai_heavy
3934,22,163,7372.7,9584.5,0.874,ai_heavy
3935,23,163,7509.1,9761.9,0.8584,ai_heavy
3936,0,164,7241.8,9414.3,0.8118,ai_heavy
3937,1,164,7344.7,9548.1,0.8172,ai_heavy
3938,2,164,7008.6,9111.1,0.8244,ai_heavy
3939,3,164,7359.8,9567.8,0.8335,ai_heavy
3940,4,164,7688.7,9995.3,0.8449,ai_heavy
3941,5,164,7638.2,9929.7,0.8584,ai_heavy
3942,6,164,7483.7,9728.9,0.874,ai_heavy
3943,7,164,7584.1,9859.3,0.8911,ai_heavy
3944,8,164,7368.3,9578.8,0.9092,ai_heavy
3945,9,164,7952.7,10338.4,0.9272,ai_heavy
3946,10,164,8076.9,10500.0,0.9441,ai_heavy
3947,11,164,7668.3,9968.8,0.9588,ai_heavy
3948,12,164,8076.9,10500.0,0.9703,ai_heavy
3949,13,164,7502.3,9753.0,0.9775,ai_heavy
3950,14,164,7374.7,9587.1,0.98,ai_heavy
3951,15,164,7495.5,9744.2,0.9775,ai_heavy
3952,16,164,7597.4,9876.6,0.9703,ai_heavy
3953,17,164,8076.9,10500.0,0.9588,ai_heavy
3954,18,164,7544.3,9807.6,0.9441,ai_heavy
3955,19,164,7387.5,9603.8,0.9272,ai_heavy
3956,20,164,7352.4,9558.1,0.9092,ai_heavy
3957,21,164,7786.5,10122.5,0.8911,ai_heavy
3958,22,164,7727.8,10046.1,0.874,ai_heavy
3959,23,164,7371.0,9582.3,0.8584,ai_heavy
3960,0,165,6993.1,9091.0,0.8118,ai_heavy
3961,1,165,7167.0,9317.1,0.8172,ai_heavy
3962,2,165,7812.5,10156.2,0.8244,ai_heavy
3963,3,165,7596.4,9875.3,0.8335,ai_heavy
3964,4,165,7474.3,9716.6,0.8449,ai_heavy
3965,5,165,7899.3,10269.1,0.8584,ai_heavy
3966,6,165,7944.1,10327.4,0.874,ai_heavy
3967,7,165,7520.9,9777.2,0.8911,ai_heavy
3968,8,165,7552.1,9817.7,0.9092,ai_heavy
3969,9,165,7450.7,9685.9,0.9272,ai_heavy
3970,10,165,7543.5,9806.6,0.9441,ai_heavy
3971,11,165,7290.3,9477.4,0.9588,ai_heavy
3972,12,165,7305.8,9497.5,0.9703,ai_heavy
3973,13,165,7262.8,9441.6,0.9775,ai_heavy
3974,14,165,7911.6,10285.0,0.98,ai_heavy
3975,15,165,7299.8,9489.8,0.9775,ai_heavy
3976,16,165,8076.9,10500.0,0.9703,ai_heavy
3977,17,165,7463.4,9702.4,0.9588,ai_heavy
3978,18,165,8005.1,10406.6,0.9441,ai_heavy
3979,19,165,7500.1,9750.1,0.9272,ai_heavy
3980,20,165,7201.0,9361.4,0.9092,ai_heavy
3981,21,165,7819.0,10164.7,0.8911,ai_heavy
3982,22,165,7818.9,10164.5,0.874,ai_heavy
3983,23,165,7276.6,9459.6,0.8584,ai_heavy
3984,0,166,7331.1,9530.4,0.8083,ai_heavy
3985,1,166,7209.0,9371.7,0.812,ai_heavy
3986,2,166,7391.1,9608.4,0.8171,ai_heavy
3987,3,166,7451.5,9687.0,0.8235,ai_heavy
3988,4,166,7361.0,9569.3,0.8314,ai_heavy
3989,5,166,7046.9,9161.0,0.8409,ai_heavy
3990,6,166,7339.8,9541.8,0.8518,ai_heavy
3991,7,166,7646.0,9939.9,0.8638,ai_heavy
3992,8,166,7459.9,9697.9,0.8764,ai_heavy
3993,9,166,7451.9,9687.5,0.889,ai_heavy
3994,10,166,7333.0,9532.9,0.9009,ai_heavy
3995,11,166,7420.8,9647.0,0.9112,ai_heavy
3996,12,166,7891.1,10258.4,0.9192,ai_heavy
3997,13,166,7319.6,9515.4,0.9243,ai_heavy
3998,14,166,7745.3,10068.8,0.926,ai_heavy
3999,15,166,7589.4,9866.2,0.9243,ai_heavy
4000,16,166,7626.7,9914.7,0.9192,ai_heavy
4001,17,166,7393.0,9610.9,0.9112,ai_heavy
4002,18,166,7464.0,9703.2,0.9009,ai_heavy
4003,19,166,7524.6,9781.9,0.889,ai_heavy
4004,20,166,7389.7,9606.6,0.8764,ai_heavy
4005,21,166,7562.5,9831.2,0.8638,ai_heavy
4006,22,166,7572.5,9844.3,0.8518,ai_heavy
4007,23,166,7939.5,10321.4,0.8409,ai_heavy
4008,0,167,7466.5,9706.5,0.8083,ai_heavy
4009,1,167,6985.3,9080.8,0.812,ai_heavy
4010,2,167,7676.7,9979.7,0.8171,ai_heavy
4011,3,167,7382.1,9596.7,0.8235,ai_heavy
4012,4,167,7888.5,10255.0,0.8314,ai_heavy
4013,5,167,7782.6,10117.4,0.8409,ai_heavy
4014,6,167,7356.8,9563.8,0.8518,ai_heavy
4015,7,167,7650.2,9945.2,0.8638,ai_heavy
4016,8,167,7373.2,9585.1,0.8764,ai_heavy
4017,9,167,7526.5,9784.4,0.889,ai_heavy
4018,10,167,7696.6,10005.6,0.9009,ai_heavy
4019,11,167,7811.5,10154.9,0.9112,ai_heavy
4020,12,167,7774.4,10106.8,0.9192,ai_heavy
4021,13,167,7595.8,9874.5,0.9243,ai_heavy
4022,14,167,8076.9,10500.0,0.926,ai_heavy
4023,15,167,7495.7,9744.4,0.9243,ai_heavy
4024,16,167,7206.0,9367.9,0.9192,ai_heavy
4025,17,167,7238.3,9409.8,0.9112,ai_heavy
4026,18,167,7877.2,10240.4,0.9009,ai_heavy
4027,19,167,7508.6,9761.1,0.889,ai_heavy
4028,20,167,7542.8,9805.6,0.8764,ai_heavy
4029,21,167,7366.1,9576.0,0.8638,ai_heavy
4030,22,167,7368.6,9579.1,0.8518,ai_heavy
4031,23,167,7277.7,9461.0,0.8409,ai_heavy
4032,0,168,7514.8,9769.2,0.8118,ai_heavy
4033,1,168,7396.5,9615.4,0.8172,ai_heavy
4034,2,168,7525.8,9783.5,0.8244,ai_heavy
4035,3,168,7518.4,9773.9,0.8335,ai_heavy
4036,4,168,7364.3,9573.6,0.8449,ai_heavy
4037,5,168,7152.6,9298.4,0.8584,ai_heavy
4038,6,168,7155.3,9302.0,0.874,ai_heavy
4039,7,168,8076.9,10500.0,0.8911,ai_heavy
4040,8,168,7891.1,10258.5,0.9092,ai_heavy
4041,9,168,7888.0,10254.4,0.9272,ai_heavy
4042,10,168,7454.5,9690.9,0.9441,ai_heavy
4043,11,168,7632.8,9922.6,0.9588,ai_heavy
4044,12,168,7460.6,9698.8,0.9703,ai_heavy
4045,13,168,7357.1,9564.3,0.9775,ai_heavy
4046,14,168,7527.0,9785.1,0.98,ai_heavy
4047,15,168,7963.3,10352.3,0.9775,ai_heavy
4048,16,168,7840.6,10192.8,0.9703,ai_heavy
4049,17,168,7408.5,9631.1,0.9588,ai_heavy
4050,18,168,7536.6,9797.6,0.9441,ai_heavy
4051,19,168,7753.5,10079.6,0.9272,ai_heavy
4052,20,168,7426.6,9654.6,0.9092,ai_heavy
4053,21,168,7547.0,9811.1,0.8911,ai_heavy
4054,22,168,7593.8,9871.9,0.874,ai_heavy
4055,23,168,7567.7,9838.0,0.8584,ai_heavy
4056,0,169,7466.6,9706.5,0.8118,ai_heavy
4057,1,169,7272.7,9454.4,0.8172,ai_heavy
4058,2,169,7306.1,9497.9,0.8244,ai_heavy
4059,3,169,7189.5,9346.3,0.8335,ai_heavy
4060,4,169,7110.2,9243.3,0.8449,ai_heavy
4061,5,169,7454.2,9690.5,0.8584,ai_heavy
4062,6,169,7687.0,9993.2,0.874,ai_heavy
4063,7,169,7217.3,9382.4,0.8911,ai_heavy
4064,8,169,7617.9,9903.3,0.9092,ai_heavy
4065,9,169,7761.6,10090.1,0.9272,ai_heavy
4066,10,169,7189.3,9346.0,0.9441,ai_heavy
4067,11,169,7568.6,9839.2,0.9588,ai_heavy
4068,12,169,8025.4,10433.0,0.9703,ai_heavy
4069,13,169,7785.4,10121.0,0.9775,ai_heavy
4070,14,169,7232.3,9402.1,0.98,ai_heavy
4071,15,169,7809.8,10152.8,0.9775,ai_heavy
4072,16,169,7476.2,9719.0,0.9703,ai_heavy
4073,17,169,7788.8,10125.5,0.9588,ai_heavy
4074,18,169,7451.0,9686.3,0.9441,ai_heavy
4075,19,169,7571.0,9842.3,0.9272,ai_heavy
4076,20,169,7434.2,9664.5,0.9092,ai_heavy
4077,21,169,7529.7,9788.7,0.8911,ai_heavy
4078,22,169,7375.6,9588.3,0.874,ai_heavy
4079,23,169,7429.8,9658.7,0.8584,ai_heavy
4080,0,170,7148.7,9293.3,0.8118,ai_heavy
4081,1,170,7527.3,9785.5,0.8172,ai_heavy
4082,2,170,7467.9,9708.3,0.8244,ai_heavy
4083,3,170,7081.7,9206.2,0.8335,ai_heavy
4084,4,170,7681.8,9986.4,0.8449,ai_heavy
4085,5,170,7440.4,9672.5,0.8584,ai_heavy
4086,6,170,7539.7,9801.6,0.874,ai_heavy
4087,7,170,7701.7,10012.2,0.8911,ai_heavy
4088,8,170,7630.5,9919.6,0.9092,ai_heavy
4089,9,170,7848.2,10202.6,0.9272,ai_heavy
4090,10,170,7541.6,9804.0,0.9441,ai_heavy
4091,11,170,7867.4,10227.6,0.9588,ai_heavy
4092,12,170,7675.9,9978.7,0.9703,ai_heavy
4093,13,170,7775.2,10107.8,0.9775,ai_heavy
4094,14,170,7755.1,10081.6,0.98,ai_heavy
4095,15,170,7943.7,10326.7,0.9775,ai_heavy
4096,16,170,7813.2,10157.2,0.9703,ai_heavy
4097,17,170,7529.2,9787.9,0.9588,ai_heavy
4098,18,170,7462.1,9700.8,0.9441,ai_heavy
4099,19,170,7571.8,9843.3,0.9272,ai_heavy
4100,20,170,7383.8,9598.9,0.9092,ai_heavy
4101,21,170,7291.4,9478.8,0.8911,ai_heavy
4102,22,170,7024.3,9131.6,0.874,ai_heavy
4103,23,170,7132.3,9272.0,0.8584,ai_heavy
4104,0,171,7851.4,10206.8,0.8118,ai_heavy
4105,1,171,7272.0,9453.6,0.8172,ai_heavy
4106,2,171,7853.1,10209.0,0.8244,ai_heavy
4107,3,171,7532.6,9792.4,0.8335,ai_heavy
4108,4,171,7448.5,9683.0,0.8449,ai_heavy
4109,5,171,7143.2,9286.2,0.8584,ai_heavy
4110,6,171,7504.4,9755.7,0.874,ai_heavy
4111,7,171,7956.4,10343.3,0.8911,ai_heavy
4112,8,171,7909.2,10281.9,0.9092,ai_heavy
4113,9,171,7645.5,9939.1,0.9272,ai_heavy
4114,10,171,7346.3,9550.2,0.9441,ai_heavy
4115,11,171,7411.5,9634.9,0.9588,ai_heavy
4116,12,171,7452.1,9687.7,0.9703,ai_heavy
4117,13,171,7952.2,10337.9,0.9775,ai_heavy
4118,14,171,8037.4,10448.6,0.98,ai_heavy
4119,15,171,7703.6,10014.7,0.9775,ai_heavy
4120,16,171,7578.2,9851.6,0.9703,ai_heavy
4121,17,171,7985.1,10380.6,0.9588,ai_heavy
4122,18,171,7385.1,9600.7,0.9441,ai_heavy
4123,19,171,7594.9,9873.4,0.9272,ai_heavy
4124,20,171,7661.0,9959.3,0.9092,ai_heavy
4125,21,171,7334.1,9534.4,0.8911,ai_heavy
4126,22,171,7360.2,9568.2,0.874,ai_heavy
4127,23,171,7319.8,9515.7,0.8584,ai_heavy
4128,0,172,7725.0,10042.5,0.8118,ai_heavy
4129,1,172,7844.2,10197.4,0.8172,ai_heavy
4130,2,172,7454.4,9690.8,0.8244,ai_heavy
4131,3,172,7382.7,9597.5,0.8335,ai_heavy
4132,4,172,7325.4,9523.0,0.8449,ai_heavy
4133,5,172,7480.4,9724.5,0.8584,ai_heavy
4134,6,172,7379.5,9593.3,0.874,ai_heavy
4135,7,172,7507.1,9759.2,0.8911,ai_heavy
4136,8,172,7649.7,9944.7,0.9092,ai_heavy
4137,9,172,7490.9,9738.2,0.9272,ai_heavy
4138,10,172,7565.2,9834.8,0.9441,ai_heavy
4139,11,172,7588.1,9864.6,0.9588,ai_heavy
4140,12,172,7574.9,9847.3,0.9703,ai_heavy
4141,13,172,7557.2,9824.3,0.9775,ai_heavy
4142,14,172,7837.5,10188.8,0.98,ai_heavy
4143,15,172,7251.7,9427.3,0.9775,ai_heavy
4144,16,172,8008.9,10411.6,0.9703,ai_heavy
4145,17,172,7661.6,9960.1,0.9588,ai_heavy
4146,18,172,7747.7,10072.1,0.9441,ai_heavy
4147,19,172,7748.1,10072.5,0.9272,ai_heavy
4148,20,172,7395.6,9614.2,0.9092,ai_heavy
4149,21,172,7322.5,9519.2,0.8911,ai_heavy
4150,22,172,7270.9,9452.2,0.874,ai_heavy
4151,23,172,7424.5,9651.9,0.8584,ai_heavy
4152,0,173,7560.1,9828.1,0.8083,ai_heavy
4153,1,173,7280.6,9464.8,0.812,ai_heavy
4154,2,173,7553.2,9819.1,0.8171,ai_heavy
4155,3,173,6899.9,8969.8,0.8235,ai_heavy
4156,4,173,7353.4,9559.4,0.8314,ai_heavy
4157,5,173,7714.7,10029.0,0.8409,ai_heavy
4158,6,173,7431.7,9661.2,0.8518,ai_heavy
4159,7,173,7301.7,9492.3,0.8638,ai_heavy
4160,8,173,7359.0,9566.7,0.8764,ai_heavy
4161,9,173,6842.2,8894.9,0.889,ai_heavy
4162,10,173,7314.7,9509.1,0.9009,ai_heavy
4163,11,173,7798.9,10138.5,0.9112,ai_heavy
4164,12,173,7438.8,9670.4,0.9192,ai_heavy
4165,13,173,7473.1,9715.0,0.9243,ai_heavy
4166,14,173,7051.0,9166.3,0.926,ai_heavy
4167,15,173,7207.9,9370.3,0.9243,ai_heavy
4168,16,173,7841.4,10193.8,0.9192,ai_heavy
4169,17,173,7699.1,10008.8,0.9112,ai_heavy
4170,18,173,7250.0,9425.0,0.9009,ai_heavy
4171,19,173,7383.5,9598.5,0.889,ai_heavy
4172,20,173,7500.4,9750.5,0.8764,ai_heavy
4173,21,173,7219.3,9385.1,0.8638,ai_heavy
4174,22,173,7020.9,9127.1,0.8518,ai_heavy
4175,23,173,7418.1,9643.5,0.8409,ai_heavy
4176,0,174,7531.9,9791.5,0.8083,ai_heavy
4177,1,174,7542.0,9804.5,0.812,ai_heavy
4178,2,174,7612.7,9896.5,0.8171,ai_heavy
4179,3,174,7081.3,9205.7,0.8235,ai_heavy
4180,4,174,7452.4,9688.1,0.8314,ai_heavy
4181,5,174,7393.6,9611.7,0.8409,ai_heavy
4182,6,174,7450.5,9685.6,0.8518,ai_heavy
4183,7,174,7440.4,9672.6,0.8638,ai_heavy
4184,8,174,7358.2,9565.7,0.8764,ai_heavy
4185,9,174,6844.5,8897.9,0.889,ai_heavy
4186,10,174,7806.6,10148.6,0.9009,ai_heavy
4187,11,174,7633.9,9924.1,0.9112,ai_heavy
4188,12,174,7234.0,9404.2,0.9192,ai_heavy
4189,13,174,7686.3,9992.2,0.9243,ai_heavy
4190,14,174,7479.6,9723.4,0.926,ai_heavy
4191,15,174,7483.4,9728.5,0.9243,ai_heavy
4192,16,174,7396.6,9615.5,0.9192,ai_heavy
4193,17,174,7680.9,9985.1,0.9112,ai_heavy
4194,18,174,7362.6,9571.4,0.9009,ai_heavy
4195,19,174,7278.2,9461.7,0.889,ai_heavy
4196,20,174,7761.8,10090.4,0.8764,ai_heavy
4197,21,174,7447.8,9682.2,0.8638,ai_heavy
4198,22,174,7437.0,9668.0,0.8518,ai_heavy
4199,23,174,7608.5,9891.1,0.8409,ai_heavy
4200,0,175,7261.6,9440.1,0.8118,ai_heavy
4201,1,175,7313.9,9508.1,0.8172,ai_heavy
4202,2,175,7497.0,9746.1,0.8244,ai_heavy
4203,3,175,7098.4,9228.0,0.8335,ai_heavy
4204,4,175,7509.1,9761.8,0.8449,ai_heavy
4205,5,175,7310.4,9503.5,0.8584,ai_heavy
4206,6,175,7695.9,10004.6,0.874,ai_heavy
4207,7,175,7652.5,9948.2,0.8911,ai_heavy
4208,8,175,7650.0,9945.1,0.9092,ai_heavy
4209,9,175,7217.5,9382.8,0.9272,ai_heavy
4210,10,175,7584.9,9860.4,0.9441,ai_heavy
4211,11,175,7361.1,9569.4,0.9588,ai_heavy
4212,12,175,7639.3,9931.0,0.9703,ai_heavy
4213,13,175,7126.6,9264.6,0.9775,ai_heavy
4214,14,175,7308.1,9500.6,0.98,ai_heavy
4215,15,175,7931.8,10311.3,0.9775,ai_heavy
4216,16,175,7732.4,10052.1,0.9703,ai_heavy
4217,17,175,7549.6,9814.5,0.9588,ai_heavy
4218,18,175,7401.1,9621.4,0.9441,ai_heavy
4219,19,175,7336.4,9537.4,0.9272,ai_heavy
4220,20,175,7601.4,9881.9,0.9092,ai_heavy
4221,21,175,7451.4,9686.8,0.8911,ai_heavy
4222,22,175,7851.5,10206.9,0.874,ai_heavy
4223,23,175,7438.5,9670.1,0.8584,ai_heavy
4224,0,176,7423.1,9650.0,0.8118,ai_heavy
4225,1,176,7109.1,9241.9,0.8172,ai_heavy
4226,2,176,7348.5,9553.0,0.8244,ai_heavy
4227,3,176,7482.1,9726.8,0.8335,ai_heavy
4228,4,176,7376.2,9589.1,0.8449,ai_heavy
4229,5,176,7371.0,9582.3,0.8584,ai_heavy
4230,6,176,7576.9,9850.0,0.874,ai_heavy
4231,7,176,7871.2,10232.5,0.8911,ai_heavy
4232,8,176,7588.9,9865.6,0.9092,ai_heavy
4233,9,176,7843.4,10196.4,0.9272,ai_heavy
4234,10,176,7750.4,10075.5,0.9441,ai_heavy
4235,11,176,7878.8,10242.5,0.9588,ai_heavy
4236,12,176,7507.8,9760.2,0.9703,ai_heavy
4237,13,176,7611.0,9894.4,0.9775,ai_heavy
4238,14,176,7615.7,9900.4,0.98,ai_heavy
4239,15,176,7784.1,10119.3,0.9775,ai_heavy
4240,16,176,7829.5,10178.4,0.9703,ai_heavy
4241,17,176,7659.2,9957.0,0.9588,ai_heavy
4242,18,176,7808.6,10151.2,0.9441,ai_heavy
4243,19,176,7454.9,9691.4,0.9272,ai_heavy
4244,20,176,7756.8,10083.8,0.9092,ai_heavy
4245,21,176,7758.5,10086.0,0.8911,ai_heavy
4246,22,176,7655.8,9952.6,0.874,ai_heavy
4247,23,176,7510.1,9763.1,0.8584,ai_heavy
4248,0,177,7568.6,9839.2,0.8118,ai_heavy
4249,1,177,7219.2,9384.9,0.8172,ai_heavy
4250,2,177,7473.1,9715.0,0.8244,ai_heavy
4251,3,177,7509.7,9762.6,0.8335,ai_heavy
4252,4,177,7162.1,9310.7,0.8449,ai_heavy
4253,5,177,7586.5,9862.4,0.8584,ai_heavy
4254,6,177,7222.2,9388.9,0.874,ai_heavy
4255,7,177,7432.4,9662.1,0.8911,ai_heavy
4256,8,177,7565.1,9834.6,0.9092,ai_heavy
4257,9,177,7416.9,9641.9,0.9272,ai_heavy
4258,10,177,7627.4,9915.6,0.9441,ai_heavy
4259,11,177,7645.8,9939.6,0.9588,ai_heavy
4260,12,177,7459.5,9697.4,0.9703,ai_heavy
4261,13,177,7789.1,10125.8,0.9775,ai_heavy
4262,14,177,7486.7,9732.6,0.98,ai_heavy
4263,15,177,8076.9,10500.0,0.9775,ai_heavy
4264,16,177,7622.6,9909.4,0.9703,ai_heavy
4265,17,177,7362.5,9571.2,0.9588,ai_heavy
4266,18,177,7383.8,9599.0,0.9441,ai_heavy
4267,19,177,7844.2,10197.4,0.9272,ai_heavy
4268,20,177,7463.3,9702.3,0.9092,ai_heavy
4269,21,177,7221.0,9387.3,0.8911,ai_heavy
4270,22,177,7695.5,10004.1,0.874,ai_heavy
4271,23,177,7386.7,9602.7,0.8584,ai_heavy
4272,0,178,7555.3,9821.9,0.8118,ai_heavy
4273,1,178,7626.3,9914.2,0.8172,ai_heavy
4274,2,178,7490.0,9737.0,0.8244,ai_heavy
4275,3,178,7977.6,10370.8,0.8335,ai_heavy
4276,4,178,7073.7,9195.8,0.8449,ai_heavy
4277,5,178,7296.4,9485.3,0.8584,ai_heavy
4278,6,178,7445.7,9679.4,0.874,ai_heavy
4279,7,178,8039.8,10451.7,0.8911,ai_heavy
4280,8,178,7963.6,10352.7,0.9092,ai_heavy
4281,9,178,7876.3,10239.2,0.9272,ai_heavy
4282,10,178,7427.2,9655.4,0.9441,ai_heavy
4283,11,178,7475.5,9718.1,0.9588,ai_heavy
4284,12,178,7457.6,9694.9,0.9703,ai_heavy
4285,13,178,7478.6,9722.2,0.9775,ai_heavy
4286,14,178,8005.4,10407.1,0.98,ai_heavy
4287,15,178,7602.6,9883.3,0.9775,ai_heavy
4288,16,178,7622.1,9908.8,0.9703,ai_heavy
4289,17,178,7807.9,10150.2,0.9588,ai_heavy
4290,18,178,7228.8,9397.4,0.9441,ai_heavy
4291,19,178,7595.1,9873.6,0.9272,ai_heavy
4292,20,178,7307.4,9499.7,0.9092,ai_heavy
4293,21,178,7462.5,9701.3,0.8911,ai_heavy
4294,22,178,7371.3,9582.7,0.874,ai_heavy
4295,23,178,7336.8,9537.8,0.8584,ai_heavy
4296,0,179,7460.2,9698.3,0.8118,ai_heavy
4297,1,179,7467.4,9707.6,0.8172,ai_heavy
4298,2,179,7379.9,9593.8,0.8244,ai_heavy
4299,3,179,7525.4,9783.0,0.8335,ai_heavy
4300,4,179,7265.2,9444.8,0.8449,ai_heavy
4301,5,179,7632.9,9922.8,0.8584,ai_heavy
4302,6,179,7456.9,9694.0,0.874,ai_heavy
4303,7,179,7419.8,9645.7,0.8911,ai_heavy
4304,8,179,7375.9,9588.7,0.9092,ai_heavy
4305,9,179,7528.2,9786.6,0.9272,ai_heavy
4306,10,179,8035.5,10446.1,0.9441,ai_heavy
4307,11,179,7616.1,9900.9,0.9588,ai_heavy
4308,12,179,7385.2,9600.7,0.9703,ai_heavy
4309,13,179,7869.7,10230.6,0.9775,ai_heavy
4310,14,179,7553.8,9820.0,0.98,ai_heavy
4311,15,179,7723.8,10040.9,0.9775,ai_heavy
4312,16,179,7508.8,9761.4,0.9703,ai_heavy
4313,17,179,7923.8,10300.9,0.9588,ai_heavy
4314,18,179,7473.7,9715.8,0.9441,ai_heavy
4315,19,179,7901.1,10271.4,0.9272,ai_heavy
4316,20,179,7318.2,9513.7,0.9092,ai_heavy
4317,21,179,7462.9,9701.7,0.8911,ai_heavy
4318,22,179,7818.4,10164.0,0.874,ai_heavy
4319,23,179,7517.7,9773.0,0.8584,ai_heavy
4320,0,180,7909.3,10282.1,0.8083,ai_heavy
4321,1,180,7350.5,9555.7,0.812,ai_heavy
4322,2,180,7475.1,9717.6,0.8171,ai_heavy
4323,3,180,7852.0,10207.6,0.8235,ai_heavy
4324,4,180,7101.6,9232.0,0.8314,ai_heavy
4325,5,180,7087.4,9213.7,0.8409,ai_heavy
4326,6,180,7291.7,9479.3,0.8518,ai_heavy
4327,7,180,7670.7,9971.9,0.8638,ai_heavy
4328,8,180,7144.4,9287.7,0.8764,ai_heavy
4329,9,180,7660.7,9958.9,0.889,ai_heavy
4330,10,180,7662.8,9961.7,0.9009,ai_heavy
4331,11,180,8015.9,10420.7,0.9112,ai_heavy
4332,12,180,7808.6,10151.1,0.9192,ai_heavy
4333,13,180,7661.5,9959.9,0.9243,ai_heavy
4334,14,180,7890.4,10257.6,0.926,ai_heavy
4335,15,180,7701.2,10011.6,0.9243,ai_heavy
4336,16,180,7466.6,9706.6,0.9192,ai_heavy
4337,17,180,7299.5,9489.4,0.9112,ai_heavy
4338,18,180,7414.8,9639.2,0.9009,ai_heavy
4339,19,180,7516.8,9771.9,0.889,ai_heavy
4340,20,180,7546.4,9810.3,0.8764,ai_heavy
4341,21,180,7008.4,9110.9,0.8638,ai_heavy
4342,22,180,7420.8,9647.0,0.8518,ai_heavy
4343,23,180,7460.1,9698.1,0.8409,ai_heavy
4344,0,181,7526.4,9784.3,0.8083,ai_heavy
4345,1,181,7772.0,10103.7,0.812,ai_heavy
4346,2,181,7459.2,9697.0,0.8171,ai_heavy
4347,3,181,7224.8,9392.3,0.8235,ai_heavy
4348,4,181,7033.7,9143.8,0.8314,ai_heavy
4349,5,181,7607.3,9889.5,0.8409,ai_heavy
4350,6,181,7275.2,9457.8,0.8518,ai_heavy
4351,7,181,7682.7,9987.6,0.8638,ai_heavy
4352,8,181,7821.7,10168.1,0.8764,ai_heavy
4353,9,181,7177.2,9330.4,0.889,ai_heavy
4354,10,181,7669.0,9969.7,0.9009,ai_heavy
4355,11,181,7852.2,10207.9,0.9112,ai_heavy
4356,12,181,7802.6,10143.3,0.9192,ai_heavy
4357,13,181,7102.1,9232.7,0.9243,ai_heavy
4358,14,181,7387.2,9603.3,0.926,ai_heavy
4359,15,181,7287.6,9473.9,0.9243,ai_heavy
4360,16,181,7690.0,9997.0,0.9192,ai_heavy
4361,17,181,7652.8,9948.7,0.9112,ai_heavy
4362,18,181,6933.1,9013.0,0.9009,ai_heavy
4363,19,181,7457.9,9695.3,0.889,ai_heavy
4364,20,181,7687.3,9993.5,0.8764,ai_heavy
4365,21,181,7521.2,9777.6,0.8638,ai_heavy
4366,22,181,7502.8,9753.6,0.8518,ai_heavy
4367,23,181,7372.1,9583.7,0.8409,ai_heavy
4368,0,182,7174.7,9327.0,0.8118,ai_heavy
4369,1,182,7414.3,9638.6,0.8172,ai_heavy
4370,2,182,7440.5,9672.6,0.8244,ai_heavy
4371,3,182,7580.0,9854.0,0.8335,ai_heavy
4372,4,182,7615.5,9900.2,0.8449,ai_heavy
4373,5,182,7499.2,9749.0,0.8584,ai_heavy
4374,6,182,7749.8,10074.7,0.874,ai_heavy
4375,7,182,7444.3,9677.6,0.8911,ai_heavy
4376,8,182,7228.7,9397.4,0.9092,ai_heavy
4377,9,182,7691.6,9999.1,0.9272,ai_heavy
4378,10,182,7637.4,9928.6,0.9441,ai_heavy
4379,11,182,7744.3,10067.6,0.9588,ai_heavy
4380,12,182,7357.6,9564.9,0.9703,ai_heavy
4381,13,182,8070.0,10491.0,0.9775,ai_heavy
4382,14,182,7825.6,10173.3,0.98,ai_heavy
4383,15,182,7592.4,9870.1,0.9775,ai_heavy
4384,16,182,7433.1,9663.0,0.9703,ai_heavy
4385,17,182,7877.2,10240.3,0.9588,ai_heavy
4386,18,182,7357.0,9564.1,0.9441,ai_heavy
4387,19,182,8076.9,10500.0,0.9272,ai_heavy
4388,20,182,7417.1,9642.2,0.9092,ai_heavy
4389,21,182,7917.6,10292.9,0.8911,ai_heavy
4390,22,182,7461.8,9700.3,0.874,ai_heavy
4391,23,182,7834.7,10185.1,0.8584,ai_heavy
4392,0,183,7246.7,9420.7,0.8118,ai_heavy
4393,1,183,7422.3,9649.0,0.8172,ai_heavy
4394,2,183,7608.2,9890.7,0.8244,ai_heavy
4395,3,183,7590.4,9867.6,0.8335,ai_heavy
4396,4,183,7706.0,10017.8,0.8449,ai_heavy
4397,5,183,7370.6,9581.7,0.8584,ai_heavy
4398,6,183,7522.4,9779.1,0.874,ai_heavy
4399,7,183,7811.0,10154.3,0.8911,ai_heavy
4400,8,183,7396.2,9615.1,0.9092,ai_heavy
4401,9,183,7713.4,10027.4,0.9272,ai_heavy
4402,10,183,7558.5,9826.0,0.9441,ai_heavy
4403,11,183,7677.7,9981.0,0.9588,ai_heavy
4404,12,183,7667.1,9967.2,0.9703,ai_heavy
4405,13,183,7477.5,9720.7,0.9775,ai_heavy
4406,14,183,7602.4,9883.1,0.98,ai_heavy
4407,15,183,7691.9,9999.4,0.9775,ai_heavy
4408,16,183,7624.1,9911.4,0.9703,ai_heavy
4409,17,183,7990.6,10387.8,0.9588,ai_heavy
4410,18,183,7839.0,10190.7,0.9441,ai_heavy
4411,19,183,7649.1,9943.8,0.9272,ai_heavy
4412,20,183,7383.1,9598.0,0.9092,ai_heavy
4413,21,183,7342.9,9545.8,0.8911,ai_heavy
4414,22,183,7947.6,10331.9,0.874,ai_heavy
4415,23,183,7253.3,9429.4,0.8584,ai_heavy
4416,0,184,7435.4,9666.0,0.8118,ai_heavy
4417,1,184,7498.5,9748.0,0.8172,ai_heavy
4418,2,184,7359.5,9567.3,0.8244,ai_heavy
4419,3,184,7218.8,9384.5,0.8335,ai_heavy
4420,4,184,7284.0,9469.2,0.8449,ai_heavy
4421,5,184,7357.3,9564.5,0.8584,ai_heavy
4422,6,184,7343.6,9546.7,0.874,ai_heavy
4423,7,184,7828.9,10177.6,0.8911,ai_heavy
4424,8,184,7554.0,9820.2,0.9092,ai_heavy
4425,9,184,7463.9,9703.1,0.9272,ai_heavy
4426,10,184,7632.9,9922.8,0.9441,ai_heavy
4427,11,184,7783.5,10118.5,0.9588,ai_heavy
4428,12,184,7568.7,9839.2,0.9703,ai_heavy
4429,13,184,7865.8,10225.6,0.9775,ai_heavy
4430,14,184,7370.1,9581.1,0.98,ai_heavy
4431,15,184,7927.7,10306.0,0.9775,ai_heavy
4432,16,184,7645.7,9939.4,0.9703,ai_heavy
4433,17,184,7619.6,9905.5,0.9588,ai_heavy
4434,18,184,7450.3,9685.4,0.9441,ai_heavy
4435,19,184,7303.8,9494.9,0.9272,ai_heavy
4436,20,184,7178.3,9331.7,0.9092,ai_heavy
4437,21,184,7356.7,9563.7,0.8911,ai_heavy
4438,22,184,7635.6,9926.3,0.874,ai_heavy
4439,23,184,7264.3,9443.5,0.8584,ai_heavy
4440,0,185,7065.8,9185.6,0.8118,ai_heavy
4441,1,185,7215.8,9380.6,0.8172,ai_heavy
4442,2,185,7343.1,9546.0,0.8244,ai_heavy
4443,3,185,7365.5,9575.1,0.8335,ai_heavy
4444,4,185,7430.8,9660.0,0.8449,ai_heavy
4445,5,185,7711.7,10025.2,0.8584,ai_heavy
4446,6,185,7784.5,10119.9,0.874,ai_heavy
4447,7,185,7982.0,10376.6,0.8911,ai_heavy
4448,8,185,7187.7,9344.1,0.9092,ai_heavy
4449,9,185,7388.4,9604.9,0.9272,ai_heavy
4450,10,185,7767.9,10098.3,0.9441,ai_heavy
4451,11,185,7526.6,9784.6,0.9588,ai_heavy
4452,12,185,7845.2,10198.8,0.9703,ai_heavy
4453,13,185,7706.2,10018.0,0.9775,ai_heavy
4454,14,185,8025.3,10432.9,0.98,ai_heavy
4455,15,185,7898.2,10267.6,0.9775,ai_heavy
4456,16,185,7891.1,10258.5,0.9703,ai_heavy
4457,17,185,7536.3,9797.2,0.9588,ai_heavy
4458,18,185,7586.3,9862.1,0.9441,ai_heavy
4459,19,185,7513.7,9767.8,0.9272,ai_heavy
4460,20,185,7214.7,9379.1,0.9092,ai_heavy
4461,21,185,7861.4,10219.9,0.8911,ai_heavy
4462,22,185,7671.1,9972.4,0.874,ai_heavy
4463,23,185,7402.5,9623.3,0.8584,ai_heavy
4464,0,186,7700.1,10010.1,0.8118,ai_heavy
4465,1,186,7277.8,9461.2,0.8172,ai_heavy
4466,2,186,7019.2,9124.9,0.8244,ai_heavy
4467,3,186,7667.5,9967.8,0.8335,ai_heavy
4468,4,186,7173.5,9325.6,0.8449,ai_heavy
4469,5,186,7436.0,9666.8,0.8584,ai_heavy
4470,6,186,7549.7,9814.6,0.874,ai_heavy
4471,7,186,7616.1,9900.9,0.8911,ai_heavy
4472,8,186,7748.4,10072.9,0.9092,ai_heavy
4473,9,186,7715.2,10029.8,0.9272,ai_heavy
4474,10,186,7734.0,10054.2,0.9441,ai_heavy
4475,11,186,7449.6,9684.4,0.9588,ai_heavy
4476,12,186,7715.2,10029.8,0.9703,ai_heavy
4477,13,186,7312.7,9506.5,0.9775,ai_heavy
4478,14,186,8021.4,10427.8,0.98,ai_heavy
4479,15,186,7336.3,9537.2,0.9775,ai_heavy
4480,16,186,7568.2,9838.7,0.9703,ai_heavy
4481,17,186,7328.7,9527.3,0.9588,ai_heavy
4482,18,186,7441.8,9674.4,0.9441,ai_heavy
4483,19,186,7586.2,9862.0,0.9272,ai_heavy
4484,20,186,7436.2,9667.1,0.9092,ai_heavy
4485,21,186,7787.5,10123.7,0.8911,ai_heavy
4486,22,186,7554.4,9820.7,0.874,ai_heavy
4487,23,186,7376.1,9588.9,0.8584,ai_heavy
4488,0,187,7375.1,9587.6,0.8083,ai_heavy
4489,1,187,7681.5,9986.0,0.812,ai_heavy
4490,2,187,7620.1,9906.2,0.8171,ai_heavy
4491,3,187,7173.8,9325.9,0.8235,ai_heavy
4492,4,187,7287.5,9473.8,0.8314,ai_heavy
4493,5,187,7559.8,9827.8,0.8409,ai_heavy
4494,6,187,7549.2,9814.0,0.8518,ai_heavy
4495,7,187,7252.0,9427.7,0.8638,ai_heavy
4496,8,187,7675.7,9978.3,0.8764,ai_heavy
4497,9,187,7324.7,9522.1,0.889,ai_heavy
4498,10,187,7838.7,10190.3,0.9009,ai_heavy
4499,11,187,7679.2,9982.9,0.9112,ai_heavy
4500,12,187,7314.0,9508.2,0.9192,ai_heavy
4501,13,187,7458.4,9695.9,0.9243,ai_heavy
4502,14,187,7457.0,9694.1,0.926,ai_heavy
4503,15,187,7615.1,9899.6,0.9243,ai_heavy
4504,16,187,7524.8,9782.2,0.9192,ai_heavy
4505,17,187,7299.3,9489.1,0.9112,ai_heavy
4506,18,187,7228.1,9396.5,0.9009,ai_heavy
4507,19,187,7649.8,9944.8,0.889,ai_heavy
4508,20,187,7571.4,9842.8,0.8764,ai_heavy
4509,21,187,7511.7,9765.2,0.8638,ai_heavy
4510,22,187,7530.7,9789.9,0.8518,ai_heavy
4511,23,187,7315.3,9509.9,0.8409,ai_heavy
4512,0,188,7445.6,9679.3,0.8083,ai_heavy
4513,1,188,7974.7,10367.1,0.812,ai_heavy
4514,2,188,7679.3,9983.1,0.8171,ai_heavy
4515,3,188,7363.2,9572.2,0.8235,ai_heavy
4516,4,188,7322.6,9519.4,0.8314,ai_heavy
4517,5,188,6814.0,8858.3,0.8409,ai_heavy
4518,6,188,7709.5,10022.4,0.8518,ai_heavy
4519,7,188,7664.7,9964.1,0.8638,ai_heavy
4520,8,188,7384.5,9599.8,0.8764,ai_heavy
4521,9,188,7202.6,9363.4,0.889,ai_heavy
4522,10,188,7282.2,9466.9,0.9009,ai_heavy
4523,11,188,7659.9,9957.8,0.9112,ai_heavy
4524,12,188,7550.8,9816.0,0.9192,ai_heavy
4525,13,188,7735.9,10056.7,0.9243,ai_heavy
4526,14,188,7601.0,9881.3,0.926,ai_heavy
4527,15,188,7798.5,10138.1,0.9243,ai_heavy
4528,16,188,7655.0,9951.5,0.9192,ai_heavy
4529,17,188,7747.0,10071.2,0.9112,ai_heavy
4530,18,188,7070.7,9192.0,0.9009,ai_heavy
4531,19,188,7247.2,9421.3,0.889,ai_heavy
4532,20,188,7424.9,9652.4,0.8764,ai_heavy
4533,21,188,7730.5,10049.7,0.8638,ai_heavy
4534,22,188,7891.4,10258.9,0.8518,ai_heavy
4535,23,188,7416.9,9642.0,0.8409,ai_heavy
4536,0,189,7274.1,9456.3,0.8118,ai_heavy
4537,1,189,6983.1,9078.0,0.8172,ai_heavy
4538,2,189,7621.3,9907.7,0.8244,ai_heavy
4539,3,189,7319.8,9515.7,0.8335,ai_heavy
4540,4,189,8076.9,10500.0,0.8449,ai_heavy
4541,5,189,7314.0,9508.3,0.8584,ai_heavy
4542,6,189,7977.2,10370.4,0.874,ai_heavy
4543,7,189,7698.1,10007.5,0.8911,ai_heavy
4544,8,189,7323.0,9519.9,0.9092,ai_heavy
4545,9,189,7635.9,9926.7,0.9272,ai_heavy
4546,10,189,7784.6,10120.0,0.9441,ai_heavy
4547,11,189,7579.0,9852.7,0.9588,ai_heavy
4548,12,189,7840.0,10192.0,0.9703,ai_heavy
4549,13,189,7846.1,10199.9,0.9775,ai_heavy
4550,14,189,7799.4,10139.2,0.98,ai_heavy
4551,15,189,7654.8,9951.2,0.9775,ai_heavy
4552,16,189,7378.1,9591.6,0.9703,ai_heavy
4553,17,189,7613.0,9896.9,0.9588,ai_heavy
4554,18,189,7648.7,9943.3,0.9441,ai_heavy
4555,19,189,7156.3,9303.2,0.9272,ai_heavy
4556,20,189,7594.4,9872.8,0.9092,ai_heavy
4557,21,189,7507.2,9759.3,0.8911,ai_heavy
4558,22,189,7211.4,9374.9,0.874,ai_heavy
4559,23,189,7405.2,9626.8,0.8584,ai_heavy
4560,0,190,7340.7,9542.9,0.8118,ai_heavy
4561,1,190,7847.7,10202.0,0.8172,ai_heavy
4562,2,190,7477.9,9721.3,0.8244,ai_heavy
4563,3,190,7673.9,9976.1,0.8335,ai_heavy
4564,4,190,7433.3,9663.2,0.8449,ai_heavy
4565,5,190,7059.5,9177.3,0.8584,ai_heavy
4566,6,190,7654.7,9951.0,0.874,ai_heavy
4567,7,190,7380.4,9594.5,0.8911,ai_heavy
4568,8,190,7480.0,9724.0,0.9092,ai_heavy
4569,9,190,7343.6,9546.6,0.9272,ai_heavy
4570,10,190,7625.1,9912.7,0.9441,ai_heavy
4571,11,190,7874.4,10236.7,0.9588,ai_heavy
4572,12,190,7861.7,10220.2,0.9703,ai_heavy
4573,13,190,8023.0,10429.9,0.9775,ai_heavy
4574,14,190,8059.5,10477.4,0.98,ai_heavy
4575,15,190,7188.5,9345.1,0.9775,ai_heavy
4576,16,190,7373.9,9586.0,0.9703,ai_heavy
4577,17,190,7216.7,9381.7,0.9588,ai_heavy
4578,18,190,7752.7,10078.6,0.9441,ai_heavy
4579,19,190,7425.4,9653.1,0.9272,ai_heavy
4580,20,190,7445.2,9678.7,0.9092,ai_heavy
4581,21,190,7480.1,9724.1,0.8911,ai_heavy
4582,22,190,7589.4,9866.3,0.874,ai_heavy
4583,23,190,7146.7,9290.7,0.8584,ai_heavy
4584,0,191,7130.2,9269.3,0.8118,ai_heavy
4585,1,191,7418.4,9643.9,0.8172,ai_heavy
4586,2,191,7696.0,10004.8,0.8244,ai_heavy
4587,3,191,7436.9,9668.0,0.8335,ai_heavy
4588,4,191,7282.5,9467.2,0.8449,ai_heavy
4589,5,191,6997.9,9097.3,0.8584,ai_heavy
4590,6,191,7717.8,10033.1,0.874,ai_heavy
4591,7,191,7362.8,9571.6,0.8911,ai_heavy
4592,8,191,7296.0,9484.8,0.9092,ai_heavy
4593,9,191,7192.9,9350.7,0.9272,ai_heavy
4594,10,191,7280.0,9464.0,0.9441,ai_heavy
4595,11,191,7410.5,9633.7,0.9588,ai_heavy
4596,12,191,7592.9,9870.8,0.9703,ai_heavy
4597,13,191,7380.9,9595.1,0.9775,ai_heavy
4598,14,191,7705.0,10016.5,0.98,ai_heavy
4599,15,191,7602.0,9882.5,0.9775,ai_heavy
4600,16,191,8076.9,10500.0,0.9703,ai_heavy
4601,17,191,7240.4,9412.5,0.9588,ai_heavy
4602,18,191,7645.4,9939.0,0.9441,ai_heavy
4603,19,191,7622.7,9909.5,0.9272,ai_heavy
4604,20,191,7322.5,9519.2,0.9092,ai_heavy
4605,21,191,7550.5,9815.7,0.8911,ai_heavy
4606,22,191,7676.5,9979.5,0.874,ai_heavy
4607,23,191,7501.6,9752.1,0.8584,ai_heavy
4608,0,192,7717.8,10033.2,0.8118,ai_heavy
4609,1,192,6933.5,9013.5,0.8172,ai_heavy
4610,2,192,7241.1,9413.5,0.8244,ai_heavy
4611,3,192,7771.9,10103.5,0.8335,ai_heavy
4612,4,192,7663.7,9962.9,0.8449,ai_heavy
4613,5,192,7601.3,9881.6,0.8584,ai_heavy
4614,6,192,7780.9,10115.2,0.874,ai_heavy
4615,7,192,7096.1,9225.0,0.8911,ai_heavy
4616,8,192,7736.4,10057.3,0.9092,ai_heavy
4617,9,192,7825.2,10172.8,0.9272,ai_heavy
4618,10,192,7458.2,9695.6,0.9441,ai_heavy
4619,11,192,8076.9,10500.0,0.9588,ai_heavy
4620,12,192,7692.8,10000.6,0.9703,ai_heavy
4621,13,192,7154.8,9301.2,0.9775,ai_heavy
4622,14,192,7750.0,10074.9,0.98,ai_heavy
4623,15,192,7493.2,9741.1,0.9775,ai_heavy
4624,16,192,7915.0,10289.5,0.9703,ai_heavy
4625,17,192,7756.0,10082.8,0.9588,ai_heavy
4626,18,192,7472.0,9713.6,0.9441,ai_heavy
4627,19,192,7924.9,10302.4,0.9272,ai_heavy
4628,20,192,7769.0,10099.7,0.9092,ai_heavy
4629,21,192,7342.0,9544.6,0.8911,ai_heavy
4630,22,192,7469.1,9709.8,0.874,ai_heavy
4631,23,192,7596.0,9874.7,0.8584,ai_heavy
4632,0,193,7329.1,9527.8,0.8118,ai_heavy
4633,1,193,7343.7,9546.8,0.8172,ai_heavy
4634,2,193,7437.0,9668.1,0.8244,ai_heavy
4635,3,193,7204.6,9366.0,0.8335,ai_heavy
4636,4,193,6960.0,9048.0,0.8449,ai_heavy
4637,5,193,7533.6,9793.7,0.8584,ai_heavy
4638,6,193,7055.6,9172.3,0.874,ai_heavy
4639,7,193,7304.7,9496.1,0.8911,ai_heavy
4640,8,193,7154.5,9300.8,0.9092,ai_heavy
4641,9,193,7208.1,9370.5,0.9272,ai_heavy
4642,10,193,7705.8,10017.6,0.9441,ai_heavy
4643,11,193,7579.7,9853.6,0.9588,ai_heavy
4644,12,193,7588.4,9865.0,0.9703,ai_heavy
4645,13,193,7356.2,9563.1,0.9775,ai_heavy
4646,14,193,7511.5,9765.0,0.98,ai_heavy
4647,15,193,7745.1,10068.6,0.9775,ai_heavy
4648,16,193,7635.8,9926.5,0.9703,ai_heavy
4649,17,193,7818.9,10164.6,0.9588,ai_heavy
4650,18,193,7828.8,10177.4,0.9441,ai_heavy
4651,19,193,7525.7,9783.4,0.9272,ai_heavy
4652,20,193,7136.2,9277.1,0.9092,ai_heavy
4653,21,193,7358.1,9565.5,0.8911,ai_heavy
4654,22,193,7481.3,9725.7,0.874,ai_heavy
4655,23,193,7305.7,9497.4,0.8584,ai_heavy
4656,0,194,7170.5,9321.6,0.8083,ai_heavy
4657,1,194,7425.9,9653.7,0.812,ai_heavy
4658,2,194,7958.7,10346.3,0.8171,ai_heavy
4659,3,194,7318.7,9514.4,0.8235,ai_heavy
4660,4,194,7438.8,9670.5,0.8314,ai_heavy
4661,5,194,7160.3,9308.4,0.8409,ai_heavy
4662,6,194,7748.7,10073.3,0.8518,ai_heavy
4663,7,194,7684.5,9989.9,0.8638,ai_heavy
4664,8,194,7688.4,9994.9,0.8764,ai_heavy
4665,9,194,7832.9,10182.7,0.889,ai_heavy
4666,10,194,7446.9,9681.0,0.9009,ai_heavy
4667,11,194,7490.5,9737.7,0.9112,ai_heavy
4668,12,194,7959.5,10347.3,0.9192,ai_heavy
4669,13,194,7722.6,10039.3,0.9243,ai_heavy
4670,14,194,7076.6,9199.5,0.926,ai_heavy
4671,15,194,7682.1,9986.7,0.9243,ai_heavy
4672,16,194,7439.0,9670.7,0.9192,ai_heavy
4673,17,194,7762.8,10091.6,0.9112,ai_heavy
4674,18,194,7636.0,9926.8,0.9009,ai_heavy
4675,19,194,7132.9,9272.8,0.889,ai_heavy
4676,20,194,7567.5,9837.7,0.8764,ai_heavy
4677,21,194,7535.3,9795.9,0.8638,ai_heavy
4678,22,194,7551.5,9816.9,0.8518,ai_heavy
4679,23,194,7582.4,9857.1,0.8409,ai_heavy
4680,0,195,7737.0,10058.2,0.8083,ai_heavy
4681,1,195,7502.4,9753.1,0.812,ai_heavy
4682,2,195,7423.0,9649.9,0.8171,ai_heavy
4683,3,195,7683.3,9988.3,0.8235,ai_heavy
4684,4,195,7940.0,10322.0,0.8314,ai_heavy
4685,5,195,7658.3,9955.8,0.8409,ai_heavy
4686,6,195,7516.2,9771.1,0.8518,ai_heavy
4687,7,195,7585.2,9860.7,0.8638,ai_heavy
4688,8,195,7564.6,9834.0,0.8764,ai_heavy
4689,9,195,7530.0,9789.1,0.889,ai_heavy
4690,10,195,8033.6,10443.7,0.9009,ai_heavy
4691,11,195,7389.2,9606.0,0.9112,ai_heavy
4692,12,195,7833.4,10183.4,0.9192,ai_heavy
4693,13,195,7550.1,9815.1,0.9243,ai_heavy
4694,14,195,7244.6,9418.0,0.926,ai_heavy
4695,15,195,7535.9,9796.7,0.9243,ai_heavy
4696,16,195,7446.9,9681.0,0.9192,ai_heavy
4697,17,195,7690.1,9997.1,0.9112,ai_heavy
4698,18,195,7564.3,9833.6,0.9009,ai_heavy
4699,19,195,7295.1,9483.6,0.889,ai_heavy
4700,20,195,7838.2,10189.7,0.8764,ai_heavy
4701,21,195,7732.9,10052.8,0.8638,ai_heavy
4702,22,195,7825.4,10173.1,0.8518,ai_heavy
4703,23,195,7506.7,9758.7,0.8409,ai_heavy
4704,0,196,7402.1,9622.7,0.8118,ai_heavy
4705,1,196,7574.7,9847.1,0.8172,ai_heavy
4706,2,196,7300.1,9490.2,0.8244,ai_heavy
4707,3,196,7471.6,9713.1,0.8335,ai_heavy
4708,4,196,7420.3,9646.4,0.8449,ai_heavy
4709,5,196,7152.1,9297.7,0.8584,ai_heavy
4710,6,196,7532.0,9791.6,0.874,ai_heavy
4711,7,196,7429.4,9658.2,0.8911,ai_heavy
4712,8,196,7501.1,9751.4,0.9092,ai_heavy
4713,9,196,7665.9,9965.6,0.9272,ai_heavy
4714,10,196,7899.0,10268.7,0.9441,ai_heavy
4715,11,196,7436.3,9667.2,0.9588,ai_heavy
4716,12,196,7570.5,9841.6,0.9703,ai_heavy
4717,13,196,7482.8,9727.6,0.9775,ai_heavy
4718,14,196,7471.5,9712.9,0.98,ai_heavy
4719,15,196,7522.0,9778.6,0.9775,ai_heavy
4720,16,196,7602.6,9883.4,0.9703,ai_heavy
4721,17,196,7764.7,10094.1,0.9588,ai_heavy
4722,18,196,7681.7,9986.1,0.9441,ai_heavy
4723,19,196,7342.7,9545.5,0.9272,ai_heavy
4724,20,196,7849.4,10204.3,0.9092,ai_heavy
4725,21,196,7742.3,10065.0,0.8911,ai_heavy
4726,22,196,7300.5,9490.6,0.874,ai_heavy
4727,23,196,7754.7,10081.0,0.8584,ai_heavy
4728,0,197,7482.7,9727.6,0.8118,ai_heavy
4729,1,197,7383.3,9598.3,0.8172,ai_heavy
4730,2,197,7508.7,9761.2,0.8244,ai_heavy
4731,3,197,7436.8,9667.9,0.8335,ai_heavy
4732,4,197,7581.6,9856.1,0.8449,ai_heavy
4733,5,197,7522.0,9778.6,0.8584,ai_heavy
4734,6,197,7427.4,9655.6,0.874,ai_heavy
4735,7,197,7071.4,9192.9,0.8911,ai_heavy
4736,8,197,7675.6,9978.2,0.9092,ai_heavy
4737,9,197,7498.1,9747.5,0.9272,ai_heavy
4738,10,197,7786.1,10121.9,0.9441,ai_heavy
4739,11,197,7740.8,10063.1,0.9588,ai_heavy
4740,12,197,7568.0,9838.3,0.9703,ai_heavy
4741,13,197,7893.6,10261.7,0.9775,ai_heavy
4742,14,197,7709.4,10022.2,0.98,ai_heavy
4743,15,197,7696.2,10005.0,0.9775,ai_heavy
4744,16,197,7616.0,9900.8,0.9703,ai_heavy
4745,17,197,8016.0,10420.8,0.9588,ai_heavy
4746,18,197,7445.7,9679.4,0.9441,ai_heavy
4747,19,197,7509.7,9762.6,0.9272,ai_heavy
4748,20,197,7275.6,9458.3,0.9092,ai_heavy
4749,21,197,7693.2,10001.1,0.8911,ai_heavy
4750,22,197,7372.3,9583.9,0.874,ai_heavy
4751,23,197,7374.5,9586.8,0.8584,ai_heavy
4752,0,198,7295.1,9483.7,0.8118,ai_heavy
4753,1,198,7432.1,9661.7,0.8172,ai_heavy
4754,2,198,7150.1,9295.1,0.8244,ai_heavy
4755,3,198,6941.7,9024.3,0.8335,ai_heavy
4756,4,198,7562.1,9830.7,0.8449,ai_heavy
4757,5,198,7005.7,9107.4,0.8584,ai_heavy
4758,6,198,7695.6,10004.2,0.874,ai_heavy
4759,7,198,7881.0,10245.4,0.8911,ai_heavy
4760,8,198,7518.8,9774.5,0.9092,ai_heavy
4761,9,198,7878.7,10242.3,0.9272,ai_heavy
4762,10,198,7603.0,9883.9,0.9441,ai_heavy
4763,11,198,7996.7,10395.7,0.9588,ai_heavy
4764,12,198,7543.0,9806.0,0.9703,ai_heavy
4765,13,198,7115.2,9249.8,0.9775,ai_heavy
4766,14,198,7643.9,9937.1,0.98,ai_heavy
4767,15,198,8051.0,10466.3,0.9775,ai_heavy
4768,16,198,7770.5,10101.6,0.9703,ai_heavy
4769,17,198,7512.6,9766.4,0.9588,ai_heavy
4770,18,198,7683.6,9988.7,0.9441,ai_heavy
4771,19,198,7804.0,10145.2,0.9272,ai_heavy
4772,20,198,7536.7,9797.7,0.9092,ai_heavy
4773,21,198,8076.9,10500.0,0.8911,ai_heavy
4774,22,198,7386.8,9602.9,0.874,ai_heavy
4775,23,198,7704.9,10016.4,0.8584,ai_heavy
4776,0,199,7579.4,9853.3,0.8118,ai_heavy
4777,1,199,7262.4,9441.1,0.8172,ai_heavy
4778,2,199,7334.3,9534.5,0.8244,ai_heavy
4779,3,199,7669.9,9970.9,0.8335,ai_heavy
4780,4,199,7492.0,9739.6,0.8449,ai_heavy
4781,5,199,7555.8,9822.6,0.8584,ai_heavy
4782,6,199,7135.1,9275.6,0.874,ai_heavy
4783,7,199,7677.2,9980.3,0.8911,ai_heavy
4784,8,199,7621.2,9907.6,0.9092,ai_heavy
4785,9,199,7568.6,9839.1,0.9272,ai_heavy
4786,10,199,7690.9,9998.1,0.9441,ai_heavy
4787,11,199,7536.9,9798.0,0.9588,ai_heavy
4788,12,199,7511.9,9765.5,0.9703,ai_heavy
4789,13,199,7603.0,9883.9,0.9775,ai_heavy
4790,14,199,7555.6,9822.3,0.98,ai_heavy
4791,15,199,8076.9,10500.0,0.9775,ai_heavy
4792,16,199,7856.9,10214.0,0.9703,ai_heavy
4793,17,199,7408.9,9631.5,0.9588,ai_heavy
4794,18,199,8073.3,10495.3,0.9441,ai_heavy
4795,19,199,7484.6,9730.0,0.9272,ai_heavy
4796,20,199,7562.7,9831.6,0.9092,ai_heavy
4797,21,199,7731.7,10051.2,0.8911,ai_heavy
4798,22,199,7059.9,9177.8,0.874,ai_heavy
4799,23,199,7426.8,9654.8,0.8584,ai_heavy
4800,0,200,7282.6,9467.4,0.8118,ai_heavy
4801,1,200,7463.8,9702.9,0.8172,ai_heavy
4802,2,200,7511.3,9764.7,0.8244,ai_heavy
4803,3,200,7425.4,9653.0,0.8335,ai_heavy
4804,4,200,7432.0,9661.6,0.8449,ai_heavy
4805,5,200,7719.0,10034.7,0.8584,ai_heavy
4806,6,200,7571.2,9842.5,0.874,ai_heavy
4807,7,200,7538.4,9799.9,0.8911,ai_heavy
4808,8,200,7589.6,9866.5,0.9092,ai_heavy
4809,9,200,8000.8,10401.0,0.9272,ai_heavy
4810,10,200,7647.9,9942.3,0.9441,ai_heavy
4811,11,200,7512.8,9766.7,0.9588,ai_heavy
4812,12,200,7209.7,9372.7,0.9703,ai_heavy
4813,13,200,7329.1,9527.9,0.9775,ai_heavy
4814,14,200,7555.0,9821.4,0.98,ai_heavy
4815,15,200,7633.7,9923.8,0.9775,ai_heavy
4816,16,200,7520.2,9776.3,0.9703,ai_heavy
4817,17,200,7711.0,10024.3,0.9588,ai_heavy
4818,18,200,7478.7,9722.4,0.9441,ai_heavy
4819,19,200,7375.1,9587.6,0.9272,ai_heavy
4820,20,200,7694.9,10003.4,0.9092,ai_heavy
4821,21,200,7838.3,10189.8,0.8911,ai_heavy
4822,22,200,7254.1,9430.3,0.874,ai_heavy
4823,23,200,7534.7,9795.0,0.8584,ai_heavy
4824,0,201,6981.5,9076.0,0.8083,ai_heavy
4825,1,201,7082.6,9207.3,0.812,ai_heavy
4826,2,201,7286.9,9472.9,0.8171,ai_heavy
4827,3,201,7680.4,9984.5,0.8235,ai_heavy
4828,4,201,7265.6,9445.3,0.8314,ai_heavy
4829,5,201,7271.2,9452.5,0.8409,ai_heavy
4830,6,201,7478.1,9721.5,0.8518,ai_heavy
4831,7,201,7496.3,9745.2,0.8638,ai_heavy
4832,8,201,7330.1,9529.2,0.8764,ai_heavy
4833,9,201,7974.3,10366.6,0.889,ai_heavy
4834,10,201,7483.6,9728.7,0.9009,ai_heavy
4835,11,201,7584.9,9860.3,0.9112,ai_heavy
4836,12,201,7479.8,9723.8,0.9192,ai_heavy
4837,13,201,7678.7,9982.4,0.9243,ai_heavy
4838,14,201,7862.2,10220.8,0.926,ai_heavy
4839,15,201,7957.0,10344.0,0.9243,ai_heavy
4840,16,201,7398.0,9617.3,0.9192,ai_heavy
4841,17,201,7808.7,10151.3,0.9112,ai_heavy
4842,18,201,7668.0,9968.5,0.9009,ai_heavy
4843,19,201,7745.9,10069.7,0.889,ai_heavy
4844,20,201,7486.3,9732.1,0.8764,ai_heavy
4845,21,201,7446.0,9679.8,0.8638,ai_heavy
4846,22,201,7679.7,9983.6,0.8518,ai_heavy
4847,23,201,7667.1,9967.3,0.8409,ai_heavy
4848,0,202,7752.5,10078.3,0.8083,ai_heavy
4849,1,202,7454.5,9690.9,0.812,ai_heavy
4850,2,202,7394.1,9612.3,0.8171,ai_heavy
4851,3,202,6879.4,8943.2,0.8235,ai_heavy
4852,4,202,7079.8,9203.8,0.8314,ai_heavy
4853,5,202,7365.5,9575.2,0.8409,ai_heavy
4854,6,202,7223.3,9390.2,0.8518,ai_heavy
4855,7,202,7670.9,9972.2,0.8638,ai_heavy
4856,8,202,7211.9,9375.5,0.8764,ai_heavy
4857,9,202,7412.7,9636.5,0.889,ai_heavy
4858,10,202,7439.1,9670.8,0.9009,ai_heavy
4859,11,202,7832.3,10182.0,0.9112,ai_heavy
4860,12,202,7432.9,9662.8,0.9192,ai_heavy
4861,13,202,7681.6,9986.0,0.9243,ai_heavy
4862,14,202,7625.8,9913.6,0.926,ai_heavy
4863,15,202,7784.1,10119.3,0.9243,ai_heavy
4864,16,202,7764.2,10093.5,0.9192,ai_heavy
4865,17,202,7551.5,9817.0,0.9112,ai_heavy
4866,18,202,7159.8,9307.7,0.9009,ai_heavy
4867,19,202,7473.5,9715.6,0.889,ai_heavy
4868,20,202,7502.4,9753.2,0.8764,ai_heavy
4869,21,202,7552.3,9817.9,0.8638,ai_heavy
4870,22,202,7304.7,9496.1,0.8518,ai_heavy
4871,23,202,7708.8,10021.4,0.8409,ai_heavy
4872,0,203,7413.1,9637.0,0.8118,ai_heavy
4873,1,203,7213.3,9377.3,0.8172,ai_heavy
4874,2,203,7326.7,9524.7,0.8244,ai_heavy
4875,3,203,7873.2,10235.2,0.8335,ai_heavy
4876,4,203,7608.3,9890.8,0.8449,ai_heavy
4877,5,203,7715.2,10029.8,0.8584,ai_heavy
4878,6,203,7268.8,9449.5,0.874,ai_heavy
4879,7,203,7373.4,9585.5,0.8911,ai_heavy
4880,8,203,7401.6,9622.1,0.9092,ai_heavy
4881,9,203,7625.1,9912.6,0.9272,ai_heavy
4882,10,203,7568.8,9839.4,0.9441,ai_heavy
4883,11,203,7518.5,9774.1,0.9588,ai_heavy
4884,12,203,7564.2,9833.4,0.9703,ai_heavy
4885,13,203,7476.1,9719.0,0.9775,ai_heavy
4886,14,203,7621.0,9907.3,0.98,ai_heavy
4887,15,203,7914.4,10288.7,0.9775,ai_heavy
4888,16,203,7300.6,9490.7,0.9703,ai_heavy
4889,17,203,7709.9,10022.9,0.9588,ai_heavy
4890,18,203,7923.5,10300.6,0.9441,ai_heavy
4891,19,203,7541.4,9803.9,0.9272,ai_heavy
4892,20,203,7436.2,9667.0,0.9092,ai_heavy
4893,21,203,7737.8,10059.1,0.8911,ai_heavy
4894,22,203,7281.8,9466.3,0.874,ai_heavy
4895,23,203,7474.9,9717.3,0.8584,ai_heavy
4896,0,204,7178.9,9332.6,0.8118,ai_heavy
4897,1,204,7001.9,9102.5,0.8172,ai_heavy
4898,2,204,7395.0,9613.5,0.8244,ai_heavy
4899,3,204,7160.5,9308.7,0.8335,ai_heavy
4900,4,204,7457.0,9694.1,0.8449,ai_heavy
4901,5,204,7730.2,10049.2,0.8584,ai_heavy
4902,6,204,7920.7,10296.9,0.874,ai_heavy
4903,7,204,7550.1,9815.2,0.8911,ai_heavy
4904,8,204,7787.1,10123.2,0.9092,ai_heavy
4905,9,204,7673.9,9976.0,0.9272,ai_heavy
4906,10,204,7521.1,9777.4,0.9441,ai_heavy
4907,11,204,7190.0,9347.0,0.9588,ai_heavy
4908,12,204,8020.9,10427.2,0.9703,ai_heavy
4909,13,204,7417.5,9642.8,0.9775,ai_heavy
4910,14,204,7980.2,10374.2,0.98,ai_heavy
4911,15,204,7781.9,10116.5,0.9775,ai_heavy
4912,16,204,7423.8,9650.9,0.9703,ai_heavy
4913,17,204,7702.0,10012.6,0.9588,ai_heavy
4914,18,204,8076.9,10500.0,0.9441,ai_heavy
4915,19,204,7932.5,10312.2,0.9272,ai_heavy
4916,20,204,7439.8,9671.8,0.9092,ai_heavy
4917,21,204,7368.2,9578.7,0.8911,ai_heavy
4918,22,204,7525.9,9783.6,0.874,ai_heavy
4919,23,204,7442.8,9675.7,0.8584,ai_heavy
4920,0,205,7676.8,9979.8,0.8118,ai_heavy
4921,1,205,7582.7,9857.5,0.8172,ai_heavy
4922,2,205,7051.7,9167.2,0.8244,ai_heavy
4923,3,205,7545.0,9808.5,0.8335,ai_heavy
4924,4,205,7419.6,9645.4,0.8449,ai_heavy
4925,5,205,7488.3,9734.8,0.8584,ai_heavy
4926,6,205,7559.3,9827.1,0.874,ai_heavy
4927,7,205,7799.8,10139.7,0.8911,ai_heavy
4928,8,205,7777.7,10111.0,0.9092,ai_heavy
4929,9,205,7412.5,9636.3,0.9272,ai_heavy
4930,10,205,7595.1,9873.7,0.9441,ai_heavy
4931,11,205,7527.9,9786.3,0.9588,ai_heavy
4932,12,205,7261.8,9440.4,0.9703,ai_heavy
4933,13,205,7633.5,9923.5,0.9775,ai_heavy
4934,14,205,8076.9,10500.0,0.98,ai_heavy
4935,15,205,7265.2,9444.8,0.9775,ai_heavy
4936,16,205,7642.2,9934.9,0.9703,ai_heavy
4937,17,205,7617.7,9903.1,0.9588,ai_heavy
4938,18,205,7674.2,9976.4,0.9441,ai_heavy
4939,19,205,7364.1,9573.3,0.9272,ai_heavy
4940,20,205,7233.0,9402.9,0.9092,ai_heavy
4941,21,205,7217.6,9382.9,0.8911,ai_heavy
4942,22,205,7802.9,10143.8,0.874,ai_heavy
4943,23,205,7259.5,9437.3,0.8584,ai_heavy
4944,0,206,7299.0,9488.7,0.8118,ai_heavy
4945,1,206,7886.5,10252.5,0.8172,ai_heavy
4946,2,206,7265.2,9444.8,0.8244,ai_heavy
4947,3,206,7519.1,9774.8,0.8335,ai_heavy
4948,4,206,7697.7,10007.0,0.8449,ai_heavy
4949,5,206,7707.9,10020.3,0.8584,ai_heavy
4950,6,206,7203.6,9364.6,0.874,ai_heavy
4951,7,206,7367.9,9578.3,0.8911,ai_heavy
4952,8,206,7624.6,9912.0,0.9092,ai_heavy
4953,9,206,8021.9,10428.5,0.9272,ai_heavy
4954,10,206,7434.7,9665.1,0.9441,ai_heavy
4955,11,206,7517.6,9772.9,0.9588,ai_heavy
4956,12,206,7744.0,10067.2,0.9703,ai_heavy
4957,13,206,7801.0,10141.2,0.9775,ai_heavy
4958,14,206,7818.7,10164.3,0.98,ai_heavy
4959,15,206,7464.1,9703.4,0.9775,ai_heavy
4960,16,206,7525.6,9783.3,0.9703,ai_heavy
4961,17,206,7679.9,9983.9,0.9588,ai_heavy
4962,18,206,7896.6,10265.6,0.9441,ai_heavy
4963,19,206,7528.8,9787.5,0.9272,ai_heavy
4964,20,206,7551.0,9816.3,0.9092,ai_heavy
4965,21,206,7297.3,9486.5,0.8911,ai_heavy
4966,22,206,7922.7,10299.5,0.874,ai_heavy
4967,23,206,7514.6,9769.0,0.8584,ai_heavy
4968,0,207,7649.6,9944.5,0.8118,ai_heavy
4969,1,207,7424.8,9652.2,0.8172,ai_heavy
4970,2,207,7447.9,9682.2,0.8244,ai_heavy
4971,3,207,7107.6,9239.9,0.8335,ai_heavy
4972,4,207,6978.3,9071.8,0.8449,ai_heavy
4973,5,207,7760.9,10089.2,0.8584,ai_heavy
4974,6,207,7520.9,9777.1,0.874,ai_heavy
4975,7,207,7575.6,9848.3,0.8911,ai_heavy
4976,8,207,7272.9,9454.8,0.9092,ai_heavy
4977,9,207,7377.7,9591.0,0.9272,ai_heavy
4978,10,207,7851.0,10206.3,0.9441,ai_heavy
4979,11,207,8028.9,10437.6,0.9588,ai_heavy
4980,12,207,7505.2,9756.7,0.9703,ai_heavy
4981,13,207,7812.9,10156.7,0.9775,ai_heavy
4982,14,207,7706.0,10017.8,0.98,ai_heavy
4983,15,207,7630.9,9920.2,0.9775,ai_heavy
4984,16,207,8072.6,10494.4,0.9703,ai_heavy
4985,17,207,7526.8,9784.9,0.9588,ai_heavy
4986,18,207,7891.7,10259.2,0.9441,ai_heavy
4987,19,207,7669.9,9970.8,0.9272,ai_heavy
4988,20,207,7552.2,9817.9,0.9092,ai_heavy
4989,21,207,7838.9,10190.6,0.8911,ai_heavy
4990,22,207,7568.6,9839.2,0.874,ai_heavy
4991,23,207,7458.3,9695.8,0.8584,ai_heavy
4992,0,208,7711.2,10024.5,0.8083,ai_heavy
4993,1,208,7688.1,9994.5,0.812,ai_heavy
4994,2,208,7685.4,9991.0,0.8171,ai_heavy
4995,3,208,6561.2,8529.6,0.8235,ai_heavy
4996,4,208,7537.7,9799.0,0.8314,ai_heavy
4997,5,208,7501.1,9751.4,0.8409,ai_heavy
4998,6,208,7462.2,9700.9,0.8518,ai_heavy
4999,7,208,7625.0,9912.5,0.8638,ai_heavy
5000,8,208,7565.6,9835.3,0.8764,ai_heavy
5001,9,208,7678.9,9982.6,0.889,ai_heavy
5002,10,208,7483.0,9727.9,0.9009,ai_heavy
5003,11,208,7898.8,10268.5,0.9112,ai_heavy
5004,12,208,7748.0,10072.4,0.9192,ai_heavy
5005,13,208,7702.1,10012.7,0.9243,ai_heavy
5006,14,208,7693.6,10001.7,0.926,ai_heavy
5007,15,208,7841.8,10194.4,0.9243,ai_heavy
5008,16,208,7803.2,10144.1,0.9192,ai_heavy
5009,17,208,7533.5,9793.6,0.9112,ai_heavy
5010,18,208,7767.8,10098.1,0.9009,ai_heavy
5011,19,208,7565.2,9834.7,0.889,ai_heavy
5012,20,208,7938.6,10320.2,0.8764,ai_heavy
5013,21,208,7734.6,10055.0,0.8638,ai_heavy
5014,22,208,7329.8,9528.8,0.8518,ai_heavy
5015,23,208,7974.8,10367.3,0.8409,ai_heavy
5016,0,209,6937.8,9019.1,0.8083,ai_heavy
5017,1,209,7552.1,9817.7,0.812,ai_heavy
5018,2,209,7262.9,9441.8,0.8171,ai_heavy
5019,3,209,7846.9,10201.0,0.8235,ai_heavy
5020,4,209,7495.9,9744.6,0.8314,ai_heavy
5021,5,209,7276.2,9459.0,0.8409,ai_heavy
5022,6,209,7410.3,9633.4,0.8518,ai_heavy
5023,7,209,7327.6,9525.9,0.8638,ai_heavy
5024,8,209,7438.1,9669.5,0.8764,ai_heavy
5025,9,209,7451.7,9687.2,0.889,ai_heavy
5026,10,209,7373.7,9585.7,0.9009,ai_heavy
5027,11,209,7620.3,9906.4,0.9112,ai_heavy
5028,12,209,7660.0,9957.9,0.9192,ai_heavy
5029,13,209,7352.2,9557.8,0.9243,ai_heavy
5030,14,209,7204.2,9365.4,0.926,ai_heavy
5031,15,209,7649.4,9944.2,0.9243,ai_heavy
5032,16,209,7691.9,9999.5,0.9192,ai_heavy
5033,17,209,7724.7,10042.1,0.9112,ai_heavy
5034,18,209,7668.4,9968.9,0.9009,ai_heavy
5035,19,209,7880.9,10245.2,0.889,ai_heavy
5036,20,209,7731.5,10050.9,0.8764,ai_heavy
5037,21,209,8076.9,10500.0,0.8638,ai_heavy
5038,22,209,8076.9,10500.0,0.8518,ai_heavy
5039,23,209,7060.5,9178.7,0.8409,ai_heavy
5040,0,210,6921.6,8998.1,0.8118,ai_heavy
5041,1,210,7416.5,9641.4,0.8172,ai_heavy
5042,2,210,7541.2,9803.6,0.8244,ai_heavy
5043,3,210,7425.7,9653.4,0.8335,ai_heavy
5044,4,210,7617.1,9902.2,0.8449,ai_heavy
5045,5,210,7419.3,9645.1,0.8584,ai_heavy
5046,6,210,7347.1,9551.2,0.874,ai_heavy
5047,7,210,7406.4,9628.3,0.8911,ai_heavy
5048,8,210,7510.7,9763.9,0.9092,ai_heavy
5049,9,210,7775.0,10107.5,0.9272,ai_heavy
5050,10,210,7497.4,9746.6,0.9441,ai_heavy
5051,11,210,7564.4,9833.8,0.9588,ai_heavy
5052,12,210,7778.5,10112.1,0.9703,ai_heavy
5053,13,210,7612.9,9896.8,0.9775,ai_heavy
5054,14,210,7919.0,10294.7,0.98,ai_heavy
5055,15,210,7447.3,9681.5,0.9775,ai_heavy
5056,16,210,7387.0,9603.1,0.9703,ai_heavy
5057,17,210,7700.3,10010.4,0.9588,ai_heavy
5058,18,210,7700.8,10011.0,0.9441,ai_heavy
5059,19,210,7386.3,9602.2,0.9272,ai_heavy
5060,20,210,7860.6,10218.8,0.9092,ai_heavy
5061,21,210,7963.8,10352.9,0.8911,ai_heavy
5062,22,210,7362.0,9570.6,0.874,ai_heavy
5063,23,210,7813.7,10157.8,0.8584,ai_heavy
5064,0,211,6880.5,8944.7,0.8118,ai_heavy
5065,1,211,7657.6,9954.9,0.8172,ai_heavy
5066,2,211,7237.7,9409.0,0.8244,ai_heavy
5067,3,211,7660.5,9958.7,0.8335,ai_heavy
5068,4,211,7244.5,9417.9,0.8449,ai_heavy
5069,5,211,7464.6,9704.0,0.8584,ai_heavy
5070,6,211,7321.0,9517.2,0.874,ai_heavy
5071,7,211,7480.7,9724.9,0.8911,ai_heavy
5072,8,211,7970.9,10362.1,0.9092,ai_heavy
5073,9,211,7558.5,9826.1,0.9272,ai_heavy
5074,10,211,8076.9,10500.0,0.9441,ai_heavy
5075,11,211,7542.3,9804.9,0.9588,ai_heavy
5076,12,211,7990.0,10387.0,0.9703,ai_heavy
5077,13,211,7285.1,9470.6,0.9775,ai_heavy
5078,14,211,7596.4,9875.4,0.98,ai_heavy
5079,15,211,7535.4,9796.0,0.9775,ai_heavy
5080,16,211,8000.5,10400.7,0.9703,ai_heavy
5081,17,211,7673.0,9974.9,0.9588,ai_heavy
5082,18,211,7131.9,9271.5,0.9441,ai_heavy
5083,19,211,7285.1,9470.6,0.9272,ai_heavy
5084,20,211,7326.5,9524.5,0.9092,ai_heavy
5085,21,211,7740.0,10062.0,0.8911,ai_heavy
5086,22,211,7684.5,9989.9,0.874,ai_heavy
5087,23,211,7412.6,9636.3,0.8584,ai_heavy
5088,0,212,7288.1,9474.6,0.8118,ai_heavy
5089,1,212,7577.6,9850.8,0.8172,ai_heavy
5090,2,212,7177.1,9330.3,0.8244,ai_heavy
5091,3,212,7544.8,9808.2,0.8335,ai_heavy
5092,4,212,7543.0,9805.9,0.8449,ai_heavy
5093,5,212,7418.3,9643.9,0.8584,ai_heavy
5094,6,212,7592.8,9870.7,0.874,ai_heavy
5095,7,212,7552.1,9817.7,0.8911,ai_heavy
5096,8,212,7668.8,9969.5,0.9092,ai_heavy
5097,9,212,7279.6,9463.5,0.9272,ai_heavy
5098,10,212,7748.8,10073.4,0.9441,ai_heavy
5099,11,212,7865.6,10225.3,0.9588,ai_heavy
5100,12,212,7721.4,10037.8,0.9703,ai_heavy
5101,13,212,7796.7,10135.7,0.9775,ai_heavy
5102,14,212,7637.0,9928.2,0.98,ai_heavy
5103,15,212,7863.4,10222.4,0.9775,ai_heavy
5104,16,212,7662.7,9961.5,0.9703,ai_heavy
5105,17,212,7367.8,9578.1,0.9588,ai_heavy
5106,18,212,7795.7,10134.4,0.9441,ai_heavy
5107,19,212,7211.3,9374.7,0.9272,ai_heavy
5108,20,212,7620.2,9906.2,0.9092,ai_heavy
5109,21,212,7442.2,9674.9,0.8911,ai_heavy
5110,22,212,7402.4,9623.2,0.874,ai_heavy
5111,23,212,7518.6,9774.1,0.8584,ai_heavy
5112,0,213,7252.4,9428.1,0.8118,ai_heavy
5113,1,213,7532.1,9791.8,0.8172,ai_heavy
5114,2,213,7441.5,9674.0,0.8244,ai_heavy
5115,3,213,7304.8,9496.2,0.8335,ai_heavy
5116,4,213,7759.1,10086.8,0.8449,ai_heavy
5117,5,213,7525.9,9783.7,0.8584,ai_heavy
5118,6,213,7645.3,9938.9,0.874,ai_heavy
5119,7,213,7849.0,10203.7,0.8911,ai_heavy
5120,8,213,7873.5,10235.5,0.9092,ai_heavy
5121,9,213,7715.0,10029.5,0.9272,ai_heavy
5122,10,213,7539.4,9801.3,0.9441,ai_heavy
5123,11,213,7303.3,9494.3,0.9588,ai_heavy
5124,12,213,7695.1,10003.7,0.9703,ai_heavy
5125,13,213,7910.1,10283.1,0.9775,ai_heavy
5126,14,213,7743.8,10066.9,0.98,ai_heavy
5127,15,213,6867.2,8927.3,0.9775,ai_heavy
5128,16,213,7847.3,10201.5,0.9703,ai_heavy
5129,17,213,7843.8,10197.0,0.9588,ai_heavy
5130,18,213,7539.8,9801.7,0.9441,ai_heavy
5131,19,213,7807.9,10150.3,0.9272,ai_heavy
5132,20,213,7698.4,10007.9,0.9092,ai_heavy
5133,21,213,7374.2,9586.4,0.8911,ai_heavy
5134,22,213,7789.5,10126.3,0.874,ai_heavy
5135,23,213,7195.5,9354.2,0.8584,ai_heavy
5136,0,214,7397.3,9616.5,0.8118,ai_heavy
5137,1,214,7383.2,9598.1,0.8172,ai_heavy
5138,2,214,7244.9,9418.4,0.8244,ai_heavy
5139,3,214,7510.4,9763.6,0.8335,ai_heavy
5140,4,214,7752.9,10078.7,0.8449,ai_heavy
5141,5,214,7760.0,10087.9,0.8584,ai_heavy
5142,6,214,7666.2,9966.1,0.874,ai_heavy
5143,7,214,7146.0,9289.7,0.8911,ai_heavy
5144,8,214,7253.2,9429.2,0.9092,ai_heavy
5145,9,214,7620.9,9907.2,0.9272,ai_heavy
5146,10,214,7600.7,9880.9,0.9441,ai_heavy
5147,11,214,7516.6,9771.5,0.9588,ai_heavy
5148,12,214,8076.9,10500.0,0.9703,ai_heavy
5149,13,214,7682.9,9987.8,0.9775,ai_heavy
5150,14,214,7787.0,10123.1,0.98,ai_heavy
5151,15,214,7885.6,10251.2,0.9775,ai_heavy
5152,16,214,7660.3,9958.4,0.9703,ai_heavy
5153,17,214,8076.9,10500.0,0.9588,ai_heavy
5154,18,214,7393.9,9612.0,0.9441,ai_heavy
5155,19,214,7445.2,9678.8,0.9272,ai_heavy
5156,20,214,7342.3,9545.1,0.9092,ai_heavy
5157,21,214,7882.0,10246.6,0.8911,ai_heavy
5158,22,214,7683.9,9989.0,0.874,ai_heavy
5159,23,214,7357.9,9565.2,0.8584,ai_heavy
5160,0,215,7212.8,9376.7,0.8083,ai_heavy
5161,1,215,7718.3,10033.7,0.812,ai_heavy
5162,2,215,7498.4,9747.9,0.8171,ai_heavy
5163,3,215,7741.8,10064.3,0.8235,ai_heavy
5164,4,215,7426.0,9653.8,0.8314,ai_heavy
5165,5,215,7568.1,9838.5,0.8409,ai_heavy
5166,6,215,7537.3,9798.5,0.8518,ai_heavy
5167,7,215,7347.8,9552.1,0.8638,ai_heavy
5168,8,215,7474.5,9716.8,0.8764,ai_heavy
5169,9,215,7258.5,9436.0,0.889,ai_heavy
5170,10,215,7655.5,9952.1,0.9009,ai_heavy
5171,11,215,7731.7,10051.2,0.9112,ai_heavy
5172,12,215,7796.0,10134.8,0.9192,ai_heavy
5173,13,215,7730.2,10049.3,0.9243,ai_heavy
5174,14,215,7552.1,9817.8,0.926,ai_heavy
5175,15,215,7931.6,10311.0,0.9243,ai_heavy
5176,16,215,7773.8,10105.9,0.9192,ai_heavy
5177,17,215,7874.0,10236.2,0.9112,ai_heavy
5178,18,215,7872.1,10233.7,0.9009,ai_heavy
5179,19,215,7497.5,9746.8,0.889,ai_heavy
5180,20,215,7594.3,9872.6,0.8764,ai_heavy
5181,21,215,7662.0,9960.6,0.8638,ai_heavy
5182,22,215,7212.5,9376.2,0.8518,ai_heavy
5183,23,215,7201.7,9362.2,0.8409,ai_heavy
5184,0,216,7116.1,9250.9,0.8083,ai_heavy
5185,1,216,7386.4,9602.3,0.812,ai_heavy
5186,2,216,7343.7,9546.8,0.8171,ai_heavy
5187,3,216,7107.6,9239.9,0.8235,ai_heavy
5188,4,216,7472.8,9714.6,0.8314,ai_heavy
5189,5,216,7432.3,9662.0,0.8409,ai_heavy
5190,6,216,7734.9,10055.4,0.8518,ai_heavy
5191,7,216,7940.2,10322.3,0.8638,ai_heavy
5192,8,216,7609.7,9892.7,0.8764,ai_heavy
5193,9,216,7368.6,9579.2,0.889,ai_heavy
5194,10,216,7690.0,9997.0,0.9009,ai_heavy
5195,11,216,7561.2,9829.6,0.9112,ai_heavy
5196,12,216,7516.6,9771.5,0.9192,ai_heavy
5197,13,216,7382.8,9597.6,0.9243,ai_heavy
5198,14,216,7475.7,9718.4,0.926,ai_heavy
5199,15,216,7538.3,9799.8,0.9243,ai_heavy
5200,16,216,7753.7,10079.8,0.9192,ai_heavy
5201,17,216,7675.0,9977.5,0.9112,ai_heavy
5202,18,216,7956.8,10343.8,0.9009,ai_heavy
5203,19,216,7678.1,9981.5,0.889,ai_heavy
5204,20,216,7602.5,9883.2,0.8764,ai_heavy
5205,21,216,7419.2,9645.0,0.8638,ai_heavy
5206,22,216,7237.5,9408.8,0.8518,ai_heavy
5207,23,216,7326.2,9524.1,0.8409,ai_heavy
5208,0,217,7254.5,9430.8,0.8118,ai_heavy
5209,1,217,6848.2,8902.7,0.8172,ai_heavy
5210,2,217,7204.1,9365.3,0.8244,ai_heavy
5211,3,217,7800.3,10140.4,0.8335,ai_heavy
5212,4,217,7542.1,9804.8,0.8449,ai_heavy
5213,5,217,7395.5,9614.1,0.8584,ai_heavy
5214,6,217,7593.0,9870.9,0.874,ai_heavy
5215,7,217,7087.8,9214.1,0.8911,ai_heavy
5216,8,217,7620.0,9906.0,0.9092,ai_heavy
5217,9,217,7873.7,10235.8,0.9272,ai_heavy
5218,10,217,7580.9,9855.1,0.9441,ai_heavy
5219,11,217,7224.9,9392.4,0.9588,ai_heavy
5220,12,217,7552.7,9818.6,0.9703,ai_heavy
5221,13,217,7952.5,10338.3,0.9775,ai_heavy
5222,14,217,7721.8,10038.3,0.98,ai_heavy
5223,15,217,7332.7,9532.5,0.9775,ai_heavy
5224,16,217,8076.9,10500.0,0.9703,ai_heavy
5225,17,217,7343.6,9546.6,0.9588,ai_heavy
5226,18,217,7553.1,9819.0,0.9441,ai_heavy
5227,19,217,7347.1,9551.2,0.9272,ai_heavy
5228,20,217,7321.2,9517.6,0.9092,ai_heavy
5229,21,217,7426.9,9655.0,0.8911,ai_heavy
5230,22,217,7646.5,9940.5,0.874,ai_heavy
5231,23,217,7769.6,10100.4,0.8584,ai_heavy
5232,0,218,7324.2,9521.5,0.8118,ai_heavy
5233,1,218,7193.3,9351.3,0.8172,ai_heavy
5234,2,218,7535.5,9796.2,0.8244,ai_heavy
5235,3,218,7556.0,9822.8,0.8335,ai_heavy
5236,4,218,7513.4,9767.5,0.8449,ai_heavy
5237,5,218,7541.8,9804.4,0.8584,ai_heavy
5238,6,218,7478.0,9721.4,0.874,ai_heavy
5239,7,218,7551.2,9816.5,0.8911,ai_heavy
5240,8,218,7514.9,9769.4,0.9092,ai_heavy
5241,9,218,7826.6,10174.5,0.9272,ai_heavy
5242,10,218,8076.9,10500.0,0.9441,ai_heavy
5243,11,218,7671.7,9973.2,0.9588,ai_heavy
5244,12,218,7646.2,9940.1,0.9703,ai_heavy
5245,13,218,7717.4,10032.6,0.9775,ai_heavy
5246,14,218,7511.1,9764.4,0.98,ai_heavy
5247,15,218,7834.3,10184.6,0.9775,ai_heavy
5248,16,218,7748.9,10073.6,0.9703,ai_heavy
5249,17,218,7534.3,9794.6,0.9588,ai_heavy
5250,18,218,7814.4,10158.7,0.9441,ai_heavy
5251,19,218,7587.4,9863.6,0.9272,ai_heavy
5252,20,218,7336.2,9537.0,0.9092,ai_heavy
5253,21,218,7608.4,9891.0,0.8911,ai_heavy
5254,22,218,7556.7,9823.7,0.874,ai_heavy
5255,23,218,7695.5,10004.1,0.8584,ai_heavy
5256,0,219,7594.9,9873.4,0.8118,ai_heavy
5257,1,219,7393.8,9612.0,0.8172,ai_heavy
5258,2,219,7323.6,9520.7,0.8244,ai_heavy
5259,3,219,7443.0,9675.9,0.8335,ai_heavy
5260,4,219,7540.9,9803.2,0.8449,ai_heavy
5261,5,219,7588.5,9865.1,0.8584,ai_heavy
5262,6,219,7571.2,9842.5,0.874,ai_heavy
5263,7,219,7508.5,9761.1,0.8911,ai_heavy
5264,8,219,7782.0,10116.6,0.9092,ai_heavy
5265,9,219,7429.7,9658.6,0.9272,ai_heavy
5266,10,219,8076.9,10500.0,0.9441,ai_heavy
5267,11,219,7805.3,10146.8,0.9588,ai_heavy
5268,12,219,7389.0,9605.7,0.9703,ai_heavy
5269,13,219,7701.1,10011.5,0.9775,ai_heavy
5270,14,219,7839.9,10191.9,0.98,ai_heavy
5271,15,219,7578.3,9851.8,0.9775,ai_heavy
5272,16,219,7304.7,9496.1,0.9703,ai_heavy
5273,17,219,7392.7,9610.5,0.9588,ai_heavy
5274,18,219,7732.2,10051.9,0.9441,ai_heavy
5275,19,219,7183.9,9339.1,0.9272,ai_heavy
5276,20,219,7227.5,9395.8,0.9092,ai_heavy
5277,21,219,7650.3,9945.4,0.8911,ai_heavy
5278,22,219,7453.2,9689.2,0.874,ai_heavy
5279,23,219,7323.8,9521.0,0.8584,ai_heavy
5280,0,220,7300.1,9490.1,0.8118,ai_heavy
5281,1,220,7090.8,9218.1,0.8172,ai_heavy
5282,2,220,7536.8,9797.9,0.8244,ai_heavy
5283,3,220,7262.5,9441.3,0.8335,ai_heavy
5284,4,220,7339.7,9541.7,0.8449,ai_heavy
5285,5,220,7557.8,9825.1,0.8584,ai_heavy
5286,6,220,7445.5,9679.2,0.874,ai_heavy
5287,7,220,7369.9,9580.8,0.8911,ai_heavy
5288,8,220,7105.1,9236.6,0.9092,ai_heavy
5289,9,220,7666.7,9966.7,0.9272,ai_heavy
5290,10,220,7626.5,9914.5,0.9441,ai_heavy
5291,11,220,7512.1,9765.8,0.9588,ai_heavy
5292,12,220,7409.7,9632.6,0.9703,ai_heavy
5293,13,220,7661.5,9960.0,0.9775,ai_heavy
5294,14,220,7772.8,10104.6,0.98,ai_heavy
5295,15,220,7681.0,9985.4,0.9775,ai_heavy
5296,16,220,8023.5,10430.6,0.9703,ai_heavy
5297,17,220,7791.9,10129.5,0.9588,ai_heavy
5298,18,220,7584.0,9859.2,0.9441,ai_heavy
5299,19,220,7751.1,10076.4,0.9272,ai_heavy
5300,20,220,7567.1,9837.2,0.9092,ai_heavy
5301,21,220,7539.2,9801.0,0.8911,ai_heavy
5302,22,220,7795.1,10133.7,0.874,ai_heavy
5303,23,220,7278.4,9462.0,0.8584,ai_heavy
5304,0,221,7415.2,9639.8,0.8118,ai_heavy
5305,1,221,7682.9,9987.8,0.8172,ai_heavy
5306,2,221,7497.7,9747.0,0.8244,ai_heavy
5307,3,221,7360.2,9568.3,0.8335,ai_heavy
5308,4,221,7077.8,9201.2,0.8449,ai_heavy
5309,5,221,6970.5,9061.7,0.8584,ai_heavy
5310,6,221,7970.7,10361.9,0.874,ai_heavy
5311,7,221,7598.7,9878.3,0.8911,ai_heavy
5312,8,221,7423.7,9650.8,0.9092,ai_heavy
5313,9,221,7662.6,9961.4,0.9272,ai_heavy
5314,10,221,7392.2,9609.9,0.9441,ai_heavy
5315,11,221,7554.8,9821.2,0.9588,ai_heavy
5316,12,221,7431.8,9661.4,0.9703,ai_heavy
5317,13,221,7333.9,9534.0,0.9775,ai_heavy
5318,14,221,7178.4,9332.0,0.98,ai_heavy
5319,15,221,7291.5,9479.0,0.9775,ai_heavy
5320,16,221,7882.0,10246.6,0.9703,ai_heavy
5321,17,221,7404.7,9626.1,0.9588,ai_heavy
5322,18,221,7730.6,10049.8,0.9441,ai_heavy
5323,19,221,7800.7,10141.0,0.9272,ai_heavy
5324,20,221,7559.8,9827.8,0.9092,ai_heavy
5325,21,221,7461.6,9700.1,0.8911,ai_heavy
5326,22,221,7533.3,9793.2,0.874,ai_heavy
5327,23,221,7386.5,9602.4,0.8584,ai_heavy
5328,0,222,7672.2,9973.8,0.8083,ai_heavy
5329,1,222,7827.6,10175.8,0.812,ai_heavy
5330,2,222,7740.5,10062.7,0.8171,ai_heavy
5331,3,222,6948.1,9032.5,0.8235,ai_heavy
5332,4,222,7341.9,9544.5,0.8314,ai_heavy
5333,5,222,7454.6,9691.0,0.8409,ai_heavy
5334,6,222,7573.8,9845.9,0.8518,ai_heavy
5335,7,222,7100.0,9230.0,0.8638,ai_heavy
5336,8,222,7114.3,9248.6,0.8764,ai_heavy
5337,9,222,7820.9,10167.2,0.889,ai_heavy
5338,10,222,7417.1,9642.2,0.9009,ai_heavy
5339,11,222,7221.8,9388.3,0.9112,ai_heavy
5340,12,222,7320.4,9516.5,0.9192,ai_heavy
5341,13,222,7667.5,9967.7,0.9243,ai_heavy
5342,14,222,7394.2,9612.5,0.926,ai_heavy
5343,15,222,7633.6,9923.7,0.9243,ai_heavy
5344,16,222,7348.8,9553.4,0.9192,ai_heavy
5345,17,222,7163.6,9312.6,0.9112,ai_heavy
5346,18,222,7866.0,10225.8,0.9009,ai_heavy
5347,19,222,7615.8,9900.5,0.889,ai_heavy
5348,20,222,7431.8,9661.3,0.8764,ai_heavy
5349,21,222,7370.9,9582.2,0.8638,ai_heavy
5350,22,222,7798.3,10137.8,0.8518,ai_heavy
5351,23,222,7585.9,9861.7,0.8409,ai_heavy
5352,0,223,7659.5,9957.3,0.8083,ai_heavy
5353,1,223,7280.6,9464.8,0.812,ai_heavy
5354,2,223,7429.2,9657.9,0.8171,ai_heavy
5355,3,223,7517.1,9772.3,0.8235,ai_heavy
5356,4,223,7316.7,9511.7,0.8314,ai_heavy
5357,5,223,7432.3,9662.0,0.8409,ai_heavy
5358,6,223,7339.2,9541.0,0.8518,ai_heavy
5359,7,223,7577.6,9850.9,0.8638,ai_heavy
5360,8,223,7209.4,9372.2,0.8764,ai_heavy
5361,9,223,7655.0,9951.5,0.889,ai_heavy
5362,10,223,7614.0,9898.2,0.9009,ai_heavy
5363,11,223,7513.0,9766.9,0.9112,ai_heavy
5364,12,223,7673.2,9975.2,0.9192,ai_heavy
5365,13,223,7495.7,9744.4,0.9243,ai_heavy
5366,14,223,7428.9,9657.6,0.926,ai_heavy
5367,15,223,7702.3,10013.0,0.9243,ai_heavy
5368,16,223,7704.4,10015.8,0.9192,ai_heavy
5369,17,223,7444.1,9677.3,0.9112,ai_heavy
5370,18,223,7409.4,9632.3,0.9009,ai_heavy
5371,19,223,7484.6,9729.9,0.889,ai_heavy
5372,20,223,7382.6,9597.4,0.8764,ai_heavy
5373,21,223,7830.6,10179.8,0.8638,ai_heavy
5374,22,223,7540.9,9803.2,0.8518,ai_heavy
5375,23,223,7456.9,9694.0,0.8409,ai_heavy
5376,0,224,7202.7,9363.5,0.8118,ai_heavy
5377,1,224,7582.6,9857.4,0.8172,ai_heavy
5378,2,224,7292.5,9480.3,0.8244,ai_heavy
5379,3,224,7296.9,9485.9,0.8335,ai_heavy
5380,4,224,7632.5,9922.3,0.8449,ai_heavy
5381,5,224,7566.9,9836.9,0.8584,ai_heavy
5382,6,224,6939.8,9021.7,0.874,ai_heavy
5383,7,224,7493.4,9741.4,0.8911,ai_heavy
5384,8,224,7584.5,9859.9,0.9092,ai_heavy
5385,9,224,7505.8,9757.6,0.9272,ai_heavy
5386,10,224,7645.1,9938.6,0.9441,ai_heavy
5387,11,224,7216.3,9381.2,0.9588,ai_heavy
5388,12,224,6998.2,9097.6,0.9703,ai_heavy
5389,13,224,7434.5,9664.8,0.9775,ai_heavy
5390,14,224,7727.2,10045.3,0.98,ai_heavy
5391,15,224,6917.6,8992.9,0.9775,ai_heavy
5392,16,224,7454.2,9690.4,0.9703,ai_heavy
5393,17,224,7190.4,9347.6,0.9588,ai_heavy
5394,18,224,7553.1,9819.1,0.9441,ai_heavy
5395,19,224,8028.5,10437.1,0.9272,ai_heavy
5396,20,224,7506.8,9758.9,0.9092,ai_heavy
5397,21,224,7504.7,9756.2,0.8911,ai_heavy
5398,22,224,7692.2,9999.9,0.874,ai_heavy
5399,23,224,7484.7,9730.2,0.8584,ai_heavy
5400,0,225,7362.3,9570.9,0.8118,ai_heavy
5401,1,225,7624.3,9911.7,0.8172,ai_heavy
5402,2,225,7534.0,9794.2,0.8244,ai_heavy
5403,3,225,7507.0,9759.2,0.8335,ai_heavy
5404,4,225,7428.6,9657.1,0.8449,ai_heavy
5405,5,225,7402.3,9623.0,0.8584,ai_heavy
5406,6,225,7709.8,10022.7,0.874,ai_heavy
5407,7,225,7453.0,9688.9,0.8911,ai_heavy
5408,8,225,7835.2,10185.7,0.9092,ai_heavy
5409,9,225,7344.9,9548.3,0.9272,ai_heavy
5410,10,225,7935.8,10316.5,0.9441,ai_heavy
5411,11,225,7738.6,10060.2,0.9588,ai_heavy
5412,12,225,7425.5,9653.2,0.9703,ai_heavy
5413,13,225,7775.5,10108.2,0.9775,ai_heavy
5414,14,225,7512.8,9766.7,0.98,ai_heavy
5415,15,225,7666.3,9966.1,0.9775,ai_heavy
5416,16,225,7536.1,9796.9,0.9703,ai_heavy
5417,17,225,7600.2,9880.2,0.9588,ai_heavy
5418,18,225,7823.4,10170.4,0.9441,ai_heavy
5419,19,225,7701.1,10011.4,0.9272,ai_heavy
5420,20,225,7301.0,9491.3,0.9092,ai_heavy
5421,21,225,7287.8,9474.1,0.8911,ai_heavy
5422,22,225,7564.3,9833.5,0.874,ai_heavy
5423,23,225,7557.0,9824.1,0.8584,ai_heavy
5424,0,226,7260.1,9438.2,0.8118,ai_heavy
5425,1,226,7772.3,10103.9,0.8172,ai_heavy
5426,2,226,7610.1,9893.2,0.8244,ai_heavy
5427,3,226,7302.9,9493.8,0.8335,ai_heavy
5428,4,226,7298.0,9487.4,0.8449,ai_heavy
5429,5,226,7428.8,9657.5,0.8584,ai_heavy
5430,6,226,7428.6,9657.2,0.874,ai_heavy
5431,7,226,7812.7,10156.6,0.8911,ai_heavy
5432,8,226,7779.2,10113.0,0.9092,ai_heavy
5433,9,226,7591.1,9868.4,0.9272,ai_heavy
5434,10,226,7763.2,10092.2,0.9441,ai_heavy
5435,11,226,7819.0,10164.7,0.9588,ai_heavy
5436,12,226,7661.1,9959.4,0.9703,ai_heavy
5437,13,226,7751.1,10076.4,0.9775,ai_heavy
5438,14,226,7798.9,10138.6,0.98,ai_heavy
5439,15,226,7770.6,10101.8,0.9775,ai_heavy
5440,16,226,7469.0,9709.7,0.9703,ai_heavy
5441,17,226,7475.4,9718.1,0.9588,ai_heavy
5442,18,226,7542.6,9805.4,0.9441,ai_heavy
5443,19,226,7422.3,9649.0,0.9272,ai_heavy
5444,20,226,7222.1,9388.8,0.9092,ai_heavy
5445,21,226,7681.7,9986.2,0.8911,ai_heavy
5446,22,226,7581.3,9855.7,0.874,ai_heavy
5447,23,226,7179.4,9333.2,0.8584,ai_heavy
5448,0,227,7356.5,9563.4,0.8118,ai_heavy
5449,1,227,7377.1,9590.3,0.8172,ai_heavy
5450,2,227,7469.4,9710.2,0.8244,ai_heavy
5451,3,227,7201.0,9361.3,0.8335,ai_heavy
5452,4,227,7156.6,9303.6,0.8449,ai_heavy
5453,5,227,7596.6,9875.6,0.8584,ai_heavy
5454,6,227,7158.0,9305.4,0.874,ai_heavy
5455,7,227,7476.5,9719.4,0.8911,ai_heavy
5456,8,227,7482.2,9726.8,0.9092,ai_heavy
5457,9,227,7555.1,9821.6,0.9272,ai_heavy
5458,10,227,7666.2,9966.0,0.9441,ai_heavy
5459,11,227,7996.5,10395.5,0.9588,ai_heavy
5460,12,227,7280.7,9465.0,0.9703,ai_heavy
5461,13,227,7860.0,10218.0,0.9775,ai_heavy
5462,14,227,7084.8,9210.3,0.98,ai_heavy
5463,15,227,7978.8,10372.4,0.9775,ai_heavy
5464,16,227,7179.0,9332.7,0.9703,ai_heavy
5465,17,227,8076.9,10500.0,0.9588,ai_heavy
5466,18,227,7519.5,9775.4,0.9441,ai_heavy
5467,19,227,7876.7,10239.7,0.9272,ai_heavy
5468,20,227,7801.8,10142.4,0.9092,ai_heavy
5469,21,227,7430.4,9659.6,0.8911,ai_heavy
5470,22,227,7422.3,9649.0,0.874,ai_heavy
5471,23,227,7292.1,9479.7,0.8584,ai_heavy
5472,0,228,7585.1,9860.6,0.8118,ai_heavy
5473,1,228,7323.9,9521.1,0.8172,ai_heavy
5474,2,228,7246.3,9420.2,0.8244,ai_heavy
5475,3,228,7562.6,9831.3,0.8335,ai_heavy
5476,4,228,7258.9,9436.5,0.8449,ai_heavy
5477,5,228,7406.1,9628.0,0.8584,ai_heavy
5478,6,228,7527.4,9785.6,0.874,ai_heavy
5479,7,228,7383.9,9599.1,0.8911,ai_heavy
5480,8,228,7444.6,9678.0,0.9092,ai_heavy
5481,9,228,7932.3,10312.0,0.9272,ai_heavy
5482,10,228,7561.9,9830.5,0.9441,ai_heavy
5483,11,228,7548.3,9812.7,0.9588,ai_heavy
5484,12,228,7607.5,9889.8,0.9703,ai_heavy
5485,13,228,7763.0,10091.9,0.9775,ai_heavy
5486,14,228,7424.7,9652.1,0.98,ai_heavy
5487,15,228,7756.7,10083.8,0.9775,ai_heavy
5488,16,228,7706.4,10018.3,0.9703,ai_heavy
5489,17,228,7221.1,9387.5,0.9588,ai_heavy
5490,18,228,8018.1,10423.5,0.9441,ai_heavy
5491,19,228,7915.4,10290.1,0.9272,ai_heavy
5492,20,228,7374.6,9587.0,0.9092,ai_heavy
5493,21,228,7275.5,9458.1,0.8911,ai_heavy
5494,22,228,7554.6,9821.0,0.874,ai_heavy
5495,23,228,7160.0,9308.0,0.8584,ai_heavy
5496,0,229,7707.8,10020.1,0.8083,ai_heavy
5497,1,229,7306.2,9498.1,0.812,ai_heavy
5498,2,229,7778.8,10112.4,0.8171,ai_heavy
5499,3,229,7243.8,9417.0,0.8235,ai_heavy
5500,4,229,7414.4,9638.7,0.8314,ai_heavy
5501,5,229,7737.0,10058.1,0.8409,ai_heavy
5502,6,229,7397.6,9616.8,0.8518,ai_heavy
5503,7,229,7549.1,9813.9,0.8638,ai_heavy
5504,8,229,7753.0,10078.9,0.8764,ai_heavy
5505,9,229,7400.3,9620.4,0.889,ai_heavy
5506,10,229,7258.1,9435.5,0.9009,ai_heavy
5507,11,229,7228.3,9396.8,0.9112,ai_heavy
5508,12,229,7703.6,10014.7,0.9192,ai_heavy
5509,13,229,7667.1,9967.2,0.9243,ai_heavy
5510,14,229,7822.8,10169.6,0.926,ai_heavy
5511,15,229,7516.4,9771.3,0.9243,ai_heavy
5512,16,229,7246.1,9420.0,0.9192,ai_heavy
5513,17,229,7025.6,9133.2,0.9112,ai_heavy
5514,18,229,8076.9,10500.0,0.9009,ai_heavy
5515,19,229,7644.8,9938.3,0.889,ai_heavy
5516,20,229,7537.7,9799.1,0.8764,ai_heavy
5517,21,229,7550.6,9815.8,0.8638,ai_heavy
5518,22,229,7149.2,9294.0,0.8518,ai_heavy
5519,23,229,7275.9,9458.7,0.8409,ai_heavy
5520,0,230,7792.0,10129.6,0.8083,ai_heavy
5521,1,230,7556.7,9823.8,0.812,ai_heavy
5522,2,230,7248.0,9422.3,0.8171,ai_heavy
5523,3,230,7154.1,9300.4,0.8235,ai_heavy
5524,4,230,7324.3,9521.6,0.8314,ai_heavy
5525,5,230,7383.1,9598.1,0.8409,ai_heavy
5526,6,230,7929.2,10308.0,0.8518,ai_heavy
5527,7,230,7445.7,9679.4,0.8638,ai_heavy
5528,8,230,7239.0,9410.8,0.8764,ai_heavy
5529,9,230,7512.6,9766.4,0.889,ai_heavy
5530,10,230,7603.5,9884.5,0.9009,ai_heavy
5531,11,230,7268.7,9449.3,0.9112,ai_heavy
5532,12,230,7662.4,9961.2,0.9192,ai_heavy
5533,13,230,7853.6,10209.6,0.9243,ai_heavy
5534,14,230,7612.8,9896.7,0.926,ai_heavy
5535,15,230,7397.5,9616.7,0.9243,ai_heavy
5536,16,230,7451.0,9686.3,0.9192,ai_heavy
5537,17,230,7182.9,9337.8,0.9112,ai_heavy
5538,18,230,7513.4,9767.4,0.9009,ai_heavy
5539,19,230,7596.0,9874.8,0.889,ai_heavy
5540,20,230,7305.0,9496.5,0.8764,ai_heavy
5541,21,230,7923.7,10300.9,0.8638,ai_heavy
5542,22,230,7647.6,9941.8,0.8518,ai_heavy
5543,23,230,7052.8,9168.6,0.8409,ai_heavy
5544,0,231,7016.1,9120.9,0.8118,ai_heavy
5545,1,231,7199.1,9358.9,0.8172,ai_heavy
5546,2,231,7779.5,10113.3,0.8244,ai_heavy
5547,3,231,7641.5,9934.0,0.8335,ai_heavy
5548,4,231,7823.0,10169.9,0.8449,ai_heavy
5549,5,231,7482.3,9726.9,0.8584,ai_heavy
5550,6,231,7456.2,9693.0,0.874,ai_heavy
5551,7,231,7247.2,9421.4,0.8911,ai_heavy
5552,8,231,7635.3,9925.9,0.9092,ai_heavy
5553,9,231,7538.5,9800.0,0.9272,ai_heavy
5554,10,231,7554.9,9821.4,0.9441,ai_heavy
5555,11,231,8001.0,10401.3,0.9588,ai_heavy
5556,12,231,7618.7,9904.3,0.9703,ai_heavy
5557,13,231,7964.4,10353.7,0.9775,ai_heavy
5558,14,231,7297.3,9486.4,0.98,ai_heavy
5559,15,231,8076.9,10500.0,0.9775,ai_heavy
5560,16,231,7562.1,9830.7,0.9703,ai_heavy
5561,17,231,7792.5,10130.2,0.9588,ai_heavy
5562,18,231,7806.2,10148.1,0.9441,ai_heavy
5563,19,231,7470.0,9710.9,0.9272,ai_heavy
5564,20,231,7741.7,10064.2,0.9092,ai_heavy
5565,21,231,7725.8,10043.5,0.8911,ai_heavy
5566,22,231,7342.8,9545.6,0.874,ai_heavy
5567,23,231,7322.6,9519.4,0.8584,ai_heavy
5568,0,232,7420.1,9646.2,0.8118,ai_heavy
5569,1,232,7392.4,9610.2,0.8172,ai_heavy
5570,2,232,7739.3,10061.1,0.8244,ai_heavy
5571,3,232,7599.5,9879.3,0.8335,ai_heavy
5572,4,232,7443.9,9677.0,0.8449,ai_heavy
5573,5,232,7616.0,9900.8,0.8584,ai_heavy
5574,6,232,7042.6,9155.4,0.874,ai_heavy
5575,7,232,7390.0,9607.0,0.8911,ai_heavy
5576,8,232,7621.3,9907.7,0.9092,ai_heavy
5577,9,232,7836.8,10187.9,0.9272,ai_heavy
5578,10,232,7654.1,9950.3,0.9441,ai_heavy
5579,11,232,7964.4,10353.7,0.9588,ai_heavy
5580,12,232,7846.8,10200.9,0.9703,ai_heavy
5581,13,232,7546.4,9810.3,0.9775,ai_heavy
5582,14,232,7630.1,9919.2,0.98,ai_heavy
5583,15,232,7752.4,10078.1,0.9775,ai_heavy
5584,16,232,7544.8,9808.2,0.9703,ai_heavy
5585,17,232,7981.1,10375.5,0.9588,ai_heavy
5586,18,232,7355.4,9562.1,0.9441,ai_heavy
5587,19,232,7655.0,9951.5,0.9272,ai_heavy
5588,20,232,7722.8,10039.6,0.9092,ai_heavy
5589,21,232,7458.2,9695.7,0.8911,ai_heavy
5590,22,232,7382.0,9596.6,0.874,ai_heavy
5591,23,232,7462.9,9701.8,0.8584,ai_heavy
5592,0,233,7590.6,9867.7,0.8118,ai_heavy
5593,1,233,7306.9,9499.0,0.8172,ai_heavy
5594,2,233,7190.6,9347.8,0.8244,ai_heavy
5595,3,233,7699.5,10009.4,0.8335,ai_heavy
5596,4,233,7549.0,9813.7,0.8449,ai_heavy
5597,5,233,7706.1,10018.0,0.8584,ai_heavy
5598,6,233,7674.2,9976.5,0.874,ai_heavy
5599,7,233,8021.4,10427.8,0.8911,ai_heavy
5600,8,233,7808.8,10151.5,0.9092,ai_heavy
5601,9,233,7418.4,9643.9,0.9272,ai_heavy
5602,10,233,7715.8,10030.6,0.9441,ai_heavy
5603,11,233,7503.0,9753.9,0.9588,ai_heavy
5604,12,233,7543.5,9806.6,0.9703,ai_heavy
5605,13,233,7334.1,9534.3,0.9775,ai_heavy
5606,14,233,7596.5,9875.5,0.98,ai_heavy
5607,15,233,7783.8,10119.0,0.9775,ai_heavy
5608,16,233,7632.6,9922.3,0.9703,ai_heavy
5609,17,233,7378.9,9592.6,0.9588,ai_heavy
5610,18,233,7260.9,9439.1,0.9441,ai_heavy
5611,19,233,8063.5,10482.6,0.9272,ai_heavy
5612,20,233,7629.8,9918.7,0.9092,ai_heavy
5613,21,233,7342.9,9545.8,0.8911,ai_heavy
5614,22,233,7607.3,9889.4,0.874,ai_heavy
5615,23,233,7971.2,10362.6,0.8584,ai_heavy
5616,0,234,7548.0,9812.4,0.8118,ai_heavy
5617,1,234,6797.9,8837.2,0.8172,ai_heavy
5618,2,234,8020.0,10425.9,0.8244,ai_heavy
5619,3,234,7029.7,9138.6,0.8335,ai_heavy
5620,4,234,7413.5,9637.6,0.8449,ai_heavy
5621,5,234,7225.6,9393.3,0.8584,ai_heavy
5622,6,234,7336.7,9537.8,0.874,ai_heavy
5623,7,234,7593.3,9871.2,0.8911,ai_heavy
5624,8,234,7086.6,9212.6,0.9092,ai_heavy
5625,9,234,7562.6,9831.3,0.9272,ai_heavy
5626,10,234,7870.4,10231.5,0.9441,ai_heavy
5627,11,234,7437.5,9668.8,0.9588,ai_heavy
5628,12,234,7328.7,9527.4,0.9703,ai_heavy
5629,13,234,7626.6,9914.6,0.9775,ai_heavy
5630,14,234,7584.5,9859.9,0.98,ai_heavy
5631,15,234,7521.8,9778.4,0.9775,ai_heavy
5632,16,234,7375.1,9587.6,0.9703,ai_heavy
5633,17,234,7749.4,10074.3,0.9588,ai_heavy
5634,18,234,7744.4,10067.7,0.9441,ai_heavy
5635,19,234,7340.7,9542.9,0.9272,ai_heavy
5636,20,234,7345.9,9549.6,0.9092,ai_heavy
5637,21,234,7559.8,9827.8,0.8911,ai_heavy
5638,22,234,7286.1,9471.9,0.874,ai_heavy
5639,23,234,7520.1,9776.1,0.8584,ai_heavy
5640,0,235,7736.4,10057.3,0.8118,ai_heavy
5641,1,235,7404.8,9626.3,0.8172,ai_heavy
5642,2,235,7158.4,9305.9,0.8244,ai_heavy
5643,3,235,7530.1,9789.2,0.8335,ai_heavy
5644,4,235,7419.9,9645.8,0.8449,ai_heavy
5645,5,235,7446.3,9680.1,0.8584,ai_heavy
5646,6,235,7610.3,9893.4,0.874,ai_heavy
5647,7,235,7685.1,9990.6,0.8911,ai_heavy
5648,8,235,7564.1,9833.4,0.9092,ai_heavy
5649,9,235,7569.3,9840.1,0.9272,ai_heavy
5650,10,235,8076.9,10500.0,0.9441,ai_heavy
5651,11,235,7905.4,10277.0,0.9588,ai_heavy
5652,12,235,7839.0,10190.6,0.9703,ai_heavy
5653,13,235,7688.7,9995.3,0.9775,ai_heavy
5654,14,235,7431.1,9660.5,0.98,ai_heavy
5655,15,235,7917.6,10292.9,0.9775,ai_heavy
5656,16,235,7680.8,9985.1,0.9703,ai_heavy
5657,17,235,7498.5,9748.0,0.9588,ai_heavy
5658,18,235,7553.0,9818.9,0.9441,ai_heavy
5659,19,235,7363.3,9572.3,0.9272,ai_heavy
5660,20,235,7795.7,10134.5,0.9092,ai_heavy
5661,21,235,7683.3,9988.3,0.8911,ai_heavy
5662,22,235,7544.2,9807.5,0.874,ai_heavy
5663,23,235,7470.4,9711.5,0.8584,ai_heavy
5664,0,236,7253.5,9429.6,0.8083,ai_heavy
5665,1,236,6936.8,9017.9,0.812,ai_heavy
5666,2,236,7103.5,9234.5,0.8171,ai_heavy
5667,3,236,7262.0,9440.6,0.8235,ai_heavy
5668,4,236,7240.1,9412.2,0.8314,ai_heavy
5669,5,236,7518.4,9773.9,0.8409,ai_heavy
5670,6,236,7651.9,9947.4,0.8518,ai_heavy
5671,7,236,7459.2,9696.9,0.8638,ai_heavy
5672,8,236,7824.2,10171.5,0.8764,ai_heavy
5673,9,236,7349.1,9553.8,0.889,ai_heavy
5674,10,236,7513.0,9766.9,0.9009,ai_heavy
5675,11,236,7547.5,9811.8,0.9112,ai_heavy
5676,12,236,7819.2,10164.9,0.9192,ai_heavy
5677,13,236,7602.8,9883.6,0.9243,ai_heavy
5678,14,236,7611.7,9895.2,0.926,ai_heavy
5679,15,236,7202.5,9363.2,0.9243,ai_heavy
5680,16,236,7366.7,9576.7,0.9192,ai_heavy
5681,17,236,7807.6,10149.9,0.9112,ai_heavy
5682,18,236,7074.0,9196.2,0.9009,ai_heavy
5683,19,236,7829.1,10177.8,0.889,ai_heavy
5684,20,236,7619.5,9905.3,0.8764,ai_heavy
5685,21,236,7320.1,9516.1,0.8638,ai_heavy
5686,22,236,7283.5,9468.6,0.8518,ai_heavy
5687,23,236,7877.6,10240.9,0.8409,ai_heavy
5688,0,237,7718.3,10033.7,0.8083,ai_heavy
5689,1,237,7383.8,9599.0,0.812,ai_heavy
5690,2,237,7447.8,9682.2,0.8171,ai_heavy
5691,3,237,7283.5,9468.6,0.8235,ai_heavy
5692,4,237,7469.5,9710.4,0.8314,ai_heavy
5693,5,237,7303.0,9493.9,0.8409,ai_heavy
5694,6,237,7452.4,9688.1,0.8518,ai_heavy
5695,7,237,7894.7,10263.1,0.8638,ai_heavy
5696,8,237,7485.4,9731.0,0.8764,ai_heavy
5697,9,237,7289.2,9476.0,0.889,ai_heavy
5698,10,237,7234.4,9404.8,0.9009,ai_heavy
5699,11,237,7587.9,9864.3,0.9112,ai_heavy
5700,12,237,7398.3,9617.8,0.9192,ai_heavy
5701,13,237,7634.8,9925.2,0.9243,ai_heavy
5702,14,237,7213.0,9376.9,0.926,ai_heavy
5703,15,237,7735.6,10056.3,0.9243,ai_heavy
5704,16,237,7330.3,9529.4,0.9192,ai_heavy
5705,17,237,7569.6,9840.5,0.9112,ai_heavy
5706,18,237,7467.1,9707.2,0.9009,ai_heavy
5707,19,237,7913.8,10288.0,0.889,ai_heavy
5708,20,237,7545.6,9809.2,0.8764,ai_heavy
5709,21,237,7925.0,10302.5,0.8638,ai_heavy
5710,22,237,7595.7,9874.4,0.8518,ai_heavy
5711,23,237,7772.4,10104.1,0.8409,ai_heavy
5712,0,238,7363.6,9572.7,0.8118,ai_heavy
5713,1,238,7495.0,9743.5,0.8172,ai_heavy
5714,2,238,7700.4,10010.6,0.8244,ai_heavy
5715,3,238,7644.7,9938.1,0.8335,ai_heavy
5716,4,238,7578.5,9852.0,0.8449,ai_heavy
5717,5,238,7406.4,9628.3,0.8584,ai_heavy
5718,6,238,7467.6,9707.8,0.874,ai_heavy
5719,7,238,7786.0,10121.8,0.8911,ai_heavy
5720,8,238,7861.2,10219.5,0.9092,ai_heavy
5721,9,238,7448.2,9682.7,0.9272,ai_heavy
5722,10,238,7438.7,9670.4,0.9441,ai_heavy
5723,11,238,7423.6,9650.7,0.9588,ai_heavy
5724,12,238,7838.1,10189.5,0.9703,ai_heavy
5725,13,238,7445.0,9678.5,0.9775,ai_heavy
5726,14,238,7850.2,10205.3,0.98,ai_heavy
5727,15,238,7784.0,10119.1,0.9775,ai_heavy
5728,16,238,7522.7,9779.5,0.9703,ai_heavy
5729,17,238,7988.6,10385.1,0.9588,ai_heavy
5730,18,238,7274.7,9457.2,0.9441,ai_heavy
5731,19,238,7960.6,10348.8,0.9272,ai_heavy
5732,20,238,7628.4,9916.9,0.9092,ai_heavy
5733,21,238,7060.7,9178.9,0.8911,ai_heavy
5734,22,238,7861.6,10220.1,0.874,ai_heavy
5735,23,238,7698.1,10007.6,0.8584,ai_heavy
5736,0,239,7314.9,9509.3,0.8118,ai_heavy
5737,1,239,7203.4,9364.5,0.8172,ai_heavy
5738,2,239,7079.2,9202.9,0.8244,ai_heavy
5739,3,239,7981.9,10376.5,0.8335,ai_heavy
5740,4,239,7253.0,9428.9,0.8449,ai_heavy
5741,5,239,7196.4,9355.3,0.8584,ai_heavy
5742,6,239,7563.6,9832.7,0.874,ai_heavy
5743,7,239,7159.1,9306.8,0.8911,ai_heavy
5744,8,239,7333.6,9533.6,0.9092,ai_heavy
5745,9,239,7809.5,10152.3,0.9272,ai_heavy
5746,10,239,7714.5,10028.8,0.9441,ai_heavy
5747,11,239,7542.1,9804.8,0.9588,ai_heavy
5748,12,239,7651.9,9947.5,0.9703,ai_heavy
5749,13,239,7556.9,9824.0,0.9775,ai_heavy
5750,14,239,7648.1,9942.5,0.98,ai_heavy
5751,15,239,7483.6,9728.6,0.9775,ai_heavy
5752,16,239,7514.6,9769.0,0.9703,ai_heavy
5753,17,239,7490.8,9738.0,0.9588,ai_heavy
5754,18,239,7442.8,9675.7,0.9441,ai_heavy
5755,19,239,7820.6,10166.8,0.9272,ai_heavy
5756,20,239,7730.6,10049.8,0.9092,ai_heavy
5757,21,239,7318.4,9514.0,0.8911,ai_heavy
5758,22,239,7234.5,9404.8,0.874,ai_heavy
5759,23,239,7444.7,9678.1,0.8584,ai_heavy
5760,0,240,7889.2,10255.9,0.8118,ai_heavy
5761,1,240,7189.4,9346.2,0.8172,ai_heavy
5762,2,240,7392.9,9610.8,0.8244,ai_heavy
5763,3,240,7462.4,9701.1,0.8335,ai_heavy
5764,4,240,7435.3,9665.9,0.8449,ai_heavy
5765,5,240,7377.1,9590.3,0.8584,ai_heavy
5766,6,240,7763.3,10092.3,0.874,ai_heavy
5767,7,240,7631.7,9921.2,0.8911,ai_heavy
5768,8,240,7747.8,10072.1,0.9092,ai_heavy
5769,9,240,7717.2,10032.3,0.9272,ai_heavy
5770,10,240,7812.6,10156.3,0.9441,ai_heavy
5771,11,240,7993.3,10391.3,0.9588,ai_heavy
5772,12,240,7953.1,10339.0,0.9703,ai_heavy
5773,13,240,8076.9,10500.0,0.9775,ai_heavy
5774,14,240,7942.1,10324.8,0.98,ai_heavy
5775,15,240,7504.8,9756.2,0.9775,ai_heavy
5776,16,240,7842.1,10194.8,0.9703,ai_heavy
5777,17,240,7793.2,10131.2,0.9588,ai_heavy
5778,18,240,8046.8,10460.9,0.9441,ai_heavy
5779,19,240,7363.1,9572.0,0.9272,ai_heavy
5780,20,240,7682.5,9987.3,0.9092,ai_heavy
5781,21,240,7375.2,9587.7,0.8911,ai_heavy
5782,22,240,7618.7,9904.3,0.874,ai_heavy
5783,23,240,7431.8,9661.3,0.8584,ai_heavy
5784,0,241,7516.6,9771.6,0.8118,ai_heavy
5785,1,241,7104.3,9235.5,0.8172,ai_heavy
5786,2,241,7605.6,9887.3,0.8244,ai_heavy
5787,3,241,7488.6,9735.2,0.8335,ai_heavy
5788,4,241,7493.7,9741.8,0.8449,ai_heavy
5789,5,241,7917.6,10292.9,0.8584,ai_heavy
5790,6,241,7417.2,9642.4,0.874,ai_heavy
5791,7,241,7606.3,9888.2,0.8911,ai_heavy
5792,8,241,7578.8,9852.4,0.9092,ai_heavy
5793,9,241,7628.2,9916.6,0.9272,ai_heavy
5794,10,241,8076.9,10500.0,0.9441,ai_heavy
5795,11,241,7645.2,9938.7,0.9588,ai_heavy
5796,12,241,7517.6,9772.8,0.9703,ai_heavy
5797,13,241,8076.9,10500.0,0.9775,ai_heavy
5798,14,241,7591.6,9869.1,0.98,ai_heavy
5799,15,241,7289.8,9476.7,0.9775,ai_heavy
5800,16,241,7477.7,9721.1,0.9703,ai_heavy
5801,17,241,7345.2,9548.8,0.9588,ai_heavy
5802,18,241,7197.7,9357.0,0.9441,ai_heavy
5803,19,241,7500.5,9750.7,0.9272,ai_heavy
5804,20,241,7540.2,9802.2,0.9092,ai_heavy
5805,21,241,7795.7,10134.4,0.8911,ai_heavy
5806,22,241,7645.0,9938.5,0.874,ai_heavy
5807,23,241,7611.0,9894.3,0.8584,ai_heavy
5808,0,242,7211.5,9374.9,0.8118,ai_heavy
5809,1,242,7615.1,9899.6,0.8172,ai_heavy
5810,2,242,7738.9,10060.6,0.8244,ai_heavy
5811,3,242,7530.7,9789.9,0.8335,ai_heavy
5812,4,242,7554.2,9820.4,0.8449,ai_heavy
5813,5,242,7196.2,9355.0,0.8584,ai_heavy
5814,6,242,7740.7,10062.9,0.874,ai_heavy
5815,7,242,7931.3,10310.6,0.8911,ai_heavy
5816,8,242,7629.3,9918.1,0.9092,ai_heavy
5817,9,242,7447.9,9682.3,0.9272,ai_heavy
5818,10,242,7571.5,9843.0,0.9441,ai_heavy
5819,11,242,7534.3,9794.6,0.9588,ai_heavy
5820,12,242,7565.0,9834.5,0.9703,ai_heavy
5821,13,242,7807.5,10149.7,0.9775,ai_heavy
5822,14,242,7726.5,10044.5,0.98,ai_heavy
5823,15,242,7889.2,10256.0,0.9775,ai_heavy
5824,16,242,7732.8,10052.7,0.9703,ai_heavy
5825,17,242,7432.8,9662.6,0.9588,ai_heavy
5826,18,242,7494.2,9742.5,0.9441,ai_heavy
5827,19,242,7455.1,9691.6,0.9272,ai_heavy
5828,20,242,7513.8,9767.9,0.9092,ai_heavy
5829,21,242,7934.4,10314.7,0.8911,ai_heavy
5830,22,242,7943.4,10326.4,0.874,ai_heavy
5831,23,242,7667.7,9968.0,0.8584,ai_heavy
5832,0,243,7431.1,9660.4,0.8083,ai_heavy
5833,1,243,7107.7,9240.0,0.812,ai_heavy
5834,2,243,7466.8,9706.9,0.8171,ai_heavy
5835,3,243,7251.5,9426.9,0.8235,ai_heavy
5836,4,243,7803.3,10144.3,0.8314,ai_heavy
5837,5,243,7094.5,9222.9,0.8409,ai_heavy
5838,6,243,7556.2,9823.0,0.8518,ai_heavy
5839,7,243,7291.6,9479.1,0.8638,ai_heavy
5840,8,243,7504.8,9756.2,0.8764,ai_heavy
5841,9,243,7676.2,9979.1,0.889,ai_heavy
5842,10,243,7774.9,10107.4,0.9009,ai_heavy
5843,11,243,7545.3,9808.9,0.9112,ai_heavy
5844,12,243,7744.0,10067.2,0.9192,ai_heavy
5845,13,243,7428.1,9656.5,0.9243,ai_heavy
5846,14,243,7637.2,9928.3,0.926,ai_heavy
5847,15,243,7806.6,10148.5,0.9243,ai_heavy
5848,16,243,7646.5,9940.5,0.9192,ai_heavy
5849,17,243,7439.1,9670.8,0.9112,ai_heavy
5850,18,243,7480.5,9724.6,0.9009,ai_heavy
5851,19,243,7755.2,10081.7,0.889,ai_heavy
5852,20,243,7261.0,9439.4,0.8764,ai_heavy
5853,21,243,7275.9,9458.6,0.8638,ai_heavy
5854,22,243,7604.8,9886.3,0.8518,ai_heavy
5855,23,243,7355.5,9562.1,0.8409,ai_heavy
5856,0,244,7081.9,9206.5,0.8083,ai_heavy
5857,1,244,7710.7,10023.9,0.812,ai_heavy
5858,2,244,7173.2,9325.1,0.8171,ai_heavy
5859,3,244,7383.1,9598.0,0.8235,ai_heavy
5860,4,244,7301.2,9491.5,0.8314,ai_heavy
5861,5,244,7387.1,9603.2,0.8409,ai_heavy
5862,6,244,7271.8,9453.3,0.8518,ai_heavy
5863,7,244,7648.5,9943.0,0.8638,ai_heavy
5864,8,244,7531.9,9791.5,0.8764,ai_heavy
5865,9,244,7747.9,10072.3,0.889,ai_heavy
5866,10,244,7405.8,9627.5,0.9009,ai_heavy
5867,11,244,8042.8,10455.7,0.9112,ai_heavy
5868,12,244,7138.5,9280.0,0.9192,ai_heavy
5869,13,244,7218.3,9383.8,0.9243,ai_heavy
5870,14,244,7980.0,10374.0,0.926,ai_heavy
5871,15,244,7686.5,9992.4,0.9243,ai_heavy
5872,16,244,7648.6,9943.2,0.9192,ai_heavy
5873,17,244,7656.9,9954.0,0.9112,ai_heavy
5874,18,244,7672.9,9974.8,0.9009,ai_heavy
5875,19,244,7593.5,9871.6,0.889,ai_heavy
5876,20,244,7289.4,9476.2,0.8764,ai_heavy
5877,21,244,7671.8,9973.3,0.8638,ai_heavy
5878,22,244,7618.1,9903.5,0.8518,ai_heavy
5879,23,244,7773.1,10105.0,0.8409,ai_heavy
5880,0,245,7802.2,10142.9,0.8118,ai_heavy
5881,1,245,7491.7,9739.2,0.8172,ai_heavy
5882,2,245,7155.3,9301.9,0.8244,ai_heavy
5883,3,245,7838.4,10189.9,0.8335,ai_heavy
5884,4,245,7231.8,9401.3,0.8449,ai_heavy
5885,5,245,7555.8,9822.5,0.8584,ai_heavy
5886,6,245,7445.5,9679.2,0.874,ai_heavy
5887,7,245,7431.8,9661.3,0.8911,ai_heavy
5888,8,245,7729.3,10048.1,0.9092,ai_heavy
5889,9,245,7638.7,9930.3,0.9272,ai_heavy
5890,10,245,7725.7,10043.4,0.9441,ai_heavy
5891,11,245,7443.9,9677.0,0.9588,ai_heavy
5892,12,245,7607.8,9890.1,0.9703,ai_heavy
5893,13,245,7481.8,9726.3,0.9775,ai_heavy
5894,14,245,7616.5,9901.5,0.98,ai_heavy
5895,15,245,7631.3,9920.7,0.9775,ai_heavy
5896,16,245,8070.9,10492.1,0.9703,ai_heavy
5897,17,245,7571.2,9842.6,0.9588,ai_heavy
5898,18,245,7123.3,9260.3,0.9441,ai_heavy
5899,19,245,7900.5,10270.6,0.9272,ai_heavy
5900,20,245,7657.9,9955.3,0.9092,ai_heavy
5901,21,245,7499.4,9749.3,0.8911,ai_heavy
5902,22,245,7404.9,9626.4,0.874,ai_heavy
5903,23,245,7267.5,9447.7,0.8584,ai_heavy
5904,0,246,7840.9,10193.2,0.8118,ai_heavy
5905,1,246,7429.7,9658.6,0.8172,ai_heavy
5906,2,246,7041.6,9154.0,0.8244,ai_heavy
5907,3,246,7515.8,9770.5,0.8335,ai_heavy
5908,4,246,7729.6,10048.4,0.8449,ai_heavy
5909,5,246,7515.1,9769.6,0.8584,ai_heavy
5910,6,246,7300.4,9490.5,0.874,ai_heavy
5911,7,246,7305.2,9496.7,0.8911,ai_heavy
5912,8,246,7348.1,9552.6,0.9092,ai_heavy
5913,9,246,7929.3,10308.1,0.9272,ai_heavy
5914,10,246,7592.1,9869.8,0.9441,ai_heavy
5915,11,246,7246.3,9420.2,0.9588,ai_heavy
5916,12,246,7735.8,10056.6,0.9703,ai_heavy
5917,13,246,7691.0,9998.3,0.9775,ai_heavy
5918,14,246,7559.1,9826.9,0.98,ai_heavy
5919,15,246,7424.1,9651.4,0.9775,ai_heavy
5920,16,246,7403.6,9624.7,0.9703,ai_heavy
5921,17,246,7879.3,10243.1,0.9588,ai_heavy
5922,18,246,7665.0,9964.5,0.9441,ai_heavy
5923,19,246,7692.0,9999.6,0.9272,ai_heavy
5924,20,246,7611.6,9895.0,0.9092,ai_heavy
5925,21,246,7603.0,9883.9,0.8911,ai_heavy
5926,22,246,7397.9,9617.2,0.874,ai_heavy
5927,23,246,7433.8,9663.9,0.8584,ai_heavy
5928,0,247,7669.0,9969.7,0.8118,ai_heavy
5929,1,247,7732.9,10052.8,0.8172,ai_heavy
5930,2,247,7156.5,9303.4,0.8244,ai_heavy
5931,3,247,7396.1,9614.9,0.8335,ai_heavy
5932,4,247,7647.5,9941.7,0.8449,ai_heavy
5933,5,247,7902.3,10273.0,0.8584,ai_heavy
5934,6,247,7904.4,10275.8,0.874,ai_heavy
5935,7,247,7349.3,9554.1,0.8911,ai_heavy
5936,8,247,7845.1,10198.6,0.9092,ai_heavy
5937,9,247,7596.4,9875.4,0.9272,ai_heavy
5938,10,247,7846.9,10201.0,0.9441,ai_heavy
5939,11,247,7811.0,10154.3,0.9588,ai_heavy
5940,12,247,7357.7,9565.0,0.9703,ai_heavy
5941,13,247,7784.9,10120.4,0.9775,ai_heavy
5942,14,247,7893.5,10261.5,0.98,ai_heavy
5943,15,247,7654.0,9950.1,0.9775,ai_heavy
5944,16,247,7591.2,9868.6,0.9703,ai_heavy
5945,17,247,7270.8,9452.0,0.9588,ai_heavy
5946,18,247,7764.5,10093.9,0.9441,ai_heavy
5947,19,247,7630.6,9919.8,0.9272,ai_heavy
5948,20,247,7347.0,9551.1,0.9092,ai_heavy
5949,21,247,7455.4,9692.0,0.8911,ai_heavy
5950,22,247,7538.1,9799.5,0.874,ai_heavy
5951,23,247,7354.6,9561.0,0.8584,ai_heavy
5952,0,248,7410.6,9633.8,0.8118,ai_heavy
5953,1,248,7028.7,9137.3,0.8172,ai_heavy
5954,2,248,7729.6,10048.5,0.8244,ai_heavy
5955,3,248,7446.2,9680.0,0.8335,ai_heavy
5956,4,248,7213.6,9377.7,0.8449,ai_heavy
5957,5,248,6928.0,9006.4,0.8584,ai_heavy
5958,6,248,7735.0,10055.5,0.874,ai_heavy
5959,7,248,7655.1,9951.6,0.8911,ai_heavy
5960,8,248,7603.8,9885.0,0.9092,ai_heavy
5961,9,248,7779.6,10113.4,0.9272,ai_heavy
5962,10,248,7805.0,10146.5,0.9441,ai_heavy
5963,11,248,7675.1,9977.6,0.9588,ai_heavy
5964,12,248,7589.4,9866.2,0.9703,ai_heavy
5965,13,248,7562.7,9831.6,0.9775,ai_heavy
5966,14,248,7759.1,10086.8,0.98,ai_heavy
5967,15,248,7979.6,10373.4,0.9775,ai_heavy
5968,16,248,7624.1,9911.3,0.9703,ai_heavy
5969,17,248,7968.6,10359.1,0.9588,ai_heavy
5970,18,248,7693.7,10001.8,0.9441,ai_heavy
5971,19,248,7669.7,9970.6,0.9272,ai_heavy
5972,20,248,8076.9,10500.0,0.9092,ai_heavy
5973,21,248,7902.3,10273.0,0.8911,ai_heavy
5974,22,248,7881.2,10245.5,0.874,ai_heavy
5975,23,248,7301.0,9491.3,0.8584,ai_heavy
5976,0,249,7897.4,10266.6,0.8118,ai_heavy
5977,1,249,7399.8,9619.8,0.8172,ai_heavy
5978,2,249,7378.1,9591.6,0.8244,ai_heavy
5979,3,249,6960.5,9048.6,0.8335,ai_heavy
5980,4,249,7532.7,9792.4,0.8449,ai_heavy
5981,5,249,7236.9,9407.9,0.8584,ai_heavy
5982,6,249,7595.2,9873.8,0.874,ai_heavy
5983,7,249,7266.7,9446.7,0.8911,ai_heavy
5984,8,249,7963.6,10352.7,0.9092,ai_heavy
5985,9,249,7708.6,10021.2,0.9272,ai_heavy
5986,10,249,8076.9,10500.0,0.9441,ai_heavy
5987,11,249,7396.4,9615.3,0.9588,ai_heavy
5988,12,249,8003.1,10404.1,0.9703,ai_heavy
5989,13,249,7244.4,9417.7,0.9775,ai_heavy
5990,14,249,7710.1,10023.2,0.98,ai_heavy
5991,15,249,7513.5,9767.5,0.9775,ai_heavy
5992,16,249,7544.9,9808.4,0.9703,ai_heavy
5993,17,249,7512.3,9766.1,0.9588,ai_heavy
5994,18,249,7399.7,9619.6,0.9441,ai_heavy
5995,19,249,7296.5,9485.5,0.9272,ai_heavy
5996,20,249,7455.8,9692.5,0.9092,ai_heavy
5997,21,249,7555.2,9821.8,0.8911,ai_heavy
5998,22,249,7765.3,10094.8,0.874,ai_heavy
5999,23,249,7546.2,9810.1,0.8584,ai_heavy
6000,0,250,7663.9,9963.0,0.8083,ai_heavy
6001,1,250,7081.8,9206.3,0.812,ai_heavy
6002,2,250,7321.5,9518.0,0.8171,ai_heavy
6003,3,250,7585.9,9861.7,0.8235,ai_heavy
6004,4,250,7516.0,9770.8,0.8314,ai_heavy
6005,5,250,7261.1,9439.4,0.8409,ai_heavy
6006,6,250,7679.3,9983.1,0.8518,ai_heavy
6007,7,250,7368.7,9579.3,0.8638,ai_heavy
6008,8,250,7331.9,9531.4,0.8764,ai_heavy
6009,9,250,7635.8,9926.5,0.889,ai_heavy
6010,10,250,7545.0,9808.6,0.9009,ai_heavy
6011,11,250,7440.5,9672.7,0.9112,ai_heavy
6012,12,250,7444.6,9678.0,0.9192,ai_heavy
6013,13,250,7335.5,9536.1,0.9243,ai_heavy
6014,14,250,7491.3,9738.7,0.926,ai_heavy
6015,15,250,7828.8,10177.4,0.9243,ai_heavy
6016,16,250,7626.6,9914.6,0.9192,ai_heavy
6017,17,250,7776.5,10109.4,0.9112,ai_heavy
6018,18,250,7660.4,9958.6,0.9009,ai_heavy
6019,19,250,7387.6,9603.9,0.889,ai_heavy
6020,20,250,7135.5,9276.2,0.8764,ai_heavy
6021,21,250,7279.8,9463.7,0.8638,ai_heavy
6022,22,250,7319.6,9515.5,0.8518,ai_heavy
6023,23,250,7286.3,9472.2,0.8409,ai_heavy
6024,0,251,7622.7,9909.5,0.8083,ai_heavy
6025,1,251,7626.2,9914.0,0.812,ai_heavy
6026,2,251,7910.1,10283.1,0.8171,ai_heavy
6027,3,251,7257.3,9434.5,0.8235,ai_heavy
6028,4,251,7796.0,10134.7,0.8314,ai_heavy
6029,5,251,7809.5,10152.3,0.8409,ai_heavy
6030,6,251,7418.0,9643.3,0.8518,ai_heavy
6031,7,251,7594.4,9872.7,0.8638,ai_heavy
6032,8,251,7786.4,10122.3,0.8764,ai_heavy
6033,9,251,7512.6,9766.3,0.889,ai_heavy
6034,10,251,7512.8,9766.6,0.9009,ai_heavy
6035,11,251,7416.8,9641.9,0.9112,ai_heavy
6036,12,251,7035.1,9145.6,0.9192,ai_heavy
6037,13,251,7594.7,9873.1,0.9243,ai_heavy
6038,14,251,7419.9,9645.8,0.926,ai_heavy
6039,15,251,7334.2,9534.5,0.9243,ai_heavy
6040,16,251,7667.0,9967.1,0.9192,ai_heavy
6041,17,251,7230.0,9399.0,0.9112,ai_heavy
6042,18,251,7726.1,10043.9,0.9009,ai_heavy
6043,19,251,7635.0,9925.6,0.889,ai_heavy
6044,20,251,7416.8,9641.9,0.8764,ai_heavy
6045,21,251,7473.8,9715.9,0.8638,ai_heavy
6046,22,251,7203.3,9364.3,0.8518,ai_heavy
6047,23,251,7621.5,9907.9,0.8409,ai_heavy
6048,0,252,7451.7,9687.2,0.8118,ai_heavy
6049,1,252,7476.4,9719.3,0.8172,ai_heavy
6050,2,252,7540.7,9802.9,0.8244,ai_heavy
6051,3,252,7299.2,9488.9,0.8335,ai_heavy
6052,4,252,7119.7,9255.6,0.8449,ai_heavy
6053,5,252,7694.8,10003.2,0.8584,ai_heavy
6054,6,252,7658.3,9955.8,0.874,ai_heavy
6055,7,252,7408.1,9630.5,0.8911,ai_heavy
6056,8,252,7648.8,9943.5,0.9092,ai_heavy
6057,9,252,7869.3,10230.1,0.9272,ai_heavy
6058,10,252,7868.4,10228.9,0.9441,ai_heavy
6059,11,252,7501.3,9751.7,0.9588,ai_heavy
6060,12,252,7306.1,9498.0,0.9703,ai_heavy
6061,13,252,7355.9,9562.7,0.9775,ai_heavy
6062,14,252,7590.7,9867.8,0.98,ai_heavy
6063,15,252,7994.6,10392.9,0.9775,ai_heavy
6064,16,252,7480.6,9724.8,0.9703,ai_heavy
6065,17,252,7494.1,9742.3,0.9588,ai_heavy
6066,18,252,7467.7,9708.0,0.9441,ai_heavy
6067,19,252,7462.1,9700.8,0.9272,ai_heavy
6068,20,252,7553.5,9819.6,0.9092,ai_heavy
6069,21,252,7239.9,9411.9,0.8911,ai_heavy
6070,22,252,7747.4,10071.6,0.874,ai_heavy
6071,23,252,7447.5,9681.7,0.8584,ai_heavy
6072,0,253,7961.2,10349.5,0.8118,ai_heavy
6073,1,253,7157.0,9304.0,0.8172,ai_heavy
6074,2,253,7783.2,10118.1,0.8244,ai_heavy
6075,3,253,7753.3,10079.2,0.8335,ai_heavy
6076,4,253,7367.5,9577.8,0.8449,ai_heavy
6077,5,253,7391.3,9608.7,0.8584,ai_heavy
6078,6,253,7295.9,9484.7,0.874,ai_heavy
6079,7,253,7323.5,9520.6,0.8911,ai_heavy
6080,8,253,7555.9,9822.7,0.9092,ai_heavy
6081,9,253,7587.8,9864.2,0.9272,ai_heavy
6082,10,253,7242.8,9415.6,0.9441,ai_heavy
6083,11,253,8076.9,10500.0,0.9588,ai_heavy
6084,12,253,7588.2,9864.6,0.9703,ai_heavy
6085,13,253,7673.7,9975.8,0.9775,ai_heavy
6086,14,253,7518.4,9773.9,0.98,ai_heavy
6087,15,253,7597.2,9876.4,0.9775,ai_heavy
6088,16,253,7565.6,9835.3,0.9703,ai_heavy
6089,17,253,7629.9,9918.9,0.9588,ai_heavy
6090,18,253,7605.2,9886.7,0.9441,ai_heavy
6091,19,253,7766.2,10096.1,0.9272,ai_heavy
6092,20,253,7607.6,9889.9,0.9092,ai_heavy
6093,21,253,7688.1,9994.5,0.8911,ai_heavy
6094,22,253,7501.1,9751.4,0.874,ai_heavy
6095,23,253,7531.9,9791.4,0.8584,ai_heavy
6096,0,254,7356.4,9563.3,0.8118,ai_heavy
6097,1,254,7641.4,9933.8,0.8172,ai_heavy
6098,2,254,7500.7,9751.0,0.8244,ai_heavy
6099,3,254,7407.3,9629.5,0.8335,ai_heavy
6100,4,254,7417.6,9642.9,0.8449,ai_heavy
6101,5,254,7455.5,9692.1,0.8584,ai_heavy
6102,6,254,7510.2,9763.2,0.874,ai_heavy
6103,7,254,7516.3,9771.2,0.8911,ai_heavy
6104,8,254,7429.4,9658.2,0.9092,ai_heavy
6105,9,254,7757.1,10084.2,0.9272,ai_heavy
6106,10,254,7797.5,10136.8,0.9441,ai_heavy
6107,11,254,8038.9,10450.6,0.9588,ai_heavy
6108,12,254,7509.2,9762.0,0.9703,ai_heavy
6109,13,254,7811.7,10155.2,0.9775,ai_heavy
6110,14,254,7223.5,9390.5,0.98,ai_heavy
6111,15,254,7849.1,10203.8,0.9775,ai_heavy
6112,16,254,7313.5,9507.6,0.9703,ai_heavy
6113,17,254,7405.3,9626.8,0.9588,ai_heavy
6114,18,254,7684.3,9989.6,0.9441,ai_heavy
6115,19,254,7441.7,9674.2,0.9272,ai_heavy
6116,20,254,7384.2,9599.4,0.9092,ai_heavy
6117,21,254,7419.5,9645.4,0.8911,ai_heavy
6118,22,254,7667.5,9967.8,0.874,ai_heavy
6119,23,254,7270.6,9451.8,0.8584,ai_heavy
6120,0,255,7398.0,9617.4,0.8118,ai_heavy
6121,1,255,7333.9,9534.0,0.8172,ai_heavy
6122,2,255,7611.6,9895.0,0.8244,ai_heavy
6123,3,255,7631.9,9921.5,0.8335,ai_heavy
6124,4,255,7048.9,9163.6,0.8449,ai_heavy
6125,5,255,7714.5,10028.8,0.8584,ai_heavy
6126,6,255,7365.8,9575.6,0.874,ai_heavy
6127,7,255,7582.4,9857.1,0.8911,ai_heavy
6128,8,255,7343.2,9546.2,0.9092,ai_heavy
6129,9,255,7667.5,9967.8,0.9272,ai_heavy
6130,10,255,8076.9,10500.0,0.9441,ai_heavy
6131,11,255,7659.7,9957.6,0.9588,ai_heavy
6132,12,255,7542.2,9804.9,0.9703,ai_heavy
6133,13,255,7605.2,9886.8,0.9775,ai_heavy
6134,14,255,7324.6,9522.0,0.98,ai_heavy
6135,15,255,7991.5,10388.9,0.9775,ai_heavy
6136,16,255,7719.5,10035.4,0.9703,ai_heavy
6137,17,255,7390.5,9607.6,0.9588,ai_heavy
6138,18,255,7376.5,9589.5,0.9441,ai_heavy
6139,19,255,7586.6,9862.6,0.9272,ai_heavy
6140,20,255,7767.3,10097.5,0.9092,ai_heavy
6141,21,255,7269.0,9449.8,0.8911,ai_heavy
6142,22,255,7753.9,10080.1,0.874,ai_heavy
6143,23,255,7459.4,9697.2,0.8584,ai_heavy
6144,0,256,7203.3,9364.2,0.8118,ai_heavy
6145,1,256,7314.0,9508.3,0.8172,ai_heavy
6146,2,256,7818.5,10164.1,0.8244,ai_heavy
6147,3,256,7132.6,9272.4,0.8335,ai_heavy
6148,4,256,7295.8,9484.6,0.8449,ai_heavy
6149,5,256,7693.7,10001.8,0.8584,ai_heavy
6150,6,256,7552.0,9817.6,0.874,ai_heavy
6151,7,256,7350.3,9555.4,0.8911,ai_heavy
6152,8,256,7774.8,10107.2,0.9092,ai_heavy
6153,9,256,7813.4,10157.4,0.9272,ai_heavy
6154,10,256,7684.1,9989.4,0.9441,ai_heavy
6155,11,256,7490.4,9737.5,0.9588,ai_heavy
6156,12,256,7542.6,9805.3,0.9703,ai_heavy
6157,13,256,7724.0,10041.2,0.9775,ai_heavy
6158,14,256,7360.7,9569.0,0.98,ai_heavy
6159,15,256,7963.7,10352.7,0.9775,ai_heavy
6160,16,256,8037.8,10449.1,0.9703,ai_heavy
6161,17,256,7576.6,9849.5,0.9588,ai_heavy
6162,18,256,7689.8,9996.7,0.9441,ai_heavy
6163,19,256,7852.9,10208.7,0.9272,ai_heavy
6164,20,256,7999.4,10399.2,0.9092,ai_heavy
6165,21,256,7880.7,10244.9,0.8911,ai_heavy
6166,22,256,7112.6,9246.4,0.874,ai_heavy
6167,23,256,7409.2,9631.9,0.8584,ai_heavy
6168,0,257,7516.0,9770.7,0.8083,ai_heavy
6169,1,257,7300.5,9490.7,0.812,ai_heavy
6170,2,257,7814.6,10159.0,0.8171,ai_heavy
6171,3,257,7790.6,10127.8,0.8235,ai_heavy
6172,4,257,7257.3,9434.5,0.8314,ai_heavy
6173,5,257,7417.4,9642.6,0.8409,ai_heavy
6174,6,257,7302.0,9492.6,0.8518,ai_heavy
6175,7,257,7444.2,9677.4,0.8638,ai_heavy
6176,8,257,7456.2,9693.0,0.8764,ai_heavy
6177,9,257,7741.3,10063.7,0.889,ai_heavy
6178,10,257,7342.6,9545.4,0.9009,ai_heavy
6179,11,257,6965.7,9055.4,0.9112,ai_heavy
6180,12,257,7206.6,9368.6,0.9192,ai_heavy
6181,13,257,7344.9,9548.4,0.9243,ai_heavy
6182,14,257,7432.2,9661.8,0.926,ai_heavy
6183,15,257,7621.3,9907.6,0.9243,ai_heavy
6184,16,257,7325.8,9523.6,0.9192,ai_heavy
6185,17,257,7284.5,9469.8,0.9112,ai_heavy
6186,18,257,7333.3,9533.3,0.9009,ai_heavy
6187,19,257,7274.0,9456.2,0.889,ai_heavy
6188,20,257,7382.1,9596.7,0.8764,ai_heavy
6189,21,257,7353.8,9560.0,0.8638,ai_heavy
6190,22,257,7624.4,9911.8,0.8518,ai_heavy
6191,23,257,7232.4,9402.1,0.8409,ai_heavy
6192,0,258,7325.3,9522.9,0.8083,ai_heavy
6193,1,258,7289.2,9476.0,0.812,ai_heavy
6194,2,258,7597.9,9877.3,0.8171,ai_heavy
6195,3,258,7393.1,9611.1,0.8235,ai_heavy
6196,4,258,7673.9,9976.1,0.8314,ai_heavy
6197,5,258,7196.0,9354.8,0.8409,ai_heavy
6198,6,258,7458.9,9696.6,0.8518,ai_heavy
6199,7,258,7358.6,9566.2,0.8638,ai_heavy
6200,8,258,7230.8,9400.1,0.8764,ai_heavy
6201,9,258,7510.6,9763.8,0.889,ai_heavy
6202,10,258,7935.8,10316.6,0.9009,ai_heavy
6203,11,258,7365.7,9575.4,0.9112,ai_heavy
6204,12,258,7542.1,9804.8,0.9192,ai_heavy
6205,13,258,7280.4,9464.5,0.9243,ai_heavy
6206,14,258,7249.4,9424.2,0.926,ai_heavy
6207,15,258,7399.7,9619.6,0.9243,ai_heavy
6208,16,258,7468.9,9709.6,0.9192,ai_heavy
6209,17,258,7467.1,9707.3,0.9112,ai_heavy
6210,18,258,7492.5,9740.2,0.9009,ai_heavy
6211,19,258,7153.7,9299.8,0.889,ai_heavy
6212,20,258,7366.0,9575.8,0.8764,ai_heavy
6213,21,258,7600.7,9880.9,0.8638,ai_heavy
6214,22,258,7165.6,9315.3,0.8518,ai_heavy
6215,23,258,7374.3,9586.5,0.8409,ai_heavy
6216,0,259,7475.2,9717.7,0.8118,ai_heavy
6217,1,259,7244.0,9417.3,0.8172,ai_heavy
6218,2,259,7505.0,9756.5,0.8244,ai_heavy
6219,3,259,7103.0,9233.9,0.8335,ai_heavy
6220,4,259,7658.5,9956.0,0.8449,ai_heavy
6221,5,259,7562.0,9830.7,0.8584,ai_heavy
6222,6,259,7515.8,9770.6,0.874,ai_heavy
6223,7,259,7783.1,10118.0,0.8911,ai_heavy
6224,8,259,7481.4,9725.8,0.9092,ai_heavy
6225,9,259,7442.5,9675.3,0.9272,ai_heavy
6226,10,259,7921.8,10298.3,0.9441,ai_heavy
6227,11,259,8052.0,10467.6,0.9588,ai_heavy
6228,12,259,7488.6,9735.2,0.9703,ai_heavy
6229,13,259,7632.5,9922.2,0.9775,ai_heavy
6230,14,259,7902.5,10273.3,0.98,ai_heavy
6231,15,259,7640.6,9932.8,0.9775,ai_heavy
6232,16,259,7784.1,10119.4,0.9703,ai_heavy
6233,17,259,7809.2,10152.0,0.9588,ai_heavy
6234,18,259,7480.2,9724.2,0.9441,ai_heavy
6235,19,259,7678.5,9982.0,0.9272,ai_heavy
6236,20,259,7554.7,9821.1,0.9092,ai_heavy
6237,21,259,7254.2,9430.4,0.8911,ai_heavy
6238,22,259,7280.5,9464.7,0.874,ai_heavy
6239,23,259,7333.6,9533.6,0.8584,ai_heavy
6240,0,260,7616.5,9901.4,0.8118,ai_heavy
6241,1,260,7632.1,9921.7,0.8172,ai_heavy
6242,2,260,7596.0,9874.8,0.8244,ai_heavy
6243,3,260,7540.9,9803.1,0.8335,ai_heavy
6244,4,260,7552.0,9817.6,0.8449,ai_heavy
6245,5,260,7542.2,9804.9,0.8584,ai_heavy
6246,6,260,7595.1,9873.6,0.874,ai_heavy
6247,7,260,7636.4,9927.3,0.8911,ai_heavy
6248,8,260,7237.7,9409.0,0.9092,ai_heavy
6249,9,260,7403.3,9624.3,0.9272,ai_heavy
6250,10,260,7373.7,9585.7,0.9441,ai_heavy
6251,11,260,7884.0,10249.2,0.9588,ai_heavy
6252,12,260,8027.2,10435.4,0.9703,ai_heavy
6253,13,260,7160.2,9308.3,0.9775,ai_heavy
6254,14,260,8022.0,10428.6,0.98,ai_heavy
6255,15,260,7678.5,9982.1,0.9775,ai_heavy
6256,16,260,7880.1,10244.1,0.9703,ai_heavy
6257,17,260,7746.5,10070.5,0.9588,ai_heavy
6258,18,260,7937.3,10318.5,0.9441,ai_heavy
6259,19,260,7630.8,9920.1,0.9272,ai_heavy
6260,20,260,7247.0,9421.1,0.9092,ai_heavy
6261,21,260,7505.1,9756.7,0.8911,ai_heavy
6262,22,260,7619.4,9905.2,0.874,ai_heavy
6263,23,260,7431.5,9661.0,0.8584,ai_heavy
6264,0,261,7556.3,9823.1,0.8118,ai_heavy
6265,1,261,7403.5,9624.6,0.8172,ai_heavy
6266,2,261,7296.1,9485.0,0.8244,ai_heavy
6267,3,261,7200.1,9360.2,0.8335,ai_heavy
6268,4,261,7371.9,9583.5,0.8449,ai_heavy
6269,5,261,7525.9,9783.6,0.8584,ai_heavy
6270,6,261,7062.3,9180.9,0.874,ai_heavy
6271,7,261,7352.8,9558.7,0.8911,ai_heavy
6272,8,261,7103.5,9234.5,0.9092,ai_heavy
6273,9,261,7442.7,9675.5,0.9272,ai_heavy
6274,10,261,7881.8,10246.3,0.9441,ai_heavy
6275,11,261,7359.1,9566.8,0.9588,ai_heavy
6276,12,261,7809.0,10151.8,0.9703,ai_heavy
6277,13,261,8076.9,10500.0,0.9775,ai_heavy
6278,14,261,7996.4,10395.4,0.98,ai_heavy
6279,15,261,7689.3,9996.0,0.9775,ai_heavy
6280,16,261,7844.7,10198.1,0.9703,ai_heavy
6281,17,261,7317.0,9512.1,0.9588,ai_heavy
6282,18,261,7249.4,9424.2,0.9441,ai_heavy
6283,19,261,7589.6,9866.5,0.9272,ai_heavy
6284,20,261,7646.4,9940.4,0.9092,ai_heavy
6285,21,261,7776.2,10109.1,0.8911,ai_heavy
6286,22,261,7375.3,9587.9,0.874,ai_heavy
6287,23,261,7523.4,9780.4,0.8584,ai_heavy
6288,0,262,7445.4,9679.1,0.8118,ai_heavy
6289,1,262,7388.9,9605.6,0.8172,ai_heavy
6290,2,262,7412.7,9636.5,0.8244,ai_heavy
6291,3,262,7251.8,9427.3,0.8335,ai_heavy
6292,4,262,7522.2,9778.9,0.8449,ai_heavy
6293,5,262,7523.7,9780.9,0.8584,ai_heavy
6294,6,262,7404.3,9625.5,0.874,ai_heavy
6295,7,262,7679.4,9983.2,0.8911,ai_heavy
6296,8,262,7789.1,10125.8,0.9092,ai_heavy
6297,9,262,7737.2,10058.4,0.9272,ai_heavy
6298,10,262,7370.6,9581.7,0.9441,ai_heavy
6299,11,262,7653.4,9949.4,0.9588,ai_heavy
6300,12,262,7438.6,9670.2,0.9703,ai_heavy
6301,13,262,7680.8,9985.0,0.9775,ai_heavy
6302,14,262,7453.7,9689.8,0.98,ai_heavy
6303,15,262,7952.0,10337.6,0.9775,ai_heavy
6304,16,262,7827.4,10175.7,0.9703,ai_heavy
6305,17,262,7894.5,10262.9,0.9588,ai_heavy
6306,18,262,7848.6,10203.1,0.9441,ai_heavy
6307,19,262,7521.5,9778.0,0.9272,ai_heavy
6308,20,262,7459.6,9697.5,0.9092,ai_heavy
6309,21,262,7922.4,10299.1,0.8911,ai_heavy
6310,22,262,7466.1,9706.0,0.874,ai_heavy
6311,23,262,7176.0,9328.8,0.8584,ai_heavy
6312,0,263,7634.0,9924.2,0.8118,ai_heavy
6313,1,263,7450.1,9685.2,0.8172,ai_heavy
6314,2,263,7764.5,10093.8,0.8244,ai_heavy
6315,3,263,7496.9,9745.9,0.8335,ai_heavy
6316,4,263,7455.2,9691.7,0.8449,ai_heavy
6317,5,263,7822.4,10169.2,0.8584,ai_heavy
6318,6,263,7157.0,9304.1,0.874,ai_heavy
6319,7,263,7396.8,9615.8,0.8911,ai_heavy
6320,8,263,7354.9,9561.4,0.9092,ai_heavy
6321,9,263,7083.7,9208.9,0.9272,ai_heavy
6322,10,263,7807.8,10150.2,0.9441,ai_heavy
6323,11,263,7503.0,9753.9,0.9588,ai_heavy
6324,12,263,7855.4,10212.1,0.9703,ai_heavy
6325,13,263,7748.0,10072.4,0.9775,ai_heavy
6326,14,263,7801.9,10142.4,0.98,ai_heavy
6327,15,263,7554.0,9820.1,0.9775,ai_heavy
6328,16,263,7472.4,9714.1,0.9703,ai_heavy
6329,17,263,7651.1,9946.5,0.9588,ai_heavy
6330,18,263,7818.3,10163.8,0.9441,ai_heavy
6331,19,263,7571.6,9843.1,0.9272,ai_heavy
6332,20,263,7397.0,9616.0,0.9092,ai_heavy
6333,21,263,7258.2,9435.7,0.8911,ai_heavy
6334,22,263,7549.3,9814.0,0.874,ai_heavy
6335,23,263,7355.6,9562.3,0.8584,ai_heavy
6336,0,264,7388.8,9605.4,0.8083,ai_heavy
6337,1,264,7357.3,9564.5,0.812,ai_heavy
6338,2,264,7319.0,9514.7,0.8171,ai_heavy
6339,3,264,7493.0,9740.9,0.8235,ai_heavy
6340,4,264,7563.2,9832.1,0.8314,ai_heavy
6341,5,264,7893.1,10261.1,0.8409,ai_heavy
6342,6,264,7639.9,9931.8,0.8518,ai_heavy
6343,7,264,7846.0,10199.8,0.8638,ai_heavy
6344,8,264,7322.6,9519.4,0.8764,ai_heavy
6345,9,264,7164.4,9313.7,0.889,ai_heavy
6346,10,264,7540.4,9802.5,0.9009,ai_heavy
6347,11,264,7753.7,10079.8,0.9112,ai_heavy
6348,12,264,7730.4,10049.5,0.9192,ai_heavy
6349,13,264,7854.1,10210.4,0.9243,ai_heavy
6350,14,264,7004.4,9105.7,0.926,ai_heavy
6351,15,264,7863.6,10222.7,0.9243,ai_heavy
6352,16,264,7647.3,9941.5,0.9192,ai_heavy
6353,17,264,7209.0,9371.6,0.9112,ai_heavy
6354,18,264,7707.4,10019.6,0.9009,ai_heavy
6355,19,264,7564.1,9833.4,0.889,ai_heavy
6356,20,264,7592.8,9870.6,0.8764,ai_heavy
6357,21,264,7712.4,10026.2,0.8638,ai_heavy
6358,22,264,7566.4,9836.4,0.8518,ai_heavy
6359,23,264,7124.3,9261.6,0.8409,ai_heavy
6360,0,265,7373.0,9584.8,0.8083,ai_heavy
6361,1,265,7050.8,9166.0,0.812,ai_heavy
6362,2,265,7562.3,9831.0,0.8171,ai_heavy
6363,3,265,7739.0,10060.7,0.8235,ai_heavy
6364,4,265,7162.4,9311.1,0.8314,ai_heavy
6365,5,265,7303.5,9494.6,0.8409,ai_heavy
6366,6,265,7272.3,9453.9,0.8518,ai_heavy
6367,7,265,7386.0,9601.9,0.8638,ai_heavy
6368,8,265,7599.8,9879.8,0.8764,ai_heavy
6369,9,265,7425.8,9653.6,0.889,ai_heavy
6370,10,265,7691.3,9998.7,0.9009,ai_heavy
6371,11,265,7800.7,10140.9,0.9112,ai_heavy
6372,12,265,7821.3,10167.7,0.9192,ai_heavy
6373,13,265,7324.5,9521.8,0.9243,ai_heavy
6374,14,265,7896.5,10265.5,0.926,ai_heavy
6375,15,265,7912.0,10285.6,0.9243,ai_heavy
6376,16,265,7923.8,10300.9,0.9192,ai_heavy
6377,17,265,7523.3,9780.3,0.9112,ai_heavy
6378,18,265,7373.5,9585.5,0.9009,ai_heavy
6379,19,265,7303.6,9494.7,0.889,ai_heavy
6380,20,265,7258.8,9436.5,0.8764,ai_heavy
6381,21,265,7490.6,9737.8,0.8638,ai_heavy
6382,22,265,7660.0,9958.0,0.8518,ai_heavy
6383,23,265,7745.8,10069.6,0.8409,ai_heavy
6384,0,266,7302.1,9492.7,0.8118,ai_heavy
6385,1,266,7409.5,9632.4,0.8172,ai_heavy
6386,2,266,7405.6,9627.3,0.8244,ai_heavy
6387,3,266,7300.8,9491.0,0.8335,ai_heavy
6388,4,266,7624.3,9911.6,0.8449,ai_heavy
6389,5,266,7561.4,9829.8,0.8584,ai_heavy
6390,6,266,7535.2,9795.8,0.874,ai_heavy
6391,7,266,7609.9,9892.9,0.8911,ai_heavy
6392,8,266,7695.6,10004.3,0.9092,ai_heavy
6393,9,266,7720.8,10037.1,0.9272,ai_heavy
6394,10,266,7417.1,9642.3,0.9441,ai_heavy
6395,11,266,7835.8,10186.5,0.9588,ai_heavy
6396,12,266,7706.3,10018.2,0.9703,ai_heavy
6397,13,266,7558.7,9826.3,0.9775,ai_heavy
6398,14,266,7716.1,10031.0,0.98,ai_heavy
6399,15,266,7737.7,10059.0,0.9775,ai_heavy
6400,16,266,7895.9,10264.7,0.9703,ai_heavy
6401,17,266,7391.1,9608.4,0.9588,ai_heavy
6402,18,266,7910.9,10284.2,0.9441,ai_heavy
6403,19,266,7588.4,9864.9,0.9272,ai_heavy
6404,20,266,7441.3,9673.7,0.9092,ai_heavy
6405,21,266,7407.8,9630.1,0.8911,ai_heavy
6406,22,266,7277.9,9461.3,0.874,ai_heavy
6407,23,266,7089.3,9216.1,0.8584,ai_heavy
6408,0,267,7560.6,9828.8,0.8118,ai_heavy
6409,1,267,7859.0,10216.7,0.8172,ai_heavy
6410,2,267,7068.3,9188.8,0.8244,ai_heavy
6411,3,267,7230.4,9399.5,0.8335,ai_heavy
6412,4,267,7627.8,9916.2,0.8449,ai_heavy
6413,5,267,7469.7,9710.6,0.8584,ai_heavy
6414,6,267,7691.1,9998.5,0.874,ai_heavy
6415,7,267,7506.0,9757.9,0.8911,ai_heavy
6416,8,267,7424.5,9651.8,0.9092,ai_heavy
6417,9,267,7531.7,9791.2,0.9272,ai_heavy
6418,10,267,7064.8,9184.2,0.9441,ai_heavy
6419,11,267,7368.8,9579.5,0.9588,ai_heavy
6420,12,267,7865.3,10224.9,0.9703,ai_heavy
6421,13,267,7932.4,10312.2,0.9775,ai_heavy
6422,14,267,7985.5,10381.2,0.98,ai_heavy
6423,15,267,7759.9,10087.8,0.9775,ai_heavy
6424,16,267,7130.1,9269.1,0.9703,ai_heavy
6425,17,267,7485.2,9730.8,0.9588,ai_heavy
6426,18,267,7910.9,10284.1,0.9441,ai_heavy
6427,19,267,7952.3,10338.0,0.9272,ai_heavy
6428,20,267,7865.0,10224.4,0.9092,ai_heavy
6429,21,267,7475.7,9718.4,0.8911,ai_heavy
6430,22,267,7209.2,9372.0,0.874,ai_heavy
6431,23,267,7470.8,9712.1,0.8584,ai_heavy
6432,0,268,7413.3,9637.3,0.8118,ai_heavy
6433,1,268,7766.5,10096.5,0.8172,ai_heavy
6434,2,268,7479.6,9723.5,0.8244,ai_heavy
6435,3,268,7446.3,9680.2,0.8335,ai_heavy
6436,4,268,7476.1,9718.9,0.8449,ai_heavy
6437,5,268,7569.7,9840.6,0.8584,ai_heavy
6438,6,268,7644.3,9937.6,0.874,ai_heavy
6439,7,268,7365.4,9575.0,0.8911,ai_heavy
6440,8,268,7316.3,9511.2,0.9092,ai_heavy
6441,9,268,7894.9,10263.4,0.9272,ai_heavy
6442,10,268,7233.9,9404.1,0.9441,ai_heavy
6443,11,268,8005.5,10407.1,0.9588,ai_heavy
6444,12,268,7209.3,9372.2,0.9703,ai_heavy
6445,13,268,7524.3,9781.6,0.9775,ai_heavy
6446,14,268,7885.7,10251.4,0.98,ai_heavy
6447,15,268,7658.7,9956.3,0.9775,ai_heavy
6448,16,268,7345.7,9549.4,0.9703,ai_heavy
6449,17,268,7728.2,10046.7,0.9588,ai_heavy
6450,18,268,7623.8,9910.9,0.9441,ai_heavy
6451,19,268,7534.0,9794.1,0.9272,ai_heavy
6452,20,268,7414.6,9639.0,0.9092,ai_heavy
6453,21,268,7521.2,9777.6,0.8911,ai_heavy
6454,22,268,7372.3,9584.0,0.874,ai_heavy
6455,23,268,8026.3,10434.2,0.8584,ai_heavy
6456,0,269,7356.7,9563.7,0.8118,ai_heavy
6457,1,269,7335.0,9535.4,0.8172,ai_heavy
6458,2,269,7308.1,9500.6,0.8244,ai_heavy
6459,3,269,7839.4,10191.2,0.8335,ai_heavy
6460,4,269,7092.8,9220.7,0.8449,ai_heavy
6461,5,269,7560.6,9828.8,0.8584,ai_heavy
6462,6,269,7449.4,9684.3,0.874,ai_heavy
6463,7,269,7207.5,9369.8,0.8911,ai_heavy
6464,8,269,7370.4,9581.5,0.9092,ai_heavy
6465,9,269,7655.2,9951.8,0.9272,ai_heavy
6466,10,269,7411.2,9634.6,0.9441,ai_heavy
6467,11,269,7690.0,9997.0,0.9588,ai_heavy
6468,12,269,8044.4,10457.8,0.9703,ai_heavy
6469,13,269,7697.8,10007.1,0.9775,ai_heavy
6470,14,269,7328.2,9526.6,0.98,ai_heavy
6471,15,269,7464.0,9703.2,0.9775,ai_heavy
6472,16,269,7582.2,9856.9,0.9703,ai_heavy
6473,17,269,7549.9,9814.9,0.9588,ai_heavy
6474,18,269,7643.2,9936.2,0.9441,ai_heavy
6475,19,269,7654.2,9950.4,0.9272,ai_heavy
6476,20,269,7948.4,10332.9,0.9092,ai_heavy
6477,21,269,7528.2,9786.6,0.8911,ai_heavy
6478,22,269,7243.9,9417.1,0.874,ai_heavy
6479,23,269,7738.9,10060.5,0.8584,ai_heavy
6480,0,270,7690.8,9998.1,0.8118,ai_heavy
6481,1,270,7469.9,9710.8,0.8172,ai_heavy
6482,2,270,7373.9,9586.1,0.8244,ai_heavy
6483,3,270,7581.6,9856.1,0.8335,ai_heavy
6484,4,270,7412.4,9636.1,0.8449,ai_heavy
6485,5,270,7018.7,9124.3,0.8584,ai_heavy
6486,6,270,7630.1,9919.2,0.874,ai_heavy
6487,7,270,7730.6,10049.7,0.8911,ai_heavy
6488,8,270,7882.7,10247.6,0.9092,ai_heavy
6489,9,270,7416.9,9641.9,0.9272,ai_heavy
6490,10,270,7660.1,9958.2,0.9441,ai_heavy
6491,11,270,7687.3,9993.5,0.9588,ai_heavy
6492,12,270,7667.3,9967.5,0.9703,ai_heavy
6493,13,270,7685.0,9990.5,0.9775,ai_heavy
6494,14,270,7670.8,9972.1,0.98,ai_heavy
6495,15,270,7707.2,10019.4,0.9775,ai_heavy
6496,16,270,7817.7,10162.9,0.9703,ai_heavy
6497,17,270,7909.9,10282.9,0.9588,ai_heavy
6498,18,270,7435.9,9666.6,0.9441,ai_heavy
6499,19,270,7543.9,9807.1,0.9272,ai_heavy
6500,20,270,7460.3,9698.4,0.9092,ai_heavy
6501,21,270,7401.2,9621.6,0.8911,ai_heavy
6502,22,270,7139.5,9281.4,0.874,ai_heavy
6503,23,270,7485.4,9731.0,0.8584,ai_heavy
6504,0,271,7511.2,9764.6,0.8083,ai_heavy
6505,1,271,7375.9,9588.7,0.812,ai_heavy
6506,2,271,7415.9,9640.7,0.8171,ai_heavy
6507,3,271,7520.8,9777.0,0.8235,ai_heavy
6508,4,271,7754.4,10080.7,0.8314,ai_heavy
6509,5,271,7359.8,9567.7,0.8409,ai_heavy
6510,6,271,7207.4,9369.7,0.8518,ai_heavy
6511,7,271,7467.7,9708.0,0.8638,ai_heavy
6512,8,271,7931.1,10310.5,0.8764,ai_heavy
6513,9,271,7263.8,9442.9,0.889,ai_heavy
6514,10,271,7690.8,9998.0,0.9009,ai_heavy
6515,11,271,7821.7,10168.2,0.9112,ai_heavy
6516,12,271,7033.8,9143.9,0.9192,ai_heavy
6517,13,271,7672.0,9973.6,0.9243,ai_heavy
6518,14,271,7718.5,10034.1,0.926,ai_heavy
6519,15,271,7517.9,9773.3,0.9243,ai_heavy
6520,16,271,7424.3,9651.5,0.9192,ai_heavy
6521,17,271,7425.2,9652.7,0.9112,ai_heavy
6522,18,271,7469.3,9710.1,0.9009,ai_heavy
6523,19,271,7457.7,9695.0,0.889,ai_heavy
6524,20,271,7396.4,9615.3,0.8764,ai_heavy
6525,21,271,7410.6,9633.8,0.8638,ai_heavy
6526,22,271,7736.9,10057.9,0.8518,ai_heavy
6527,23,271,7182.1,9336.7,0.8409,ai_heavy
6528,0,272,7016.2,9121.0,0.8083,ai_heavy
6529,1,272,7678.7,9982.3,0.812,ai_heavy
6530,2,272,7375.2,9587.7,0.8171,ai_heavy
6531,3,272,7341.0,9543.3,0.8235,ai_heavy
6532,4,272,7414.6,9639.0,0.8314,ai_heavy
6533,5,272,7500.5,9750.6,0.8409,ai_heavy
6534,6,272,7352.6,9558.3,0.8518,ai_heavy
6535,7,272,7601.7,9882.2,0.8638,ai_heavy
6536,8,272,7290.2,9477.3,0.8764,ai_heavy
6537,9,272,7457.7,9695.0,0.889,ai_heavy
6538,10,272,7042.4,9155.2,0.9009,ai_heavy
6539,11,272,7824.9,10172.4,0.9112,ai_heavy
6540,12,272,7531.1,9790.4,0.9192,ai_heavy
6541,13,272,7731.1,10050.4,0.9243,ai_heavy
6542,14,272,7689.7,9996.6,0.926,ai_heavy
6543,15,272,7703.7,10014.8,0.9243,ai_heavy
6544,16,272,7569.3,9840.1,0.9192,ai_heavy
6545,17,272,7647.1,9941.3,0.9112,ai_heavy
6546,18,272,7326.1,9523.9,0.9009,ai_heavy
6547,19,272,7261.4,9439.9,0.889,ai_heavy
6548,20,272,7484.2,9729.4,0.8764,ai_heavy
6549,21,272,7335.3,9535.9,0.8638,ai_heavy
6550,22,272,7789.5,10126.3,0.8518,ai_heavy
6551,23,272,7537.6,9798.8,0.8409,ai_heavy
6552,0,273,7250.8,9426.0,0.8118,ai_heavy
6553,1,273,7357.7,9565.0,0.8172,ai_heavy
6554,2,273,7458.5,9696.0,0.8244,ai_heavy
6555,3,273,7427.4,9655.6,0.8335,ai_heavy
6556,4,273,7520.4,9776.6,0.8449,ai_heavy
6557,5,273,7495.4,9744.0,0.8584,ai_heavy
6558,6,273,7190.3,9347.4,0.874,ai_heavy
6559,7,273,7043.2,9156.2,0.8911,ai_heavy
6560,8,273,7471.4,9712.8,0.9092,ai_heavy
6561,9,273,7710.6,10023.8,0.9272,ai_heavy
6562,10,273,7525.8,9783.5,0.9441,ai_heavy
6563,11,273,7913.7,10287.7,0.9588,ai_heavy
6564,12,273,7637.0,9928.0,0.9703,ai_heavy
6565,13,273,7970.4,10361.5,0.9775,ai_heavy
6566,14,273,7927.1,10305.2,0.98,ai_heavy
6567,15,273,7900.1,10270.2,0.9775,ai_heavy
6568,16,273,7371.6,9583.1,0.9703,ai_heavy
6569,17,273,7634.5,9924.9,0.9588,ai_heavy
6570,18,273,7887.6,10253.9,0.9441,ai_heavy
6571,19,273,7645.1,9938.6,0.9272,ai_heavy
6572,20,273,7681.7,9986.3,0.9092,ai_heavy
6573,21,273,7215.5,9380.2,0.8911,ai_heavy
6574,22,273,7935.2,10315.8,0.874,ai_heavy
6575,23,273,7302.4,9493.1,0.8584,ai_heavy
6576,0,274,6966.7,9056.7,0.8118,ai_heavy
6577,1,274,7340.0,9542.0,0.8172,ai_heavy
6578,2,274,6883.4,8948.4,0.8244,ai_heavy
6579,3,274,7200.3,9360.4,0.8335,ai_heavy
6580,4,274,8032.2,10441.9,0.8449,ai_heavy
6581,5,274,7394.7,9613.1,0.8584,ai_heavy
6582,6,274,7181.9,9336.5,0.874,ai_heavy
6583,7,274,7534.7,9795.2,0.8911,ai_heavy
6584,8,274,7352.6,9558.3,0.9092,ai_heavy
6585,9,274,7779.8,10113.7,0.9272,ai_heavy
6586,10,274,7405.5,9627.1,0.9441,ai_heavy
6587,11,274,7692.6,10000.3,0.9588,ai_heavy
6588,12,274,7384.5,9599.9,0.9703,ai_heavy
6589,13,274,8076.9,10500.0,0.9775,ai_heavy
6590,14,274,7778.1,10111.5,0.98,ai_heavy
6591,15,274,7625.2,9912.7,0.9775,ai_heavy
6592,16,274,7580.5,9854.7,0.9703,ai_heavy
6593,17,274,7503.9,9755.0,0.9588,ai_heavy
6594,18,274,7434.8,9665.3,0.9441,ai_heavy
6595,19,274,7403.7,9624.9,0.9272,ai_heavy
6596,20,274,7936.5,10317.5,0.9092,ai_heavy
6597,21,274,7404.2,9625.5,0.8911,ai_heavy
6598,22,274,7024.0,9131.2,0.874,ai_heavy
6599,23,274,7218.3,9383.8,0.8584,ai_heavy
6600,0,275,7616.3,9901.2,0.8118,ai_heavy
6601,1,275,7362.0,9570.6,0.8172,ai_heavy
6602,2,275,7399.0,9618.7,0.8244,ai_heavy
6603,3,275,7703.8,10014.9,0.8335,ai_heavy
6604,4,275,7285.7,9471.4,0.8449,ai_heavy
6605,5,275,7621.9,9908.4,0.8584,ai_heavy
6606,6,275,7353.0,9558.9,0.874,ai_heavy
6607,7,275,7659.1,9956.8,0.8911,ai_heavy
6608,8,275,7467.4,9707.6,0.9092,ai_heavy
6609,9,275,7528.2,9786.6,0.9272,ai_heavy
6610,10,275,7795.7,10134.4,0.9441,ai_heavy
6611,11,275,7801.8,10142.4,0.9588,ai_heavy
6612,12,275,7609.8,9892.7,0.9703,ai_heavy
6613,13,275,7550.2,9815.3,0.9775,ai_heavy
6614,14,275,8029.9,10438.9,0.98,ai_heavy
6615,15,275,7794.0,10132.2,0.9775,ai_heavy
6616,16,275,7558.0,9825.4,0.9703,ai_heavy
6617,17,275,7481.1,9725.4,0.9588,ai_heavy
6618,18,275,7842.4,10195.2,0.9441,ai_heavy
6619,19,275,7609.4,9892.2,0.9272,ai_heavy
6620,20,275,7519.0,9774.7,0.9092,ai_heavy
6621,21,275,7555.0,9821.5,0.8911,ai_heavy
6622,22,275,7579.3,9853.1,0.874,ai_heavy
6623,23,275,7467.2,9707.4,0.8584,ai_heavy
6624,0,276,7677.6,9980.9,0.8118,ai_heavy
6625,1,276,7698.4,10007.9,0.8172,ai_heavy
6626,2,276,7547.4,9811.6,0.8244,ai_heavy
6627,3,276,7749.5,10074.4,0.8335,ai_heavy
6628,4,276,7461.5,9700.0,0.8449,ai_heavy
6629,5,276,7634.9,9925.3,0.8584,ai_heavy
6630,6,276,7729.4,10048.2,0.874,ai_heavy
6631,7,276,7759.2,10086.9,0.8911,ai_heavy
6632,8,276,7763.7,10092.8,0.9092,ai_heavy
6633,9,276,7726.7,10044.7,0.9272,ai_heavy
6634,10,276,8055.2,10471.8,0.9441,ai_heavy
6635,11,276,7507.0,9759.1,0.9588,ai_heavy
6636,12,276,7612.1,9895.7,0.9703,ai_heavy
6637,13,276,7609.3,9892.1,0.9775,ai_heavy
6638,14,276,7577.7,9851.0,0.98,ai_heavy
6639,15,276,7201.6,9362.1,0.9775,ai_heavy
6640,16,276,7963.2,10352.1,0.9703,ai_heavy
6641,17,276,7395.7,9614.4,0.9588,ai_heavy
6642,18,276,7647.3,9941.4,0.9441,ai_heavy
6643,19,276,7259.6,9437.5,0.9272,ai_heavy
6644,20,276,7696.8,10005.8,0.9092,ai_heavy
6645,21,276,7351.6,9557.1,0.8911,ai_heavy
6646,22,276,7247.6,9421.9,0.874,ai_heavy
6647,23,276,7523.6,9780.6,0.8584,ai_heavy
6648,0,277,7254.3,9430.6,0.8118,ai_heavy
6649,1,277,7290.4,9477.5,0.8172,ai_heavy
6650,2,277,7467.1,9707.3,0.8244,ai_heavy
6651,3,277,7621.2,9907.6,0.8335,ai_heavy
6652,4,277,7276.5,9459.4,0.8449,ai_heavy
6653,5,277,7257.5,9434.8,0.8584,ai_heavy
6654,6,277,7508.6,9761.2,0.874,ai_heavy
6655,7,277,7650.8,9946.1,0.8911,ai_heavy
6656,8,277,7887.7,10253.9,0.9092,ai_heavy
6657,9,277,7339.4,9541.2,0.9272,ai_heavy
6658,10,277,7535.9,9796.7,0.9441,ai_heavy
6659,11,277,7899.7,10269.7,0.9588,ai_heavy
6660,12,277,8076.9,10500.0,0.9703,ai_heavy
6661,13,277,7430.4,9659.5,0.9775,ai_heavy
6662,14,277,7492.5,9740.2,0.98,ai_heavy
6663,15,277,7746.1,10070.0,0.9775,ai_heavy
6664,16,277,7515.2,9769.7,0.9703,ai_heavy
6665,17,277,7456.8,9693.8,0.9588,ai_heavy
6666,18,277,7664.3,9963.6,0.9441,ai_heavy
6667,19,277,7935.6,10316.3,0.9272,ai_heavy
6668,20,277,7259.2,9437.0,0.9092,ai_heavy
6669,21,277,7867.4,10227.7,0.8911,ai_heavy
6670,22,277,7373.9,9586.1,0.874,ai_heavy
6671,23,277,7557.6,9824.8,0.8584,ai_heavy
6672,0,278,7758.1,10085.6,0.8083,ai_heavy
6673,1,278,7482.7,9727.5,0.812,ai_heavy
6674,2,278,7351.7,9557.2,0.8171,ai_heavy
6675,3,278,7587.5,9863.8,0.8235,ai_heavy
6676,4,278,7400.8,9621.0,0.8314,ai_heavy
6677,5,278,7570.2,9841.3,0.8409,ai_heavy
6678,6,278,7424.1,9651.4,0.8518,ai_heavy
6679,7,278,7681.5,9985.9,0.8638,ai_heavy
6680,8,278,7192.9,9350.8,0.8764,ai_heavy
6681,9,278,7297.0,9486.1,0.889,ai_heavy
6682,10,278,7224.8,9392.2,0.9009,ai_heavy
6683,11,278,7546.3,9810.2,0.9112,ai_heavy
6684,12,278,7223.7,9390.8,0.9192,ai_heavy
6685,13,278,7421.4,9647.8,0.9243,ai_heavy
6686,14,278,7329.4,9528.2,0.926,ai_heavy
6687,15,278,7915.1,10289.7,0.9243,ai_heavy
6688,16,278,7346.1,9549.9,0.9192,ai_heavy
6689,17,278,7267.3,9447.5,0.9112,ai_heavy
6690,18,278,7599.8,9879.8,0.9009,ai_heavy
6691,19,278,7906.7,10278.7,0.889,ai_heavy
6692,20,278,7480.8,9725.0,0.8764,ai_heavy
6693,21,278,7479.3,9723.1,0.8638,ai_heavy
6694,22,278,7759.3,10087.0,0.8518,ai_heavy
6695,23,278,7650.0,9945.1,0.8409,ai_heavy
6696,0,279,7499.2,9749.0,0.8083,ai_heavy
6697,1,279,7280.9,9465.2,0.812,ai_heavy
6698,2,279,7519.4,9775.2,0.8171,ai_heavy
6699,3,279,7124.3,9261.6,0.8235,ai_heavy
6700,4,279,7300.2,9490.3,0.8314,ai_heavy
6701,5,279,7773.8,10105.9,0.8409,ai_heavy
6702,6,279,7761.8,10090.3,0.8518,ai_heavy
6703,7,279,7586.3,9862.2,0.8638,ai_heavy
6704,8,279,7072.4,9194.2,0.8764,ai_heavy
6705,9,279,7253.1,9429.0,0.889,ai_heavy
6706,10,279,7389.9,9606.8,0.9009,ai_heavy
6707,11,279,7520.2,9776.2,0.9112,ai_heavy
6708,12,279,7287.1,9473.2,0.9192,ai_heavy
6709,13,279,7522.7,9779.5,0.9243,ai_heavy
6710,14,279,7983.3,10378.2,0.926,ai_heavy
6711,15,279,7669.8,9970.8,0.9243,ai_heavy
6712,16,279,7620.8,9907.0,0.9192,ai_heavy
6713,17,279,7328.3,9526.8,0.9112,ai_heavy
6714,18,279,7172.7,9324.5,0.9009,ai_heavy
6715,19,279,7248.6,9423.1,0.889,ai_heavy
6716,20,279,7128.7,9267.3,0.8764,ai_heavy
6717,21,279,7504.9,9756.3,0.8638,ai_heavy
6718,22,279,7556.0,9822.8,0.8518,ai_heavy
6719,23,279,7237.8,9409.2,0.8409,ai_heavy
6720,0,280,7442.9,9675.8,0.8118,ai_heavy
6721,1,280,7745.0,10068.6,0.8172,ai_heavy
6722,2,280,7865.2,10224.7,0.8244,ai_heavy
6723,3,280,7614.6,9899.0,0.8335,ai_heavy
6724,4,280,7420.5,9646.7,0.8449,ai_heavy
6725,5,280,7645.6,9939.3,0.8584,ai_heavy
6726,6,280,7807.6,10149.9,0.874,ai_heavy
6727,7,280,7075.6,9198.3,0.8911,ai_heavy
6728,8,280,7892.0,10259.6,0.9092,ai_heavy
6729,9,280,7459.2,9697.0,0.9272,ai_heavy
6730,10,280,7486.4,9732.3,0.9441,ai_heavy
6731,11,280,7549.3,9814.1,0.9588,ai_heavy
6732,12,280,7721.2,10037.5,0.9703,ai_heavy
6733,13,280,7403.3,9624.2,0.9775,ai_heavy
6734,14,280,7596.8,9875.9,0.98,ai_heavy
6735,15,280,7779.3,10113.1,0.9775,ai_heavy
6736,16,280,7697.9,10007.2,0.9703,ai_heavy
6737,17,280,7717.8,10033.1,0.9588,ai_heavy
6738,18,280,7534.6,9794.9,0.9441,ai_heavy
6739,19,280,7740.9,10063.2,0.9272,ai_heavy
6740,20,280,7795.5,10134.2,0.9092,ai_heavy
6741,21,280,7754.1,10080.3,0.8911,ai_heavy
6742,22,280,7599.6,9879.4,0.874,ai_heavy
6743,23,280,7690.7,9997.8,0.8584,ai_heavy
6744,0,281,7603.7,9884.8,0.8118,ai_heavy
6745,1,281,8013.8,10417.9,0.8172,ai_heavy
6746,2,281,7700.3,10010.4,0.8244,ai_heavy
6747,3,281,7422.8,9649.6,0.8335,ai_heavy
6748,4,281,7255.6,9432.3,0.8449,ai_heavy
6749,5,281,7421.4,9647.8,0.8584,ai_heavy
6750,6,281,7428.6,9657.2,0.874,ai_heavy
6751,7,281,7644.5,9937.9,0.8911,ai_heavy
6752,8,281,7397.3,9616.5,0.9092,ai_heavy
6753,9,281,7854.3,10210.6,0.9272,ai_heavy
6754,10,281,7291.3,9478.7,0.9441,ai_heavy
6755,11,281,7256.9,9433.9,0.9588,ai_heavy
6756,12,281,7616.7,9901.7,0.9703,ai_heavy
6757,13,281,7465.0,9704.5,0.9775,ai_heavy
6758,14,281,7373.1,9585.0,0.98,ai_heavy
6759,15,281,7512.2,9765.9,0.9775,ai_heavy
6760,16,281,7473.0,9714.9,0.9703,ai_heavy
6761,17,281,7632.9,9922.8,0.9588,ai_heavy
6762,18,281,7466.9,9706.9,0.9441,ai_heavy
6763,19,281,7460.5,9698.6,0.9272,ai_heavy
6764,20,281,7555.0,9821.5,0.9092,ai_heavy
6765,21,281,7758.1,10085.5,0.8911,ai_heavy
6766,22,281,7834.4,10184.7,0.874,ai_heavy
6767,23,281,7513.1,9767.1,0.8584,ai_heavy
6768,0,282,7460.2,9698.3,0.8118,ai_heavy
6769,1,282,7377.4,9590.6,0.8172,ai_heavy
6770,2,282,7536.1,9796.9,0.8244,ai_heavy
6771,3,282,7529.7,9788.6,0.8335,ai_heavy
6772,4,282,7756.3,10083.2,0.8449,ai_heavy
6773,5,282,7056.1,9173.0,0.8584,ai_heavy
6774,6,282,7450.5,9685.7,0.874,ai_heavy
6775,7,282,7605.6,9887.3,0.8911,ai_heavy
6776,8,282,7550.1,9815.1,0.9092,ai_heavy
6777,9,282,7369.4,9580.3,0.9272,ai_heavy
6778,10,282,7311.9,9505.5,0.9441,ai_heavy
6779,11,282,7815.2,10159.7,0.9588,ai_heavy
6780,12,282,7474.1,9716.3,0.9703,ai_heavy
6781,13,282,7255.4,9432.0,0.9775,ai_heavy
6782,14,282,7859.2,10217.0,0.98,ai_heavy
6783,15,282,7764.0,10093.2,0.9775,ai_heavy
6784,16,282,7621.1,9907.5,0.9703,ai_heavy
6785,17,282,7421.2,9647.6,0.9588,ai_heavy
6786,18,282,7582.6,9857.4,0.9441,ai_heavy
6787,19,282,7859.6,10217.5,0.9272,ai_heavy
6788,20,282,7190.0,9347.1,0.9092,ai_heavy
6789,21,282,7175.8,9328.5,0.8911,ai_heavy
6790,22,282,7362.0,9570.6,0.874,ai_heavy
6791,23,282,7474.0,9716.2,0.8584,ai_heavy
6792,0,283,7299.7,9489.6,0.8118,ai_heavy
6793,1,283,7561.2,9829.5,0.8172,ai_heavy
6794,2,283,7671.5,9973.0,0.8244,ai_heavy
6795,3,283,7504.8,9756.3,0.8335,ai_heavy
6796,4,283,7585.1,9860.6,0.8449,ai_heavy
6797,5,283,7541.0,9803.3,0.8584,ai_heavy
6798,6,283,7505.4,9757.1,0.874,ai_heavy
6799,7,283,7236.8,9407.9,0.8911,ai_heavy
6800,8,283,7323.0,9520.0,0.9092,ai_heavy
6801,9,283,7275.8,9458.5,0.9272,ai_heavy
6802,10,283,7574.6,9847.0,0.9441,ai_heavy
6803,11,283,7683.8,9988.9,0.9588,ai_heavy
6804,12,283,7315.2,9509.8,0.9703,ai_heavy
6805,13,283,7675.3,9977.8,0.9775,ai_heavy
6806,14,283,7461.1,9699.5,0.98,ai_heavy
6807,15,283,7412.9,9636.8,0.9775,ai_heavy
6808,16,283,7504.2,9755.5,0.9703,ai_heavy
6809,17,283,7374.1,9586.3,0.9588,ai_heavy
6810,18,283,7747.0,10071.1,0.9441,ai_heavy
6811,19,283,7544.9,9808.3,0.9272,ai_heavy
6812,20,283,7740.9,10063.1,0.9092,ai_heavy
6813,21,283,7428.8,9657.5,0.8911,ai_heavy
6814,22,283,7412.0,9635.6,0.874,ai_heavy
6815,23,283,7900.3,10270.5,0.8584,ai_heavy
6816,0,284,7049.2,9164.0,0.8118,ai_heavy
6817,1,284,7704.0,10015.2,0.8172,ai_heavy
6818,2,284,7797.6,10136.9,0.8244,ai_heavy
6819,3,284,7613.6,9897.7,0.8335,ai_heavy
6820,4,284,7385.7,9601.4,0.8449,ai_heavy
6821,5,284,7800.2,10140.2,0.8584,ai_heavy
6822,6,284,7430.9,9660.1,0.874,ai_heavy
6823,7,284,7369.6,9580.5,0.8911,ai_heavy
6824,8,284,7468.1,9708.5,0.9092,ai_heavy
6825,9,284,7453.4,9689.4,0.9272,ai_heavy
6826,10,284,7392.4,9610.2,0.9441,ai_heavy
6827,11,284,7884.7,10250.1,0.9588,ai_heavy
6828,12,284,7470.3,9711.3,0.9703,ai_heavy
6829,13,284,7651.8,9947.3,0.9775,ai_heavy
6830,14,284,7330.4,9529.6,0.98,ai_heavy
6831,15,284,7665.7,9965.4,0.9775,ai_heavy
6832,16,284,7382.5,9597.3,0.9703,ai_heavy
6833,17,284,7360.3,9568.5,0.9588,ai_heavy
6834,18,284,7583.6,9858.6,0.9441,ai_heavy
6835,19,284,7823.6,10170.6,0.9272,ai_heavy
6836,20,284,7655.9,9952.7,0.9092,ai_heavy
6837,21,284,7644.0,9937.2,0.8911,ai_heavy
6838,22,284,7474.1,9716.3,0.874,ai_heavy
6839,23,284,7404.6,9626.0,0.8584,ai_heavy
6840,0,285,7580.5,9854.6,0.8083,ai_heavy
6841,1,285,7285.2,9470.7,0.812,ai_heavy
6842,2,285,7603.6,9884.7,0.8171,ai_heavy
6843,3,285,7702.9,10013.8,0.8235,ai_heavy
6844,4,285,7251.7,9427.1,0.8314,ai_heavy
6845,5,285,7298.4,9487.9,0.8409,ai_heavy
6846,6,285,7347.7,9552.0,0.8518,ai_heavy
6847,7,285,7158.5,9306.0,0.8638,ai_heavy
6848,8,285,7401.2,9621.6,0.8764,ai_heavy
6849,9,285,7819.7,10165.6,0.889,ai_heavy
6850,10,285,7307.0,9499.1,0.9009,ai_heavy
6851,11,285,7859.6,10217.5,0.9112,ai_heavy
6852,12,285,7472.6,9714.4,0.9192,ai_heavy
6853,13,285,8059.4,10477.2,0.9243,ai_heavy
6854,14,285,7426.2,9654.1,0.926,ai_heavy
6855,15,285,7546.0,9809.8,0.9243,ai_heavy
6856,16,285,7364.4,9573.7,0.9192,ai_heavy
6857,17,285,7403.1,9624.1,0.9112,ai_heavy
6858,18,285,7846.5,10200.4,0.9009,ai_heavy
6859,19,285,7633.0,9922.9,0.889,ai_heavy
6860,20,285,7738.6,10060.2,0.8764,ai_heavy
6861,21,285,7192.5,9350.2,0.8638,ai_heavy
6862,22,285,7616.8,9901.8,0.8518,ai_heavy
6863,23,285,7236.4,9407.4,0.8409,ai_heavy
6864,0,286,7107.7,9240.0,0.8083,ai_heavy
6865,1,286,7463.5,9702.5,0.812,ai_heavy
6866,2,286,7468.7,9709.4,0.8171,ai_heavy
6867,3,286,7439.4,9671.2,0.8235,ai_heavy
6868,4,286,7599.6,9879.5,0.8314,ai_heavy
6869,5,286,7649.0,9943.7,0.8409,ai_heavy
6870,6,286,7799.4,10139.2,0.8518,ai_heavy
6871,7,286,7220.6,9386.8,0.8638,ai_heavy
6872,8,286,7845.2,10198.8,0.8764,ai_heavy
6873,9,286,7950.8,10336.1,0.889,ai_heavy
6874,10,286,7460.8,9699.0,0.9009,ai_heavy
6875,11,286,7180.7,9334.9,0.9112,ai_heavy
6876,12,286,7256.9,9433.9,0.9192,ai_heavy
6877,13,286,7473.7,9715.8,0.9243,ai_heavy
6878,14,286,8039.4,10451.2,0.926,ai_heavy
6879,15,286,7582.6,9857.4,0.9243,ai_heavy
6880,16,286,7430.9,9660.2,0.9192,ai_heavy
6881,17,286,7403.7,9624.8,0.9112,ai_heavy
6882,18,286,7244.3,9417.6,0.9009,ai_heavy
6883,19,286,7723.3,10040.3,0.889,ai_heavy
6884,20,286,7486.2,9732.1,0.8764,ai_heavy
6885,21,286,7959.7,10347.6,0.8638,ai_heavy
6886,22,286,7610.8,9894.0,0.8518,ai_heavy
6887,23,286,7639.2,9931.0,0.8409,ai_heavy
6888,0,287,7356.2,9563.1,0.8118,ai_heavy
6889,1,287,7175.3,9327.9,0.8172,ai_heavy
6890,2,287,7234.2,9404.4,0.8244,ai_heavy
6891,3,287,7136.9,9277.9,0.8335,ai_heavy
6892,4,287,7663.4,9962.4,0.8449,ai_heavy
6893,5,287,7393.6,9611.7,0.8584,ai_heavy
6894,6,287,7717.7,10033.0,0.874,ai_heavy
6895,7,287,7559.7,9827.6,0.8911,ai_heavy
6896,8,287,7489.7,9736.6,0.9092,ai_heavy
6897,9,287,7317.0,9512.1,0.9272,ai_heavy
6898,10,287,7677.4,9980.6,0.9441,ai_heavy
6899,11,287,7580.5,9854.7,0.9588,ai_heavy
6900,12,287,7854.7,10211.1,0.9703,ai_heavy
6901,13,287,7494.2,9742.5,0.9775,ai_heavy
6902,14,287,7803.9,10145.1,0.98,ai_heavy
6903,15,287,8035.6,10446.3,0.9775,ai_heavy
6904,16,287,7710.2,10023.3,0.9703,ai_heavy
6905,17,287,7810.3,10153.5,0.9588,ai_heavy
6906,18,287,7739.0,10060.8,0.9441,ai_heavy
6907,19,287,8014.9,10419.4,0.9272,ai_heavy
6908,20,287,7640.3,9932.4,0.9092,ai_heavy
6909,21,287,7687.1,9993.3,0.8911,ai_heavy
6910,22,287,7495.1,9743.7,0.874,ai_heavy
6911,23,287,7306.2,9498.0,0.8584,ai_heavy
6912,0,288,7141.5,9283.9,0.8118,ai_heavy
6913,1,288,7700.1,10010.1,0.8172,ai_heavy
6914,2,288,7204.1,9365.4,0.8244,ai_heavy
6915,3,288,7609.1,9891.9,0.8335,ai_heavy
6916,4,288,7552.7,9818.6,0.8449,ai_heavy
6917,5,288,7685.9,9991.7,0.8584,ai_heavy
6918,6,288,7387.4,9603.7,0.874,ai_heavy
6919,7,288,7350.4,9555.5,0.8911,ai_heavy
6920,8,288,7641.8,9934.4,0.9092,ai_heavy
6921,9,288,7516.6,9771.6,0.9272,ai_heavy
6922,10,288,7327.5,9525.8,0.9441,ai_heavy
6923,11,288,8074.3,10496.6,0.9588,ai_heavy
6924,12,288,7466.1,9706.0,0.9703,ai_heavy
6925,13,288,7430.3,9659.4,0.9775,ai_heavy
6926,14,288,7606.6,9888.6,0.98,ai_heavy
6927,15,288,7946.4,10330.4,0.9775,ai_heavy
6928,16,288,7150.6,9295.8,0.9703,ai_heavy
6929,17,288,7898.4,10267.9,0.9588,ai_heavy
6930,18,288,7400.5,9620.6,0.9441,ai_heavy
6931,19,288,7643.3,9936.3,0.9272,ai_heavy
6932,20,288,7402.8,9623.7,0.9092,ai_heavy
6933,21,288,7978.9,10372.6,0.8911,ai_heavy
6934,22,288,7531.4,9790.8,0.874,ai_heavy
6935,23,288,7321.1,9517.4,0.8584,ai_heavy
6936,0,289,7343.1,9546.1,0.8118,ai_heavy
6937,1,289,7438.1,9669.5,0.8172,ai_heavy
6938,2,289,7468.4,9709.0,0.8244,ai_heavy
6939,3,289,7540.6,9802.7,0.8335,ai_heavy
6940,4,289,7459.3,9697.1,0.8449,ai_heavy
6941,5,289,7170.9,9322.2,0.8584,ai_heavy
6942,6,289,7426.7,9654.7,0.874,ai_heavy
6943,7,289,7666.0,9965.9,0.8911,ai_heavy
6944,8,289,7404.2,9625.5,0.9092,ai_heavy
6945,9,289,7736.2,10057.0,0.9272,ai_heavy
6946,10,289,7615.7,9900.5,0.9441,ai_heavy
6947,11,289,7580.7,9855.0,0.9588,ai_heavy
6948,12,289,7921.7,10298.2,0.9703,ai_heavy
6949,13,289,7259.2,9437.0,0.9775,ai_heavy
6950,14,289,7507.1,9759.2,0.98,ai_heavy
6951,15,289,7941.7,10324.3,0.9775,ai_heavy
6952,16,289,8067.6,10487.9,0.9703,ai_heavy
6953,17,289,8076.9,10500.0,0.9588,ai_heavy
6954,18,289,7620.0,9906.0,0.9441,ai_heavy
6955,19,289,7687.3,9993.5,0.9272,ai_heavy
6956,20,289,7741.4,10063.8,0.9092,ai_heavy
6957,21,289,7817.0,10162.1,0.8911,ai_heavy
6958,22,289,7573.8,9845.9,0.874,ai_heavy
6959,23,289,7687.8,9994.1,0.8584,ai_heavy
6960,0,290,7512.3,9765.9,0.8118,ai_heavy
6961,1,290,7534.3,9794.7,0.8172,ai_heavy
6962,2,290,7224.2,9391.4,0.8244,ai_heavy
6963,3,290,7369.1,9579.8,0.8335,ai_heavy
6964,4,290,7342.6,9545.4,0.8449,ai_heavy
6965,5,290,7213.2,9377.1,0.8584,ai_heavy
6966,6,290,7131.5,9271.0,0.874,ai_heavy
6967,7,290,7433.3,9663.3,0.8911,ai_heavy
6968,8,290,7496.3,9745.1,0.9092,ai_heavy
6969,9,290,7607.0,9889.1,0.9272,ai_heavy
6970,10,290,7735.4,10056.0,0.9441,ai_heavy
6971,11,290,7673.6,9975.7,0.9588,ai_heavy
6972,12,290,7588.8,9865.4,0.9703,ai_heavy
6973,13,290,7448.3,9682.8,0.9775,ai_heavy
6974,14,290,7863.9,10223.1,0.98,ai_heavy
6975,15,290,7635.2,9925.7,0.9775,ai_heavy
6976,16,290,7548.2,9812.6,0.9703,ai_heavy
6977,17,290,7587.9,9864.3,0.9588,ai_heavy
6978,18,290,7441.3,9673.6,0.9441,ai_heavy
6979,19,290,7462.4,9701.1,0.9272,ai_heavy
6980,20,290,7428.6,9657.1,0.9092,ai_heavy
6981,21,290,7464.1,9703.4,0.8911,ai_heavy
6982,22,290,7650.9,9946.2,0.874,ai_heavy
6983,23,290,7571.3,9842.7,0.8584,ai_heavy
6984,0,291,7753.9,10080.1,0.8118,ai_heavy
6985,1,291,7687.8,9994.1,0.8172,ai_heavy
6986,2,291,7864.9,10224.3,0.8244,ai_heavy
6987,3,291,7567.4,9837.7,0.8335,ai_heavy
6988,4,291,7581.2,9855.5,0.8449,ai_heavy
6989,5,291,7370.6,9581.8,0.8584,ai_heavy
6990,6,291,7689.2,9996.0,0.874,ai_heavy
6991,7,291,7380.8,9595.1,0.8911,ai_heavy
6992,8,291,7222.7,9389.6,0.9092,ai_heavy
6993,9,291,7930.3,10309.4,0.9272,ai_heavy
6994,10,291,7323.4,9520.4,0.9441,ai_heavy
6995,11,291,7731.0,10050.4,0.9588,ai_heavy
6996,12,291,7445.7,9679.5,0.9703,ai_heavy
6997,13,291,7917.4,10292.7,0.9775,ai_heavy
6998,14,291,7952.6,10338.4,0.98,ai_heavy
6999,15,291,7780.2,10114.2,0.9775,ai_heavy
7000,16,291,7933.7,10313.8,0.9703,ai_heavy
7001,17,291,7632.3,9921.9,0.9588,ai_heavy
7002,18,291,8076.9,10500.0,0.9441,ai_heavy
7003,19,291,7752.9,10078.7,0.9272,ai_heavy
7004,20,291,7351.9,9557.5,0.9092,ai_heavy
7005,21,291,7544.7,9808.2,0.8911,ai_heavy
7006,22,291,7469.0,9709.7,0.874,ai_heavy
7007,23,291,7423.8,9650.9,0.8584,ai_heavy
7008,0,292,7036.6,9147.6,0.8083,ai_heavy
7009,1,292,7496.4,9745.3,0.812,ai_heavy
7010,2,292,7109.5,9242.4,0.8171,ai_heavy
7011,3,292,6864.8,8924.2,0.8235,ai_heavy
7012,4,292,7362.7,9571.5,0.8314,ai_heavy
7013,5,292,7284.6,9470.0,0.8409,ai_heavy
7014,6,292,7276.9,9460.0,0.8518,ai_heavy
7015,7,292,6790.9,8828.2,0.8638,ai_heavy
7016,8,292,7315.3,9509.9,0.8764,ai_heavy
7017,9,292,7486.7,9732.7,0.889,ai_heavy
7018,10,292,7400.1,9620.2,0.9009,ai_heavy
7019,11,292,7646.9,9941.0,0.9112,ai_heavy
7020,12,292,7887.4,10253.6,0.9192,ai_heavy
7021,13,292,7696.1,10004.9,0.9243,ai_heavy
7022,14,292,7814.8,10159.2,0.926,ai_heavy
7023,15,292,7830.9,10180.1,0.9243,ai_heavy
7024,16,292,7339.7,9541.6,0.9192,ai_heavy
7025,17,292,7658.7,9956.3,0.9112,ai_heavy
7026,18,292,7768.9,10099.5,0.9009,ai_heavy
7027,19,292,7427.4,9655.7,0.889,ai_heavy
7028,20,292,7328.9,9527.6,0.8764,ai_heavy
7029,21,292,7607.2,9889.3,0.8638,ai_heavy
7030,22,292,7138.0,9279.4,0.8518,ai_heavy
7031,23,292,7210.4,9373.5,0.8409,ai_heavy
7032,0,293,7256.6,9433.6,0.8083,ai_heavy
7033,1,293,7510.5,9763.7,0.812,ai_heavy
7034,2,293,7466.6,9706.6,0.8171,ai_heavy
7035,3,293,7657.6,9954.8,0.8235,ai_heavy
7036,4,293,7233.7,9403.8,0.8314,ai_heavy
7037,5,293,7235.5,9406.2,0.8409,ai_heavy
7038,6,293,7587.4,9863.6,0.8518,ai_heavy
7039,7,293,7308.6,9501.2,0.8638,ai_heavy
7040,8,293,7371.0,9582.3,0.8764,ai_heavy
7041,9,293,7106.7,9238.6,0.889,ai_heavy
7042,10,293,7609.5,9892.3,0.9009,ai_heavy
7043,11,293,7908.6,10281.2,0.9112,ai_heavy
7044,12,293,7337.3,9538.5,0.9192,ai_heavy
7045,13,293,7811.0,10154.3,0.9243,ai_heavy
7046,14,293,7567.8,9838.1,0.926,ai_heavy
7047,15,293,7177.3,9330.5,0.9243,ai_heavy
7048,16,293,7367.9,9578.2,0.9192,ai_heavy
7049,17,293,7342.2,9544.9,0.9112,ai_heavy
7050,18,293,7472.0,9713.6,0.9009,ai_heavy
7051,19,293,7620.6,9906.8,0.889,ai_heavy
7052,20,293,7923.3,10300.3,0.8764,ai_heavy
7053,21,293,7166.5,9316.5,0.8638,ai_heavy
7054,22,293,7361.4,9569.8,0.8518,ai_heavy
7055,23,293,7253.3,9429.3,0.8409,ai_heavy
7056,0,294,7128.2,9266.6,0.8118,ai_heavy
7057,1,294,7439.4,9671.2,0.8172,ai_heavy
7058,2,294,7429.2,9657.9,0.8244,ai_heavy
7059,3,294,7037.6,9148.9,0.8335,ai_heavy
7060,4,294,7463.7,9702.8,0.8449,ai_heavy
7061,5,294,7209.5,9372.3,0.8584,ai_heavy
7062,6,294,7506.0,9757.8,0.874,ai_heavy
7063,7,294,7815.8,10160.5,0.8911,ai_heavy
7064,8,294,7661.0,9959.4,0.9092,ai_heavy
7065,9,294,7623.5,9910.5,0.9272,ai_heavy
7066,10,294,7487.8,9734.2,0.9441,ai_heavy
7067,11,294,7645.9,9939.7,0.9588,ai_heavy
7068,12,294,7776.9,10110.0,0.9703,ai_heavy
7069,13,294,7765.2,10094.8,0.9775,ai_heavy
7070,14,294,7639.5,9931.4,0.98,ai_heavy
7071,15,294,7708.5,10021.1,0.9775,ai_heavy
7072,16,294,7345.7,9549.4,0.9703,ai_heavy
7073,17,294,7462.5,9701.2,0.9588,ai_heavy
7074,18,294,7770.0,10101.0,0.9441,ai_heavy
7075,19,294,7774.7,10107.1,0.9272,ai_heavy
7076,20,294,7577.3,9850.5,0.9092,ai_heavy
7077,21,294,7863.1,10222.0,0.8911,ai_heavy
7078,22,294,7617.7,9903.0,0.874,ai_heavy
7079,23,294,7427.7,9655.9,0.8584,ai_heavy
7080,0,295,7138.9,9280.6,0.8118,ai_heavy
7081,1,295,7738.3,10059.8,0.8172,ai_heavy
7082,2,295,7600.5,9880.7,0.8244,ai_heavy
7083,3,295,7844.1,10197.4,0.8335,ai_heavy
7084,4,295,7944.5,10327.9,0.8449,ai_heavy
7085,5,295,7191.2,9348.5,0.8584,ai_heavy
7086,6,295,7214.2,9378.5,0.874,ai_heavy
7087,7,295,6882.3,8947.0,0.8911,ai_heavy
7088,8,295,7764.2,10093.5,0.9092,ai_heavy
7089,9,295,7732.4,10052.2,0.9272,ai_heavy
7090,10,295,7630.8,9920.1,0.9441,ai_heavy
7091,11,295,7349.9,9554.9,0.9588,ai_heavy
7092,12,295,7627.3,9915.5,0.9703,ai_heavy
7093,13,295,7701.0,10011.3,0.9775,ai_heavy
7094,14,295,7842.2,10194.9,0.98,ai_heavy
7095,15,295,7721.3,10037.7,0.9775,ai_heavy
7096,16,295,7800.0,10140.0,0.9703,ai_heavy
7097,17,295,7602.2,9882.8,0.9588,ai_heavy
7098,18,295,7878.2,10241.6,0.9441,ai_heavy
7099,19,295,7726.8,10044.9,0.9272,ai_heavy
7100,20,295,7287.0,9473.1,0.9092,ai_heavy
7101,21,295,7842.8,10195.6,0.8911,ai_heavy
7102,22,295,7779.2,10112.9,0.874,ai_heavy
7103,23,295,7584.4,9859.7,0.8584,ai_heavy
7104,0,296,7472.5,9714.2,0.8118,ai_heavy
7105,1,296,7787.2,10123.4,0.8172,ai_heavy
7106,2,296,7064.8,9184.3,0.8244,ai_heavy
7107,3,296,7719.7,10035.7,0.8335,ai_heavy
7108,4,296,7353.1,9559.0,0.8449,ai_heavy
7109,5,296,7725.7,10043.4,0.8584,ai_heavy
7110,6,296,7530.4,9789.5,0.874,ai_heavy
7111,7,296,7248.3,9422.8,0.8911,ai_heavy
7112,8,296,7443.5,9676.6,0.9092,ai_heavy
7113,9,296,7815.5,10160.2,0.9272,ai_heavy
7114,10,296,7560.5,9828.7,0.9441,ai_heavy
7115,11,296,7488.3,9734.8,0.9588,ai_heavy
7116,12,296,7503.6,9754.7,0.9703,ai_heavy
7117,13,296,7806.1,10148.0,0.9775,ai_heavy
7118,14,296,8064.7,10484.1,0.98,ai_heavy
7119,15,296,7166.7,9316.7,0.9775,ai_heavy
7120,16,296,8076.9,10500.0,0.9703,ai_heavy
7121,17,296,7677.2,9980.4,0.9588,ai_heavy
7122,18,296,7740.9,10063.2,0.9441,ai_heavy
7123,19,296,7483.9,9729.0,0.9272,ai_heavy
7124,20,296,7555.3,9821.9,0.9092,ai_heavy
7125,21,296,7572.5,9844.3,0.8911,ai_heavy
7126,22,296,7267.2,9447.3,0.874,ai_heavy
7127,23,296,7299.2,9488.9,0.8584,ai_heavy
7128,0,297,7673.4,9975.4,0.8118,ai_heavy
7129,1,297,7072.7,9194.5,0.8172,ai_heavy
7130,2,297,7527.1,9785.3,0.8244,ai_heavy
7131,3,297,7359.9,9567.8,0.8335,ai_heavy
7132,4,297,7244.6,9418.0,0.8449,ai_heavy
7133,5,297,7922.5,10299.2,0.8584,ai_heavy
7134,6,297,7288.5,9475.0,0.874,ai_heavy
7135,7,297,7273.8,9455.9,0.8911,ai_heavy
7136,8,297,7513.7,9767.8,0.9092,ai_heavy
7137,9,297,7408.3,9630.7,0.9272,ai_heavy
7138,10,297,7610.0,9893.0,0.9441,ai_heavy
7139,11,297,7666.2,9966.0,0.9588,ai_heavy
7140,12,297,7701.6,10012.0,0.9703,ai_heavy
7141,13,297,7630.1,9919.2,0.9775,ai_heavy
7142,14,297,7500.9,9751.2,0.98,ai_heavy
7143,15,297,7806.4,10148.3,0.9775,ai_heavy
7144,16,297,7622.1,9908.7,0.9703,ai_heavy
7145,17,297,7517.1,9772.3,0.9588,ai_heavy
7146,18,297,7946.3,10330.2,0.9441,ai_heavy
7147,19,297,7555.5,9822.2,0.9272,ai_heavy
7148,20,297,7803.6,10144.7,0.9092,ai_heavy
7149,21,297,7806.1,10148.0,0.8911,ai_heavy
7150,22,297,7793.2,10131.1,0.874,ai_heavy
7151,23,297,7635.1,9925.6,0.8584,ai_heavy
7152,0,298,7409.9,9632.9,0.8118,ai_heavy
7153,1,298,7403.9,9625.0,0.8172,ai_heavy
7154,2,298,7374.4,9586.8,0.8244,ai_heavy
7155,3,298,6958.8,9046.4,0.8335,ai_heavy
7156,4,298,7620.5,9906.6,0.8449,ai_heavy
7157,5,298,7534.8,9795.3,0.8584,ai_heavy
7158,6,298,7689.1,9995.9,0.874,ai_heavy
7159,7,298,7502.6,9753.4,0.8911,ai_heavy
7160,8,298,7706.8,10018.8,0.9092,ai_heavy
7161,9,298,7269.7,9450.6,0.9272,ai_heavy
7162,10,298,7341.6,9544.1,0.9441,ai_heavy
7163,11,298,7063.7,9182.9,0.9588,ai_heavy
7164,12,298,7616.9,9902.0,0.9703,ai_heavy
7165,13,298,7481.1,9725.4,0.9775,ai_heavy
7166,14,298,7454.6,9691.0,0.98,ai_heavy
7167,15,298,7735.5,10056.1,0.9775,ai_heavy
7168,16,298,7550.1,9815.1,0.9703,ai_heavy
7169,17,298,7302.5,9493.3,0.9588,ai_heavy
7170,18,298,8076.9,10500.0,0.9441,ai_heavy
7171,19,298,7574.7,9847.1,0.9272,ai_heavy
7172,20,298,7310.5,9503.7,0.9092,ai_heavy
7173,21,298,7377.7,9591.0,0.8911,ai_heavy
7174,22,298,7464.3,9703.6,0.874,ai_heavy
7175,23,298,7440.6,9672.8,0.8584,ai_heavy
7176,0,299,7694.0,10002.2,0.8083,ai_heavy
7177,1,299,7392.7,9610.5,0.812,ai_heavy
7178,2,299,7830.7,10180.0,0.8171,ai_heavy
7179,3,299,7331.2,9530.5,0.8235,ai_heavy
7180,4,299,7534.6,9795.0,0.8314,ai_heavy
7181,5,299,7682.2,9986.8,0.8409,ai_heavy
7182,6,299,7737.8,10059.2,0.8518,ai_heavy
7183,7,299,7782.7,10117.5,0.8638,ai_heavy
7184,8,299,7445.7,9679.4,0.8764,ai_heavy
7185,9,299,7524.6,9782.0,0.889,ai_heavy
7186,10,299,6982.5,9077.3,0.9009,ai_heavy
7187,11,299,7514.6,9769.0,0.9112,ai_heavy
7188,12,299,7819.0,10164.6,0.9192,ai_heavy
7189,13,299,7782.6,10117.4,0.9243,ai_heavy
7190,14,299,7561.6,9830.1,0.926,ai_heavy
7191,15,299,7965.0,10354.5,0.9243,ai_heavy
7192,16,299,7483.9,9729.0,0.9192,ai_heavy
7193,17,299,7396.7,9615.7,0.9112,ai_heavy
7194,18,299,7437.7,9669.0,0.9009,ai_heavy
7195,19,299,7272.4,9454.2,0.889,ai_heavy
7196,20,299,7647.1,9941.2,0.8764,ai_heavy
7197,21,299,7552.8,9818.7,0.8638,ai_heavy
7198,22,299,7606.7,9888.7,0.8518,ai_heavy
7199,23,299,7361.0,9569.3,0.8409,ai_heavy
7200,0,300,7391.8,9609.4,0.8083,ai_heavy
7201,1,300,6926.1,9003.9,0.812,ai_heavy
7202,2,300,7501.6,9752.1,0.8171,ai_heavy
7203,3,300,7449.5,9684.4,0.8235,ai_heavy
7204,4,300,7193.8,9352.0,0.8314,ai_heavy
7205,5,300,7430.3,9659.3,0.8409,ai_heavy
7206,6,300,7412.2,9635.9,0.8518,ai_heavy
7207,7,300,7884.3,10249.6,0.8638,ai_heavy
7208,8,300,7268.0,9448.4,0.8764,ai_heavy
7209,9,300,7600.7,9880.9,0.889,ai_heavy
7210,10,300,7296.8,9485.8,0.9009,ai_heavy
7211,11,300,7432.6,9662.4,0.9112,ai_heavy
7212,12,300,7634.0,9924.2,0.9192,ai_heavy
7213,13,300,7530.6,9789.8,0.9243,ai_heavy
7214,14,300,7579.9,9853.9,0.926,ai_heavy
7215,15,300,7654.3,9950.7,0.9243,ai_heavy
7216,16,300,7459.0,9696.6,0.9192,ai_heavy
7217,17,300,7759.6,10087.5,0.9112,ai_heavy
7218,18,300,7474.5,9716.9,0.9009,ai_heavy
7219,19,300,7503.8,9755.0,0.889,ai_heavy
7220,20,300,7588.3,9864.8,0.8764,ai_heavy
7221,21,300,7539.0,9800.7,0.8638,ai_heavy
7222,22,300,7614.4,9898.7,0.8518,ai_heavy
7223,23,300,7524.5,9781.9,0.8409,ai_heavy
7224,0,301,7514.3,9768.6,0.8118,ai_heavy
7225,1,301,7345.7,9549.4,0.8172,ai_heavy
7226,2,301,7190.7,9347.9,0.8244,ai_heavy
7227,3,301,7123.8,9261.0,0.8335,ai_heavy
7228,4,301,7085.7,9211.5,0.8449,ai_heavy
7229,5,301,7875.5,10238.2,0.8584,ai_heavy
7230,6,301,7005.2,9106.8,0.874,ai_heavy
7231,7,301,7798.6,10138.2,0.8911,ai_heavy
7232,8,301,7370.0,9581.0,0.9092,ai_heavy
7233,9,301,7853.0,10208.9,0.9272,ai_heavy
7234,10,301,7105.8,9237.5,0.9441,ai_heavy
7235,11,301,7576.8,9849.8,0.9588,ai_heavy
7236,12,301,7981.3,10375.7,0.9703,ai_heavy
7237,13,301,7822.4,10169.2,0.9775,ai_heavy
7238,14,301,7584.8,9860.2,0.98,ai_heavy
7239,15,301,7212.2,9375.8,0.9775,ai_heavy
7240,16,301,7344.3,9547.6,0.9703,ai_heavy
7241,17,301,7948.6,10333.2,0.9588,ai_heavy
7242,18,301,7529.0,9787.7,0.9441,ai_heavy
7243,19,301,7566.8,9836.8,0.9272,ai_heavy
7244,20,301,7620.3,9906.4,0.9092,ai_heavy
7245,21,301,7234.7,9405.2,0.8911,ai_heavy
7246,22,301,7595.0,9873.5,0.874,ai_heavy
7247,23,301,7385.8,9601.5,0.8584,ai_heavy
7248,0,302,7475.3,9717.9,0.8118,ai_heavy
7249,1,302,7289.5,9476.3,0.8172,ai_heavy
7250,2,302,7078.3,9201.7,0.8244,ai_heavy
7251,3,302,7347.2,9551.3,0.8335,ai_heavy
7252,4,302,7603.0,9883.9,0.8449,ai_heavy
7253,5,302,7568.4,9838.9,0.8584,ai_heavy
7254,6,302,7510.3,9763.4,0.874,ai_heavy
7255,7,302,7731.9,10051.4,0.8911,ai_heavy
7256,8,302,7509.9,9762.9,0.9092,ai_heavy
7257,9,302,7595.9,9874.7,0.9272,ai_heavy
7258,10,302,7499.0,9748.7,0.9441,ai_heavy
7259,11,302,7849.6,10204.4,0.9588,ai_heavy
7260,12,302,7714.6,10029.0,0.9703,ai_heavy
7261,13,302,7530.6,9789.8,0.9775,ai_heavy
7262,14,302,7320.0,9516.0,0.98,ai_heavy
7263,15,302,7912.5,10286.2,0.9775,ai_heavy
7264,16,302,7477.0,9720.1,0.9703,ai_heavy
7265,17,302,7647.1,9941.2,0.9588,ai_heavy
7266,18,302,8076.9,10500.0,0.9441,ai_heavy
7267,19,302,7765.4,10095.1,0.9272,ai_heavy
7268,20,302,7921.3,10297.7,0.9092,ai_heavy
7269,21,302,7407.5,9629.7,0.8911,ai_heavy
7270,22,302,7744.4,10067.7,0.874,ai_heavy
7271,23,302,7485.9,9731.7,0.8584,ai_heavy
7272,0,303,7491.4,9738.8,0.8118,ai_heavy
7273,1,303,7867.9,10228.2,0.8172,ai_heavy
7274,2,303,7366.7,9576.8,0.8244,ai_heavy
7275,3,303,7446.9,9681.0,0.8335,ai_heavy
7276,4,303,7257.5,9434.8,0.8449,ai_heavy
7277,5,303,7679.3,9983.1,0.8584,ai_heavy
7278,6,303,7377.1,9590.2,0.874,ai_heavy
7279,7,303,7760.0,10088.0,0.8911,ai_heavy
7280,8,303,7182.1,9336.7,0.9092,ai_heavy
7281,9,303,7707.9,10020.3,0.9272,ai_heavy
7282,10,303,7461.6,9700.1,0.9441,ai_heavy
7283,11,303,7797.8,10137.2,0.9588,ai_heavy
7284,12,303,7644.6,9938.0,0.9703,ai_heavy
7285,13,303,7535.6,9796.3,0.9775,ai_heavy
7286,14,303,7573.4,9845.5,0.98,ai_heavy
7287,15,303,7463.2,9702.2,0.9775,ai_heavy
7288,16,303,7839.9,10191.9,0.9703,ai_heavy
7289,17,303,7390.5,9607.7,0.9588,ai_heavy
7290,18,303,7547.5,9811.8,0.9441,ai_heavy
7291,19,303,7661.6,9960.1,0.9272,ai_heavy
7292,20,303,7921.8,10298.4,0.9092,ai_heavy
7293,21,303,7526.9,9785.0,0.8911,ai_heavy
7294,22,303,7448.7,9683.3,0.874,ai_heavy
7295,23,303,7541.4,9803.8,0.8584,ai_heavy
7296,0,304,6949.1,9033.9,0.8118,ai_heavy
7297,1,304,7151.4,9296.8,0.8172,ai_heavy
7298,2,304,7345.2,9548.7,0.8244,ai_heavy
7299,3,304,7283.4,9468.4,0.8335,ai_heavy
7300,4,304,7101.4,9231.8,0.8449,ai_heavy
7301,5,304,7672.4,9974.2,0.8584,ai_heavy
7302,6,304,7561.8,9830.3,0.874,ai_heavy
7303,7,304,7560.7,9828.9,0.8911,ai_heavy
7304,8,304,7398.8,9618.4,0.9092,ai_heavy
7305,9,304,7601.2,9881.5,0.9272,ai_heavy
7306,10,304,7725.9,10043.7,0.9441,ai_heavy
7307,11,304,7569.9,9840.9,0.9588,ai_heavy
7308,12,304,7749.7,10074.6,0.9703,ai_heavy
7309,13,304,7475.7,9718.4,0.9775,ai_heavy
7310,14,304,7684.7,9990.1,0.98,ai_heavy
7311,15,304,7921.1,10297.4,0.9775,ai_heavy
7312,16,304,7930.4,10309.5,0.9703,ai_heavy
7313,17,304,7934.5,10314.8,0.9588,ai_heavy
7314,18,304,7673.7,9975.8,0.9441,ai_heavy
7315,19,304,7590.3,9867.4,0.9272,ai_heavy
7316,20,304,7454.3,9690.6,0.9092,ai_heavy
7317,21,304,7120.8,9257.0,0.8911,ai_heavy
7318,22,304,7200.6,9360.7,0.874,ai_heavy
7319,23,304,7442.3,9674.9,0.8584,ai_heavy
7320,0,305,7386.0,9601.8,0.8118,ai_heavy
7321,1,305,7732.4,10052.1,0.8172,ai_heavy
7322,2,305,7721.9,10038.4,0.8244,ai_heavy
7323,3,305,7289.3,9476.1,0.8335,ai_heavy
7324,4,305,7642.8,9935.6,0.8449,ai_heavy
7325,5,305,7372.9,9584.8,0.8584,ai_heavy
7326,6,305,7657.0,9954.1,0.874,ai_heavy
7327,7,305,7711.1,10024.4,0.8911,ai_heavy
7328,8,305,7837.6,10188.9,0.9092,ai_heavy
7329,9,305,7471.0,9712.3,0.9272,ai_heavy
7330,10,305,7840.0,10192.0,0.9441,ai_heavy
7331,11,305,7201.9,9362.4,0.9588,ai_heavy
7332,12,305,7945.1,10328.6,0.9703,ai_heavy
7333,13,305,7652.8,9948.7,0.9775,ai_heavy
7334,14,305,7661.5,9959.9,0.98,ai_heavy
7335,15,305,7190.5,9347.6,0.9775,ai_heavy
7336,16,305,7558.5,9826.1,0.9703,ai_heavy
7337,17,305,7940.9,10323.1,0.9588,ai_heavy
7338,18,305,7511.1,9764.4,0.9441,ai_heavy
7339,19,305,7745.4,10069.0,0.9272,ai_heavy
7340,20,305,7563.9,9833.1,0.9092,ai_heavy
7341,21,305,7769.0,10099.8,0.8911,ai_heavy
7342,22,305,7546.4,9810.3,0.874,ai_heavy
7343,23,305,7270.9,9452.1,0.8584,ai_heavy
7344,0,306,7417.3,9642.5,0.8083,ai_heavy
7345,1,306,7766.4,10096.3,0.812,ai_heavy
7346,2,306,7528.6,9787.2,0.8171,ai_heavy
7347,3,306,7401.6,9622.0,0.8235,ai_heavy
7348,4,306,7942.9,10325.7,0.8314,ai_heavy
7349,5,306,7712.9,10026.7,0.8409,ai_heavy
7350,6,306,7653.0,9948.9,0.8518,ai_heavy
7351,7,306,7559.3,9827.1,0.8638,ai_heavy
7352,8,306,7671.4,9972.8,0.8764,ai_heavy
7353,9,306,7698.1,10007.5,0.889,ai_heavy
7354,10,306,7049.7,9164.6,0.9009,ai_heavy
7355,11,306,7648.7,9943.3,0.9112,ai_heavy
7356,12,306,7534.6,9794.9,0.9192,ai_heavy
7357,13,306,7465.1,9704.6,0.9243,ai_heavy
7358,14,306,7536.9,9797.9,0.926,ai_heavy
7359,15,306,7225.0,9392.4,0.9243,ai_heavy
7360,16,306,7161.2,9309.6,0.9192,ai_heavy
7361,17,306,7841.8,10194.3,0.9112,ai_heavy
7362,18,306,7648.2,9942.7,0.9009,ai_heavy
7363,19,306,6981.1,9075.4,0.889,ai_heavy
7364,20,306,7377.1,9590.3,0.8764,ai_heavy
7365,21,306,7685.8,9991.6,0.8638,ai_heavy
7366,22,306,7407.3,9629.4,0.8518,ai_heavy
7367,23,306,7732.1,10051.7,0.8409,ai_heavy
7368,0,307,7637.9,9929.3,0.8083,ai_heavy
7369,1,307,7108.8,9241.4,0.812,ai_heavy
7370,2,307,7386.0,9601.8,0.8171,ai_heavy
7371,3,307,7327.7,9526.0,0.8235,ai_heavy
7372,4,307,7129.4,9268.2,0.8314,ai_heavy
7373,5,307,7128.5,9267.0,0.8409,ai_heavy
7374,6,307,7289.4,9476.2,0.8518,ai_heavy
7375,7,307,7344.0,9547.2,0.8638,ai_heavy
7376,8,307,7570.7,9841.9,0.8764,ai_heavy
7377,9,307,7761.6,10090.1,0.889,ai_heavy
7378,10,307,7659.9,9957.9,0.9009,ai_heavy
7379,11,307,7729.3,10048.0,0.9112,ai_heavy
7380,12,307,7510.5,9763.7,0.9192,ai_heavy
7381,13,307,7715.8,10030.5,0.9243,ai_heavy
7382,14,307,7547.6,9811.8,0.926,ai_heavy
7383,15,307,7478.3,9721.8,0.9243,ai_heavy
7384,16,307,8002.0,10402.6,0.9192,ai_heavy
7385,17,307,7030.6,9139.8,0.9112,ai_heavy
7386,18,307,7119.7,9255.6,0.9009,ai_heavy
7387,19,307,7612.3,9895.9,0.889,ai_heavy
7388,20,307,7447.3,9681.4,0.8764,ai_heavy
7389,21,307,7165.2,9314.8,0.8638,ai_heavy
7390,22,307,7233.7,9403.8,0.8518,ai_heavy
7391,23,307,7247.0,9421.0,0.8409,ai_heavy
7392,0,308,7608.4,9890.9,0.8118,ai_heavy
7393,1,308,7687.9,9994.3,0.8172,ai_heavy
7394,2,308,7794.3,10132.5,0.8244,ai_heavy
7395,3,308,7087.8,9214.2,0.8335,ai_heavy
7396,4,308,7153.7,9299.8,0.8449,ai_heavy
7397,5,308,7157.8,9305.2,0.8584,ai_heavy
7398,6,308,7793.4,10131.5,0.874,ai_heavy
7399,7,308,7623.3,9910.2,0.8911,ai_heavy
7400,8,308,7574.3,9846.5,0.9092,ai_heavy
7401,9,308,7635.3,9925.9,0.9272,ai_heavy
7402,10,308,7595.5,9874.2,0.9441,ai_heavy
7403,11,308,7373.9,9586.1,0.9588,ai_heavy
7404,12,308,7765.5,10095.1,0.9703,ai_heavy
7405,13,308,7615.8,9900.6,0.9775,ai_heavy
7406,14,308,7386.4,9602.3,0.98,ai_heavy
7407,15,308,7790.5,10127.7,0.9775,ai_heavy
7408,16,308,7550.0,9815.0,0.9703,ai_heavy
7409,17,308,7682.7,9987.5,0.9588,ai_heavy
7410,18,308,7580.0,9854.0,0.9441,ai_heavy
7411,19,308,7785.9,10121.7,0.9272,ai_heavy
7412,20,308,7606.0,9887.8,0.9092,ai_heavy
7413,21,308,7329.4,9528.2,0.8911,ai_heavy
7414,22,308,7575.8,9848.5,0.874,ai_heavy
7415,23,308,7559.6,9827.4,0.8584,ai_heavy
7416,0,309,7523.7,9780.8,0.8118,ai_heavy
7417,1,309,7648.7,9943.3,0.8172,ai_heavy
7418,2,309,7291.6,9479.0,0.8244,ai_heavy
7419,3,309,7591.7,9869.3,0.8335,ai_heavy
7420,4,309,7073.6,9195.7,0.8449,ai_heavy
7421,5,309,7453.0,9689.0,0.8584,ai_heavy
7422,6,309,7441.5,9673.9,0.874,ai_heavy
7423,7,309,7856.0,10212.9,0.8911,ai_heavy
7424,8,309,7520.6,9776.8,0.9092,ai_heavy
7425,9,309,7721.4,10037.8,0.9272,ai_heavy
7426,10,309,7206.4,9368.3,0.9441,ai_heavy
7427,11,309,7550.1,9815.1,0.9588,ai_heavy
7428,12,309,7453.5,9689.6,0.9703,ai_heavy
7429,13,309,8076.9,10500.0,0.9775,ai_heavy
7430,14,309,7509.0,9761.7,0.98,ai_heavy
7431,15,309,7675.4,9978.0,0.9775,ai_heavy
7432,16,309,7676.8,9979.8,0.9703,ai_heavy
7433,17,309,7266.7,9446.7,0.9588,ai_heavy
7434,18,309,7488.4,9735.0,0.9441,ai_heavy
7435,19,309,7675.2,9977.7,0.9272,ai_heavy
7436,20,309,7575.5,9848.2,0.9092,ai_heavy
7437,21,309,7009.4,9112.3,0.8911,ai_heavy
7438,22,309,7375.7,9588.4,0.874,ai_heavy
7439,23,309,7709.0,10021.7,0.8584,ai_heavy
7440,0,310,7540.8,9803.1,0.8118,ai_heavy
7441,1,310,7689.2,9996.0,0.8172,ai_heavy
7442,2,310,7209.2,9371.9,0.8244,ai_heavy
7443,3,310,7728.6,10047.2,0.8335,ai_heavy
7444,4,310,7449.7,9684.6,0.8449,ai_heavy
7445,5,310,7837.3,10188.4,0.8584,ai_heavy
7446,6,310,7504.1,9755.3,0.874,ai_heavy
7447,7,310,7066.6,9186.5,0.8911,ai_heavy
7448,8,310,7748.6,10073.2,0.9092,ai_heavy
7449,9,310,7482.2,9726.9,0.9272,ai_heavy
7450,10,310,7522.6,9779.4,0.9441,ai_heavy
7451,11,310,7297.9,9487.3,0.9588,ai_heavy
7452,12,310,8019.9,10425.9,0.9703,ai_heavy
7453,13,310,7538.9,9800.5,0.9775,ai_heavy
7454,14,310,8024.4,10431.7,0.98,ai_heavy
7455,15,310,7559.5,9827.4,0.9775,ai_heavy
7456,16,310,7434.9,9665.3,0.9703,ai_heavy
7457,17,310,7932.6,10312.4,0.9588,ai_heavy
7458,18,310,7591.8,9869.3,0.9441,ai_heavy
7459,19,310,7568.6,9839.2,0.9272,ai_heavy
7460,20,310,7265.5,9445.2,0.9092,ai_heavy
7461,21,310,7425.7,9653.4,0.8911,ai_heavy
7462,22,310,7599.8,9879.7,0.874,ai_heavy
7463,23,310,7188.4,9345.0,0.8584,ai_heavy
7464,0,311,7290.2,9477.3,0.8118,ai_heavy
7465,1,311,7324.6,9521.9,0.8172,ai_heavy
7466,2,311,7443.7,9676.8,0.8244,ai_heavy
7467,3,311,7773.0,10104.8,0.8335,ai_heavy
7468,4,311,7392.5,9610.3,0.8449,ai_heavy
7469,5,311,7325.0,9522.5,0.8584,ai_heavy
7470,6,311,8076.9,10500.0,0.874,ai_heavy
7471,7,311,7431.2,9660.5,0.8911,ai_heavy
7472,8,311,7512.9,9766.7,0.9092,ai_heavy
7473,9,311,7501.7,9752.2,0.9272,ai_heavy
7474,10,311,7545.3,9808.9,0.9441,ai_heavy
7475,11,311,7648.4,9942.9,0.9588,ai_heavy
7476,12,311,7859.0,10216.7,0.9703,ai_heavy
7477,13,311,7751.4,10076.8,0.9775,ai_heavy
7478,14,311,7909.9,10282.9,0.98,ai_heavy
7479,15,311,7898.5,10268.0,0.9775,ai_heavy
7480,16,311,7695.6,10004.2,0.9703,ai_heavy
7481,17,311,7716.7,10031.7,0.9588,ai_heavy
7482,18,311,7861.6,10220.1,0.9441,ai_heavy
7483,19,311,7330.3,9529.4,0.9272,ai_heavy
7484,20,311,8076.9,10500.0,0.9092,ai_heavy
7485,21,311,7413.2,9637.2,0.8911,ai_heavy
7486,22,311,7424.3,9651.6,0.874,ai_heavy
7487,23,311,7208.0,9370.4,0.8584,ai_heavy
7488,0,312,7147.3,9291.4,0.8118,ai_heavy
7489,1,312,7634.9,9925.4,0.8172,ai_heavy
7490,2,312,7934.8,10315.2,0.8244,ai_heavy
7491,3,312,7315.9,9510.7,0.8335,ai_heavy
7492,4,312,7537.4,9798.6,0.8449,ai_heavy
7493,5,312,7529.4,9788.2,0.8584,ai_heavy
7494,6,312,7728.5,10047.0,0.874,ai_heavy
7495,7,312,8030.2,10439.2,0.8911,ai_heavy
7496,8,312,7900.8,10271.1,0.9092,ai_heavy
7497,9,312,7528.8,9787.5,0.9272,ai_heavy
7498,10,312,7729.2,10048.0,0.9441,ai_heavy
7499,11,312,7774.4,10106.7,0.9588,ai_heavy
7500,12,312,7643.1,9936.0,0.9703,ai_heavy
7501,13,312,7406.8,9628.8,0.9775,ai_heavy
7502,14,312,7478.7,9722.3,0.98,ai_heavy
7503,15,312,7922.4,10299.1,0.9775,ai_heavy
7504,16,312,7934.8,10315.2,0.9703,ai_heavy
7505,17,312,7583.1,9858.0,0.9588,ai_heavy
7506,18,312,7668.1,9968.5,0.9441,ai_heavy
7507,19,312,7855.5,10212.1,0.9272,ai_heavy
7508,20,312,7169.7,9320.7,0.9092,ai_heavy
7509,21,312,7428.2,9656.7,0.8911,ai_heavy
7510,22,312,7957.5,10344.8,0.874,ai_heavy
7511,23,312,7547.1,9811.3,0.8584,ai_heavy
7512,0,313,7153.9,9300.0,0.8083,ai_heavy
7513,1,313,7436.5,9667.4,0.812,ai_heavy
7514,2,313,7645.2,9938.8,0.8171,ai_heavy
7515,3,313,6860.1,8918.1,0.8235,ai_heavy
7516,4,313,7478.8,9722.4,0.8314,ai_heavy
7517,5,313,7370.4,9581.5,0.8409,ai_heavy
7518,6,313,7102.0,9232.6,0.8518,ai_heavy
7519,7,313,7506.4,9758.3,0.8638,ai_heavy
7520,8,313,7476.2,9719.1,0.8764,ai_heavy
7521,9,313,7520.4,9776.6,0.889,ai_heavy
7522,10,313,7464.8,9704.3,0.9009,ai_heavy
7523,11,313,7327.5,9525.7,0.9112,ai_heavy
7524,12,313,7240.7,9412.9,0.9192,ai_heavy
7525,13,313,7421.7,9648.2,0.9243,ai_heavy
7526,14,313,7776.7,10109.8,0.926,ai_heavy
7527,15,313,7631.7,9921.2,0.9243,ai_heavy
7528,16,313,7555.4,9822.0,0.9192,ai_heavy
7529,17,313,7323.3,9520.3,0.9112,ai_heavy
7530,18,313,7459.0,9696.7,0.9009,ai_heavy
7531,19,313,7692.3,10000.0,0.889,ai_heavy
7532,20,313,7620.6,9906.8,0.8764,ai_heavy
7533,21,313,7380.8,9595.0,0.8638,ai_heavy
7534,22,313,6884.8,8950.2,0.8518,ai_heavy
7535,23,313,7302.8,9493.6,0.8409,ai_heavy
7536,0,314,7297.5,9486.8,0.8083,ai_heavy
7537,1,314,7208.7,9371.3,0.812,ai_heavy
7538,2,314,7325.9,9523.7,0.8171,ai_heavy
7539,3,314,7609.5,9892.3,0.8235,ai_heavy
7540,4,314,7431.1,9660.4,0.8314,ai_heavy
7541,5,314,7675.0,9977.5,0.8409,ai_heavy
7542,6,314,7132.0,9271.6,0.8518,ai_heavy
7543,7,314,7419.5,9645.3,0.8638,ai_heavy
7544,8,314,7070.3,9191.3,0.8764,ai_heavy
7545,9,314,7429.6,9658.4,0.889,ai_heavy
7546,10,314,7307.0,9499.1,0.9009,ai_heavy
7547,11,314,7849.7,10204.5,0.9112,ai_heavy
7548,12,314,7664.2,9963.4,0.9192,ai_heavy
7549,13,314,7809.4,10152.3,0.9243,ai_heavy
7550,14,314,7483.7,9728.8,0.926,ai_heavy
7551,15,314,7346.9,9550.9,0.9243,ai_heavy
7552,16,314,7332.2,9531.9,0.9192,ai_heavy
7553,17,314,7619.3,9905.1,0.9112,ai_heavy
7554,18,314,7953.3,10339.3,0.9009,ai_heavy
7555,19,314,7619.0,9904.7,0.889,ai_heavy
7556,20,314,7422.5,9649.3,0.8764,ai_heavy
7557,21,314,7445.6,9679.3,0.8638,ai_heavy
7558,22,314,7463.0,9701.9,0.8518,ai_heavy
7559,23,314,7906.8,10278.9,0.8409,ai_heavy
7560,0,315,7684.3,9989.6,0.8118,ai_heavy
7561,1,315,7476.0,9718.8,0.8172,ai_heavy
7562,2,315,7453.3,9689.3,0.8244,ai_heavy
7563,3,315,7509.4,9762.3,0.8335,ai_heavy
7564,4,315,7570.2,9841.3,0.8449,ai_heavy
7565,5,315,7387.2,9603.4,0.8584,ai_heavy
7566,6,315,7313.3,9507.3,0.874,ai_heavy
7567,7,315,7762.2,10090.8,0.8911,ai_heavy
7568,8,315,7561.1,9829.4,0.9092,ai_heavy
7569,9,315,7798.9,10138.6,0.9272,ai_heavy
7570,10,315,7984.3,10379.5,0.9441,ai_heavy
7571,11,315,7749.8,10074.7,0.9588,ai_heavy
7572,12,315,7730.0,10049.0,0.9703,ai_heavy
7573,13,315,8076.9,10500.0,0.9775,ai_heavy
7574,14,315,7709.9,10022.9,0.98,ai_heavy
7575,15,315,7408.0,9630.4,0.9775,ai_heavy
7576,16,315,7583.2,9858.2,0.9703,ai_heavy
7577,17,315,7985.8,10381.5,0.9588,ai_heavy
7578,18,315,7313.1,9507.0,0.9441,ai_heavy
7579,19,315,7411.9,9635.5,0.9272,ai_heavy
7580,20,315,7806.9,10148.9,0.9092,ai_heavy
7581,21,315,7467.7,9708.0,0.8911,ai_heavy
7582,22,315,7478.5,9722.0,0.874,ai_heavy
7583,23,315,7720.8,10037.1,0.8584,ai_heavy
7584,0,316,7250.7,9425.9,0.8118,ai_heavy
7585,1,316,7091.3,9218.7,0.8172,ai_heavy
7586,2,316,7119.3,9255.1,0.8244,ai_heavy
7587,3,316,7572.5,9844.2,0.8335,ai_heavy
7588,4,316,7517.6,9772.9,0.8449,ai_heavy
7589,5,316,7324.6,9521.9,0.8584,ai_heavy
7590,6,316,7242.5,9415.2,0.874,ai_heavy
7591,7,316,7467.9,9708.3,0.8911,ai_heavy
7592,8,316,7809.2,10151.9,0.9092,ai_heavy
7593,9,316,7393.0,9610.8,0.9272,ai_heavy
7594,10,316,7457.2,9694.4,0.9441,ai_heavy
7595,11,316,7358.1,9565.5,0.9588,ai_heavy
7596,12,316,7563.4,9832.4,0.9703,ai_heavy
7597,13,316,7736.3,10057.1,0.9775,ai_heavy
7598,14,316,8076.9,10500.0,0.98,ai_heavy
7599,15,316,7708.6,10021.2,0.9775,ai_heavy
7600,16,316,7635.4,9926.0,0.9703,ai_heavy
7601,17,316,7828.1,10176.6,0.9588,ai_heavy
7602,18,316,7767.4,10097.6,0.9441,ai_heavy
7603,19,316,7451.7,9687.2,0.9272,ai_heavy
7604,20,316,8076.9,10500.0,0.9092,ai_heavy
7605,21,316,7523.5,9780.6,0.8911,ai_heavy
7606,22,316,7556.5,9823.5,0.874,ai_heavy
7607,23,316,7603.7,9884.8,0.8584,ai_heavy
7608,0,317,7486.9,9733.0,0.8118,ai_heavy
7609,1,317,7757.6,10084.9,0.8172,ai_heavy
7610,2,317,7297.4,9486.6,0.8244,ai_heavy
7611,3,317,7617.5,9902.8,0.8335,ai_heavy
7612,4,317,7496.5,9745.4,0.8449,ai_heavy
7613,5,317,7700.5,10010.6,0.8584,ai_heavy
7614,6,317,7454.9,9691.4,0.874,ai_heavy
7615,7,317,7449.9,9684.8,0.8911,ai_heavy
7616,8,317,7722.0,10038.6,0.9092,ai_heavy
7617,9,317,7664.5,9963.9,0.9272,ai_heavy
7618,10,317,7421.3,9647.7,0.9441,ai_heavy
7619,11,317,7938.6,10320.2,0.9588,ai_heavy
7620,12,317,7815.8,10160.5,0.9703,ai_heavy
7621,13,317,7641.5,9934.0,0.9775,ai_heavy
7622,14,317,7554.7,9821.1,0.98,ai_heavy
7623,15,317,7742.2,10064.9,0.9775,ai_heavy
7624,16,317,7799.3,10139.0,0.9703,ai_heavy
7625,17,317,7265.7,9445.4,0.9588,ai_heavy
7626,18,317,7694.3,10002.5,0.9441,ai_heavy
7627,19,317,7731.6,10051.0,0.9272,ai_heavy
7628,20,317,7022.8,9129.7,0.9092,ai_heavy
7629,21,317,7573.3,9845.3,0.8911,ai_heavy
7630,22,317,7659.7,9957.6,0.874,ai_heavy
7631,23,317,7610.3,9893.4,0.8584,ai_heavy
7632,0,318,7588.4,9865.0,0.8118,ai_heavy
7633,1,318,7345.2,9548.8,0.8172,ai_heavy
7634,2,318,7197.1,9356.2,0.8244,ai_heavy
7635,3,318,7040.8,9153.0,0.8335,ai_heavy
7636,4,318,7704.1,10015.3,0.8449,ai_heavy
7637,5,318,7637.7,9929.1,0.8584,ai_heavy
7638,6,318,7766.3,10096.2,0.874,ai_heavy
7639,7,318,7365.2,9574.8,0.8911,ai_heavy
7640,8,318,7738.3,10059.8,0.9092,ai_heavy
7641,9,318,7241.3,9413.6,0.9272,ai_heavy
7642,10,318,7410.0,9633.1,0.9441,ai_heavy
7643,11,318,7659.4,9957.2,0.9588,ai_heavy
7644,12,318,7799.9,10139.8,0.9703,ai_heavy
7645,13,318,8044.3,10457.7,0.9775,ai_heavy
7646,14,318,7607.1,9889.3,0.98,ai_heavy
7647,15,318,7459.7,9697.6,0.9775,ai_heavy
7648,16,318,7437.3,9668.5,0.9703,ai_heavy
7649,17,318,7473.1,9715.1,0.9588,ai_heavy
7650,18,318,8076.9,10500.0,0.9441,ai_heavy
7651,19,318,7755.3,10081.9,0.9272,ai_heavy
7652,20,318,7808.3,10150.7,0.9092,ai_heavy
7653,21,318,7475.0,9717.6,0.8911,ai_heavy
7654,22,318,7502.9,9753.8,0.874,ai_heavy
7655,23,318,7636.9,9927.9,0.8584,ai_heavy
7656,0,319,7297.6,9486.9,0.8118,ai_heavy
7657,1,319,7353.3,9559.3,0.8172,ai_heavy
7658,2,319,7278.5,9462.0,0.8244,ai_heavy
7659,3,319,7342.7,9545.5,0.8335,ai_heavy
7660,4,319,7470.6,9711.8,0.8449,ai_heavy
7661,5,319,7295.6,9484.2,0.8584,ai_heavy
7662,6,319,7567.7,9838.0,0.874,ai_heavy
7663,7,319,7593.3,9871.3,0.8911,ai_heavy
7664,8,319,7515.4,9770.1,0.9092,ai_heavy
7665,9,319,7394.9,9613.3,0.9272,ai_heavy
7666,10,319,7632.5,9922.2,0.9441,ai_heavy
7667,11,319,7515.0,9769.5,0.9588,ai_heavy
7668,12,319,7658.4,9955.9,0.9703,ai_heavy
7669,13,319,7910.9,10284.2,0.9775,ai_heavy
7670,14,319,7374.3,9586.6,0.98,ai_heavy
7671,15,319,8076.9,10500.0,0.9775,ai_heavy
7672,16,319,7631.1,9920.4,0.9703,ai_heavy
7673,17,319,7724.9,10042.3,0.9588,ai_heavy
7674,18,319,7436.7,9667.7,0.9441,ai_heavy
7675,19,319,7842.9,10195.8,0.9272,ai_heavy
7676,20,319,7527.6,9785.9,0.9092,ai_heavy
7677,21,319,7440.0,9672.0,0.8911,ai_heavy
7678,22,319,7373.8,9585.9,0.874,ai_heavy
7679,23,319,7419.7,9645.6,0.8584,ai_heavy
7680,0,320,7497.7,9747.0,0.8083,ai_heavy
7681,1,320,7448.8,9683.4,0.812,ai_heavy
7682,2,320,7409.0,9631.7,0.8171,ai_heavy
7683,3,320,7269.0,9449.7,0.8235,ai_heavy
7684,4,320,7267.8,9448.1,0.8314,ai_heavy
7685,5,320,7350.6,9555.8,0.8409,ai_heavy
7686,6,320,7573.2,9845.1,0.8518,ai_heavy
7687,7,320,7636.8,9927.8,0.8638,ai_heavy
7688,8,320,7686.4,9992.4,0.8764,ai_heavy
7689,9,320,7525.5,9783.2,0.889,ai_heavy
7690,10,320,7630.5,9919.6,0.9009,ai_heavy
7691,11,320,7520.9,9777.2,0.9112,ai_heavy
7692,12,320,7175.4,9328.0,0.9192,ai_heavy
7693,13,320,7529.6,9788.5,0.9243,ai_heavy
7694,14,320,7495.9,9744.7,0.926,ai_heavy
7695,15,320,7342.5,9545.2,0.9243,ai_heavy
7696,16,320,7442.2,9674.9,0.9192,ai_heavy
7697,17,320,7589.7,9866.7,0.9112,ai_heavy
7698,18,320,7287.2,9473.3,0.9009,ai_heavy
7699,19,320,7365.4,9575.0,0.889,ai_heavy
7700,20,320,7855.5,10212.2,0.8764,ai_heavy
7701,21,320,7128.0,9266.4,0.8638,ai_heavy
7702,22,320,7429.0,9657.6,0.8518,ai_heavy
7703,23,320,7192.9,9350.7,0.8409,ai_heavy
7704,0,321,7237.8,9409.1,0.8083,ai_heavy
7705,1,321,7366.4,9576.4,0.812,ai_heavy
7706,2,321,7198.1,9357.5,0.8171,ai_heavy
7707,3,321,7555.4,9822.0,0.8235,ai_heavy
7708,4,321,7741.0,10063.3,0.8314,ai_heavy
7709,5,321,7641.9,9934.4,0.8409,ai_heavy
7710,6,321,7699.6,10009.5,0.8518,ai_heavy
7711,7,321,7178.1,9331.5,0.8638,ai_heavy
7712,8,321,7452.2,9687.9,0.8764,ai_heavy
7713,9,321,7631.4,9920.8,0.889,ai_heavy
7714,10,321,7740.8,10063.0,0.9009,ai_heavy
7715,11,321,7956.7,10343.7,0.9112,ai_heavy
7716,12,321,7813.9,10158.1,0.9192,ai_heavy
7717,13,321,7782.5,10117.3,0.9243,ai_heavy
7718,14,321,8076.9,10500.0,0.926,ai_heavy
7719,15,321,7600.6,9880.8,0.9243,ai_heavy
7720,16,321,7505.4,9757.1,0.9192,ai_heavy
7721,17,321,7599.3,9879.1,0.9112,ai_heavy
7722,18,321,7336.6,9537.5,0.9009,ai_heavy
7723,19,321,7541.1,9803.5,0.889,ai_heavy
7724,20,321,7118.0,9253.5,0.8764,ai_heavy
7725,21,321,7369.1,9579.8,0.8638,ai_heavy
7726,22,321,7444.2,9677.4,0.8518,ai_heavy
7727,23,321,7666.0,9965.8,0.8409,ai_heavy
7728,0,322,7657.1,9954.2,0.8118,ai_heavy
7729,1,322,7203.7,9364.8,0.8172,ai_heavy
7730,2,322,7891.5,10259.0,0.8244,ai_heavy
7731,3,322,7475.7,9718.4,0.8335,ai_heavy
7732,4,322,7513.4,9767.4,0.8449,ai_heavy
7733,5,322,7117.0,9252.0,0.8584,ai_heavy
7734,6,322,7363.7,9572.9,0.874,ai_heavy
7735,7,322,7766.1,10096.0,0.8911,ai_heavy
7736,8,322,7594.6,9872.9,0.9092,ai_heavy
7737,9,322,7607.6,9889.9,0.9272,ai_heavy
7738,10,322,7660.4,9958.5,0.9441,ai_heavy
7739,11,322,7300.2,9490.3,0.9588,ai_heavy
7740,12,322,7625.6,9913.2,0.9703,ai_heavy
7741,13,322,7982.2,10376.8,0.9775,ai_heavy
7742,14,322,7912.1,10285.7,0.98,ai_heavy
7743,15,322,7629.8,9918.8,0.9775,ai_heavy
7744,16,322,8006.5,10408.4,0.9703,ai_heavy
7745,17,322,7342.4,9545.1,0.9588,ai_heavy
7746,18,322,7386.7,9602.7,0.9441,ai_heavy
7747,19,322,8007.1,10409.2,0.9272,ai_heavy
7748,20,322,7687.1,9993.2,0.9092,ai_heavy
7749,21,322,7463.8,9702.9,0.8911,ai_heavy
7750,22,322,7490.9,9738.1,0.874,ai_heavy
7751,23,322,7299.0,9488.6,0.8584,ai_heavy
7752,0,323,7471.5,9713.0,0.8118,ai_heavy
7753,1,323,7462.1,9700.7,0.8172,ai_heavy
7754,2,323,7433.3,9663.3,0.8244,ai_heavy
7755,3,323,7183.7,9338.7,0.8335,ai_heavy
7756,4,323,7518.9,9774.5,0.8449,ai_heavy
7757,5,323,7361.1,9569.5,0.8584,ai_heavy
7758,6,323,7281.4,9465.8,0.874,ai_heavy
7759,7,323,7815.1,10159.7,0.8911,ai_heavy
7760,8,323,8047.9,10462.3,0.9092,ai_heavy
7761,9,323,8025.0,10432.5,0.9272,ai_heavy
7762,10,323,7756.9,10084.0,0.9441,ai_heavy
7763,11,323,7569.8,9840.7,0.9588,ai_heavy
7764,12,323,7631.6,9921.0,0.9703,ai_heavy
7765,13,323,7751.8,10077.3,0.9775,ai_heavy
7766,14,323,7565.7,9835.4,0.98,ai_heavy
7767,15,323,7961.6,10350.1,0.9775,ai_heavy
7768,16,323,7180.7,9334.9,0.9703,ai_heavy
7769,17,323,7562.9,9831.8,0.9588,ai_heavy
7770,18,323,7791.4,10128.8,0.9441,ai_heavy
7771,19,323,7390.8,9608.1,0.9272,ai_heavy
7772,20,323,7501.6,9752.1,0.9092,ai_heavy
7773,21,323,7663.1,9962.0,0.8911,ai_heavy
7774,22,323,7845.1,10198.6,0.874,ai_heavy
7775,23,323,7189.6,9346.5,0.8584,ai_heavy
7776,0,324,7105.9,9237.7,0.8118,ai_heavy
7777,1,324,7207.6,9369.9,0.8172,ai_heavy
7778,2,324,7086.2,9212.0,0.8244,ai_heavy
7779,3,324,7115.2,9249.7,0.8335,ai_heavy
7780,4,324,7242.0,9414.6,0.8449,ai_heavy
7781,5,324,7756.8,10083.8,0.8584,ai_heavy
7782,6,324,7433.1,9663.0,0.874,ai_heavy
7783,7,324,7536.1,9796.9,0.8911,ai_heavy
7784,8,324,7339.5,9541.3,0.9092,ai_heavy
7785,9,324,7727.2,10045.4,0.9272,ai_heavy
7786,10,324,8036.7,10447.7,0.9441,ai_heavy
7787,11,324,7427.4,9655.6,0.9588,ai_heavy
7788,12,324,8043.4,10456.5,0.9703,ai_heavy
7789,13,324,7742.3,10065.0,0.9775,ai_heavy
7790,14,324,7666.2,9966.0,0.98,ai_heavy
7791,15,324,7750.5,10075.7,0.9775,ai_heavy
7792,16,324,7737.3,10058.5,0.9703,ai_heavy
7793,17,324,8055.7,10472.4,0.9588,ai_heavy
7794,18,324,7727.2,10045.4,0.9441,ai_heavy
7795,19,324,7706.2,10018.1,0.9272,ai_heavy
7796,20,324,7460.5,9698.7,0.9092,ai_heavy
7797,21,324,7718.5,10034.1,0.8911,ai_heavy
7798,22,324,7287.9,9474.3,0.874,ai_heavy
7799,23,324,7504.4,9755.8,0.8584,ai_heavy
7800,0,325,8051.0,10466.3,0.8118,ai_heavy
7801,1,325,6860.8,8919.1,0.8172,ai_heavy
7802,2,325,7480.8,9725.1,0.8244,ai_heavy
7803,3,325,7503.2,9754.2,0.8335,ai_heavy
7804,4,325,7408.6,9631.2,0.8449,ai_heavy
7805,5,325,7434.1,9664.3,0.8584,ai_heavy
7806,6,325,7523.9,9781.0,0.874,ai_heavy
7807,7,325,7472.1,9713.7,0.8911,ai_heavy
7808,8,325,7606.4,9888.3,0.9092,ai_heavy
7809,9,325,7472.2,9713.8,0.9272,ai_heavy
7810,10,325,8070.1,10491.2,0.9441,ai_heavy
7811,11,325,7572.9,9844.8,0.9588,ai_heavy
7812,12,325,7778.4,10111.9,0.9703,ai_heavy
7813,13,325,7504.9,9756.3,0.9775,ai_heavy
7814,14,325,7876.8,10239.9,0.98,ai_heavy
7815,15,325,7827.1,10175.2,0.9775,ai_heavy
7816,16,325,7743.9,10067.1,0.9703,ai_heavy
7817,17,325,7395.4,9614.0,0.9588,ai_heavy
7818,18,325,7436.8,9667.8,0.9441,ai_heavy
7819,19,325,7966.7,10356.7,0.9272,ai_heavy
7820,20,325,7383.0,9597.9,0.9092,ai_heavy
7821,21,325,7673.8,9975.9,0.8911,ai_heavy
7822,22,325,7290.7,9477.9,0.874,ai_heavy
7823,23,325,7706.2,10018.1,0.8584,ai_heavy
7824,0,326,7257.5,9434.7,0.8118,ai_heavy
7825,1,326,7203.8,9364.9,0.8172,ai_heavy
7826,2,326,7270.1,9451.1,0.8244,ai_heavy
7827,3,326,7318.9,9514.6,0.8335,ai_heavy
7828,4,326,7550.2,9815.3,0.8449,ai_heavy
7829,5,326,7495.5,9744.2,0.8584,ai_heavy
7830,6,326,7256.8,9433.8,0.874,ai_heavy
7831,7,326,7522.7,9779.5,0.8911,ai_heavy
7832,8,326,7296.9,9485.9,0.9092,ai_heavy
7833,9,326,7729.5,10048.4,0.9272,ai_heavy
7834,10,326,7797.3,10136.4,0.9441,ai_heavy
7835,11,326,7625.1,9912.6,0.9588,ai_heavy
7836,12,326,7710.0,10023.1,0.9703,ai_heavy
7837,13,326,8061.1,10479.5,0.9775,ai_heavy
7838,14,326,7626.1,9913.9,0.98,ai_heavy
7839,15,326,7441.6,9674.1,0.9775,ai_heavy
7840,16,326,7780.6,10114.8,0.9703,ai_heavy
7841,17,326,7371.3,9582.7,0.9588,ai_heavy
7842,18,326,7560.4,9828.6,0.9441,ai_heavy
7843,19,326,7446.8,9680.9,0.9272,ai_heavy
7844,20,326,7397.0,9616.1,0.9092,ai_heavy
7845,21,326,7472.5,9714.3,0.8911,ai_heavy
7846,22,326,7705.9,10017.6,0.874,ai_heavy
7847,23,326,7728.1,10046.5,0.8584,ai_heavy
7848,0,327,7610.5,9893.6,0.8083,ai_heavy
7849,1,327,7485.2,9730.7,0.812,ai_heavy
7850,2,327,7360.5,9568.7,0.8171,ai_heavy
7851,3,327,6902.1,8972.8,0.8235,ai_heavy
7852,4,327,7521.5,9777.9,0.8314,ai_heavy
7853,5,327,6944.0,9027.2,0.8409,ai_heavy
7854,6,327,7039.0,9150.7,0.8518,ai_heavy
7855,7,327,7451.7,9687.2,0.8638,ai_heavy
7856,8,327,7566.5,9836.5,0.8764,ai_heavy
7857,9,327,7424.0,9651.2,0.889,ai_heavy
7858,10,327,7891.2,10258.5,0.9009,ai_heavy
7859,11,327,7663.9,9963.1,0.9112,ai_heavy
7860,12,327,7514.4,9768.8,0.9192,ai_heavy
7861,13,327,7893.9,10262.1,0.9243,ai_heavy
7862,14,327,7937.3,10318.5,0.926,ai_heavy
7863,15,327,7695.2,10003.8,0.9243,ai_heavy
7864,16,327,7395.0,9613.5,0.9192,ai_heavy
7865,17,327,7434.3,9664.6,0.9112,ai_heavy
7866,18,327,7216.2,9381.1,0.9009,ai_heavy
7867,19,327,7516.3,9771.2,0.889,ai_heavy
7868,20,327,7270.5,9451.6,0.8764,ai_heavy
7869,21,327,7414.1,9638.3,0.8638,ai_heavy
7870,22,327,7528.4,9786.9,0.8518,ai_heavy
7871,23,327,7010.1,9113.1,0.8409,ai_heavy
7872,0,328,7124.0,9261.2,0.8083,ai_heavy
7873,1,328,7297.7,9487.0,0.812,ai_heavy
7874,2,328,7406.2,9628.1,0.8171,ai_heavy
7875,3,328,7317.5,9512.7,0.8235,ai_heavy
7876,4,328,7379.1,9592.8,0.8314,ai_heavy
7877,5,328,7295.8,9484.5,0.8409,ai_heavy
7878,6,328,7145.2,9288.8,0.8518,ai_heavy
7879,7,328,7367.9,9578.2,0.8638,ai_heavy
7880,8,328,7458.9,9696.6,0.8764,ai_heavy
7881,9,328,7455.8,9692.5,0.889,ai_heavy
7882,10,328,7568.9,9839.6,0.9009,ai_heavy
7883,11,328,7654.1,9950.3,0.9112,ai_heavy
7884,12,328,7725.9,10043.7,0.9192,ai_heavy
7885,13,328,7434.7,9665.1,0.9243,ai_heavy
7886,14,328,7222.9,9389.8,0.926,ai_heavy
7887,15,328,7867.8,10228.2,0.9243,ai_heavy
7888,16,328,7658.6,9956.2,0.9192,ai_heavy
7889,17,328,7342.6,9545.4,0.9112,ai_heavy
7890,18,328,7606.5,9888.4,0.9009,ai_heavy
7891,19,328,7767.0,10097.1,0.889,ai_heavy
7892,20,328,7896.4,10265.3,0.8764,ai_heavy
7893,21,328,7544.3,9807.6,0.8638,ai_heavy
7894,22,328,7707.5,10019.7,0.8518,ai_heavy
7895,23,328,7183.2,9338.1,0.8409,ai_heavy
7896,0,329,7402.1,9622.7,0.8118,ai_heavy
7897,1,329,7343.6,9546.6,0.8172,ai_heavy
7898,2,329,7505.2,9756.8,0.8244,ai_heavy
7899,3,329,7802.3,10143.0,0.8335,ai_heavy
7900,4,329,7515.6,9770.2,0.8449,ai_heavy
7901,5,329,7269.5,9450.4,0.8584,ai_heavy
7902,6,329,7218.9,9384.6,0.874,ai_heavy
7903,7,329,7900.8,10271.0,0.8911,ai_heavy
7904,8,329,7672.5,9974.3,0.9092,ai_heavy
7905,9,329,7685.0,9990.5,0.9272,ai_heavy
7906,10,329,7530.0,9789.1,0.9441,ai_heavy
7907,11,329,7691.9,9999.5,0.9588,ai_heavy
7908,12,329,7421.3,9647.7,0.9703,ai_heavy
7909,13,329,7747.5,10071.8,0.9775,ai_heavy
7910,14,329,7392.2,9609.9,0.98,ai_heavy
7911,15,329,7576.0,9848.8,0.9775,ai_heavy
7912,16,329,7500.2,9750.3,0.9703,ai_heavy
7913,17,329,6884.9,8950.4,0.9588,ai_heavy
7914,18,329,7529.4,9788.2,0.9441,ai_heavy
7915,19,329,7378.6,9592.2,0.9272,ai_heavy
7916,20,329,7508.4,9760.9,0.9092,ai_heavy
7917,21,329,7529.4,9788.2,0.8911,ai_heavy
7918,22,329,7901.3,10271.6,0.874,ai_heavy
7919,23,329,7548.3,9812.8,0.8584,ai_heavy
7920,0,330,7484.3,9729.6,0.8118,ai_heavy
7921,1,330,7528.4,9787.0,0.8172,ai_heavy
7922,2,330,7623.1,9910.1,0.8244,ai_heavy
7923,3,330,7544.0,9807.2,0.8335,ai_heavy
7924,4,330,7522.7,9779.5,0.8449,ai_heavy
7925,5,330,7639.6,9931.4,0.8584,ai_heavy
7926,6,330,6957.1,9044.2,0.874,ai_heavy
7927,7,330,8000.9,10401.1,0.8911,ai_heavy
7928,8,330,7916.4,10291.4,0.9092,ai_heavy
7929,9,330,7632.5,9922.2,0.9272,ai_heavy
7930,10,330,7286.0,9471.8,0.9441,ai_heavy
7931,11,330,7907.7,10279.9,0.9588,ai_heavy
7932,12,330,7488.5,9735.1,0.9703,ai_heavy
7933,13,330,7781.2,10115.6,0.9775,ai_heavy
7934,14,330,7367.4,9577.6,0.98,ai_heavy
7935,15,330,8076.9,10500.0,0.9775,ai_heavy
7936,16,330,7316.8,9511.9,0.9703,ai_heavy
7937,17,330,7646.4,9940.3,0.9588,ai_heavy
7938,18,330,7124.1,9261.3,0.9441,ai_heavy
7939,19,330,7573.7,9845.8,0.9272,ai_heavy
7940,20,330,7459.7,9697.6,0.9092,ai_heavy
7941,21,330,7785.9,10121.6,0.8911,ai_heavy
7942,22,330,7407.6,9629.8,0.874,ai_heavy
7943,23,330,7735.5,10056.1,0.8584,ai_heavy
7944,0,331,7182.4,9337.1,0.8118,ai_heavy
7945,1,331,7355.4,9562.0,0.8172,ai_heavy
7946,2,331,7370.5,9581.6,0.8244,ai_heavy
7947,3,331,7553.3,9819.2,0.8335,ai_heavy
7948,4,331,7542.1,9804.7,0.8449,ai_heavy
7949,5,331,7642.0,9934.6,0.8584,ai_heavy
7950,6,331,7563.4,9832.4,0.874,ai_heavy
7951,7,331,7678.4,9981.9,0.8911,ai_heavy
7952,8,331,7352.5,9558.3,0.9092,ai_heavy
7953,9,331,7671.6,9973.0,0.9272,ai_heavy
7954,10,331,7975.6,10368.3,0.9441,ai_heavy
7955,11,331,7246.0,9419.8,0.9588,ai_heavy
7956,12,331,7759.9,10087.9,0.9703,ai_heavy
7957,13,331,7814.1,10158.3,0.9775,ai_heavy
7958,14,331,7998.2,10397.6,0.98,ai_heavy
7959,15,331,7825.4,10173.0,0.9775,ai_heavy
7960,16,331,7670.7,9972.0,0.9703,ai_heavy
7961,17,331,7729.0,10047.7,0.9588,ai_heavy
7962,18,331,7440.7,9672.9,0.9441,ai_heavy
7963,19,331,7494.8,9743.3,0.9272,ai_heavy
7964,20,331,7253.3,9429.3,0.9092,ai_heavy
7965,21,331,7864.9,10224.4,0.8911,ai_heavy
7966,22,331,7604.6,9886.0,0.874,ai_heavy
7967,23,331,7274.4,9456.7,0.8584,ai_heavy
7968,0,332,7470.4,9711.5,0.8118,ai_heavy
7969,1,332,7676.1,9979.0,0.8172,ai_heavy
7970,2,332,7650.1,9945.1,0.8244,ai_heavy
7971,3,332,7235.5,9406.1,0.8335,ai_heavy
7972,4,332,6758.3,8785.8,0.8449,ai_heavy
7973,5,332,7568.7,9839.3,0.8584,ai_heavy
7974,6,332,7303.7,9494.8,0.874,ai_heavy
7975,7,332,7669.6,9970.5,0.8911,ai_heavy
7976,8,332,7771.5,10102.9,0.9092,ai_heavy
7977,9,332,7836.4,10187.4,0.9272,ai_heavy
7978,10,332,8006.8,10408.8,0.9441,ai_heavy
7979,11,332,7913.6,10287.7,0.9588,ai_heavy
7980,12,332,8049.1,10463.9,0.9703,ai_heavy
7981,13,332,7975.4,10368.1,0.9775,ai_heavy
7982,14,332,7999.3,10399.1,0.98,ai_heavy
7983,15,332,7649.2,9944.0,0.9775,ai_heavy
7984,16,332,7351.9,9557.5,0.9703,ai_heavy
7985,17,332,8076.9,10500.0,0.9588,ai_heavy
7986,18,332,7622.9,9909.7,0.9441,ai_heavy
7987,19,332,7862.6,10221.4,0.9272,ai_heavy
7988,20,332,7431.3,9660.7,0.9092,ai_heavy
7989,21,332,7746.7,10070.8,0.8911,ai_heavy
7990,22,332,6952.9,9038.8,0.874,ai_heavy
7991,23,332,7387.9,9604.2,0.8584,ai_heavy
7992,0,333,7388.2,9604.6,0.8118,ai_heavy
7993,1,333,7521.1,9777.4,0.8172,ai_heavy
7994,2,333,7667.8,9968.1,0.8244,ai_heavy
7995,3,333,7198.3,9357.8,0.8335,ai_heavy
7996,4,333,7607.3,9889.5,0.8449,ai_heavy
7997,5,333,7755.2,10081.8,0.8584,ai_heavy
7998,6,333,8031.4,10440.8,0.874,ai_heavy
7999,7,333,7688.6,9995.2,0.8911,ai_heavy
8000,8,333,7451.9,9687.5,0.9092,ai_heavy
8001,9,333,7293.8,9481.9,0.9272,ai_heavy
8002,10,333,8026.0,10433.8,0.9441,ai_heavy
8003,11,333,7799.4,10139.2,0.9588,ai_heavy
8004,12,333,7642.7,9935.5,0.9703,ai_heavy
8005,13,333,7286.4,9472.3,0.9775,ai_heavy
8006,14,333,7448.3,9682.7,0.98,ai_heavy
8007,15,333,7803.6,10144.7,0.9775,ai_heavy
8008,16,333,7728.9,10047.6,0.9703,ai_heavy
8009,17,333,7185.0,9340.5,0.9588,ai_heavy
8010,18,333,7752.9,10078.8,0.9441,ai_heavy
8011,19,333,7226.3,9394.2,0.9272,ai_heavy
8012,20,333,7863.0,10221.9,0.9092,ai_heavy
8013,21,333,7576.1,9849.0,0.8911,ai_heavy
8014,22,333,7399.0,9618.7,0.874,ai_heavy
8015,23,333,7702.2,10012.8,0.8584,ai_heavy
8016,0,334,7483.3,9728.2,0.8083,ai_heavy
8017,1,334,7704.9,10016.4,0.812,ai_heavy
8018,2,334,7435.8,9666.5,0.8171,ai_heavy
8019,3,334,7458.4,9696.0,0.8235,ai_heavy
8020,4,334,7375.8,9588.5,0.8314,ai_heavy
8021,5,334,7512.5,9766.2,0.8409,ai_heavy
8022,6,334,7850.5,10205.7,0.8518,ai_heavy
8023,7,334,7375.1,9587.6,0.8638,ai_heavy
8024,8,334,7652.9,9948.7,0.8764,ai_heavy
8025,9,334,7327.1,9525.2,0.889,ai_heavy
8026,10,334,7075.9,9198.7,0.9009,ai_heavy
8027,11,334,7606.1,9888.0,0.9112,ai_heavy
8028,12,334,7655.2,9951.8,0.9192,ai_heavy
8029,13,334,7553.7,9819.8,0.9243,ai_heavy
8030,14,334,7241.1,9413.4,0.926,ai_heavy
8031,15,334,7647.9,9942.3,0.9243,ai_heavy
8032,16,334,7631.6,9921.1,0.9192,ai_heavy
8033,17,334,7357.5,9564.8,0.9112,ai_heavy
8034,18,334,7237.3,9408.5,0.9009,ai_heavy
8035,19,334,7468.9,9709.5,0.889,ai_heavy
8036,20,334,7654.0,9950.2,0.8764,ai_heavy
8037,21,334,7581.6,9856.1,0.8638,ai_heavy
8038,22,334,7272.6,9454.4,0.8518,ai_heavy
8039,23,334,7484.3,9729.6,0.8409,ai_heavy
8040,0,335,7601.8,9882.3,0.8083,ai_heavy
8041,1,335,7149.7,9294.6,0.812,ai_heavy
8042,2,335,7431.9,9661.5,0.8171,ai_heavy
8043,3,335,7726.0,10043.8,0.8235,ai_heavy
8044,4,335,7154.9,9301.4,0.8314,ai_heavy
8045,5,335,7712.1,10025.7,0.8409,ai_heavy
8046,6,335,7832.9,10182.7,0.8518,ai_heavy
8047,7,335,7438.1,9669.5,0.8638,ai_heavy
8048,8,335,7429.7,9658.6,0.8764,ai_heavy
8049,9,335,7759.1,10086.8,0.889,ai_heavy
8050,10,335,7501.5,9752.0,0.9009,ai_heavy
8051,11,335,7025.5,9133.1,0.9112,ai_heavy
8052,12,335,7548.7,9813.3,0.9192,ai_heavy
8053,13,335,7685.7,9991.3,0.9243,ai_heavy
8054,14,335,7749.6,10074.5,0.926,ai_heavy
8055,15,335,7378.5,9592.0,0.9243,ai_heavy
8056,16,335,7509.8,9762.8,0.9192,ai_heavy
8057,17,335,7780.6,10114.8,0.9112,ai_heavy
8058,18,335,7530.1,9789.1,0.9009,ai_heavy
8059,19,335,7180.7,9334.9,0.889,ai_heavy
8060,20,335,7785.7,10121.4,0.8764,ai_heavy
8061,21,335,7439.9,9671.9,0.8638,ai_heavy
8062,22,335,7714.6,10028.9,0.8518,ai_heavy
8063,23,335,7141.6,9284.1,0.8409,ai_heavy
8064,0,336,7383.2,9598.1,0.8118,ai_heavy
8065,1,336,7531.6,9791.0,0.8172,ai_heavy
8066,2,336,7409.4,9632.3,0.8244,ai_heavy
8067,3,336,7178.5,9332.0,0.8335,ai_heavy
8068,4,336,6925.5,9003.1,0.8449,ai_heavy
8069,5,336,7821.8,10168.3,0.8584,ai_heavy
8070,6,336,7559.1,9826.9,0.874,ai_heavy
8071,7,336,7792.6,10130.3,0.8911,ai_heavy
8072,8,336,7766.6,10096.6,0.9092,ai_heavy
8073,9,336,7718.9,10034.5,0.9272,ai_heavy
8074,10,336,7535.2,9795.7,0.9441,ai_heavy
8075,11,336,7742.7,10065.5,0.9588,ai_heavy
8076,12,336,7976.4,10369.3,0.9703,ai_heavy
8077,13,336,7677.7,9981.0,0.9775,ai_heavy
8078,14,336,8076.9,10500.0,0.98,ai_heavy
8079,15,336,7314.1,9508.3,0.9775,ai_heavy
8080,16,336,7279.0,9462.8,0.9703,ai_heavy
8081,17,336,7856.8,10213.8,0.9588,ai_heavy
8082,18,336,7421.6,9648.1,0.9441,ai_heavy
8083,19,336,8047.9,10462.3,0.9272,ai_heavy
8084,20,336,7859.2,10217.0,0.9092,ai_heavy
8085,21,336,7887.6,10253.9,0.8911,ai_heavy
8086,22,336,7702.4,10013.1,0.874,ai_heavy
8087,23,336,7273.2,9455.1,0.8584,ai_heavy
8088,0,337,7041.2,9153.5,0.8118,ai_heavy
8089,1,337,7750.9,10076.2,0.8172,ai_heavy
8090,2,337,7094.6,9223.0,0.8244,ai_heavy
8091,3,337,7796.5,10135.4,0.8335,ai_heavy
8092,4,337,7609.5,9892.3,0.8449,ai_heavy
8093,5,337,7462.9,9701.7,0.8584,ai_heavy
8094,6,337,7602.8,9883.7,0.874,ai_heavy
8095,7,337,7634.1,9924.3,0.8911,ai_heavy
8096,8,337,7510.2,9763.2,0.9092,ai_heavy
8097,9,337,7907.4,10279.7,0.9272,ai_heavy
8098,10,337,7926.1,10303.9,0.9441,ai_heavy
8099,11,337,7666.2,9966.1,0.9588,ai_heavy
8100,12,337,7510.1,9763.1,0.9703,ai_heavy
8101,13,337,7958.6,10346.2,0.9775,ai_heavy
8102,14,337,7197.4,9356.6,0.98,ai_heavy
8103,15,337,7760.6,10088.7,0.9775,ai_heavy
8104,16,337,7817.4,10162.6,0.9703,ai_heavy
8105,17,337,7441.0,9673.2,0.9588,ai_heavy
8106,18,337,7830.8,10180.0,0.9441,ai_heavy
8107,19,337,7577.1,9850.2,0.9272,ai_heavy
8108,20,337,7432.4,9662.1,0.9092,ai_heavy
8109,21,337,7746.6,10070.6,0.8911,ai_heavy
8110,22,337,7258.9,9436.6,0.874,ai_heavy
8111,23,337,7675.0,9977.5,0.8584,ai_heavy
8112,0,338,6969.4,9060.2,0.8118,ai_heavy
8113,1,338,7481.7,9726.2,0.8172,ai_heavy
8114,2,338,7438.6,9670.2,0.8244,ai_heavy
8115,3,338,7322.1,9518.7,0.8335,ai_heavy
8116,4,338,7546.8,9810.9,0.8449,ai_heavy
8117,5,338,7462.1,9700.7,0.8584,ai_heavy
8118,6,338,7740.7,10062.9,0.874,ai_heavy
8119,7,338,7655.5,9952.2,0.8911,ai_heavy
8120,8,338,7658.7,9956.3,0.9092,ai_heavy
8121,9,338,7649.5,9944.3,0.9272,ai_heavy
8122,10,338,7500.7,9751.0,0.9441,ai_heavy
8123,11,338,7561.5,9829.9,0.9588,ai_heavy
8124,12,338,7704.7,10016.1,0.9703,ai_heavy
8125,13,338,7618.8,9904.4,0.9775,ai_heavy
8126,14,338,7917.8,10293.1,0.98,ai_heavy
8127,15,338,7680.1,9984.1,0.9775,ai_heavy
8128,16,338,7734.0,10054.2,0.9703,ai_heavy
8129,17,338,7309.5,9502.3,0.9588,ai_heavy
8130,18,338,7823.8,10170.9,0.9441,ai_heavy
8131,19,338,7450.9,9686.2,0.9272,ai_heavy
8132,20,338,7319.7,9515.6,0.9092,ai_heavy
8133,21,338,7900.8,10271.1,0.8911,ai_heavy
8134,22,338,7660.3,9958.4,0.874,ai_heavy
8135,23,338,7699.2,10009.0,0.8584,ai_heavy
8136,0,339,7511.1,9764.4,0.8118,ai_heavy
8137,1,339,7397.4,9616.6,0.8172,ai_heavy
8138,2,339,7366.5,9576.5,0.8244,ai_heavy
8139,3,339,7616.6,9901.5,0.8335,ai_heavy
8140,4,339,7713.1,10027.0,0.8449,ai_heavy
8141,5,339,7464.7,9704.1,0.8584,ai_heavy
8142,6,339,7969.8,10360.8,0.874,ai_heavy
8143,7,339,7484.4,9729.8,0.8911,ai_heavy
8144,8,339,7240.1,9412.1,0.9092,ai_heavy
8145,9,339,7191.5,9348.9,0.9272,ai_heavy
8146,10,339,7223.3,9390.2,0.9441,ai_heavy
8147,11,339,7535.9,9796.6,0.9588,ai_heavy
8148,12,339,7594.5,9872.8,0.9703,ai_heavy
8149,13,339,7815.4,10160.0,0.9775,ai_heavy
8150,14,339,7655.7,9952.5,0.98,ai_heavy
8151,15,339,7852.4,10208.1,0.9775,ai_heavy
8152,16,339,7658.0,9955.4,0.9703,ai_heavy
8153,17,339,7633.7,9923.8,0.9588,ai_heavy
8154,18,339,7476.7,9719.7,0.9441,ai_heavy
8155,19,339,7906.7,10278.8,0.9272,ai_heavy
8156,20,339,7208.9,9371.6,0.9092,ai_heavy
8157,21,339,7597.1,9876.2,0.8911,ai_heavy
8158,22,339,7462.4,9701.1,0.874,ai_heavy
8159,23,339,7655.4,9952.0,0.8584,ai_heavy
8160,0,340,7405.4,9627.1,0.8118,ai_heavy
8161,1,340,7420.1,9646.1,0.8172,ai_heavy
8162,2,340,7369.4,9580.3,0.8244,ai_heavy
8163,3,340,7753.7,10079.8,0.8335,ai_heavy
8164,4,340,7460.2,9698.2,0.8449,ai_heavy
8165,5,340,7922.0,10298.5,0.8584,ai_heavy
8166,6,340,7564.6,9834.0,0.874,ai_heavy
8167,7,340,7533.9,9794.1,0.8911,ai_heavy
8168,8,340,7523.1,9780.1,0.9092,ai_heavy
8169,9,340,7711.5,10024.9,0.9272,ai_heavy
8170,10,340,7474.2,9716.5,0.9441,ai_heavy
8171,11,340,7663.9,9963.1,0.9588,ai_heavy
8172,12,340,7649.6,9944.5,0.9703,ai_heavy
8173,13,340,7733.3,10053.3,0.9775,ai_heavy
8174,14,340,7742.8,10065.6,0.98,ai_heavy
8175,15,340,7750.9,10076.2,0.9775,ai_heavy
8176,16,340,7669.5,9970.3,0.9703,ai_heavy
8177,17,340,7989.7,10386.7,0.9588,ai_heavy
8178,18,340,7705.0,10016.4,0.9441,ai_heavy
8179,19,340,8076.9,10500.0,0.9272,ai_heavy
8180,20,340,7567.4,9837.6,0.9092,ai_heavy
8181,21,340,7745.6,10069.3,0.8911,ai_heavy
8182,22,340,7339.9,9541.8,0.874,ai_heavy
8183,23,340,7794.3,10132.6,0.8584,ai_heavy
8184,0,341,7248.3,9422.8,0.8083,ai_heavy
8185,1,341,7511.7,9765.2,0.812,ai_heavy
8186,2,341,7359.0,9566.8,0.8171,ai_heavy
8187,3,341,7528.2,9786.7,0.8235,ai_heavy
8188,4,341,7387.0,9603.1,0.8314,ai_heavy
8189,5,341,7277.2,9460.3,0.8409,ai_heavy
8190,6,341,7409.1,9631.9,0.8518,ai_heavy
8191,7,341,7834.3,10184.6,0.8638,ai_heavy
8192,8,341,7612.2,9895.8,0.8764,ai_heavy
8193,9,341,7234.9,9405.3,0.889,ai_heavy
8194,10,341,7791.5,10129.0,0.9009,ai_heavy
8195,11,341,7356.9,9564.0,0.9112,ai_heavy
8196,12,341,7739.9,10061.9,0.9192,ai_heavy
8197,13,341,7704.5,10015.8,0.9243,ai_heavy
8198,14,341,7721.5,10037.9,0.926,ai_heavy
8199,15,341,8000.0,10400.1,0.9243,ai_heavy
8200,16,341,7382.9,9597.7,0.9192,ai_heavy
8201,17,341,7697.6,10006.9,0.9112,ai_heavy
8202,18,341,7828.7,10177.3,0.9009,ai_heavy
8203,19,341,7380.6,9594.8,0.889,ai_heavy
8204,20,341,7339.0,9540.7,0.8764,ai_heavy
8205,21,341,7423.5,9650.5,0.8638,ai_heavy
8206,22,341,7542.8,9805.6,0.8518,ai_heavy
8207,23,341,7138.3,9279.8,0.8409,ai_heavy
8208,0,342,7527.2,9785.4,0.8083,ai_heavy
8209,1,342,7097.3,9226.5,0.812,ai_heavy
8210,2,342,7705.7,10017.4,0.8171,ai_heavy
8211,3,342,7542.0,9804.6,0.8235,ai_heavy
8212,4,342,7866.4,10226.3,0.8314,ai_heavy
8213,5,342,7603.2,9884.2,0.8409,ai_heavy
8214,6,342,7401.7,9622.2,0.8518,ai_heavy
8215,7,342,7308.6,9501.2,0.8638,ai_heavy
8216,8,342,7560.7,9829.0,0.8764,ai_heavy
8217,9,342,7519.0,9774.7,0.889,ai_heavy
8218,10,342,7812.1,10155.7,0.9009,ai_heavy
8219,11,342,7348.5,9553.1,0.9112,ai_heavy
8220,12,342,8030.1,10439.1,0.9192,ai_heavy
8221,13,342,7868.5,10229.1,0.9243,ai_heavy
8222,14,342,7535.0,9795.5,0.926,ai_heavy
8223,15,342,7987.5,10383.7,0.9243,ai_heavy
8224,16,342,7393.2,9611.2,0.9192,ai_heavy
8225,17,342,7605.7,9887.4,0.9112,ai_heavy
8226,18,342,7254.8,9431.2,0.9009,ai_heavy
8227,19,342,7942.8,10325.6,0.889,ai_heavy
8228,20,342,7135.9,9276.7,0.8764,ai_heavy
8229,21,342,7164.4,9313.8,0.8638,ai_heavy
8230,22,342,7327.8,9526.1,0.8518,ai_heavy
8231,23,342,7749.4,10074.2,0.8409,ai_heavy
8232,0,343,7622.3,9909.0,0.8118,ai_heavy
8233,1,343,7445.3,9678.9,0.8172,ai_heavy
8234,2,343,7655.9,9952.7,0.8244,ai_heavy
8235,3,343,7416.8,9641.9,0.8335,ai_heavy
8236,4,343,7554.2,9820.4,0.8449,ai_heavy
8237,5,343,7850.6,10205.8,0.8584,ai_heavy
8238,6,343,7447.8,9682.1,0.874,ai_heavy
8239,7,343,7355.9,9562.7,0.8911,ai_heavy
8240,8,343,7662.7,9961.5,0.9092,ai_heavy
8241,9,343,7751.5,10077.0,0.9272,ai_heavy
8242,10,343,7633.7,9923.8,0.9441,ai_heavy
8243,11,343,7860.3,10218.4,0.9588,ai_heavy
8244,12,343,7601.5,9882.0,0.9703,ai_heavy
8245,13,343,7687.9,9994.3,0.9775,ai_heavy
8246,14,343,7748.4,10072.9,0.98,ai_heavy
8247,15,343,7724.6,10042.0,0.9775,ai_heavy
8248,16,343,8017.9,10423.2,0.9703,ai_heavy
8249,17,343,7715.2,10029.7,0.9588,ai_heavy
8250,18,343,7539.1,9800.9,0.9441,ai_heavy
8251,19,343,7703.2,10014.2,0.9272,ai_heavy
8252,20,343,7784.8,10120.2,0.9092,ai_heavy
8253,21,343,7703.9,10015.1,0.8911,ai_heavy
8254,22,343,7665.1,9964.6,0.874,ai_heavy
8255,23,343,7143.8,9286.9,0.8584,ai_heavy
8256,0,344,6856.0,8912.8,0.8118,ai_heavy
8257,1,344,7701.9,10012.5,0.8172,ai_heavy
8258,2,344,7526.7,9784.7,0.8244,ai_heavy
8259,3,344,7437.8,9669.1,0.8335,ai_heavy
8260,4,344,7615.0,9899.5,0.8449,ai_heavy
8261,5,344,7912.5,10286.2,0.8584,ai_heavy
8262,6,344,7821.5,10167.9,0.874,ai_heavy
8263,7,344,7746.4,10070.3,0.8911,ai_heavy
8264,8,344,7355.1,9561.6,0.9092,ai_heavy
8265,9,344,7410.9,9634.2,0.9272,ai_heavy
8266,10,344,7063.8,9182.9,0.9441,ai_heavy
8267,11,344,7775.6,10108.3,0.9588,ai_heavy
8268,12,344,7902.1,10272.7,0.9703,ai_heavy
8269,13,344,7932.0,10311.6,0.9775,ai_heavy
8270,14,344,7817.6,10162.8,0.98,ai_heavy
8271,15,344,7623.2,9910.1,0.9775,ai_heavy
8272,16,344,7518.3,9773.7,0.9703,ai_heavy
8273,17,344,7441.6,9674.1,0.9588,ai_heavy
8274,18,344,7571.2,9842.6,0.9441,ai_heavy
8275,19,344,7360.7,9568.9,0.9272,ai_heavy
8276,20,344,7954.1,10340.3,0.9092,ai_heavy
8277,21,344,7234.9,9405.3,0.8911,ai_heavy
8278,22,344,7459.0,9696.6,0.874,ai_heavy
8279,23,344,7045.5,9159.1,0.8584,ai_heavy
8280,0,345,7476.0,9718.8,0.8118,ai_heavy
8281,1,345,7417.6,9642.9,0.8172,ai_heavy
8282,2,345,7349.3,9554.1,0.8244,ai_heavy
8283,3,345,7234.3,9404.6,0.8335,ai_heavy
8284,4,345,7460.2,9698.2,0.8449,ai_heavy
8285,5,345,7357.8,9565.1,0.8584,ai_heavy
8286,6,345,7472.5,9714.2,0.874,ai_heavy
8287,7,345,7971.1,10362.5,0.8911,ai_heavy
8288,8,345,7595.1,9873.6,0.9092,ai_heavy
8289,9,345,7704.3,10015.6,0.9272,ai_heavy
8290,10,345,7502.5,9753.2,0.9441,ai_heavy
8291,11,345,7451.0,9686.3,0.9588,ai_heavy
8292,12,345,7642.4,9935.2,0.9703,ai_heavy
8293,13,345,8076.9,10500.0,0.9775,ai_heavy
8294,14,345,7596.2,9875.1,0.98,ai_heavy
8295,15,345,7741.6,10064.1,0.9775,ai_heavy
8296,16,345,7457.7,9695.0,0.9703,ai_heavy
8297,17,345,6999.9,9099.8,0.9588,ai_heavy
8298,18,345,7428.2,9656.7,0.9441,ai_heavy
8299,19,345,8076.9,10500.0,0.9272,ai_heavy
8300,20,345,7691.0,9998.3,0.9092,ai_heavy
8301,21,345,7899.7,10269.6,0.8911,ai_heavy
8302,22,345,7425.0,9652.5,0.874,ai_heavy
8303,23,345,6951.1,9036.4,0.8584,ai_heavy
8304,0,346,7163.6,9312.7,0.8118,ai_heavy
8305,1,346,7506.5,9758.4,0.8172,ai_heavy
8306,2,346,7481.8,9726.3,0.8244,ai_heavy
8307,3,346,7440.3,9672.4,0.8335,ai_heavy
8308,4,346,7341.0,9543.3,0.8449,ai_heavy
8309,5,346,7690.8,9998.1,0.8584,ai_heavy
8310,6,346,7390.5,9607.6,0.874,ai_heavy
8311,7,346,7598.5,9878.1,0.8911,ai_heavy
8312,8,346,7600.3,9880.5,0.9092,ai_heavy
8313,9,346,7499.3,9749.1,0.9272,ai_heavy
8314,10,346,7407.3,9629.6,0.9441,ai_heavy
8315,11,346,7532.8,9792.6,0.9588,ai_heavy
8316,12,346,8076.9,10500.0,0.9703,ai_heavy
8317,13,346,7914.2,10288.4,0.9775,ai_heavy
8318,14,346,7896.9,10265.9,0.98,ai_heavy
8319,15,346,7477.9,9721.3,0.9775,ai_heavy
8320,16,346,7317.9,9513.2,0.9703,ai_heavy
8321,17,346,7881.6,10246.1,0.9588,ai_heavy
8322,18,346,7815.0,10159.5,0.9441,ai_heavy
8323,19,346,7614.3,9898.6,0.9272,ai_heavy
8324,20,346,7472.1,9713.7,0.9092,ai_heavy
8325,21,346,7198.4,9357.9,0.8911,ai_heavy
8326,22,346,7698.6,10008.1,0.874,ai_heavy
8327,23,346,7746.1,10070.0,0.8584,ai_heavy
8328,0,347,7259.1,9436.8,0.8118,ai_heavy
8329,1,347,7248.4,9422.9,0.8172,ai_heavy
8330,2,347,7705.4,10017.1,0.8244,ai_heavy
8331,3,347,7299.3,9489.1,0.8335,ai_heavy
8332,4,347,7857.8,10215.1,0.8449,ai_heavy
8333,5,347,7455.5,9692.1,0.8584,ai_heavy
8334,6,347,7416.3,9641.2,0.874,ai_heavy
8335,7,347,7539.2,9801.0,0.8911,ai_heavy
8336,8,347,7468.4,9709.0,0.9092,ai_heavy
8337,9,347,7839.3,10191.1,0.9272,ai_heavy
8338,10,347,7810.7,10153.9,0.9441,ai_heavy
8339,11,347,7879.7,10243.6,0.9588,ai_heavy
8340,12,347,7690.1,9997.1,0.9703,ai_heavy
8341,13,347,7553.7,9819.9,0.9775,ai_heavy
8342,14,347,7660.2,9958.3,0.98,ai_heavy
8343,15,347,7560.8,9829.0,0.9775,ai_heavy
8344,16,347,7984.2,10379.5,0.9703,ai_heavy
8345,17,347,7860.0,10218.0,0.9588,ai_heavy
8346,18,347,7587.6,9863.9,0.9441,ai_heavy
8347,19,347,7372.3,9584.0,0.9272,ai_heavy
8348,20,347,7905.4,10277.0,0.9092,ai_heavy
8349,21,347,7559.9,9827.9,0.8911,ai_heavy
8350,22,347,7474.0,9716.2,0.874,ai_heavy
8351,23,347,7827.7,10176.0,0.8584,ai_heavy
8352,0,348,7291.4,9478.9,0.8083,ai_heavy
8353,1,348,7339.5,9541.3,0.812,ai_heavy
8354,2,348,7366.5,9576.5,0.8171,ai_heavy
8355,3,348,7134.1,9274.4,0.8235,ai_heavy
8356,4,348,7509.9,9762.9,0.8314,ai_heavy
8357,5,348,7283.2,9468.2,0.8409,ai_heavy
8358,6,348,7342.1,9544.7,0.8518,ai_heavy
8359,7,348,7329.8,9528.7,0.8638,ai_heavy
8360,8,348,7374.7,9587.1,0.8764,ai_heavy
8361,9,348,7336.5,9537.4,0.889,ai_heavy
8362,10,348,7599.6,9879.5,0.9009,ai_heavy
8363,11,348,7523.8,9781.0,0.9112,ai_heavy
8364,12,348,7582.0,9856.6,0.9192,ai_heavy
8365,13,348,8076.9,10500.0,0.9243,ai_heavy
8366,14,348,7545.9,9809.7,0.926,ai_heavy
8367,15,348,7716.2,10031.1,0.9243,ai_heavy
8368,16,348,7734.3,10054.6,0.9192,ai_heavy
8369,17,348,7544.8,9808.3,0.9112,ai_heavy
8370,18,348,7605.6,9887.3,0.9009,ai_heavy
8371,19,348,7530.5,9789.7,0.889,ai_heavy
8372,20,348,7552.6,9818.3,0.8764,ai_heavy
8373,21,348,7356.2,9563.1,0.8638,ai_heavy
8374,22,348,7359.3,9567.0,0.8518,ai_heavy
8375,23,348,7457.5,9694.7,0.8409,ai_heavy
8376,0,349,6966.7,9056.7,0.8083,ai_heavy
8377,1,349,7743.0,10065.9,0.812,ai_heavy
8378,2,349,7898.8,10268.4,0.8171,ai_heavy
8379,3,349,7465.5,9705.1,0.8235,ai_heavy
8380,4,349,7588.0,9864.3,0.8314,ai_heavy
8381,5,349,7695.4,10004.0,0.8409,ai_heavy
8382,6,349,7173.1,9325.1,0.8518,ai_heavy
8383,7,349,7696.5,10005.5,0.8638,ai_heavy
8384,8,349,7410.9,9634.2,0.8764,ai_heavy
8385,9,349,8043.1,10456.0,0.889,ai_heavy
8386,10,349,7501.0,9751.4,0.9009,ai_heavy
8387,11,349,7765.1,10094.6,0.9112,ai_heavy
8388,12,349,7530.6,9789.7,0.9192,ai_heavy
8389,13,349,8076.9,10500.0,0.9243,ai_heavy
8390,14,349,7464.8,9704.2,0.926,ai_heavy
8391,15,349,7843.6,10196.7,0.9243,ai_heavy
8392,16,349,7713.4,10027.5,0.9192,ai_heavy
8393,17,349,7650.8,9946.0,0.9112,ai_heavy
8394,18,349,7595.5,9874.1,0.9009,ai_heavy
8395,19,349,7375.3,9587.8,0.889,ai_heavy
8396,20,349,6924.5,9001.9,0.8764,ai_heavy
8397,21,349,7729.4,10048.2,0.8638,ai_heavy
8398,22,349,7360.5,9568.6,0.8518,ai_heavy
8399,23,349,7715.2,10029.8,0.8409,ai_heavy
8400,0,350,7488.2,9734.7,0.8118,ai_heavy
8401,1,350,7685.2,9990.8,0.8172,ai_heavy
8402,2,350,7607.6,9889.8,0.8244,ai_heavy
8403,3,350,6892.3,8960.0,0.8335,ai_heavy
8404,4,350,7597.2,9876.4,0.8449,ai_heavy
8405,5,350,7402.8,9623.7,0.8584,ai_heavy
8406,6,350,7765.6,10095.2,0.874,ai_heavy
8407,7,350,7662.6,9961.3,0.8911,ai_heavy
8408,8,350,7692.8,10000.6,0.9092,ai_heavy
8409,9,350,7521.2,9777.5,0.9272,ai_heavy
8410,10,350,7400.2,9620.3,0.9441,ai_heavy
8411,11,350,7531.5,9790.9,0.9588,ai_heavy
8412,12,350,7234.8,9405.2,0.9703,ai_heavy
8413,13,350,7522.9,9779.8,0.9775,ai_heavy
8414,14,350,7325.7,9523.5,0.98,ai_heavy
8415,15,350,7328.3,9526.7,0.9775,ai_heavy
8416,16,350,7674.4,9976.8,0.9703,ai_heavy
8417,17,350,7752.8,10078.7,0.9588,ai_heavy
8418,18,350,7601.2,9881.6,0.9441,ai_heavy
8419,19,350,7469.6,9710.5,0.9272,ai_heavy
8420,20,350,7341.3,9543.7,0.9092,ai_heavy
8421,21,350,7457.4,9694.6,0.8911,ai_heavy
8422,22,350,7318.2,9513.7,0.874,ai_heavy
8423,23,350,7465.9,9705.6,0.8584,ai_heavy
8424,0,351,7071.8,9193.4,0.8118,ai_heavy
8425,1,351,7574.2,9846.5,0.8172,ai_heavy
8426,2,351,7302.5,9493.2,0.8244,ai_heavy
8427,3,351,7526.6,9784.6,0.8335,ai_heavy
8428,4,351,7658.2,9955.6,0.8449,ai_heavy
8429,5,351,7553.5,9819.6,0.8584,ai_heavy
8430,6,351,7683.2,9988.1,0.874,ai_heavy
8431,7,351,7062.2,9180.9,0.8911,ai_heavy
8432,8,351,7444.3,9677.7,0.9092,ai_heavy
8433,9,351,7834.0,10184.3,0.9272,ai_heavy
8434,10,351,7724.7,10042.2,0.9441,ai_heavy
8435,11,351,8053.7,10469.8,0.9588,ai_heavy
8436,12,351,8038.8,10450.4,0.9703,ai_heavy
8437,13,351,7727.4,10045.6,0.9775,ai_heavy
8438,14,351,7604.4,9885.7,0.98,ai_heavy
8439,15,351,7438.4,9669.9,0.9775,ai_heavy
8440,16,351,7538.6,9800.1,0.9703,ai_heavy
8441,17,351,7537.1,9798.3,0.9588,ai_heavy
8442,18,351,7473.1,9715.0,0.9441,ai_heavy
8443,19,351,7374.2,9586.4,0.9272,ai_heavy
8444,20,351,7647.1,9941.2,0.9092,ai_heavy
8445,21,351,7912.2,10285.9,0.8911,ai_heavy
8446,22,351,7713.4,10027.4,0.874,ai_heavy
8447,23,351,7407.6,9629.9,0.8584,ai_heavy
8448,0,352,7635.5,9926.1,0.8118,ai_heavy
8449,1,352,7495.3,9743.9,0.8172,ai_heavy
8450,2,352,7419.8,9645.7,0.8244,ai_heavy
8451,3,352,7419.6,9645.4,0.8335,ai_heavy
8452,4,352,7414.9,9639.4,0.8449,ai_heavy
8453,5,352,7626.1,9913.9,0.8584,ai_heavy
8454,6,352,7534.7,9795.2,0.874,ai_heavy
8455,7,352,7364.5,9573.8,0.8911,ai_heavy
8456,8,352,7380.0,9594.0,0.9092,ai_heavy
8457,9,352,7652.7,9948.5,0.9272,ai_heavy
8458,10,352,7706.3,10018.3,0.9441,ai_heavy
8459,11,352,7558.9,9826.6,0.9588,ai_heavy
8460,12,352,7388.0,9604.4,0.9703,ai_heavy
8461,13,352,7946.0,10329.8,0.9775,ai_heavy
8462,14,352,7901.1,10271.4,0.98,ai_heavy
8463,15,352,7202.0,9362.6,0.9775,ai_heavy
8464,16,352,7955.1,10341.6,0.9703,ai_heavy
8465,17,352,7582.7,9857.6,0.9588,ai_heavy
8466,18,352,7651.9,9947.4,0.9441,ai_heavy
8467,19,352,7842.0,10194.7,0.9272,ai_heavy
8468,20,352,7930.7,10309.9,0.9092,ai_heavy
8469,21,352,7755.5,10082.2,0.8911,ai_heavy
8470,22,352,7557.6,9824.8,0.874,ai_heavy
8471,23,352,7171.3,9322.7,0.8584,ai_heavy
8472,0,353,6959.6,9047.5,0.8118,ai_heavy
8473,1,353,7613.6,9897.6,0.8172,ai_heavy
8474,2,353,7727.9,10046.3,0.8244,ai_heavy
8475,3,353,7260.7,9438.9,0.8335,ai_heavy
8476,4,353,7399.3,9619.0,0.8449,ai_heavy
8477,5,353,7354.9,9561.4,0.8584,ai_heavy
8478,6,353,7371.9,9583.4,0.874,ai_heavy
8479,7,353,7771.8,10103.4,0.8911,ai_heavy
8480,8,353,7605.6,9887.2,0.9092,ai_heavy
8481,9,353,7531.0,9790.3,0.9272,ai_heavy
8482,10,353,8076.9,10500.0,0.9441,ai_heavy
8483,11,353,7302.2,9492.9,0.9588,ai_heavy
8484,12,353,7773.4,10105.5,0.9703,ai_heavy
8485,13,353,7417.6,9642.8,0.9775,ai_heavy
8486,14,353,7626.1,9914.0,0.98,ai_heavy
8487,15,353,7692.7,10000.6,0.9775,ai_heavy
8488,16,353,7841.5,10193.9,0.9703,ai_heavy
8489,17,353,7570.8,9842.0,0.9588,ai_heavy
8490,18,353,7524.7,9782.2,0.9441,ai_heavy
8491,19,353,7519.6,9775.5,0.9272,ai_heavy
8492,20,353,7311.3,9504.6,0.9092,ai_heavy
8493,21,353,7671.8,9973.4,0.8911,ai_heavy
8494,22,353,7566.6,9836.6,0.874,ai_heavy
8495,23,353,7577.6,9850.9,0.8584,ai_heavy
8496,0,354,7394.6,9613.0,0.8118,ai_heavy
8497,1,354,7375.2,9587.8,0.8172,ai_heavy
8498,2,354,7690.8,9998.1,0.8244,ai_heavy
8499,3,354,7670.7,9972.0,0.8335,ai_heavy
8500,4,354,7776.2,10109.1,0.8449,ai_heavy
8501,5,354,7563.6,9832.6,0.8584,ai_heavy
8502,6,354,7807.8,10150.1,0.874,ai_heavy
8503,7,354,7435.0,9665.5,0.8911,ai_heavy
8504,8,354,7510.5,9763.7,0.9092,ai_heavy
8505,9,354,7855.0,10211.5,0.9272,ai_heavy
8506,10,354,7801.0,10141.3,0.9441,ai_heavy
8507,11,354,7564.1,9833.3,0.9588,ai_heavy
8508,12,354,7407.7,9630.0,0.9703,ai_heavy
8509,13,354,7611.7,9895.2,0.9775,ai_heavy
8510,14,354,7504.9,9756.3,0.98,ai_heavy
8511,15,354,8054.8,10471.2,0.9775,ai_heavy
8512,16,354,7822.1,10168.7,0.9703,ai_heavy
8513,17,354,7455.2,9691.8,0.9588,ai_heavy
8514,18,354,7370.0,9581.0,0.9441,ai_heavy
8515,19,354,7406.0,9627.9,0.9272,ai_heavy
8516,20,354,7429.4,9658.2,0.9092,ai_heavy
8517,21,354,7491.4,9738.8,0.8911,ai_heavy
8518,22,354,7754.2,10080.4,0.874,ai_heavy
8519,23,354,7263.1,9442.0,0.8584,ai_heavy
8520,0,355,7913.3,10287.3,0.8083,ai_heavy
8521,1,355,7200.7,9360.9,0.812,ai_heavy
8522,2,355,7104.3,9235.6,0.8171,ai_heavy
8523,3,355,7803.7,10144.8,0.8235,ai_heavy
8524,4,355,7734.3,10054.6,0.8314,ai_heavy
8525,5,355,7412.9,9636.8,0.8409,ai_heavy
8526,6,355,7555.5,9822.1,0.8518,ai_heavy
8527,7,355,7579.3,9853.1,0.8638,ai_heavy
8528,8,355,7537.7,9799.0,0.8764,ai_heavy
8529,9,355,7233.2,9403.1,0.889,ai_heavy
8530,10,355,6982.0,9076.5,0.9009,ai_heavy
8531,11,355,7367.5,9577.8,0.9112,ai_heavy
8532,12,355,7983.6,10378.7,0.9192,ai_heavy
8533,13,355,8000.5,10400.7,0.9243,ai_heavy
8534,14,355,7521.8,9778.3,0.926,ai_heavy
8535,15,355,7360.9,9569.2,0.9243,ai_heavy
8536,16,355,7634.3,9924.5,0.9192,ai_heavy
8537,17,355,7658.6,9956.2,0.9112,ai_heavy
8538,18,355,7679.6,9983.5,0.9009,ai_heavy
8539,19,355,6955.3,9041.9,0.889,ai_heavy
8540,20,355,8076.9,10500.0,0.8764,ai_heavy
8541,21,355,7742.4,10065.1,0.8638,ai_heavy
8542,22,355,7425.7,9653.4,0.8518,ai_heavy
8543,23,355,7293.0,9480.9,0.8409,ai_heavy
8544,0,356,7624.1,9911.3,0.8083,ai_heavy
8545,1,356,7520.5,9776.7,0.812,ai_heavy
8546,2,356,7438.4,9669.9,0.8171,ai_heavy
8547,3,356,7529.6,9788.5,0.8235,ai_heavy
8548,4,356,7414.3,9638.6,0.8314,ai_heavy
8549,5,356,7543.5,9806.6,0.8409,ai_heavy
8550,6,356,7632.8,9922.6,0.8518,ai_heavy
8551,7,356,7565.1,9834.7,0.8638,ai_heavy
8552,8,356,7572.5,9844.2,0.8764,ai_heavy
8553,9,356,7840.3,10192.4,0.889,ai_heavy
8554,10,356,7182.2,9336.9,0.9009,ai_heavy
8555,11,356,7378.2,9591.6,0.9112,ai_heavy
8556,12,356,7577.1,9850.3,0.9192,ai_heavy
8557,13,356,7412.8,9636.6,0.9243,ai_heavy
8558,14,356,7491.2,9738.6,0.926,ai_heavy
8559,15,356,7871.5,10232.9,0.9243,ai_heavy
8560,16,356,7537.3,9798.4,0.9192,ai_heavy
8561,17,356,7144.3,9287.6,0.9112,ai_heavy
8562,18,356,7447.8,9682.2,0.9009,ai_heavy
8563,19,356,7539.0,9800.7,0.889,ai_heavy
8564,20,356,7515.9,9770.6,0.8764,ai_heavy
8565,21,356,7612.9,9896.8,0.8638,ai_heavy
8566,22,356,7576.3,9849.2,0.8518,ai_heavy
8567,23,356,7422.6,9649.4,0.8409,ai_heavy
8568,0,357,7144.8,9288.3,0.8118,ai_heavy
8569,1,357,7320.0,9515.9,0.8172,ai_heavy
8570,2,357,7290.1,9477.1,0.8244,ai_heavy
8571,3,357,7378.9,9592.6,0.8335,ai_heavy
8572,4,357,7614.3,9898.6,0.8449,ai_heavy
8573,5,357,7570.6,9841.8,0.8584,ai_heavy
8574,6,357,7688.8,9995.4,0.874,ai_heavy
8575,7,357,7442.3,9674.9,0.8911,ai_heavy
8576,8,357,7898.0,10267.4,0.9092,ai_heavy
8577,9,357,7736.2,10057.0,0.9272,ai_heavy
8578,10,357,7634.1,9924.4,0.9441,ai_heavy
8579,11,357,7768.7,10099.3,0.9588,ai_heavy
8580,12,357,7492.7,9740.5,0.9703,ai_heavy
8581,13,357,7174.1,9326.3,0.9775,ai_heavy
8582,14,357,7522.8,9779.7,0.98,ai_heavy
8583,15,357,7830.3,10179.4,0.9775,ai_heavy
8584,16,357,7666.1,9966.0,0.9703,ai_heavy
8585,17,357,7599.3,9879.0,0.9588,ai_heavy
8586,18,357,7415.0,9639.5,0.9441,ai_heavy
8587,19,357,7138.2,9279.6,0.9272,ai_heavy
8588,20,357,7879.1,10242.8,0.9092,ai_heavy
8589,21,357,7482.1,9726.7,0.8911,ai_heavy
8590,22,357,7406.6,9628.6,0.874,ai_heavy
8591,23,357,7329.2,9528.0,0.8584,ai_heavy
8592,0,358,7688.9,9995.6,0.8118,ai_heavy
8593,1,358,7614.3,9898.5,0.8172,ai_heavy
8594,2,358,7213.3,9377.3,0.8244,ai_heavy
8595,3,358,7702.6,10013.4,0.8335,ai_heavy
8596,4,358,7427.2,9655.3,0.8449,ai_heavy
8597,5,358,7343.0,9545.8,0.8584,ai_heavy
8598,6,358,7437.2,9668.4,0.874,ai_heavy
8599,7,358,7352.1,9557.7,0.8911,ai_heavy
8600,8,358,7256.7,9433.6,0.9092,ai_heavy
8601,9,358,7759.7,10087.6,0.9272,ai_heavy
8602,10,358,7558.1,9825.6,0.9441,ai_heavy
8603,11,358,7771.9,10103.4,0.9588,ai_heavy
8604,12,358,7713.6,10027.7,0.9703,ai_heavy
8605,13,358,7784.6,10120.0,0.9775,ai_heavy
8606,14,358,7192.0,9349.6,0.98,ai_heavy
8607,15,358,7459.4,9697.3,0.9775,ai_heavy
8608,16,358,7778.3,10111.9,0.9703,ai_heavy
8609,17,358,7338.8,9540.4,0.9588,ai_heavy
8610,18,358,7693.7,10001.8,0.9441,ai_heavy
8611,19,358,7266.7,9446.7,0.9272,ai_heavy
8612,20,358,7559.8,9827.7,0.9092,ai_heavy
8613,21,358,7892.7,10260.5,0.8911,ai_heavy
8614,22,358,7677.7,9981.0,0.874,ai_heavy
8615,23,358,7064.7,9184.1,0.8584,ai_heavy
8616,0,359,7598.6,9878.2,0.8118,ai_heavy
8617,1,359,7823.7,10170.8,0.8172,ai_heavy
8618,2,359,8052.2,10467.9,0.8244,ai_heavy
8619,3,359,7548.7,9813.3,0.8335,ai_heavy
8620,4,359,7154.3,9300.6,0.8449,ai_heavy
8621,5,359,7577.5,9850.8,0.8584,ai_heavy
8622,6,359,7862.6,10221.3,0.874,ai_heavy
8623,7,359,7486.8,9732.8,0.8911,ai_heavy
8624,8,359,7792.5,10130.3,0.9092,ai_heavy
8625,9,359,7392.1,9609.7,0.9272,ai_heavy
8626,10,359,7693.5,10001.5,0.9441,ai_heavy
8627,11,359,7060.7,9178.9,0.9588,ai_heavy
8628,12,359,7429.7,9658.6,0.9703,ai_heavy
8629,13,359,7657.2,9954.3,0.9775,ai_heavy
8630,14,359,7578.8,9852.4,0.98,ai_heavy
8631,15,359,7359.8,9567.7,0.9775,ai_heavy
8632,16,359,7533.1,9793.0,0.9703,ai_heavy
8633,17,359,7706.0,10017.9,0.9588,ai_heavy
8634,18,359,7588.8,9865.5,0.9441,ai_heavy
8635,19,359,7597.0,9876.1,0.9272,ai_heavy
8636,20,359,7722.0,10038.6,0.9092,ai_heavy
8637,21,359,7451.5,9687.0,0.8911,ai_heavy
8638,22,359,7809.3,10152.0,0.874,ai_heavy
8639,23,359,7258.0,9435.4,0.8584,ai_heavy
8640,0,360,7838.7,10190.2,0.8118,ai_heavy
8641,1,360,7665.8,9965.6,0.8172,ai_heavy
8642,2,360,7349.5,9554.4,0.8244,ai_heavy
8643,3,360,7378.0,9591.4,0.8335,ai_heavy
8644,4,360,7505.9,9757.7,0.8449,ai_heavy
8645,5,360,7614.3,9898.6,0.8584,ai_heavy
8646,6,360,7749.7,10074.6,0.874,ai_heavy
8647,7,360,7226.2,9394.1,0.8911,ai_heavy
8648,8,360,7655.2,9951.8,0.9092,ai_heavy
8649,9,360,7101.6,9232.1,0.9272,ai_heavy
8650,10,360,7568.0,9838.4,0.9441,ai_heavy
8651,11,360,7963.4,10352.4,0.9588,ai_heavy
8652,12,360,7322.5,9519.2,0.9703,ai_heavy
8653,13,360,7291.1,9478.5,0.9775,ai_heavy
8654,14,360,7713.1,10027.0,0.98,ai_heavy
8655,15,360,7977.4,10370.6,0.9775,ai_heavy
8656,16,360,7722.4,10039.1,0.9703,ai_heavy
8657,17,360,7194.6,9353.0,0.9588,ai_heavy
8658,18,360,7224.3,9391.6,0.9441,ai_heavy
8659,19,360,7605.3,9886.9,0.9272,ai_heavy
8660,20,360,7288.8,9475.4,0.9092,ai_heavy
8661,21,360,7559.9,9827.9,0.8911,ai_heavy
8662,22,360,7547.4,9811.7,0.874,ai_heavy
8663,23,360,7370.1,9581.1,0.8584,ai_heavy
8664,0,361,7813.5,10157.5,0.8118,ai_heavy
8665,1,361,7549.5,9814.4,0.8172,ai_heavy
8666,2,361,7698.9,10008.5,0.8244,ai_heavy
8667,3,361,7648.1,9942.6,0.8335,ai_heavy
8668,4,361,7426.0,9653.9,0.8449,ai_heavy
8669,5,361,7436.3,9667.2,0.8584,ai_heavy
8670,6,361,7436.3,9667.2,0.874,ai_heavy
8671,7,361,7682.9,9987.7,0.8911,ai_heavy
8672,8,361,7408.6,9631.2,0.9092,ai_heavy
8673,9,361,7975.5,10368.2,0.9272,ai_heavy
8674,10,361,7438.3,9669.7,0.9441,ai_heavy
8675,11,361,7679.7,9983.6,0.9588,ai_heavy
8676,12,361,7595.2,9873.7,0.9703,ai_heavy
8677,13,361,7555.0,9821.5,0.9775,ai_heavy
8678,14,361,8076.9,10500.0,0.98,ai_heavy
8679,15,361,7557.7,9825.0,0.9775,ai_heavy
8680,16,361,7577.8,9851.1,0.9703,ai_heavy
8681,17,361,7478.6,9722.1,0.9588,ai_heavy
8682,18,361,7617.9,9903.2,0.9441,ai_heavy
8683,19,361,7560.1,9828.1,0.9272,ai_heavy
8684,20,361,7302.4,9493.1,0.9092,ai_heavy
8685,21,361,7433.2,9663.1,0.8911,ai_heavy
8686,22,361,7640.5,9932.7,0.874,ai_heavy
8687,23,361,7710.4,10023.5,0.8584,ai_heavy
8688,0,362,7410.1,9633.1,0.8083,ai_heavy
8689,1,362,7423.5,9650.5,0.812,ai_heavy
8690,2,362,7337.6,9538.8,0.8171,ai_heavy
8691,3,362,7315.6,9510.2,0.8235,ai_heavy
8692,4,362,7234.2,9404.5,0.8314,ai_heavy
8693,5,362,7105.6,9237.3,0.8409,ai_heavy
8694,6,362,7312.6,9506.4,0.8518,ai_heavy
8695,7,362,7691.1,9998.4,0.8638,ai_heavy
8696,8,362,7411.4,9634.8,0.8764,ai_heavy
8697,9,362,7447.7,9682.1,0.889,ai_heavy
8698,10,362,7460.9,9699.2,0.9009,ai_heavy
8699,11,362,7841.4,10193.8,0.9112,ai_heavy
8700,12,362,7360.2,9568.3,0.9192,ai_heavy
8701,13,362,7641.7,9934.2,0.9243,ai_heavy
8702,14,362,7565.7,9835.5,0.926,ai_heavy
8703,15,362,7594.1,9872.4,0.9243,ai_heavy
8704,16,362,7626.6,9914.6,0.9192,ai_heavy
8705,17,362,7572.1,9843.7,0.9112,ai_heavy
8706,18,362,7723.1,10040.0,0.9009,ai_heavy
8707,19,362,7519.3,9775.0,0.889,ai_heavy
8708,20,362,7899.8,10269.7,0.8764,ai_heavy
8709,21,362,7498.0,9747.4,0.8638,ai_heavy
8710,22,362,7088.3,9214.7,0.8518,ai_heavy
8711,23,362,7596.4,9875.3,0.8409,ai_heavy
8712,0,363,7491.8,9739.4,0.8083,ai_heavy
8713,1,363,7417.6,9642.9,0.812,ai_heavy
8714,2,363,7360.1,9568.2,0.8171,ai_heavy
8715,3,363,6956.3,9043.2,0.8235,ai_heavy
8716,4,363,7004.9,9106.4,0.8314,ai_heavy
8717,5,363,7822.1,10168.7,0.8409,ai_heavy
8718,6,363,7338.8,9540.4,0.8518,ai_heavy
8719,7,363,7704.9,10016.4,0.8638,ai_heavy
8720,8,363,7145.9,9289.7,0.8764,ai_heavy
8721,9,363,7289.5,9476.4,0.889,ai_heavy
8722,10,363,7697.2,10006.4,0.9009,ai_heavy
8723,11,363,7535.9,9796.6,0.9112,ai_heavy
8724,12,363,7693.2,10001.2,0.9192,ai_heavy
8725,13,363,7575.6,9848.3,0.9243,ai_heavy
8726,14,363,7534.1,9794.3,0.926,ai_heavy
8727,15,363,7424.1,9651.3,0.9243,ai_heavy
8728,16,363,7299.9,9489.9,0.9192,ai_heavy
8729,17,363,7877.2,10240.4,0.9112,ai_heavy
8730,18,363,7898.3,10267.8,0.9009,ai_heavy
8731,19,363,7291.4,9478.8,0.889,ai_heavy
8732,20,363,7258.3,9435.8,0.8764,ai_heavy
8733,21,363,7409.9,9632.8,0.8638,ai_heavy
8734,22,363,7546.3,9810.2,0.8518,ai_heavy
8735,23,363,7413.0,9636.9,0.8409,ai_heavy
8736,0,364,7521.1,9777.4,0.8118,ai_heavy
8737,1,364,7407.2,9629.3,0.8172,ai_heavy
8738,2,364,7403.3,9624.3,0.8244,ai_heavy
8739,3,364,7981.4,10375.8,0.8335,ai_heavy
8740,4,364,7342.1,9544.7,0.8449,ai_heavy
8741,5,364,7848.0,10202.4,0.8584,ai_heavy
8742,6,364,7829.0,10177.7,0.874,ai_heavy
8743,7,364,7642.9,9935.7,0.8911,ai_heavy
8744,8,364,7119.5,9255.3,0.9092,ai_heavy
8745,9,364,7590.2,9867.2,0.9272,ai_heavy
8746,10,364,7491.0,9738.3,0.9441,ai_heavy
8747,11,364,7635.2,9925.7,0.9588,ai_heavy
8748,12,364,7403.8,9625.0,0.9703,ai_heavy
8749,13,364,7832.3,10182.0,0.9775,ai_heavy
8750,14,364,7888.7,10255.3,0.98,ai_heavy
8751,15,364,7927.4,10305.6,0.9775,ai_heavy
8752,16,364,7560.0,9828.0,0.9703,ai_heavy
8753,17,364,7388.1,9604.5,0.9588,ai_heavy
8754,18,364,7688.8,9995.4,0.9441,ai_heavy
8755,19,364,7982.6,10377.4,0.9272,ai_heavy
8756,20,364,7571.8,9843.3,0.9092,ai_heavy
8757,21,364,7631.2,9920.5,0.8911,ai_heavy
8758,22,364,7450.4,9685.6,0.874,ai_heavy
8759,23,364,7367.0,9577.1,0.8584,ai_heavy
