hour,hour_of_day,day_of_year,it_load_kw,facility_load_kw,utilization,scenario
0,0,0,5544.7,7208.1,0.4829,cloud_heavy
1,1,0,5384.6,7000.0,0.4978,cloud_heavy
2,2,0,5769.4,7500.3,0.5177,cloud_heavy
3,3,0,5912.9,7686.8,0.5431,cloud_heavy
4,4,0,5540.2,7202.3,0.5747,cloud_heavy
5,5,0,5808.6,7551.1,0.6123,cloud_heavy
6,6,0,6252.3,8128.0,0.6556,cloud_heavy
7,7,0,6369.8,8280.7,0.7032,cloud_heavy
8,8,0,6640.3,8632.4,0.7533,cloud_heavy
9,9,0,6681.0,8685.3,0.8033,cloud_heavy
10,10,0,7242.5,9415.3,0.8504,cloud_heavy
11,11,0,7398.8,9618.5,0.8912,cloud_heavy
12,12,0,7379.6,9593.4,0.923,cloud_heavy
13,13,0,7702.5,10013.2,0.9431,cloud_heavy
14,14,0,7584.7,9860.1,0.95,cloud_heavy
15,15,0,7258.4,9436.0,0.9431,cloud_heavy
16,16,0,7446.4,9680.4,0.923,cloud_heavy
17,17,0,7022.1,9128.8,0.8912,cloud_heavy
18,18,0,7242.3,9415.0,0.8504,cloud_heavy
19,19,0,6846.2,8900.0,0.8033,cloud_heavy
20,20,0,6606.8,8588.9,0.7533,cloud_heavy
21,21,0,6299.4,8189.2,0.7032,cloud_heavy
22,22,0,6456.9,8393.9,0.6556,cloud_heavy
23,23,0,6016.7,7821.7,0.6123,cloud_heavy
24,0,1,5423.9,7051.0,0.4829,cloud_heavy
25,1,1,5499.3,7149.1,0.4978,cloud_heavy
26,2,1,5732.5,7452.3,0.5177,cloud_heavy
27,3,1,5813.7,7557.8,0.5431,cloud_heavy
28,4,1,5957.5,7744.8,0.5747,cloud_heavy
29,5,1,6122.8,7959.7,0.6123,cloud_heavy
30,6,1,6628.6,8617.2,0.6556,cloud_heavy
31,7,1,6352.4,8258.1,0.7032,cloud_heavy
32,8,1,6541.6,8504.1,0.7533,cloud_heavy
33,9,1,6689.0,8695.8,0.8033,cloud_heavy
34,10,1,7186.8,9342.8,0.8504,cloud_heavy
35,11,1,7475.0,9717.5,0.8912,cloud_heavy
36,12,1,7339.8,9541.7,0.923,cloud_heavy
37,13,1,7262.7,9441.5,0.9431,cloud_heavy
38,14,1,7294.8,9483.2,0.95,cloud_heavy
39,15,1,7595.9,9874.7,0.9431,cloud_heavy
40,16,1,7529.2,9788.0,0.923,cloud_heavy
41,17,1,7347.9,9552.3,0.8912,cloud_heavy
42,18,1,6915.5,8990.1,0.8504,cloud_heavy
43,19,1,6904.2,8975.4,0.8033,cloud_heavy
44,20,1,6666.9,8667.0,0.7533,cloud_heavy
45,21,1,6473.0,8414.8,0.7032,cloud_heavy
46,22,1,6391.3,8308.6,0.6556,cloud_heavy
47,23,1,6085.2,7910.8,0.6123,cloud_heavy
48,0,2,5606.4,7288.3,0.4829,cloud_heavy
49,1,2,5569.3,7240.1,0.4978,cloud_heavy
50,2,2,5691.3,7398.7,0.5177,cloud_heavy
51,3,2,5859.5,7617.4,0.5431,cloud_heavy
52,4,2,5627.4,7315.7,0.5747,cloud_heavy
53,5,2,5986.7,7782.7,0.6123,cloud_heavy
54,6,2,6140.5,7982.7,0.6556,cloud_heavy
55,7,2,6307.5,8199.8,0.7032,cloud_heavy
56,8,2,6588.8,8565.5,0.7533,cloud_heavy
57,9,2,7163.9,9313.1,0.8033,cloud_heavy
58,10,2,6873.1,8935.0,0.8504,cloud_heavy
59,11,2,7440.1,9672.2,0.8912,cloud_heavy
60,12,2,6993.1,9091.1,0.923,cloud_heavy
61,13,2,7375.6,9588.3,0.9431,cloud_heavy
62,14,2,7516.3,9771.2,0.95,cloud_heavy
63,15,2,7581.5,9856.0,0.9431,cloud_heavy
64,16,2,7522.1,9778.8,0.923,cloud_heavy
65,17,2,7402.2,9622.9,0.8912,cloud_heavy
66,18,2,6982.6,9077.3,0.8504,cloud_heavy
67,19,2,6761.3,8789.7,0.8033,cloud_heavy
68,20,2,6814.7,8859.1,0.7533,cloud_heavy
69,21,2,6393.9,8312.0,0.7032,cloud_heavy
70,22,2,5990.1,7787.1,0.6556,cloud_heavy
71,23,2,5839.2,7590.9,0.6123,cloud_heavy
72,0,3,5342.9,6945.8,0.4829,cloud_heavy
73,1,3,5640.9,7333.2,0.4978,cloud_heavy
74,2,3,5666.5,7366.5,0.5177,cloud_heavy
75,3,3,5869.8,7630.7,0.5431,cloud_heavy
76,4,3,5809.3,7552.0,0.5747,cloud_heavy
77,5,3,6073.4,7895.5,0.6123,cloud_heavy
78,6,3,6345.3,8248.9,0.6556,cloud_heavy
79,7,3,6371.1,8282.4,0.7032,cloud_heavy
80,8,3,6734.7,8755.1,0.7533,cloud_heavy
81,9,3,6720.3,8736.4,0.8033,cloud_heavy
82,10,3,6979.5,9073.4,0.8504,cloud_heavy
83,11,3,7147.3,9291.5,0.8912,cloud_heavy
84,12,3,7100.8,9231.0,0.923,cloud_heavy
85,13,3,7559.3,9827.1,0.9431,cloud_heavy
86,14,3,7374.5,9586.8,0.95,cloud_heavy
87,15,3,7453.3,9689.3,0.9431,cloud_heavy
88,16,3,7471.2,9712.5,0.923,cloud_heavy
89,17,3,7327.0,9525.1,0.8912,cloud_heavy
90,18,3,7197.2,9356.4,0.8504,cloud_heavy
91,19,3,6836.2,8887.0,0.8033,cloud_heavy
92,20,3,6559.3,8527.1,0.7533,cloud_heavy
93,21,3,6415.4,8340.0,0.7032,cloud_heavy
94,22,3,5913.1,7687.1,0.6556,cloud_heavy
95,23,3,5782.3,7517.0,0.6123,cloud_heavy
96,0,4,5276.5,6859.4,0.4829,cloud_heavy
97,1,4,5391.7,7009.3,0.4978,cloud_heavy
98,2,4,5710.1,7423.1,0.5177,cloud_heavy
99,3,4,5594.4,7272.7,0.5431,cloud_heavy
100,4,4,5817.9,7563.3,0.5747,cloud_heavy
101,5,4,6280.3,8164.4,0.6123,cloud_heavy
102,6,4,6161.9,8010.4,0.6556,cloud_heavy
103,7,4,6573.1,8545.0,0.7032,cloud_heavy
104,8,4,6457.6,8394.9,0.7533,cloud_heavy
105,9,4,6814.2,8858.4,0.8033,cloud_heavy
106,10,4,6855.3,8911.8,0.8504,cloud_heavy
107,11,4,7156.6,9303.5,0.8912,cloud_heavy
108,12,4,7550.6,9815.8,0.923,cloud_heavy
109,13,4,7064.4,9183.7,0.9431,cloud_heavy
110,14,4,7577.3,9850.5,0.95,cloud_heavy
111,15,4,7503.6,9754.7,0.9431,cloud_heavy
112,16,4,7233.7,9403.8,0.923,cloud_heavy
113,17,4,6916.5,8991.4,0.8912,cloud_heavy
114,18,4,7071.6,9193.1,0.8504,cloud_heavy
115,19,4,6747.5,8771.8,0.8033,cloud_heavy
116,20,4,6690.1,8697.1,0.7533,cloud_heavy
117,21,4,6435.0,8365.5,0.7032,cloud_heavy
118,22,4,6527.7,8486.0,0.6556,cloud_heavy
119,23,4,6001.3,7801.7,0.6123,cloud_heavy
120,0,5,5285.2,6870.7,0.473,cloud_heavy
121,1,5,5526.6,7184.6,0.4835,cloud_heavy
122,2,5,5592.8,7270.6,0.4974,cloud_heavy
123,3,5,5861.5,7620.0,0.5152,cloud_heavy
124,4,5,5869.2,7629.9,0.5373,cloud_heavy
125,5,5,5900.2,7670.3,0.5636,cloud_heavy
126,6,5,6228.3,8096.7,0.5939,cloud_heavy
127,7,5,5890.2,7657.2,0.6272,cloud_heavy
128,8,5,6136.9,7978.0,0.6623,cloud_heavy
129,9,5,6227.9,8096.2,0.6973,cloud_heavy
130,10,5,6469.4,8410.2,0.7303,cloud_heavy
131,11,5,6392.1,8309.8,0.7589,cloud_heavy
132,12,5,6890.8,8958.0,0.7811,cloud_heavy
133,13,5,6776.3,8809.2,0.7952,cloud_heavy
134,14,5,6540.4,8502.5,0.8,cloud_heavy
135,15,5,6613.9,8598.1,0.7952,cloud_heavy
136,16,5,6825.5,8873.2,0.7811,cloud_heavy
137,17,5,6835.2,8885.7,0.7589,cloud_heavy
138,18,5,6938.0,9019.4,0.7303,cloud_heavy
139,19,5,6965.9,9055.7,0.6973,cloud_heavy
140,20,5,6334.8,8235.3,0.6623,cloud_heavy
141,21,5,5926.7,7704.7,0.6272,cloud_heavy
142,22,5,5584.7,7260.1,0.5939,cloud_heavy
143,23,5,5884.6,7650.0,0.5636,cloud_heavy
144,0,6,5319.6,6915.5,0.473,cloud_heavy
145,1,6,5428.6,7057.1,0.4835,cloud_heavy
146,2,6,5454.1,7090.3,0.4974,cloud_heavy
147,3,6,5608.1,7290.5,0.5152,cloud_heavy
148,4,6,5908.8,7681.5,0.5373,cloud_heavy
149,5,6,5865.2,7624.8,0.5636,cloud_heavy
150,6,6,5937.9,7719.3,0.5939,cloud_heavy
151,7,6,5918.2,7693.7,0.6272,cloud_heavy
152,8,6,5942.7,7725.5,0.6623,cloud_heavy
153,9,6,6312.5,8206.2,0.6973,cloud_heavy
154,10,6,6535.3,8495.9,0.7303,cloud_heavy
155,11,6,7021.2,9127.5,0.7589,cloud_heavy
156,12,6,6788.3,8824.9,0.7811,cloud_heavy
157,13,6,7022.9,9129.8,0.7952,cloud_heavy
158,14,6,6739.8,8761.8,0.8,cloud_heavy
159,15,6,6579.3,8553.1,0.7952,cloud_heavy
160,16,6,6566.1,8536.0,0.7811,cloud_heavy
161,17,6,6522.5,8479.2,0.7589,cloud_heavy
162,18,6,6963.9,9053.1,0.7303,cloud_heavy
163,19,6,6248.1,8122.5,0.6973,cloud_heavy
164,20,6,6414.4,8338.7,0.6623,cloud_heavy
165,21,6,5942.5,7725.3,0.6272,cloud_heavy
166,22,6,6133.1,7973.0,0.5939,cloud_heavy
167,23,6,5905.1,7676.7,0.5636,cloud_heavy
168,0,7,5468.7,7109.3,0.4829,cloud_heavy
169,1,7,5551.2,7216.6,0.4978,cloud_heavy
170,2,7,5531.6,7191.0,0.5177,cloud_heavy
171,3,7,5827.6,7575.9,0.5431,cloud_heavy
172,4,7,5804.4,7545.7,0.5747,cloud_heavy
173,5,7,5822.4,7569.2,0.6123,cloud_heavy
174,6,7,5989.6,7786.5,0.6556,cloud_heavy
175,7,7,6464.1,8403.3,0.7032,cloud_heavy
176,8,7,6958.4,9045.9,0.7533,cloud_heavy
177,9,7,6889.3,8956.1,0.8033,cloud_heavy
178,10,7,7031.3,9140.6,0.8504,cloud_heavy
179,11,7,7292.1,9479.7,0.8912,cloud_heavy
180,12,7,7653.5,9949.6,0.923,cloud_heavy
181,13,7,7499.5,9749.4,0.9431,cloud_heavy
182,14,7,7387.6,9603.9,0.95,cloud_heavy
183,15,7,7697.8,10007.1,0.9431,cloud_heavy
184,16,7,7459.7,9697.6,0.923,cloud_heavy
185,17,7,7563.2,9832.2,0.8912,cloud_heavy
186,18,7,7095.2,9223.7,0.8504,cloud_heavy
187,19,7,6604.6,8585.9,0.8033,cloud_heavy
188,20,7,6371.0,8282.3,0.7533,cloud_heavy
189,21,7,6749.3,8774.1,0.7032,cloud_heavy
190,22,7,6550.5,8515.6,0.6556,cloud_heavy
191,23,7,6012.1,7815.8,0.6123,cloud_heavy
192,0,8,5431.3,7060.7,0.4829,cloud_heavy
193,1,8,5801.7,7542.2,0.4978,cloud_heavy
194,2,8,5455.0,7091.5,0.5177,cloud_heavy
195,3,8,5596.3,7275.2,0.5431,cloud_heavy
196,4,8,5998.3,7797.7,0.5747,cloud_heavy
197,5,8,5973.1,7765.1,0.6123,cloud_heavy
198,6,8,6227.5,8095.7,0.6556,cloud_heavy
199,7,8,6399.2,8319.0,0.7032,cloud_heavy
200,8,8,6711.0,8724.3,0.7533,cloud_heavy
201,9,8,7145.9,9289.7,0.8033,cloud_heavy
202,10,8,7075.6,9198.2,0.8504,cloud_heavy
203,11,8,7369.8,9580.7,0.8912,cloud_heavy
204,12,8,6912.0,8985.6,0.923,cloud_heavy
205,13,8,7439.6,9671.5,0.9431,cloud_heavy
206,14,8,7290.6,9477.8,0.95,cloud_heavy
207,15,8,7178.1,9331.5,0.9431,cloud_heavy
208,16,8,7170.9,9322.2,0.923,cloud_heavy
209,17,8,7157.6,9304.9,0.8912,cloud_heavy
210,18,8,7250.3,9425.3,0.8504,cloud_heavy
211,19,8,6583.6,8558.7,0.8033,cloud_heavy
212,20,8,6649.8,8644.7,0.7533,cloud_heavy
213,21,8,6337.4,8238.6,0.7032,cloud_heavy
214,22,8,6167.2,8017.4,0.6556,cloud_heavy
215,23,8,6226.5,8094.5,0.6123,cloud_heavy
216,0,9,5583.2,7258.1,0.4829,cloud_heavy
217,1,9,5781.0,7515.3,0.4978,cloud_heavy
218,2,9,5616.2,7301.1,0.5177,cloud_heavy
219,3,9,5630.6,7319.7,0.5431,cloud_heavy
220,4,9,5845.2,7598.7,0.5747,cloud_heavy
221,5,9,6088.7,7915.3,0.6123,cloud_heavy
222,6,9,6261.4,8139.8,0.6556,cloud_heavy
223,7,9,6221.6,8088.0,0.7032,cloud_heavy
224,8,9,6661.7,8660.2,0.7533,cloud_heavy
225,9,9,6903.4,8974.4,0.8033,cloud_heavy
226,10,9,7589.3,9866.1,0.8504,cloud_heavy
227,11,9,7637.2,9928.4,0.8912,cloud_heavy
228,12,9,7176.4,9329.4,0.923,cloud_heavy
229,13,9,7386.3,9602.1,0.9431,cloud_heavy
230,14,9,7151.4,9296.8,0.95,cloud_heavy
231,15,9,7318.5,9514.0,0.9431,cloud_heavy
232,16,9,7434.7,9665.1,0.923,cloud_heavy
233,17,9,7491.7,9739.2,0.8912,cloud_heavy
234,18,9,6902.0,8972.6,0.8504,cloud_heavy
235,19,9,6721.9,8738.4,0.8033,cloud_heavy
236,20,9,6215.7,8080.4,0.7533,cloud_heavy
237,21,9,6399.4,8319.2,0.7032,cloud_heavy
238,22,9,6029.9,7838.9,0.6556,cloud_heavy
239,23,9,5948.7,7733.3,0.6123,cloud_heavy
240,0,10,5349.9,6954.9,0.4829,cloud_heavy
241,1,10,5542.3,7205.0,0.4978,cloud_heavy
242,2,10,5344.9,6948.3,0.5177,cloud_heavy
243,3,10,5497.5,7146.8,0.5431,cloud_heavy
244,4,10,6260.6,8138.8,0.5747,cloud_heavy
245,5,10,5811.2,7554.6,0.6123,cloud_heavy
246,6,10,6023.5,7830.5,0.6556,cloud_heavy
247,7,10,6785.2,8820.7,0.7032,cloud_heavy
248,8,10,7222.7,9389.5,0.7533,cloud_heavy
249,9,10,6615.5,8600.1,0.8033,cloud_heavy
250,10,10,6978.4,9071.9,0.8504,cloud_heavy
251,11,10,7304.2,9495.5,0.8912,cloud_heavy
252,12,10,7746.9,10071.0,0.923,cloud_heavy
253,13,10,7229.9,9398.9,0.9431,cloud_heavy
254,14,10,7424.8,9652.2,0.95,cloud_heavy
255,15,10,7624.2,9911.5,0.9431,cloud_heavy
256,16,10,7461.0,9699.3,0.923,cloud_heavy
257,17,10,7148.5,9293.1,0.8912,cloud_heavy
258,18,10,7028.0,9136.5,0.8504,cloud_heavy
259,19,10,6573.6,8545.7,0.8033,cloud_heavy
260,20,10,6596.2,8575.1,0.7533,cloud_heavy
261,21,10,6379.4,8293.2,0.7032,cloud_heavy
262,22,10,6271.8,8153.3,0.6556,cloud_heavy
263,23,10,5944.0,7727.2,0.6123,cloud_heavy
264,0,11,5572.2,7243.9,0.4829,cloud_heavy
265,1,11,5726.9,7445.0,0.4978,cloud_heavy
266,2,11,5668.7,7369.3,0.5177,cloud_heavy
267,3,11,5811.3,7554.7,0.5431,cloud_heavy
268,4,11,5894.1,7662.3,0.5747,cloud_heavy
269,5,11,6044.7,7858.1,0.6123,cloud_heavy
270,6,11,6093.6,7921.7,0.6556,cloud_heavy
271,7,11,6491.8,8439.4,0.7032,cloud_heavy
272,8,11,6624.3,8611.6,0.7533,cloud_heavy
273,9,11,7287.0,9473.1,0.8033,cloud_heavy
274,10,11,7389.4,9606.3,0.8504,cloud_heavy
275,11,11,7313.8,9507.9,0.8912,cloud_heavy
276,12,11,7196.4,9355.3,0.923,cloud_heavy
277,13,11,7201.9,9362.4,0.9431,cloud_heavy
278,14,11,7747.1,10071.2,0.95,cloud_heavy
279,15,11,7509.2,9762.0,0.9431,cloud_heavy
280,16,11,7471.1,9712.4,0.923,cloud_heavy
281,17,11,6851.7,8907.2,0.8912,cloud_heavy
282,18,11,7252.7,9428.5,0.8504,cloud_heavy
283,19,11,6949.9,9034.9,0.8033,cloud_heavy
284,20,11,6422.4,8349.1,0.7533,cloud_heavy
285,21,11,6339.8,8241.7,0.7032,cloud_heavy
286,22,11,6277.7,8161.0,0.6556,cloud_heavy
287,23,11,6054.2,7870.5,0.6123,cloud_heavy
288,0,12,5404.8,7026.2,0.473,cloud_heavy
289,1,12,5480.0,7124.0,0.4835,cloud_heavy
290,2,12,5514.1,7168.4,0.4974,cloud_heavy
291,3,12,5657.7,7355.0,0.5152,cloud_heavy
292,4,12,5978.5,7772.0,0.5373,cloud_heavy
293,5,12,5388.2,7004.7,0.5636,cloud_heavy
294,6,12,5923.9,7701.1,0.5939,cloud_heavy
295,7,12,6140.3,7982.4,0.6272,cloud_heavy
296,8,12,6312.6,8206.4,0.6623,cloud_heavy
297,9,12,6334.5,8234.8,0.6973,cloud_heavy
298,10,12,6200.9,8061.2,0.7303,cloud_heavy
299,11,12,6733.1,8753.1,0.7589,cloud_heavy
300,12,12,7112.3,9246.0,0.7811,cloud_heavy
301,13,12,6507.9,8460.2,0.7952,cloud_heavy
302,14,12,7019.6,9125.5,0.8,cloud_heavy
303,15,12,6754.6,8780.9,0.7952,cloud_heavy
304,16,12,6749.5,8774.3,0.7811,cloud_heavy
305,17,12,6456.9,8394.0,0.7589,cloud_heavy
306,18,12,6480.2,8424.3,0.7303,cloud_heavy
307,19,12,6655.8,8652.5,0.6973,cloud_heavy
308,20,12,6366.4,8276.3,0.6623,cloud_heavy
309,21,12,6425.4,8353.0,0.6272,cloud_heavy
310,22,12,6177.1,8030.2,0.5939,cloud_heavy
311,23,12,5914.6,7689.0,0.5636,cloud_heavy
312,0,13,5737.8,7459.2,0.473,cloud_heavy
313,1,13,5569.5,7240.3,0.4835,cloud_heavy
314,2,13,5694.1,7402.4,0.4974,cloud_heavy
315,3,13,5581.8,7256.3,0.5152,cloud_heavy
316,4,13,5737.1,7458.3,0.5373,cloud_heavy
317,5,13,5715.6,7430.3,0.5636,cloud_heavy
318,6,13,6143.5,7986.5,0.5939,cloud_heavy
319,7,13,5892.1,7659.7,0.6272,cloud_heavy
320,8,13,6403.9,8325.0,0.6623,cloud_heavy
321,9,13,6369.3,8280.1,0.6973,cloud_heavy
322,10,13,6775.9,8808.7,0.7303,cloud_heavy
323,11,13,6817.7,8863.0,0.7589,cloud_heavy
324,12,13,7131.3,9270.6,0.7811,cloud_heavy
325,13,13,6971.3,9062.8,0.7952,cloud_heavy
326,14,13,6519.6,8475.5,0.8,cloud_heavy
327,15,13,6808.1,8850.5,0.7952,cloud_heavy
328,16,13,6524.2,8481.4,0.7811,cloud_heavy
329,17,13,6563.9,8533.0,0.7589,cloud_heavy
330,18,13,6842.7,8895.5,0.7303,cloud_heavy
331,19,13,6528.5,8487.0,0.6973,cloud_heavy
332,20,13,6125.8,7963.6,0.6623,cloud_heavy
333,21,13,5922.2,7698.9,0.6272,cloud_heavy
334,22,13,5972.2,7763.9,0.5939,cloud_heavy
335,23,13,5624.7,7312.1,0.5636,cloud_heavy
336,0,14,5383.9,6999.0,0.4829,cloud_heavy
337,1,14,5610.1,7293.1,0.4978,cloud_heavy
338,2,14,5838.0,7589.3,0.5177,cloud_heavy
339,3,14,5855.7,7612.4,0.5431,cloud_heavy
340,4,14,5480.2,7124.2,0.5747,cloud_heavy
341,5,14,6099.9,7929.9,0.6123,cloud_heavy
342,6,14,6241.9,8114.4,0.6556,cloud_heavy
343,7,14,6510.6,8463.8,0.7032,cloud_heavy
344,8,14,6965.8,9055.6,0.7533,cloud_heavy
345,9,14,6432.0,8361.7,0.8033,cloud_heavy
346,10,14,6931.2,9010.6,0.8504,cloud_heavy
347,11,14,7358.3,9565.8,0.8912,cloud_heavy
348,12,14,7015.5,9120.2,0.923,cloud_heavy
349,13,14,7780.4,10114.5,0.9431,cloud_heavy
350,14,14,7562.5,9831.2,0.95,cloud_heavy
351,15,14,7639.7,9931.6,0.9431,cloud_heavy
352,16,14,7238.8,9410.5,0.923,cloud_heavy
353,17,14,7406.6,9628.6,0.8912,cloud_heavy
354,18,14,7282.6,9467.3,0.8504,cloud_heavy
355,19,14,6904.3,8975.6,0.8033,cloud_heavy
356,20,14,6690.4,8697.5,0.7533,cloud_heavy
357,21,14,6482.9,8427.8,0.7032,cloud_heavy
358,22,14,6067.1,7887.2,0.6556,cloud_heavy
359,23,14,6017.9,7823.3,0.6123,cloud_heavy
360,0,15,5469.3,7110.1,0.4829,cloud_heavy
361,1,15,5622.0,7308.5,0.4978,cloud_heavy
362,2,15,5811.6,7555.1,0.5177,cloud_heavy
363,3,15,5568.0,7238.4,0.5431,cloud_heavy
364,4,15,5862.6,7621.4,0.5747,cloud_heavy
365,5,15,6313.3,8207.3,0.6123,cloud_heavy
366,6,15,6089.5,7916.3,0.6556,cloud_heavy
367,7,15,6272.1,8153.8,0.7032,cloud_heavy
368,8,15,6684.0,8689.2,0.7533,cloud_heavy
369,9,15,7030.1,9139.2,0.8033,cloud_heavy
370,10,15,7058.8,9176.4,0.8504,cloud_heavy
371,11,15,7518.4,9773.9,0.8912,cloud_heavy
372,12,15,7554.3,9820.6,0.923,cloud_heavy
373,13,15,7638.7,9930.3,0.9431,cloud_heavy
374,14,15,7604.1,9885.4,0.95,cloud_heavy
375,15,15,7970.8,10362.0,0.9431,cloud_heavy
376,16,15,7319.6,9515.5,0.923,cloud_heavy
377,17,15,6795.5,8834.2,0.8912,cloud_heavy
378,18,15,7396.0,9614.8,0.8504,cloud_heavy
379,19,15,6762.3,8791.0,0.8033,cloud_heavy
380,20,15,6665.2,8664.7,0.7533,cloud_heavy
381,21,15,6683.4,8688.4,0.7032,cloud_heavy
382,22,15,5929.0,7707.7,0.6556,cloud_heavy
383,23,15,5817.7,7563.0,0.6123,cloud_heavy
384,0,16,5230.5,6799.7,0.4829,cloud_heavy
385,1,16,5425.6,7053.3,0.4978,cloud_heavy
386,2,16,5716.8,7431.9,0.5177,cloud_heavy
387,3,16,5841.1,7593.4,0.5431,cloud_heavy
388,4,16,5933.5,7713.5,0.5747,cloud_heavy
389,5,16,5788.5,7525.1,0.6123,cloud_heavy
390,6,16,5796.8,7535.8,0.6556,cloud_heavy
391,7,16,6441.3,8373.6,0.7032,cloud_heavy
392,8,16,6549.7,8514.6,0.7533,cloud_heavy
393,9,16,6950.9,9036.2,0.8033,cloud_heavy
394,10,16,7205.0,9366.5,0.8504,cloud_heavy
395,11,16,7260.1,9438.1,0.8912,cloud_heavy
396,12,16,7532.9,9792.8,0.923,cloud_heavy
397,13,16,7501.7,9752.2,0.9431,cloud_heavy
398,14,16,7598.8,9878.4,0.95,cloud_heavy
399,15,16,7293.0,9480.9,0.9431,cloud_heavy
400,16,16,7325.3,9522.9,0.923,cloud_heavy
401,17,16,7272.8,9454.6,0.8912,cloud_heavy
402,18,16,7230.1,9399.1,0.8504,cloud_heavy
403,19,16,6775.4,8808.1,0.8033,cloud_heavy
404,20,16,6747.6,8771.8,0.7533,cloud_heavy
405,21,16,6379.5,8293.3,0.7032,cloud_heavy
406,22,16,6206.5,8068.4,0.6556,cloud_heavy
407,23,16,6195.1,8053.7,0.6123,cloud_heavy
408,0,17,5166.0,6715.7,0.4829,cloud_heavy
409,1,17,5341.9,6944.4,0.4978,cloud_heavy
410,2,17,5391.5,7009.0,0.5177,cloud_heavy
411,3,17,5348.0,6952.5,0.5431,cloud_heavy
412,4,17,5764.9,7494.4,0.5747,cloud_heavy
413,5,17,6180.6,8034.8,0.6123,cloud_heavy
414,6,17,6175.2,8027.7,0.6556,cloud_heavy
415,7,17,6468.9,8409.6,0.7032,cloud_heavy
416,8,17,6860.8,8919.0,0.7533,cloud_heavy
417,9,17,7129.5,9268.4,0.8033,cloud_heavy
418,10,17,7041.7,9154.3,0.8504,cloud_heavy
419,11,17,7523.7,9780.8,0.8912,cloud_heavy
420,12,17,7385.3,9600.9,0.923,cloud_heavy
421,13,17,7263.3,9442.3,0.9431,cloud_heavy
422,14,17,7346.4,9550.4,0.95,cloud_heavy
423,15,17,7119.6,9255.4,0.9431,cloud_heavy
424,16,17,7168.7,9319.4,0.923,cloud_heavy
425,17,17,7152.5,9298.2,0.8912,cloud_heavy
426,18,17,7226.5,9394.4,0.8504,cloud_heavy
427,19,17,7210.4,9373.5,0.8033,cloud_heavy
428,20,17,6368.2,8278.7,0.7533,cloud_heavy
429,21,17,6506.6,8458.5,0.7032,cloud_heavy
430,22,17,6034.0,7844.2,0.6556,cloud_heavy
431,23,17,6130.8,7970.0,0.6123,cloud_heavy
432,0,18,5472.9,7114.7,0.4829,cloud_heavy
433,1,18,5252.7,6828.6,0.4978,cloud_heavy
434,2,18,5799.5,7539.4,0.5177,cloud_heavy
435,3,18,5646.3,7340.1,0.5431,cloud_heavy
436,4,18,5790.4,7527.6,0.5747,cloud_heavy
437,5,18,5850.7,7605.9,0.6123,cloud_heavy
438,6,18,6106.2,7938.0,0.6556,cloud_heavy
439,7,18,6513.3,8467.3,0.7032,cloud_heavy
440,8,18,6606.0,8587.8,0.7533,cloud_heavy
441,9,18,6924.0,9001.3,0.8033,cloud_heavy
442,10,18,7133.0,9272.9,0.8504,cloud_heavy
443,11,18,7516.6,9771.5,0.8912,cloud_heavy
444,12,18,7289.2,9476.0,0.923,cloud_heavy
445,13,18,7120.4,9256.5,0.9431,cloud_heavy
446,14,18,7719.3,10035.1,0.95,cloud_heavy
447,15,18,7376.4,9589.3,0.9431,cloud_heavy
448,16,18,7611.2,9894.6,0.923,cloud_heavy
449,17,18,7313.3,9507.3,0.8912,cloud_heavy
450,18,18,7028.6,9137.2,0.8504,cloud_heavy
451,19,18,6928.2,9006.6,0.8033,cloud_heavy
452,20,18,7032.5,9142.3,0.7533,cloud_heavy
453,21,18,6831.5,8880.9,0.7032,cloud_heavy
454,22,18,6241.4,8113.8,0.6556,cloud_heavy
455,23,18,6073.7,7895.9,0.6123,cloud_heavy
456,0,19,5628.6,7317.2,0.473,cloud_heavy
457,1,19,5357.6,6964.9,0.4835,cloud_heavy
458,2,19,5611.6,7295.1,0.4974,cloud_heavy
459,3,19,5627.5,7315.8,0.5152,cloud_heavy
460,4,19,5779.6,7513.5,0.5373,cloud_heavy
461,5,19,5691.8,7399.3,0.5636,cloud_heavy
462,6,19,5681.8,7386.4,0.5939,cloud_heavy
463,7,19,5728.1,7446.6,0.6272,cloud_heavy
464,8,19,6047.3,7861.5,0.6623,cloud_heavy
465,9,19,6317.8,8213.1,0.6973,cloud_heavy
466,10,19,6488.3,8434.8,0.7303,cloud_heavy
467,11,19,7055.0,9171.5,0.7589,cloud_heavy
468,12,19,6986.3,9082.2,0.7811,cloud_heavy
469,13,19,6624.9,8612.4,0.7952,cloud_heavy
470,14,19,6913.7,8987.8,0.8,cloud_heavy
471,15,19,6738.5,8760.0,0.7952,cloud_heavy
472,16,19,6704.2,8715.5,0.7811,cloud_heavy
473,17,19,6704.6,8716.0,0.7589,cloud_heavy
474,18,19,6667.5,8667.7,0.7303,cloud_heavy
475,19,19,6340.7,8243.0,0.6973,cloud_heavy
476,20,19,6456.7,8393.7,0.6623,cloud_heavy
477,21,19,5898.7,7668.4,0.6272,cloud_heavy
478,22,19,5967.5,7757.7,0.5939,cloud_heavy
479,23,19,6292.7,8180.5,0.5636,cloud_heavy
480,0,20,5489.1,7135.8,0.473,cloud_heavy
481,1,20,5733.4,7453.4,0.4835,cloud_heavy
482,2,20,5571.4,7242.8,0.4974,cloud_heavy
483,3,20,5730.0,7449.0,0.5152,cloud_heavy
484,4,20,5716.0,7430.8,0.5373,cloud_heavy
485,5,20,5807.9,7550.2,0.5636,cloud_heavy
486,6,20,5826.8,7574.9,0.5939,cloud_heavy
487,7,20,6186.8,8042.9,0.6272,cloud_heavy
488,8,20,6097.2,7926.3,0.6623,cloud_heavy
489,9,20,6533.9,8494.0,0.6973,cloud_heavy
490,10,20,6759.0,8786.7,0.7303,cloud_heavy
491,11,20,6740.8,8763.1,0.7589,cloud_heavy
492,12,20,6703.9,8715.0,0.7811,cloud_heavy
493,13,20,6914.7,8989.1,0.7952,cloud_heavy
494,14,20,6778.9,8812.6,0.8,cloud_heavy
495,15,20,7013.3,9117.2,0.7952,cloud_heavy
496,16,20,6390.4,8307.5,0.7811,cloud_heavy
497,17,20,6600.4,8580.5,0.7589,cloud_heavy
498,18,20,6155.0,8001.4,0.7303,cloud_heavy
499,19,20,6118.6,7954.2,0.6973,cloud_heavy
500,20,20,6513.0,8466.9,0.6623,cloud_heavy
501,21,20,6272.0,8153.6,0.6272,cloud_heavy
502,22,20,5837.6,7588.8,0.5939,cloud_heavy
503,23,20,5574.6,7247.0,0.5636,cloud_heavy
504,0,21,5005.8,6507.6,0.4829,cloud_heavy
505,1,21,5467.4,7107.6,0.4978,cloud_heavy
506,2,21,6052.1,7867.7,0.5177,cloud_heavy
507,3,21,5825.7,7573.4,0.5431,cloud_heavy
508,4,21,5785.9,7521.7,0.5747,cloud_heavy
509,5,21,6129.0,7967.7,0.6123,cloud_heavy
510,6,21,5936.8,7717.8,0.6556,cloud_heavy
511,7,21,6373.4,8285.4,0.7032,cloud_heavy
512,8,21,6663.5,8662.6,0.7533,cloud_heavy
513,9,21,6838.7,8890.3,0.8033,cloud_heavy
514,10,21,7223.8,9390.9,0.8504,cloud_heavy
515,11,21,7304.9,9496.3,0.8912,cloud_heavy
516,12,21,7512.6,9766.4,0.923,cloud_heavy
517,13,21,7296.6,9485.6,0.9431,cloud_heavy
518,14,21,7681.3,9985.7,0.95,cloud_heavy
519,15,21,7814.6,10159.0,0.9431,cloud_heavy
520,16,21,7150.6,9295.8,0.923,cloud_heavy
521,17,21,7037.6,9148.8,0.8912,cloud_heavy
522,18,21,7339.1,9540.9,0.8504,cloud_heavy
523,19,21,6817.1,8862.2,0.8033,cloud_heavy
524,20,21,6923.5,9000.5,0.7533,cloud_heavy
525,21,21,6345.4,8249.0,0.7032,cloud_heavy
526,22,21,6500.3,8450.4,0.6556,cloud_heavy
527,23,21,6068.5,7889.1,0.6123,cloud_heavy
528,0,22,5537.0,7198.2,0.4829,cloud_heavy
529,1,22,5818.9,7564.6,0.4978,cloud_heavy
530,2,22,5581.2,7255.5,0.5177,cloud_heavy
531,3,22,5588.3,7264.8,0.5431,cloud_heavy
532,4,22,5805.5,7547.1,0.5747,cloud_heavy
533,5,22,6126.7,7964.7,0.6123,cloud_heavy
534,6,22,5935.9,7716.6,0.6556,cloud_heavy
535,7,22,6553.8,8519.9,0.7032,cloud_heavy
536,8,22,6536.3,8497.2,0.7533,cloud_heavy
537,9,22,7092.5,9220.3,0.8033,cloud_heavy
538,10,22,6549.5,8514.4,0.8504,cloud_heavy
539,11,22,7059.5,9177.4,0.8912,cloud_heavy
540,12,22,6992.3,9090.1,0.923,cloud_heavy
541,13,22,7265.8,9445.6,0.9431,cloud_heavy
542,14,22,7535.4,9796.0,0.95,cloud_heavy
543,15,22,7410.4,9633.6,0.9431,cloud_heavy
544,16,22,7309.0,9501.7,0.923,cloud_heavy
545,17,22,7195.6,9354.3,0.8912,cloud_heavy
546,18,22,7099.4,9229.3,0.8504,cloud_heavy
547,19,22,6649.0,8643.7,0.8033,cloud_heavy
548,20,22,6784.6,8819.9,0.7533,cloud_heavy
549,21,22,6558.6,8526.2,0.7032,cloud_heavy
550,22,22,6300.4,8190.5,0.6556,cloud_heavy
551,23,22,6145.6,7989.3,0.6123,cloud_heavy
552,0,23,5543.3,7206.3,0.4829,cloud_heavy
553,1,23,5897.4,7666.6,0.4978,cloud_heavy
554,2,23,5627.7,7315.9,0.5177,cloud_heavy
555,3,23,5697.7,7407.0,0.5431,cloud_heavy
556,4,23,5751.7,7477.1,0.5747,cloud_heavy
557,5,23,5857.5,7614.8,0.6123,cloud_heavy
558,6,23,5995.9,7794.7,0.6556,cloud_heavy
559,7,23,6259.3,8137.1,0.7032,cloud_heavy
560,8,23,6629.6,8618.5,0.7533,cloud_heavy
561,9,23,6925.2,9002.8,0.8033,cloud_heavy
562,10,23,7067.2,9187.4,0.8504,cloud_heavy
563,11,23,7064.1,9183.3,0.8912,cloud_heavy
564,12,23,7563.9,9833.0,0.923,cloud_heavy
565,13,23,7615.8,9900.5,0.9431,cloud_heavy
566,14,23,7444.0,9677.2,0.95,cloud_heavy
567,15,23,7304.6,9495.9,0.9431,cloud_heavy
568,16,23,7486.1,9732.0,0.923,cloud_heavy
569,17,23,7270.9,9452.2,0.8912,cloud_heavy
570,18,23,6749.8,8774.8,0.8504,cloud_heavy
571,19,23,6842.5,8895.2,0.8033,cloud_heavy
572,20,23,6695.9,8704.7,0.7533,cloud_heavy
573,21,23,6257.2,8134.4,0.7032,cloud_heavy
574,22,23,6263.9,8143.1,0.6556,cloud_heavy
575,23,23,5780.9,7515.1,0.6123,cloud_heavy
576,0,24,5714.7,7429.1,0.4829,cloud_heavy
577,1,24,5766.1,7495.9,0.4978,cloud_heavy
578,2,24,5599.7,7279.5,0.5177,cloud_heavy
579,3,24,5813.3,7557.3,0.5431,cloud_heavy
580,4,24,5459.2,7097.0,0.5747,cloud_heavy
581,5,24,5835.0,7585.5,0.6123,cloud_heavy
582,6,24,6173.5,8025.6,0.6556,cloud_heavy
583,7,24,6223.9,8091.1,0.7032,cloud_heavy
584,8,24,6786.1,8821.9,0.7533,cloud_heavy
585,9,24,7267.3,9447.4,0.8033,cloud_heavy
586,10,24,6807.3,8849.5,0.8504,cloud_heavy
587,11,24,7048.5,9163.0,0.8912,cloud_heavy
588,12,24,7417.0,9642.1,0.923,cloud_heavy
589,13,24,7810.6,10153.8,0.9431,cloud_heavy
590,14,24,7205.5,9367.2,0.95,cloud_heavy
591,15,24,7506.2,9758.0,0.9431,cloud_heavy
592,16,24,7767.4,10097.6,0.923,cloud_heavy
593,17,24,6871.8,8933.4,0.8912,cloud_heavy
594,18,24,6785.2,8820.7,0.8504,cloud_heavy
595,19,24,6769.3,8800.1,0.8033,cloud_heavy
596,20,24,6539.9,8501.9,0.7533,cloud_heavy
597,21,24,6587.5,8563.8,0.7032,cloud_heavy
598,22,24,6273.6,8155.6,0.6556,cloud_heavy
599,23,24,5722.8,7439.7,0.6123,cloud_heavy
600,0,25,5579.4,7253.3,0.4829,cloud_heavy
601,1,25,5461.7,7100.3,0.4978,cloud_heavy
602,2,25,5858.1,7615.6,0.5177,cloud_heavy
603,3,25,5642.4,7335.1,0.5431,cloud_heavy
604,4,25,5772.3,7504.0,0.5747,cloud_heavy
605,5,25,6142.8,7985.7,0.6123,cloud_heavy
606,6,25,6371.0,8282.3,0.6556,cloud_heavy
607,7,25,6517.2,8472.4,0.7032,cloud_heavy
608,8,25,6307.7,8200.0,0.7533,cloud_heavy
609,9,25,6967.1,9057.2,0.8033,cloud_heavy
610,10,25,6837.4,8888.6,0.8504,cloud_heavy
611,11,25,7281.1,9465.5,0.8912,cloud_heavy
612,12,25,7050.4,9165.5,0.923,cloud_heavy
613,13,25,7550.3,9815.3,0.9431,cloud_heavy
614,14,25,7298.8,9488.5,0.95,cloud_heavy
615,15,25,7163.8,9313.0,0.9431,cloud_heavy
616,16,25,7522.7,9779.5,0.923,cloud_heavy
617,17,25,7282.5,9467.3,0.8912,cloud_heavy
618,18,25,6926.4,9004.3,0.8504,cloud_heavy
619,19,25,7154.9,9301.4,0.8033,cloud_heavy
620,20,25,6555.9,8522.6,0.7533,cloud_heavy
621,21,25,6437.0,8368.1,0.7032,cloud_heavy
622,22,25,6278.7,8162.3,0.6556,cloud_heavy
623,23,25,5932.3,7712.0,0.6123,cloud_heavy
624,0,26,5529.6,7188.5,0.473,cloud_heavy
625,1,26,5409.1,7031.8,0.4835,cloud_heavy
626,2,26,5487.5,7133.8,0.4974,cloud_heavy
627,3,26,5862.1,7620.7,0.5152,cloud_heavy
628,4,26,5547.0,7211.1,0.5373,cloud_heavy
629,5,26,5415.2,7039.7,0.5636,cloud_heavy
630,6,26,6254.7,8131.1,0.5939,cloud_heavy
631,7,26,6575.1,8547.7,0.6272,cloud_heavy
632,8,26,6180.9,8035.2,0.6623,cloud_heavy
633,9,26,6033.7,7843.8,0.6973,cloud_heavy
634,10,26,6484.9,8430.4,0.7303,cloud_heavy
635,11,26,6610.3,8593.4,0.7589,cloud_heavy
636,12,26,6723.4,8740.4,0.7811,cloud_heavy
637,13,26,6593.9,8572.1,0.7952,cloud_heavy
638,14,26,6961.3,9049.7,0.8,cloud_heavy
639,15,26,6929.1,9007.9,0.7952,cloud_heavy
640,16,26,6458.8,8396.4,0.7811,cloud_heavy
641,17,26,6807.4,8849.6,0.7589,cloud_heavy
642,18,26,6949.0,9033.7,0.7303,cloud_heavy
643,19,26,6439.0,8370.7,0.6973,cloud_heavy
644,20,26,6193.7,8051.8,0.6623,cloud_heavy
645,21,26,6082.0,7906.5,0.6272,cloud_heavy
646,22,26,6076.5,7899.4,0.5939,cloud_heavy
647,23,26,5534.6,7195.0,0.5636,cloud_heavy
648,0,27,5479.5,7123.3,0.473,cloud_heavy
649,1,27,5432.7,7062.5,0.4835,cloud_heavy
650,2,27,5864.1,7623.4,0.4974,cloud_heavy
651,3,27,5602.5,7283.2,0.5152,cloud_heavy
652,4,27,6012.2,7815.9,0.5373,cloud_heavy
653,5,27,5644.4,7337.8,0.5636,cloud_heavy
654,6,27,6071.5,7892.9,0.5939,cloud_heavy
655,7,27,6166.5,8016.5,0.6272,cloud_heavy
656,8,27,6093.9,7922.1,0.6623,cloud_heavy
657,9,27,6440.0,8372.1,0.6973,cloud_heavy
658,10,27,6784.0,8819.2,0.7303,cloud_heavy
659,11,27,6602.8,8583.6,0.7589,cloud_heavy
660,12,27,6418.7,8344.3,0.7811,cloud_heavy
661,13,27,6818.2,8863.7,0.7952,cloud_heavy
662,14,27,6657.1,8654.2,0.8,cloud_heavy
663,15,27,6751.7,8777.2,0.7952,cloud_heavy
664,16,27,6745.4,8769.0,0.7811,cloud_heavy
665,17,27,6326.3,8224.3,0.7589,cloud_heavy
666,18,27,6228.6,8097.2,0.7303,cloud_heavy
667,19,27,6498.6,8448.2,0.6973,cloud_heavy
668,20,27,6158.9,8006.6,0.6623,cloud_heavy
669,21,27,5638.0,7329.4,0.6272,cloud_heavy
670,22,27,6106.8,7938.9,0.5939,cloud_heavy
671,23,27,5885.4,7651.1,0.5636,cloud_heavy
672,0,28,5376.8,6989.9,0.4829,cloud_heavy
673,1,28,5338.5,6940.0,0.4978,cloud_heavy
674,2,28,5783.9,7519.0,0.5177,cloud_heavy
675,3,28,5810.9,7554.2,0.5431,cloud_heavy
676,4,28,6305.3,8196.9,0.5747,cloud_heavy
677,5,28,6120.9,7957.2,0.6123,cloud_heavy
678,6,28,6300.9,8191.1,0.6556,cloud_heavy
679,7,28,6398.6,8318.1,0.7032,cloud_heavy
680,8,28,6806.5,8848.4,0.7533,cloud_heavy
681,9,28,6985.0,9080.5,0.8033,cloud_heavy
682,10,28,7321.4,9517.8,0.8504,cloud_heavy
683,11,28,7117.0,9252.1,0.8912,cloud_heavy
684,12,28,7268.8,9449.4,0.923,cloud_heavy
685,13,28,7343.4,9546.4,0.9431,cloud_heavy
686,14,28,7657.3,9954.4,0.95,cloud_heavy
687,15,28,7785.4,10121.0,0.9431,cloud_heavy
688,16,28,7263.6,9442.7,0.923,cloud_heavy
689,17,28,7138.0,9279.4,0.8912,cloud_heavy
690,18,28,7122.9,9259.7,0.8504,cloud_heavy
691,19,28,6805.9,8847.6,0.8033,cloud_heavy
692,20,28,6833.4,8883.5,0.7533,cloud_heavy
693,21,28,5996.4,7795.3,0.7032,cloud_heavy
694,22,28,6073.9,7896.1,0.6556,cloud_heavy
695,23,28,5902.8,7673.7,0.6123,cloud_heavy
696,0,29,5112.0,6645.6,0.4829,cloud_heavy
697,1,29,5397.4,7016.6,0.4978,cloud_heavy
698,2,29,5487.5,7133.7,0.5177,cloud_heavy
699,3,29,5715.9,7430.7,0.5431,cloud_heavy
700,4,29,6081.2,7905.5,0.5747,cloud_heavy
701,5,29,6000.3,7800.3,0.6123,cloud_heavy
702,6,29,6035.8,7846.6,0.6556,cloud_heavy
703,7,29,6419.8,8345.7,0.7032,cloud_heavy
704,8,29,6852.8,8908.6,0.7533,cloud_heavy
705,9,29,6655.7,8652.4,0.8033,cloud_heavy
706,10,29,6863.6,8922.7,0.8504,cloud_heavy
707,11,29,7351.3,9556.6,0.8912,cloud_heavy
708,12,29,7316.0,9510.8,0.923,cloud_heavy
709,13,29,7595.2,9873.8,0.9431,cloud_heavy
710,14,29,7476.7,9719.8,0.95,cloud_heavy
711,15,29,7607.3,9889.5,0.9431,cloud_heavy
712,16,29,7136.3,9277.2,0.923,cloud_heavy
713,17,29,7227.5,9395.7,0.8912,cloud_heavy
714,18,29,7011.8,9115.3,0.8504,cloud_heavy
715,19,29,6606.3,8588.2,0.8033,cloud_heavy
716,20,29,6332.1,8231.7,0.7533,cloud_heavy
717,21,29,6563.1,8532.0,0.7032,cloud_heavy
718,22,29,6162.8,8011.7,0.6556,cloud_heavy
719,23,29,5859.3,7617.1,0.6123,cloud_heavy
720,0,30,5478.6,7122.2,0.4829,cloud_heavy
721,1,30,5746.1,7470.0,0.4978,cloud_heavy
722,2,30,5256.3,6833.2,0.5177,cloud_heavy
723,3,30,5492.4,7140.2,0.5431,cloud_heavy
724,4,30,5721.8,7438.3,0.5747,cloud_heavy
725,5,30,6309.7,8202.6,0.6123,cloud_heavy
726,6,30,6281.2,8165.6,0.6556,cloud_heavy
727,7,30,6578.8,8552.4,0.7032,cloud_heavy
728,8,30,6416.4,8341.4,0.7533,cloud_heavy
729,9,30,6626.2,8614.0,0.8033,cloud_heavy
730,10,30,7151.2,9296.5,0.8504,cloud_heavy
731,11,30,7242.8,9415.6,0.8912,cloud_heavy
732,12,30,7486.2,9732.1,0.923,cloud_heavy
733,13,30,7408.6,9631.1,0.9431,cloud_heavy
734,14,30,7542.2,9804.9,0.95,cloud_heavy
735,15,30,7485.8,9731.6,0.9431,cloud_heavy
736,16,30,7536.8,9797.9,0.923,cloud_heavy
737,17,30,7405.2,9626.7,0.8912,cloud_heavy
738,18,30,6713.5,8727.5,0.8504,cloud_heavy
739,19,30,6394.2,8312.4,0.8033,cloud_heavy
740,20,30,6843.3,8896.3,0.7533,cloud_heavy
741,21,30,6659.9,8657.9,0.7032,cloud_heavy
742,22,30,6037.7,7849.0,0.6556,cloud_heavy
743,23,30,5707.4,7419.7,0.6123,cloud_heavy
744,0,31,5510.8,7164.0,0.4829,cloud_heavy
745,1,31,5713.2,7427.2,0.4978,cloud_heavy
746,2,31,5946.7,7730.7,0.5177,cloud_heavy
747,3,31,5839.7,7591.6,0.5431,cloud_heavy
748,4,31,5819.1,7564.8,0.5747,cloud_heavy
749,5,31,5882.7,7647.6,0.6123,cloud_heavy
750,6,31,6230.6,8099.7,0.6556,cloud_heavy
751,7,31,6373.0,8284.9,0.7032,cloud_heavy
752,8,31,6441.4,8373.8,0.7533,cloud_heavy
753,9,31,7277.9,9461.2,0.8033,cloud_heavy
754,10,31,7434.3,9664.6,0.8504,cloud_heavy
755,11,31,7476.5,9719.5,0.8912,cloud_heavy
756,12,31,7161.5,9310.0,0.923,cloud_heavy
757,13,31,7641.6,9934.1,0.9431,cloud_heavy
758,14,31,7623.3,9910.3,0.95,cloud_heavy
759,15,31,7549.4,9814.2,0.9431,cloud_heavy
760,16,31,7641.1,9933.4,0.923,cloud_heavy
761,17,31,7367.9,9578.3,0.8912,cloud_heavy
762,18,31,7213.0,9376.9,0.8504,cloud_heavy
763,19,31,6987.4,9083.7,0.8033,cloud_heavy
764,20,31,6711.6,8725.1,0.7533,cloud_heavy
765,21,31,6086.7,7912.7,0.7032,cloud_heavy
766,22,31,6244.0,8117.3,0.6556,cloud_heavy
767,23,31,5943.8,7727.0,0.6123,cloud_heavy
768,0,32,5283.5,6868.6,0.4829,cloud_heavy
769,1,32,5838.5,7590.0,0.4978,cloud_heavy
770,2,32,5935.1,7715.6,0.5177,cloud_heavy
771,3,32,5985.1,7780.7,0.5431,cloud_heavy
772,4,32,5929.7,7708.7,0.5747,cloud_heavy
773,5,32,6289.6,8176.5,0.6123,cloud_heavy
774,6,32,6230.7,8099.9,0.6556,cloud_heavy
775,7,32,6469.9,8410.9,0.7032,cloud_heavy
776,8,32,6425.7,8353.5,0.7533,cloud_heavy
777,9,32,6938.1,9019.5,0.8033,cloud_heavy
778,10,32,7069.2,9189.9,0.8504,cloud_heavy
779,11,32,6947.6,9031.8,0.8912,cloud_heavy
780,12,32,7353.7,9559.8,0.923,cloud_heavy
781,13,32,7432.7,9662.5,0.9431,cloud_heavy
782,14,32,7883.2,10248.1,0.95,cloud_heavy
783,15,32,7650.4,9945.5,0.9431,cloud_heavy
784,16,32,7367.5,9577.8,0.923,cloud_heavy
785,17,32,7284.1,9469.3,0.8912,cloud_heavy
786,18,32,7065.7,9185.5,0.8504,cloud_heavy
787,19,32,6814.7,8859.1,0.8033,cloud_heavy
788,20,32,6427.9,8356.3,0.7533,cloud_heavy
789,21,32,6401.6,8322.1,0.7032,cloud_heavy
790,22,32,6089.0,7915.7,0.6556,cloud_heavy
791,23,32,5818.0,7563.3,0.6123,cloud_heavy
792,0,33,5536.2,7197.1,0.473,cloud_heavy
793,1,33,5561.6,7230.1,0.4835,cloud_heavy
794,2,33,5258.3,6835.8,0.4974,cloud_heavy
795,3,33,5611.2,7294.5,0.5152,cloud_heavy
796,4,33,5896.8,7665.8,0.5373,cloud_heavy
797,5,33,6023.2,7830.2,0.5636,cloud_heavy
798,6,33,6150.0,7994.9,0.5939,cloud_heavy
799,7,33,6115.1,7949.6,0.6272,cloud_heavy
800,8,33,6098.4,7927.9,0.6623,cloud_heavy
801,9,33,6197.7,8057.0,0.6973,cloud_heavy
802,10,33,6613.6,8597.7,0.7303,cloud_heavy
803,11,33,6743.4,8766.4,0.7589,cloud_heavy
804,12,33,7023.1,9130.0,0.7811,cloud_heavy
805,13,33,7046.9,9161.0,0.7952,cloud_heavy
806,14,33,6815.2,8859.7,0.8,cloud_heavy
807,15,33,6567.2,8537.3,0.7952,cloud_heavy
808,16,33,6697.2,8706.3,0.7811,cloud_heavy
809,17,33,6711.0,8724.3,0.7589,cloud_heavy
810,18,33,6506.2,8458.1,0.7303,cloud_heavy
811,19,33,6294.9,8183.4,0.6973,cloud_heavy
812,20,33,6304.5,8195.8,0.6623,cloud_heavy
813,21,33,6015.6,7820.3,0.6272,cloud_heavy
814,22,33,5853.9,7610.1,0.5939,cloud_heavy
815,23,33,5892.3,7660.0,0.5636,cloud_heavy
816,0,34,5386.8,7002.9,0.473,cloud_heavy
817,1,34,5537.3,7198.5,0.4835,cloud_heavy
818,2,34,5601.7,7282.2,0.4974,cloud_heavy
819,3,34,5439.4,7071.2,0.5152,cloud_heavy
820,4,34,5643.1,7336.0,0.5373,cloud_heavy
821,5,34,6089.5,7916.4,0.5636,cloud_heavy
822,6,34,5758.3,7485.8,0.5939,cloud_heavy
823,7,34,5720.1,7436.2,0.6272,cloud_heavy
824,8,34,5907.5,7679.8,0.6623,cloud_heavy
825,9,34,6411.5,8335.0,0.6973,cloud_heavy
826,10,34,6552.0,8517.6,0.7303,cloud_heavy
827,11,34,6644.0,8637.2,0.7589,cloud_heavy
828,12,34,7008.2,9110.7,0.7811,cloud_heavy
829,13,34,6274.8,8157.2,0.7952,cloud_heavy
830,14,34,6923.6,9000.7,0.8,cloud_heavy
831,15,34,7141.3,9283.7,0.7952,cloud_heavy
832,16,34,6533.1,8493.1,0.7811,cloud_heavy
833,17,34,6591.6,8569.0,0.7589,cloud_heavy
834,18,34,6398.1,8317.5,0.7303,cloud_heavy
835,19,34,6234.1,8104.3,0.6973,cloud_heavy
836,20,34,6195.8,8054.5,0.6623,cloud_heavy
837,21,34,6369.6,8280.4,0.6272,cloud_heavy
838,22,34,6295.2,8183.8,0.5939,cloud_heavy
839,23,34,5778.9,7512.6,0.5636,cloud_heavy
840,0,35,5808.5,7551.1,0.4829,cloud_heavy
841,1,35,5564.0,7233.2,0.4978,cloud_heavy
842,2,35,5939.2,7721.0,0.5177,cloud_heavy
843,3,35,5734.5,7454.9,0.5431,cloud_heavy
844,4,35,5907.8,7680.2,0.5747,cloud_heavy
845,5,35,6111.0,7944.3,0.6123,cloud_heavy
846,6,35,6822.4,8869.1,0.6556,cloud_heavy
847,7,35,6595.0,8573.5,0.7032,cloud_heavy
848,8,35,6502.7,8453.5,0.7533,cloud_heavy
849,9,35,7055.8,9172.5,0.8033,cloud_heavy
850,10,35,6979.8,9073.7,0.8504,cloud_heavy
851,11,35,7123.9,9261.1,0.8912,cloud_heavy
852,12,35,7565.7,9835.4,0.923,cloud_heavy
853,13,35,7457.4,9694.7,0.9431,cloud_heavy
854,14,35,7542.3,9805.0,0.95,cloud_heavy
855,15,35,7453.6,9689.7,0.9431,cloud_heavy
856,16,35,7439.3,9671.1,0.923,cloud_heavy
857,17,35,7322.3,9519.0,0.8912,cloud_heavy
858,18,35,6646.3,8640.2,0.8504,cloud_heavy
859,19,35,6993.5,9091.6,0.8033,cloud_heavy
860,20,35,6448.0,8382.3,0.7533,cloud_heavy
861,21,35,6152.5,7998.3,0.7032,cloud_heavy
862,22,35,6217.5,8082.8,0.6556,cloud_heavy
863,23,35,6059.9,7877.9,0.6123,cloud_heavy
864,0,36,5380.2,6994.2,0.4829,cloud_heavy
865,1,36,5696.6,7405.6,0.4978,cloud_heavy
866,2,36,5415.2,7039.8,0.5177,cloud_heavy
867,3,36,5680.4,7384.6,0.5431,cloud_heavy
868,4,36,5781.4,7515.9,0.5747,cloud_heavy
869,5,36,6036.2,7847.1,0.6123,cloud_heavy
870,6,36,6280.5,8164.7,0.6556,cloud_heavy
871,7,36,6236.3,8107.2,0.7032,cloud_heavy
872,8,36,6788.0,8824.5,0.7533,cloud_heavy
873,9,36,6869.4,8930.2,0.8033,cloud_heavy
874,10,36,6655.9,8652.6,0.8504,cloud_heavy
875,11,36,6805.3,8846.9,0.8912,cloud_heavy
876,12,36,7362.2,9570.9,0.923,cloud_heavy
877,13,36,7401.1,9621.4,0.9431,cloud_heavy
878,14,36,7456.6,9693.6,0.95,cloud_heavy
879,15,36,7444.2,9677.5,0.9431,cloud_heavy
880,16,36,7414.8,9639.3,0.923,cloud_heavy
881,17,36,7435.7,9666.4,0.8912,cloud_heavy
882,18,36,6821.2,8867.5,0.8504,cloud_heavy
883,19,36,6615.4,8600.0,0.8033,cloud_heavy
884,20,36,6425.8,8353.5,0.7533,cloud_heavy
885,21,36,6486.5,8432.5,0.7032,cloud_heavy
886,22,36,6461.0,8399.4,0.6556,cloud_heavy
887,23,36,5966.5,7756.4,0.6123,cloud_heavy
888,0,37,5082.1,6606.7,0.4829,cloud_heavy
889,1,37,5273.9,6856.1,0.4978,cloud_heavy
890,2,37,5501.4,7151.8,0.5177,cloud_heavy
891,3,37,5654.4,7350.7,0.5431,cloud_heavy
892,4,37,5812.6,7556.4,0.5747,cloud_heavy
893,5,37,6051.7,7867.2,0.6123,cloud_heavy
894,6,37,6170.2,8021.2,0.6556,cloud_heavy
895,7,37,6633.2,8623.2,0.7032,cloud_heavy
896,8,37,6508.9,8461.6,0.7533,cloud_heavy
897,9,37,6679.1,8682.8,0.8033,cloud_heavy
898,10,37,7157.7,9305.1,0.8504,cloud_heavy
899,11,37,6897.0,8966.1,0.8912,cloud_heavy
900,12,37,7451.1,9686.4,0.923,cloud_heavy
901,13,37,7473.4,9715.4,0.9431,cloud_heavy
902,14,37,7446.7,9680.7,0.95,cloud_heavy
903,15,37,7805.5,10147.2,0.9431,cloud_heavy
904,16,37,7227.5,9395.7,0.923,cloud_heavy
905,17,37,7677.0,9980.1,0.8912,cloud_heavy
906,18,37,7008.7,9111.2,0.8504,cloud_heavy
907,19,37,6593.8,8571.9,0.8033,cloud_heavy
908,20,37,6657.6,8654.9,0.7533,cloud_heavy
909,21,37,6223.1,8090.1,0.7032,cloud_heavy
910,22,37,6088.0,7914.3,0.6556,cloud_heavy
911,23,37,6116.7,7951.7,0.6123,cloud_heavy
912,0,38,5586.1,7261.9,0.4829,cloud_heavy
913,1,38,5454.3,7090.6,0.4978,cloud_heavy
914,2,38,5809.5,7552.4,0.5177,cloud_heavy
915,3,38,5950.3,7735.4,0.5431,cloud_heavy
916,4,38,6138.2,7979.7,0.5747,cloud_heavy
917,5,38,6140.7,7982.9,0.6123,cloud_heavy
918,6,38,6483.2,8428.1,0.6556,cloud_heavy
919,7,38,6067.9,7888.3,0.7032,cloud_heavy
920,8,38,6580.3,8554.4,0.7533,cloud_heavy
921,9,38,6678.1,8681.5,0.8033,cloud_heavy
922,10,38,7081.6,9206.1,0.8504,cloud_heavy
923,11,38,7106.2,9238.0,0.8912,cloud_heavy
924,12,38,7328.3,9526.7,0.923,cloud_heavy
925,13,38,7871.2,10232.5,0.9431,cloud_heavy
926,14,38,7441.7,9674.2,0.95,cloud_heavy
927,15,38,7543.0,9805.9,0.9431,cloud_heavy
928,16,38,7313.7,9507.7,0.923,cloud_heavy
929,17,38,7246.5,9420.5,0.8912,cloud_heavy
930,18,38,7057.6,9174.9,0.8504,cloud_heavy
931,19,38,6948.7,9033.2,0.8033,cloud_heavy
932,20,38,6875.9,8938.7,0.7533,cloud_heavy
933,21,38,6748.6,8773.2,0.7032,cloud_heavy
934,22,38,6286.3,8172.2,0.6556,cloud_heavy
935,23,38,6151.6,7997.1,0.6123,cloud_heavy
936,0,39,5304.8,6896.2,0.4829,cloud_heavy
937,1,39,5543.4,7206.4,0.4978,cloud_heavy
938,2,39,5801.6,7542.0,0.5177,cloud_heavy
939,3,39,5900.0,7670.0,0.5431,cloud_heavy
940,4,39,5922.0,7698.7,0.5747,cloud_heavy
941,5,39,6205.4,8067.1,0.6123,cloud_heavy
942,6,39,6320.1,8216.2,0.6556,cloud_heavy
943,7,39,6662.3,8661.0,0.7032,cloud_heavy
944,8,39,6701.4,8711.8,0.7533,cloud_heavy
945,9,39,6783.3,8818.3,0.8033,cloud_heavy
946,10,39,7127.5,9265.7,0.8504,cloud_heavy
947,11,39,6594.5,8572.8,0.8912,cloud_heavy
948,12,39,7449.6,9684.4,0.923,cloud_heavy
949,13,39,6635.0,8625.5,0.9431,cloud_heavy
950,14,39,7093.1,9221.0,0.95,cloud_heavy
951,15,39,7551.5,9816.9,0.9431,cloud_heavy
952,16,39,7470.5,9711.6,0.923,cloud_heavy
953,17,39,6978.0,9071.4,0.8912,cloud_heavy
954,18,39,6905.6,8977.3,0.8504,cloud_heavy
955,19,39,7138.3,9279.8,0.8033,cloud_heavy
956,20,39,6547.2,8511.4,0.7533,cloud_heavy
957,21,39,6863.5,8922.5,0.7032,cloud_heavy
958,22,39,6228.1,8096.5,0.6556,cloud_heavy
959,23,39,6118.7,7954.3,0.6123,cloud_heavy
960,0,40,5717.1,7432.2,0.473,cloud_heavy
961,1,40,5518.7,7174.3,0.4835,cloud_heavy
962,2,40,5389.0,7005.8,0.4974,cloud_heavy
963,3,40,5613.3,7297.3,0.5152,cloud_heavy
964,4,40,5719.6,7435.5,0.5373,cloud_heavy
965,5,40,5598.7,7278.3,0.5636,cloud_heavy
966,6,40,5920.5,7696.7,0.5939,cloud_heavy
967,7,40,5972.0,7763.6,0.6272,cloud_heavy
968,8,40,6430.5,8359.7,0.6623,cloud_heavy
969,9,40,6412.6,8336.4,0.6973,cloud_heavy
970,10,40,6490.4,8437.5,0.7303,cloud_heavy
971,11,40,6646.3,8640.2,0.7589,cloud_heavy
972,12,40,6807.2,8849.3,0.7811,cloud_heavy
973,13,40,6948.0,9032.4,0.7952,cloud_heavy
974,14,40,6637.1,8628.2,0.8,cloud_heavy
975,15,40,6608.6,8591.2,0.7952,cloud_heavy
976,16,40,6986.0,9081.8,0.7811,cloud_heavy
977,17,40,6585.0,8560.6,0.7589,cloud_heavy
978,18,40,6267.7,8148.0,0.7303,cloud_heavy
979,19,40,6491.2,8438.6,0.6973,cloud_heavy
980,20,40,6344.0,8247.2,0.6623,cloud_heavy
981,21,40,5827.5,7575.7,0.6272,cloud_heavy
982,22,40,6007.4,7809.6,0.5939,cloud_heavy
983,23,40,5966.6,7756.5,0.5636,cloud_heavy
984,0,41,5513.8,7168.0,0.473,cloud_heavy
985,1,41,5601.3,7281.7,0.4835,cloud_heavy
986,2,41,5322.1,6918.7,0.4974,cloud_heavy
987,3,41,5687.8,7394.2,0.5152,cloud_heavy
988,4,41,5673.7,7375.9,0.5373,cloud_heavy
989,5,41,5753.2,7479.1,0.5636,cloud_heavy
990,6,41,6122.2,7958.8,0.5939,cloud_heavy
991,7,41,6379.0,8292.8,0.6272,cloud_heavy
992,8,41,6593.8,8572.0,0.6623,cloud_heavy
993,9,41,6658.6,8656.2,0.6973,cloud_heavy
994,10,41,6524.4,8481.7,0.7303,cloud_heavy
995,11,41,6738.1,8759.5,0.7589,cloud_heavy
996,12,41,6917.5,8992.7,0.7811,cloud_heavy
997,13,41,6846.6,8900.6,0.7952,cloud_heavy
998,14,41,6869.1,8929.9,0.8,cloud_heavy
999,15,41,6990.4,9087.5,0.7952,cloud_heavy
1000,16,41,6749.9,8774.9,0.7811,cloud_heavy
1001,17,41,6521.6,8478.1,0.7589,cloud_heavy
1002,18,41,6464.5,8403.9,0.7303,cloud_heavy
1003,19,41,6527.8,8486.1,0.6973,cloud_heavy
1004,20,41,6257.6,8134.9,0.6623,cloud_heavy
1005,21,41,6170.3,8021.4,0.6272,cloud_heavy
1006,22,41,6086.3,7912.2,0.5939,cloud_heavy
1007,23,41,5772.1,7503.7,0.5636,cloud_heavy
1008,0,42,5619.1,7304.9,0.4829,cloud_heavy
1009,1,42,5621.2,7307.6,0.4978,cloud_heavy
1010,2,42,5433.4,7063.4,0.5177,cloud_heavy
1011,3,42,5999.5,7799.3,0.5431,cloud_heavy
1012,4,42,5796.3,7535.2,0.5747,cloud_heavy
1013,5,42,5744.6,7467.9,0.6123,cloud_heavy
1014,6,42,6033.2,7843.1,0.6556,cloud_heavy
1015,7,42,6233.8,8103.9,0.7032,cloud_heavy
1016,8,42,6654.1,8650.3,0.7533,cloud_heavy
1017,9,42,6800.1,8840.1,0.8033,cloud_heavy
1018,10,42,6985.1,9080.6,0.8504,cloud_heavy
1019,11,42,7364.5,9573.9,0.8912,cloud_heavy
1020,12,42,7440.1,9672.1,0.923,cloud_heavy
1021,13,42,7521.1,9777.5,0.9431,cloud_heavy
1022,14,42,7571.8,9843.3,0.95,cloud_heavy
1023,15,42,7588.2,9864.7,0.9431,cloud_heavy
1024,16,42,6899.2,8969.0,0.923,cloud_heavy
1025,17,42,7151.1,9296.4,0.8912,cloud_heavy
1026,18,42,6594.8,8573.3,0.8504,cloud_heavy
1027,19,42,6863.9,8923.0,0.8033,cloud_heavy
1028,20,42,6642.8,8635.6,0.7533,cloud_heavy
1029,21,42,6632.5,8622.2,0.7032,cloud_heavy
1030,22,42,6450.3,8385.4,0.6556,cloud_heavy
1031,23,42,6081.5,7905.9,0.6123,cloud_heavy
1032,0,43,5412.0,7035.6,0.4829,cloud_heavy
1033,1,43,5638.9,7330.6,0.4978,cloud_heavy
1034,2,43,5553.0,7218.9,0.5177,cloud_heavy
1035,3,43,5750.4,7475.5,0.5431,cloud_heavy
1036,4,43,6058.8,7876.4,0.5747,cloud_heavy
1037,5,43,5943.5,7726.6,0.6123,cloud_heavy
1038,6,43,6379.0,8292.7,0.6556,cloud_heavy
1039,7,43,6561.5,8529.9,0.7032,cloud_heavy
1040,8,43,6453.4,8389.4,0.7533,cloud_heavy
1041,9,43,7056.8,9173.8,0.8033,cloud_heavy
1042,10,43,7204.3,9365.5,0.8504,cloud_heavy
1043,11,43,7252.2,9427.9,0.8912,cloud_heavy
1044,12,43,7196.5,9355.5,0.923,cloud_heavy
1045,13,43,7258.5,9436.0,0.9431,cloud_heavy
1046,14,43,7359.2,9566.9,0.95,cloud_heavy
1047,15,43,7571.8,9843.3,0.9431,cloud_heavy
1048,16,43,7153.8,9300.0,0.923,cloud_heavy
1049,17,43,7325.0,9522.5,0.8912,cloud_heavy
1050,18,43,6793.5,8831.6,0.8504,cloud_heavy
1051,19,43,6814.5,8858.8,0.8033,cloud_heavy
1052,20,43,6665.5,8665.2,0.7533,cloud_heavy
1053,21,43,6902.5,8973.2,0.7032,cloud_heavy
1054,22,43,5971.1,7762.4,0.6556,cloud_heavy
1055,23,43,6311.6,8205.1,0.6123,cloud_heavy
1056,0,44,5519.2,7174.9,0.4829,cloud_heavy
1057,1,44,5626.6,7314.6,0.4978,cloud_heavy
1058,2,44,5662.4,7361.2,0.5177,cloud_heavy
1059,3,44,5827.4,7575.6,0.5431,cloud_heavy
1060,4,44,5857.5,7614.8,0.5747,cloud_heavy
1061,5,44,6308.4,8200.9,0.6123,cloud_heavy
1062,6,44,6143.1,7986.1,0.6556,cloud_heavy
1063,7,44,6649.2,8644.0,0.7032,cloud_heavy
1064,8,44,6515.3,8469.8,0.7533,cloud_heavy
1065,9,44,6844.0,8897.3,0.8033,cloud_heavy
1066,10,44,6829.4,8878.3,0.8504,cloud_heavy
1067,11,44,7328.8,9527.5,0.8912,cloud_heavy
1068,12,44,7684.3,9989.6,0.923,cloud_heavy
1069,13,44,7433.2,9663.2,0.9431,cloud_heavy
1070,14,44,7435.6,9666.3,0.95,cloud_heavy
1071,15,44,7201.4,9361.8,0.9431,cloud_heavy
1072,16,44,7314.3,9508.6,0.923,cloud_heavy
1073,17,44,6884.6,8950.0,0.8912,cloud_heavy
1074,18,44,6863.1,8922.1,0.8504,cloud_heavy
1075,19,44,6903.1,8974.0,0.8033,cloud_heavy
1076,20,44,6906.6,8978.6,0.7533,cloud_heavy
1077,21,44,6972.7,9064.6,0.7032,cloud_heavy
1078,22,44,6118.8,7954.5,0.6556,cloud_heavy
1079,23,44,6305.0,8196.5,0.6123,cloud_heavy
1080,0,45,5534.7,7195.1,0.4829,cloud_heavy
1081,1,45,5532.8,7192.7,0.4978,cloud_heavy
1082,2,45,5715.6,7430.3,0.5177,cloud_heavy
1083,3,45,5761.3,7489.7,0.5431,cloud_heavy
1084,4,45,5904.2,7675.4,0.5747,cloud_heavy
1085,5,45,5970.6,7761.8,0.6123,cloud_heavy
1086,6,45,5967.2,7757.3,0.6556,cloud_heavy
1087,7,45,6133.0,7972.9,0.7032,cloud_heavy
1088,8,45,6773.9,8806.0,0.7533,cloud_heavy
1089,9,45,6799.5,8839.4,0.8033,cloud_heavy
1090,10,45,6930.2,9009.2,0.8504,cloud_heavy
1091,11,45,7232.0,9401.5,0.8912,cloud_heavy
1092,12,45,7540.6,9802.8,0.923,cloud_heavy
1093,13,45,7490.8,9738.1,0.9431,cloud_heavy
1094,14,45,7332.6,9532.4,0.95,cloud_heavy
1095,15,45,7724.6,10042.0,0.9431,cloud_heavy
1096,16,45,7713.9,10028.1,0.923,cloud_heavy
1097,17,45,7337.4,9538.6,0.8912,cloud_heavy
1098,18,45,7262.5,9441.2,0.8504,cloud_heavy
1099,19,45,7111.9,9245.5,0.8033,cloud_heavy
1100,20,45,6868.9,8929.6,0.7533,cloud_heavy
1101,21,45,6549.2,8514.0,0.7032,cloud_heavy
1102,22,45,6340.2,8242.3,0.6556,cloud_heavy
1103,23,45,6138.9,7980.6,0.6123,cloud_heavy
1104,0,46,5313.6,6907.7,0.4829,cloud_heavy
1105,1,46,5674.9,7377.3,0.4978,cloud_heavy
1106,2,46,5412.9,7036.8,0.5177,cloud_heavy
1107,3,46,5613.5,7297.6,0.5431,cloud_heavy
1108,4,46,6114.8,7949.3,0.5747,cloud_heavy
1109,5,46,6197.1,8056.2,0.6123,cloud_heavy
1110,6,46,6506.3,8458.2,0.6556,cloud_heavy
1111,7,46,6378.4,8291.9,0.7032,cloud_heavy
1112,8,46,6414.0,8338.2,0.7533,cloud_heavy
1113,9,46,6807.0,8849.1,0.8033,cloud_heavy
1114,10,46,7078.0,9201.4,0.8504,cloud_heavy
1115,11,46,7247.2,9421.4,0.8912,cloud_heavy
1116,12,46,7615.5,9900.1,0.923,cloud_heavy
1117,13,46,7369.7,9580.7,0.9431,cloud_heavy
1118,14,46,7558.8,9826.4,0.95,cloud_heavy
1119,15,46,7229.5,9398.4,0.9431,cloud_heavy
1120,16,46,7464.5,9703.8,0.923,cloud_heavy
1121,17,46,7230.8,9400.0,0.8912,cloud_heavy
1122,18,46,6897.6,8966.9,0.8504,cloud_heavy
1123,19,46,6807.9,8850.3,0.8033,cloud_heavy
1124,20,46,6607.0,8589.1,0.7533,cloud_heavy
1125,21,46,6378.7,8292.2,0.7032,cloud_heavy
1126,22,46,6559.4,8527.2,0.6556,cloud_heavy
1127,23,46,6026.8,7834.9,0.6123,cloud_heavy
1128,0,47,5412.7,7036.5,0.473,cloud_heavy
1129,1,47,5151.2,6696.5,0.4835,cloud_heavy
1130,2,47,5407.1,7029.2,0.4974,cloud_heavy
1131,3,47,5587.4,7263.7,0.5152,cloud_heavy
1132,4,47,5607.9,7290.3,0.5373,cloud_heavy
1133,5,47,6079.7,7903.6,0.5636,cloud_heavy
1134,6,47,5936.8,7717.9,0.5939,cloud_heavy
1135,7,47,6344.1,8247.3,0.6272,cloud_heavy
1136,8,47,6268.6,8149.2,0.6623,cloud_heavy
1137,9,47,6413.1,8337.0,0.6973,cloud_heavy
1138,10,47,6528.5,8487.0,0.7303,cloud_heavy
1139,11,47,6668.3,8668.8,0.7589,cloud_heavy
1140,12,47,7110.6,9243.8,0.7811,cloud_heavy
1141,13,47,6347.1,8251.2,0.7952,cloud_heavy
1142,14,47,6431.5,8360.9,0.8,cloud_heavy
1143,15,47,6710.6,8723.8,0.7952,cloud_heavy
1144,16,47,6764.9,8794.3,0.7811,cloud_heavy
1145,17,47,6805.6,8847.2,0.7589,cloud_heavy
1146,18,47,6638.8,8630.5,0.7303,cloud_heavy
1147,19,47,6332.1,8231.7,0.6973,cloud_heavy
1148,20,47,6448.3,8382.8,0.6623,cloud_heavy
1149,21,47,6296.8,8185.8,0.6272,cloud_heavy
1150,22,47,5999.3,7799.1,0.5939,cloud_heavy
1151,23,47,6006.3,7808.2,0.5636,cloud_heavy
1152,0,48,5497.2,7146.3,0.473,cloud_heavy
1153,1,48,5404.5,7025.8,0.4835,cloud_heavy
1154,2,48,5672.4,7374.2,0.4974,cloud_heavy
1155,3,48,5650.6,7345.7,0.5152,cloud_heavy
1156,4,48,5725.9,7443.7,0.5373,cloud_heavy
1157,5,48,6095.7,7924.4,0.5636,cloud_heavy
1158,6,48,5527.7,7186.0,0.5939,cloud_heavy
1159,7,48,5848.2,7602.7,0.6272,cloud_heavy
1160,8,48,6034.2,7844.5,0.6623,cloud_heavy
1161,9,48,6336.1,8237.0,0.6973,cloud_heavy
1162,10,48,6495.9,8444.7,0.7303,cloud_heavy
1163,11,48,6366.0,8275.8,0.7589,cloud_heavy
1164,12,48,6562.1,8530.7,0.7811,cloud_heavy
1165,13,48,6645.6,8639.3,0.7952,cloud_heavy
1166,14,48,7346.7,9550.8,0.8,cloud_heavy
1167,15,48,7190.5,9347.7,0.7952,cloud_heavy
1168,16,48,6678.4,8681.9,0.7811,cloud_heavy
1169,17,48,6594.8,8573.2,0.7589,cloud_heavy
1170,18,48,6320.2,8216.3,0.7303,cloud_heavy
1171,19,48,6039.2,7851.0,0.6973,cloud_heavy
1172,20,48,6235.1,8105.6,0.6623,cloud_heavy
1173,21,48,5925.1,7702.7,0.6272,cloud_heavy
1174,22,48,5951.1,7736.5,0.5939,cloud_heavy
1175,23,48,5557.5,7224.7,0.5636,cloud_heavy
1176,0,49,5368.9,6979.5,0.4829,cloud_heavy
1177,1,49,5582.8,7257.7,0.4978,cloud_heavy
1178,2,49,5704.4,7415.7,0.5177,cloud_heavy
1179,3,49,5822.7,7569.5,0.5431,cloud_heavy
1180,4,49,5651.6,7347.0,0.5747,cloud_heavy
1181,5,49,6199.7,8059.6,0.6123,cloud_heavy
1182,6,49,6078.9,7902.6,0.6556,cloud_heavy
1183,7,49,6552.9,8518.7,0.7032,cloud_heavy
1184,8,49,6641.6,8634.0,0.7533,cloud_heavy
1185,9,49,6573.3,8545.3,0.8033,cloud_heavy
1186,10,49,6989.4,9086.3,0.8504,cloud_heavy
1187,11,49,7309.4,9502.2,0.8912,cloud_heavy
1188,12,49,7500.4,9750.5,0.923,cloud_heavy
1189,13,49,7419.0,9644.7,0.9431,cloud_heavy
1190,14,49,7823.5,10170.6,0.95,cloud_heavy
1191,15,49,7675.7,9978.4,0.9431,cloud_heavy
1192,16,49,7308.3,9500.7,0.923,cloud_heavy
1193,17,49,7392.8,9610.7,0.8912,cloud_heavy
1194,18,49,7465.7,9705.5,0.8504,cloud_heavy
1195,19,49,7259.7,9437.6,0.8033,cloud_heavy
1196,20,49,6398.9,8318.6,0.7533,cloud_heavy
1197,21,49,6252.0,8127.6,0.7032,cloud_heavy
1198,22,49,6505.9,8457.6,0.6556,cloud_heavy
1199,23,49,5852.8,7608.6,0.6123,cloud_heavy
1200,0,50,5276.5,6859.4,0.4829,cloud_heavy
1201,1,50,5477.0,7120.1,0.4978,cloud_heavy
1202,2,50,5713.5,7427.6,0.5177,cloud_heavy
1203,3,50,5733.0,7452.9,0.5431,cloud_heavy
1204,4,50,5769.8,7500.8,0.5747,cloud_heavy
1205,5,50,5922.4,7699.2,0.6123,cloud_heavy
1206,6,50,6095.3,7923.9,0.6556,cloud_heavy
1207,7,50,6261.1,8139.4,0.7032,cloud_heavy
1208,8,50,7098.4,9228.0,0.7533,cloud_heavy
1209,9,50,6917.6,8992.9,0.8033,cloud_heavy
1210,10,50,7244.1,9417.3,0.8504,cloud_heavy
1211,11,50,7124.0,9261.2,0.8912,cloud_heavy
1212,12,50,7323.9,9521.0,0.923,cloud_heavy
1213,13,50,7291.0,9478.3,0.9431,cloud_heavy
1214,14,50,6884.8,8950.2,0.95,cloud_heavy
1215,15,50,7142.5,9285.2,0.9431,cloud_heavy
1216,16,50,6964.9,9054.4,0.923,cloud_heavy
1217,17,50,6742.1,8764.8,0.8912,cloud_heavy
1218,18,50,6803.3,8844.3,0.8504,cloud_heavy
1219,19,50,7129.0,9267.7,0.8033,cloud_heavy
1220,20,50,6634.8,8625.3,0.7533,cloud_heavy
1221,21,50,6679.8,8683.7,0.7032,cloud_heavy
1222,22,50,6305.2,8196.8,0.6556,cloud_heavy
1223,23,50,6186.6,8042.6,0.6123,cloud_heavy
1224,0,51,5346.0,6949.8,0.4829,cloud_heavy
1225,1,51,5645.4,7339.0,0.4978,cloud_heavy
1226,2,51,5765.7,7495.5,0.5177,cloud_heavy
1227,3,51,5651.1,7346.5,0.5431,cloud_heavy
1228,4,51,5983.5,7778.5,0.5747,cloud_heavy
1229,5,51,6147.4,7991.6,0.6123,cloud_heavy
1230,6,51,6125.7,7963.5,0.6556,cloud_heavy
1231,7,51,6214.2,8078.4,0.7032,cloud_heavy
1232,8,51,6407.7,8330.0,0.7533,cloud_heavy
1233,9,51,6874.2,8936.5,0.8033,cloud_heavy
1234,10,51,7125.6,9263.3,0.8504,cloud_heavy
1235,11,51,7058.2,9175.7,0.8912,cloud_heavy
1236,12,51,7370.8,9582.1,0.923,cloud_heavy
1237,13,51,7578.0,9851.4,0.9431,cloud_heavy
1238,14,51,7618.5,9904.1,0.95,cloud_heavy
1239,15,51,7797.4,10136.6,0.9431,cloud_heavy
1240,16,51,7647.1,9941.3,0.923,cloud_heavy
1241,17,51,7012.9,9116.8,0.8912,cloud_heavy
1242,18,51,7412.8,9636.6,0.8504,cloud_heavy
1243,19,51,6747.2,8771.4,0.8033,cloud_heavy
1244,20,51,6851.9,8907.5,0.7533,cloud_heavy
1245,21,51,6443.9,8377.1,0.7032,cloud_heavy
1246,22,51,6151.4,7996.8,0.6556,cloud_heavy
1247,23,51,5716.9,7432.0,0.6123,cloud_heavy
1248,0,52,5466.2,7106.1,0.4829,cloud_heavy
1249,1,52,5298.0,6887.4,0.4978,cloud_heavy
1250,2,52,5806.1,7548.0,0.5177,cloud_heavy
1251,3,52,6012.3,7816.0,0.5431,cloud_heavy
1252,4,52,5744.0,7467.2,0.5747,cloud_heavy
1253,5,52,6099.5,7929.3,0.6123,cloud_heavy
1254,6,52,6092.9,7920.7,0.6556,cloud_heavy
1255,7,52,6309.5,8202.4,0.7032,cloud_heavy
1256,8,52,6798.1,8837.5,0.7533,cloud_heavy
1257,9,52,6848.5,8903.1,0.8033,cloud_heavy
1258,10,52,7424.6,9652.0,0.8504,cloud_heavy
1259,11,52,7125.5,9263.2,0.8912,cloud_heavy
1260,12,52,7585.8,9861.5,0.923,cloud_heavy
1261,13,52,7472.3,9714.0,0.9431,cloud_heavy
1262,14,52,7658.4,9955.9,0.95,cloud_heavy
1263,15,52,7350.6,9555.7,0.9431,cloud_heavy
1264,16,52,7354.0,9560.2,0.923,cloud_heavy
1265,17,52,7205.1,9366.6,0.8912,cloud_heavy
1266,18,52,6879.4,8943.2,0.8504,cloud_heavy
1267,19,52,6992.6,9090.4,0.8033,cloud_heavy
1268,20,52,6773.3,8805.3,0.7533,cloud_heavy
1269,21,52,6545.3,8508.9,0.7032,cloud_heavy
1270,22,52,6515.6,8470.3,0.6556,cloud_heavy
1271,23,52,6307.5,8199.8,0.6123,cloud_heavy
1272,0,53,5432.7,7062.5,0.4829,cloud_heavy
1273,1,53,5620.2,7306.3,0.4978,cloud_heavy
1274,2,53,5536.8,7197.9,0.5177,cloud_heavy
1275,3,53,5754.7,7481.1,0.5431,cloud_heavy
1276,4,53,5778.8,7512.4,0.5747,cloud_heavy
1277,5,53,6338.5,8240.0,0.6123,cloud_heavy
1278,6,53,6296.4,8185.3,0.6556,cloud_heavy
1279,7,53,6388.7,8305.3,0.7032,cloud_heavy
1280,8,53,6881.6,8946.1,0.7533,cloud_heavy
1281,9,53,6410.0,8332.9,0.8033,cloud_heavy
1282,10,53,6630.0,8619.0,0.8504,cloud_heavy
1283,11,53,7402.7,9623.6,0.8912,cloud_heavy
1284,12,53,7378.3,9591.8,0.923,cloud_heavy
1285,13,53,7506.5,9758.4,0.9431,cloud_heavy
1286,14,53,7182.2,9336.8,0.95,cloud_heavy
1287,15,53,7445.3,9678.9,0.9431,cloud_heavy
1288,16,53,7807.6,10149.9,0.923,cloud_heavy
1289,17,53,7408.9,9631.6,0.8912,cloud_heavy
1290,18,53,7092.3,9220.0,0.8504,cloud_heavy
1291,19,53,6766.1,8796.0,0.8033,cloud_heavy
1292,20,53,6565.0,8534.6,0.7533,cloud_heavy
1293,21,53,6020.0,7826.0,0.7032,cloud_heavy
1294,22,53,6276.6,8159.5,0.6556,cloud_heavy
1295,23,53,6198.0,8057.4,0.6123,cloud_heavy
1296,0,54,5194.8,6753.3,0.473,cloud_heavy
1297,1,54,5388.0,7004.4,0.4835,cloud_heavy
1298,2,54,5363.2,6972.1,0.4974,cloud_heavy
1299,3,54,5468.8,7109.4,0.5152,cloud_heavy
1300,4,54,5734.9,7455.4,0.5373,cloud_heavy
1301,5,54,5472.7,7114.5,0.5636,cloud_heavy
1302,6,54,6076.3,7899.2,0.5939,cloud_heavy
1303,7,54,6246.1,8120.0,0.6272,cloud_heavy
1304,8,54,6209.9,8072.9,0.6623,cloud_heavy
1305,9,54,5929.2,7708.0,0.6973,cloud_heavy
1306,10,54,6350.2,8255.3,0.7303,cloud_heavy
1307,11,54,6914.1,8988.4,0.7589,cloud_heavy
1308,12,54,6198.4,8057.9,0.7811,cloud_heavy
1309,13,54,6750.7,8775.9,0.7952,cloud_heavy
1310,14,54,6600.1,8580.1,0.8,cloud_heavy
1311,15,54,6986.4,9082.4,0.7952,cloud_heavy
1312,16,54,6625.0,8612.5,0.7811,cloud_heavy
1313,17,54,6748.3,8772.8,0.7589,cloud_heavy
1314,18,54,6656.9,8654.0,0.7303,cloud_heavy
1315,19,54,6758.8,8786.5,0.6973,cloud_heavy
1316,20,54,6218.9,8084.6,0.6623,cloud_heavy
1317,21,54,6176.9,8030.0,0.6272,cloud_heavy
1318,22,54,5700.5,7410.7,0.5939,cloud_heavy
1319,23,54,6046.2,7860.1,0.5636,cloud_heavy
1320,0,55,5328.2,6926.6,0.473,cloud_heavy
1321,1,55,5404.6,7026.0,0.4835,cloud_heavy
1322,2,55,5552.4,7218.1,0.4974,cloud_heavy
1323,3,55,5367.8,6978.2,0.5152,cloud_heavy
1324,4,55,5765.0,7494.5,0.5373,cloud_heavy
1325,5,55,6007.2,7809.3,0.5636,cloud_heavy
1326,6,55,6018.8,7824.4,0.5939,cloud_heavy
1327,7,55,5816.8,7561.9,0.6272,cloud_heavy
1328,8,55,6233.8,8103.9,0.6623,cloud_heavy
1329,9,55,6548.5,8513.1,0.6973,cloud_heavy
1330,10,55,6177.1,8030.2,0.7303,cloud_heavy
1331,11,55,6452.5,8388.3,0.7589,cloud_heavy
1332,12,55,6939.7,9021.7,0.7811,cloud_heavy
1333,13,55,6877.1,8940.2,0.7952,cloud_heavy
1334,14,55,6926.9,9004.9,0.8,cloud_heavy
1335,15,55,7202.3,9363.0,0.7952,cloud_heavy
1336,16,55,6857.0,8914.1,0.7811,cloud_heavy
1337,17,55,6799.1,8838.9,0.7589,cloud_heavy
1338,18,55,7078.2,9201.7,0.7303,cloud_heavy
1339,19,55,6364.9,8274.3,0.6973,cloud_heavy
1340,20,55,6107.3,7939.4,0.6623,cloud_heavy
1341,21,55,6186.4,8042.3,0.6272,cloud_heavy
1342,22,55,6044.9,7858.4,0.5939,cloud_heavy
1343,23,55,5745.5,7469.1,0.5636,cloud_heavy
1344,0,56,5324.3,6921.6,0.4829,cloud_heavy
1345,1,56,5943.2,7726.1,0.4978,cloud_heavy
1346,2,56,5697.7,7407.0,0.5177,cloud_heavy
1347,3,56,5624.3,7311.6,0.5431,cloud_heavy
1348,4,56,6046.4,7860.3,0.5747,cloud_heavy
1349,5,56,6024.9,7832.4,0.6123,cloud_heavy
1350,6,56,6181.2,8035.5,0.6556,cloud_heavy
1351,7,56,6539.2,8501.0,0.7032,cloud_heavy
1352,8,56,6386.2,8302.1,0.7533,cloud_heavy
1353,9,56,6929.0,9007.7,0.8033,cloud_heavy
1354,10,56,7461.3,9699.7,0.8504,cloud_heavy
1355,11,56,7331.2,9530.6,0.8912,cloud_heavy
1356,12,56,7281.8,9466.4,0.923,cloud_heavy
1357,13,56,7337.2,9538.3,0.9431,cloud_heavy
1358,14,56,7387.7,9604.0,0.95,cloud_heavy
1359,15,56,7393.7,9611.9,0.9431,cloud_heavy
1360,16,56,7281.5,9465.9,0.923,cloud_heavy
1361,17,56,7428.9,9657.5,0.8912,cloud_heavy
1362,18,56,6689.5,8696.3,0.8504,cloud_heavy
1363,19,56,7033.7,9143.9,0.8033,cloud_heavy
1364,20,56,6568.0,8538.4,0.7533,cloud_heavy
1365,21,56,6503.5,8454.5,0.7032,cloud_heavy
1366,22,56,6017.8,7823.2,0.6556,cloud_heavy
1367,23,56,6285.6,8171.3,0.6123,cloud_heavy
1368,0,57,5699.8,7409.7,0.4829,cloud_heavy
1369,1,57,5718.0,7433.4,0.4978,cloud_heavy
1370,2,57,5386.0,7001.8,0.5177,cloud_heavy
1371,3,57,5893.7,7661.8,0.5431,cloud_heavy
1372,4,57,5956.2,7743.0,0.5747,cloud_heavy
1373,5,57,5753.6,7479.7,0.6123,cloud_heavy
1374,6,57,6223.9,8091.0,0.6556,cloud_heavy
1375,7,57,6501.1,8451.4,0.7032,cloud_heavy
1376,8,57,6754.5,8780.9,0.7533,cloud_heavy
1377,9,57,6892.9,8960.8,0.8033,cloud_heavy
1378,10,57,7118.0,9253.4,0.8504,cloud_heavy
1379,11,57,7549.7,9814.7,0.8912,cloud_heavy
1380,12,57,7635.9,9926.6,0.923,cloud_heavy
1381,13,57,6809.7,8852.6,0.9431,cloud_heavy
1382,14,57,7408.6,9631.1,0.95,cloud_heavy
1383,15,57,7413.7,9637.8,0.9431,cloud_heavy
1384,16,57,6977.8,9071.2,0.923,cloud_heavy
1385,17,57,7250.5,9425.7,0.8912,cloud_heavy
1386,18,57,7320.7,9516.9,0.8504,cloud_heavy
1387,19,57,6632.9,8622.8,0.8033,cloud_heavy
1388,20,57,6710.7,8724.0,0.7533,cloud_heavy
1389,21,57,6254.1,8130.3,0.7032,cloud_heavy
1390,22,57,6102.9,7933.7,0.6556,cloud_heavy
1391,23,57,6312.6,8206.4,0.6123,cloud_heavy
1392,0,58,5405.0,7026.6,0.4829,cloud_heavy
1393,1,58,5635.1,7325.6,0.4978,cloud_heavy
1394,2,58,5325.7,6923.3,0.5177,cloud_heavy
1395,3,58,6071.9,7893.5,0.5431,cloud_heavy
1396,4,58,5991.1,7788.4,0.5747,cloud_heavy
1397,5,58,6011.6,7815.1,0.6123,cloud_heavy
1398,6,58,6336.0,8236.8,0.6556,cloud_heavy
1399,7,58,6158.8,8006.4,0.7032,cloud_heavy
1400,8,58,6879.4,8943.2,0.7533,cloud_heavy
1401,9,58,6789.8,8826.7,0.8033,cloud_heavy
1402,10,58,7013.2,9117.1,0.8504,cloud_heavy
1403,11,58,7123.5,9260.5,0.8912,cloud_heavy
1404,12,58,7236.7,9407.7,0.923,cloud_heavy
1405,13,58,7605.8,9887.5,0.9431,cloud_heavy
1406,14,58,7537.2,9798.4,0.95,cloud_heavy
1407,15,58,7596.2,9875.0,0.9431,cloud_heavy
1408,16,58,7363.0,9571.9,0.923,cloud_heavy
1409,17,58,7341.4,9543.9,0.8912,cloud_heavy
1410,18,58,6967.7,9058.0,0.8504,cloud_heavy
1411,19,58,7315.1,9509.6,0.8033,cloud_heavy
1412,20,58,6331.2,8230.5,0.7533,cloud_heavy
1413,21,58,6674.0,8676.2,0.7032,cloud_heavy
1414,22,58,6484.0,8429.2,0.6556,cloud_heavy
1415,23,58,5890.2,7657.2,0.6123,cloud_heavy
1416,0,59,5861.9,7620.5,0.4829,cloud_heavy
1417,1,59,5724.0,7441.2,0.4978,cloud_heavy
1418,2,59,5806.8,7548.8,0.5177,cloud_heavy
1419,3,59,5755.5,7482.1,0.5431,cloud_heavy
1420,4,59,5846.3,7600.2,0.5747,cloud_heavy
1421,5,59,6006.7,7808.7,0.6123,cloud_heavy
1422,6,59,6301.4,8191.8,0.6556,cloud_heavy
1423,7,59,6701.1,8711.4,0.7032,cloud_heavy
1424,8,59,6679.8,8683.8,0.7533,cloud_heavy
1425,9,59,6669.0,8669.6,0.8033,cloud_heavy
1426,10,59,7230.9,9400.2,0.8504,cloud_heavy
1427,11,59,7429.9,9658.9,0.8912,cloud_heavy
1428,12,59,7509.6,9762.5,0.923,cloud_heavy
1429,13,59,7617.1,9902.3,0.9431,cloud_heavy
1430,14,59,7419.0,9644.7,0.95,cloud_heavy
1431,15,59,7242.9,9415.7,0.9431,cloud_heavy
1432,16,59,7173.1,9325.1,0.923,cloud_heavy
1433,17,59,6875.4,8938.0,0.8912,cloud_heavy
1434,18,59,7106.5,9238.5,0.8504,cloud_heavy
1435,19,59,6839.3,8891.1,0.8033,cloud_heavy
1436,20,59,6556.0,8522.8,0.7533,cloud_heavy
1437,21,59,5860.6,7618.7,0.7032,cloud_heavy
1438,22,59,5995.4,7794.0,0.6556,cloud_heavy
1439,23,59,6247.9,8122.3,0.6123,cloud_heavy
1440,0,60,5384.9,7000.4,0.4829,cloud_heavy
1441,1,60,5618.2,7303.6,0.4978,cloud_heavy
1442,2,60,5407.0,7029.1,0.5177,cloud_heavy
1443,3,60,5998.8,7798.5,0.5431,cloud_heavy
1444,4,60,5859.3,7617.0,0.5747,cloud_heavy
1445,5,60,6097.3,7926.5,0.6123,cloud_heavy
1446,6,60,6663.0,8661.9,0.6556,cloud_heavy
1447,7,60,6723.3,8740.3,0.7032,cloud_heavy
1448,8,60,6582.6,8557.4,0.7533,cloud_heavy
1449,9,60,6734.4,8754.7,0.8033,cloud_heavy
1450,10,60,6987.5,9083.7,0.8504,cloud_heavy
1451,11,60,7340.7,9542.9,0.8912,cloud_heavy
1452,12,60,7341.7,9544.2,0.923,cloud_heavy
1453,13,60,7362.2,9570.8,0.9431,cloud_heavy
1454,14,60,7809.0,10151.7,0.95,cloud_heavy
1455,15,60,7425.0,9652.5,0.9431,cloud_heavy
1456,16,60,7873.1,10235.0,0.923,cloud_heavy
1457,17,60,7249.8,9424.7,0.8912,cloud_heavy
1458,18,60,7434.3,9664.6,0.8504,cloud_heavy
1459,19,60,6929.9,9008.9,0.8033,cloud_heavy
1460,20,60,6835.6,8886.3,0.7533,cloud_heavy
1461,21,60,6291.0,8178.3,0.7032,cloud_heavy
1462,22,60,6068.9,7889.6,0.6556,cloud_heavy
1463,23,60,6128.1,7966.5,0.6123,cloud_heavy
1464,0,61,5614.3,7298.6,0.473,cloud_heavy
1465,1,61,5503.7,7154.8,0.4835,cloud_heavy
1466,2,61,5341.7,6944.2,0.4974,cloud_heavy
1467,3,61,5402.1,7022.7,0.5152,cloud_heavy
1468,4,61,5480.6,7124.8,0.5373,cloud_heavy
1469,5,61,5528.2,7186.6,0.5636,cloud_heavy
1470,6,61,5985.9,7781.7,0.5939,cloud_heavy
1471,7,61,6314.1,8208.4,0.6272,cloud_heavy
1472,8,61,6254.5,8130.9,0.6623,cloud_heavy
1473,9,61,5971.5,7763.0,0.6973,cloud_heavy
1474,10,61,6508.4,8461.0,0.7303,cloud_heavy
1475,11,61,6635.0,8625.4,0.7589,cloud_heavy
1476,12,61,7187.1,9343.2,0.7811,cloud_heavy
1477,13,61,6523.6,8480.7,0.7952,cloud_heavy
1478,14,61,6762.1,8790.7,0.8,cloud_heavy
1479,15,61,7170.9,9322.2,0.7952,cloud_heavy
1480,16,61,6853.2,8909.2,0.7811,cloud_heavy
1481,17,61,6780.2,8814.3,0.7589,cloud_heavy
1482,18,61,6568.4,8538.9,0.7303,cloud_heavy
1483,19,61,6469.4,8410.2,0.6973,cloud_heavy
1484,20,61,6403.0,8323.9,0.6623,cloud_heavy
1485,21,61,5959.7,7747.5,0.6272,cloud_heavy
1486,22,61,6123.5,7960.6,0.5939,cloud_heavy
1487,23,61,5597.3,7276.5,0.5636,cloud_heavy
1488,0,62,5506.3,7158.2,0.473,cloud_heavy
1489,1,62,5526.5,7184.5,0.4835,cloud_heavy
1490,2,62,5453.4,7089.4,0.4974,cloud_heavy
1491,3,62,5628.1,7316.5,0.5152,cloud_heavy
1492,4,62,5618.8,7304.4,0.5373,cloud_heavy
1493,5,62,5650.0,7345.1,0.5636,cloud_heavy
1494,6,62,5903.0,7674.0,0.5939,cloud_heavy
1495,7,62,5905.7,7677.4,0.6272,cloud_heavy
1496,8,62,6317.6,8212.9,0.6623,cloud_heavy
1497,9,62,6184.9,8040.4,0.6973,cloud_heavy
1498,10,62,6685.7,8691.4,0.7303,cloud_heavy
1499,11,62,6431.2,8360.6,0.7589,cloud_heavy
1500,12,62,6647.0,8641.2,0.7811,cloud_heavy
1501,13,62,6694.0,8702.2,0.7952,cloud_heavy
1502,14,62,7114.3,9248.6,0.8,cloud_heavy
1503,15,62,6889.4,8956.2,0.7952,cloud_heavy
1504,16,62,6719.0,8734.7,0.7811,cloud_heavy
1505,17,62,6767.3,8797.5,0.7589,cloud_heavy
1506,18,62,6132.1,7971.7,0.7303,cloud_heavy
1507,19,62,6397.7,8317.0,0.6973,cloud_heavy
1508,20,62,6632.0,8621.6,0.6623,cloud_heavy
1509,21,62,6132.2,7971.9,0.6272,cloud_heavy
1510,22,62,5978.5,7772.0,0.5939,cloud_heavy
1511,23,62,5933.7,7713.8,0.5636,cloud_heavy
1512,0,63,5642.1,7334.7,0.4829,cloud_heavy
1513,1,63,5225.0,6792.5,0.4978,cloud_heavy
1514,2,63,5357.6,6964.9,0.5177,cloud_heavy
1515,3,63,5786.9,7523.0,0.5431,cloud_heavy
1516,4,63,5758.5,7486.0,0.5747,cloud_heavy
1517,5,63,6282.6,8167.4,0.6123,cloud_heavy
1518,6,63,6169.5,8020.4,0.6556,cloud_heavy
1519,7,63,6057.6,7874.8,0.7032,cloud_heavy
1520,8,63,6391.0,8308.2,0.7533,cloud_heavy
1521,9,63,6290.8,8178.1,0.8033,cloud_heavy
1522,10,63,7006.8,9108.9,0.8504,cloud_heavy
1523,11,63,7189.3,9346.0,0.8912,cloud_heavy
1524,12,63,7271.2,9452.5,0.923,cloud_heavy
1525,13,63,7691.6,9999.1,0.9431,cloud_heavy
1526,14,63,7748.7,10073.4,0.95,cloud_heavy
1527,15,63,7412.4,9636.1,0.9431,cloud_heavy
1528,16,63,6893.3,8961.3,0.923,cloud_heavy
1529,17,63,7364.0,9573.2,0.8912,cloud_heavy
1530,18,63,7173.9,9326.1,0.8504,cloud_heavy
1531,19,63,6920.1,8996.1,0.8033,cloud_heavy
1532,20,63,6839.3,8891.1,0.7533,cloud_heavy
1533,21,63,6206.0,8067.9,0.7032,cloud_heavy
1534,22,63,6603.8,8584.9,0.6556,cloud_heavy
1535,23,63,5870.7,7631.9,0.6123,cloud_heavy
1536,0,64,5618.0,7303.4,0.4829,cloud_heavy
1537,1,64,5276.7,6859.7,0.4978,cloud_heavy
1538,2,64,5484.9,7130.4,0.5177,cloud_heavy
1539,3,64,6012.2,7815.9,0.5431,cloud_heavy
1540,4,64,5838.6,7590.2,0.5747,cloud_heavy
1541,5,64,6197.0,8056.1,0.6123,cloud_heavy
1542,6,64,6272.7,8154.5,0.6556,cloud_heavy
1543,7,64,6410.5,8333.7,0.7032,cloud_heavy
1544,8,64,6915.5,8990.2,0.7533,cloud_heavy
1545,9,64,6807.8,8850.1,0.8033,cloud_heavy
1546,10,64,6679.4,8683.2,0.8504,cloud_heavy
1547,11,64,7055.9,9172.7,0.8912,cloud_heavy
1548,12,64,7486.8,9732.8,0.923,cloud_heavy
1549,13,64,7538.9,9800.6,0.9431,cloud_heavy
1550,14,64,7128.2,9266.6,0.95,cloud_heavy
1551,15,64,7288.6,9475.2,0.9431,cloud_heavy
1552,16,64,7236.4,9407.4,0.923,cloud_heavy
1553,17,64,7150.8,9296.1,0.8912,cloud_heavy
1554,18,64,6765.1,8794.6,0.8504,cloud_heavy
1555,19,64,6727.2,8745.3,0.8033,cloud_heavy
1556,20,64,6498.5,8448.0,0.7533,cloud_heavy
1557,21,64,6579.6,8553.5,0.7032,cloud_heavy
1558,22,64,6379.6,8293.5,0.6556,cloud_heavy
1559,23,64,6018.3,7823.7,0.6123,cloud_heavy
1560,0,65,5429.9,7058.8,0.4829,cloud_heavy
1561,1,65,5581.4,7255.8,0.4978,cloud_heavy
1562,2,65,5504.2,7155.4,0.5177,cloud_heavy
1563,3,65,5552.8,7218.6,0.5431,cloud_heavy
1564,4,65,5718.7,7434.3,0.5747,cloud_heavy
1565,5,65,5929.6,7708.4,0.6123,cloud_heavy
1566,6,65,6011.0,7814.3,0.6556,cloud_heavy
1567,7,65,6462.0,8400.6,0.7032,cloud_heavy
1568,8,65,6789.1,8825.9,0.7533,cloud_heavy
1569,9,65,6530.0,8489.0,0.8033,cloud_heavy
1570,10,65,7061.7,9180.2,0.8504,cloud_heavy
1571,11,65,7182.4,9337.1,0.8912,cloud_heavy
1572,12,65,7440.4,9672.6,0.923,cloud_heavy
1573,13,65,7447.6,9681.9,0.9431,cloud_heavy
1574,14,65,7153.6,9299.7,0.95,cloud_heavy
1575,15,65,7168.3,9318.8,0.9431,cloud_heavy
1576,16,65,7371.5,9582.9,0.923,cloud_heavy
1577,17,65,7453.3,9689.2,0.8912,cloud_heavy
1578,18,65,6587.7,8563.9,0.8504,cloud_heavy
1579,19,65,6927.5,9005.8,0.8033,cloud_heavy
1580,20,65,6880.8,8945.0,0.7533,cloud_heavy
1581,21,65,6401.2,8321.6,0.7032,cloud_heavy
1582,22,65,6331.2,8230.6,0.6556,cloud_heavy
1583,23,65,5917.2,7692.4,0.6123,cloud_heavy
1584,0,66,5474.8,7117.2,0.4829,cloud_heavy
1585,1,66,5287.8,6874.1,0.4978,cloud_heavy
1586,2,66,5245.6,6819.2,0.5177,cloud_heavy
1587,3,66,5913.3,7687.3,0.5431,cloud_heavy
1588,4,66,5710.8,7424.0,0.5747,cloud_heavy
1589,5,66,5962.1,7750.7,0.6123,cloud_heavy
1590,6,66,5969.4,7760.2,0.6556,cloud_heavy
1591,7,66,6158.8,8006.4,0.7032,cloud_heavy
1592,8,66,6609.0,8591.7,0.7533,cloud_heavy
1593,9,66,6706.4,8718.3,0.8033,cloud_heavy
1594,10,66,7136.4,9277.3,0.8504,cloud_heavy
1595,11,66,7328.3,9526.8,0.8912,cloud_heavy
1596,12,66,7435.9,9666.6,0.923,cloud_heavy
1597,13,66,7503.8,9755.0,0.9431,cloud_heavy
1598,14,66,7833.8,10184.0,0.95,cloud_heavy
1599,15,66,7211.9,9375.4,0.9431,cloud_heavy
1600,16,66,7352.8,9558.7,0.923,cloud_heavy
1601,17,66,7475.8,9718.5,0.8912,cloud_heavy
1602,18,66,7324.1,9521.3,0.8504,cloud_heavy
1603,19,66,6564.0,8533.2,0.8033,cloud_heavy
1604,20,66,6581.4,8555.9,0.7533,cloud_heavy
1605,21,66,6692.8,8700.6,0.7032,cloud_heavy
1606,22,66,6323.4,8220.4,0.6556,cloud_heavy
1607,23,66,6080.1,7904.1,0.6123,cloud_heavy
1608,0,67,5458.6,7096.2,0.4829,cloud_heavy
1609,1,67,5494.0,7142.2,0.4978,cloud_heavy
1610,2,67,5691.2,7398.5,0.5177,cloud_heavy
1611,3,67,5707.1,7419.2,0.5431,cloud_heavy
1612,4,67,5877.2,7640.3,0.5747,cloud_heavy
1613,5,67,6058.9,7876.6,0.6123,cloud_heavy
1614,6,67,6101.7,7932.2,0.6556,cloud_heavy
1615,7,67,6533.4,8493.5,0.7032,cloud_heavy
1616,8,67,7224.5,9391.9,0.7533,cloud_heavy
1617,9,67,6490.9,8438.2,0.8033,cloud_heavy
1618,10,67,7125.0,9262.5,0.8504,cloud_heavy
1619,11,67,7065.2,9184.8,0.8912,cloud_heavy
1620,12,67,7492.5,9740.3,0.923,cloud_heavy
1621,13,67,7460.9,9699.2,0.9431,cloud_heavy
1622,14,67,7650.8,9946.0,0.95,cloud_heavy
1623,15,67,7713.2,10027.2,0.9431,cloud_heavy
1624,16,67,7407.5,9629.7,0.923,cloud_heavy
1625,17,67,7475.7,9718.4,0.8912,cloud_heavy
1626,18,67,6560.1,8528.1,0.8504,cloud_heavy
1627,19,67,7183.6,9338.7,0.8033,cloud_heavy
1628,20,67,6718.4,8734.0,0.7533,cloud_heavy
1629,21,67,6638.7,8630.3,0.7032,cloud_heavy
1630,22,67,6000.5,7800.6,0.6556,cloud_heavy
1631,23,67,5894.0,7662.3,0.6123,cloud_heavy
1632,0,68,5476.5,7119.4,0.473,cloud_heavy
1633,1,68,5494.3,7142.5,0.4835,cloud_heavy
1634,2,68,5603.3,7284.3,0.4974,cloud_heavy
1635,3,68,5815.1,7559.7,0.5152,cloud_heavy
1636,4,68,5422.5,7049.3,0.5373,cloud_heavy
1637,5,68,6008.3,7810.8,0.5636,cloud_heavy
1638,6,68,5967.8,7758.2,0.5939,cloud_heavy
1639,7,68,6070.6,7891.8,0.6272,cloud_heavy
1640,8,68,5980.9,7775.1,0.6623,cloud_heavy
1641,9,68,6502.6,8453.4,0.6973,cloud_heavy
1642,10,68,6071.8,7893.4,0.7303,cloud_heavy
1643,11,68,6797.2,8836.4,0.7589,cloud_heavy
1644,12,68,6459.2,8397.0,0.7811,cloud_heavy
1645,13,68,6832.7,8882.6,0.7952,cloud_heavy
1646,14,68,6817.8,8863.2,0.8,cloud_heavy
1647,15,68,7061.1,9179.5,0.7952,cloud_heavy
1648,16,68,6725.7,8743.4,0.7811,cloud_heavy
1649,17,68,6528.7,8487.3,0.7589,cloud_heavy
1650,18,68,6446.4,8380.3,0.7303,cloud_heavy
1651,19,68,6650.6,8645.7,0.6973,cloud_heavy
1652,20,68,6357.7,8265.0,0.6623,cloud_heavy
1653,21,68,6037.3,7848.5,0.6272,cloud_heavy
1654,22,68,5924.0,7701.2,0.5939,cloud_heavy
1655,23,68,5563.3,7232.2,0.5636,cloud_heavy
1656,0,69,5516.1,7171.0,0.473,cloud_heavy
1657,1,69,5206.8,6768.9,0.4835,cloud_heavy
1658,2,69,5681.4,7385.9,0.4974,cloud_heavy
1659,3,69,5653.6,7349.7,0.5152,cloud_heavy
1660,4,69,6135.7,7976.4,0.5373,cloud_heavy
1661,5,69,5645.1,7338.6,0.5636,cloud_heavy
1662,6,69,5948.0,7732.4,0.5939,cloud_heavy
1663,7,69,6437.5,8368.7,0.6272,cloud_heavy
1664,8,69,6480.7,8424.9,0.6623,cloud_heavy
1665,9,69,6272.2,8153.8,0.6973,cloud_heavy
1666,10,69,6589.9,8566.9,0.7303,cloud_heavy
1667,11,69,6667.9,8668.3,0.7589,cloud_heavy
1668,12,69,6819.1,8864.9,0.7811,cloud_heavy
1669,13,69,6678.8,8682.4,0.7952,cloud_heavy
1670,14,69,6824.0,8871.2,0.8,cloud_heavy
1671,15,69,6494.7,8443.2,0.7952,cloud_heavy
1672,16,69,6789.3,8826.1,0.7811,cloud_heavy
1673,17,69,6757.5,8784.8,0.7589,cloud_heavy
1674,18,69,6501.2,8451.6,0.7303,cloud_heavy
1675,19,69,6095.6,7924.2,0.6973,cloud_heavy
1676,20,69,6442.6,8375.4,0.6623,cloud_heavy
1677,21,69,6174.8,8027.2,0.6272,cloud_heavy
1678,22,69,5836.4,7587.3,0.5939,cloud_heavy
1679,23,69,5788.6,7525.2,0.5636,cloud_heavy
1680,0,70,5247.1,6821.3,0.4829,cloud_heavy
1681,1,70,5387.1,7003.2,0.4978,cloud_heavy
1682,2,70,5551.4,7216.8,0.5177,cloud_heavy
1683,3,70,5962.6,7751.3,0.5431,cloud_heavy
1684,4,70,5771.8,7503.3,0.5747,cloud_heavy
1685,5,70,6160.8,8009.0,0.6123,cloud_heavy
1686,6,70,6127.8,7966.2,0.6556,cloud_heavy
1687,7,70,6478.6,8422.2,0.7032,cloud_heavy
1688,8,70,6615.5,8600.2,0.7533,cloud_heavy
1689,9,70,7036.0,9146.8,0.8033,cloud_heavy
1690,10,70,6943.2,9026.1,0.8504,cloud_heavy
1691,11,70,6889.0,8955.7,0.8912,cloud_heavy
1692,12,70,7059.6,9177.5,0.923,cloud_heavy
1693,13,70,7331.6,9531.1,0.9431,cloud_heavy
1694,14,70,7199.5,9359.4,0.95,cloud_heavy
1695,15,70,7542.2,9804.8,0.9431,cloud_heavy
1696,16,70,7262.1,9440.7,0.923,cloud_heavy
1697,17,70,7745.2,10068.7,0.8912,cloud_heavy
1698,18,70,6688.5,8695.1,0.8504,cloud_heavy
1699,19,70,6898.3,8967.8,0.8033,cloud_heavy
1700,20,70,6418.9,8344.5,0.7533,cloud_heavy
1701,21,70,6335.6,8236.3,0.7032,cloud_heavy
1702,22,70,6254.8,8131.3,0.6556,cloud_heavy
1703,23,70,5623.0,7309.9,0.6123,cloud_heavy
1704,0,71,5533.5,7193.6,0.4829,cloud_heavy
1705,1,71,5875.3,7637.9,0.4978,cloud_heavy
1706,2,71,5565.6,7235.3,0.5177,cloud_heavy
1707,3,71,5795.5,7534.1,0.5431,cloud_heavy
1708,4,71,6065.6,7885.3,0.5747,cloud_heavy
1709,5,71,6015.0,7819.5,0.6123,cloud_heavy
1710,6,71,6119.9,7955.8,0.6556,cloud_heavy
1711,7,71,5991.7,7789.2,0.7032,cloud_heavy
1712,8,71,6771.4,8802.9,0.7533,cloud_heavy
1713,9,71,6833.2,8883.1,0.8033,cloud_heavy
1714,10,71,6842.0,8894.6,0.8504,cloud_heavy
1715,11,71,7257.6,9434.8,0.8912,cloud_heavy
1716,12,71,7236.0,9406.8,0.923,cloud_heavy
1717,13,71,7332.4,9532.1,0.9431,cloud_heavy
1718,14,71,7615.9,9900.6,0.95,cloud_heavy
1719,15,71,7151.3,9296.8,0.9431,cloud_heavy
1720,16,71,7596.4,9875.3,0.923,cloud_heavy
1721,17,71,6927.0,9005.0,0.8912,cloud_heavy
1722,18,71,6916.1,8990.9,0.8504,cloud_heavy
1723,19,71,7252.0,9427.6,0.8033,cloud_heavy
1724,20,71,6868.4,8928.9,0.7533,cloud_heavy
1725,21,71,6449.6,8384.5,0.7032,cloud_heavy
1726,22,71,6052.7,7868.5,0.6556,cloud_heavy
1727,23,71,5948.7,7733.3,0.6123,cloud_heavy
1728,0,72,5506.6,7158.5,0.4829,cloud_heavy
1729,1,72,5564.3,7233.6,0.4978,cloud_heavy
1730,2,72,5627.0,7315.1,0.5177,cloud_heavy
1731,3,72,5745.3,7468.9,0.5431,cloud_heavy
1732,4,72,5846.8,7600.9,0.5747,cloud_heavy
1733,5,72,5783.2,7518.2,0.6123,cloud_heavy
1734,6,72,6131.9,7971.5,0.6556,cloud_heavy
1735,7,72,6607.2,8589.4,0.7032,cloud_heavy
1736,8,72,6371.0,8282.3,0.7533,cloud_heavy
1737,9,72,6817.4,8862.7,0.8033,cloud_heavy
1738,10,72,6882.8,8947.7,0.8504,cloud_heavy
1739,11,72,7254.3,9430.5,0.8912,cloud_heavy
1740,12,72,7279.1,9462.8,0.923,cloud_heavy
1741,13,72,7780.7,10114.9,0.9431,cloud_heavy
1742,14,72,7593.5,9871.5,0.95,cloud_heavy
1743,15,72,7157.3,9304.5,0.9431,cloud_heavy
1744,16,72,7513.3,9767.3,0.923,cloud_heavy
1745,17,72,7062.1,9180.7,0.8912,cloud_heavy
1746,18,72,6934.2,9014.5,0.8504,cloud_heavy
1747,19,72,6921.0,8997.3,0.8033,cloud_heavy
1748,20,72,6545.7,8509.4,0.7533,cloud_heavy
1749,21,72,6603.0,8583.9,0.7032,cloud_heavy
1750,22,72,6083.7,7908.8,0.6556,cloud_heavy
1751,23,72,5932.5,7712.2,0.6123,cloud_heavy
1752,0,73,5386.3,7002.2,0.4829,cloud_heavy
1753,1,73,5463.7,7102.8,0.4978,cloud_heavy
1754,2,73,5828.5,7577.0,0.5177,cloud_heavy
1755,3,73,5859.1,7616.8,0.5431,cloud_heavy
1756,4,73,6186.6,8042.5,0.5747,cloud_heavy
1757,5,73,6455.9,8392.7,0.6123,cloud_heavy
1758,6,73,6035.8,7846.6,0.6556,cloud_heavy
1759,7,73,6444.4,8377.7,0.7032,cloud_heavy
1760,8,73,6409.3,8332.0,0.7533,cloud_heavy
1761,9,73,6696.5,8705.4,0.8033,cloud_heavy
1762,10,73,6923.0,8999.9,0.8504,cloud_heavy
1763,11,73,7000.8,9101.1,0.8912,cloud_heavy
1764,12,73,7132.6,9272.3,0.923,cloud_heavy
1765,13,73,7418.2,9643.7,0.9431,cloud_heavy
1766,14,73,7206.8,9368.8,0.95,cloud_heavy
1767,15,73,7638.7,9930.3,0.9431,cloud_heavy
1768,16,73,7162.2,9310.9,0.923,cloud_heavy
1769,17,73,7839.5,10191.4,0.8912,cloud_heavy
1770,18,73,6960.8,9049.1,0.8504,cloud_heavy
1771,19,73,6871.2,8932.6,0.8033,cloud_heavy
1772,20,73,6385.5,8301.2,0.7533,cloud_heavy
1773,21,73,6759.9,8787.9,0.7032,cloud_heavy
1774,22,73,6437.6,8368.9,0.6556,cloud_heavy
1775,23,73,6098.5,7928.1,0.6123,cloud_heavy
1776,0,74,5272.5,6854.2,0.4829,cloud_heavy
1777,1,74,5593.2,7271.1,0.4978,cloud_heavy
1778,2,74,5452.6,7088.3,0.5177,cloud_heavy
1779,3,74,6002.9,7803.8,0.5431,cloud_heavy
1780,4,74,6027.5,7835.8,0.5747,cloud_heavy
1781,5,74,6062.0,7880.6,0.6123,cloud_heavy
1782,6,74,5773.2,7505.1,0.6556,cloud_heavy
1783,7,74,6241.0,8113.4,0.7032,cloud_heavy
1784,8,74,6780.8,8815.0,0.7533,cloud_heavy
1785,9,74,7105.9,9237.7,0.8033,cloud_heavy
1786,10,74,7291.2,9478.5,0.8504,cloud_heavy
1787,11,74,6884.8,8950.2,0.8912,cloud_heavy
1788,12,74,7431.6,9661.1,0.923,cloud_heavy
1789,13,74,7677.5,9980.7,0.9431,cloud_heavy
1790,14,74,7107.7,9240.0,0.95,cloud_heavy
1791,15,74,7448.7,9683.4,0.9431,cloud_heavy
1792,16,74,7425.5,9653.1,0.923,cloud_heavy
1793,17,74,7164.9,9314.3,0.8912,cloud_heavy
1794,18,74,6664.3,8663.6,0.8504,cloud_heavy
1795,19,74,6789.4,8826.3,0.8033,cloud_heavy
1796,20,74,6578.4,8552.0,0.7533,cloud_heavy
1797,21,74,6402.2,8322.9,0.7032,cloud_heavy
1798,22,74,6123.1,7960.1,0.6556,cloud_heavy
1799,23,74,5964.4,7753.7,0.6123,cloud_heavy
1800,0,75,5446.1,7079.9,0.473,cloud_heavy
1801,1,75,5570.0,7241.0,0.4835,cloud_heavy
1802,2,75,5505.4,7157.0,0.4974,cloud_heavy
1803,3,75,5562.7,7231.5,0.5152,cloud_heavy
1804,4,75,5741.6,7464.1,0.5373,cloud_heavy
1805,5,75,5501.3,7151.7,0.5636,cloud_heavy
1806,6,75,6051.7,7867.2,0.5939,cloud_heavy
1807,7,75,6107.9,7940.2,0.6272,cloud_heavy
1808,8,75,6264.5,8143.8,0.6623,cloud_heavy
1809,9,75,6590.6,8567.8,0.6973,cloud_heavy
1810,10,75,6162.4,8011.1,0.7303,cloud_heavy
1811,11,75,6272.7,8154.5,0.7589,cloud_heavy
1812,12,75,6817.5,8862.7,0.7811,cloud_heavy
1813,13,75,6820.3,8866.4,0.7952,cloud_heavy
1814,14,75,6877.2,8940.4,0.8,cloud_heavy
1815,15,75,6727.2,8745.4,0.7952,cloud_heavy
1816,16,75,6896.7,8965.7,0.7811,cloud_heavy
1817,17,75,6854.1,8910.3,0.7589,cloud_heavy
1818,18,75,6640.9,8633.2,0.7303,cloud_heavy
1819,19,75,6355.8,8262.6,0.6973,cloud_heavy
1820,20,75,5861.4,7619.8,0.6623,cloud_heavy
1821,21,75,6248.9,8123.6,0.6272,cloud_heavy
1822,22,75,6185.0,8040.5,0.5939,cloud_heavy
1823,23,75,5950.6,7735.8,0.5636,cloud_heavy
1824,0,76,5308.7,6901.3,0.473,cloud_heavy
1825,1,76,5608.2,7290.6,0.4835,cloud_heavy
1826,2,76,5699.6,7409.4,0.4974,cloud_heavy
1827,3,76,5895.3,7663.8,0.5152,cloud_heavy
1828,4,76,5575.2,7247.8,0.5373,cloud_heavy
1829,5,76,5798.1,7537.5,0.5636,cloud_heavy
1830,6,76,6100.1,7930.1,0.5939,cloud_heavy
1831,7,76,6118.5,7954.1,0.6272,cloud_heavy
1832,8,76,6047.3,7861.5,0.6623,cloud_heavy
1833,9,76,6485.6,8431.3,0.6973,cloud_heavy
1834,10,76,6659.5,8657.4,0.7303,cloud_heavy
1835,11,76,6685.1,8690.7,0.7589,cloud_heavy
1836,12,76,6806.5,8848.4,0.7811,cloud_heavy
1837,13,76,6768.8,8799.5,0.7952,cloud_heavy
1838,14,76,7145.8,9289.5,0.8,cloud_heavy
1839,15,76,6637.5,8628.7,0.7952,cloud_heavy
1840,16,76,6642.8,8635.6,0.7811,cloud_heavy
1841,17,76,6669.7,8670.6,0.7589,cloud_heavy
1842,18,76,6718.5,8734.1,0.7303,cloud_heavy
1843,19,76,6118.2,7953.6,0.6973,cloud_heavy
1844,20,76,6011.1,7814.4,0.6623,cloud_heavy
1845,21,76,5734.6,7455.0,0.6272,cloud_heavy
1846,22,76,5972.2,7763.8,0.5939,cloud_heavy
1847,23,76,5641.9,7334.4,0.5636,cloud_heavy
1848,0,77,5431.1,7060.4,0.4829,cloud_heavy
1849,1,77,5668.3,7368.8,0.4978,cloud_heavy
1850,2,77,5533.8,7193.9,0.5177,cloud_heavy
1851,3,77,5790.5,7527.7,0.5431,cloud_heavy
1852,4,77,5831.8,7581.4,0.5747,cloud_heavy
1853,5,77,6166.6,8016.5,0.6123,cloud_heavy
1854,6,77,6317.2,8212.4,0.6556,cloud_heavy
1855,7,77,6297.3,8186.5,0.7032,cloud_heavy
1856,8,77,6610.1,8593.1,0.7533,cloud_heavy
1857,9,77,7071.1,9192.5,0.8033,cloud_heavy
1858,10,77,7139.6,9281.5,0.8504,cloud_heavy
1859,11,77,6927.1,9005.2,0.8912,cloud_heavy
1860,12,77,7509.8,9762.8,0.923,cloud_heavy
1861,13,77,7208.1,9370.5,0.9431,cloud_heavy
1862,14,77,7796.8,10135.8,0.95,cloud_heavy
1863,15,77,7679.4,9983.2,0.9431,cloud_heavy
1864,16,77,7429.0,9657.7,0.923,cloud_heavy
1865,17,77,7264.2,9443.5,0.8912,cloud_heavy
1866,18,77,7012.1,9115.8,0.8504,cloud_heavy
1867,19,77,6996.0,9094.8,0.8033,cloud_heavy
1868,20,77,6569.8,8540.7,0.7533,cloud_heavy
1869,21,77,6476.2,8419.1,0.7032,cloud_heavy
1870,22,77,6391.3,8308.7,0.6556,cloud_heavy
1871,23,77,5942.8,7725.7,0.6123,cloud_heavy
1872,0,78,5392.9,7010.8,0.4829,cloud_heavy
1873,1,78,5358.9,6966.5,0.4978,cloud_heavy
1874,2,78,5462.2,7100.9,0.5177,cloud_heavy
1875,3,78,5435.2,7065.8,0.5431,cloud_heavy
1876,4,78,6013.5,7817.6,0.5747,cloud_heavy
1877,5,78,6372.7,8284.5,0.6123,cloud_heavy
1878,6,78,6494.7,8443.2,0.6556,cloud_heavy
1879,7,78,6117.1,7952.2,0.7032,cloud_heavy
1880,8,78,6788.2,8824.6,0.7533,cloud_heavy
1881,9,78,7149.0,9293.6,0.8033,cloud_heavy
1882,10,78,6959.7,9047.6,0.8504,cloud_heavy
1883,11,78,7252.1,9427.8,0.8912,cloud_heavy
1884,12,78,6921.3,8997.7,0.923,cloud_heavy
1885,13,78,7510.1,9763.2,0.9431,cloud_heavy
1886,14,78,7241.2,9413.5,0.95,cloud_heavy
1887,15,78,7495.1,9743.7,0.9431,cloud_heavy
1888,16,78,7020.0,9126.0,0.923,cloud_heavy
1889,17,78,7347.9,9552.2,0.8912,cloud_heavy
1890,18,78,7273.3,9455.2,0.8504,cloud_heavy
1891,19,78,6695.3,8703.9,0.8033,cloud_heavy
1892,20,78,6417.1,8342.2,0.7533,cloud_heavy
1893,21,78,6014.8,7819.3,0.7032,cloud_heavy
1894,22,78,6178.6,8032.2,0.6556,cloud_heavy
1895,23,78,5939.2,7721.0,0.6123,cloud_heavy
1896,0,79,5238.8,6810.5,0.4829,cloud_heavy
1897,1,79,5633.6,7323.6,0.4978,cloud_heavy
1898,2,79,5566.2,7236.1,0.5177,cloud_heavy
1899,3,79,5565.0,7234.6,0.5431,cloud_heavy
1900,4,79,5786.8,7522.8,0.5747,cloud_heavy
1901,5,79,6239.0,8110.7,0.6123,cloud_heavy
1902,6,79,6341.1,8243.4,0.6556,cloud_heavy
1903,7,79,6405.7,8327.4,0.7032,cloud_heavy
1904,8,79,6767.1,8797.2,0.7533,cloud_heavy
1905,9,79,6617.6,8602.9,0.8033,cloud_heavy
1906,10,79,7063.2,9182.2,0.8504,cloud_heavy
1907,11,79,7262.1,9440.7,0.8912,cloud_heavy
1908,12,79,7261.2,9439.5,0.923,cloud_heavy
1909,13,79,7547.8,9812.2,0.9431,cloud_heavy
1910,14,79,7304.7,9496.1,0.95,cloud_heavy
1911,15,79,7564.5,9833.8,0.9431,cloud_heavy
1912,16,79,7486.9,9733.0,0.923,cloud_heavy
1913,17,79,6597.4,8576.6,0.8912,cloud_heavy
1914,18,79,7308.4,9500.9,0.8504,cloud_heavy
1915,19,79,6229.6,8098.4,0.8033,cloud_heavy
1916,20,79,6520.9,8477.2,0.7533,cloud_heavy
1917,21,79,6628.6,8617.2,0.7032,cloud_heavy
1918,22,79,6169.1,8019.9,0.6556,cloud_heavy
1919,23,79,5778.8,7512.5,0.6123,cloud_heavy
1920,0,80,5314.2,6908.5,0.4829,cloud_heavy
1921,1,80,5729.3,7448.0,0.4978,cloud_heavy
1922,2,80,5317.1,6912.3,0.5177,cloud_heavy
1923,3,80,5945.4,7729.0,0.5431,cloud_heavy
1924,4,80,5875.0,7637.4,0.5747,cloud_heavy
1925,5,80,5828.5,7577.0,0.6123,cloud_heavy
1926,6,80,6119.5,7955.3,0.6556,cloud_heavy
1927,7,80,6234.5,8104.9,0.7032,cloud_heavy
1928,8,80,6816.3,8861.2,0.7533,cloud_heavy
1929,9,80,7007.1,9109.2,0.8033,cloud_heavy
1930,10,80,6692.4,8700.2,0.8504,cloud_heavy
1931,11,80,7142.6,9285.3,0.8912,cloud_heavy
1932,12,80,7174.3,9326.5,0.923,cloud_heavy
1933,13,80,7739.6,10061.5,0.9431,cloud_heavy
1934,14,80,7176.9,9329.9,0.95,cloud_heavy
1935,15,80,7809.1,10151.8,0.9431,cloud_heavy
1936,16,80,7357.6,9564.9,0.923,cloud_heavy
1937,17,80,6978.1,9071.5,0.8912,cloud_heavy
1938,18,80,6913.0,8986.9,0.8504,cloud_heavy
1939,19,80,6691.5,8699.0,0.8033,cloud_heavy
1940,20,80,6389.6,8306.5,0.7533,cloud_heavy
1941,21,80,6449.1,8383.8,0.7032,cloud_heavy
1942,22,80,5999.0,7798.7,0.6556,cloud_heavy
1943,23,80,5649.3,7344.1,0.6123,cloud_heavy
1944,0,81,5431.9,7061.5,0.4829,cloud_heavy
1945,1,81,5257.4,6834.6,0.4978,cloud_heavy
1946,2,81,5515.1,7169.6,0.5177,cloud_heavy
1947,3,81,5593.8,7271.9,0.5431,cloud_heavy
1948,4,81,5730.9,7450.1,0.5747,cloud_heavy
1949,5,81,6407.6,8329.8,0.6123,cloud_heavy
1950,6,81,6239.0,8110.7,0.6556,cloud_heavy
1951,7,81,6478.1,8421.5,0.7032,cloud_heavy
1952,8,81,6289.6,8176.5,0.7533,cloud_heavy
1953,9,81,6721.9,8738.5,0.8033,cloud_heavy
1954,10,81,7102.0,9232.5,0.8504,cloud_heavy
1955,11,81,7007.9,9110.3,0.8912,cloud_heavy
1956,12,81,7565.6,9835.3,0.923,cloud_heavy
1957,13,81,7181.7,9336.2,0.9431,cloud_heavy
1958,14,81,7415.5,9640.2,0.95,cloud_heavy
1959,15,81,7319.5,9515.4,0.9431,cloud_heavy
1960,16,81,7401.3,9621.7,0.923,cloud_heavy
1961,17,81,7091.2,9218.5,0.8912,cloud_heavy
1962,18,81,6999.0,9098.7,0.8504,cloud_heavy
1963,19,81,6807.9,8850.2,0.8033,cloud_heavy
1964,20,81,6497.3,8446.5,0.7533,cloud_heavy
1965,21,81,6524.4,8481.7,0.7032,cloud_heavy
1966,22,81,6273.0,8154.9,0.6556,cloud_heavy
1967,23,81,6028.6,7837.2,0.6123,cloud_heavy
1968,0,82,5382.2,6996.8,0.473,cloud_heavy
1969,1,82,5628.4,7317.0,0.4835,cloud_heavy
1970,2,82,5516.8,7171.9,0.4974,cloud_heavy
1971,3,82,5580.1,7254.1,0.5152,cloud_heavy
1972,4,82,5743.7,7466.8,0.5373,cloud_heavy
1973,5,82,6134.9,7975.3,0.5636,cloud_heavy
1974,6,82,5726.4,7444.4,0.5939,cloud_heavy
1975,7,82,6249.1,8123.8,0.6272,cloud_heavy
1976,8,82,5901.7,7672.1,0.6623,cloud_heavy
1977,9,82,6447.7,8382.0,0.6973,cloud_heavy
1978,10,82,6855.2,8911.8,0.7303,cloud_heavy
1979,11,82,6765.3,8794.8,0.7589,cloud_heavy
1980,12,82,6796.5,8835.5,0.7811,cloud_heavy
1981,13,82,6707.1,8719.2,0.7952,cloud_heavy
1982,14,82,6848.7,8903.3,0.8,cloud_heavy
1983,15,82,6770.2,8801.3,0.7952,cloud_heavy
1984,16,82,6602.5,8583.2,0.7811,cloud_heavy
1985,17,82,6609.5,8592.4,0.7589,cloud_heavy
1986,18,82,6584.9,8560.3,0.7303,cloud_heavy
1987,19,82,6258.5,8136.1,0.6973,cloud_heavy
1988,20,82,6105.7,7937.4,0.6623,cloud_heavy
1989,21,82,5858.7,7616.4,0.6272,cloud_heavy
1990,22,82,6036.3,7847.2,0.5939,cloud_heavy
1991,23,82,5933.2,7713.2,0.5636,cloud_heavy
1992,0,83,5490.5,7137.6,0.473,cloud_heavy
1993,1,83,5656.2,7353.1,0.4835,cloud_heavy
1994,2,83,5570.8,7242.0,0.4974,cloud_heavy
1995,3,83,5698.1,7407.6,0.5152,cloud_heavy
1996,4,83,5777.9,7511.3,0.5373,cloud_heavy
1997,5,83,5821.7,7568.2,0.5636,cloud_heavy
1998,6,83,5871.3,7632.7,0.5939,cloud_heavy
1999,7,83,6513.7,8467.8,0.6272,cloud_heavy
2000,8,83,6172.2,8023.8,0.6623,cloud_heavy
2001,9,83,6278.0,8161.4,0.6973,cloud_heavy
2002,10,83,6631.1,8620.5,0.7303,cloud_heavy
2003,11,83,6717.9,8733.3,0.7589,cloud_heavy
2004,12,83,6476.9,8420.0,0.7811,cloud_heavy
2005,13,83,7051.6,9167.0,0.7952,cloud_heavy
2006,14,83,6823.0,8869.9,0.8,cloud_heavy
2007,15,83,6594.4,8572.8,0.7952,cloud_heavy
2008,16,83,7003.1,9104.0,0.7811,cloud_heavy
2009,17,83,6792.7,8830.5,0.7589,cloud_heavy
2010,18,83,6297.6,8186.9,0.7303,cloud_heavy
2011,19,83,6747.5,8771.7,0.6973,cloud_heavy
2012,20,83,6380.7,8294.9,0.6623,cloud_heavy
2013,21,83,6106.1,7937.9,0.6272,cloud_heavy
2014,22,83,6251.0,8126.3,0.5939,cloud_heavy
2015,23,83,5865.6,7625.3,0.5636,cloud_heavy
2016,0,84,5489.9,7136.8,0.4829,cloud_heavy
2017,1,84,5447.9,7082.3,0.4978,cloud_heavy
2018,2,84,5740.9,7463.2,0.5177,cloud_heavy
2019,3,84,5832.9,7582.7,0.5431,cloud_heavy
2020,4,84,5887.3,7653.5,0.5747,cloud_heavy
2021,5,84,5901.4,7671.9,0.6123,cloud_heavy
2022,6,84,6252.7,8128.5,0.6556,cloud_heavy
2023,7,84,6417.3,8342.5,0.7032,cloud_heavy
2024,8,84,6377.9,8291.3,0.7533,cloud_heavy
2025,9,84,6553.7,8519.8,0.8033,cloud_heavy
2026,10,84,7176.0,9328.8,0.8504,cloud_heavy
2027,11,84,6665.8,8665.5,0.8912,cloud_heavy
2028,12,84,7410.4,9633.5,0.923,cloud_heavy
2029,13,84,7343.6,9546.7,0.9431,cloud_heavy
2030,14,84,7773.4,10105.4,0.95,cloud_heavy
2031,15,84,7340.2,9542.3,0.9431,cloud_heavy
2032,16,84,7510.7,9763.9,0.923,cloud_heavy
2033,17,84,7144.0,9287.2,0.8912,cloud_heavy
2034,18,84,7080.5,9204.6,0.8504,cloud_heavy
2035,19,84,7008.0,9110.4,0.8033,cloud_heavy
2036,20,84,6551.5,8516.9,0.7533,cloud_heavy
2037,21,84,6623.0,8609.9,0.7032,cloud_heavy
2038,22,84,6042.7,7855.6,0.6556,cloud_heavy
2039,23,84,6098.1,7927.6,0.6123,cloud_heavy
2040,0,85,5646.6,7340.5,0.4829,cloud_heavy
2041,1,85,5668.1,7368.5,0.4978,cloud_heavy
2042,2,85,5966.8,7756.8,0.5177,cloud_heavy
2043,3,85,5618.9,7304.6,0.5431,cloud_heavy
2044,4,85,5641.2,7333.6,0.5747,cloud_heavy
2045,5,85,5864.4,7623.7,0.6123,cloud_heavy
2046,6,85,6351.8,8257.4,0.6556,cloud_heavy
2047,7,85,6526.8,8484.9,0.7032,cloud_heavy
2048,8,85,6664.1,8663.3,0.7533,cloud_heavy
2049,9,85,6625.5,8613.1,0.8033,cloud_heavy
2050,10,85,7218.7,9384.3,0.8504,cloud_heavy
2051,11,85,6964.5,9053.8,0.8912,cloud_heavy
2052,12,85,7621.0,9907.4,0.923,cloud_heavy
2053,13,85,8076.9,10500.0,0.9431,cloud_heavy
2054,14,85,7562.0,9830.6,0.95,cloud_heavy
2055,15,85,7580.8,9855.1,0.9431,cloud_heavy
2056,16,85,7256.1,9432.9,0.923,cloud_heavy
2057,17,85,6837.5,8888.7,0.8912,cloud_heavy
2058,18,85,6928.8,9007.4,0.8504,cloud_heavy
2059,19,85,6631.6,8621.1,0.8033,cloud_heavy
2060,20,85,6355.3,8261.9,0.7533,cloud_heavy
2061,21,85,6763.1,8792.0,0.7032,cloud_heavy
2062,22,85,6279.4,8163.2,0.6556,cloud_heavy
2063,23,85,6113.5,7947.6,0.6123,cloud_heavy
2064,0,86,5443.5,7076.6,0.4829,cloud_heavy
2065,1,86,5529.2,7188.0,0.4978,cloud_heavy
2066,2,86,5805.7,7547.4,0.5177,cloud_heavy
2067,3,86,5745.1,7468.6,0.5431,cloud_heavy
2068,4,86,5978.4,7771.9,0.5747,cloud_heavy
2069,5,86,6009.2,7811.9,0.6123,cloud_heavy
2070,6,86,6164.5,8013.8,0.6556,cloud_heavy
2071,7,86,6159.3,8007.1,0.7032,cloud_heavy
2072,8,86,6249.5,8124.3,0.7533,cloud_heavy
2073,9,86,6802.6,8843.4,0.8033,cloud_heavy
2074,10,86,7068.3,9188.8,0.8504,cloud_heavy
2075,11,86,6951.1,9036.5,0.8912,cloud_heavy
2076,12,86,7357.4,9564.6,0.923,cloud_heavy
2077,13,86,7462.5,9701.3,0.9431,cloud_heavy
2078,14,86,6996.0,9094.8,0.95,cloud_heavy
2079,15,86,7246.0,9419.7,0.9431,cloud_heavy
2080,16,86,7455.0,9691.4,0.923,cloud_heavy
2081,17,86,7314.1,9508.3,0.8912,cloud_heavy
2082,18,86,6812.2,8855.8,0.8504,cloud_heavy
2083,19,86,6889.0,8955.7,0.8033,cloud_heavy
2084,20,86,6847.5,8901.7,0.7533,cloud_heavy
2085,21,86,6580.7,8554.9,0.7032,cloud_heavy
2086,22,86,6210.6,8073.8,0.6556,cloud_heavy
2087,23,86,5959.8,7747.8,0.6123,cloud_heavy
2088,0,87,5390.7,7008.0,0.4829,cloud_heavy
2089,1,87,5636.0,7326.8,0.4978,cloud_heavy
2090,2,87,5675.4,7378.0,0.5177,cloud_heavy
2091,3,87,5859.2,7617.0,0.5431,cloud_heavy
2092,4,87,5908.0,7680.4,0.5747,cloud_heavy
2093,5,87,6193.2,8051.1,0.6123,cloud_heavy
2094,6,87,6246.1,8119.9,0.6556,cloud_heavy
2095,7,87,6582.2,8556.8,0.7032,cloud_heavy
2096,8,87,6817.2,8862.4,0.7533,cloud_heavy
2097,9,87,6690.9,8698.2,0.8033,cloud_heavy
2098,10,87,6673.6,8675.7,0.8504,cloud_heavy
2099,11,87,7564.9,9834.4,0.8912,cloud_heavy
2100,12,87,7421.7,9648.2,0.923,cloud_heavy
2101,13,87,7067.3,9187.5,0.9431,cloud_heavy
2102,14,87,7319.6,9515.5,0.95,cloud_heavy
2103,15,87,7623.0,9909.9,0.9431,cloud_heavy
2104,16,87,7303.2,9494.1,0.923,cloud_heavy
2105,17,87,7119.0,9254.8,0.8912,cloud_heavy
2106,18,87,7352.9,9558.8,0.8504,cloud_heavy
2107,19,87,6641.0,8633.3,0.8033,cloud_heavy
2108,20,87,6484.6,8430.0,0.7533,cloud_heavy
2109,21,87,6471.6,8413.0,0.7032,cloud_heavy
2110,22,87,6301.4,8191.8,0.6556,cloud_heavy
2111,23,87,6134.7,7975.1,0.6123,cloud_heavy
2112,0,88,5644.7,7338.1,0.4829,cloud_heavy
2113,1,88,5591.1,7268.5,0.4978,cloud_heavy
2114,2,88,5725.2,7442.8,0.5177,cloud_heavy
2115,3,88,5705.9,7417.7,0.5431,cloud_heavy
2116,4,88,5895.7,7664.5,0.5747,cloud_heavy
2117,5,88,6064.2,7883.5,0.6123,cloud_heavy
2118,6,88,6268.6,8149.2,0.6556,cloud_heavy
2119,7,88,6579.8,8553.8,0.7032,cloud_heavy
2120,8,88,6754.3,8780.6,0.7533,cloud_heavy
2121,9,88,6865.5,8925.2,0.8033,cloud_heavy
2122,10,88,6885.1,8950.6,0.8504,cloud_heavy
2123,11,88,7244.8,9418.2,0.8912,cloud_heavy
2124,12,88,7358.8,9566.4,0.923,cloud_heavy
2125,13,88,7493.7,9741.8,0.9431,cloud_heavy
2126,14,88,7974.9,10367.4,0.95,cloud_heavy
2127,15,88,7333.4,9533.5,0.9431,cloud_heavy
2128,16,88,7458.3,9695.8,0.923,cloud_heavy
2129,17,88,7461.9,9700.4,0.8912,cloud_heavy
2130,18,88,7077.1,9200.3,0.8504,cloud_heavy
2131,19,88,7337.3,9538.5,0.8033,cloud_heavy
2132,20,88,6568.3,8538.8,0.7533,cloud_heavy
2133,21,88,6493.3,8441.3,0.7032,cloud_heavy
2134,22,88,6079.2,7902.9,0.6556,cloud_heavy
2135,23,88,5980.9,7775.2,0.6123,cloud_heavy
2136,0,89,5493.3,7141.3,0.473,cloud_heavy
2137,1,89,5636.6,7327.6,0.4835,cloud_heavy
2138,2,89,5609.3,7292.1,0.4974,cloud_heavy
2139,3,89,5844.6,7598.0,0.5152,cloud_heavy
2140,4,89,5709.4,7422.2,0.5373,cloud_heavy
2141,5,89,5779.6,7513.4,0.5636,cloud_heavy
2142,6,89,6450.3,8385.4,0.5939,cloud_heavy
2143,7,89,6180.2,8034.3,0.6272,cloud_heavy
2144,8,89,6122.0,7958.6,0.6623,cloud_heavy
2145,9,89,6272.5,8154.3,0.6973,cloud_heavy
2146,10,89,6360.8,8269.0,0.7303,cloud_heavy
2147,11,89,6854.9,8911.3,0.7589,cloud_heavy
2148,12,89,6688.0,8694.4,0.7811,cloud_heavy
2149,13,89,6847.9,8902.2,0.7952,cloud_heavy
2150,14,89,6829.3,8878.1,0.8,cloud_heavy
2151,15,89,6971.5,9062.9,0.7952,cloud_heavy
2152,16,89,6590.2,8567.2,0.7811,cloud_heavy
2153,17,89,6452.4,8388.1,0.7589,cloud_heavy
2154,18,89,6590.0,8566.9,0.7303,cloud_heavy
2155,19,89,6521.4,8477.9,0.6973,cloud_heavy
2156,20,89,6319.4,8215.3,0.6623,cloud_heavy
2157,21,89,5959.7,7747.6,0.6272,cloud_heavy
2158,22,89,6087.6,7913.9,0.5939,cloud_heavy
2159,23,89,5707.5,7419.7,0.5636,cloud_heavy
2160,0,90,5367.3,6977.4,0.473,cloud_heavy
2161,1,90,5341.4,6943.8,0.4835,cloud_heavy
2162,2,90,5773.0,7504.9,0.4974,cloud_heavy
2163,3,90,5738.9,7460.6,0.5152,cloud_heavy
2164,4,90,5829.6,7578.5,0.5373,cloud_heavy
2165,5,90,6056.2,7873.0,0.5636,cloud_heavy
2166,6,90,6469.8,8410.7,0.5939,cloud_heavy
2167,7,90,5794.8,7533.2,0.6272,cloud_heavy
2168,8,90,6118.4,7953.9,0.6623,cloud_heavy
2169,9,90,6287.5,8173.8,0.6973,cloud_heavy
2170,10,90,6378.8,8292.5,0.7303,cloud_heavy
2171,11,90,6452.0,8387.6,0.7589,cloud_heavy
2172,12,90,6701.1,8711.5,0.7811,cloud_heavy
2173,13,90,6572.8,8544.7,0.7952,cloud_heavy
2174,14,90,6911.1,8984.4,0.8,cloud_heavy
2175,15,90,6832.4,8882.1,0.7952,cloud_heavy
2176,16,90,6859.5,8917.4,0.7811,cloud_heavy
2177,17,90,6769.1,8799.8,0.7589,cloud_heavy
2178,18,90,6664.3,8663.6,0.7303,cloud_heavy
2179,19,90,6334.2,8234.4,0.6973,cloud_heavy
2180,20,90,6655.2,8651.7,0.6623,cloud_heavy
2181,21,90,6150.9,7996.2,0.6272,cloud_heavy
2182,22,90,5633.0,7322.9,0.5939,cloud_heavy
2183,23,90,5662.2,7360.8,0.5636,cloud_heavy
2184,0,91,5207.6,6769.9,0.4829,cloud_heavy
2185,1,91,5560.9,7229.2,0.4978,cloud_heavy
2186,2,91,5621.8,7308.3,0.5177,cloud_heavy
2187,3,91,5669.8,7370.8,0.5431,cloud_heavy
2188,4,91,6239.7,8111.6,0.5747,cloud_heavy
2189,5,91,6144.2,7987.5,0.6123,cloud_heavy
2190,6,91,6364.1,8273.3,0.6556,cloud_heavy
2191,7,91,6251.1,8126.5,0.7032,cloud_heavy
2192,8,91,6444.5,8377.9,0.7533,cloud_heavy
2193,9,91,6864.0,8923.2,0.8033,cloud_heavy
2194,10,91,7093.0,9220.9,0.8504,cloud_heavy
2195,11,91,6827.5,8875.7,0.8912,cloud_heavy
2196,12,91,7325.1,9522.7,0.923,cloud_heavy
2197,13,91,7453.6,9689.7,0.9431,cloud_heavy
2198,14,91,7431.5,9661.0,0.95,cloud_heavy
2199,15,91,7268.7,9449.3,0.9431,cloud_heavy
2200,16,91,7245.8,9419.5,0.923,cloud_heavy
2201,17,91,7191.8,9349.3,0.8912,cloud_heavy
2202,18,91,7075.6,9198.3,0.8504,cloud_heavy
2203,19,91,6980.8,9075.1,0.8033,cloud_heavy
2204,20,91,6859.1,8916.8,0.7533,cloud_heavy
2205,21,91,6374.0,8286.2,0.7032,cloud_heavy
2206,22,91,6143.2,7986.1,0.6556,cloud_heavy
2207,23,91,6124.1,7961.3,0.6123,cloud_heavy
2208,0,92,5595.2,7273.7,0.4829,cloud_heavy
2209,1,92,5485.6,7131.3,0.4978,cloud_heavy
2210,2,92,5776.2,7509.0,0.5177,cloud_heavy
2211,3,92,5919.6,7695.5,0.5431,cloud_heavy
2212,4,92,6112.7,7946.5,0.5747,cloud_heavy
2213,5,92,6367.2,8277.3,0.6123,cloud_heavy
2214,6,92,6066.5,7886.5,0.6556,cloud_heavy
2215,7,92,6433.5,8363.5,0.7032,cloud_heavy
2216,8,92,6645.9,8639.7,0.7533,cloud_heavy
2217,9,92,6836.3,8887.1,0.8033,cloud_heavy
2218,10,92,6918.9,8994.6,0.8504,cloud_heavy
2219,11,92,6907.9,8980.3,0.8912,cloud_heavy
2220,12,92,7385.4,9601.1,0.923,cloud_heavy
2221,13,92,7278.8,9462.4,0.9431,cloud_heavy
2222,14,92,7499.1,9748.8,0.95,cloud_heavy
2223,15,92,7273.0,9454.9,0.9431,cloud_heavy
2224,16,92,7122.0,9258.6,0.923,cloud_heavy
2225,17,92,7280.9,9465.2,0.8912,cloud_heavy
2226,18,92,7088.3,9214.8,0.8504,cloud_heavy
2227,19,92,6975.6,9068.3,0.8033,cloud_heavy
2228,20,92,7079.4,9203.2,0.7533,cloud_heavy
2229,21,92,6484.3,8429.5,0.7032,cloud_heavy
2230,22,92,6319.1,8214.8,0.6556,cloud_heavy
2231,23,92,5849.3,7604.1,0.6123,cloud_heavy
2232,0,93,5282.4,6867.1,0.4829,cloud_heavy
2233,1,93,5822.0,7568.5,0.4978,cloud_heavy
2234,2,93,5486.1,7131.9,0.5177,cloud_heavy
2235,3,93,5570.5,7241.7,0.5431,cloud_heavy
2236,4,93,5877.8,7641.1,0.5747,cloud_heavy
2237,5,93,6028.3,7836.8,0.6123,cloud_heavy
2238,6,93,6059.8,7877.7,0.6556,cloud_heavy
2239,7,93,6371.9,8283.5,0.7032,cloud_heavy
2240,8,93,6888.7,8955.3,0.7533,cloud_heavy
2241,9,93,6690.6,8697.8,0.8033,cloud_heavy
2242,10,93,6761.3,8789.8,0.8504,cloud_heavy
2243,11,93,7434.6,9664.9,0.8912,cloud_heavy
2244,12,93,7473.7,9715.9,0.923,cloud_heavy
2245,13,93,7311.8,9505.3,0.9431,cloud_heavy
2246,14,93,7124.8,9262.2,0.95,cloud_heavy
2247,15,93,7284.1,9469.3,0.9431,cloud_heavy
2248,16,93,7352.9,9558.8,0.923,cloud_heavy
2249,17,93,7483.0,9727.8,0.8912,cloud_heavy
2250,18,93,6836.9,8888.0,0.8504,cloud_heavy
2251,19,93,6839.1,8890.8,0.8033,cloud_heavy
2252,20,93,6778.2,8811.7,0.7533,cloud_heavy
2253,21,93,5971.4,7762.8,0.7032,cloud_heavy
2254,22,93,6421.6,8348.1,0.6556,cloud_heavy
2255,23,93,5830.3,7579.3,0.6123,cloud_heavy
2256,0,94,5549.2,7214.0,0.4829,cloud_heavy
2257,1,94,5599.2,7278.9,0.4978,cloud_heavy
2258,2,94,5826.0,7573.8,0.5177,cloud_heavy
2259,3,94,5845.7,7599.4,0.5431,cloud_heavy
2260,4,94,5465.0,7104.5,0.5747,cloud_heavy
2261,5,94,5902.4,7673.1,0.6123,cloud_heavy
2262,6,94,6254.2,8130.5,0.6556,cloud_heavy
2263,7,94,6393.2,8311.1,0.7032,cloud_heavy
2264,8,94,6738.9,8760.5,0.7533,cloud_heavy
2265,9,94,7018.8,9124.4,0.8033,cloud_heavy
2266,10,94,7185.2,9340.7,0.8504,cloud_heavy
2267,11,94,7183.6,9338.7,0.8912,cloud_heavy
2268,12,94,6957.0,9044.1,0.923,cloud_heavy
2269,13,94,7348.7,9553.3,0.9431,cloud_heavy
2270,14,94,7573.2,9845.2,0.95,cloud_heavy
2271,15,94,7206.8,9368.8,0.9431,cloud_heavy
2272,16,94,7504.5,9755.8,0.923,cloud_heavy
2273,17,94,7427.1,9655.3,0.8912,cloud_heavy
2274,18,94,7083.2,9208.2,0.8504,cloud_heavy
2275,19,94,6226.2,8094.1,0.8033,cloud_heavy
2276,20,94,6388.9,8305.6,0.7533,cloud_heavy
2277,21,94,6794.7,8833.1,0.7032,cloud_heavy
2278,22,94,6126.3,7964.2,0.6556,cloud_heavy
2279,23,94,5684.9,7390.4,0.6123,cloud_heavy
2280,0,95,5698.1,7407.5,0.4829,cloud_heavy
2281,1,95,5560.3,7228.3,0.4978,cloud_heavy
2282,2,95,5829.4,7578.3,0.5177,cloud_heavy
2283,3,95,5798.4,7537.9,0.5431,cloud_heavy
2284,4,95,5965.6,7755.3,0.5747,cloud_heavy
2285,5,95,6110.5,7943.7,0.6123,cloud_heavy
2286,6,95,6358.7,8266.4,0.6556,cloud_heavy
2287,7,95,6870.1,8931.2,0.7032,cloud_heavy
2288,8,95,6837.2,8888.4,0.7533,cloud_heavy
2289,9,95,6531.4,8490.8,0.8033,cloud_heavy
2290,10,95,7150.9,9296.2,0.8504,cloud_heavy
2291,11,95,7477.7,9721.0,0.8912,cloud_heavy
2292,12,95,7630.7,9919.9,0.923,cloud_heavy
2293,13,95,7355.1,9561.7,0.9431,cloud_heavy
2294,14,95,7741.2,10063.6,0.95,cloud_heavy
2295,15,95,7657.9,9955.2,0.9431,cloud_heavy
2296,16,95,7933.4,10313.4,0.923,cloud_heavy
2297,17,95,7067.4,9187.7,0.8912,cloud_heavy
2298,18,95,6949.0,9033.7,0.8504,cloud_heavy
2299,19,95,6793.5,8831.5,0.8033,cloud_heavy
2300,20,95,6546.0,8509.8,0.7533,cloud_heavy
2301,21,95,6259.1,8136.8,0.7032,cloud_heavy
2302,22,95,5712.2,7425.9,0.6556,cloud_heavy
2303,23,95,5965.9,7755.6,0.6123,cloud_heavy
2304,0,96,5513.0,7166.9,0.473,cloud_heavy
2305,1,96,5415.7,7040.4,0.4835,cloud_heavy
2306,2,96,5878.7,7642.3,0.4974,cloud_heavy
2307,3,96,5634.1,7324.4,0.5152,cloud_heavy
2308,4,96,5947.5,7731.7,0.5373,cloud_heavy
2309,5,96,5883.5,7648.6,0.5636,cloud_heavy
2310,6,96,6114.3,7948.5,0.5939,cloud_heavy
2311,7,96,6159.1,8006.9,0.6272,cloud_heavy
2312,8,96,6514.0,8468.1,0.6623,cloud_heavy
2313,9,96,6416.7,8341.7,0.6973,cloud_heavy
2314,10,96,6643.3,8636.3,0.7303,cloud_heavy
2315,11,96,6740.8,8763.0,0.7589,cloud_heavy
2316,12,96,6703.4,8714.5,0.7811,cloud_heavy
2317,13,96,6904.7,8976.1,0.7952,cloud_heavy
2318,14,96,7301.0,9491.2,0.8,cloud_heavy
2319,15,96,6766.5,8796.4,0.7952,cloud_heavy
2320,16,96,6847.0,8901.1,0.7811,cloud_heavy
2321,17,96,6919.1,8994.8,0.7589,cloud_heavy
2322,18,96,6769.8,8800.8,0.7303,cloud_heavy
2323,19,96,6408.2,8330.7,0.6973,cloud_heavy
2324,20,96,5809.6,7552.5,0.6623,cloud_heavy
2325,21,96,6202.7,8063.5,0.6272,cloud_heavy
2326,22,96,5569.1,7239.8,0.5939,cloud_heavy
2327,23,96,6095.2,7923.7,0.5636,cloud_heavy
2328,0,97,5480.3,7124.4,0.473,cloud_heavy
2329,1,97,5661.9,7360.5,0.4835,cloud_heavy
2330,2,97,5405.8,7027.5,0.4974,cloud_heavy
2331,3,97,5369.6,6980.5,0.5152,cloud_heavy
2332,4,97,5770.5,7501.7,0.5373,cloud_heavy
2333,5,97,5831.8,7581.4,0.5636,cloud_heavy
2334,6,97,5878.4,7641.9,0.5939,cloud_heavy
2335,7,97,6123.5,7960.5,0.6272,cloud_heavy
2336,8,97,6776.5,8809.4,0.6623,cloud_heavy
2337,9,97,6566.3,8536.2,0.6973,cloud_heavy
2338,10,97,6752.0,8777.6,0.7303,cloud_heavy
2339,11,97,6836.3,8887.2,0.7589,cloud_heavy
2340,12,97,7062.0,9180.7,0.7811,cloud_heavy
2341,13,97,6782.9,8817.8,0.7952,cloud_heavy
2342,14,97,6420.5,8346.7,0.8,cloud_heavy
2343,15,97,6783.2,8818.2,0.7952,cloud_heavy
2344,16,97,6926.6,9004.6,0.7811,cloud_heavy
2345,17,97,6473.5,8415.6,0.7589,cloud_heavy
2346,18,97,6511.3,8464.7,0.7303,cloud_heavy
2347,19,97,6273.0,8154.9,0.6973,cloud_heavy
2348,20,97,6539.0,8500.7,0.6623,cloud_heavy
2349,21,97,6245.3,8118.9,0.6272,cloud_heavy
2350,22,97,6083.0,7907.8,0.5939,cloud_heavy
2351,23,97,5946.6,7730.6,0.5636,cloud_heavy
2352,0,98,5488.3,7134.8,0.4829,cloud_heavy
2353,1,98,5591.0,7268.3,0.4978,cloud_heavy
2354,2,98,5441.8,7074.3,0.5177,cloud_heavy
2355,3,98,5373.4,6985.5,0.5431,cloud_heavy
2356,4,98,5911.2,7684.5,0.5747,cloud_heavy
2357,5,98,6103.4,7934.5,0.6123,cloud_heavy
2358,6,98,6454.4,8390.7,0.6556,cloud_heavy
2359,7,98,6733.9,8754.1,0.7032,cloud_heavy
2360,8,98,6956.6,9043.6,0.7533,cloud_heavy
2361,9,98,6651.1,8646.5,0.8033,cloud_heavy
2362,10,98,6981.8,9076.3,0.8504,cloud_heavy
2363,11,98,7334.3,9534.6,0.8912,cloud_heavy
2364,12,98,7924.4,10301.7,0.923,cloud_heavy
2365,13,98,7781.3,10115.7,0.9431,cloud_heavy
2366,14,98,7731.0,10050.3,0.95,cloud_heavy
2367,15,98,7363.8,9573.0,0.9431,cloud_heavy
2368,16,98,7169.8,9320.8,0.923,cloud_heavy
2369,17,98,7401.2,9621.6,0.8912,cloud_heavy
2370,18,98,6823.4,8870.4,0.8504,cloud_heavy
2371,19,98,6807.4,8849.6,0.8033,cloud_heavy
2372,20,98,6620.8,8607.1,0.7533,cloud_heavy
2373,21,98,6738.1,8759.5,0.7032,cloud_heavy
2374,22,98,6162.1,8010.8,0.6556,cloud_heavy
2375,23,98,5602.4,7283.1,0.6123,cloud_heavy
2376,0,99,5577.6,7250.9,0.4829,cloud_heavy
2377,1,99,5441.5,7073.9,0.4978,cloud_heavy
2378,2,99,5649.6,7344.5,0.5177,cloud_heavy
2379,3,99,5735.7,7456.4,0.5431,cloud_heavy
2380,4,99,5836.4,7587.3,0.5747,cloud_heavy
2381,5,99,6188.0,8044.4,0.6123,cloud_heavy
2382,6,99,5942.0,7724.6,0.6556,cloud_heavy
2383,7,99,6331.0,8230.3,0.7032,cloud_heavy
2384,8,99,6780.0,8814.0,0.7533,cloud_heavy
2385,9,99,6730.1,8749.2,0.8033,cloud_heavy
2386,10,99,6715.8,8730.5,0.8504,cloud_heavy
2387,11,99,7375.1,9587.7,0.8912,cloud_heavy
2388,12,99,7613.1,9897.1,0.923,cloud_heavy
2389,13,99,7440.4,9672.6,0.9431,cloud_heavy
2390,14,99,7039.8,9151.7,0.95,cloud_heavy
2391,15,99,7608.3,9890.8,0.9431,cloud_heavy
2392,16,99,6998.2,9097.7,0.923,cloud_heavy
2393,17,99,7297.1,9486.2,0.8912,cloud_heavy
2394,18,99,6868.5,8929.1,0.8504,cloud_heavy
2395,19,99,6617.9,8603.2,0.8033,cloud_heavy
2396,20,99,6555.6,8522.3,0.7533,cloud_heavy
2397,21,99,6395.4,8314.0,0.7032,cloud_heavy
2398,22,99,6108.0,7940.5,0.6556,cloud_heavy
2399,23,99,6151.5,7996.9,0.6123,cloud_heavy
2400,0,100,5421.0,7047.2,0.4829,cloud_heavy
2401,1,100,5721.5,7437.9,0.4978,cloud_heavy
2402,2,100,5690.0,7397.0,0.5177,cloud_heavy
2403,3,100,5630.3,7319.4,0.5431,cloud_heavy
2404,4,100,5731.8,7451.4,0.5747,cloud_heavy
2405,5,100,5745.9,7469.7,0.6123,cloud_heavy
2406,6,100,6282.7,8167.6,0.6556,cloud_heavy
2407,7,100,6362.4,8271.1,0.7032,cloud_heavy
2408,8,100,6170.9,8022.1,0.7533,cloud_heavy
2409,9,100,6746.2,8770.1,0.8033,cloud_heavy
2410,10,100,6865.6,8925.3,0.8504,cloud_heavy
2411,11,100,7571.9,9843.4,0.8912,cloud_heavy
2412,12,100,6988.7,9085.4,0.923,cloud_heavy
2413,13,100,7128.3,9266.8,0.9431,cloud_heavy
2414,14,100,7728.9,10047.5,0.95,cloud_heavy
2415,15,100,7753.8,10079.9,0.9431,cloud_heavy
2416,16,100,7200.4,9360.5,0.923,cloud_heavy
2417,17,100,7093.0,9220.9,0.8912,cloud_heavy
2418,18,100,7186.8,9342.9,0.8504,cloud_heavy
2419,19,100,6377.8,8291.1,0.8033,cloud_heavy
2420,20,100,6272.7,8154.5,0.7533,cloud_heavy
2421,21,100,6376.6,8289.6,0.7032,cloud_heavy
2422,22,100,6518.0,8473.4,0.6556,cloud_heavy
2423,23,100,5965.7,7755.4,0.6123,cloud_heavy
2424,0,101,5511.1,7164.5,0.4829,cloud_heavy
2425,1,101,5747.1,7471.2,0.4978,cloud_heavy
2426,2,101,5999.0,7798.7,0.5177,cloud_heavy
2427,3,101,5651.1,7346.4,0.5431,cloud_heavy
2428,4,101,5881.7,7646.2,0.5747,cloud_heavy
2429,5,101,6375.1,8287.6,0.6123,cloud_heavy
2430,6,101,5944.0,7727.2,0.6556,cloud_heavy
2431,7,101,6629.0,8617.7,0.7032,cloud_heavy
2432,8,101,6440.7,8372.9,0.7533,cloud_heavy
2433,9,101,6877.5,8940.8,0.8033,cloud_heavy
2434,10,101,7005.0,9106.5,0.8504,cloud_heavy
2435,11,101,7022.3,9129.0,0.8912,cloud_heavy
2436,12,101,7147.8,9292.1,0.923,cloud_heavy
2437,13,101,7512.3,9766.0,0.9431,cloud_heavy
2438,14,101,7703.2,10014.2,0.95,cloud_heavy
2439,15,101,7421.5,9647.9,0.9431,cloud_heavy
2440,16,101,7380.5,9594.6,0.923,cloud_heavy
2441,17,101,7354.0,9560.2,0.8912,cloud_heavy
2442,18,101,6850.7,8905.9,0.8504,cloud_heavy
2443,19,101,7008.6,9111.2,0.8033,cloud_heavy
2444,20,101,6807.0,8849.1,0.7533,cloud_heavy
2445,21,101,6933.1,9013.0,0.7032,cloud_heavy
2446,22,101,6158.1,8005.6,0.6556,cloud_heavy
2447,23,101,5961.6,7750.1,0.6123,cloud_heavy
2448,0,102,5621.2,7307.6,0.4829,cloud_heavy
2449,1,102,5694.6,7403.0,0.4978,cloud_heavy
2450,2,102,5551.8,7217.4,0.5177,cloud_heavy
2451,3,102,5681.1,7385.4,0.5431,cloud_heavy
2452,4,102,5980.2,7774.3,0.5747,cloud_heavy
2453,5,102,5894.6,7663.0,0.6123,cloud_heavy
2454,6,102,6151.7,7997.2,0.6556,cloud_heavy
2455,7,102,6448.1,8382.5,0.7032,cloud_heavy
2456,8,102,6842.2,8894.8,0.7533,cloud_heavy
2457,9,102,6732.1,8751.7,0.8033,cloud_heavy
2458,10,102,6666.4,8666.3,0.8504,cloud_heavy
2459,11,102,6814.4,8858.7,0.8912,cloud_heavy
2460,12,102,7086.7,9212.7,0.923,cloud_heavy
2461,13,102,7157.0,9304.1,0.9431,cloud_heavy
2462,14,102,7445.1,9678.6,0.95,cloud_heavy
2463,15,102,7184.8,9340.2,0.9431,cloud_heavy
2464,16,102,7209.7,9372.6,0.923,cloud_heavy
2465,17,102,7062.2,9180.9,0.8912,cloud_heavy
2466,18,102,6963.1,9052.1,0.8504,cloud_heavy
2467,19,102,7128.5,9267.0,0.8033,cloud_heavy
2468,20,102,6775.6,8808.3,0.7533,cloud_heavy
2469,21,102,6433.9,8364.0,0.7032,cloud_heavy
2470,22,102,6142.3,7985.0,0.6556,cloud_heavy
2471,23,102,5966.1,7756.0,0.6123,cloud_heavy
2472,0,103,5506.2,7158.0,0.473,cloud_heavy
2473,1,103,5593.4,7271.4,0.4835,cloud_heavy
2474,2,103,5404.8,7026.3,0.4974,cloud_heavy
2475,3,103,5638.0,7329.5,0.5152,cloud_heavy
2476,4,103,5376.7,6989.8,0.5373,cloud_heavy
2477,5,103,5874.8,7637.2,0.5636,cloud_heavy
2478,6,103,6102.8,7933.6,0.5939,cloud_heavy
2479,7,103,6056.7,7873.7,0.6272,cloud_heavy
2480,8,103,6598.0,8577.4,0.6623,cloud_heavy
2481,9,103,6236.6,8107.6,0.6973,cloud_heavy
2482,10,103,6588.6,8565.2,0.7303,cloud_heavy
2483,11,103,6660.4,8658.5,0.7589,cloud_heavy
2484,12,103,6741.6,8764.0,0.7811,cloud_heavy
2485,13,103,6798.4,8837.9,0.7952,cloud_heavy
2486,14,103,6864.3,8923.6,0.8,cloud_heavy
2487,15,103,6995.3,9093.9,0.7952,cloud_heavy
2488,16,103,7041.4,9153.8,0.7811,cloud_heavy
2489,17,103,6667.1,8667.2,0.7589,cloud_heavy
2490,18,103,6706.0,8717.8,0.7303,cloud_heavy
2491,19,103,6271.1,8152.4,0.6973,cloud_heavy
2492,20,103,6400.8,8321.0,0.6623,cloud_heavy
2493,21,103,5968.4,7758.9,0.6272,cloud_heavy
2494,22,103,6161.6,8010.0,0.5939,cloud_heavy
2495,23,103,6224.9,8092.3,0.5636,cloud_heavy
2496,0,104,5432.6,7062.4,0.473,cloud_heavy
2497,1,104,5135.5,6676.1,0.4835,cloud_heavy
2498,2,104,5464.8,7104.2,0.4974,cloud_heavy
2499,3,104,5840.0,7592.0,0.5152,cloud_heavy
2500,4,104,5820.7,7566.9,0.5373,cloud_heavy
2501,5,104,5881.3,7645.7,0.5636,cloud_heavy
2502,6,104,6146.9,7990.9,0.5939,cloud_heavy
2503,7,104,6196.8,8055.8,0.6272,cloud_heavy
2504,8,104,6485.6,8431.3,0.6623,cloud_heavy
2505,9,104,6582.6,8557.4,0.6973,cloud_heavy
2506,10,104,6844.7,8898.2,0.7303,cloud_heavy
2507,11,104,6739.3,8761.1,0.7589,cloud_heavy
2508,12,104,6945.6,9029.2,0.7811,cloud_heavy
2509,13,104,6758.9,8786.6,0.7952,cloud_heavy
2510,14,104,6718.8,8734.5,0.8,cloud_heavy
2511,15,104,7171.1,9322.4,0.7952,cloud_heavy
2512,16,104,6805.8,8847.5,0.7811,cloud_heavy
2513,17,104,6828.5,8877.1,0.7589,cloud_heavy
2514,18,104,6570.2,8541.3,0.7303,cloud_heavy
2515,19,104,6293.2,8181.2,0.6973,cloud_heavy
2516,20,104,6259.1,8136.8,0.6623,cloud_heavy
2517,21,104,6371.1,8282.4,0.6272,cloud_heavy
2518,22,104,6065.7,7885.4,0.5939,cloud_heavy
2519,23,104,5538.0,7199.4,0.5636,cloud_heavy
2520,0,105,5459.0,7096.7,0.4829,cloud_heavy
2521,1,105,5855.2,7611.8,0.4978,cloud_heavy
2522,2,105,5606.2,7288.1,0.5177,cloud_heavy
2523,3,105,5440.0,7072.0,0.5431,cloud_heavy
2524,4,105,6218.9,8084.5,0.5747,cloud_heavy
2525,5,105,6168.4,8019.0,0.6123,cloud_heavy
2526,6,105,6215.3,8079.9,0.6556,cloud_heavy
2527,7,105,6359.1,8266.9,0.7032,cloud_heavy
2528,8,105,6859.4,8917.2,0.7533,cloud_heavy
2529,9,105,6745.0,8768.4,0.8033,cloud_heavy
2530,10,105,7299.5,9489.3,0.8504,cloud_heavy
2531,11,105,7347.7,9552.0,0.8912,cloud_heavy
2532,12,105,7419.0,9644.7,0.923,cloud_heavy
2533,13,105,7483.0,9727.9,0.9431,cloud_heavy
2534,14,105,7440.5,9672.7,0.95,cloud_heavy
2535,15,105,7684.2,9989.5,0.9431,cloud_heavy
2536,16,105,7173.8,9325.9,0.923,cloud_heavy
2537,17,105,6878.3,8941.8,0.8912,cloud_heavy
2538,18,105,7186.4,9342.4,0.8504,cloud_heavy
2539,19,105,6986.3,9082.2,0.8033,cloud_heavy
2540,20,105,6739.4,8761.2,0.7533,cloud_heavy
2541,21,105,6509.4,8462.3,0.7032,cloud_heavy
2542,22,105,6168.5,8019.1,0.6556,cloud_heavy
2543,23,105,6187.5,8043.7,0.6123,cloud_heavy
2544,0,106,5487.0,7133.1,0.4829,cloud_heavy
2545,1,106,5476.8,7119.9,0.4978,cloud_heavy
2546,2,106,5589.6,7266.5,0.5177,cloud_heavy
2547,3,106,6099.2,7929.0,0.5431,cloud_heavy
2548,4,106,5578.4,7251.9,0.5747,cloud_heavy
2549,5,106,6135.3,7975.9,0.6123,cloud_heavy
2550,6,106,5914.7,7689.1,0.6556,cloud_heavy
2551,7,106,6409.9,8332.9,0.7032,cloud_heavy
2552,8,106,6557.3,8524.4,0.7533,cloud_heavy
2553,9,106,6427.6,8355.8,0.8033,cloud_heavy
2554,10,106,7138.7,9280.3,0.8504,cloud_heavy
2555,11,106,7147.7,9292.0,0.8912,cloud_heavy
2556,12,106,6901.2,8971.5,0.923,cloud_heavy
2557,13,106,7638.2,9929.6,0.9431,cloud_heavy
2558,14,106,7801.8,10142.4,0.95,cloud_heavy
2559,15,106,7783.6,10118.6,0.9431,cloud_heavy
2560,16,106,7444.3,9677.6,0.923,cloud_heavy
2561,17,106,7240.1,9412.1,0.8912,cloud_heavy
2562,18,106,7337.5,9538.8,0.8504,cloud_heavy
2563,19,106,7202.5,9363.2,0.8033,cloud_heavy
2564,20,106,6869.6,8930.5,0.7533,cloud_heavy
2565,21,106,6249.1,8123.9,0.7032,cloud_heavy
2566,22,106,6266.0,8145.9,0.6556,cloud_heavy
2567,23,106,6124.4,7961.7,0.6123,cloud_heavy
2568,0,107,5196.2,6755.1,0.4829,cloud_heavy
2569,1,107,5636.3,7327.2,0.4978,cloud_heavy
2570,2,107,6027.1,7835.3,0.5177,cloud_heavy
2571,3,107,5861.0,7619.3,0.5431,cloud_heavy
2572,4,107,6144.8,7988.2,0.5747,cloud_heavy
2573,5,107,6077.9,7901.2,0.6123,cloud_heavy
2574,6,107,6214.7,8079.2,0.6556,cloud_heavy
2575,7,107,6504.3,8455.6,0.7032,cloud_heavy
2576,8,107,6481.1,8425.4,0.7533,cloud_heavy
2577,9,107,6658.2,8655.7,0.8033,cloud_heavy
2578,10,107,7324.4,9521.8,0.8504,cloud_heavy
2579,11,107,7527.8,9786.1,0.8912,cloud_heavy
2580,12,107,7146.0,9289.8,0.923,cloud_heavy
2581,13,107,7666.9,9966.9,0.9431,cloud_heavy
2582,14,107,7460.3,9698.4,0.95,cloud_heavy
2583,15,107,7526.5,9784.4,0.9431,cloud_heavy
2584,16,107,7466.7,9706.7,0.923,cloud_heavy
2585,17,107,7445.8,9679.5,0.8912,cloud_heavy
2586,18,107,7073.9,9196.1,0.8504,cloud_heavy
2587,19,107,7146.5,9290.4,0.8033,cloud_heavy
2588,20,107,6705.4,8717.0,0.7533,cloud_heavy
2589,21,107,6551.2,8516.5,0.7032,cloud_heavy
2590,22,107,6072.7,7894.5,0.6556,cloud_heavy
2591,23,107,6436.1,8367.0,0.6123,cloud_heavy
2592,0,108,5571.9,7243.5,0.4829,cloud_heavy
2593,1,108,5676.9,7380.0,0.4978,cloud_heavy
2594,2,108,5370.2,6981.2,0.5177,cloud_heavy
2595,3,108,5608.7,7291.3,0.5431,cloud_heavy
2596,4,108,6103.2,7934.2,0.5747,cloud_heavy
2597,5,108,6096.7,7925.7,0.6123,cloud_heavy
2598,6,108,5870.8,7632.1,0.6556,cloud_heavy
2599,7,108,6631.1,8620.4,0.7032,cloud_heavy
2600,8,108,6535.3,8495.9,0.7533,cloud_heavy
2601,9,108,7146.7,9290.8,0.8033,cloud_heavy
2602,10,108,7037.8,9149.1,0.8504,cloud_heavy
2603,11,108,7274.5,9456.9,0.8912,cloud_heavy
2604,12,108,7625.5,9913.1,0.923,cloud_heavy
2605,13,108,7249.9,9424.9,0.9431,cloud_heavy
2606,14,108,7257.0,9434.1,0.95,cloud_heavy
2607,15,108,7406.6,9628.6,0.9431,cloud_heavy
2608,16,108,7547.7,9812.1,0.923,cloud_heavy
2609,17,108,6941.4,9023.9,0.8912,cloud_heavy
2610,18,108,6703.3,8714.2,0.8504,cloud_heavy
2611,19,108,7025.9,9133.6,0.8033,cloud_heavy
2612,20,108,6523.5,8480.6,0.7533,cloud_heavy
2613,21,108,6355.1,8261.6,0.7032,cloud_heavy
2614,22,108,5881.5,7645.9,0.6556,cloud_heavy
2615,23,108,5921.6,7698.0,0.6123,cloud_heavy
2616,0,109,5493.2,7141.2,0.4829,cloud_heavy
2617,1,109,5713.2,7427.1,0.4978,cloud_heavy
2618,2,109,5511.8,7165.4,0.5177,cloud_heavy
2619,3,109,6036.6,7847.5,0.5431,cloud_heavy
2620,4,109,5763.8,7493.0,0.5747,cloud_heavy
2621,5,109,5920.8,7697.1,0.6123,cloud_heavy
2622,6,109,6515.7,8470.4,0.6556,cloud_heavy
2623,7,109,6471.6,8413.0,0.7032,cloud_heavy
2624,8,109,6533.7,8493.8,0.7533,cloud_heavy
2625,9,109,6824.5,8871.9,0.8033,cloud_heavy
2626,10,109,7342.8,9545.7,0.8504,cloud_heavy
2627,11,109,7548.1,9812.6,0.8912,cloud_heavy
2628,12,109,7184.5,9339.9,0.923,cloud_heavy
2629,13,109,7441.0,9673.3,0.9431,cloud_heavy
2630,14,109,7500.0,9750.0,0.95,cloud_heavy
2631,15,109,7230.1,9399.1,0.9431,cloud_heavy
2632,16,109,7352.7,9558.5,0.923,cloud_heavy
2633,17,109,7231.3,9400.6,0.8912,cloud_heavy
2634,18,109,7297.7,9487.1,0.8504,cloud_heavy
2635,19,109,7104.8,9236.2,0.8033,cloud_heavy
2636,20,109,6578.1,8551.5,0.7533,cloud_heavy
2637,21,109,6389.5,8306.3,0.7032,cloud_heavy
2638,22,109,6352.5,8258.3,0.6556,cloud_heavy
2639,23,109,5938.6,7720.1,0.6123,cloud_heavy
2640,0,110,5548.9,7213.5,0.473,cloud_heavy
2641,1,110,5482.6,7127.3,0.4835,cloud_heavy
2642,2,110,5394.5,7012.9,0.4974,cloud_heavy
2643,3,110,5470.2,7111.3,0.5152,cloud_heavy
2644,4,110,5974.3,7766.6,0.5373,cloud_heavy
2645,5,110,5810.3,7553.4,0.5636,cloud_heavy
2646,6,110,6259.9,8137.9,0.5939,cloud_heavy
2647,7,110,6013.9,7818.0,0.6272,cloud_heavy
2648,8,110,6311.7,8205.2,0.6623,cloud_heavy
2649,9,110,6865.8,8925.5,0.6973,cloud_heavy
2650,10,110,6338.3,8239.7,0.7303,cloud_heavy
2651,11,110,6287.9,8174.3,0.7589,cloud_heavy
2652,12,110,7022.9,9129.8,0.7811,cloud_heavy
2653,13,110,6652.6,8648.4,0.7952,cloud_heavy
2654,14,110,6838.1,8889.5,0.8,cloud_heavy
2655,15,110,6701.9,8712.4,0.7952,cloud_heavy
2656,16,110,6816.3,8861.2,0.7811,cloud_heavy
2657,17,110,6477.4,8420.6,0.7589,cloud_heavy
2658,18,110,6510.6,8463.7,0.7303,cloud_heavy
2659,19,110,6492.4,8440.1,0.6973,cloud_heavy
2660,20,110,6067.8,7888.1,0.6623,cloud_heavy
2661,21,110,5979.7,7773.6,0.6272,cloud_heavy
2662,22,110,5904.2,7675.4,0.5939,cloud_heavy
2663,23,110,5587.5,7263.7,0.5636,cloud_heavy
2664,0,111,5383.5,6998.5,0.473,cloud_heavy
2665,1,111,5516.7,7171.7,0.4835,cloud_heavy
2666,2,111,5489.5,7136.4,0.4974,cloud_heavy
2667,3,111,5586.0,7261.8,0.5152,cloud_heavy
2668,4,111,5722.3,7439.0,0.5373,cloud_heavy
2669,5,111,5722.9,7439.8,0.5636,cloud_heavy
2670,6,111,6090.0,7917.0,0.5939,cloud_heavy
2671,7,111,6371.1,8282.4,0.6272,cloud_heavy
2672,8,111,6169.9,8020.8,0.6623,cloud_heavy
2673,9,111,6499.2,8448.9,0.6973,cloud_heavy
2674,10,111,6498.8,8448.5,0.7303,cloud_heavy
2675,11,111,6740.6,8762.8,0.7589,cloud_heavy
2676,12,111,7079.6,9203.4,0.7811,cloud_heavy
2677,13,111,6925.9,9003.7,0.7952,cloud_heavy
2678,14,111,6478.3,8421.8,0.8,cloud_heavy
2679,15,111,6914.7,8989.1,0.7952,cloud_heavy
2680,16,111,7012.0,9115.6,0.7811,cloud_heavy
2681,17,111,6623.2,8610.2,0.7589,cloud_heavy
2682,18,111,6741.4,8763.9,0.7303,cloud_heavy
2683,19,111,6273.3,8155.3,0.6973,cloud_heavy
2684,20,111,5978.2,7771.6,0.6623,cloud_heavy
2685,21,111,6133.8,7974.0,0.6272,cloud_heavy
2686,22,111,5651.9,7347.5,0.5939,cloud_heavy
2687,23,111,5795.7,7534.5,0.5636,cloud_heavy
2688,0,112,5706.6,7418.6,0.4829,cloud_heavy
2689,1,112,5239.6,6811.5,0.4978,cloud_heavy
2690,2,112,5425.8,7053.6,0.5177,cloud_heavy
2691,3,112,5572.6,7244.4,0.5431,cloud_heavy
2692,4,112,5873.5,7635.6,0.5747,cloud_heavy
2693,5,112,5978.4,7771.9,0.6123,cloud_heavy
2694,6,112,6489.9,8436.8,0.6556,cloud_heavy
2695,7,112,6614.9,8599.4,0.7032,cloud_heavy
2696,8,112,6742.4,8765.1,0.7533,cloud_heavy
2697,9,112,6886.4,8952.3,0.8033,cloud_heavy
2698,10,112,7139.6,9281.5,0.8504,cloud_heavy
2699,11,112,7043.1,9156.1,0.8912,cloud_heavy
2700,12,112,7554.4,9820.7,0.923,cloud_heavy
2701,13,112,7201.9,9362.5,0.9431,cloud_heavy
2702,14,112,7667.3,9967.4,0.95,cloud_heavy
2703,15,112,7715.6,10030.3,0.9431,cloud_heavy
2704,16,112,7411.6,9635.0,0.923,cloud_heavy
2705,17,112,7191.9,9349.5,0.8912,cloud_heavy
2706,18,112,7141.1,9283.5,0.8504,cloud_heavy
2707,19,112,6267.8,8148.2,0.8033,cloud_heavy
2708,20,112,6703.9,8715.1,0.7533,cloud_heavy
2709,21,112,6408.9,8331.6,0.7032,cloud_heavy
2710,22,112,6219.0,8084.6,0.6556,cloud_heavy
2711,23,112,6172.8,8024.7,0.6123,cloud_heavy
2712,0,113,5482.2,7126.8,0.4829,cloud_heavy
2713,1,113,5367.9,6978.3,0.4978,cloud_heavy
2714,2,113,5618.5,7304.0,0.5177,cloud_heavy
2715,3,113,5762.3,7491.0,0.5431,cloud_heavy
2716,4,113,5905.0,7676.5,0.5747,cloud_heavy
2717,5,113,6074.1,7896.3,0.6123,cloud_heavy
2718,6,113,6422.6,8349.4,0.6556,cloud_heavy
2719,7,113,6221.2,8087.6,0.7032,cloud_heavy
2720,8,113,6678.7,8682.3,0.7533,cloud_heavy
2721,9,113,7121.8,9258.3,0.8033,cloud_heavy
2722,10,113,6689.2,8695.9,0.8504,cloud_heavy
2723,11,113,7269.1,9449.8,0.8912,cloud_heavy
2724,12,113,7235.6,9406.3,0.923,cloud_heavy
2725,13,113,7367.6,9577.9,0.9431,cloud_heavy
2726,14,113,7276.8,9459.8,0.95,cloud_heavy
2727,15,113,7412.6,9636.4,0.9431,cloud_heavy
2728,16,113,7771.8,10103.3,0.923,cloud_heavy
2729,17,113,6955.9,9042.6,0.8912,cloud_heavy
2730,18,113,6808.8,8851.4,0.8504,cloud_heavy
2731,19,113,6588.6,8565.2,0.8033,cloud_heavy
2732,20,113,6988.0,9084.4,0.7533,cloud_heavy
2733,21,113,6341.6,8244.0,0.7032,cloud_heavy
2734,22,113,6223.6,8090.7,0.6556,cloud_heavy
2735,23,113,5971.7,7763.1,0.6123,cloud_heavy
2736,0,114,5338.8,6940.4,0.4829,cloud_heavy
2737,1,114,5518.8,7174.5,0.4978,cloud_heavy
2738,2,114,6058.5,7876.1,0.5177,cloud_heavy
2739,3,114,5990.8,7788.0,0.5431,cloud_heavy
2740,4,114,5734.1,7454.3,0.5747,cloud_heavy
2741,5,114,6162.1,8010.8,0.6123,cloud_heavy
2742,6,114,6073.0,7895.0,0.6556,cloud_heavy
2743,7,114,6088.1,7914.5,0.7032,cloud_heavy
2744,8,114,6846.9,8901.0,0.7533,cloud_heavy
2745,9,114,7095.1,9223.6,0.8033,cloud_heavy
2746,10,114,7277.8,9461.2,0.8504,cloud_heavy
2747,11,114,7128.2,9266.7,0.8912,cloud_heavy
2748,12,114,7328.1,9526.6,0.923,cloud_heavy
2749,13,114,7618.1,9903.5,0.9431,cloud_heavy
2750,14,114,7567.7,9838.0,0.95,cloud_heavy
2751,15,114,7362.5,9571.3,0.9431,cloud_heavy
2752,16,114,7007.2,9109.4,0.923,cloud_heavy
2753,17,114,7254.8,9431.3,0.8912,cloud_heavy
2754,18,114,7284.8,9470.2,0.8504,cloud_heavy
2755,19,114,6610.1,8593.1,0.8033,cloud_heavy
2756,20,114,6771.0,8802.3,0.7533,cloud_heavy
2757,21,114,6494.7,8443.2,0.7032,cloud_heavy
2758,22,114,6368.6,8279.2,0.6556,cloud_heavy
2759,23,114,6202.8,8063.7,0.6123,cloud_heavy
2760,0,115,5380.0,6994.0,0.4829,cloud_heavy
2761,1,115,5288.4,6874.9,0.4978,cloud_heavy
2762,2,115,5552.1,7217.7,0.5177,cloud_heavy
2763,3,115,5904.0,7675.2,0.5431,cloud_heavy
2764,4,115,5789.0,7525.7,0.5747,cloud_heavy
2765,5,115,5918.8,7694.5,0.6123,cloud_heavy
2766,6,115,5888.1,7654.5,0.6556,cloud_heavy
2767,7,115,6768.9,8799.6,0.7032,cloud_heavy
2768,8,115,6808.3,8850.7,0.7533,cloud_heavy
2769,9,115,7014.8,9119.2,0.8033,cloud_heavy
2770,10,115,7261.2,9439.6,0.8504,cloud_heavy
2771,11,115,7355.2,9561.8,0.8912,cloud_heavy
2772,12,115,7311.0,9504.3,0.923,cloud_heavy
2773,13,115,7413.9,9638.1,0.9431,cloud_heavy
2774,14,115,7383.9,9599.0,0.95,cloud_heavy
2775,15,115,8039.4,10451.2,0.9431,cloud_heavy
2776,16,115,7487.8,9734.1,0.923,cloud_heavy
2777,17,115,7129.5,9268.4,0.8912,cloud_heavy
2778,18,115,7154.9,9301.4,0.8504,cloud_heavy
2779,19,115,6648.5,8643.1,0.8033,cloud_heavy
2780,20,115,6943.5,9026.6,0.7533,cloud_heavy
2781,21,115,6303.2,8194.2,0.7032,cloud_heavy
2782,22,115,6322.1,8218.7,0.6556,cloud_heavy
2783,23,115,6238.0,8109.4,0.6123,cloud_heavy
2784,0,116,5557.9,7225.3,0.4829,cloud_heavy
2785,1,116,5573.8,7245.9,0.4978,cloud_heavy
2786,2,116,5644.2,7337.5,0.5177,cloud_heavy
2787,3,116,5740.9,7463.2,0.5431,cloud_heavy
2788,4,116,5782.9,7517.7,0.5747,cloud_heavy
2789,5,116,5963.2,7752.1,0.6123,cloud_heavy
2790,6,116,6504.9,8456.4,0.6556,cloud_heavy
2791,7,116,6409.8,8332.8,0.7032,cloud_heavy
2792,8,116,6487.1,8433.2,0.7533,cloud_heavy
2793,9,116,6750.2,8775.3,0.8033,cloud_heavy
2794,10,116,7289.3,9476.1,0.8504,cloud_heavy
2795,11,116,7376.7,9589.7,0.8912,cloud_heavy
2796,12,116,7488.8,9735.4,0.923,cloud_heavy
2797,13,116,7392.9,9610.8,0.9431,cloud_heavy
2798,14,116,7608.5,9891.0,0.95,cloud_heavy
2799,15,116,7306.7,9498.6,0.9431,cloud_heavy
2800,16,116,7307.6,9499.9,0.923,cloud_heavy
2801,17,116,7440.5,9672.6,0.8912,cloud_heavy
2802,18,116,7241.5,9413.9,0.8504,cloud_heavy
2803,19,116,6654.5,8650.8,0.8033,cloud_heavy
2804,20,116,6473.2,8415.1,0.7533,cloud_heavy
2805,21,116,6451.7,8387.3,0.7032,cloud_heavy
2806,22,116,6551.0,8516.2,0.6556,cloud_heavy
2807,23,116,5697.3,7406.5,0.6123,cloud_heavy
2808,0,117,5498.1,7147.5,0.473,cloud_heavy
2809,1,117,5270.1,6851.2,0.4835,cloud_heavy
2810,2,117,5450.4,7085.5,0.4974,cloud_heavy
2811,3,117,5570.3,7241.4,0.5152,cloud_heavy
2812,4,117,5653.5,7349.5,0.5373,cloud_heavy
2813,5,117,5744.2,7467.5,0.5636,cloud_heavy
2814,6,117,5967.6,7757.9,0.5939,cloud_heavy
2815,7,117,6009.9,7812.9,0.6272,cloud_heavy
2816,8,117,5982.5,7777.3,0.6623,cloud_heavy
2817,9,117,6555.8,8522.6,0.6973,cloud_heavy
2818,10,117,6693.8,8701.9,0.7303,cloud_heavy
2819,11,117,6836.2,8887.0,0.7589,cloud_heavy
2820,12,117,6449.4,8384.2,0.7811,cloud_heavy
2821,13,117,6883.0,8947.9,0.7952,cloud_heavy
2822,14,117,6981.1,9075.4,0.8,cloud_heavy
2823,15,117,6610.8,8594.0,0.7952,cloud_heavy
2824,16,117,6763.8,8792.9,0.7811,cloud_heavy
2825,17,117,6644.3,8637.5,0.7589,cloud_heavy
2826,18,117,6907.7,8980.0,0.7303,cloud_heavy
2827,19,117,6775.8,8808.5,0.6973,cloud_heavy
2828,20,117,5944.6,7728.0,0.6623,cloud_heavy
2829,21,117,6565.0,8534.5,0.6272,cloud_heavy
2830,22,117,5802.5,7543.3,0.5939,cloud_heavy
2831,23,117,6009.5,7812.3,0.5636,cloud_heavy
2832,0,118,5611.3,7294.7,0.473,cloud_heavy
2833,1,118,5332.9,6932.7,0.4835,cloud_heavy
2834,2,118,5638.3,7329.8,0.4974,cloud_heavy
2835,3,118,5613.7,7297.8,0.5152,cloud_heavy
2836,4,118,5820.9,7567.2,0.5373,cloud_heavy
2837,5,118,5878.1,7641.6,0.5636,cloud_heavy
2838,6,118,6180.5,8034.6,0.5939,cloud_heavy
2839,7,118,6121.8,7958.3,0.6272,cloud_heavy
2840,8,118,6225.5,8093.2,0.6623,cloud_heavy
2841,9,118,6616.6,8601.6,0.6973,cloud_heavy
2842,10,118,6659.9,8657.8,0.7303,cloud_heavy
2843,11,118,6813.9,8858.1,0.7589,cloud_heavy
2844,12,118,6627.1,8615.2,0.7811,cloud_heavy
2845,13,118,6607.9,8590.2,0.7952,cloud_heavy
2846,14,118,6725.8,8743.5,0.8,cloud_heavy
2847,15,118,6694.7,8703.2,0.7952,cloud_heavy
2848,16,118,6921.4,8997.8,0.7811,cloud_heavy
2849,17,118,6862.7,8921.6,0.7589,cloud_heavy
2850,18,118,6515.4,8470.1,0.7303,cloud_heavy
2851,19,118,6680.9,8685.2,0.6973,cloud_heavy
2852,20,118,6513.9,8468.1,0.6623,cloud_heavy
2853,21,118,6152.6,7998.4,0.6272,cloud_heavy
2854,22,118,5819.2,7565.0,0.5939,cloud_heavy
2855,23,118,6113.6,7947.7,0.5636,cloud_heavy
2856,0,119,5484.4,7129.7,0.4829,cloud_heavy
2857,1,119,5579.1,7252.8,0.4978,cloud_heavy
2858,2,119,5584.9,7260.4,0.5177,cloud_heavy
2859,3,119,5597.1,7276.3,0.5431,cloud_heavy
2860,4,119,5625.4,7313.0,0.5747,cloud_heavy
2861,5,119,6159.5,8007.3,0.6123,cloud_heavy
2862,6,119,6082.0,7906.7,0.6556,cloud_heavy
2863,7,119,7021.0,9127.3,0.7032,cloud_heavy
2864,8,119,6427.2,8355.4,0.7533,cloud_heavy
2865,9,119,6597.8,8577.1,0.8033,cloud_heavy
2866,10,119,7164.4,9313.7,0.8504,cloud_heavy
2867,11,119,7561.8,9830.4,0.8912,cloud_heavy
2868,12,119,7379.2,9593.0,0.923,cloud_heavy
2869,13,119,7578.4,9851.9,0.9431,cloud_heavy
2870,14,119,7066.1,9186.0,0.95,cloud_heavy
2871,15,119,7299.1,9488.8,0.9431,cloud_heavy
2872,16,119,7127.8,9266.1,0.923,cloud_heavy
2873,17,119,6819.1,8864.8,0.8912,cloud_heavy
2874,18,119,7081.1,9205.5,0.8504,cloud_heavy
2875,19,119,6395.1,8313.6,0.8033,cloud_heavy
2876,20,119,6380.2,8294.2,0.7533,cloud_heavy
2877,21,119,6327.1,8225.3,0.7032,cloud_heavy
2878,22,119,6073.1,7895.0,0.6556,cloud_heavy
2879,23,119,6116.6,7951.6,0.6123,cloud_heavy
2880,0,120,5544.9,7208.3,0.4829,cloud_heavy
2881,1,120,5707.1,7419.2,0.4978,cloud_heavy
2882,2,120,5769.8,7500.7,0.5177,cloud_heavy
2883,3,120,5947.4,7731.7,0.5431,cloud_heavy
2884,4,120,5884.3,7649.6,0.5747,cloud_heavy
2885,5,120,6099.7,7929.6,0.6123,cloud_heavy
2886,6,120,6324.0,8221.2,0.6556,cloud_heavy
2887,7,120,6458.1,8395.5,0.7032,cloud_heavy
2888,8,120,6564.5,8533.9,0.7533,cloud_heavy
2889,9,120,6788.1,8824.5,0.8033,cloud_heavy
2890,10,120,6883.3,8948.3,0.8504,cloud_heavy
2891,11,120,7321.6,9518.0,0.8912,cloud_heavy
2892,12,120,7344.2,9547.5,0.923,cloud_heavy
2893,13,120,7302.3,9492.9,0.9431,cloud_heavy
2894,14,120,7331.2,9530.6,0.95,cloud_heavy
2895,15,120,7180.0,9333.9,0.9431,cloud_heavy
2896,16,120,7581.2,9855.6,0.923,cloud_heavy
2897,17,120,7247.2,9421.3,0.8912,cloud_heavy
2898,18,120,6873.7,8935.8,0.8504,cloud_heavy
2899,19,120,7022.7,9129.6,0.8033,cloud_heavy
2900,20,120,6532.0,8491.6,0.7533,cloud_heavy
2901,21,120,6159.4,8007.3,0.7032,cloud_heavy
2902,22,120,6419.2,8345.0,0.6556,cloud_heavy
2903,23,120,5947.3,7731.5,0.6123,cloud_heavy
2904,0,121,5427.1,7055.2,0.4829,cloud_heavy
2905,1,121,5564.9,7234.4,0.4978,cloud_heavy
2906,2,121,5835.8,7586.5,0.5177,cloud_heavy
2907,3,121,5754.1,7480.3,0.5431,cloud_heavy
2908,4,121,5673.0,7374.9,0.5747,cloud_heavy
2909,5,121,6143.3,7986.3,0.6123,cloud_heavy
2910,6,121,6137.8,7979.1,0.6556,cloud_heavy
2911,7,121,6795.0,8833.5,0.7032,cloud_heavy
2912,8,121,6643.5,8636.5,0.7533,cloud_heavy
2913,9,121,6396.7,8315.7,0.8033,cloud_heavy
2914,10,121,7132.0,9271.6,0.8504,cloud_heavy
2915,11,121,7651.9,9947.5,0.8912,cloud_heavy
2916,12,121,7713.2,10027.1,0.923,cloud_heavy
2917,13,121,7859.7,10217.7,0.9431,cloud_heavy
2918,14,121,7251.0,9426.3,0.95,cloud_heavy
2919,15,121,7654.4,9950.7,0.9431,cloud_heavy
2920,16,121,7205.4,9367.1,0.923,cloud_heavy
2921,17,121,7278.8,9462.4,0.8912,cloud_heavy
2922,18,121,6786.9,8823.0,0.8504,cloud_heavy
2923,19,121,6723.9,8741.0,0.8033,cloud_heavy
2924,20,121,6508.9,8461.6,0.7533,cloud_heavy
2925,21,121,6604.1,8585.4,0.7032,cloud_heavy
2926,22,121,6378.0,8291.4,0.6556,cloud_heavy
2927,23,121,6094.9,7923.4,0.6123,cloud_heavy
2928,0,122,5271.9,6853.5,0.4829,cloud_heavy
2929,1,122,5506.1,7157.9,0.4978,cloud_heavy
2930,2,122,5516.1,7170.9,0.5177,cloud_heavy
2931,3,122,5900.7,7670.9,0.5431,cloud_heavy
2932,4,122,6092.7,7920.5,0.5747,cloud_heavy
2933,5,122,6236.3,8107.1,0.6123,cloud_heavy
2934,6,122,6087.3,7913.5,0.6556,cloud_heavy
2935,7,122,5902.3,7672.9,0.7032,cloud_heavy
2936,8,122,6291.5,8179.0,0.7533,cloud_heavy
2937,9,122,7148.9,9293.5,0.8033,cloud_heavy
2938,10,122,6971.4,9062.9,0.8504,cloud_heavy
2939,11,122,7067.3,9187.5,0.8912,cloud_heavy
2940,12,122,7727.9,10046.3,0.923,cloud_heavy
2941,13,122,7733.3,10053.3,0.9431,cloud_heavy
2942,14,122,7485.3,9730.9,0.95,cloud_heavy
2943,15,122,7384.9,9600.4,0.9431,cloud_heavy
2944,16,122,7335.8,9536.5,0.923,cloud_heavy
2945,17,122,7279.4,9463.2,0.8912,cloud_heavy
2946,18,122,7395.1,9613.6,0.8504,cloud_heavy
2947,19,122,6943.3,9026.3,0.8033,cloud_heavy
2948,20,122,6788.4,8824.9,0.7533,cloud_heavy
2949,21,122,6656.4,8653.3,0.7032,cloud_heavy
2950,22,122,6009.9,7812.8,0.6556,cloud_heavy
2951,23,122,6181.6,8036.1,0.6123,cloud_heavy
2952,0,123,5445.9,7079.7,0.4829,cloud_heavy
2953,1,123,5138.5,6680.0,0.4978,cloud_heavy
2954,2,123,5282.2,6866.8,0.5177,cloud_heavy
2955,3,123,5575.0,7247.5,0.5431,cloud_heavy
2956,4,123,5978.5,7772.0,0.5747,cloud_heavy
2957,5,123,6065.3,7884.9,0.6123,cloud_heavy
2958,6,123,6262.9,8141.7,0.6556,cloud_heavy
2959,7,123,6807.2,8849.3,0.7032,cloud_heavy
2960,8,123,6390.7,8308.0,0.7533,cloud_heavy
2961,9,123,6850.8,8906.0,0.8033,cloud_heavy
2962,10,123,7120.8,9257.1,0.8504,cloud_heavy
2963,11,123,7070.4,9191.5,0.8912,cloud_heavy
2964,12,123,7371.2,9582.6,0.923,cloud_heavy
2965,13,123,7092.9,9220.8,0.9431,cloud_heavy
2966,14,123,7796.2,10135.0,0.95,cloud_heavy
2967,15,123,7298.1,9487.6,0.9431,cloud_heavy
2968,16,123,7813.8,10158.0,0.923,cloud_heavy
2969,17,123,7223.1,9390.0,0.8912,cloud_heavy
2970,18,123,7274.0,9456.2,0.8504,cloud_heavy
2971,19,123,6845.5,8899.1,0.8033,cloud_heavy
2972,20,123,6637.6,8628.8,0.7533,cloud_heavy
2973,21,123,6318.1,8213.5,0.7032,cloud_heavy
2974,22,123,6250.7,8125.9,0.6556,cloud_heavy
2975,23,123,6102.4,7933.1,0.6123,cloud_heavy
2976,0,124,5324.3,6921.6,0.473,cloud_heavy
2977,1,124,5476.4,7119.4,0.4835,cloud_heavy
2978,2,124,5454.4,7090.8,0.4974,cloud_heavy
2979,3,124,6020.4,7826.6,0.5152,cloud_heavy
2980,4,124,5710.3,7423.4,0.5373,cloud_heavy
2981,5,124,6108.3,7940.9,0.5636,cloud_heavy
2982,6,124,5931.3,7710.7,0.5939,cloud_heavy
2983,7,124,6155.5,8002.1,0.6272,cloud_heavy
2984,8,124,6009.0,7811.7,0.6623,cloud_heavy
2985,9,124,6320.0,8216.0,0.6973,cloud_heavy
2986,10,124,6587.2,8563.4,0.7303,cloud_heavy
2987,11,124,6984.8,9080.2,0.7589,cloud_heavy
2988,12,124,6807.0,8849.0,0.7811,cloud_heavy
2989,13,124,7105.0,9236.5,0.7952,cloud_heavy
2990,14,124,6973.8,9066.0,0.8,cloud_heavy
2991,15,124,7154.8,9301.3,0.7952,cloud_heavy
2992,16,124,6749.9,8774.9,0.7811,cloud_heavy
2993,17,124,7145.6,9289.3,0.7589,cloud_heavy
2994,18,124,6450.6,8385.8,0.7303,cloud_heavy
2995,19,124,6258.6,8136.2,0.6973,cloud_heavy
2996,20,124,6029.9,7838.8,0.6623,cloud_heavy
2997,21,124,6535.1,8495.7,0.6272,cloud_heavy
2998,22,124,6113.0,7946.9,0.5939,cloud_heavy
2999,23,124,5779.2,7513.0,0.5636,cloud_heavy
3000,0,125,5656.9,7354.0,0.473,cloud_heavy
3001,1,125,5610.5,7293.6,0.4835,cloud_heavy
3002,2,125,5883.8,7649.0,0.4974,cloud_heavy
3003,3,125,5370.4,6981.5,0.5152,cloud_heavy
3004,4,125,5680.1,7384.2,0.5373,cloud_heavy
3005,5,125,5756.7,7483.7,0.5636,cloud_heavy
3006,6,125,5613.1,7297.0,0.5939,cloud_heavy
3007,7,125,6302.3,8193.0,0.6272,cloud_heavy
3008,8,125,6206.3,8068.1,0.6623,cloud_heavy
3009,9,125,6548.1,8512.5,0.6973,cloud_heavy
3010,10,125,7009.3,9112.1,0.7303,cloud_heavy
3011,11,125,6596.9,8575.9,0.7589,cloud_heavy
3012,12,125,6676.5,8679.4,0.7811,cloud_heavy
3013,13,125,6846.1,8899.9,0.7952,cloud_heavy
3014,14,125,7045.0,9158.4,0.8,cloud_heavy
3015,15,125,6705.8,8717.6,0.7952,cloud_heavy
3016,16,125,6633.9,8624.1,0.7811,cloud_heavy
3017,17,125,6879.0,8942.7,0.7589,cloud_heavy
3018,18,125,6620.3,8606.3,0.7303,cloud_heavy
3019,19,125,6013.0,7816.9,0.6973,cloud_heavy
3020,20,125,6027.0,7835.1,0.6623,cloud_heavy
3021,21,125,6383.1,8298.0,0.6272,cloud_heavy
3022,22,125,6038.3,7849.8,0.5939,cloud_heavy
3023,23,125,5704.2,7415.5,0.5636,cloud_heavy
3024,0,126,5466.4,7106.3,0.4829,cloud_heavy
3025,1,126,5560.2,7228.3,0.4978,cloud_heavy
3026,2,126,5766.9,7497.0,0.5177,cloud_heavy
3027,3,126,5516.3,7171.2,0.5431,cloud_heavy
3028,4,126,5736.2,7457.1,0.5747,cloud_heavy
3029,5,126,6094.2,7922.4,0.6123,cloud_heavy
3030,6,126,6209.8,8072.7,0.6556,cloud_heavy
3031,7,126,6541.1,8503.4,0.7032,cloud_heavy
3032,8,126,6398.6,8318.2,0.7533,cloud_heavy
3033,9,126,6929.9,9008.9,0.8033,cloud_heavy
3034,10,126,7287.5,9473.7,0.8504,cloud_heavy
3035,11,126,7335.7,9536.4,0.8912,cloud_heavy
3036,12,126,7395.7,9614.4,0.923,cloud_heavy
3037,13,126,7429.1,9657.8,0.9431,cloud_heavy
3038,14,126,7292.5,9480.2,0.95,cloud_heavy
3039,15,126,7434.4,9664.7,0.9431,cloud_heavy
3040,16,126,7643.3,9936.3,0.923,cloud_heavy
3041,17,126,7204.3,9365.6,0.8912,cloud_heavy
3042,18,126,6868.0,8928.4,0.8504,cloud_heavy
3043,19,126,6755.2,8781.7,0.8033,cloud_heavy
3044,20,126,6683.7,8688.8,0.7533,cloud_heavy
3045,21,126,6358.7,8266.3,0.7032,cloud_heavy
3046,22,126,6319.1,8214.8,0.6556,cloud_heavy
3047,23,126,6139.5,7981.4,0.6123,cloud_heavy
3048,0,127,5641.0,7333.3,0.4829,cloud_heavy
3049,1,127,5795.4,7534.0,0.4978,cloud_heavy
3050,2,127,5811.0,7554.3,0.5177,cloud_heavy
3051,3,127,5589.5,7266.3,0.5431,cloud_heavy
3052,4,127,5725.2,7442.7,0.5747,cloud_heavy
3053,5,127,6031.0,7840.2,0.6123,cloud_heavy
3054,6,127,6144.1,7987.4,0.6556,cloud_heavy
3055,7,127,6211.2,8074.5,0.7032,cloud_heavy
3056,8,127,6555.7,8522.3,0.7533,cloud_heavy
3057,9,127,6758.8,8786.5,0.8033,cloud_heavy
3058,10,127,6914.2,8988.4,0.8504,cloud_heavy
3059,11,127,7161.6,9310.1,0.8912,cloud_heavy
3060,12,127,7625.3,9913.0,0.923,cloud_heavy
3061,13,127,7495.0,9743.5,0.9431,cloud_heavy
3062,14,127,8034.5,10444.8,0.95,cloud_heavy
3063,15,127,7488.6,9735.2,0.9431,cloud_heavy
3064,16,127,7300.9,9491.1,0.923,cloud_heavy
3065,17,127,7231.0,9400.3,0.8912,cloud_heavy
3066,18,127,7110.7,9243.9,0.8504,cloud_heavy
3067,19,127,6946.0,9029.8,0.8033,cloud_heavy
3068,20,127,7057.6,9174.9,0.7533,cloud_heavy
3069,21,127,6267.7,8148.0,0.7032,cloud_heavy
3070,22,127,6388.9,8305.6,0.6556,cloud_heavy
3071,23,127,6082.4,7907.1,0.6123,cloud_heavy
3072,0,128,5235.5,6806.2,0.4829,cloud_heavy
3073,1,128,5686.5,7392.5,0.4978,cloud_heavy
3074,2,128,5857.0,7614.1,0.5177,cloud_heavy
3075,3,128,5602.8,7283.6,0.5431,cloud_heavy
3076,4,128,5883.1,7648.0,0.5747,cloud_heavy
3077,5,128,5731.8,7451.4,0.6123,cloud_heavy
3078,6,128,5993.2,7791.2,0.6556,cloud_heavy
3079,7,128,6633.0,8622.8,0.7032,cloud_heavy
3080,8,128,6550.7,8515.9,0.7533,cloud_heavy
3081,9,128,6628.4,8616.9,0.8033,cloud_heavy
3082,10,128,7104.9,9236.4,0.8504,cloud_heavy
3083,11,128,7116.8,9251.8,0.8912,cloud_heavy
3084,12,128,7260.9,9439.2,0.923,cloud_heavy
3085,13,128,7615.7,9900.5,0.9431,cloud_heavy
3086,14,128,7219.1,9384.9,0.95,cloud_heavy
3087,15,128,7248.1,9422.6,0.9431,cloud_heavy
3088,16,128,7399.0,9618.7,0.923,cloud_heavy
3089,17,128,7440.4,9672.5,0.8912,cloud_heavy
3090,18,128,7318.5,9514.0,0.8504,cloud_heavy
3091,19,128,6719.6,8735.5,0.8033,cloud_heavy
3092,20,128,6830.5,8879.7,0.7533,cloud_heavy
3093,21,128,6279.5,8163.3,0.7032,cloud_heavy
3094,22,128,6569.7,8540.5,0.6556,cloud_heavy
3095,23,128,5839.1,7590.8,0.6123,cloud_heavy
3096,0,129,5713.5,7427.5,0.4829,cloud_heavy
3097,1,129,5448.6,7083.1,0.4978,cloud_heavy
3098,2,129,5983.2,7778.1,0.5177,cloud_heavy
3099,3,129,5852.6,7608.4,0.5431,cloud_heavy
3100,4,129,5705.3,7416.9,0.5747,cloud_heavy
3101,5,129,5950.0,7735.0,0.6123,cloud_heavy
3102,6,129,6374.4,8286.7,0.6556,cloud_heavy
3103,7,129,6633.9,8624.0,0.7032,cloud_heavy
3104,8,129,6629.6,8618.5,0.7533,cloud_heavy
3105,9,129,6865.6,8925.3,0.8033,cloud_heavy
3106,10,129,7216.9,9382.0,0.8504,cloud_heavy
3107,11,129,7258.7,9436.3,0.8912,cloud_heavy
3108,12,129,7079.2,9202.9,0.923,cloud_heavy
3109,13,129,7268.8,9449.4,0.9431,cloud_heavy
3110,14,129,7532.6,9792.3,0.95,cloud_heavy
3111,15,129,7722.2,10038.8,0.9431,cloud_heavy
3112,16,129,7722.0,10038.6,0.923,cloud_heavy
3113,17,129,7399.2,9619.0,0.8912,cloud_heavy
3114,18,129,7117.2,9252.3,0.8504,cloud_heavy
3115,19,129,7010.5,9113.6,0.8033,cloud_heavy
3116,20,129,6510.8,8464.0,0.7533,cloud_heavy
3117,21,129,6401.2,8321.6,0.7032,cloud_heavy
3118,22,129,6074.4,7896.8,0.6556,cloud_heavy
3119,23,129,5818.2,7563.7,0.6123,cloud_heavy
3120,0,130,5549.5,7214.3,0.4829,cloud_heavy
3121,1,130,5589.0,7265.7,0.4978,cloud_heavy
3122,2,130,5758.8,7486.4,0.5177,cloud_heavy
3123,3,130,5844.8,7598.3,0.5431,cloud_heavy
3124,4,130,5927.5,7705.8,0.5747,cloud_heavy
3125,5,130,6145.6,7989.3,0.6123,cloud_heavy
3126,6,130,6220.4,8086.6,0.6556,cloud_heavy
3127,7,130,6510.4,8463.6,0.7032,cloud_heavy
3128,8,130,6499.0,8448.6,0.7533,cloud_heavy
3129,9,130,6932.5,9012.2,0.8033,cloud_heavy
3130,10,130,7197.9,9357.2,0.8504,cloud_heavy
3131,11,130,7084.9,9210.3,0.8912,cloud_heavy
3132,12,130,7376.4,9589.4,0.923,cloud_heavy
3133,13,130,7311.1,9504.4,0.9431,cloud_heavy
3134,14,130,7361.7,9570.2,0.95,cloud_heavy
3135,15,130,7199.1,9358.8,0.9431,cloud_heavy
3136,16,130,7644.6,9938.0,0.923,cloud_heavy
3137,17,130,7461.3,9699.6,0.8912,cloud_heavy
3138,18,130,7170.1,9321.2,0.8504,cloud_heavy
3139,19,130,7262.1,9440.7,0.8033,cloud_heavy
3140,20,130,6606.0,8587.8,0.7533,cloud_heavy
3141,21,130,7015.7,9120.4,0.7032,cloud_heavy
3142,22,130,6185.9,8041.7,0.6556,cloud_heavy
3143,23,130,6091.0,7918.3,0.6123,cloud_heavy
3144,0,131,5387.5,7003.8,0.473,cloud_heavy
3145,1,131,5558.5,7226.0,0.4835,cloud_heavy
3146,2,131,5695.4,7404.0,0.4974,cloud_heavy
3147,3,131,5612.6,7296.4,0.5152,cloud_heavy
3148,4,131,6030.9,7840.2,0.5373,cloud_heavy
3149,5,131,5879.6,7643.5,0.5636,cloud_heavy
3150,6,131,6014.8,7819.2,0.5939,cloud_heavy
3151,7,131,5941.4,7723.8,0.6272,cloud_heavy
3152,8,131,6335.6,8236.3,0.6623,cloud_heavy
3153,9,131,6380.2,8294.2,0.6973,cloud_heavy
3154,10,131,6426.5,8354.4,0.7303,cloud_heavy
3155,11,131,6512.2,8465.9,0.7589,cloud_heavy
3156,12,131,7303.9,9495.1,0.7811,cloud_heavy
3157,13,131,6767.9,8798.2,0.7952,cloud_heavy
3158,14,131,6543.2,8506.2,0.8,cloud_heavy
3159,15,131,6678.9,8682.6,0.7952,cloud_heavy
3160,16,131,6751.5,8776.9,0.7811,cloud_heavy
3161,17,131,6776.9,8809.9,0.7589,cloud_heavy
3162,18,131,6654.9,8651.3,0.7303,cloud_heavy
3163,19,131,6536.0,8496.8,0.6973,cloud_heavy
3164,20,131,6136.0,7976.8,0.6623,cloud_heavy
3165,21,131,6170.4,8021.5,0.6272,cloud_heavy
3166,22,131,5809.5,7552.4,0.5939,cloud_heavy
3167,23,131,5729.2,7448.0,0.5636,cloud_heavy
3168,0,132,5302.5,6893.2,0.473,cloud_heavy
3169,1,132,5301.1,6891.4,0.4835,cloud_heavy
3170,2,132,5733.5,7453.6,0.4974,cloud_heavy
3171,3,132,5748.2,7472.7,0.5152,cloud_heavy
3172,4,132,5893.5,7661.5,0.5373,cloud_heavy
3173,5,132,5844.6,7598.0,0.5636,cloud_heavy
3174,6,132,6105.4,7937.0,0.5939,cloud_heavy
3175,7,132,5785.2,7520.8,0.6272,cloud_heavy
3176,8,132,6419.0,8344.7,0.6623,cloud_heavy
3177,9,132,6440.0,8372.0,0.6973,cloud_heavy
3178,10,132,6669.1,8669.8,0.7303,cloud_heavy
3179,11,132,6743.5,8766.6,0.7589,cloud_heavy
3180,12,132,6561.7,8530.2,0.7811,cloud_heavy
3181,13,132,6515.2,8469.8,0.7952,cloud_heavy
3182,14,132,6696.1,8705.0,0.8,cloud_heavy
3183,15,132,6937.4,9018.6,0.7952,cloud_heavy
3184,16,132,6901.9,8972.5,0.7811,cloud_heavy
3185,17,132,6393.9,8312.1,0.7589,cloud_heavy
3186,18,132,6353.2,8259.2,0.7303,cloud_heavy
3187,19,132,6267.0,8147.0,0.6973,cloud_heavy
3188,20,132,6190.0,8046.9,0.6623,cloud_heavy
3189,21,132,5858.4,7615.9,0.6272,cloud_heavy
3190,22,132,5711.8,7425.3,0.5939,cloud_heavy
3191,23,132,5693.8,7401.9,0.5636,cloud_heavy
3192,0,133,5508.7,7161.3,0.4829,cloud_heavy
3193,1,133,5361.2,6969.5,0.4978,cloud_heavy
3194,2,133,5622.8,7309.6,0.5177,cloud_heavy
3195,3,133,5933.3,7713.2,0.5431,cloud_heavy
3196,4,133,5654.9,7351.3,0.5747,cloud_heavy
3197,5,133,6007.3,7809.4,0.6123,cloud_heavy
3198,6,133,6419.9,8345.9,0.6556,cloud_heavy
3199,7,133,6350.1,8255.1,0.7032,cloud_heavy
3200,8,133,6529.3,8488.2,0.7533,cloud_heavy
3201,9,133,7095.8,9224.5,0.8033,cloud_heavy
3202,10,133,6991.6,9089.0,0.8504,cloud_heavy
3203,11,133,7469.7,9710.6,0.8912,cloud_heavy
3204,12,133,7459.8,9697.7,0.923,cloud_heavy
3205,13,133,7373.9,9586.0,0.9431,cloud_heavy
3206,14,133,7587.4,9863.7,0.95,cloud_heavy
3207,15,133,7522.1,9778.8,0.9431,cloud_heavy
3208,16,133,7590.5,9867.7,0.923,cloud_heavy
3209,17,133,7111.2,9244.5,0.8912,cloud_heavy
3210,18,133,7065.1,9184.6,0.8504,cloud_heavy
3211,19,133,6843.8,8896.9,0.8033,cloud_heavy
3212,20,133,6784.0,8819.2,0.7533,cloud_heavy
3213,21,133,6233.0,8102.9,0.7032,cloud_heavy
3214,22,133,6418.4,8344.0,0.6556,cloud_heavy
3215,23,133,6129.3,7968.0,0.6123,cloud_heavy
3216,0,134,5277.4,6860.6,0.4829,cloud_heavy
3217,1,134,5759.5,7487.3,0.4978,cloud_heavy
3218,2,134,6020.6,7826.7,0.5177,cloud_heavy
3219,3,134,5923.5,7700.5,0.5431,cloud_heavy
3220,4,134,6136.6,7977.6,0.5747,cloud_heavy
3221,5,134,6060.2,7878.2,0.6123,cloud_heavy
3222,6,134,5918.0,7693.4,0.6556,cloud_heavy
3223,7,134,6075.0,7897.5,0.7032,cloud_heavy
3224,8,134,6694.5,8702.9,0.7533,cloud_heavy
3225,9,134,6734.7,8755.1,0.8033,cloud_heavy
3226,10,134,6862.8,8921.6,0.8504,cloud_heavy
3227,11,134,7216.5,9381.5,0.8912,cloud_heavy
3228,12,134,7501.0,9751.3,0.923,cloud_heavy
3229,13,134,7125.8,9263.5,0.9431,cloud_heavy
3230,14,134,7379.1,9592.8,0.95,cloud_heavy
3231,15,134,7788.0,10124.4,0.9431,cloud_heavy
3232,16,134,7127.4,9265.6,0.923,cloud_heavy
3233,17,134,7418.8,9644.4,0.8912,cloud_heavy
3234,18,134,6953.8,9039.9,0.8504,cloud_heavy
3235,19,134,6968.7,9059.3,0.8033,cloud_heavy
3236,20,134,6862.4,8921.1,0.7533,cloud_heavy
3237,21,134,6573.8,8545.9,0.7032,cloud_heavy
3238,22,134,6398.3,8317.8,0.6556,cloud_heavy
3239,23,134,5835.9,7586.6,0.6123,cloud_heavy
3240,0,135,5678.1,7381.5,0.4829,cloud_heavy
3241,1,135,5415.9,7040.6,0.4978,cloud_heavy
3242,2,135,5686.3,7392.2,0.5177,cloud_heavy
3243,3,135,5795.2,7533.7,0.5431,cloud_heavy
3244,4,135,5970.3,7761.4,0.5747,cloud_heavy
3245,5,135,6105.8,7937.5,0.6123,cloud_heavy
3246,6,135,6070.8,7892.0,0.6556,cloud_heavy
3247,7,135,6170.4,8021.5,0.7032,cloud_heavy
3248,8,135,6817.6,8862.8,0.7533,cloud_heavy
3249,9,135,6894.7,8963.1,0.8033,cloud_heavy
3250,10,135,7299.7,9489.6,0.8504,cloud_heavy
3251,11,135,7220.4,9386.5,0.8912,cloud_heavy
3252,12,135,7054.5,9170.9,0.923,cloud_heavy
3253,13,135,7666.4,9966.4,0.9431,cloud_heavy
3254,14,135,7396.7,9615.7,0.95,cloud_heavy
3255,15,135,7526.9,9785.0,0.9431,cloud_heavy
3256,16,135,7221.9,9388.5,0.923,cloud_heavy
3257,17,135,7586.8,9862.8,0.8912,cloud_heavy
3258,18,135,6870.8,8932.1,0.8504,cloud_heavy
3259,19,135,6787.0,8823.1,0.8033,cloud_heavy
3260,20,135,6665.1,8664.6,0.7533,cloud_heavy
3261,21,135,6220.1,8086.1,0.7032,cloud_heavy
3262,22,135,6290.2,8177.2,0.6556,cloud_heavy
3263,23,135,6337.0,8238.1,0.6123,cloud_heavy
3264,0,136,5413.6,7037.7,0.4829,cloud_heavy
3265,1,136,5623.9,7311.1,0.4978,cloud_heavy
3266,2,136,5177.0,6730.1,0.5177,cloud_heavy
3267,3,136,5743.9,7467.1,0.5431,cloud_heavy
3268,4,136,5829.4,7578.2,0.5747,cloud_heavy
3269,5,136,5896.3,7665.1,0.6123,cloud_heavy
3270,6,136,6430.5,8359.6,0.6556,cloud_heavy
3271,7,136,6367.8,8278.2,0.7032,cloud_heavy
3272,8,136,6608.3,8590.8,0.7533,cloud_heavy
3273,9,136,6778.8,8812.5,0.8033,cloud_heavy
3274,10,136,6650.6,8645.8,0.8504,cloud_heavy
3275,11,136,6984.6,9080.0,0.8912,cloud_heavy
3276,12,136,7577.3,9850.5,0.923,cloud_heavy
3277,13,136,6978.9,9072.6,0.9431,cloud_heavy
3278,14,136,7307.9,9500.2,0.95,cloud_heavy
3279,15,136,7361.2,9569.5,0.9431,cloud_heavy
3280,16,136,7750.2,10075.3,0.923,cloud_heavy
3281,17,136,7396.8,9615.9,0.8912,cloud_heavy
3282,18,136,6938.4,9020.0,0.8504,cloud_heavy
3283,19,136,7124.8,9262.2,0.8033,cloud_heavy
3284,20,136,6496.1,8444.9,0.7533,cloud_heavy
3285,21,136,6625.4,8613.1,0.7032,cloud_heavy
3286,22,136,5974.5,7766.9,0.6556,cloud_heavy
3287,23,136,6239.3,8111.1,0.6123,cloud_heavy
3288,0,137,5427.5,7055.8,0.4829,cloud_heavy
3289,1,137,5386.5,7002.5,0.4978,cloud_heavy
3290,2,137,5605.6,7287.3,0.5177,cloud_heavy
3291,3,137,5798.5,7538.0,0.5431,cloud_heavy
3292,4,137,5797.3,7536.5,0.5747,cloud_heavy
3293,5,137,6145.1,7988.7,0.6123,cloud_heavy
3294,6,137,6119.5,7955.3,0.6556,cloud_heavy
3295,7,137,6550.5,8515.6,0.7032,cloud_heavy
3296,8,137,6731.8,8751.4,0.7533,cloud_heavy
3297,9,137,6843.9,8897.1,0.8033,cloud_heavy
3298,10,137,6962.9,9051.8,0.8504,cloud_heavy
3299,11,137,7263.0,9441.9,0.8912,cloud_heavy
3300,12,137,7486.5,9732.5,0.923,cloud_heavy
3301,13,137,7911.3,10284.7,0.9431,cloud_heavy
3302,14,137,7690.6,9997.8,0.95,cloud_heavy
3303,15,137,7668.6,9969.2,0.9431,cloud_heavy
3304,16,137,8047.4,10461.6,0.923,cloud_heavy
3305,17,137,7342.0,9544.6,0.8912,cloud_heavy
3306,18,137,7159.0,9306.7,0.8504,cloud_heavy
3307,19,137,7001.2,9101.6,0.8033,cloud_heavy
3308,20,137,6442.6,8375.4,0.7533,cloud_heavy
3309,21,137,6345.1,8248.7,0.7032,cloud_heavy
3310,22,137,6133.8,7974.0,0.6556,cloud_heavy
3311,23,137,6162.1,8010.8,0.6123,cloud_heavy
3312,0,138,5424.1,7051.3,0.473,cloud_heavy
3313,1,138,5519.9,7175.8,0.4835,cloud_heavy
3314,2,138,5737.4,7458.6,0.4974,cloud_heavy
3315,3,138,5777.7,7511.0,0.5152,cloud_heavy
3316,4,138,5697.9,7407.3,0.5373,cloud_heavy
3317,5,138,5720.4,7436.5,0.5636,cloud_heavy
3318,6,138,6169.5,8020.4,0.5939,cloud_heavy
3319,7,138,6249.8,8124.7,0.6272,cloud_heavy
3320,8,138,5955.5,7742.2,0.6623,cloud_heavy
3321,9,138,6345.8,8249.5,0.6973,cloud_heavy
3322,10,138,6578.4,8551.9,0.7303,cloud_heavy
3323,11,138,6823.3,8870.3,0.7589,cloud_heavy
3324,12,138,6946.5,9030.5,0.7811,cloud_heavy
3325,13,138,6879.9,8943.9,0.7952,cloud_heavy
3326,14,138,6962.4,9051.2,0.8,cloud_heavy
3327,15,138,6834.9,8885.4,0.7952,cloud_heavy
3328,16,138,6625.2,8612.8,0.7811,cloud_heavy
3329,17,138,6615.3,8599.8,0.7589,cloud_heavy
3330,18,138,6549.6,8514.5,0.7303,cloud_heavy
3331,19,138,6399.3,8319.1,0.6973,cloud_heavy
3332,20,138,5903.1,7674.0,0.6623,cloud_heavy
3333,21,138,6035.1,7845.7,0.6272,cloud_heavy
3334,22,138,5976.4,7769.3,0.5939,cloud_heavy
3335,23,138,5788.5,7525.0,0.5636,cloud_heavy
3336,0,139,5412.2,7035.9,0.473,cloud_heavy
3337,1,139,5577.5,7250.8,0.4835,cloud_heavy
3338,2,139,5376.3,6989.2,0.4974,cloud_heavy
3339,3,139,5356.8,6963.9,0.5152,cloud_heavy
3340,4,139,5665.9,7365.7,0.5373,cloud_heavy
3341,5,139,5971.5,7763.0,0.5636,cloud_heavy
3342,6,139,6268.4,8148.9,0.5939,cloud_heavy
3343,7,139,6251.3,8126.7,0.6272,cloud_heavy
3344,8,139,5981.4,7775.8,0.6623,cloud_heavy
3345,9,139,6361.3,8269.7,0.6973,cloud_heavy
3346,10,139,6596.3,8575.2,0.7303,cloud_heavy
3347,11,139,6703.0,8714.0,0.7589,cloud_heavy
3348,12,139,6871.3,8932.7,0.7811,cloud_heavy
3349,13,139,6634.1,8624.3,0.7952,cloud_heavy
3350,14,139,6855.6,8912.3,0.8,cloud_heavy
3351,15,139,6907.8,8980.2,0.7952,cloud_heavy
3352,16,139,6929.4,9008.2,0.7811,cloud_heavy
3353,17,139,6506.4,8458.3,0.7589,cloud_heavy
3354,18,139,6478.1,8421.6,0.7303,cloud_heavy
3355,19,139,5886.3,7652.2,0.6973,cloud_heavy
3356,20,139,6140.4,7982.5,0.6623,cloud_heavy
3357,21,139,6011.9,7815.5,0.6272,cloud_heavy
3358,22,139,5783.8,7519.0,0.5939,cloud_heavy
3359,23,139,5866.7,7626.8,0.5636,cloud_heavy
3360,0,140,5485.3,7130.8,0.4829,cloud_heavy
3361,1,140,5181.3,6735.7,0.4978,cloud_heavy
3362,2,140,5678.9,7382.5,0.5177,cloud_heavy
3363,3,140,5590.5,7267.6,0.5431,cloud_heavy
3364,4,140,5970.4,7761.6,0.5747,cloud_heavy
3365,5,140,5812.2,7555.9,0.6123,cloud_heavy
3366,6,140,6234.0,8104.2,0.6556,cloud_heavy
3367,7,140,6376.1,8289.0,0.7032,cloud_heavy
3368,8,140,6704.1,8715.3,0.7533,cloud_heavy
3369,9,140,6882.1,8946.7,0.8033,cloud_heavy
3370,10,140,7002.4,9103.1,0.8504,cloud_heavy
3371,11,140,6896.9,8966.0,0.8912,cloud_heavy
3372,12,140,7038.6,9150.2,0.923,cloud_heavy
3373,13,140,7320.0,9516.0,0.9431,cloud_heavy
3374,14,140,7477.9,9721.3,0.95,cloud_heavy
3375,15,140,7314.5,9508.9,0.9431,cloud_heavy
3376,16,140,7503.1,9754.0,0.923,cloud_heavy
3377,17,140,7169.5,9320.4,0.8912,cloud_heavy
3378,18,140,6852.1,8907.7,0.8504,cloud_heavy
3379,19,140,6799.2,8839.0,0.8033,cloud_heavy
3380,20,140,6688.7,8695.3,0.7533,cloud_heavy
3381,21,140,6493.4,8441.5,0.7032,cloud_heavy
3382,22,140,6579.4,8553.2,0.6556,cloud_heavy
3383,23,140,5923.4,7700.4,0.6123,cloud_heavy
3384,0,141,5482.4,7127.1,0.4829,cloud_heavy
3385,1,141,5629.1,7317.8,0.4978,cloud_heavy
3386,2,141,5638.4,7330.0,0.5177,cloud_heavy
3387,3,141,5664.3,7363.5,0.5431,cloud_heavy
3388,4,141,5611.2,7294.5,0.5747,cloud_heavy
3389,5,141,5952.1,7737.7,0.6123,cloud_heavy
3390,6,141,6027.8,7836.1,0.6556,cloud_heavy
3391,7,141,6097.7,7927.0,0.7032,cloud_heavy
3392,8,141,6485.1,8430.6,0.7533,cloud_heavy
3393,9,141,6641.1,8633.4,0.8033,cloud_heavy
3394,10,141,7180.0,9333.9,0.8504,cloud_heavy
3395,11,141,7360.5,9568.6,0.8912,cloud_heavy
3396,12,141,7165.3,9314.8,0.923,cloud_heavy
3397,13,141,7392.3,9610.0,0.9431,cloud_heavy
3398,14,141,7062.8,9181.7,0.95,cloud_heavy
3399,15,141,7340.0,9542.0,0.9431,cloud_heavy
3400,16,141,7453.1,9689.1,0.923,cloud_heavy
3401,17,141,7409.0,9631.8,0.8912,cloud_heavy
3402,18,141,6905.4,8977.1,0.8504,cloud_heavy
3403,19,141,7072.8,9194.6,0.8033,cloud_heavy
3404,20,141,6341.6,8244.1,0.7533,cloud_heavy
3405,21,141,6190.1,8047.1,0.7032,cloud_heavy
3406,22,141,6361.0,8269.3,0.6556,cloud_heavy
3407,23,141,6347.7,8252.1,0.6123,cloud_heavy
3408,0,142,5575.8,7248.6,0.4829,cloud_heavy
3409,1,142,5551.3,7216.7,0.4978,cloud_heavy
3410,2,142,5270.8,6852.1,0.5177,cloud_heavy
3411,3,142,5401.7,7022.2,0.5431,cloud_heavy
3412,4,142,5907.5,7679.8,0.5747,cloud_heavy
3413,5,142,5979.8,7773.7,0.6123,cloud_heavy
3414,6,142,6021.8,7828.3,0.6556,cloud_heavy
3415,7,142,6443.4,8376.4,0.7032,cloud_heavy
3416,8,142,6666.6,8666.6,0.7533,cloud_heavy
3417,9,142,7050.7,9165.9,0.8033,cloud_heavy
3418,10,142,7085.3,9210.9,0.8504,cloud_heavy
3419,11,142,7496.6,9745.5,0.8912,cloud_heavy
3420,12,142,7366.7,9576.8,0.923,cloud_heavy
3421,13,142,7424.7,9652.1,0.9431,cloud_heavy
3422,14,142,7718.6,10034.2,0.95,cloud_heavy
3423,15,142,7231.8,9401.3,0.9431,cloud_heavy
3424,16,142,7986.8,10382.9,0.923,cloud_heavy
3425,17,142,7311.5,9505.0,0.8912,cloud_heavy
3426,18,142,7137.0,9278.1,0.8504,cloud_heavy
3427,19,142,6964.4,9053.8,0.8033,cloud_heavy
3428,20,142,7017.8,9123.2,0.7533,cloud_heavy
3429,21,142,6583.7,8558.8,0.7032,cloud_heavy
3430,22,142,5928.5,7707.1,0.6556,cloud_heavy
3431,23,142,6299.2,8189.0,0.6123,cloud_heavy
3432,0,143,5438.3,7069.8,0.4829,cloud_heavy
3433,1,143,5575.9,7248.7,0.4978,cloud_heavy
3434,2,143,5425.9,7053.6,0.5177,cloud_heavy
3435,3,143,5841.4,7593.8,0.5431,cloud_heavy
3436,4,143,5769.7,7500.6,0.5747,cloud_heavy
3437,5,143,6062.9,7881.7,0.6123,cloud_heavy
3438,6,143,6175.3,8027.9,0.6556,cloud_heavy
3439,7,143,6802.2,8842.8,0.7032,cloud_heavy
3440,8,143,7038.8,9150.4,0.7533,cloud_heavy
3441,9,143,6866.0,8925.8,0.8033,cloud_heavy
3442,10,143,7069.9,9190.9,0.8504,cloud_heavy
3443,11,143,7149.1,9293.8,0.8912,cloud_heavy
3444,12,143,7609.3,9892.1,0.923,cloud_heavy
3445,13,143,7377.0,9590.1,0.9431,cloud_heavy
3446,14,143,7385.3,9600.8,0.95,cloud_heavy
3447,15,143,7669.2,9970.0,0.9431,cloud_heavy
3448,16,143,7246.0,9419.8,0.923,cloud_heavy
3449,17,143,7221.9,9388.5,0.8912,cloud_heavy
3450,18,143,6721.6,8738.1,0.8504,cloud_heavy
3451,19,143,7001.3,9101.7,0.8033,cloud_heavy
3452,20,143,7030.5,9139.7,0.7533,cloud_heavy
3453,21,143,6569.9,8540.9,0.7032,cloud_heavy
3454,22,143,6501.6,8452.0,0.6556,cloud_heavy
3455,23,143,5891.3,7658.6,0.6123,cloud_heavy
3456,0,144,5533.4,7193.5,0.4829,cloud_heavy
3457,1,144,5400.8,7021.0,0.4978,cloud_heavy
3458,2,144,5603.8,7285.0,0.5177,cloud_heavy
3459,3,144,5883.9,7649.0,0.5431,cloud_heavy
3460,4,144,5902.7,7673.5,0.5747,cloud_heavy
3461,5,144,5788.5,7525.1,0.6123,cloud_heavy
3462,6,144,5982.7,7777.5,0.6556,cloud_heavy
3463,7,144,6164.3,8013.6,0.7032,cloud_heavy
3464,8,144,6741.6,8764.1,0.7533,cloud_heavy
3465,9,144,7281.0,9465.3,0.8033,cloud_heavy
3466,10,144,7344.8,9548.2,0.8504,cloud_heavy
3467,11,144,6818.9,8864.5,0.8912,cloud_heavy
3468,12,144,7679.0,9982.6,0.923,cloud_heavy
3469,13,144,7659.8,9957.7,0.9431,cloud_heavy
3470,14,144,7133.1,9273.0,0.95,cloud_heavy
3471,15,144,7382.7,9597.5,0.9431,cloud_heavy
3472,16,144,7607.0,9889.1,0.923,cloud_heavy
3473,17,144,7349.5,9554.4,0.8912,cloud_heavy
3474,18,144,6779.3,8813.0,0.8504,cloud_heavy
3475,19,144,6982.1,9076.7,0.8033,cloud_heavy
3476,20,144,6217.7,8083.0,0.7533,cloud_heavy
3477,21,144,6387.8,8304.1,0.7032,cloud_heavy
3478,22,144,6441.1,8373.4,0.6556,cloud_heavy
3479,23,144,6048.0,7862.4,0.6123,cloud_heavy
3480,0,145,5371.0,6982.3,0.473,cloud_heavy
3481,1,145,5643.7,7336.8,0.4835,cloud_heavy
3482,2,145,5718.6,7434.2,0.4974,cloud_heavy
3483,3,145,5853.2,7609.2,0.5152,cloud_heavy
3484,4,145,5875.9,7638.7,0.5373,cloud_heavy
3485,5,145,6027.1,7835.2,0.5636,cloud_heavy
3486,6,145,6097.5,7926.8,0.5939,cloud_heavy
3487,7,145,6156.6,8003.6,0.6272,cloud_heavy
3488,8,145,6273.8,8156.0,0.6623,cloud_heavy
3489,9,145,6360.4,8268.5,0.6973,cloud_heavy
3490,10,145,6307.8,8200.2,0.7303,cloud_heavy
3491,11,145,6476.4,8419.4,0.7589,cloud_heavy
3492,12,145,6704.7,8716.1,0.7811,cloud_heavy
3493,13,145,6871.2,8932.6,0.7952,cloud_heavy
3494,14,145,7138.1,9279.5,0.8,cloud_heavy
3495,15,145,6813.2,8857.2,0.7952,cloud_heavy
3496,16,145,6965.5,9055.1,0.7811,cloud_heavy
3497,17,145,6883.4,8948.4,0.7589,cloud_heavy
3498,18,145,6500.5,8450.6,0.7303,cloud_heavy
3499,19,145,6520.2,8476.3,0.6973,cloud_heavy
3500,20,145,6211.3,8074.7,0.6623,cloud_heavy
3501,21,145,6350.2,8255.3,0.6272,cloud_heavy
3502,22,145,6080.1,7904.2,0.5939,cloud_heavy
3503,23,145,5629.2,7318.0,0.5636,cloud_heavy
3504,0,146,5479.0,7122.7,0.473,cloud_heavy
3505,1,146,5768.9,7499.5,0.4835,cloud_heavy
3506,2,146,5525.9,7183.7,0.4974,cloud_heavy
3507,3,146,5707.5,7419.8,0.5152,cloud_heavy
3508,4,146,5819.5,7565.3,0.5373,cloud_heavy
3509,5,146,5656.2,7353.0,0.5636,cloud_heavy
3510,6,146,6057.7,7875.1,0.5939,cloud_heavy
3511,7,146,5852.6,7608.3,0.6272,cloud_heavy
3512,8,146,6139.6,7981.5,0.6623,cloud_heavy
3513,9,146,6612.7,8596.5,0.6973,cloud_heavy
3514,10,146,6616.0,8600.8,0.7303,cloud_heavy
3515,11,146,6606.6,8588.6,0.7589,cloud_heavy
3516,12,146,6852.5,8908.2,0.7811,cloud_heavy
3517,13,146,6809.5,8852.3,0.7952,cloud_heavy
3518,14,146,6844.9,8898.4,0.8,cloud_heavy
3519,15,146,6956.2,9043.1,0.7952,cloud_heavy
3520,16,146,6614.4,8598.7,0.7811,cloud_heavy
3521,17,146,6675.6,8678.3,0.7589,cloud_heavy
3522,18,146,6484.6,8430.0,0.7303,cloud_heavy
3523,19,146,6101.2,7931.6,0.6973,cloud_heavy
3524,20,146,6084.2,7909.5,0.6623,cloud_heavy
3525,21,146,6395.3,8313.9,0.6272,cloud_heavy
3526,22,146,6035.2,7845.8,0.5939,cloud_heavy
3527,23,146,5605.9,7287.7,0.5636,cloud_heavy
3528,0,147,5240.6,6812.8,0.4829,cloud_heavy
3529,1,147,5539.3,7201.1,0.4978,cloud_heavy
3530,2,147,5906.7,7678.7,0.5177,cloud_heavy
3531,3,147,5718.4,7433.9,0.5431,cloud_heavy
3532,4,147,6115.4,7950.0,0.5747,cloud_heavy
3533,5,147,6108.5,7941.1,0.6123,cloud_heavy
3534,6,147,6316.5,8211.4,0.6556,cloud_heavy
3535,7,147,6173.1,8025.0,0.7032,cloud_heavy
3536,8,147,6830.5,8879.7,0.7533,cloud_heavy
3537,9,147,6787.5,8823.8,0.8033,cloud_heavy
3538,10,147,7239.1,9410.8,0.8504,cloud_heavy
3539,11,147,7053.5,9169.6,0.8912,cloud_heavy
3540,12,147,7404.1,9625.3,0.923,cloud_heavy
3541,13,147,7529.2,9787.9,0.9431,cloud_heavy
3542,14,147,7445.2,9678.8,0.95,cloud_heavy
3543,15,147,7540.9,9803.2,0.9431,cloud_heavy
3544,16,147,7306.1,9497.9,0.923,cloud_heavy
3545,17,147,7089.3,9216.1,0.8912,cloud_heavy
3546,18,147,7396.2,9615.1,0.8504,cloud_heavy
3547,19,147,7072.2,9193.9,0.8033,cloud_heavy
3548,20,147,6492.0,8439.6,0.7533,cloud_heavy
3549,21,147,6540.4,8502.6,0.7032,cloud_heavy
3550,22,147,6089.6,7916.5,0.6556,cloud_heavy
3551,23,147,5829.9,7578.8,0.6123,cloud_heavy
3552,0,148,5664.9,7364.4,0.4829,cloud_heavy
3553,1,148,5273.9,6856.1,0.4978,cloud_heavy
3554,2,148,5799.3,7539.1,0.5177,cloud_heavy
3555,3,148,5707.0,7419.1,0.5431,cloud_heavy
3556,4,148,5847.3,7601.5,0.5747,cloud_heavy
3557,5,148,6119.0,7954.7,0.6123,cloud_heavy
3558,6,148,6337.0,8238.1,0.6556,cloud_heavy
3559,7,148,6271.4,8152.8,0.7032,cloud_heavy
3560,8,148,6786.7,8822.8,0.7533,cloud_heavy
3561,9,148,6879.8,8943.7,0.8033,cloud_heavy
3562,10,148,6790.5,8827.6,0.8504,cloud_heavy
3563,11,148,7193.3,9351.2,0.8912,cloud_heavy
3564,12,148,7670.2,9971.2,0.923,cloud_heavy
3565,13,148,7825.2,10172.8,0.9431,cloud_heavy
3566,14,148,7640.8,9933.0,0.95,cloud_heavy
3567,15,148,7184.4,9339.8,0.9431,cloud_heavy
3568,16,148,7473.4,9715.4,0.923,cloud_heavy
3569,17,148,7414.7,9639.1,0.8912,cloud_heavy
3570,18,148,7210.0,9373.0,0.8504,cloud_heavy
3571,19,148,7017.9,9123.3,0.8033,cloud_heavy
3572,20,148,6716.1,8730.9,0.7533,cloud_heavy
3573,21,148,6416.8,8341.8,0.7032,cloud_heavy
3574,22,148,6114.7,7949.2,0.6556,cloud_heavy
3575,23,148,5700.5,7410.7,0.6123,cloud_heavy
3576,0,149,5550.5,7215.6,0.4829,cloud_heavy
3577,1,149,5589.1,7265.8,0.4978,cloud_heavy
3578,2,149,5736.8,7457.8,0.5177,cloud_heavy
3579,3,149,5519.9,7175.8,0.5431,cloud_heavy
3580,4,149,5998.6,7798.1,0.5747,cloud_heavy
3581,5,149,6417.3,8342.4,0.6123,cloud_heavy
3582,6,149,6243.1,8116.0,0.6556,cloud_heavy
3583,7,149,6418.9,8344.5,0.7032,cloud_heavy
3584,8,149,6705.3,8716.9,0.7533,cloud_heavy
3585,9,149,7274.5,9456.8,0.8033,cloud_heavy
3586,10,149,6839.7,8891.6,0.8504,cloud_heavy
3587,11,149,7274.2,9456.4,0.8912,cloud_heavy
3588,12,149,7188.3,9344.8,0.923,cloud_heavy
3589,13,149,7328.2,9526.7,0.9431,cloud_heavy
3590,14,149,7468.7,9709.3,0.95,cloud_heavy
3591,15,149,7751.6,10077.1,0.9431,cloud_heavy
3592,16,149,7762.9,10091.8,0.923,cloud_heavy
3593,17,149,7327.3,9525.5,0.8912,cloud_heavy
3594,18,149,6976.7,9069.6,0.8504,cloud_heavy
3595,19,149,7369.2,9579.9,0.8033,cloud_heavy
3596,20,149,6558.5,8526.0,0.7533,cloud_heavy
3597,21,149,6320.6,8216.8,0.7032,cloud_heavy
3598,22,149,5896.8,7665.8,0.6556,cloud_heavy
3599,23,149,6297.9,8187.2,0.6123,cloud_heavy
3600,0,150,5654.1,7350.3,0.4829,cloud_heavy
3601,1,150,5961.2,7749.5,0.4978,cloud_heavy
3602,2,150,5407.2,7029.3,0.5177,cloud_heavy
3603,3,150,6002.2,7802.9,0.5431,cloud_heavy
3604,4,150,5897.1,7666.2,0.5747,cloud_heavy
3605,5,150,6190.9,8048.1,0.6123,cloud_heavy
3606,6,150,5920.5,7696.7,0.6556,cloud_heavy
3607,7,150,6714.0,8728.2,0.7032,cloud_heavy
3608,8,150,6800.4,8840.6,0.7533,cloud_heavy
3609,9,150,6848.4,8903.0,0.8033,cloud_heavy
3610,10,150,7192.9,9350.8,0.8504,cloud_heavy
3611,11,150,7064.1,9183.3,0.8912,cloud_heavy
3612,12,150,7236.9,9408.0,0.923,cloud_heavy
3613,13,150,7346.9,9551.0,0.9431,cloud_heavy
3614,14,150,7064.1,9183.3,0.95,cloud_heavy
3615,15,150,7643.1,9936.0,0.9431,cloud_heavy
3616,16,150,7628.3,9916.7,0.923,cloud_heavy
3617,17,150,7078.0,9201.4,0.8912,cloud_heavy
3618,18,150,7130.1,9269.1,0.8504,cloud_heavy
3619,19,150,6801.8,8842.4,0.8033,cloud_heavy
3620,20,150,6709.1,8721.8,0.7533,cloud_heavy
3621,21,150,6309.7,8202.6,0.7032,cloud_heavy
3622,22,150,6063.4,7882.4,0.6556,cloud_heavy
3623,23,150,6235.5,8106.1,0.6123,cloud_heavy
3624,0,151,5484.0,7129.1,0.4829,cloud_heavy
3625,1,151,5895.2,7663.8,0.4978,cloud_heavy
3626,2,151,5650.2,7345.3,0.5177,cloud_heavy
3627,3,151,5590.9,7268.1,0.5431,cloud_heavy
3628,4,151,6101.3,7931.7,0.5747,cloud_heavy
3629,5,151,6159.1,8006.8,0.6123,cloud_heavy
3630,6,151,6364.2,8273.5,0.6556,cloud_heavy
3631,7,151,6660.5,8658.6,0.7032,cloud_heavy
3632,8,151,6513.6,8467.6,0.7533,cloud_heavy
3633,9,151,6830.3,8879.3,0.8033,cloud_heavy
3634,10,151,7020.1,9126.1,0.8504,cloud_heavy
3635,11,151,6950.1,9035.2,0.8912,cloud_heavy
3636,12,151,7306.7,9498.8,0.923,cloud_heavy
3637,13,151,7749.2,10074.0,0.9431,cloud_heavy
3638,14,151,7533.1,9793.0,0.95,cloud_heavy
3639,15,151,7149.6,9294.5,0.9431,cloud_heavy
3640,16,151,7021.2,9127.6,0.923,cloud_heavy
3641,17,151,7591.2,9868.6,0.8912,cloud_heavy
3642,18,151,7037.3,9148.4,0.8504,cloud_heavy
3643,19,151,6723.3,8740.2,0.8033,cloud_heavy
3644,20,151,6589.1,8565.8,0.7533,cloud_heavy
3645,21,151,6145.8,7989.5,0.7032,cloud_heavy
3646,22,151,6494.3,8442.6,0.6556,cloud_heavy
3647,23,151,5973.4,7765.4,0.6123,cloud_heavy
3648,0,152,5676.3,7379.1,0.473,cloud_heavy
3649,1,152,5505.6,7157.3,0.4835,cloud_heavy
3650,2,152,5794.4,7532.7,0.4974,cloud_heavy
3651,3,152,5675.3,7377.8,0.5152,cloud_heavy
3652,4,152,5872.3,7634.0,0.5373,cloud_heavy
3653,5,152,5963.7,7752.8,0.5636,cloud_heavy
3654,6,152,6077.9,7901.3,0.5939,cloud_heavy
3655,7,152,6171.7,8023.3,0.6272,cloud_heavy
3656,8,152,6213.3,8077.3,0.6623,cloud_heavy
3657,9,152,6774.1,8806.3,0.6973,cloud_heavy
3658,10,152,6367.8,8278.1,0.7303,cloud_heavy
3659,11,152,6668.4,8668.9,0.7589,cloud_heavy
3660,12,152,6764.9,8794.4,0.7811,cloud_heavy
3661,13,152,6904.2,8975.4,0.7952,cloud_heavy
3662,14,152,6754.2,8780.4,0.8,cloud_heavy
3663,15,152,6886.2,8952.1,0.7952,cloud_heavy
3664,16,152,6727.7,8746.0,0.7811,cloud_heavy
3665,17,152,6351.1,8256.4,0.7589,cloud_heavy
3666,18,152,6547.8,8512.1,0.7303,cloud_heavy
3667,19,152,6194.4,8052.8,0.6973,cloud_heavy
3668,20,152,5931.5,7710.9,0.6623,cloud_heavy
3669,21,152,6133.1,7973.0,0.6272,cloud_heavy
3670,22,152,6053.7,7869.8,0.5939,cloud_heavy
3671,23,152,5930.0,7709.0,0.5636,cloud_heavy
3672,0,153,5545.4,7209.0,0.473,cloud_heavy
3673,1,153,5178.4,6731.9,0.4835,cloud_heavy
3674,2,153,5329.3,6928.0,0.4974,cloud_heavy
3675,3,153,5965.3,7754.9,0.5152,cloud_heavy
3676,4,153,5545.8,7209.6,0.5373,cloud_heavy
3677,5,153,5944.7,7728.1,0.5636,cloud_heavy
3678,6,153,5843.4,7596.4,0.5939,cloud_heavy
3679,7,153,6122.6,7959.4,0.6272,cloud_heavy
3680,8,153,6138.2,7979.6,0.6623,cloud_heavy
3681,9,153,6513.9,8468.0,0.6973,cloud_heavy
3682,10,153,6572.8,8544.6,0.7303,cloud_heavy
3683,11,153,6577.9,8551.2,0.7589,cloud_heavy
3684,12,153,6548.9,8513.6,0.7811,cloud_heavy
3685,13,153,6876.6,8939.6,0.7952,cloud_heavy
3686,14,153,6593.4,8571.4,0.8,cloud_heavy
3687,15,153,6909.3,8982.1,0.7952,cloud_heavy
3688,16,153,7294.7,9483.1,0.7811,cloud_heavy
3689,17,153,6937.6,9018.9,0.7589,cloud_heavy
3690,18,153,6687.0,8693.1,0.7303,cloud_heavy
3691,19,153,6389.5,8306.3,0.6973,cloud_heavy
3692,20,153,5893.1,7661.0,0.6623,cloud_heavy
3693,21,153,5865.7,7625.4,0.6272,cloud_heavy
3694,22,153,6195.9,8054.7,0.5939,cloud_heavy
3695,23,153,5699.4,7409.2,0.5636,cloud_heavy
3696,0,154,5379.2,6993.0,0.4829,cloud_heavy
3697,1,154,5530.4,7189.5,0.4978,cloud_heavy
3698,2,154,5462.6,7101.4,0.5177,cloud_heavy
3699,3,154,5539.0,7200.7,0.5431,cloud_heavy
3700,4,154,5875.8,7638.5,0.5747,cloud_heavy
3701,5,154,5883.0,7647.9,0.6123,cloud_heavy
3702,6,154,6090.0,7916.9,0.6556,cloud_heavy
3703,7,154,6280.1,8164.1,0.7032,cloud_heavy
3704,8,154,6747.8,8772.1,0.7533,cloud_heavy
3705,9,154,6808.7,8851.3,0.8033,cloud_heavy
3706,10,154,7018.6,9124.1,0.8504,cloud_heavy
3707,11,154,7359.6,9567.5,0.8912,cloud_heavy
3708,12,154,7333.6,9533.7,0.923,cloud_heavy
3709,13,154,7388.3,9604.8,0.9431,cloud_heavy
3710,14,154,7585.4,9861.0,0.95,cloud_heavy
3711,15,154,7599.9,9879.8,0.9431,cloud_heavy
3712,16,154,7332.5,9532.2,0.923,cloud_heavy
3713,17,154,7247.6,9421.9,0.8912,cloud_heavy
3714,18,154,6890.9,8958.1,0.8504,cloud_heavy
3715,19,154,6679.4,8683.2,0.8033,cloud_heavy
3716,20,154,6797.0,8836.1,0.7533,cloud_heavy
3717,21,154,6516.6,8471.6,0.7032,cloud_heavy
3718,22,154,6313.5,8207.5,0.6556,cloud_heavy
3719,23,154,6095.6,7924.3,0.6123,cloud_heavy
3720,0,155,5502.1,7152.7,0.4829,cloud_heavy
3721,1,155,5674.2,7376.4,0.4978,cloud_heavy
3722,2,155,5800.7,7540.9,0.5177,cloud_heavy
3723,3,155,5907.8,7680.2,0.5431,cloud_heavy
3724,4,155,5866.9,7627.0,0.5747,cloud_heavy
3725,5,155,6296.2,8185.1,0.6123,cloud_heavy
3726,6,155,6271.1,8152.4,0.6556,cloud_heavy
3727,7,155,6552.8,8518.6,0.7032,cloud_heavy
3728,8,155,6699.9,8709.9,0.7533,cloud_heavy
3729,9,155,6907.2,8979.4,0.8033,cloud_heavy
3730,10,155,6900.6,8970.8,0.8504,cloud_heavy
3731,11,155,7382.2,9596.9,0.8912,cloud_heavy
3732,12,155,7993.6,10391.7,0.923,cloud_heavy
3733,13,155,7366.7,9576.7,0.9431,cloud_heavy
3734,14,155,7495.7,9744.5,0.95,cloud_heavy
3735,15,155,7350.8,9556.0,0.9431,cloud_heavy
3736,16,155,7257.1,9434.3,0.923,cloud_heavy
3737,17,155,7565.1,9834.6,0.8912,cloud_heavy
3738,18,155,6913.9,8988.1,0.8504,cloud_heavy
3739,19,155,6758.9,8786.6,0.8033,cloud_heavy
3740,20,155,6327.3,8225.5,0.7533,cloud_heavy
3741,21,155,6284.6,8170.0,0.7032,cloud_heavy
3742,22,155,5909.2,7682.0,0.6556,cloud_heavy
3743,23,155,6159.3,8007.0,0.6123,cloud_heavy
3744,0,156,5956.0,7742.8,0.4829,cloud_heavy
3745,1,156,5496.9,7146.0,0.4978,cloud_heavy
3746,2,156,5360.3,6968.3,0.5177,cloud_heavy
3747,3,156,5905.9,7677.7,0.5431,cloud_heavy
3748,4,156,5756.3,7483.3,0.5747,cloud_heavy
3749,5,156,6280.3,8164.4,0.6123,cloud_heavy
3750,6,156,6175.7,8028.4,0.6556,cloud_heavy
3751,7,156,6308.9,8201.5,0.7032,cloud_heavy
3752,8,156,6608.2,8590.7,0.7533,cloud_heavy
3753,9,156,7012.3,9116.0,0.8033,cloud_heavy
3754,10,156,7008.2,9110.7,0.8504,cloud_heavy
3755,11,156,7122.4,9259.1,0.8912,cloud_heavy
3756,12,156,7321.0,9517.4,0.923,cloud_heavy
3757,13,156,7166.2,9316.1,0.9431,cloud_heavy
3758,14,156,7568.9,9839.6,0.95,cloud_heavy
3759,15,156,7051.1,9166.5,0.9431,cloud_heavy
3760,16,156,7266.8,9446.9,0.923,cloud_heavy
3761,17,156,7394.8,9613.3,0.8912,cloud_heavy
3762,18,156,7120.5,9256.7,0.8504,cloud_heavy
3763,19,156,6977.9,9071.2,0.8033,cloud_heavy
3764,20,156,6630.7,8619.9,0.7533,cloud_heavy
3765,21,156,6656.4,8653.4,0.7032,cloud_heavy
3766,22,156,6401.2,8321.6,0.6556,cloud_heavy
3767,23,156,6125.6,7963.3,0.6123,cloud_heavy
3768,0,157,5647.4,7341.6,0.4829,cloud_heavy
3769,1,157,5683.2,7388.1,0.4978,cloud_heavy
3770,2,157,5568.0,7238.4,0.5177,cloud_heavy
3771,3,157,5518.8,7174.4,0.5431,cloud_heavy
3772,4,157,5958.9,7746.6,0.5747,cloud_heavy
3773,5,157,6143.7,7986.8,0.6123,cloud_heavy
3774,6,157,6432.2,8361.8,0.6556,cloud_heavy
3775,7,157,6250.1,8125.2,0.7032,cloud_heavy
3776,8,157,6463.0,8401.9,0.7533,cloud_heavy
3777,9,157,6951.0,9036.3,0.8033,cloud_heavy
3778,10,157,7041.3,9153.7,0.8504,cloud_heavy
3779,11,157,6821.1,8867.4,0.8912,cloud_heavy
3780,12,157,7447.9,9682.2,0.923,cloud_heavy
3781,13,157,7036.5,9147.4,0.9431,cloud_heavy
3782,14,157,7267.7,9448.0,0.95,cloud_heavy
3783,15,157,7752.6,10078.4,0.9431,cloud_heavy
3784,16,157,7768.2,10098.6,0.923,cloud_heavy
3785,17,157,6966.4,9056.4,0.8912,cloud_heavy
3786,18,157,6986.6,9082.6,0.8504,cloud_heavy
3787,19,157,6865.2,8924.8,0.8033,cloud_heavy
3788,20,157,6998.7,9098.3,0.7533,cloud_heavy
3789,21,157,6335.7,8236.4,0.7032,cloud_heavy
3790,22,157,6139.3,7981.1,0.6556,cloud_heavy
3791,23,157,6325.5,8223.2,0.6123,cloud_heavy
3792,0,158,5432.7,7062.5,0.4829,cloud_heavy
3793,1,158,5678.5,7382.0,0.4978,cloud_heavy
3794,2,158,5392.4,7010.1,0.5177,cloud_heavy
3795,3,158,5721.1,7437.4,0.5431,cloud_heavy
3796,4,158,5591.7,7269.2,0.5747,cloud_heavy
3797,5,158,5853.3,7609.3,0.6123,cloud_heavy
3798,6,158,6385.2,8300.8,0.6556,cloud_heavy
3799,7,158,6421.1,8347.5,0.7032,cloud_heavy
3800,8,158,6580.1,8554.1,0.7533,cloud_heavy
3801,9,158,6702.4,8713.1,0.8033,cloud_heavy
3802,10,158,7009.7,9112.6,0.8504,cloud_heavy
3803,11,158,7295.4,9484.1,0.8912,cloud_heavy
3804,12,158,7582.1,9856.8,0.923,cloud_heavy
3805,13,158,6863.7,8922.9,0.9431,cloud_heavy
3806,14,158,7293.2,9481.1,0.95,cloud_heavy
3807,15,158,7486.1,9731.9,0.9431,cloud_heavy
3808,16,158,7343.1,9546.1,0.923,cloud_heavy
3809,17,158,7317.6,9512.9,0.8912,cloud_heavy
3810,18,158,7113.0,9246.9,0.8504,cloud_heavy
3811,19,158,6793.7,8831.8,0.8033,cloud_heavy
3812,20,158,6538.7,8500.3,0.7533,cloud_heavy
3813,21,158,6383.4,8298.4,0.7032,cloud_heavy
3814,22,158,6443.1,8376.0,0.6556,cloud_heavy
3815,23,158,5912.0,7685.5,0.6123,cloud_heavy
3816,0,159,5442.3,7075.0,0.473,cloud_heavy
3817,1,159,5527.3,7185.5,0.4835,cloud_heavy
3818,2,159,5816.2,7561.1,0.4974,cloud_heavy
3819,3,159,5581.1,7255.5,0.5152,cloud_heavy
3820,4,159,5890.4,7657.5,0.5373,cloud_heavy
3821,5,159,6053.5,7869.5,0.5636,cloud_heavy
3822,6,159,5954.9,7741.4,0.5939,cloud_heavy
3823,7,159,6069.4,7890.2,0.6272,cloud_heavy
3824,8,159,6195.3,8053.8,0.6623,cloud_heavy
3825,9,159,6356.8,8263.8,0.6973,cloud_heavy
3826,10,159,6713.7,8727.8,0.7303,cloud_heavy
3827,11,159,6713.7,8727.8,0.7589,cloud_heavy
3828,12,159,6809.7,8852.5,0.7811,cloud_heavy
3829,13,159,6591.5,8569.0,0.7952,cloud_heavy
3830,14,159,6643.7,8636.8,0.8,cloud_heavy
3831,15,159,7260.5,9438.6,0.7952,cloud_heavy
3832,16,159,6725.8,8743.6,0.7811,cloud_heavy
3833,17,159,6512.5,8466.3,0.7589,cloud_heavy
3834,18,159,6826.9,8875.0,0.7303,cloud_heavy
3835,19,159,6460.1,8398.1,0.6973,cloud_heavy
3836,20,159,6365.5,8275.2,0.6623,cloud_heavy
3837,21,159,6082.7,7907.5,0.6272,cloud_heavy
3838,22,159,5909.3,7682.1,0.5939,cloud_heavy
3839,23,159,5808.0,7550.4,0.5636,cloud_heavy
3840,0,160,5226.4,6794.3,0.473,cloud_heavy
3841,1,160,5482.6,7127.3,0.4835,cloud_heavy
3842,2,160,5605.5,7287.1,0.4974,cloud_heavy
3843,3,160,5944.5,7727.9,0.5152,cloud_heavy
3844,4,160,5740.5,7462.6,0.5373,cloud_heavy
3845,5,160,5428.9,7057.6,0.5636,cloud_heavy
3846,6,160,5949.5,7734.4,0.5939,cloud_heavy
3847,7,160,6610.0,8593.0,0.6272,cloud_heavy
3848,8,160,6419.6,8345.5,0.6623,cloud_heavy
3849,9,160,6250.1,8125.1,0.6973,cloud_heavy
3850,10,160,6662.0,8660.6,0.7303,cloud_heavy
3851,11,160,6519.1,8474.8,0.7589,cloud_heavy
3852,12,160,6487.3,8433.5,0.7811,cloud_heavy
3853,13,160,6750.5,8775.6,0.7952,cloud_heavy
3854,14,160,6861.1,8919.4,0.8,cloud_heavy
3855,15,160,6438.6,8370.2,0.7952,cloud_heavy
3856,16,160,6528.8,8487.4,0.7811,cloud_heavy
3857,17,160,6669.6,8670.5,0.7589,cloud_heavy
3858,18,160,6465.7,8405.5,0.7303,cloud_heavy
3859,19,160,6481.8,8426.4,0.6973,cloud_heavy
3860,20,160,6029.0,7837.7,0.6623,cloud_heavy
3861,21,160,6238.8,8110.5,0.6272,cloud_heavy
3862,22,160,5754.5,7480.8,0.5939,cloud_heavy
3863,23,160,6125.4,7963.1,0.5636,cloud_heavy
3864,0,161,5211.7,6775.2,0.4829,cloud_heavy
3865,1,161,5375.9,6988.6,0.4978,cloud_heavy
3866,2,161,5713.0,7427.0,0.5177,cloud_heavy
3867,3,161,6037.7,7849.1,0.5431,cloud_heavy
3868,4,161,5940.3,7722.4,0.5747,cloud_heavy
3869,5,161,6146.8,7990.8,0.6123,cloud_heavy
3870,6,161,6231.7,8101.2,0.6556,cloud_heavy
3871,7,161,6232.8,8102.6,0.7032,cloud_heavy
3872,8,161,6546.0,8509.8,0.7533,cloud_heavy
3873,9,161,6607.2,8589.3,0.8033,cloud_heavy
3874,10,161,6785.7,8821.4,0.8504,cloud_heavy
3875,11,161,7317.3,9512.4,0.8912,cloud_heavy
3876,12,161,7116.8,9251.8,0.923,cloud_heavy
3877,13,161,7521.9,9778.5,0.9431,cloud_heavy
3878,14,161,7187.7,9344.0,0.95,cloud_heavy
3879,15,161,7516.7,9771.8,0.9431,cloud_heavy
3880,16,161,7257.0,9434.1,0.923,cloud_heavy
3881,17,161,7535.2,9795.8,0.8912,cloud_heavy
3882,18,161,7124.9,9262.4,0.8504,cloud_heavy
3883,19,161,7110.6,9243.8,0.8033,cloud_heavy
3884,20,161,6493.1,8441.0,0.7533,cloud_heavy
3885,21,161,6441.6,8374.1,0.7032,cloud_heavy
3886,22,161,6045.1,7858.6,0.6556,cloud_heavy
3887,23,161,5969.7,7760.6,0.6123,cloud_heavy
3888,0,162,5451.3,7086.7,0.4829,cloud_heavy
3889,1,162,5437.0,7068.1,0.4978,cloud_heavy
3890,2,162,5436.6,7067.6,0.5177,cloud_heavy
3891,3,162,5506.8,7158.8,0.5431,cloud_heavy
3892,4,162,5471.6,7113.1,0.5747,cloud_heavy
3893,5,162,5853.1,7609.1,0.6123,cloud_heavy
3894,6,162,6345.7,8249.4,0.6556,cloud_heavy
3895,7,162,6122.4,7959.1,0.7032,cloud_heavy
3896,8,162,6371.0,8282.3,0.7533,cloud_heavy
3897,9,162,7224.8,9392.3,0.8033,cloud_heavy
3898,10,162,6921.6,8998.1,0.8504,cloud_heavy
3899,11,162,7299.7,9489.7,0.8912,cloud_heavy
3900,12,162,7506.9,9759.0,0.923,cloud_heavy
3901,13,162,7598.6,9878.2,0.9431,cloud_heavy
3902,14,162,7138.2,9279.7,0.95,cloud_heavy
3903,15,162,7398.9,9618.5,0.9431,cloud_heavy
3904,16,162,7007.4,9109.7,0.923,cloud_heavy
3905,17,162,7760.7,10088.9,0.8912,cloud_heavy
3906,18,162,6718.8,8734.4,0.8504,cloud_heavy
3907,19,162,6640.9,8633.2,0.8033,cloud_heavy
3908,20,162,6436.3,8367.2,0.7533,cloud_heavy
3909,21,162,6142.0,7984.6,0.7032,cloud_heavy
3910,22,162,6481.2,8425.5,0.6556,cloud_heavy
3911,23,162,6484.0,8429.2,0.6123,cloud_heavy
3912,0,163,5416.1,7040.9,0.4829,cloud_heavy
3913,1,163,5337.9,6939.2,0.4978,cloud_heavy
3914,2,163,5263.7,6842.9,0.5177,cloud_heavy
3915,3,163,5708.5,7421.1,0.5431,cloud_heavy
3916,4,163,5828.8,7577.5,0.5747,cloud_heavy
3917,5,163,5926.6,7704.6,0.6123,cloud_heavy
3918,6,163,6269.8,8150.7,0.6556,cloud_heavy
3919,7,163,6507.0,8459.1,0.7032,cloud_heavy
3920,8,163,6708.1,8720.5,0.7533,cloud_heavy
3921,9,163,6791.4,8828.8,0.8033,cloud_heavy
3922,10,163,6823.2,8870.1,0.8504,cloud_heavy
3923,11,163,7374.5,9586.9,0.8912,cloud_heavy
3924,12,163,7367.7,9578.1,0.923,cloud_heavy
3925,13,163,7649.1,9943.8,0.9431,cloud_heavy
3926,14,163,7657.1,9954.2,0.95,cloud_heavy
3927,15,163,7132.7,9272.5,0.9431,cloud_heavy
3928,16,163,7048.1,9162.5,0.923,cloud_heavy
3929,17,163,7066.2,9186.1,0.8912,cloud_heavy
3930,18,163,6832.8,8882.6,0.8504,cloud_heavy
3931,19,163,7011.8,9115.3,0.8033,cloud_heavy
3932,20,163,6713.7,8727.8,0.7533,cloud_heavy
3933,21,163,6642.8,8635.7,0.7032,cloud_heavy
3934,22,163,6302.5,8193.3,0.6556,cloud_heavy
3935,23,163,6082.5,7907.3,0.6123,cloud_heavy
3936,0,164,5692.2,7399.9,0.4829,cloud_heavy
3937,1,164,5636.4,7327.3,0.4978,cloud_heavy
3938,2,164,5653.9,7350.1,0.5177,cloud_heavy
3939,3,164,6006.0,7807.9,0.5431,cloud_heavy
3940,4,164,5905.0,7676.5,0.5747,cloud_heavy
3941,5,164,5989.5,7786.4,0.6123,cloud_heavy
3942,6,164,6071.9,7893.4,0.6556,cloud_heavy
3943,7,164,6566.4,8536.3,0.7032,cloud_heavy
3944,8,164,6890.2,8957.3,0.7533,cloud_heavy
3945,9,164,6846.0,8899.8,0.8033,cloud_heavy
3946,10,164,7333.2,9533.2,0.8504,cloud_heavy
3947,11,164,6802.8,8843.7,0.8912,cloud_heavy
3948,12,164,7352.7,9558.5,0.923,cloud_heavy
3949,13,164,7441.5,9674.0,0.9431,cloud_heavy
3950,14,164,7316.7,9511.7,0.95,cloud_heavy
3951,15,164,7983.3,10378.3,0.9431,cloud_heavy
3952,16,164,7350.3,9555.5,0.923,cloud_heavy
3953,17,164,7141.7,9284.2,0.8912,cloud_heavy
3954,18,164,7061.9,9180.4,0.8504,cloud_heavy
3955,19,164,6444.5,8377.8,0.8033,cloud_heavy
3956,20,164,6492.2,8439.9,0.7533,cloud_heavy
3957,21,164,6620.5,8606.6,0.7032,cloud_heavy
3958,22,164,6110.9,7944.2,0.6556,cloud_heavy
3959,23,164,5894.4,7662.7,0.6123,cloud_heavy
3960,0,165,5710.3,7423.4,0.4829,cloud_heavy
3961,1,165,5781.5,7516.0,0.4978,cloud_heavy
3962,2,165,5729.9,7448.9,0.5177,cloud_heavy
3963,3,165,5672.1,7373.8,0.5431,cloud_heavy
3964,4,165,5842.4,7595.1,0.5747,cloud_heavy
3965,5,165,5898.9,7668.5,0.6123,cloud_heavy
3966,6,165,6042.5,7855.3,0.6556,cloud_heavy
3967,7,165,6229.3,8098.1,0.7032,cloud_heavy
3968,8,165,6520.5,8476.7,0.7533,cloud_heavy
3969,9,165,6643.6,8636.7,0.8033,cloud_heavy
3970,10,165,6725.4,8743.0,0.8504,cloud_heavy
3971,11,165,7277.7,9461.0,0.8912,cloud_heavy
3972,12,165,7416.8,9641.8,0.923,cloud_heavy
3973,13,165,7830.7,10179.8,0.9431,cloud_heavy
3974,14,165,7329.8,9528.8,0.95,cloud_heavy
3975,15,165,7516.7,9771.7,0.9431,cloud_heavy
3976,16,165,7434.1,9664.3,0.923,cloud_heavy
3977,17,165,7175.1,9327.6,0.8912,cloud_heavy
3978,18,165,7213.9,9378.1,0.8504,cloud_heavy
3979,19,165,7015.9,9120.7,0.8033,cloud_heavy
3980,20,165,6708.9,8721.6,0.7533,cloud_heavy
3981,21,165,6381.5,8295.9,0.7032,cloud_heavy
3982,22,165,6161.6,8010.1,0.6556,cloud_heavy
3983,23,165,5796.7,7535.7,0.6123,cloud_heavy
3984,0,166,5320.7,6917.0,0.473,cloud_heavy
3985,1,166,5394.5,7012.8,0.4835,cloud_heavy
3986,2,166,5368.8,6979.4,0.4974,cloud_heavy
3987,3,166,5706.2,7418.1,0.5152,cloud_heavy
3988,4,166,5931.3,7710.6,0.5373,cloud_heavy
3989,5,166,5678.7,7382.3,0.5636,cloud_heavy
3990,6,166,6017.1,7822.2,0.5939,cloud_heavy
3991,7,166,5918.5,7694.0,0.6272,cloud_heavy
3992,8,166,6199.8,8059.7,0.6623,cloud_heavy
3993,9,166,6273.3,8155.3,0.6973,cloud_heavy
3994,10,166,6664.1,8663.3,0.7303,cloud_heavy
3995,11,166,6531.7,8491.3,0.7589,cloud_heavy
3996,12,166,6967.1,9057.3,0.7811,cloud_heavy
3997,13,166,6771.5,8803.0,0.7952,cloud_heavy
3998,14,166,6709.0,8721.7,0.8,cloud_heavy
3999,15,166,6565.3,8534.9,0.7952,cloud_heavy
4000,16,166,6813.3,8857.3,0.7811,cloud_heavy
4001,17,166,6846.6,8900.6,0.7589,cloud_heavy
4002,18,166,6599.6,8579.5,0.7303,cloud_heavy
4003,19,166,6836.2,8887.1,0.6973,cloud_heavy
4004,20,166,6525.4,8483.0,0.6623,cloud_heavy
4005,21,166,6051.6,7867.1,0.6272,cloud_heavy
4006,22,166,5909.4,7682.2,0.5939,cloud_heavy
4007,23,166,5920.0,7696.0,0.5636,cloud_heavy
4008,0,167,5315.5,6910.1,0.473,cloud_heavy
4009,1,167,5689.4,7396.2,0.4835,cloud_heavy
4010,2,167,5616.4,7301.3,0.4974,cloud_heavy
4011,3,167,5675.2,7377.8,0.5152,cloud_heavy
4012,4,167,5843.7,7596.8,0.5373,cloud_heavy
4013,5,167,6139.5,7981.3,0.5636,cloud_heavy
4014,6,167,5996.9,7796.0,0.5939,cloud_heavy
4015,7,167,6087.3,7913.4,0.6272,cloud_heavy
4016,8,167,6540.2,8502.3,0.6623,cloud_heavy
4017,9,167,6591.9,8569.5,0.6973,cloud_heavy
4018,10,167,6482.9,8427.7,0.7303,cloud_heavy
4019,11,167,6668.6,8669.1,0.7589,cloud_heavy
4020,12,167,6801.6,8842.0,0.7811,cloud_heavy
4021,13,167,6895.8,8964.6,0.7952,cloud_heavy
4022,14,167,6563.8,8533.0,0.8,cloud_heavy
4023,15,167,6506.1,8458.0,0.7952,cloud_heavy
4024,16,167,6581.9,8556.5,0.7811,cloud_heavy
4025,17,167,6474.5,8416.9,0.7589,cloud_heavy
4026,18,167,6419.5,8345.3,0.7303,cloud_heavy
4027,19,167,6527.9,8486.3,0.6973,cloud_heavy
4028,20,167,6225.3,8092.9,0.6623,cloud_heavy
4029,21,167,6144.0,7987.2,0.6272,cloud_heavy
4030,22,167,5747.2,7471.4,0.5939,cloud_heavy
4031,23,167,5756.9,7483.9,0.5636,cloud_heavy
4032,0,168,5591.3,7268.7,0.4829,cloud_heavy
4033,1,168,5657.2,7354.4,0.4978,cloud_heavy
4034,2,168,5519.7,7175.7,0.5177,cloud_heavy
4035,3,168,5778.5,7512.1,0.5431,cloud_heavy
4036,4,168,6272.9,8154.7,0.5747,cloud_heavy
4037,5,168,6041.5,7854.0,0.6123,cloud_heavy
4038,6,168,6098.9,7928.6,0.6556,cloud_heavy
4039,7,168,6397.2,8316.4,0.7032,cloud_heavy
4040,8,168,6662.1,8660.7,0.7533,cloud_heavy
4041,9,168,6825.3,8872.9,0.8033,cloud_heavy
4042,10,168,7049.7,9164.7,0.8504,cloud_heavy
4043,11,168,6917.0,8992.1,0.8912,cloud_heavy
4044,12,168,7152.3,9298.0,0.923,cloud_heavy
4045,13,168,7417.1,9642.3,0.9431,cloud_heavy
4046,14,168,7442.7,9675.5,0.95,cloud_heavy
4047,15,168,7323.9,9521.1,0.9431,cloud_heavy
4048,16,168,7325.9,9523.6,0.923,cloud_heavy
4049,17,168,7243.3,9416.4,0.8912,cloud_heavy
4050,18,168,7244.7,9418.1,0.8504,cloud_heavy
4051,19,168,6836.0,8886.8,0.8033,cloud_heavy
4052,20,168,6723.2,8740.2,0.7533,cloud_heavy
4053,21,168,6326.3,8224.2,0.7032,cloud_heavy
4054,22,168,6335.3,8235.9,0.6556,cloud_heavy
4055,23,168,6112.8,7946.7,0.6123,cloud_heavy
4056,0,169,5637.2,7328.4,0.4829,cloud_heavy
4057,1,169,5677.0,7380.1,0.4978,cloud_heavy
4058,2,169,5742.1,7464.7,0.5177,cloud_heavy
4059,3,169,5733.7,7453.7,0.5431,cloud_heavy
4060,4,169,5927.9,7706.3,0.5747,cloud_heavy
4061,5,169,6237.6,8108.8,0.6123,cloud_heavy
4062,6,169,6106.6,7938.6,0.6556,cloud_heavy
4063,7,169,6309.5,8202.4,0.7032,cloud_heavy
4064,8,169,6679.8,8683.8,0.7533,cloud_heavy
4065,9,169,6941.9,9024.4,0.8033,cloud_heavy
4066,10,169,6881.9,8946.5,0.8504,cloud_heavy
4067,11,169,7213.9,9378.1,0.8912,cloud_heavy
4068,12,169,7344.2,9547.5,0.923,cloud_heavy
4069,13,169,6955.3,9042.0,0.9431,cloud_heavy
4070,14,169,7430.5,9659.7,0.95,cloud_heavy
4071,15,169,7415.3,9639.9,0.9431,cloud_heavy
4072,16,169,7329.6,9528.4,0.923,cloud_heavy
4073,17,169,7537.2,9798.4,0.8912,cloud_heavy
4074,18,169,6799.0,8838.7,0.8504,cloud_heavy
4075,19,169,6686.8,8692.9,0.8033,cloud_heavy
4076,20,169,6123.0,7960.0,0.7533,cloud_heavy
4077,21,169,6338.0,8239.4,0.7032,cloud_heavy
4078,22,169,6154.5,8000.8,0.6556,cloud_heavy
4079,23,169,5952.2,7737.9,0.6123,cloud_heavy
4080,0,170,5677.1,7380.2,0.4829,cloud_heavy
4081,1,170,5701.5,7412.0,0.4978,cloud_heavy
4082,2,170,5655.6,7352.2,0.5177,cloud_heavy
4083,3,170,5686.7,7392.7,0.5431,cloud_heavy
4084,4,170,6065.8,7885.6,0.5747,cloud_heavy
4085,5,170,6041.1,7853.4,0.6123,cloud_heavy
4086,6,170,6075.5,7898.2,0.6556,cloud_heavy
4087,7,170,6099.7,7929.6,0.7032,cloud_heavy
4088,8,170,6555.7,8522.4,0.7533,cloud_heavy
4089,9,170,7011.7,9115.2,0.8033,cloud_heavy
4090,10,170,7538.3,9799.8,0.8504,cloud_heavy
4091,11,170,7243.5,9416.5,0.8912,cloud_heavy
4092,12,170,7195.9,9354.6,0.923,cloud_heavy
4093,13,170,7185.6,9341.3,0.9431,cloud_heavy
4094,14,170,7603.7,9884.8,0.95,cloud_heavy
4095,15,170,7056.1,9172.9,0.9431,cloud_heavy
4096,16,170,7486.6,9732.5,0.923,cloud_heavy
4097,17,170,7407.5,9629.7,0.8912,cloud_heavy
4098,18,170,7148.7,9293.4,0.8504,cloud_heavy
4099,19,170,6811.3,8854.6,0.8033,cloud_heavy
4100,20,170,6756.3,8783.2,0.7533,cloud_heavy
4101,21,170,6463.7,8402.9,0.7032,cloud_heavy
4102,22,170,6083.0,7907.9,0.6556,cloud_heavy
4103,23,170,6380.2,8294.3,0.6123,cloud_heavy
4104,0,171,5436.5,7067.5,0.4829,cloud_heavy
4105,1,171,5687.4,7393.6,0.4978,cloud_heavy
4106,2,171,5233.0,6802.9,0.5177,cloud_heavy
4107,3,171,5970.8,7762.1,0.5431,cloud_heavy
4108,4,171,6144.0,7987.2,0.5747,cloud_heavy
4109,5,171,6050.1,7865.1,0.6123,cloud_heavy
4110,6,171,6332.8,8232.7,0.6556,cloud_heavy
4111,7,171,6538.5,8500.1,0.7032,cloud_heavy
4112,8,171,6515.6,8470.2,0.7533,cloud_heavy
4113,9,171,6969.0,9059.7,0.8033,cloud_heavy
4114,10,171,6885.2,8950.8,0.8504,cloud_heavy
4115,11,171,7098.1,9227.5,0.8912,cloud_heavy
4116,12,171,7614.0,9898.2,0.923,cloud_heavy
4117,13,171,7668.3,9968.9,0.9431,cloud_heavy
4118,14,171,7321.3,9517.7,0.95,cloud_heavy
4119,15,171,7286.5,9472.5,0.9431,cloud_heavy
4120,16,171,7222.3,9389.0,0.923,cloud_heavy
4121,17,171,7389.0,9605.7,0.8912,cloud_heavy
4122,18,171,6844.7,8898.1,0.8504,cloud_heavy
4123,19,171,6929.8,9008.8,0.8033,cloud_heavy
4124,20,171,6792.5,8830.3,0.7533,cloud_heavy
4125,21,171,6413.7,8337.9,0.7032,cloud_heavy
4126,22,171,6417.2,8342.3,0.6556,cloud_heavy
4127,23,171,5989.5,7786.4,0.6123,cloud_heavy
4128,0,172,5459.2,7097.0,0.4829,cloud_heavy
4129,1,172,5395.1,7013.6,0.4978,cloud_heavy
4130,2,172,5814.6,7558.9,0.5177,cloud_heavy
4131,3,172,5618.4,7303.9,0.5431,cloud_heavy
4132,4,172,5946.4,7730.4,0.5747,cloud_heavy
4133,5,172,6031.8,7841.3,0.6123,cloud_heavy
4134,6,172,6031.7,7841.2,0.6556,cloud_heavy
4135,7,172,6313.3,8207.2,0.7032,cloud_heavy
4136,8,172,6919.3,8995.1,0.7533,cloud_heavy
4137,9,172,6897.9,8967.3,0.8033,cloud_heavy
4138,10,172,6842.7,8895.6,0.8504,cloud_heavy
4139,11,172,7296.3,9485.2,0.8912,cloud_heavy
4140,12,172,7332.7,9532.5,0.923,cloud_heavy
4141,13,172,8076.9,10500.0,0.9431,cloud_heavy
4142,14,172,7543.8,9806.9,0.95,cloud_heavy
4143,15,172,7365.4,9575.0,0.9431,cloud_heavy
4144,16,172,7678.7,9982.3,0.923,cloud_heavy
4145,17,172,6830.8,8880.0,0.8912,cloud_heavy
4146,18,172,7076.3,9199.2,0.8504,cloud_heavy
4147,19,172,7266.7,9446.7,0.8033,cloud_heavy
4148,20,172,6620.5,8606.7,0.7533,cloud_heavy
4149,21,172,6096.4,7925.3,0.7032,cloud_heavy
4150,22,172,6154.4,8000.8,0.6556,cloud_heavy
4151,23,172,6308.5,8201.0,0.6123,cloud_heavy
4152,0,173,5514.1,7168.3,0.473,cloud_heavy
4153,1,173,5358.7,6966.3,0.4835,cloud_heavy
4154,2,173,5441.9,7074.5,0.4974,cloud_heavy
4155,3,173,5537.3,7198.5,0.5152,cloud_heavy
4156,4,173,5787.8,7524.1,0.5373,cloud_heavy
4157,5,173,6072.1,7893.7,0.5636,cloud_heavy
4158,6,173,6154.7,8001.1,0.5939,cloud_heavy
4159,7,173,6191.5,8049.0,0.6272,cloud_heavy
4160,8,173,6007.1,7809.2,0.6623,cloud_heavy
4161,9,173,6150.7,7996.0,0.6973,cloud_heavy
4162,10,173,6650.6,8645.8,0.7303,cloud_heavy
4163,11,173,6398.4,8317.9,0.7589,cloud_heavy
4164,12,173,6716.2,8731.0,0.7811,cloud_heavy
4165,13,173,6884.0,8949.2,0.7952,cloud_heavy
4166,14,173,6608.8,8591.4,0.8,cloud_heavy
4167,15,173,6612.2,8595.8,0.7952,cloud_heavy
4168,16,173,6742.8,8765.7,0.7811,cloud_heavy
4169,17,173,6768.3,8798.7,0.7589,cloud_heavy
4170,18,173,6754.4,8780.7,0.7303,cloud_heavy
4171,19,173,6522.6,8479.4,0.6973,cloud_heavy
4172,20,173,6270.8,8152.1,0.6623,cloud_heavy
4173,21,173,5971.2,7762.6,0.6272,cloud_heavy
4174,22,173,5774.7,7507.1,0.5939,cloud_heavy
4175,23,173,5748.3,7472.7,0.5636,cloud_heavy
4176,0,174,5519.6,7175.5,0.473,cloud_heavy
4177,1,174,5552.6,7218.4,0.4835,cloud_heavy
4178,2,174,5206.1,6767.9,0.4974,cloud_heavy
4179,3,174,5499.1,7148.9,0.5152,cloud_heavy
4180,4,174,5932.6,7712.4,0.5373,cloud_heavy
4181,5,174,5851.6,7607.1,0.5636,cloud_heavy
4182,6,174,5712.7,7426.5,0.5939,cloud_heavy
4183,7,174,6539.7,8501.6,0.6272,cloud_heavy
4184,8,174,6251.6,8127.1,0.6623,cloud_heavy
4185,9,174,6479.8,8423.8,0.6973,cloud_heavy
4186,10,174,6624.4,8611.7,0.7303,cloud_heavy
4187,11,174,6594.0,8572.2,0.7589,cloud_heavy
4188,12,174,6614.3,8598.6,0.7811,cloud_heavy
4189,13,174,7256.0,9432.8,0.7952,cloud_heavy
4190,14,174,7048.2,9162.7,0.8,cloud_heavy
4191,15,174,6990.0,9087.0,0.7952,cloud_heavy
4192,16,174,6878.8,8942.5,0.7811,cloud_heavy
4193,17,174,6466.8,8406.9,0.7589,cloud_heavy
4194,18,174,6796.8,8835.8,0.7303,cloud_heavy
4195,19,174,6243.9,8117.1,0.6973,cloud_heavy
4196,20,174,6310.2,8203.3,0.6623,cloud_heavy
4197,21,174,5807.6,7549.9,0.6272,cloud_heavy
4198,22,174,5601.0,7281.4,0.5939,cloud_heavy
4199,23,174,5893.5,7661.5,0.5636,cloud_heavy
4200,0,175,5361.1,6969.4,0.4829,cloud_heavy
4201,1,175,5226.4,6794.3,0.4978,cloud_heavy
4202,2,175,5733.9,7454.1,0.5177,cloud_heavy
4203,3,175,6116.4,7951.3,0.5431,cloud_heavy
4204,4,175,6130.0,7969.0,0.5747,cloud_heavy
4205,5,175,5998.0,7797.4,0.6123,cloud_heavy
4206,6,175,6230.1,8099.1,0.6556,cloud_heavy
4207,7,175,6602.0,8582.6,0.7032,cloud_heavy
4208,8,175,6867.3,8927.5,0.7533,cloud_heavy
4209,9,175,6785.8,8821.5,0.8033,cloud_heavy
4210,10,175,7063.6,9182.7,0.8504,cloud_heavy
4211,11,175,7295.3,9483.9,0.8912,cloud_heavy
4212,12,175,7487.4,9733.6,0.923,cloud_heavy
4213,13,175,7420.8,9647.0,0.9431,cloud_heavy
4214,14,175,7452.9,9688.7,0.95,cloud_heavy
4215,15,175,7758.9,10086.6,0.9431,cloud_heavy
4216,16,175,7632.2,9921.9,0.923,cloud_heavy
4217,17,175,7333.7,9533.8,0.8912,cloud_heavy
4218,18,175,7420.3,9646.4,0.8504,cloud_heavy
4219,19,175,6776.9,8810.0,0.8033,cloud_heavy
4220,20,175,6967.2,9057.3,0.7533,cloud_heavy
4221,21,175,6535.4,8496.1,0.7032,cloud_heavy
4222,22,175,6839.6,8891.5,0.6556,cloud_heavy
4223,23,175,5828.4,7577.0,0.6123,cloud_heavy
4224,0,176,5380.9,6995.1,0.4829,cloud_heavy
4225,1,176,5627.9,7316.2,0.4978,cloud_heavy
4226,2,176,5709.6,7422.5,0.5177,cloud_heavy
4227,3,176,6087.1,7913.2,0.5431,cloud_heavy
4228,4,176,5766.7,7496.7,0.5747,cloud_heavy
4229,5,176,6208.8,8071.4,0.6123,cloud_heavy
4230,6,176,6445.6,8379.3,0.6556,cloud_heavy
4231,7,176,6566.7,8536.7,0.7032,cloud_heavy
4232,8,176,6452.1,8387.8,0.7533,cloud_heavy
4233,9,176,7146.0,9289.8,0.8033,cloud_heavy
4234,10,176,7316.6,9511.6,0.8504,cloud_heavy
4235,11,176,7360.2,9568.2,0.8912,cloud_heavy
4236,12,176,7410.1,9633.2,0.923,cloud_heavy
4237,13,176,7501.0,9751.3,0.9431,cloud_heavy
4238,14,176,7462.1,9700.8,0.95,cloud_heavy
4239,15,176,7593.7,9871.8,0.9431,cloud_heavy
4240,16,176,7371.9,9583.4,0.923,cloud_heavy
4241,17,176,7046.1,9159.9,0.8912,cloud_heavy
4242,18,176,6834.4,8884.7,0.8504,cloud_heavy
4243,19,176,6701.7,8712.3,0.8033,cloud_heavy
4244,20,176,6688.0,8694.3,0.7533,cloud_heavy
4245,21,176,6425.6,8353.2,0.7032,cloud_heavy
4246,22,176,6268.7,8149.3,0.6556,cloud_heavy
4247,23,176,6135.5,7976.2,0.6123,cloud_heavy
4248,0,177,5391.1,7008.4,0.4829,cloud_heavy
4249,1,177,5802.4,7543.1,0.4978,cloud_heavy
4250,2,177,5597.1,7276.2,0.5177,cloud_heavy
4251,3,177,5675.9,7378.6,0.5431,cloud_heavy
4252,4,177,5969.8,7760.8,0.5747,cloud_heavy
4253,5,177,5711.7,7425.2,0.6123,cloud_heavy
4254,6,177,6080.7,7904.9,0.6556,cloud_heavy
4255,7,177,6620.0,8606.1,0.7032,cloud_heavy
4256,8,177,6297.4,8186.6,0.7533,cloud_heavy
4257,9,177,7086.3,9212.2,0.8033,cloud_heavy
4258,10,177,7376.3,9589.1,0.8504,cloud_heavy
4259,11,177,7150.0,9295.0,0.8912,cloud_heavy
4260,12,177,7429.4,9658.3,0.923,cloud_heavy
4261,13,177,7700.6,10010.8,0.9431,cloud_heavy
4262,14,177,7375.1,9587.6,0.95,cloud_heavy
4263,15,177,7644.5,9937.8,0.9431,cloud_heavy
4264,16,177,7216.7,9381.7,0.923,cloud_heavy
4265,17,177,7126.5,9264.5,0.8912,cloud_heavy
4266,18,177,6887.2,8953.3,0.8504,cloud_heavy
4267,19,177,6926.9,9005.0,0.8033,cloud_heavy
4268,20,177,6874.5,8936.8,0.7533,cloud_heavy
4269,21,177,6395.3,8313.8,0.7032,cloud_heavy
4270,22,177,5990.9,7788.2,0.6556,cloud_heavy
4271,23,177,5848.4,7602.9,0.6123,cloud_heavy
4272,0,178,5559.5,7227.4,0.4829,cloud_heavy
4273,1,178,5865.5,7625.2,0.4978,cloud_heavy
4274,2,178,5709.0,7421.8,0.5177,cloud_heavy
4275,3,178,5683.9,7389.1,0.5431,cloud_heavy
4276,4,178,6019.9,7825.9,0.5747,cloud_heavy
4277,5,178,6001.3,7801.6,0.6123,cloud_heavy
4278,6,178,6157.7,8005.1,0.6556,cloud_heavy
4279,7,178,6245.9,8119.6,0.7032,cloud_heavy
4280,8,178,6924.4,9001.7,0.7533,cloud_heavy
4281,9,178,6334.1,8234.4,0.8033,cloud_heavy
4282,10,178,7225.3,9392.9,0.8504,cloud_heavy
4283,11,178,7129.5,9268.4,0.8912,cloud_heavy
4284,12,178,7274.3,9456.6,0.923,cloud_heavy
4285,13,178,7828.8,10177.4,0.9431,cloud_heavy
4286,14,178,7319.6,9515.4,0.95,cloud_heavy
4287,15,178,7298.5,9488.0,0.9431,cloud_heavy
4288,16,178,7336.2,9537.0,0.923,cloud_heavy
4289,17,178,7319.9,9515.8,0.8912,cloud_heavy
4290,18,178,6962.8,9051.7,0.8504,cloud_heavy
4291,19,178,6532.7,8492.5,0.8033,cloud_heavy
4292,20,178,6471.1,8412.5,0.7533,cloud_heavy
4293,21,178,6678.0,8681.4,0.7032,cloud_heavy
4294,22,178,6242.4,8115.1,0.6556,cloud_heavy
4295,23,178,6126.5,7964.4,0.6123,cloud_heavy
4296,0,179,5451.4,7086.8,0.4829,cloud_heavy
4297,1,179,5448.1,7082.5,0.4978,cloud_heavy
4298,2,179,5926.4,7704.3,0.5177,cloud_heavy
4299,3,179,5718.2,7433.6,0.5431,cloud_heavy
4300,4,179,5806.4,7548.3,0.5747,cloud_heavy
4301,5,179,6243.5,8116.5,0.6123,cloud_heavy
4302,6,179,6093.4,7921.5,0.6556,cloud_heavy
4303,7,179,6316.0,8210.8,0.7032,cloud_heavy
4304,8,179,6645.7,8639.4,0.7533,cloud_heavy
4305,9,179,6856.5,8913.4,0.8033,cloud_heavy
4306,10,179,7111.3,9244.7,0.8504,cloud_heavy
4307,11,179,7683.8,9988.9,0.8912,cloud_heavy
4308,12,179,7439.3,9671.0,0.923,cloud_heavy
4309,13,179,6919.0,8994.7,0.9431,cloud_heavy
4310,14,179,7553.0,9818.9,0.95,cloud_heavy
4311,15,179,7459.0,9696.7,0.9431,cloud_heavy
4312,16,179,7374.6,9586.9,0.923,cloud_heavy
4313,17,179,7283.5,9468.5,0.8912,cloud_heavy
4314,18,179,7050.3,9165.4,0.8504,cloud_heavy
4315,19,179,6845.6,8899.3,0.8033,cloud_heavy
4316,20,179,6765.9,8795.6,0.7533,cloud_heavy
4317,21,179,6326.2,8224.0,0.7032,cloud_heavy
4318,22,179,6051.3,7866.7,0.6556,cloud_heavy
4319,23,179,6593.0,8570.9,0.6123,cloud_heavy
4320,0,180,5335.5,6936.1,0.473,cloud_heavy
4321,1,180,5513.6,7167.7,0.4835,cloud_heavy
4322,2,180,5306.8,6898.9,0.4974,cloud_heavy
4323,3,180,5651.6,7347.0,0.5152,cloud_heavy
4324,4,180,5565.4,7235.0,0.5373,cloud_heavy
4325,5,180,5760.2,7488.3,0.5636,cloud_heavy
4326,6,180,6153.4,7999.4,0.5939,cloud_heavy
4327,7,180,6194.5,8052.8,0.6272,cloud_heavy
4328,8,180,6363.7,8272.8,0.6623,cloud_heavy
4329,9,180,6065.6,7885.2,0.6973,cloud_heavy
4330,10,180,6906.6,8978.6,0.7303,cloud_heavy
4331,11,180,6429.1,8357.8,0.7589,cloud_heavy
4332,12,180,7072.0,9193.6,0.7811,cloud_heavy
4333,13,180,7030.9,9140.1,0.7952,cloud_heavy
4334,14,180,6960.8,9049.1,0.8,cloud_heavy
4335,15,180,6646.8,8640.9,0.7952,cloud_heavy
4336,16,180,6792.7,8830.5,0.7811,cloud_heavy
4337,17,180,6573.3,8545.3,0.7589,cloud_heavy
4338,18,180,6551.6,8517.1,0.7303,cloud_heavy
4339,19,180,6357.9,8265.3,0.6973,cloud_heavy
4340,20,180,5874.4,7636.7,0.6623,cloud_heavy
4341,21,180,6313.5,8207.6,0.6272,cloud_heavy
4342,22,180,5951.8,7737.4,0.5939,cloud_heavy
4343,23,180,5752.8,7478.7,0.5636,cloud_heavy
4344,0,181,5360.9,6969.2,0.473,cloud_heavy
4345,1,181,5556.2,7223.0,0.4835,cloud_heavy
4346,2,181,5407.1,7029.3,0.4974,cloud_heavy
4347,3,181,5250.9,6826.1,0.5152,cloud_heavy
4348,4,181,5795.7,7534.3,0.5373,cloud_heavy
4349,5,181,5928.6,7707.2,0.5636,cloud_heavy
4350,6,181,5930.6,7709.8,0.5939,cloud_heavy
4351,7,181,5897.6,7666.9,0.6272,cloud_heavy
4352,8,181,6273.7,8155.8,0.6623,cloud_heavy
4353,9,181,6124.5,7961.8,0.6973,cloud_heavy
4354,10,181,6344.2,8247.4,0.7303,cloud_heavy
4355,11,181,6517.4,8472.6,0.7589,cloud_heavy
4356,12,181,6933.1,9013.1,0.7811,cloud_heavy
4357,13,181,6747.6,8771.9,0.7952,cloud_heavy
4358,14,181,6750.4,8775.5,0.8,cloud_heavy
4359,15,181,7221.8,9388.4,0.7952,cloud_heavy
4360,16,181,6833.4,8883.4,0.7811,cloud_heavy
4361,17,181,6735.3,8755.9,0.7589,cloud_heavy
4362,18,181,6473.3,8415.3,0.7303,cloud_heavy
4363,19,181,6291.3,8178.7,0.6973,cloud_heavy
4364,20,181,5846.6,7600.6,0.6623,cloud_heavy
4365,21,181,6285.5,8171.1,0.6272,cloud_heavy
4366,22,181,6046.6,7860.6,0.5939,cloud_heavy
4367,23,181,5806.4,7548.3,0.5636,cloud_heavy
4368,0,182,5471.9,7113.4,0.4829,cloud_heavy
4369,1,182,5680.8,7385.0,0.4978,cloud_heavy
4370,2,182,5379.2,6993.0,0.5177,cloud_heavy
4371,3,182,5648.9,7343.5,0.5431,cloud_heavy
4372,4,182,5684.1,7389.3,0.5747,cloud_heavy
4373,5,182,6365.9,8275.7,0.6123,cloud_heavy
4374,6,182,6392.0,8309.7,0.6556,cloud_heavy
4375,7,182,6005.8,7807.6,0.7032,cloud_heavy
4376,8,182,6342.0,8244.6,0.7533,cloud_heavy
4377,9,182,6829.2,8878.0,0.8033,cloud_heavy
4378,10,182,6956.4,9043.3,0.8504,cloud_heavy
4379,11,182,6942.9,9025.7,0.8912,cloud_heavy
4380,12,182,7794.7,10133.1,0.923,cloud_heavy
4381,13,182,7520.4,9776.5,0.9431,cloud_heavy
4382,14,182,7586.4,9862.3,0.95,cloud_heavy
4383,15,182,7295.8,9484.6,0.9431,cloud_heavy
4384,16,182,7524.6,9781.9,0.923,cloud_heavy
4385,17,182,7147.6,9291.9,0.8912,cloud_heavy
4386,18,182,6996.4,9095.3,0.8504,cloud_heavy
4387,19,182,6982.1,9076.7,0.8033,cloud_heavy
4388,20,182,6319.0,8214.7,0.7533,cloud_heavy
4389,21,182,6738.9,8760.5,0.7032,cloud_heavy
4390,22,182,6262.5,8141.3,0.6556,cloud_heavy
4391,23,182,6277.0,8160.1,0.6123,cloud_heavy
4392,0,183,5317.2,6912.4,0.4829,cloud_heavy
4393,1,183,5404.1,7025.3,0.4978,cloud_heavy
4394,2,183,5445.7,7079.4,0.5177,cloud_heavy
4395,3,183,5793.8,7532.0,0.5431,cloud_heavy
4396,4,183,5896.3,7665.2,0.5747,cloud_heavy
4397,5,183,5960.5,7748.6,0.6123,cloud_heavy
4398,6,183,6038.9,7850.6,0.6556,cloud_heavy
4399,7,183,6186.4,8042.3,0.7032,cloud_heavy
4400,8,183,6634.0,8624.2,0.7533,cloud_heavy
4401,9,183,6760.7,8788.9,0.8033,cloud_heavy
4402,10,183,6911.2,8984.6,0.8504,cloud_heavy
4403,11,183,7565.7,9835.4,0.8912,cloud_heavy
4404,12,183,7346.8,9550.8,0.923,cloud_heavy
4405,13,183,7734.4,10054.7,0.9431,cloud_heavy
4406,14,183,7360.1,9568.2,0.95,cloud_heavy
4407,15,183,7505.2,9756.8,0.9431,cloud_heavy
4408,16,183,7352.7,9558.5,0.923,cloud_heavy
4409,17,183,6861.9,8920.5,0.8912,cloud_heavy
4410,18,183,7358.7,9566.4,0.8504,cloud_heavy
4411,19,183,6828.6,8877.2,0.8033,cloud_heavy
4412,20,183,6792.5,8830.2,0.7533,cloud_heavy
4413,21,183,6285.7,8171.4,0.7032,cloud_heavy
4414,22,183,6197.6,8056.9,0.6556,cloud_heavy
4415,23,183,5887.5,7653.7,0.6123,cloud_heavy
4416,0,184,5698.2,7407.7,0.4829,cloud_heavy
4417,1,184,5610.0,7292.9,0.4978,cloud_heavy
4418,2,184,5704.5,7415.9,0.5177,cloud_heavy
4419,3,184,5984.9,7780.4,0.5431,cloud_heavy
4420,4,184,6088.8,7915.5,0.5747,cloud_heavy
4421,5,184,6183.5,8038.5,0.6123,cloud_heavy
4422,6,184,5962.8,7751.6,0.6556,cloud_heavy
4423,7,184,6296.6,8185.5,0.7032,cloud_heavy
4424,8,184,6443.6,8376.7,0.7533,cloud_heavy
4425,9,184,7006.1,9107.9,0.8033,cloud_heavy
4426,10,184,7092.5,9220.3,0.8504,cloud_heavy
4427,11,184,6928.5,9007.1,0.8912,cloud_heavy
4428,12,184,7323.3,9520.2,0.923,cloud_heavy
4429,13,184,7116.5,9251.5,0.9431,cloud_heavy
4430,14,184,7467.9,9708.2,0.95,cloud_heavy
4431,15,184,7080.5,9204.6,0.9431,cloud_heavy
4432,16,184,7481.8,9726.4,0.923,cloud_heavy
4433,17,184,7312.1,9505.7,0.8912,cloud_heavy
4434,18,184,7460.3,9698.4,0.8504,cloud_heavy
4435,19,184,7030.8,9140.1,0.8033,cloud_heavy
4436,20,184,6559.4,8527.2,0.7533,cloud_heavy
4437,21,184,6588.6,8565.2,0.7032,cloud_heavy
4438,22,184,5967.3,7757.4,0.6556,cloud_heavy
4439,23,184,5870.2,7631.2,0.6123,cloud_heavy
4440,0,185,5549.4,7214.2,0.4829,cloud_heavy
4441,1,185,5198.2,6757.6,0.4978,cloud_heavy
4442,2,185,5636.1,7326.9,0.5177,cloud_heavy
4443,3,185,5574.6,7247.0,0.5431,cloud_heavy
4444,4,185,5902.6,7673.3,0.5747,cloud_heavy
4445,5,185,5849.3,7604.0,0.6123,cloud_heavy
4446,6,185,6307.7,8200.0,0.6556,cloud_heavy
4447,7,185,6434.5,8364.8,0.7032,cloud_heavy
4448,8,185,6922.8,8999.6,0.7533,cloud_heavy
4449,9,185,6857.8,8915.2,0.8033,cloud_heavy
4450,10,185,6893.7,8961.8,0.8504,cloud_heavy
4451,11,185,7176.6,9329.5,0.8912,cloud_heavy
4452,12,185,7068.0,9188.4,0.923,cloud_heavy
4453,13,185,7541.3,9803.7,0.9431,cloud_heavy
4454,14,185,7612.2,9895.8,0.95,cloud_heavy
4455,15,185,8002.4,10403.1,0.9431,cloud_heavy
4456,16,185,7227.6,9395.9,0.923,cloud_heavy
4457,17,185,7172.0,9323.6,0.8912,cloud_heavy
4458,18,185,6934.5,9014.8,0.8504,cloud_heavy
4459,19,185,6900.1,8970.1,0.8033,cloud_heavy
4460,20,185,6719.8,8735.7,0.7533,cloud_heavy
4461,21,185,6420.5,8346.6,0.7032,cloud_heavy
4462,22,185,6431.4,8360.8,0.6556,cloud_heavy
4463,23,185,5932.8,7712.7,0.6123,cloud_heavy
4464,0,186,5657.0,7354.1,0.4829,cloud_heavy
4465,1,186,5647.8,7342.2,0.4978,cloud_heavy
4466,2,186,5640.4,7332.5,0.5177,cloud_heavy
4467,3,186,5696.3,7405.2,0.5431,cloud_heavy
4468,4,186,6313.1,8207.0,0.5747,cloud_heavy
4469,5,186,5896.5,7665.5,0.6123,cloud_heavy
4470,6,186,6284.1,8169.3,0.6556,cloud_heavy
4471,7,186,6286.0,8171.8,0.7032,cloud_heavy
4472,8,186,6999.6,9099.5,0.7533,cloud_heavy
4473,9,186,7038.8,9150.5,0.8033,cloud_heavy
4474,10,186,6912.8,8986.6,0.8504,cloud_heavy
4475,11,186,7341.3,9543.7,0.8912,cloud_heavy
4476,12,186,7421.9,9648.5,0.923,cloud_heavy
4477,13,186,7335.0,9535.5,0.9431,cloud_heavy
4478,14,186,7649.9,9944.9,0.95,cloud_heavy
4479,15,186,7537.5,9798.8,0.9431,cloud_heavy
4480,16,186,7412.6,9636.4,0.923,cloud_heavy
4481,17,186,7221.0,9387.3,0.8912,cloud_heavy
4482,18,186,7147.6,9291.9,0.8504,cloud_heavy
4483,19,186,6903.6,8974.7,0.8033,cloud_heavy
4484,20,186,6655.5,8652.1,0.7533,cloud_heavy
4485,21,186,6307.1,8199.2,0.7032,cloud_heavy
4486,22,186,6544.9,8508.4,0.6556,cloud_heavy
4487,23,186,5854.2,7610.5,0.6123,cloud_heavy
4488,0,187,5522.5,7179.3,0.473,cloud_heavy
4489,1,187,5444.3,7077.5,0.4835,cloud_heavy
4490,2,187,5849.4,7604.2,0.4974,cloud_heavy
4491,3,187,5479.2,7123.0,0.5152,cloud_heavy
4492,4,187,5599.4,7279.2,0.5373,cloud_heavy
4493,5,187,5667.9,7368.2,0.5636,cloud_heavy
4494,6,187,6024.2,7831.5,0.5939,cloud_heavy
4495,7,187,5856.4,7613.3,0.6272,cloud_heavy
4496,8,187,6167.2,8017.4,0.6623,cloud_heavy
4497,9,187,5992.3,7790.0,0.6973,cloud_heavy
4498,10,187,6593.1,8571.1,0.7303,cloud_heavy
4499,11,187,6567.5,8537.7,0.7589,cloud_heavy
4500,12,187,6460.1,8398.1,0.7811,cloud_heavy
4501,13,187,7044.0,9157.2,0.7952,cloud_heavy
4502,14,187,6573.9,8546.0,0.8,cloud_heavy
4503,15,187,6984.9,9080.4,0.7952,cloud_heavy
4504,16,187,6619.7,8605.6,0.7811,cloud_heavy
4505,17,187,6987.9,9084.2,0.7589,cloud_heavy
4506,18,187,6693.1,8701.0,0.7303,cloud_heavy
4507,19,187,6212.2,8075.9,0.6973,cloud_heavy
4508,20,187,6084.9,7910.3,0.6623,cloud_heavy
4509,21,187,6218.9,8084.6,0.6272,cloud_heavy
4510,22,187,5919.4,7695.2,0.5939,cloud_heavy
4511,23,187,5808.1,7550.5,0.5636,cloud_heavy
4512,0,188,5660.7,7358.9,0.473,cloud_heavy
4513,1,188,5373.6,6985.7,0.4835,cloud_heavy
4514,2,188,5571.3,7242.7,0.4974,cloud_heavy
4515,3,188,5793.2,7531.1,0.5152,cloud_heavy
4516,4,188,5864.7,7624.1,0.5373,cloud_heavy
4517,5,188,5809.8,7552.7,0.5636,cloud_heavy
4518,6,188,5914.6,7689.0,0.5939,cloud_heavy
4519,7,188,5789.4,7526.2,0.6272,cloud_heavy
4520,8,188,6058.8,7876.4,0.6623,cloud_heavy
4521,9,188,6467.1,8407.3,0.6973,cloud_heavy
4522,10,188,6518.8,8474.5,0.7303,cloud_heavy
4523,11,188,6682.5,8687.3,0.7589,cloud_heavy
4524,12,188,6972.7,9064.6,0.7811,cloud_heavy
4525,13,188,6578.8,8552.4,0.7952,cloud_heavy
4526,14,188,6793.8,8832.0,0.8,cloud_heavy
4527,15,188,6860.4,8918.5,0.7952,cloud_heavy
4528,16,188,6619.1,8604.8,0.7811,cloud_heavy
4529,17,188,6953.9,9040.0,0.7589,cloud_heavy
4530,18,188,6724.3,8741.6,0.7303,cloud_heavy
4531,19,188,6461.7,8400.2,0.6973,cloud_heavy
4532,20,188,6593.8,8572.0,0.6623,cloud_heavy
4533,21,188,5833.3,7583.3,0.6272,cloud_heavy
4534,22,188,5965.0,7754.4,0.5939,cloud_heavy
4535,23,188,5901.9,7672.5,0.5636,cloud_heavy
4536,0,189,5343.7,6946.8,0.4829,cloud_heavy
4537,1,189,5608.2,7290.6,0.4978,cloud_heavy
4538,2,189,5455.1,7091.6,0.5177,cloud_heavy
4539,3,189,5869.8,7630.7,0.5431,cloud_heavy
4540,4,189,6071.4,7892.9,0.5747,cloud_heavy
4541,5,189,6094.1,7922.3,0.6123,cloud_heavy
4542,6,189,5882.2,7646.9,0.6556,cloud_heavy
4543,7,189,6244.3,8117.5,0.7032,cloud_heavy
4544,8,189,6756.2,8783.1,0.7533,cloud_heavy
4545,9,189,6860.8,8919.0,0.8033,cloud_heavy
4546,10,189,6486.1,8431.9,0.8504,cloud_heavy
4547,11,189,7499.7,9749.6,0.8912,cloud_heavy
4548,12,189,7395.2,9613.7,0.923,cloud_heavy
4549,13,189,7267.4,9447.6,0.9431,cloud_heavy
4550,14,189,7703.1,10014.0,0.95,cloud_heavy
4551,15,189,7299.1,9488.8,0.9431,cloud_heavy
4552,16,189,7212.9,9376.7,0.923,cloud_heavy
4553,17,189,7307.8,9500.2,0.8912,cloud_heavy
4554,18,189,7433.4,9663.4,0.8504,cloud_heavy
4555,19,189,7190.4,9347.5,0.8033,cloud_heavy
4556,20,189,6715.4,8730.0,0.7533,cloud_heavy
4557,21,189,6520.0,8476.0,0.7032,cloud_heavy
4558,22,189,6376.3,8289.2,0.6556,cloud_heavy
4559,23,189,5816.8,7561.8,0.6123,cloud_heavy
4560,0,190,5600.7,7280.9,0.4829,cloud_heavy
4561,1,190,5435.6,7066.3,0.4978,cloud_heavy
4562,2,190,5696.3,7405.2,0.5177,cloud_heavy
4563,3,190,5711.4,7424.8,0.5431,cloud_heavy
4564,4,190,5973.2,7765.1,0.5747,cloud_heavy
4565,5,190,6066.1,7885.9,0.6123,cloud_heavy
4566,6,190,5654.2,7350.5,0.6556,cloud_heavy
4567,7,190,6465.3,8404.9,0.7032,cloud_heavy
4568,8,190,6771.7,8803.2,0.7533,cloud_heavy
4569,9,190,6948.2,9032.6,0.8033,cloud_heavy
4570,10,190,7034.7,9145.1,0.8504,cloud_heavy
4571,11,190,7586.3,9862.2,0.8912,cloud_heavy
4572,12,190,7433.8,9663.9,0.923,cloud_heavy
4573,13,190,7548.3,9812.8,0.9431,cloud_heavy
4574,14,190,7714.2,10028.4,0.95,cloud_heavy
4575,15,190,7531.5,9791.0,0.9431,cloud_heavy
4576,16,190,7166.6,9316.5,0.923,cloud_heavy
4577,17,190,6701.2,8711.6,0.8912,cloud_heavy
4578,18,190,6955.4,9042.0,0.8504,cloud_heavy
4579,19,190,7013.0,9116.8,0.8033,cloud_heavy
4580,20,190,6573.3,8545.3,0.7533,cloud_heavy
4581,21,190,6585.3,8560.9,0.7032,cloud_heavy
4582,22,190,6256.2,8133.1,0.6556,cloud_heavy
4583,23,190,6278.3,8161.8,0.6123,cloud_heavy
4584,0,191,5445.8,7079.6,0.4829,cloud_heavy
4585,1,191,5636.0,7326.8,0.4978,cloud_heavy
4586,2,191,5728.0,7446.4,0.5177,cloud_heavy
4587,3,191,6009.7,7812.6,0.5431,cloud_heavy
4588,4,191,5583.4,7258.4,0.5747,cloud_heavy
4589,5,191,5961.6,7750.0,0.6123,cloud_heavy
4590,6,191,6387.0,8303.1,0.6556,cloud_heavy
4591,7,191,6729.0,8747.7,0.7032,cloud_heavy
4592,8,191,6691.5,8699.0,0.7533,cloud_heavy
4593,9,191,6796.2,8835.1,0.8033,cloud_heavy
4594,10,191,7216.6,9381.6,0.8504,cloud_heavy
4595,11,191,7418.5,9644.1,0.8912,cloud_heavy
4596,12,191,7285.5,9471.2,0.923,cloud_heavy
4597,13,191,7524.3,9781.6,0.9431,cloud_heavy
4598,14,191,7744.7,10068.1,0.95,cloud_heavy
4599,15,191,7873.0,10235.0,0.9431,cloud_heavy
4600,16,191,7529.0,9787.8,0.923,cloud_heavy
4601,17,191,7239.7,9411.6,0.8912,cloud_heavy
4602,18,191,7044.9,9158.4,0.8504,cloud_heavy
4603,19,191,6971.1,9062.4,0.8033,cloud_heavy
4604,20,191,6620.6,8606.8,0.7533,cloud_heavy
4605,21,191,6467.4,8407.6,0.7032,cloud_heavy
4606,22,191,6030.8,7840.0,0.6556,cloud_heavy
4607,23,191,6279.9,8163.9,0.6123,cloud_heavy
4608,0,192,5306.5,6898.5,0.4829,cloud_heavy
4609,1,192,5486.0,7131.8,0.4978,cloud_heavy
4610,2,192,5658.9,7356.6,0.5177,cloud_heavy
4611,3,192,6094.1,7922.4,0.5431,cloud_heavy
4612,4,192,5810.1,7553.1,0.5747,cloud_heavy
4613,5,192,5923.9,7701.1,0.6123,cloud_heavy
4614,6,192,6125.5,7963.1,0.6556,cloud_heavy
4615,7,192,6750.8,8776.1,0.7032,cloud_heavy
4616,8,192,6083.2,7908.1,0.7533,cloud_heavy
4617,9,192,6650.2,8645.2,0.8033,cloud_heavy
4618,10,192,7634.6,9924.9,0.8504,cloud_heavy
4619,11,192,7358.3,9565.8,0.8912,cloud_heavy
4620,12,192,7120.6,9256.8,0.923,cloud_heavy
4621,13,192,7441.1,9673.5,0.9431,cloud_heavy
4622,14,192,7494.9,9743.4,0.95,cloud_heavy
4623,15,192,7639.6,9931.5,0.9431,cloud_heavy
4624,16,192,7771.4,10102.8,0.923,cloud_heavy
4625,17,192,7314.4,9508.7,0.8912,cloud_heavy
4626,18,192,6942.1,9024.7,0.8504,cloud_heavy
4627,19,192,7018.3,9123.8,0.8033,cloud_heavy
4628,20,192,6504.5,8455.9,0.7533,cloud_heavy
4629,21,192,6231.4,8100.8,0.7032,cloud_heavy
4630,22,192,5899.6,7669.5,0.6556,cloud_heavy
4631,23,192,5760.9,7489.1,0.6123,cloud_heavy
4632,0,193,5346.7,6950.7,0.4829,cloud_heavy
4633,1,193,5361.6,6970.1,0.4978,cloud_heavy
4634,2,193,5695.4,7404.0,0.5177,cloud_heavy
4635,3,193,5543.7,7206.8,0.5431,cloud_heavy
4636,4,193,5329.7,6928.6,0.5747,cloud_heavy
4637,5,193,5855.4,7612.0,0.6123,cloud_heavy
4638,6,193,6140.3,7982.3,0.6556,cloud_heavy
4639,7,193,6314.0,8208.2,0.7032,cloud_heavy
4640,8,193,6946.5,9030.5,0.7533,cloud_heavy
4641,9,193,6730.2,8749.3,0.8033,cloud_heavy
4642,10,193,7242.9,9415.7,0.8504,cloud_heavy
4643,11,193,7226.0,9393.8,0.8912,cloud_heavy
4644,12,193,7355.6,9562.3,0.923,cloud_heavy
4645,13,193,7263.8,9442.9,0.9431,cloud_heavy
4646,14,193,7466.6,9706.6,0.95,cloud_heavy
4647,15,193,7279.5,9463.3,0.9431,cloud_heavy
4648,16,193,7402.5,9623.3,0.923,cloud_heavy
4649,17,193,7178.9,9332.5,0.8912,cloud_heavy
4650,18,193,6856.4,8913.3,0.8504,cloud_heavy
4651,19,193,7060.5,9178.6,0.8033,cloud_heavy
4652,20,193,6728.8,8747.4,0.7533,cloud_heavy
4653,21,193,6344.3,8247.6,0.7032,cloud_heavy
4654,22,193,6255.6,8132.3,0.6556,cloud_heavy
4655,23,193,6029.5,7838.3,0.6123,cloud_heavy
4656,0,194,5310.7,6903.9,0.473,cloud_heavy
4657,1,194,5508.7,7161.3,0.4835,cloud_heavy
4658,2,194,5452.6,7088.4,0.4974,cloud_heavy
4659,3,194,5472.2,7113.9,0.5152,cloud_heavy
4660,4,194,5447.0,7081.1,0.5373,cloud_heavy
4661,5,194,5774.9,7507.4,0.5636,cloud_heavy
4662,6,194,6067.8,7888.2,0.5939,cloud_heavy
4663,7,194,5980.7,7774.9,0.6272,cloud_heavy
4664,8,194,6730.2,8749.2,0.6623,cloud_heavy
4665,9,194,6576.2,8549.0,0.6973,cloud_heavy
4666,10,194,6802.0,8842.7,0.7303,cloud_heavy
4667,11,194,6826.6,8874.6,0.7589,cloud_heavy
4668,12,194,7137.8,9279.1,0.7811,cloud_heavy
4669,13,194,6660.7,8658.9,0.7952,cloud_heavy
4670,14,194,6316.7,8211.7,0.8,cloud_heavy
4671,15,194,6730.5,8749.6,0.7952,cloud_heavy
4672,16,194,6875.2,8937.7,0.7811,cloud_heavy
4673,17,194,6697.8,8707.2,0.7589,cloud_heavy
4674,18,194,6600.0,8580.0,0.7303,cloud_heavy
4675,19,194,6659.8,8657.7,0.6973,cloud_heavy
4676,20,194,6328.7,8227.4,0.6623,cloud_heavy
4677,21,194,6254.4,8130.7,0.6272,cloud_heavy
4678,22,194,5798.2,7537.6,0.5939,cloud_heavy
4679,23,194,5645.9,7339.7,0.5636,cloud_heavy
4680,0,195,5716.6,7431.6,0.473,cloud_heavy
4681,1,195,5513.7,7167.8,0.4835,cloud_heavy
4682,2,195,5452.2,7087.9,0.4974,cloud_heavy
4683,3,195,5526.9,7185.0,0.5152,cloud_heavy
4684,4,195,5614.2,7298.5,0.5373,cloud_heavy
4685,5,195,5713.6,7427.6,0.5636,cloud_heavy
4686,6,195,5736.7,7457.7,0.5939,cloud_heavy
4687,7,195,5833.0,7583.0,0.6272,cloud_heavy
4688,8,195,6220.4,8086.5,0.6623,cloud_heavy
4689,9,195,6292.0,8179.6,0.6973,cloud_heavy
4690,10,195,6763.3,8792.3,0.7303,cloud_heavy
4691,11,195,6726.1,8744.0,0.7589,cloud_heavy
4692,12,195,6815.7,8860.5,0.7811,cloud_heavy
4693,13,195,6669.7,8670.6,0.7952,cloud_heavy
4694,14,195,6817.5,8862.7,0.8,cloud_heavy
4695,15,195,6895.7,8964.4,0.7952,cloud_heavy
4696,16,195,6907.2,8979.4,0.7811,cloud_heavy
4697,17,195,6648.7,8643.4,0.7589,cloud_heavy
4698,18,195,6757.8,8785.2,0.7303,cloud_heavy
4699,19,195,6407.5,8329.7,0.6973,cloud_heavy
4700,20,195,6405.8,8327.6,0.6623,cloud_heavy
4701,21,195,6018.2,7823.7,0.6272,cloud_heavy
4702,22,195,5641.9,7334.5,0.5939,cloud_heavy
4703,23,195,5884.7,7650.1,0.5636,cloud_heavy
4704,0,196,5614.0,7298.3,0.4829,cloud_heavy
4705,1,196,5654.0,7350.2,0.4978,cloud_heavy
4706,2,196,5713.9,7428.0,0.5177,cloud_heavy
4707,3,196,5690.5,7397.6,0.5431,cloud_heavy
4708,4,196,5742.3,7464.9,0.5747,cloud_heavy
4709,5,196,6144.7,7988.2,0.6123,cloud_heavy
4710,6,196,6308.1,8200.5,0.6556,cloud_heavy
4711,7,196,6322.6,8219.3,0.7032,cloud_heavy
4712,8,196,6864.8,8924.2,0.7533,cloud_heavy
4713,9,196,6674.8,8677.3,0.8033,cloud_heavy
4714,10,196,6932.8,9012.7,0.8504,cloud_heavy
4715,11,196,7585.1,9860.6,0.8912,cloud_heavy
4716,12,196,7556.9,9823.9,0.923,cloud_heavy
4717,13,196,7370.5,9581.6,0.9431,cloud_heavy
4718,14,196,7544.3,9807.6,0.95,cloud_heavy
4719,15,196,7485.1,9730.6,0.9431,cloud_heavy
4720,16,196,6758.3,8785.8,0.923,cloud_heavy
4721,17,196,7033.5,9143.5,0.8912,cloud_heavy
4722,18,196,7045.6,9159.3,0.8504,cloud_heavy
4723,19,196,6783.1,8818.0,0.8033,cloud_heavy
4724,20,196,6692.9,8700.8,0.7533,cloud_heavy
4725,21,196,6648.7,8643.3,0.7032,cloud_heavy
4726,22,196,6168.3,8018.8,0.6556,cloud_heavy
4727,23,196,5852.9,7608.8,0.6123,cloud_heavy
4728,0,197,5548.0,7212.4,0.4829,cloud_heavy
4729,1,197,5503.6,7154.6,0.4978,cloud_heavy
4730,2,197,5616.0,7300.8,0.5177,cloud_heavy
4731,3,197,5700.3,7410.4,0.5431,cloud_heavy
4732,4,197,6280.5,8164.6,0.5747,cloud_heavy
4733,5,197,5638.4,7329.9,0.6123,cloud_heavy
4734,6,197,6155.9,8002.6,0.6556,cloud_heavy
4735,7,197,6430.1,8359.1,0.7032,cloud_heavy
4736,8,197,6488.0,8434.4,0.7533,cloud_heavy
4737,9,197,7041.5,9154.0,0.8033,cloud_heavy
4738,10,197,7228.5,9397.1,0.8504,cloud_heavy
4739,11,197,7219.8,9385.7,0.8912,cloud_heavy
4740,12,197,7305.2,9496.7,0.923,cloud_heavy
4741,13,197,7425.5,9653.1,0.9431,cloud_heavy
4742,14,197,7456.3,9693.2,0.95,cloud_heavy
4743,15,197,7433.0,9662.9,0.9431,cloud_heavy
4744,16,197,7323.4,9520.5,0.923,cloud_heavy
4745,17,197,7284.9,9470.3,0.8912,cloud_heavy
4746,18,197,7215.8,9380.6,0.8504,cloud_heavy
4747,19,197,6603.4,8584.4,0.8033,cloud_heavy
4748,20,197,6434.3,8364.6,0.7533,cloud_heavy
4749,21,197,6093.4,7921.5,0.7032,cloud_heavy
4750,22,197,6390.3,8307.4,0.6556,cloud_heavy
4751,23,197,6090.1,7917.1,0.6123,cloud_heavy
4752,0,198,5577.8,7251.1,0.4829,cloud_heavy
4753,1,198,5319.7,6915.6,0.4978,cloud_heavy
4754,2,198,5944.5,7727.9,0.5177,cloud_heavy
4755,3,198,5645.6,7339.3,0.5431,cloud_heavy
4756,4,198,5914.4,7688.7,0.5747,cloud_heavy
4757,5,198,6199.6,8059.5,0.6123,cloud_heavy
4758,6,198,6044.0,7857.2,0.6556,cloud_heavy
4759,7,198,6325.4,8223.0,0.7032,cloud_heavy
4760,8,198,6679.4,8683.2,0.7533,cloud_heavy
4761,9,198,7444.2,9677.5,0.8033,cloud_heavy
4762,10,198,7120.1,9256.2,0.8504,cloud_heavy
4763,11,198,7578.5,9852.1,0.8912,cloud_heavy
4764,12,198,7631.4,9920.8,0.923,cloud_heavy
4765,13,198,7532.8,9792.6,0.9431,cloud_heavy
4766,14,198,7257.8,9435.2,0.95,cloud_heavy
4767,15,198,7687.4,9993.6,0.9431,cloud_heavy
4768,16,198,7034.0,9144.2,0.923,cloud_heavy
4769,17,198,7577.3,9850.6,0.8912,cloud_heavy
4770,18,198,7098.7,9228.3,0.8504,cloud_heavy
4771,19,198,6311.3,8204.7,0.8033,cloud_heavy
4772,20,198,6575.8,8548.6,0.7533,cloud_heavy
4773,21,198,6556.9,8524.0,0.7032,cloud_heavy
4774,22,198,6184.1,8039.4,0.6556,cloud_heavy
4775,23,198,6174.4,8026.7,0.6123,cloud_heavy
4776,0,199,5354.4,6960.7,0.4829,cloud_heavy
4777,1,199,5340.3,6942.4,0.4978,cloud_heavy
4778,2,199,5630.3,7319.4,0.5177,cloud_heavy
4779,3,199,5756.1,7482.9,0.5431,cloud_heavy
4780,4,199,5823.2,7570.1,0.5747,cloud_heavy
4781,5,199,6267.3,8147.4,0.6123,cloud_heavy
4782,6,199,6069.6,7890.4,0.6556,cloud_heavy
4783,7,199,6491.2,8438.5,0.7032,cloud_heavy
4784,8,199,6657.2,8654.4,0.7533,cloud_heavy
4785,9,199,6536.2,8497.1,0.8033,cloud_heavy
4786,10,199,6777.1,8810.3,0.8504,cloud_heavy
4787,11,199,7232.7,9402.5,0.8912,cloud_heavy
4788,12,199,7802.7,10143.5,0.923,cloud_heavy
4789,13,199,7580.0,9854.0,0.9431,cloud_heavy
4790,14,199,7092.6,9220.4,0.95,cloud_heavy
4791,15,199,6755.3,8781.8,0.9431,cloud_heavy
4792,16,199,7526.9,9785.0,0.923,cloud_heavy
4793,17,199,7209.2,9372.0,0.8912,cloud_heavy
4794,18,199,7298.0,9487.4,0.8504,cloud_heavy
4795,19,199,6675.3,8677.9,0.8033,cloud_heavy
4796,20,199,6713.5,8727.5,0.7533,cloud_heavy
4797,21,199,6594.0,8572.2,0.7032,cloud_heavy
4798,22,199,6144.8,7988.3,0.6556,cloud_heavy
4799,23,199,5967.4,7757.7,0.6123,cloud_heavy
4800,0,200,5498.6,7148.2,0.4829,cloud_heavy
4801,1,200,5648.5,7343.1,0.4978,cloud_heavy
4802,2,200,5640.0,7332.0,0.5177,cloud_heavy
4803,3,200,5918.7,7694.3,0.5431,cloud_heavy
4804,4,200,5803.1,7544.1,0.5747,cloud_heavy
4805,5,200,5803.8,7544.9,0.6123,cloud_heavy
4806,6,200,6597.8,8577.2,0.6556,cloud_heavy
4807,7,200,6314.1,8208.4,0.7032,cloud_heavy
4808,8,200,6530.4,8489.5,0.7533,cloud_heavy
4809,9,200,6842.9,8895.8,0.8033,cloud_heavy
4810,10,200,7070.6,9191.8,0.8504,cloud_heavy
4811,11,200,7146.2,9290.1,0.8912,cloud_heavy
4812,12,200,7361.1,9569.5,0.923,cloud_heavy
4813,13,200,7441.6,9674.1,0.9431,cloud_heavy
4814,14,200,7519.0,9774.7,0.95,cloud_heavy
4815,15,200,6923.6,9000.6,0.9431,cloud_heavy
4816,16,200,7780.5,10114.7,0.923,cloud_heavy
4817,17,200,7198.2,9357.6,0.8912,cloud_heavy
4818,18,200,7179.3,9333.1,0.8504,cloud_heavy
4819,19,200,6573.0,8544.9,0.8033,cloud_heavy
4820,20,200,6549.8,8514.8,0.7533,cloud_heavy
4821,21,200,6301.1,8191.4,0.7032,cloud_heavy
4822,22,200,6503.0,8454.0,0.6556,cloud_heavy
4823,23,200,5938.5,7720.0,0.6123,cloud_heavy
4824,0,201,5576.6,7249.6,0.473,cloud_heavy
4825,1,201,5389.8,7006.7,0.4835,cloud_heavy
4826,2,201,5480.7,7124.9,0.4974,cloud_heavy
4827,3,201,5590.4,7267.5,0.5152,cloud_heavy
4828,4,201,5946.2,7730.1,0.5373,cloud_heavy
4829,5,201,5506.8,7158.8,0.5636,cloud_heavy
4830,6,201,5730.8,7450.1,0.5939,cloud_heavy
4831,7,201,5751.2,7476.5,0.6272,cloud_heavy
4832,8,201,6052.9,7868.8,0.6623,cloud_heavy
4833,9,201,6250.0,8125.0,0.6973,cloud_heavy
4834,10,201,6228.9,8097.5,0.7303,cloud_heavy
4835,11,201,6520.7,8476.9,0.7589,cloud_heavy
4836,12,201,6353.2,8259.2,0.7811,cloud_heavy
4837,13,201,6613.5,8597.5,0.7952,cloud_heavy
4838,14,201,7088.7,9215.3,0.8,cloud_heavy
4839,15,201,6904.4,8975.7,0.7952,cloud_heavy
4840,16,201,6800.0,8839.9,0.7811,cloud_heavy
4841,17,201,6466.9,8407.0,0.7589,cloud_heavy
4842,18,201,6244.3,8117.5,0.7303,cloud_heavy
4843,19,201,6187.0,8043.1,0.6973,cloud_heavy
4844,20,201,6248.9,8123.6,0.6623,cloud_heavy
4845,21,201,6267.1,8147.2,0.6272,cloud_heavy
4846,22,201,6127.9,7966.2,0.5939,cloud_heavy
4847,23,201,5948.2,7732.6,0.5636,cloud_heavy
4848,0,202,5331.9,6931.5,0.473,cloud_heavy
4849,1,202,5501.1,7151.4,0.4835,cloud_heavy
4850,2,202,5502.6,7153.3,0.4974,cloud_heavy
4851,3,202,5597.9,7277.3,0.5152,cloud_heavy
4852,4,202,6075.6,7898.3,0.5373,cloud_heavy
4853,5,202,5529.1,7187.9,0.5636,cloud_heavy
4854,6,202,5924.3,7701.6,0.5939,cloud_heavy
4855,7,202,6330.0,8229.0,0.6272,cloud_heavy
4856,8,202,5981.9,7776.4,0.6623,cloud_heavy
4857,9,202,6282.2,8166.9,0.6973,cloud_heavy
4858,10,202,6442.0,8374.6,0.7303,cloud_heavy
4859,11,202,6622.9,8609.7,0.7589,cloud_heavy
4860,12,202,6438.2,8369.6,0.7811,cloud_heavy
4861,13,202,6943.6,9026.7,0.7952,cloud_heavy
4862,14,202,6979.1,9072.8,0.8,cloud_heavy
4863,15,202,6925.8,9003.6,0.7952,cloud_heavy
4864,16,202,6585.4,8561.0,0.7811,cloud_heavy
4865,17,202,6684.8,8690.3,0.7589,cloud_heavy
4866,18,202,6369.3,8280.1,0.7303,cloud_heavy
4867,19,202,6342.0,8244.6,0.6973,cloud_heavy
4868,20,202,6661.3,8659.6,0.6623,cloud_heavy
4869,21,202,6125.5,7963.2,0.6272,cloud_heavy
4870,22,202,5753.8,7479.9,0.5939,cloud_heavy
4871,23,202,5869.3,7630.1,0.5636,cloud_heavy
4872,0,203,5271.7,6853.2,0.4829,cloud_heavy
4873,1,203,5358.1,6965.5,0.4978,cloud_heavy
4874,2,203,5466.2,7106.0,0.5177,cloud_heavy
4875,3,203,5674.0,7376.2,0.5431,cloud_heavy
4876,4,203,6050.1,7865.1,0.5747,cloud_heavy
4877,5,203,6149.6,7994.5,0.6123,cloud_heavy
4878,6,203,6326.1,8224.0,0.6556,cloud_heavy
4879,7,203,6218.8,8084.4,0.7032,cloud_heavy
4880,8,203,6535.8,8496.5,0.7533,cloud_heavy
4881,9,203,6912.4,8986.1,0.8033,cloud_heavy
4882,10,203,6923.4,9000.4,0.8504,cloud_heavy
4883,11,203,7169.7,9320.7,0.8912,cloud_heavy
4884,12,203,7462.5,9701.2,0.923,cloud_heavy
4885,13,203,7372.5,9584.3,0.9431,cloud_heavy
4886,14,203,7530.5,9789.7,0.95,cloud_heavy
4887,15,203,7806.5,10148.4,0.9431,cloud_heavy
4888,16,203,7327.0,9525.1,0.923,cloud_heavy
4889,17,203,7485.9,9731.7,0.8912,cloud_heavy
4890,18,203,7174.8,9327.2,0.8504,cloud_heavy
4891,19,203,6554.6,8521.0,0.8033,cloud_heavy
4892,20,203,6424.0,8351.2,0.7533,cloud_heavy
4893,21,203,6270.0,8150.9,0.7032,cloud_heavy
4894,22,203,6068.7,7889.3,0.6556,cloud_heavy
4895,23,203,6028.3,7836.8,0.6123,cloud_heavy
4896,0,204,5595.8,7274.5,0.4829,cloud_heavy
4897,1,204,5767.3,7497.5,0.4978,cloud_heavy
4898,2,204,5694.6,7402.9,0.5177,cloud_heavy
4899,3,204,5673.7,7375.9,0.5431,cloud_heavy
4900,4,204,5517.1,7172.2,0.5747,cloud_heavy
4901,5,204,6057.5,7874.7,0.6123,cloud_heavy
4902,6,204,6233.2,8103.2,0.6556,cloud_heavy
4903,7,204,6466.1,8405.9,0.7032,cloud_heavy
4904,8,204,7063.5,9182.5,0.7533,cloud_heavy
4905,9,204,7111.6,9245.1,0.8033,cloud_heavy
4906,10,204,7222.6,9389.3,0.8504,cloud_heavy
4907,11,204,7021.4,9127.9,0.8912,cloud_heavy
4908,12,204,7251.6,9427.1,0.923,cloud_heavy
4909,13,204,7429.3,9658.1,0.9431,cloud_heavy
4910,14,204,7305.8,9497.6,0.95,cloud_heavy
4911,15,204,7562.4,9831.1,0.9431,cloud_heavy
4912,16,204,7443.8,9677.0,0.923,cloud_heavy
4913,17,204,6994.1,9092.3,0.8912,cloud_heavy
4914,18,204,7309.7,9502.6,0.8504,cloud_heavy
4915,19,204,6877.5,8940.7,0.8033,cloud_heavy
4916,20,204,6299.1,8188.8,0.7533,cloud_heavy
4917,21,204,6420.9,8347.1,0.7032,cloud_heavy
4918,22,204,6281.0,8165.3,0.6556,cloud_heavy
4919,23,204,6221.1,8087.4,0.6123,cloud_heavy
4920,0,205,5438.9,7070.5,0.4829,cloud_heavy
4921,1,205,5696.1,7404.9,0.4978,cloud_heavy
4922,2,205,5674.1,7376.3,0.5177,cloud_heavy
4923,3,205,5523.8,7180.9,0.5431,cloud_heavy
4924,4,205,5634.8,7325.3,0.5747,cloud_heavy
4925,5,205,6248.3,8122.7,0.6123,cloud_heavy
4926,6,205,6451.9,8387.5,0.6556,cloud_heavy
4927,7,205,6493.1,8441.0,0.7032,cloud_heavy
4928,8,205,6941.8,9024.3,0.7533,cloud_heavy
4929,9,205,7073.8,9195.9,0.8033,cloud_heavy
4930,10,205,7201.1,9361.4,0.8504,cloud_heavy
4931,11,205,7032.4,9142.2,0.8912,cloud_heavy
4932,12,205,7747.5,10071.8,0.923,cloud_heavy
4933,13,205,7570.4,9841.5,0.9431,cloud_heavy
4934,14,205,7393.2,9611.2,0.95,cloud_heavy
4935,15,205,7301.1,9491.5,0.9431,cloud_heavy
4936,16,205,7421.7,9648.2,0.923,cloud_heavy
4937,17,205,6867.7,8928.0,0.8912,cloud_heavy
4938,18,205,7204.5,9365.8,0.8504,cloud_heavy
4939,19,205,6660.3,8658.4,0.8033,cloud_heavy
4940,20,205,6717.6,8732.8,0.7533,cloud_heavy
4941,21,205,6330.1,8229.2,0.7032,cloud_heavy
4942,22,205,6179.0,8032.7,0.6556,cloud_heavy
4943,23,205,5907.4,7679.7,0.6123,cloud_heavy
4944,0,206,5467.9,7108.3,0.4829,cloud_heavy
4945,1,206,5873.1,7635.0,0.4978,cloud_heavy
4946,2,206,5876.8,7639.9,0.5177,cloud_heavy
4947,3,206,5811.8,7555.3,0.5431,cloud_heavy
4948,4,206,5880.2,7644.3,0.5747,cloud_heavy
4949,5,206,6197.8,8057.1,0.6123,cloud_heavy
4950,6,206,6439.6,8371.4,0.6556,cloud_heavy
4951,7,206,6270.7,8151.9,0.7032,cloud_heavy
4952,8,206,6628.3,8616.7,0.7533,cloud_heavy
4953,9,206,6481.7,8426.2,0.8033,cloud_heavy
4954,10,206,7294.1,9482.4,0.8504,cloud_heavy
4955,11,206,7678.0,9981.4,0.8912,cloud_heavy
4956,12,206,7382.7,9597.5,0.923,cloud_heavy
4957,13,206,6975.5,9068.2,0.9431,cloud_heavy
4958,14,206,7616.4,9901.4,0.95,cloud_heavy
4959,15,206,7248.4,9422.9,0.9431,cloud_heavy
4960,16,206,7218.4,9383.9,0.923,cloud_heavy
4961,17,206,7366.0,9575.8,0.8912,cloud_heavy
4962,18,206,7110.3,9243.3,0.8504,cloud_heavy
4963,19,206,6756.0,8782.8,0.8033,cloud_heavy
4964,20,206,6514.2,8468.5,0.7533,cloud_heavy
4965,21,206,6455.0,8391.6,0.7032,cloud_heavy
4966,22,206,6151.9,7997.5,0.6556,cloud_heavy
4967,23,206,5843.5,7596.6,0.6123,cloud_heavy
4968,0,207,5439.7,7071.6,0.4829,cloud_heavy
4969,1,207,5614.7,7299.1,0.4978,cloud_heavy
4970,2,207,5612.2,7295.9,0.5177,cloud_heavy
4971,3,207,5506.8,7158.8,0.5431,cloud_heavy
4972,4,207,6059.3,7877.1,0.5747,cloud_heavy
4973,5,207,5548.0,7212.4,0.6123,cloud_heavy
4974,6,207,6145.0,7988.5,0.6556,cloud_heavy
4975,7,207,6311.1,8204.5,0.7032,cloud_heavy
4976,8,207,6673.2,8675.2,0.7533,cloud_heavy
4977,9,207,6972.0,9063.6,0.8033,cloud_heavy
4978,10,207,7294.9,9483.4,0.8504,cloud_heavy
4979,11,207,7075.6,9198.3,0.8912,cloud_heavy
4980,12,207,7494.6,9742.9,0.923,cloud_heavy
4981,13,207,7494.3,9742.5,0.9431,cloud_heavy
4982,14,207,7095.7,9224.5,0.95,cloud_heavy
4983,15,207,7875.3,10237.9,0.9431,cloud_heavy
4984,16,207,7047.1,9161.2,0.923,cloud_heavy
4985,17,207,7321.1,9517.4,0.8912,cloud_heavy
4986,18,207,7138.9,9280.6,0.8504,cloud_heavy
4987,19,207,6913.1,8987.1,0.8033,cloud_heavy
4988,20,207,6545.1,8508.6,0.7533,cloud_heavy
4989,21,207,6590.4,8567.5,0.7032,cloud_heavy
4990,22,207,5936.9,7717.9,0.6556,cloud_heavy
4991,23,207,6032.8,7842.6,0.6123,cloud_heavy
4992,0,208,5360.3,6968.4,0.473,cloud_heavy
4993,1,208,5385.4,7001.0,0.4835,cloud_heavy
4994,2,208,5627.6,7315.9,0.4974,cloud_heavy
4995,3,208,5813.9,7558.1,0.5152,cloud_heavy
4996,4,208,5666.8,7366.8,0.5373,cloud_heavy
4997,5,208,5974.5,7766.8,0.5636,cloud_heavy
4998,6,208,5975.2,7767.8,0.5939,cloud_heavy
4999,7,208,5944.4,7727.7,0.6272,cloud_heavy
5000,8,208,6208.6,8071.2,0.6623,cloud_heavy
5001,9,208,6348.4,8252.9,0.6973,cloud_heavy
5002,10,208,6409.1,8331.8,0.7303,cloud_heavy
5003,11,208,6753.2,8779.2,0.7589,cloud_heavy
5004,12,208,6809.5,8852.4,0.7811,cloud_heavy
5005,13,208,6496.3,8445.1,0.7952,cloud_heavy
5006,14,208,6503.3,8454.3,0.8,cloud_heavy
5007,15,208,6908.7,8981.3,0.7952,cloud_heavy
5008,16,208,6596.5,8575.5,0.7811,cloud_heavy
5009,17,208,6727.9,8746.3,0.7589,cloud_heavy
5010,18,208,6699.3,8709.0,0.7303,cloud_heavy
5011,19,208,6161.7,8010.2,0.6973,cloud_heavy
5012,20,208,5992.1,7789.7,0.6623,cloud_heavy
5013,21,208,6414.8,8339.2,0.6272,cloud_heavy
5014,22,208,6029.3,7838.0,0.5939,cloud_heavy
5015,23,208,5764.3,7493.6,0.5636,cloud_heavy
5016,0,209,5299.8,6889.7,0.473,cloud_heavy
5017,1,209,5412.9,7036.8,0.4835,cloud_heavy
5018,2,209,5357.7,6965.0,0.4974,cloud_heavy
5019,3,209,5781.1,7515.5,0.5152,cloud_heavy
5020,4,209,5592.3,7270.0,0.5373,cloud_heavy
5021,5,209,6029.2,7838.0,0.5636,cloud_heavy
5022,6,209,5894.6,7663.0,0.5939,cloud_heavy
5023,7,209,5916.8,7691.8,0.6272,cloud_heavy
5024,8,209,6177.0,8030.1,0.6623,cloud_heavy
5025,9,209,5901.6,7672.1,0.6973,cloud_heavy
5026,10,209,6522.2,8478.8,0.7303,cloud_heavy
5027,11,209,6633.5,8623.5,0.7589,cloud_heavy
5028,12,209,6929.2,9008.0,0.7811,cloud_heavy
5029,13,209,6435.8,8366.5,0.7952,cloud_heavy
5030,14,209,7080.8,9205.0,0.8,cloud_heavy
5031,15,209,6989.7,9086.6,0.7952,cloud_heavy
5032,16,209,7015.9,9120.7,0.7811,cloud_heavy
5033,17,209,6657.0,8654.1,0.7589,cloud_heavy
5034,18,209,6745.0,8768.5,0.7303,cloud_heavy
5035,19,209,6123.2,7960.2,0.6973,cloud_heavy
5036,20,209,6390.9,8308.1,0.6623,cloud_heavy
5037,21,209,5966.7,7756.7,0.6272,cloud_heavy
5038,22,209,5670.8,7372.0,0.5939,cloud_heavy
5039,23,209,5640.9,7333.1,0.5636,cloud_heavy
5040,0,210,5495.4,7144.0,0.4829,cloud_heavy
5041,1,210,5420.6,7046.8,0.4978,cloud_heavy
5042,2,210,5706.1,7417.9,0.5177,cloud_heavy
5043,3,210,5438.7,7070.3,0.5431,cloud_heavy
5044,4,210,5509.2,7161.9,0.5747,cloud_heavy
5045,5,210,6293.6,8181.6,0.6123,cloud_heavy
5046,6,210,6397.3,8316.5,0.6556,cloud_heavy
5047,7,210,6228.3,8096.8,0.7032,cloud_heavy
5048,8,210,6643.1,8636.0,0.7533,cloud_heavy
5049,9,210,7066.1,9186.0,0.8033,cloud_heavy
5050,10,210,7145.1,9288.7,0.8504,cloud_heavy
5051,11,210,7262.3,9440.9,0.8912,cloud_heavy
5052,12,210,7606.9,9889.0,0.923,cloud_heavy
5053,13,210,7287.2,9473.3,0.9431,cloud_heavy
5054,14,210,7486.8,9732.8,0.95,cloud_heavy
5055,15,210,7446.5,9680.5,0.9431,cloud_heavy
5056,16,210,7304.7,9496.1,0.923,cloud_heavy
5057,17,210,7145.6,9289.2,0.8912,cloud_heavy
5058,18,210,7071.8,9193.3,0.8504,cloud_heavy
5059,19,210,6863.5,8922.6,0.8033,cloud_heavy
5060,20,210,6434.7,8365.1,0.7533,cloud_heavy
5061,21,210,6585.5,8561.1,0.7032,cloud_heavy
5062,22,210,6046.0,7859.8,0.6556,cloud_heavy
5063,23,210,6005.1,7806.7,0.6123,cloud_heavy
5064,0,211,5445.8,7079.6,0.4829,cloud_heavy
5065,1,211,5617.7,7303.1,0.4978,cloud_heavy
5066,2,211,5283.7,6868.8,0.5177,cloud_heavy
5067,3,211,5904.3,7675.6,0.5431,cloud_heavy
5068,4,211,5765.2,7494.7,0.5747,cloud_heavy
5069,5,211,6265.9,8145.7,0.6123,cloud_heavy
5070,6,211,6139.1,7980.8,0.6556,cloud_heavy
5071,7,211,6421.3,8347.8,0.7032,cloud_heavy
5072,8,211,7025.1,9132.7,0.7533,cloud_heavy
5073,9,211,6799.4,8839.2,0.8033,cloud_heavy
5074,10,211,7318.6,9514.2,0.8504,cloud_heavy
5075,11,211,7238.6,9410.2,0.8912,cloud_heavy
5076,12,211,7456.8,9693.8,0.923,cloud_heavy
5077,13,211,7466.1,9706.0,0.9431,cloud_heavy
5078,14,211,7670.1,9971.1,0.95,cloud_heavy
5079,15,211,7297.3,9486.5,0.9431,cloud_heavy
5080,16,211,7147.5,9291.8,0.923,cloud_heavy
5081,17,211,7091.6,9219.1,0.8912,cloud_heavy
5082,18,211,7077.5,9200.7,0.8504,cloud_heavy
5083,19,211,6811.0,8854.3,0.8033,cloud_heavy
5084,20,211,6785.3,8820.8,0.7533,cloud_heavy
5085,21,211,6682.5,8687.2,0.7032,cloud_heavy
5086,22,211,6046.1,7859.9,0.6556,cloud_heavy
5087,23,211,5911.6,7685.1,0.6123,cloud_heavy
5088,0,212,5257.7,6835.1,0.4829,cloud_heavy
5089,1,212,5896.6,7665.6,0.4978,cloud_heavy
5090,2,212,5694.0,7402.2,0.5177,cloud_heavy
5091,3,212,5833.4,7583.4,0.5431,cloud_heavy
5092,4,212,5648.1,7342.5,0.5747,cloud_heavy
5093,5,212,6044.5,7857.8,0.6123,cloud_heavy
5094,6,212,6323.6,8220.6,0.6556,cloud_heavy
5095,7,212,6382.0,8296.6,0.7032,cloud_heavy
5096,8,212,6858.1,8915.5,0.7533,cloud_heavy
5097,9,212,7332.0,9531.6,0.8033,cloud_heavy
5098,10,212,6855.9,8912.7,0.8504,cloud_heavy
5099,11,212,7008.4,9110.9,0.8912,cloud_heavy
5100,12,212,7171.0,9322.3,0.923,cloud_heavy
5101,13,212,7809.5,10152.4,0.9431,cloud_heavy
5102,14,212,7713.7,10027.8,0.95,cloud_heavy
5103,15,212,7420.2,9646.3,0.9431,cloud_heavy
5104,16,212,7373.0,9585.0,0.923,cloud_heavy
5105,17,212,7053.0,9168.9,0.8912,cloud_heavy
5106,18,212,7244.8,9418.2,0.8504,cloud_heavy
5107,19,212,6778.3,8811.8,0.8033,cloud_heavy
5108,20,212,6591.8,8569.4,0.7533,cloud_heavy
5109,21,212,6548.2,8512.7,0.7032,cloud_heavy
5110,22,212,6193.3,8051.3,0.6556,cloud_heavy
5111,23,212,6002.1,7802.7,0.6123,cloud_heavy
5112,0,213,5496.2,7145.1,0.4829,cloud_heavy
5113,1,213,5690.6,7397.8,0.4978,cloud_heavy
5114,2,213,5921.1,7697.4,0.5177,cloud_heavy
5115,3,213,5851.6,7607.1,0.5431,cloud_heavy
5116,4,213,6026.5,7834.4,0.5747,cloud_heavy
5117,5,213,6008.5,7811.0,0.6123,cloud_heavy
5118,6,213,6096.2,7925.0,0.6556,cloud_heavy
5119,7,213,6556.9,8524.0,0.7032,cloud_heavy
5120,8,213,6677.8,8681.2,0.7533,cloud_heavy
5121,9,213,6563.8,8533.0,0.8033,cloud_heavy
5122,10,213,6986.9,9083.0,0.8504,cloud_heavy
5123,11,213,7212.1,9375.8,0.8912,cloud_heavy
5124,12,213,7252.2,9427.8,0.923,cloud_heavy
5125,13,213,7781.7,10116.2,0.9431,cloud_heavy
5126,14,213,7587.5,9863.7,0.95,cloud_heavy
5127,15,213,7757.4,10084.6,0.9431,cloud_heavy
5128,16,213,7423.2,9650.1,0.923,cloud_heavy
5129,17,213,7247.8,9422.1,0.8912,cloud_heavy
5130,18,213,6858.1,8915.5,0.8504,cloud_heavy
5131,19,213,6858.9,8916.6,0.8033,cloud_heavy
5132,20,213,6646.3,8640.2,0.7533,cloud_heavy
5133,21,213,6167.0,8017.1,0.7032,cloud_heavy
5134,22,213,6127.6,7965.9,0.6556,cloud_heavy
5135,23,213,5986.1,7781.9,0.6123,cloud_heavy
5136,0,214,5562.6,7231.4,0.4829,cloud_heavy
5137,1,214,5635.0,7325.4,0.4978,cloud_heavy
5138,2,214,5544.0,7207.2,0.5177,cloud_heavy
5139,3,214,5831.5,7581.0,0.5431,cloud_heavy
5140,4,214,5852.5,7608.3,0.5747,cloud_heavy
5141,5,214,5524.3,7181.6,0.6123,cloud_heavy
5142,6,214,6137.9,7979.2,0.6556,cloud_heavy
5143,7,214,6638.9,8630.6,0.7032,cloud_heavy
5144,8,214,6308.5,8201.0,0.7533,cloud_heavy
5145,9,214,6879.6,8943.5,0.8033,cloud_heavy
5146,10,214,7392.0,9609.5,0.8504,cloud_heavy
5147,11,214,7065.1,9184.7,0.8912,cloud_heavy
5148,12,214,7365.4,9575.1,0.923,cloud_heavy
5149,13,214,7159.0,9306.7,0.9431,cloud_heavy
5150,14,214,7844.9,10198.4,0.95,cloud_heavy
5151,15,214,7431.9,9661.4,0.9431,cloud_heavy
5152,16,214,7375.3,9587.9,0.923,cloud_heavy
5153,17,214,7523.9,9781.0,0.8912,cloud_heavy
5154,18,214,7196.4,9355.3,0.8504,cloud_heavy
5155,19,214,6676.3,8679.2,0.8033,cloud_heavy
5156,20,214,6514.7,8469.1,0.7533,cloud_heavy
5157,21,214,6526.3,8484.1,0.7032,cloud_heavy
5158,22,214,6111.8,7945.3,0.6556,cloud_heavy
5159,23,214,5660.8,7359.0,0.6123,cloud_heavy
5160,0,215,5443.9,7077.0,0.473,cloud_heavy
5161,1,215,5253.0,6828.8,0.4835,cloud_heavy
5162,2,215,5825.5,7573.2,0.4974,cloud_heavy
5163,3,215,5661.8,7360.3,0.5152,cloud_heavy
5164,4,215,5570.2,7241.3,0.5373,cloud_heavy
5165,5,215,5715.4,7430.0,0.5636,cloud_heavy
5166,6,215,5628.2,7316.6,0.5939,cloud_heavy
5167,7,215,5906.5,7678.5,0.6272,cloud_heavy
5168,8,215,6447.8,8382.1,0.6623,cloud_heavy
5169,9,215,6834.8,8885.3,0.6973,cloud_heavy
5170,10,215,6688.6,8695.1,0.7303,cloud_heavy
5171,11,215,6649.1,8643.8,0.7589,cloud_heavy
5172,12,215,6674.3,8676.6,0.7811,cloud_heavy
5173,13,215,6626.0,8613.9,0.7952,cloud_heavy
5174,14,215,7265.1,9444.6,0.8,cloud_heavy
5175,15,215,6783.2,8818.1,0.7952,cloud_heavy
5176,16,215,7191.1,9348.4,0.7811,cloud_heavy
5177,17,215,6946.3,9030.1,0.7589,cloud_heavy
5178,18,215,6204.1,8065.3,0.7303,cloud_heavy
5179,19,215,6278.0,8161.4,0.6973,cloud_heavy
5180,20,215,6131.4,7970.9,0.6623,cloud_heavy
5181,21,215,6093.4,7921.4,0.6272,cloud_heavy
5182,22,215,5955.5,7742.2,0.5939,cloud_heavy
5183,23,215,6362.5,8271.2,0.5636,cloud_heavy
5184,0,216,5276.4,6859.3,0.473,cloud_heavy
5185,1,216,5534.8,7195.3,0.4835,cloud_heavy
5186,2,216,5658.9,7356.5,0.4974,cloud_heavy
5187,3,216,5631.6,7321.1,0.5152,cloud_heavy
5188,4,216,5744.6,7468.0,0.5373,cloud_heavy
5189,5,216,5654.7,7351.2,0.5636,cloud_heavy
5190,6,216,5985.4,7781.0,0.5939,cloud_heavy
5191,7,216,6201.7,8062.2,0.6272,cloud_heavy
5192,8,216,6318.5,8214.1,0.6623,cloud_heavy
5193,9,216,6515.5,8470.2,0.6973,cloud_heavy
5194,10,216,6823.3,8870.3,0.7303,cloud_heavy
5195,11,216,6854.9,8911.4,0.7589,cloud_heavy
5196,12,216,6776.4,8809.3,0.7811,cloud_heavy
5197,13,216,6582.0,8556.6,0.7952,cloud_heavy
5198,14,216,6719.1,8734.9,0.8,cloud_heavy
5199,15,216,6776.8,8809.9,0.7952,cloud_heavy
5200,16,216,6813.1,8857.0,0.7811,cloud_heavy
5201,17,216,6571.8,8543.4,0.7589,cloud_heavy
5202,18,216,6362.1,8270.8,0.7303,cloud_heavy
5203,19,216,6177.6,8030.9,0.6973,cloud_heavy
5204,20,216,5947.1,7731.2,0.6623,cloud_heavy
5205,21,216,6064.9,7884.4,0.6272,cloud_heavy
5206,22,216,5703.3,7414.3,0.5939,cloud_heavy
5207,23,216,5662.5,7361.3,0.5636,cloud_heavy
5208,0,217,5429.6,7058.4,0.4829,cloud_heavy
5209,1,217,5335.3,6935.9,0.4978,cloud_heavy
5210,2,217,5706.7,7418.7,0.5177,cloud_heavy
5211,3,217,5878.3,7641.8,0.5431,cloud_heavy
5212,4,217,5787.7,7524.0,0.5747,cloud_heavy
5213,5,217,5965.4,7755.1,0.6123,cloud_heavy
5214,6,217,6328.8,8227.5,0.6556,cloud_heavy
5215,7,217,6293.0,8180.9,0.7032,cloud_heavy
5216,8,217,6487.7,8434.0,0.7533,cloud_heavy
5217,9,217,7102.5,9233.3,0.8033,cloud_heavy
5218,10,217,7243.5,9416.6,0.8504,cloud_heavy
5219,11,217,7360.6,9568.8,0.8912,cloud_heavy
5220,12,217,7569.5,9840.3,0.923,cloud_heavy
5221,13,217,7008.5,9111.1,0.9431,cloud_heavy
5222,14,217,7783.6,10118.7,0.95,cloud_heavy
5223,15,217,7538.1,9799.6,0.9431,cloud_heavy
5224,16,217,7588.3,9864.8,0.923,cloud_heavy
5225,17,217,7314.1,9508.3,0.8912,cloud_heavy
5226,18,217,7066.7,9186.8,0.8504,cloud_heavy
5227,19,217,6799.8,8839.7,0.8033,cloud_heavy
5228,20,217,6716.9,8731.9,0.7533,cloud_heavy
5229,21,217,6370.6,8281.8,0.7032,cloud_heavy
5230,22,217,6390.6,8307.8,0.6556,cloud_heavy
5231,23,217,5757.0,7484.1,0.6123,cloud_heavy
5232,0,218,5405.2,7026.8,0.4829,cloud_heavy
5233,1,218,5899.0,7668.7,0.4978,cloud_heavy
5234,2,218,5536.4,7197.3,0.5177,cloud_heavy
5235,3,218,5709.5,7422.3,0.5431,cloud_heavy
5236,4,218,5728.9,7447.5,0.5747,cloud_heavy
5237,5,218,6105.6,7937.3,0.6123,cloud_heavy
5238,6,218,6090.8,7918.1,0.6556,cloud_heavy
5239,7,218,6395.0,8313.5,0.7032,cloud_heavy
5240,8,218,6812.9,8856.7,0.7533,cloud_heavy
5241,9,218,6712.7,8726.5,0.8033,cloud_heavy
5242,10,218,7223.3,9390.3,0.8504,cloud_heavy
5243,11,218,7408.5,9631.0,0.8912,cloud_heavy
5244,12,218,7598.1,9877.5,0.923,cloud_heavy
5245,13,218,7481.9,9726.5,0.9431,cloud_heavy
5246,14,218,8076.9,10500.0,0.95,cloud_heavy
5247,15,218,7686.2,9992.1,0.9431,cloud_heavy
5248,16,218,7436.8,9667.8,0.923,cloud_heavy
5249,17,218,7040.1,9152.2,0.8912,cloud_heavy
5250,18,218,7035.8,9146.6,0.8504,cloud_heavy
5251,19,218,7149.8,9294.8,0.8033,cloud_heavy
5252,20,218,6984.4,9079.7,0.7533,cloud_heavy
5253,21,218,6716.0,8730.8,0.7032,cloud_heavy
5254,22,218,6375.1,8287.7,0.6556,cloud_heavy
5255,23,218,5817.0,7562.1,0.6123,cloud_heavy
5256,0,219,5574.8,7247.2,0.4829,cloud_heavy
5257,1,219,5351.0,6956.3,0.4978,cloud_heavy
5258,2,219,5390.6,7007.8,0.5177,cloud_heavy
5259,3,219,5791.9,7529.5,0.5431,cloud_heavy
5260,4,219,5977.0,7770.2,0.5747,cloud_heavy
5261,5,219,6208.5,8071.1,0.6123,cloud_heavy
5262,6,219,6321.3,8217.7,0.6556,cloud_heavy
5263,7,219,6533.3,8493.3,0.7032,cloud_heavy
5264,8,219,6447.4,8381.7,0.7533,cloud_heavy
5265,9,219,6834.8,8885.3,0.8033,cloud_heavy
5266,10,219,6737.3,8758.5,0.8504,cloud_heavy
5267,11,219,6795.6,8834.2,0.8912,cloud_heavy
5268,12,219,7528.6,9787.2,0.923,cloud_heavy
5269,13,219,7282.2,9466.8,0.9431,cloud_heavy
5270,14,219,7675.6,9978.3,0.95,cloud_heavy
5271,15,219,7698.2,10007.7,0.9431,cloud_heavy
5272,16,219,7228.1,9396.6,0.923,cloud_heavy
5273,17,219,7358.2,9565.6,0.8912,cloud_heavy
5274,18,219,6916.4,8991.3,0.8504,cloud_heavy
5275,19,219,6476.8,8419.8,0.8033,cloud_heavy
5276,20,219,6668.3,8668.7,0.7533,cloud_heavy
5277,21,219,6339.9,8241.9,0.7032,cloud_heavy
5278,22,219,6146.2,7990.0,0.6556,cloud_heavy
5279,23,219,6402.9,8323.8,0.6123,cloud_heavy
5280,0,220,5243.0,6815.9,0.4829,cloud_heavy
5281,1,220,5621.9,7308.4,0.4978,cloud_heavy
5282,2,220,5474.0,7116.2,0.5177,cloud_heavy
5283,3,220,5907.3,7679.5,0.5431,cloud_heavy
5284,4,220,5937.4,7718.6,0.5747,cloud_heavy
5285,5,220,6113.5,7947.5,0.6123,cloud_heavy
5286,6,220,6051.9,7867.4,0.6556,cloud_heavy
5287,7,220,6283.1,8168.0,0.7032,cloud_heavy
5288,8,220,6828.5,8877.0,0.7533,cloud_heavy
5289,9,220,7220.7,9386.9,0.8033,cloud_heavy
5290,10,220,7158.1,9305.5,0.8504,cloud_heavy
5291,11,220,7035.5,9146.1,0.8912,cloud_heavy
5292,12,220,7439.9,9671.8,0.923,cloud_heavy
5293,13,220,7993.1,10391.0,0.9431,cloud_heavy
5294,14,220,7502.8,9753.6,0.95,cloud_heavy
5295,15,220,7777.2,10110.4,0.9431,cloud_heavy
5296,16,220,7201.4,9361.8,0.923,cloud_heavy
5297,17,220,7221.0,9387.3,0.8912,cloud_heavy
5298,18,220,7187.5,9343.8,0.8504,cloud_heavy
5299,19,220,6938.2,9019.6,0.8033,cloud_heavy
5300,20,220,6490.9,8438.2,0.7533,cloud_heavy
5301,21,220,6274.6,8157.0,0.7032,cloud_heavy
5302,22,220,6413.1,8337.0,0.6556,cloud_heavy
5303,23,220,6260.8,8139.0,0.6123,cloud_heavy
5304,0,221,5743.7,7466.9,0.4829,cloud_heavy
5305,1,221,5858.8,7616.5,0.4978,cloud_heavy
5306,2,221,5665.2,7364.7,0.5177,cloud_heavy
5307,3,221,5696.9,7406.0,0.5431,cloud_heavy
5308,4,221,6123.2,7960.1,0.5747,cloud_heavy
5309,5,221,6174.0,8026.2,0.6123,cloud_heavy
5310,6,221,6044.8,7858.3,0.6556,cloud_heavy
5311,7,221,6231.4,8100.8,0.7032,cloud_heavy
5312,8,221,6741.7,8764.3,0.7533,cloud_heavy
5313,9,221,6820.0,8866.0,0.8033,cloud_heavy
5314,10,221,7050.8,9166.0,0.8504,cloud_heavy
5315,11,221,7462.7,9701.6,0.8912,cloud_heavy
5316,12,221,7532.7,9792.5,0.923,cloud_heavy
5317,13,221,7747.7,10072.1,0.9431,cloud_heavy
5318,14,221,7046.4,9160.3,0.95,cloud_heavy
5319,15,221,7507.1,9759.3,0.9431,cloud_heavy
5320,16,221,7518.5,9774.0,0.923,cloud_heavy
5321,17,221,6899.0,8968.7,0.8912,cloud_heavy
5322,18,221,6917.7,8993.1,0.8504,cloud_heavy
5323,19,221,6683.6,8688.6,0.8033,cloud_heavy
5324,20,221,6648.0,8642.4,0.7533,cloud_heavy
5325,21,221,6744.8,8768.3,0.7032,cloud_heavy
5326,22,221,6606.3,8588.3,0.6556,cloud_heavy
5327,23,221,5897.0,7666.1,0.6123,cloud_heavy
5328,0,222,5538.7,7200.3,0.473,cloud_heavy
5329,1,222,5589.2,7266.0,0.4835,cloud_heavy
5330,2,222,5620.7,7306.9,0.4974,cloud_heavy
5331,3,222,5699.3,7409.1,0.5152,cloud_heavy
5332,4,222,5777.9,7511.3,0.5373,cloud_heavy
5333,5,222,6133.3,7973.3,0.5636,cloud_heavy
5334,6,222,6163.7,8012.8,0.5939,cloud_heavy
5335,7,222,5913.7,7687.8,0.6272,cloud_heavy
5336,8,222,6406.4,8328.3,0.6623,cloud_heavy
5337,9,222,6577.4,8550.7,0.6973,cloud_heavy
5338,10,222,6607.8,8590.1,0.7303,cloud_heavy
5339,11,222,6893.8,8962.0,0.7589,cloud_heavy
5340,12,222,6800.1,8840.1,0.7811,cloud_heavy
5341,13,222,6862.8,8921.7,0.7952,cloud_heavy
5342,14,222,6867.2,8927.4,0.8,cloud_heavy
5343,15,222,6408.7,8331.4,0.7952,cloud_heavy
5344,16,222,6745.6,8769.3,0.7811,cloud_heavy
5345,17,222,6533.9,8494.0,0.7589,cloud_heavy
5346,18,222,6312.9,8206.8,0.7303,cloud_heavy
5347,19,222,6681.5,8686.0,0.6973,cloud_heavy
5348,20,222,6351.7,8257.2,0.6623,cloud_heavy
5349,21,222,6102.5,7933.3,0.6272,cloud_heavy
5350,22,222,5865.2,7624.8,0.5939,cloud_heavy
5351,23,222,5889.6,7656.5,0.5636,cloud_heavy
5352,0,223,5614.8,7299.2,0.473,cloud_heavy
5353,1,223,5360.7,6968.9,0.4835,cloud_heavy
5354,2,223,5555.3,7221.9,0.4974,cloud_heavy
5355,3,223,5778.6,7512.1,0.5152,cloud_heavy
5356,4,223,5393.2,7011.1,0.5373,cloud_heavy
5357,5,223,5827.6,7575.9,0.5636,cloud_heavy
5358,6,223,5889.5,7656.3,0.5939,cloud_heavy
5359,7,223,6083.5,7908.5,0.6272,cloud_heavy
5360,8,223,6162.9,8011.7,0.6623,cloud_heavy
5361,9,223,6432.4,8362.1,0.6973,cloud_heavy
5362,10,223,6923.7,9000.8,0.7303,cloud_heavy
5363,11,223,6602.7,8583.5,0.7589,cloud_heavy
5364,12,223,6821.1,8867.4,0.7811,cloud_heavy
5365,13,223,7230.0,9399.0,0.7952,cloud_heavy
5366,14,223,6729.4,8748.2,0.8,cloud_heavy
5367,15,223,7193.2,9351.1,0.7952,cloud_heavy
5368,16,223,6763.0,8791.9,0.7811,cloud_heavy
5369,17,223,7023.9,9131.1,0.7589,cloud_heavy
5370,18,223,6693.2,8701.2,0.7303,cloud_heavy
5371,19,223,6465.0,8404.5,0.6973,cloud_heavy
5372,20,223,6244.7,8118.1,0.6623,cloud_heavy
5373,21,223,5993.6,7791.7,0.6272,cloud_heavy
5374,22,223,5979.9,7773.9,0.5939,cloud_heavy
5375,23,223,5994.9,7793.4,0.5636,cloud_heavy
5376,0,224,5492.3,7140.0,0.4829,cloud_heavy
5377,1,224,5505.2,7156.8,0.4978,cloud_heavy
5378,2,224,5599.9,7279.9,0.5177,cloud_heavy
5379,3,224,5921.9,7698.4,0.5431,cloud_heavy
5380,4,224,6101.0,7931.3,0.5747,cloud_heavy
5381,5,224,5923.7,7700.8,0.6123,cloud_heavy
5382,6,224,6103.5,7934.5,0.6556,cloud_heavy
5383,7,224,6504.0,8455.1,0.7032,cloud_heavy
5384,8,224,6948.1,9032.6,0.7533,cloud_heavy
5385,9,224,7092.2,9219.8,0.8033,cloud_heavy
5386,10,224,6791.4,8828.8,0.8504,cloud_heavy
5387,11,224,7172.8,9324.7,0.8912,cloud_heavy
5388,12,224,7159.4,9307.2,0.923,cloud_heavy
5389,13,224,7390.7,9607.9,0.9431,cloud_heavy
5390,14,224,7839.8,10191.8,0.95,cloud_heavy
5391,15,224,7132.5,9272.3,0.9431,cloud_heavy
5392,16,224,7007.3,9109.5,0.923,cloud_heavy
5393,17,224,7050.4,9165.5,0.8912,cloud_heavy
5394,18,224,7117.2,9252.4,0.8504,cloud_heavy
5395,19,224,6984.1,9079.4,0.8033,cloud_heavy
5396,20,224,6730.9,8750.1,0.7533,cloud_heavy
5397,21,224,6657.6,8654.9,0.7032,cloud_heavy
5398,22,224,5899.0,7668.7,0.6556,cloud_heavy
5399,23,224,6260.2,8138.2,0.6123,cloud_heavy
5400,0,225,5443.0,7075.9,0.4829,cloud_heavy
5401,1,225,5680.0,7384.0,0.4978,cloud_heavy
5402,2,225,5418.4,7043.9,0.5177,cloud_heavy
5403,3,225,5751.5,7476.9,0.5431,cloud_heavy
5404,4,225,5926.4,7704.3,0.5747,cloud_heavy
5405,5,225,6254.3,8130.6,0.6123,cloud_heavy
5406,6,225,5932.2,7711.9,0.6556,cloud_heavy
5407,7,225,6436.7,8367.7,0.7032,cloud_heavy
5408,8,225,6427.4,8355.6,0.7533,cloud_heavy
5409,9,225,6960.4,9048.5,0.8033,cloud_heavy
5410,10,225,7220.9,9387.2,0.8504,cloud_heavy
5411,11,225,7509.3,9762.1,0.8912,cloud_heavy
5412,12,225,7246.8,9420.8,0.923,cloud_heavy
5413,13,225,7657.7,9955.1,0.9431,cloud_heavy
5414,14,225,7785.2,10120.7,0.95,cloud_heavy
5415,15,225,7083.2,9208.2,0.9431,cloud_heavy
5416,16,225,7500.3,9750.3,0.923,cloud_heavy
5417,17,225,7438.0,9669.4,0.8912,cloud_heavy
5418,18,225,7001.6,9102.1,0.8504,cloud_heavy
5419,19,225,6607.4,8589.6,0.8033,cloud_heavy
5420,20,225,6831.6,8881.1,0.7533,cloud_heavy
5421,21,225,6199.4,8059.2,0.7032,cloud_heavy
5422,22,225,6195.1,8053.6,0.6556,cloud_heavy
5423,23,225,6037.4,7848.6,0.6123,cloud_heavy
5424,0,226,5612.4,7296.2,0.4829,cloud_heavy
5425,1,226,5453.5,7089.6,0.4978,cloud_heavy
5426,2,226,5526.5,7184.5,0.5177,cloud_heavy
5427,3,226,5767.7,7498.0,0.5431,cloud_heavy
5428,4,226,6062.3,7881.1,0.5747,cloud_heavy
5429,5,226,6459.5,8397.4,0.6123,cloud_heavy
5430,6,226,5946.7,7730.8,0.6556,cloud_heavy
5431,7,226,6491.6,8439.1,0.7032,cloud_heavy
5432,8,226,6427.1,8355.3,0.7533,cloud_heavy
5433,9,226,7066.0,9185.8,0.8033,cloud_heavy
5434,10,226,6857.7,8915.0,0.8504,cloud_heavy
5435,11,226,7083.8,9208.9,0.8912,cloud_heavy
5436,12,226,7234.8,9405.2,0.923,cloud_heavy
5437,13,226,7433.5,9663.5,0.9431,cloud_heavy
5438,14,226,7552.3,9818.0,0.95,cloud_heavy
5439,15,226,7558.6,9826.2,0.9431,cloud_heavy
5440,16,226,7363.7,9572.8,0.923,cloud_heavy
5441,17,226,6941.7,9024.2,0.8912,cloud_heavy
5442,18,226,7210.4,9373.6,0.8504,cloud_heavy
5443,19,226,6845.5,8899.2,0.8033,cloud_heavy
5444,20,226,6875.2,8937.8,0.7533,cloud_heavy
5445,21,226,6294.2,8182.5,0.7032,cloud_heavy
5446,22,226,5929.0,7707.7,0.6556,cloud_heavy
5447,23,226,6038.5,7850.1,0.6123,cloud_heavy
5448,0,227,5708.1,7420.5,0.4829,cloud_heavy
5449,1,227,5584.9,7260.3,0.4978,cloud_heavy
5450,2,227,5608.6,7291.2,0.5177,cloud_heavy
5451,3,227,5600.5,7280.6,0.5431,cloud_heavy
5452,4,227,6195.0,8053.5,0.5747,cloud_heavy
5453,5,227,5858.0,7615.4,0.6123,cloud_heavy
5454,6,227,6092.9,7920.7,0.6556,cloud_heavy
5455,7,227,6540.7,8503.0,0.7032,cloud_heavy
5456,8,227,6273.8,8155.9,0.7533,cloud_heavy
5457,9,227,7118.6,9254.2,0.8033,cloud_heavy
5458,10,227,7188.5,9345.1,0.8504,cloud_heavy
5459,11,227,7425.2,9652.7,0.8912,cloud_heavy
5460,12,227,7488.3,9734.8,0.923,cloud_heavy
5461,13,227,7414.5,9638.8,0.9431,cloud_heavy
5462,14,227,7241.2,9413.6,0.95,cloud_heavy
5463,15,227,7419.2,9644.9,0.9431,cloud_heavy
5464,16,227,7149.5,9294.3,0.923,cloud_heavy
5465,17,227,7335.6,9536.2,0.8912,cloud_heavy
5466,18,227,7227.2,9395.3,0.8504,cloud_heavy
5467,19,227,7160.2,9308.3,0.8033,cloud_heavy
5468,20,227,6717.8,8733.1,0.7533,cloud_heavy
5469,21,227,6609.1,8591.9,0.7032,cloud_heavy
5470,22,227,6172.9,8024.8,0.6556,cloud_heavy
5471,23,227,5958.0,7745.4,0.6123,cloud_heavy
5472,0,228,5572.6,7244.3,0.4829,cloud_heavy
5473,1,228,5493.6,7141.7,0.4978,cloud_heavy
5474,2,228,5688.0,7394.3,0.5177,cloud_heavy
5475,3,228,5567.6,7237.8,0.5431,cloud_heavy
5476,4,228,5729.0,7447.7,0.5747,cloud_heavy
5477,5,228,6159.9,8007.9,0.6123,cloud_heavy
5478,6,228,6394.1,8312.3,0.6556,cloud_heavy
5479,7,228,6240.6,8112.8,0.7032,cloud_heavy
5480,8,228,6777.3,8810.5,0.7533,cloud_heavy
5481,9,228,6746.9,8770.9,0.8033,cloud_heavy
5482,10,228,7059.9,9177.8,0.8504,cloud_heavy
5483,11,228,7537.5,9798.7,0.8912,cloud_heavy
5484,12,228,7543.4,9806.4,0.923,cloud_heavy
5485,13,228,7628.4,9916.9,0.9431,cloud_heavy
5486,14,228,7908.1,10280.6,0.95,cloud_heavy
5487,15,228,7293.2,9481.1,0.9431,cloud_heavy
5488,16,228,7147.1,9291.3,0.923,cloud_heavy
5489,17,228,7073.5,9195.5,0.8912,cloud_heavy
5490,18,228,7002.5,9103.2,0.8504,cloud_heavy
5491,19,228,6372.1,8283.8,0.8033,cloud_heavy
5492,20,228,6602.3,8583.0,0.7533,cloud_heavy
5493,21,228,6325.7,8223.4,0.7032,cloud_heavy
5494,22,228,6374.9,8287.3,0.6556,cloud_heavy
5495,23,228,6108.6,7941.2,0.6123,cloud_heavy
5496,0,229,5354.3,6960.6,0.473,cloud_heavy
5497,1,229,5594.4,7272.7,0.4835,cloud_heavy
5498,2,229,5676.7,7379.7,0.4974,cloud_heavy
5499,3,229,5502.0,7152.6,0.5152,cloud_heavy
5500,4,229,5641.0,7333.3,0.5373,cloud_heavy
5501,5,229,5448.0,7082.4,0.5636,cloud_heavy
5502,6,229,5771.1,7502.5,0.5939,cloud_heavy
5503,7,229,5971.9,7763.5,0.6272,cloud_heavy
5504,8,229,6270.9,8152.2,0.6623,cloud_heavy
5505,9,229,6224.3,8091.5,0.6973,cloud_heavy
5506,10,229,6445.1,8378.6,0.7303,cloud_heavy
5507,11,229,6422.4,8349.2,0.7589,cloud_heavy
5508,12,229,6796.6,8835.6,0.7811,cloud_heavy
5509,13,229,6908.9,8981.6,0.7952,cloud_heavy
5510,14,229,6924.9,9002.4,0.8,cloud_heavy
5511,15,229,6824.3,8871.6,0.7952,cloud_heavy
5512,16,229,6449.3,8384.1,0.7811,cloud_heavy
5513,17,229,6543.5,8506.6,0.7589,cloud_heavy
5514,18,229,6465.9,8405.7,0.7303,cloud_heavy
5515,19,229,6328.4,8227.0,0.6973,cloud_heavy
5516,20,229,6271.1,8152.4,0.6623,cloud_heavy
5517,21,229,6369.2,8280.0,0.6272,cloud_heavy
5518,22,229,6111.7,7945.2,0.5939,cloud_heavy
5519,23,229,5664.8,7364.2,0.5636,cloud_heavy
5520,0,230,5563.6,7232.6,0.473,cloud_heavy
5521,1,230,5602.7,7283.5,0.4835,cloud_heavy
5522,2,230,5421.8,7048.3,0.4974,cloud_heavy
5523,3,230,5775.3,7507.9,0.5152,cloud_heavy
5524,4,230,5698.2,7407.6,0.5373,cloud_heavy
5525,5,230,5590.8,7268.0,0.5636,cloud_heavy
5526,6,230,6047.8,7862.2,0.5939,cloud_heavy
5527,7,230,6147.7,7992.1,0.6272,cloud_heavy
5528,8,230,6214.3,8078.6,0.6623,cloud_heavy
5529,9,230,6398.7,8318.4,0.6973,cloud_heavy
5530,10,230,6404.7,8326.1,0.7303,cloud_heavy
5531,11,230,6789.6,8826.4,0.7589,cloud_heavy
5532,12,230,6753.1,8779.0,0.7811,cloud_heavy
5533,13,230,6855.9,8912.6,0.7952,cloud_heavy
5534,14,230,6915.6,8990.3,0.8,cloud_heavy
5535,15,230,6585.5,8561.2,0.7952,cloud_heavy
5536,16,230,6580.5,8554.7,0.7811,cloud_heavy
5537,17,230,6225.5,8093.1,0.7589,cloud_heavy
5538,18,230,6656.8,8653.8,0.7303,cloud_heavy
5539,19,230,6173.0,8024.9,0.6973,cloud_heavy
5540,20,230,6281.9,8166.5,0.6623,cloud_heavy
5541,21,230,6176.0,8028.8,0.6272,cloud_heavy
5542,22,230,6074.2,7896.4,0.5939,cloud_heavy
5543,23,230,5626.9,7314.9,0.5636,cloud_heavy
5544,0,231,5483.7,7128.9,0.4829,cloud_heavy
5545,1,231,5836.5,7587.5,0.4978,cloud_heavy
5546,2,231,5932.6,7712.4,0.5177,cloud_heavy
5547,3,231,5921.0,7697.3,0.5431,cloud_heavy
5548,4,231,5944.3,7727.5,0.5747,cloud_heavy
5549,5,231,5862.4,7621.2,0.6123,cloud_heavy
5550,6,231,6362.7,8271.5,0.6556,cloud_heavy
5551,7,231,6400.3,8320.4,0.7032,cloud_heavy
5552,8,231,6755.4,8782.0,0.7533,cloud_heavy
5553,9,231,6726.3,8744.1,0.8033,cloud_heavy
5554,10,231,7019.8,9125.7,0.8504,cloud_heavy
5555,11,231,7265.7,9445.4,0.8912,cloud_heavy
5556,12,231,7419.4,9645.2,0.923,cloud_heavy
5557,13,231,7560.9,9829.1,0.9431,cloud_heavy
5558,14,231,7349.8,9554.8,0.95,cloud_heavy
5559,15,231,7150.3,9295.3,0.9431,cloud_heavy
5560,16,231,7724.0,10041.2,0.923,cloud_heavy
5561,17,231,7770.0,10101.1,0.8912,cloud_heavy
5562,18,231,7151.1,9296.4,0.8504,cloud_heavy
5563,19,231,6584.1,8559.3,0.8033,cloud_heavy
5564,20,231,6489.6,8436.5,0.7533,cloud_heavy
5565,21,231,6529.0,8487.7,0.7032,cloud_heavy
5566,22,231,6479.0,8422.7,0.6556,cloud_heavy
5567,23,231,5824.7,7572.2,0.6123,cloud_heavy
5568,0,232,5474.0,7116.2,0.4829,cloud_heavy
5569,1,232,5590.7,7267.9,0.4978,cloud_heavy
5570,2,232,5788.7,7525.4,0.5177,cloud_heavy
5571,3,232,5691.4,7398.8,0.5431,cloud_heavy
5572,4,232,5608.6,7291.2,0.5747,cloud_heavy
5573,5,232,6157.3,8004.5,0.6123,cloud_heavy
5574,6,232,6438.6,8370.2,0.6556,cloud_heavy
5575,7,232,6414.8,8339.3,0.7032,cloud_heavy
5576,8,232,6724.5,8741.8,0.7533,cloud_heavy
5577,9,232,6758.8,8786.5,0.8033,cloud_heavy
5578,10,232,6877.3,8940.5,0.8504,cloud_heavy
5579,11,232,7452.7,9688.6,0.8912,cloud_heavy
5580,12,232,7450.6,9685.8,0.923,cloud_heavy
5581,13,232,7560.1,9828.1,0.9431,cloud_heavy
5582,14,232,7816.9,10161.9,0.95,cloud_heavy
5583,15,232,7214.7,9379.1,0.9431,cloud_heavy
5584,16,232,7243.0,9415.9,0.923,cloud_heavy
5585,17,232,7264.4,9443.7,0.8912,cloud_heavy
5586,18,232,6936.9,9018.0,0.8504,cloud_heavy
5587,19,232,7017.5,9122.8,0.8033,cloud_heavy
5588,20,232,6606.3,8588.2,0.7533,cloud_heavy
5589,21,232,6239.3,8111.1,0.7032,cloud_heavy
5590,22,232,6240.7,8112.9,0.6556,cloud_heavy
5591,23,232,6075.6,7898.3,0.6123,cloud_heavy
5592,0,233,5648.5,7343.1,0.4829,cloud_heavy
5593,1,233,5623.6,7310.7,0.4978,cloud_heavy
5594,2,233,5720.5,7436.6,0.5177,cloud_heavy
5595,3,233,5805.9,7547.7,0.5431,cloud_heavy
5596,4,233,5851.5,7606.9,0.5747,cloud_heavy
5597,5,233,5914.8,7689.3,0.6123,cloud_heavy
5598,6,233,6282.4,8167.1,0.6556,cloud_heavy
5599,7,233,6366.5,8276.5,0.7032,cloud_heavy
5600,8,233,6980.5,9074.6,0.7533,cloud_heavy
5601,9,233,7132.5,9272.3,0.8033,cloud_heavy
5602,10,233,7190.3,9347.4,0.8504,cloud_heavy
5603,11,233,7312.2,9505.9,0.8912,cloud_heavy
5604,12,233,7345.5,9549.2,0.923,cloud_heavy
5605,13,233,7168.6,9319.2,0.9431,cloud_heavy
5606,14,233,7431.3,9660.7,0.95,cloud_heavy
5607,15,233,7473.2,9715.1,0.9431,cloud_heavy
5608,16,233,7415.7,9640.4,0.923,cloud_heavy
5609,17,233,7332.0,9531.5,0.8912,cloud_heavy
5610,18,233,7251.4,9426.8,0.8504,cloud_heavy
5611,19,233,6714.1,8728.3,0.8033,cloud_heavy
5612,20,233,6507.5,8459.8,0.7533,cloud_heavy
5613,21,233,6710.7,8723.9,0.7032,cloud_heavy
5614,22,233,6372.5,8284.2,0.6556,cloud_heavy
5615,23,233,5973.8,7766.0,0.6123,cloud_heavy
5616,0,234,5476.8,7119.9,0.4829,cloud_heavy
5617,1,234,5540.9,7203.2,0.4978,cloud_heavy
5618,2,234,5647.7,7342.1,0.5177,cloud_heavy
5619,3,234,5832.2,7581.8,0.5431,cloud_heavy
5620,4,234,6332.2,8231.9,0.5747,cloud_heavy
5621,5,234,6079.1,7902.8,0.6123,cloud_heavy
5622,6,234,6352.2,8257.9,0.6556,cloud_heavy
5623,7,234,6105.4,7937.0,0.7032,cloud_heavy
5624,8,234,6547.0,8511.2,0.7533,cloud_heavy
5625,9,234,7109.2,9242.0,0.8033,cloud_heavy
5626,10,234,7141.5,9284.0,0.8504,cloud_heavy
5627,11,234,6278.1,8161.5,0.8912,cloud_heavy
5628,12,234,7513.9,9768.1,0.923,cloud_heavy
5629,13,234,7879.2,10243.0,0.9431,cloud_heavy
5630,14,234,7031.9,9141.5,0.95,cloud_heavy
5631,15,234,7790.1,10127.1,0.9431,cloud_heavy
5632,16,234,6752.5,8778.3,0.923,cloud_heavy
5633,17,234,7433.6,9663.6,0.8912,cloud_heavy
5634,18,234,7054.5,9170.9,0.8504,cloud_heavy
5635,19,234,6373.1,8285.0,0.8033,cloud_heavy
5636,20,234,6732.6,8752.4,0.7533,cloud_heavy
5637,21,234,6652.8,8648.6,0.7032,cloud_heavy
5638,22,234,6296.4,8185.3,0.6556,cloud_heavy
5639,23,234,6150.7,7996.0,0.6123,cloud_heavy
5640,0,235,5426.6,7054.6,0.4829,cloud_heavy
5641,1,235,5247.7,6822.0,0.4978,cloud_heavy
5642,2,235,5759.5,7487.4,0.5177,cloud_heavy
5643,3,235,6052.5,7868.2,0.5431,cloud_heavy
5644,4,235,6084.1,7909.3,0.5747,cloud_heavy
5645,5,235,5684.2,7389.5,0.6123,cloud_heavy
5646,6,235,5945.4,7729.0,0.6556,cloud_heavy
5647,7,235,6267.6,8147.8,0.7032,cloud_heavy
5648,8,235,6326.2,8224.0,0.7533,cloud_heavy
5649,9,235,6865.5,8925.2,0.8033,cloud_heavy
5650,10,235,7139.7,9281.6,0.8504,cloud_heavy
5651,11,235,6919.9,8995.9,0.8912,cloud_heavy
5652,12,235,7536.7,9797.7,0.923,cloud_heavy
5653,13,235,7584.9,9860.3,0.9431,cloud_heavy
5654,14,235,7356.8,9563.8,0.95,cloud_heavy
5655,15,235,7411.9,9635.5,0.9431,cloud_heavy
5656,16,235,6934.2,9014.4,0.923,cloud_heavy
5657,17,235,7158.0,9305.5,0.8912,cloud_heavy
5658,18,235,7057.9,9175.3,0.8504,cloud_heavy
5659,19,235,6891.1,8958.5,0.8033,cloud_heavy
5660,20,235,6719.2,8735.0,0.7533,cloud_heavy
5661,21,235,6477.9,8421.3,0.7032,cloud_heavy
5662,22,235,6179.0,8032.7,0.6556,cloud_heavy
5663,23,235,6096.6,7925.6,0.6123,cloud_heavy
5664,0,236,5616.5,7301.4,0.473,cloud_heavy
5665,1,236,5481.3,7125.7,0.4835,cloud_heavy
5666,2,236,5609.1,7291.8,0.4974,cloud_heavy
5667,3,236,5600.4,7280.6,0.5152,cloud_heavy
5668,4,236,5614.6,7299.0,0.5373,cloud_heavy
5669,5,236,5929.3,7708.1,0.5636,cloud_heavy
5670,6,236,5867.0,7627.0,0.5939,cloud_heavy
5671,7,236,6178.7,8032.4,0.6272,cloud_heavy
5672,8,236,6262.3,8141.0,0.6623,cloud_heavy
5673,9,236,6347.5,8251.8,0.6973,cloud_heavy
5674,10,236,6481.5,8425.9,0.7303,cloud_heavy
5675,11,236,6565.9,8535.6,0.7589,cloud_heavy
5676,12,236,6428.1,8356.5,0.7811,cloud_heavy
5677,13,236,6900.2,8970.2,0.7952,cloud_heavy
5678,14,236,6889.8,8956.8,0.8,cloud_heavy
5679,15,236,6995.7,9094.4,0.7952,cloud_heavy
5680,16,236,6654.1,8650.3,0.7811,cloud_heavy
5681,17,236,7046.6,9160.6,0.7589,cloud_heavy
5682,18,236,6471.3,8412.7,0.7303,cloud_heavy
5683,19,236,6237.8,8109.1,0.6973,cloud_heavy
5684,20,236,6070.5,7891.6,0.6623,cloud_heavy
5685,21,236,5790.3,7527.3,0.6272,cloud_heavy
5686,22,236,6240.7,8112.9,0.5939,cloud_heavy
5687,23,236,6077.8,7901.2,0.5636,cloud_heavy
5688,0,237,5550.8,7216.1,0.473,cloud_heavy
5689,1,237,5349.3,6954.1,0.4835,cloud_heavy
5690,2,237,5858.0,7615.4,0.4974,cloud_heavy
5691,3,237,5572.5,7244.2,0.5152,cloud_heavy
5692,4,237,5679.5,7383.4,0.5373,cloud_heavy
5693,5,237,6089.4,7916.3,0.5636,cloud_heavy
5694,6,237,6084.3,7909.6,0.5939,cloud_heavy
5695,7,237,6511.3,8464.7,0.6272,cloud_heavy
5696,8,237,6303.7,8194.8,0.6623,cloud_heavy
5697,9,237,6329.6,8228.5,0.6973,cloud_heavy
5698,10,237,6425.8,8353.5,0.7303,cloud_heavy
5699,11,237,6298.1,8187.5,0.7589,cloud_heavy
5700,12,237,6705.4,8717.0,0.7811,cloud_heavy
5701,13,237,7056.0,9172.8,0.7952,cloud_heavy
5702,14,237,6965.2,9054.8,0.8,cloud_heavy
5703,15,237,6825.9,8873.7,0.7952,cloud_heavy
5704,16,237,6560.1,8528.1,0.7811,cloud_heavy
5705,17,237,6712.9,8726.8,0.7589,cloud_heavy
5706,18,237,6744.8,8768.2,0.7303,cloud_heavy
5707,19,237,6488.7,8435.3,0.6973,cloud_heavy
5708,20,237,6288.3,8174.8,0.6623,cloud_heavy
5709,21,237,5961.9,7750.5,0.6272,cloud_heavy
5710,22,237,6121.6,7958.0,0.5939,cloud_heavy
5711,23,237,5289.2,6876.0,0.5636,cloud_heavy
5712,0,238,5557.6,7224.9,0.4829,cloud_heavy
5713,1,238,5986.6,7782.6,0.4978,cloud_heavy
5714,2,238,5387.1,7003.2,0.5177,cloud_heavy
5715,3,238,5709.0,7421.7,0.5431,cloud_heavy
5716,4,238,5883.3,7648.3,0.5747,cloud_heavy
5717,5,238,5960.8,7749.1,0.6123,cloud_heavy
5718,6,238,6422.1,8348.7,0.6556,cloud_heavy
5719,7,238,6521.9,8478.5,0.7032,cloud_heavy
5720,8,238,6674.0,8676.3,0.7533,cloud_heavy
5721,9,238,7020.4,9126.6,0.8033,cloud_heavy
5722,10,238,7059.9,9177.9,0.8504,cloud_heavy
5723,11,238,7919.8,10295.8,0.8912,cloud_heavy
5724,12,238,7398.4,9617.9,0.923,cloud_heavy
5725,13,238,7494.1,9742.4,0.9431,cloud_heavy
5726,14,238,7096.0,9224.8,0.95,cloud_heavy
5727,15,238,7329.0,9527.7,0.9431,cloud_heavy
5728,16,238,7618.5,9904.0,0.923,cloud_heavy
5729,17,238,6940.4,9022.6,0.8912,cloud_heavy
5730,18,238,6599.6,8579.5,0.8504,cloud_heavy
5731,19,238,6863.1,8922.0,0.8033,cloud_heavy
5732,20,238,6916.9,8992.0,0.7533,cloud_heavy
5733,21,238,6438.9,8370.6,0.7032,cloud_heavy
5734,22,238,6165.6,8015.3,0.6556,cloud_heavy
5735,23,238,5707.7,7420.0,0.6123,cloud_heavy
5736,0,239,5569.0,7239.7,0.4829,cloud_heavy
5737,1,239,5668.3,7368.8,0.4978,cloud_heavy
5738,2,239,5340.8,6943.0,0.5177,cloud_heavy
5739,3,239,5946.4,7730.3,0.5431,cloud_heavy
5740,4,239,6019.9,7825.8,0.5747,cloud_heavy
5741,5,239,6250.0,8125.0,0.6123,cloud_heavy
5742,6,239,6337.5,8238.7,0.6556,cloud_heavy
5743,7,239,6556.9,8523.9,0.7032,cloud_heavy
5744,8,239,6747.5,8771.7,0.7533,cloud_heavy
5745,9,239,7035.1,9145.6,0.8033,cloud_heavy
5746,10,239,6671.4,8672.8,0.8504,cloud_heavy
5747,11,239,6904.5,8975.9,0.8912,cloud_heavy
5748,12,239,7202.4,9363.1,0.923,cloud_heavy
5749,13,239,7421.5,9647.9,0.9431,cloud_heavy
5750,14,239,7566.9,9837.0,0.95,cloud_heavy
5751,15,239,7523.1,9780.0,0.9431,cloud_heavy
5752,16,239,7611.8,9895.3,0.923,cloud_heavy
5753,17,239,7479.2,9723.0,0.8912,cloud_heavy
5754,18,239,6871.7,8933.2,0.8504,cloud_heavy
5755,19,239,6905.5,8977.2,0.8033,cloud_heavy
5756,20,239,6474.7,8417.1,0.7533,cloud_heavy
5757,21,239,6394.5,8312.8,0.7032,cloud_heavy
5758,22,239,6288.5,8175.1,0.6556,cloud_heavy
5759,23,239,5426.6,7054.5,0.6123,cloud_heavy
5760,0,240,5891.9,7659.5,0.4829,cloud_heavy
5761,1,240,5652.5,7348.2,0.4978,cloud_heavy
5762,2,240,5541.6,7204.0,0.5177,cloud_heavy
5763,3,240,6083.1,7908.1,0.5431,cloud_heavy
5764,4,240,5823.3,7570.3,0.5747,cloud_heavy
5765,5,240,6068.7,7889.3,0.6123,cloud_heavy
5766,6,240,6137.4,7978.6,0.6556,cloud_heavy
5767,7,240,6749.5,8774.3,0.7032,cloud_heavy
5768,8,240,6622.8,8609.6,0.7533,cloud_heavy
5769,9,240,6887.2,8953.3,0.8033,cloud_heavy
5770,10,240,7311.2,9504.6,0.8504,cloud_heavy
5771,11,240,7357.0,9564.1,0.8912,cloud_heavy
5772,12,240,7353.0,9558.9,0.923,cloud_heavy
5773,13,240,7698.7,10008.3,0.9431,cloud_heavy
5774,14,240,8049.4,10464.3,0.95,cloud_heavy
5775,15,240,7521.4,9777.9,0.9431,cloud_heavy
5776,16,240,7390.8,9608.0,0.923,cloud_heavy
5777,17,240,7267.1,9447.3,0.8912,cloud_heavy
5778,18,240,7333.8,9533.9,0.8504,cloud_heavy
5779,19,240,6733.2,8753.1,0.8033,cloud_heavy
5780,20,240,6588.2,8564.7,0.7533,cloud_heavy
5781,21,240,6134.2,7974.4,0.7032,cloud_heavy
5782,22,240,6007.2,7809.4,0.6556,cloud_heavy
5783,23,240,5950.8,7736.0,0.6123,cloud_heavy
5784,0,241,5485.3,7130.8,0.4829,cloud_heavy
5785,1,241,5853.0,7608.9,0.4978,cloud_heavy
5786,2,241,5733.1,7453.1,0.5177,cloud_heavy
5787,3,241,5593.3,7271.3,0.5431,cloud_heavy
5788,4,241,5756.2,7483.0,0.5747,cloud_heavy
5789,5,241,6294.0,8182.2,0.6123,cloud_heavy
5790,6,241,6438.9,8370.6,0.6556,cloud_heavy
5791,7,241,6436.2,8367.1,0.7032,cloud_heavy
5792,8,241,6555.5,8522.1,0.7533,cloud_heavy
5793,9,241,7087.8,9214.2,0.8033,cloud_heavy
5794,10,241,6846.1,8899.9,0.8504,cloud_heavy
5795,11,241,7315.1,9509.7,0.8912,cloud_heavy
5796,12,241,7867.1,10227.2,0.923,cloud_heavy
5797,13,241,7496.4,9745.3,0.9431,cloud_heavy
5798,14,241,7305.8,9497.5,0.95,cloud_heavy
5799,15,241,7542.2,9804.9,0.9431,cloud_heavy
5800,16,241,7261.1,9439.5,0.923,cloud_heavy
5801,17,241,6927.7,9006.0,0.8912,cloud_heavy
5802,18,241,7204.8,9366.2,0.8504,cloud_heavy
5803,19,241,7086.4,9212.3,0.8033,cloud_heavy
5804,20,241,6581.7,8556.2,0.7533,cloud_heavy
5805,21,241,6358.0,8265.4,0.7032,cloud_heavy
5806,22,241,6048.8,7863.4,0.6556,cloud_heavy
5807,23,241,6017.5,7822.8,0.6123,cloud_heavy
5808,0,242,5401.8,7022.3,0.4829,cloud_heavy
5809,1,242,5389.5,7006.3,0.4978,cloud_heavy
5810,2,242,5962.7,7751.5,0.5177,cloud_heavy
5811,3,242,5831.1,7580.4,0.5431,cloud_heavy
5812,4,242,5985.7,7781.5,0.5747,cloud_heavy
5813,5,242,6204.9,8066.4,0.6123,cloud_heavy
5814,6,242,6372.5,8284.2,0.6556,cloud_heavy
5815,7,242,6351.1,8256.4,0.7032,cloud_heavy
5816,8,242,6698.0,8707.4,0.7533,cloud_heavy
5817,9,242,6801.1,8841.4,0.8033,cloud_heavy
5818,10,242,7149.2,9294.0,0.8504,cloud_heavy
5819,11,242,7304.2,9495.5,0.8912,cloud_heavy
5820,12,242,7280.4,9464.6,0.923,cloud_heavy
5821,13,242,7153.4,9299.4,0.9431,cloud_heavy
5822,14,242,7512.6,9766.4,0.95,cloud_heavy
5823,15,242,7404.8,9626.3,0.9431,cloud_heavy
5824,16,242,6947.3,9031.5,0.923,cloud_heavy
5825,17,242,7340.2,9542.3,0.8912,cloud_heavy
5826,18,242,7260.7,9438.9,0.8504,cloud_heavy
5827,19,242,7376.5,9589.5,0.8033,cloud_heavy
5828,20,242,6565.7,8535.4,0.7533,cloud_heavy
5829,21,242,6326.8,8224.9,0.7032,cloud_heavy
5830,22,242,6021.1,7827.5,0.6556,cloud_heavy
5831,23,242,6082.5,7907.3,0.6123,cloud_heavy
5832,0,243,5485.7,7131.4,0.473,cloud_heavy
5833,1,243,5363.3,6972.3,0.4835,cloud_heavy
5834,2,243,5527.0,7185.0,0.4974,cloud_heavy
5835,3,243,5297.6,6886.8,0.5152,cloud_heavy
5836,4,243,5884.8,7650.3,0.5373,cloud_heavy
5837,5,243,5702.8,7413.6,0.5636,cloud_heavy
5838,6,243,5960.1,7748.2,0.5939,cloud_heavy
5839,7,243,5846.6,7600.5,0.6272,cloud_heavy
5840,8,243,6147.7,7992.0,0.6623,cloud_heavy
5841,9,243,6352.2,8257.9,0.6973,cloud_heavy
5842,10,243,6543.7,8506.8,0.7303,cloud_heavy
5843,11,243,6763.5,8792.5,0.7589,cloud_heavy
5844,12,243,7053.8,9170.0,0.7811,cloud_heavy
5845,13,243,6971.7,9063.3,0.7952,cloud_heavy
5846,14,243,7039.8,9151.8,0.8,cloud_heavy
5847,15,243,7117.7,9253.1,0.7952,cloud_heavy
5848,16,243,6877.5,8940.7,0.7811,cloud_heavy
5849,17,243,6660.2,8658.2,0.7589,cloud_heavy
5850,18,243,6744.1,8767.3,0.7303,cloud_heavy
5851,19,243,6612.2,8595.8,0.6973,cloud_heavy
5852,20,243,6378.8,8292.4,0.6623,cloud_heavy
5853,21,243,5841.4,7593.9,0.6272,cloud_heavy
5854,22,243,5815.7,7560.4,0.5939,cloud_heavy
5855,23,243,5789.6,7526.5,0.5636,cloud_heavy
5856,0,244,5580.1,7254.1,0.473,cloud_heavy
5857,1,244,5493.5,7141.6,0.4835,cloud_heavy
5858,2,244,5745.6,7469.3,0.4974,cloud_heavy
5859,3,244,5854.1,7610.3,0.5152,cloud_heavy
5860,4,244,5931.7,7711.2,0.5373,cloud_heavy
5861,5,244,6048.9,7863.5,0.5636,cloud_heavy
5862,6,244,5780.7,7514.9,0.5939,cloud_heavy
5863,7,244,6196.4,8055.3,0.6272,cloud_heavy
5864,8,244,6143.0,7985.9,0.6623,cloud_heavy
5865,9,244,6089.0,7915.7,0.6973,cloud_heavy
5866,10,244,6489.5,8436.3,0.7303,cloud_heavy
5867,11,244,6932.5,9012.3,0.7589,cloud_heavy
5868,12,244,6855.4,8912.0,0.7811,cloud_heavy
5869,13,244,7234.7,9405.2,0.7952,cloud_heavy
5870,14,244,6878.7,8942.3,0.8,cloud_heavy
5871,15,244,7322.7,9519.6,0.7952,cloud_heavy
5872,16,244,6797.9,8837.3,0.7811,cloud_heavy
5873,17,244,6672.0,8673.6,0.7589,cloud_heavy
5874,18,244,6294.7,8183.1,0.7303,cloud_heavy
5875,19,244,6619.4,8605.2,0.6973,cloud_heavy
5876,20,244,6162.8,8011.6,0.6623,cloud_heavy
5877,21,244,5989.4,7786.2,0.6272,cloud_heavy
5878,22,244,6195.7,8054.4,0.5939,cloud_heavy
5879,23,244,6040.6,7852.7,0.5636,cloud_heavy
5880,0,245,5681.1,7385.4,0.4829,cloud_heavy
5881,1,245,5497.6,7146.9,0.4978,cloud_heavy
5882,2,245,5633.8,7323.9,0.5177,cloud_heavy
5883,3,245,5740.3,7462.4,0.5431,cloud_heavy
5884,4,245,6022.8,7829.7,0.5747,cloud_heavy
5885,5,245,6326.4,8224.3,0.6123,cloud_heavy
5886,6,245,6297.2,8186.4,0.6556,cloud_heavy
5887,7,245,6811.8,8855.3,0.7032,cloud_heavy
5888,8,245,6822.5,8869.3,0.7533,cloud_heavy
5889,9,245,6808.1,8850.6,0.8033,cloud_heavy
5890,10,245,7231.8,9401.3,0.8504,cloud_heavy
5891,11,245,7600.1,9880.2,0.8912,cloud_heavy
5892,12,245,7806.5,10148.4,0.923,cloud_heavy
5893,13,245,7715.8,10030.5,0.9431,cloud_heavy
5894,14,245,7485.6,9731.2,0.95,cloud_heavy
5895,15,245,7402.1,9622.7,0.9431,cloud_heavy
5896,16,245,7492.3,9739.9,0.923,cloud_heavy
5897,17,245,7593.2,9871.2,0.8912,cloud_heavy
5898,18,245,7148.2,9292.7,0.8504,cloud_heavy
5899,19,245,6949.9,9034.9,0.8033,cloud_heavy
5900,20,245,6653.9,8650.1,0.7533,cloud_heavy
5901,21,245,6367.5,8277.8,0.7032,cloud_heavy
5902,22,245,6198.1,8057.6,0.6556,cloud_heavy
5903,23,245,6069.3,7890.0,0.6123,cloud_heavy
5904,0,246,5777.7,7511.0,0.4829,cloud_heavy
5905,1,246,5518.1,7173.5,0.4978,cloud_heavy
5906,2,246,5651.3,7346.7,0.5177,cloud_heavy
5907,3,246,5601.3,7281.7,0.5431,cloud_heavy
5908,4,246,6011.2,7814.6,0.5747,cloud_heavy
5909,5,246,6292.5,8180.3,0.6123,cloud_heavy
5910,6,246,6532.0,8491.6,0.6556,cloud_heavy
5911,7,246,6470.0,8411.0,0.7032,cloud_heavy
5912,8,246,6758.2,8785.6,0.7533,cloud_heavy
5913,9,246,6824.9,8872.3,0.8033,cloud_heavy
5914,10,246,7168.2,9318.6,0.8504,cloud_heavy
5915,11,246,7298.2,9487.7,0.8912,cloud_heavy
5916,12,246,7377.8,9591.2,0.923,cloud_heavy
5917,13,246,7481.3,9725.7,0.9431,cloud_heavy
5918,14,246,7581.2,9855.6,0.95,cloud_heavy
5919,15,246,7384.8,9600.2,0.9431,cloud_heavy
5920,16,246,7311.4,9504.8,0.923,cloud_heavy
5921,17,246,7600.4,9880.6,0.8912,cloud_heavy
5922,18,246,7630.2,9919.2,0.8504,cloud_heavy
5923,19,246,6608.7,8591.3,0.8033,cloud_heavy
5924,20,246,6392.7,8310.5,0.7533,cloud_heavy
5925,21,246,6246.1,8119.9,0.7032,cloud_heavy
5926,22,246,6209.1,8071.9,0.6556,cloud_heavy
5927,23,246,6207.1,8069.3,0.6123,cloud_heavy
5928,0,247,5591.9,7269.5,0.4829,cloud_heavy
5929,1,247,5586.7,7262.7,0.4978,cloud_heavy
5930,2,247,5731.9,7451.5,0.5177,cloud_heavy
5931,3,247,5631.2,7320.6,0.5431,cloud_heavy
5932,4,247,5841.6,7594.1,0.5747,cloud_heavy
5933,5,247,6041.1,7853.4,0.6123,cloud_heavy
5934,6,247,5932.4,7712.1,0.6556,cloud_heavy
5935,7,247,6206.7,8068.7,0.7032,cloud_heavy
5936,8,247,6420.1,8346.2,0.7533,cloud_heavy
5937,9,247,7013.6,9117.7,0.8033,cloud_heavy
5938,10,247,7108.3,9240.8,0.8504,cloud_heavy
5939,11,247,7362.7,9571.5,0.8912,cloud_heavy
5940,12,247,6958.5,9046.1,0.923,cloud_heavy
5941,13,247,7118.9,9254.6,0.9431,cloud_heavy
5942,14,247,7628.6,9917.2,0.95,cloud_heavy
5943,15,247,6829.4,8878.3,0.9431,cloud_heavy
5944,16,247,7635.6,9926.2,0.923,cloud_heavy
5945,17,247,6834.6,8885.0,0.8912,cloud_heavy
5946,18,247,7234.9,9405.4,0.8504,cloud_heavy
5947,19,247,6673.7,8675.8,0.8033,cloud_heavy
5948,20,247,6852.7,8908.6,0.7533,cloud_heavy
5949,21,247,7049.7,9164.6,0.7032,cloud_heavy
5950,22,247,5803.7,7544.8,0.6556,cloud_heavy
5951,23,247,6170.8,8022.0,0.6123,cloud_heavy
5952,0,248,5196.4,6755.4,0.4829,cloud_heavy
5953,1,248,5629.2,7317.9,0.4978,cloud_heavy
5954,2,248,5607.4,7289.6,0.5177,cloud_heavy
5955,3,248,5773.0,7504.9,0.5431,cloud_heavy
5956,4,248,5723.7,7440.9,0.5747,cloud_heavy
5957,5,248,6186.2,8042.1,0.6123,cloud_heavy
5958,6,248,5957.8,7745.1,0.6556,cloud_heavy
5959,7,248,6670.3,8671.4,0.7032,cloud_heavy
5960,8,248,6562.1,8530.8,0.7533,cloud_heavy
5961,9,248,6567.9,8538.3,0.8033,cloud_heavy
5962,10,248,7394.0,9612.2,0.8504,cloud_heavy
5963,11,248,7215.5,9380.2,0.8912,cloud_heavy
5964,12,248,7786.5,10122.4,0.923,cloud_heavy
5965,13,248,7723.5,10040.5,0.9431,cloud_heavy
5966,14,248,7300.7,9490.9,0.95,cloud_heavy
5967,15,248,7431.5,9661.0,0.9431,cloud_heavy
5968,16,248,7391.7,9609.2,0.923,cloud_heavy
5969,17,248,7561.2,9829.5,0.8912,cloud_heavy
5970,18,248,7149.0,9293.7,0.8504,cloud_heavy
5971,19,248,6892.7,8960.5,0.8033,cloud_heavy
5972,20,248,6603.8,8585.0,0.7533,cloud_heavy
5973,21,248,6421.0,8347.3,0.7032,cloud_heavy
5974,22,248,6472.2,8413.8,0.6556,cloud_heavy
5975,23,248,6045.4,7859.0,0.6123,cloud_heavy
5976,0,249,5429.4,7058.2,0.4829,cloud_heavy
5977,1,249,5463.9,7103.1,0.4978,cloud_heavy
5978,2,249,5548.7,7213.3,0.5177,cloud_heavy
5979,3,249,5508.7,7161.4,0.5431,cloud_heavy
5980,4,249,5752.2,7477.9,0.5747,cloud_heavy
5981,5,249,6316.4,8211.3,0.6123,cloud_heavy
5982,6,249,6189.8,8046.8,0.6556,cloud_heavy
5983,7,249,6566.7,8536.7,0.7032,cloud_heavy
5984,8,249,6149.6,7994.5,0.7533,cloud_heavy
5985,9,249,6973.3,9065.3,0.8033,cloud_heavy
5986,10,249,7022.2,9128.9,0.8504,cloud_heavy
5987,11,249,7125.7,9263.4,0.8912,cloud_heavy
5988,12,249,7405.0,9626.4,0.923,cloud_heavy
5989,13,249,7339.7,9541.6,0.9431,cloud_heavy
5990,14,249,7003.2,9104.2,0.95,cloud_heavy
5991,15,249,7656.6,9953.6,0.9431,cloud_heavy
5992,16,249,7418.7,9644.3,0.923,cloud_heavy
5993,17,249,7162.0,9310.6,0.8912,cloud_heavy
5994,18,249,6851.8,8907.4,0.8504,cloud_heavy
5995,19,249,6554.1,8520.3,0.8033,cloud_heavy
5996,20,249,6688.3,8694.8,0.7533,cloud_heavy
5997,21,249,6742.0,8764.7,0.7032,cloud_heavy
5998,22,249,6266.4,8146.3,0.6556,cloud_heavy
5999,23,249,5793.9,7532.1,0.6123,cloud_heavy
6000,0,250,5489.4,7136.2,0.473,cloud_heavy
6001,1,250,5488.3,7134.7,0.4835,cloud_heavy
6002,2,250,5700.1,7410.2,0.4974,cloud_heavy
6003,3,250,5734.4,7454.7,0.5152,cloud_heavy
6004,4,250,5212.8,6776.7,0.5373,cloud_heavy
6005,5,250,5933.2,7713.2,0.5636,cloud_heavy
6006,6,250,5786.7,7522.7,0.5939,cloud_heavy
6007,7,250,5847.5,7601.7,0.6272,cloud_heavy
6008,8,250,6221.6,8088.1,0.6623,cloud_heavy
6009,9,250,6484.9,8430.4,0.6973,cloud_heavy
6010,10,250,6223.7,8090.8,0.7303,cloud_heavy
6011,11,250,6808.5,8851.0,0.7589,cloud_heavy
6012,12,250,6916.8,8991.8,0.7811,cloud_heavy
6013,13,250,6831.4,8880.8,0.7952,cloud_heavy
6014,14,250,6664.2,8663.5,0.8,cloud_heavy
6015,15,250,6621.4,8607.8,0.7952,cloud_heavy
6016,16,250,6970.0,9061.1,0.7811,cloud_heavy
6017,17,250,6365.2,8274.8,0.7589,cloud_heavy
6018,18,250,6754.9,8781.4,0.7303,cloud_heavy
6019,19,250,6374.2,8286.5,0.6973,cloud_heavy
6020,20,250,6239.0,8110.7,0.6623,cloud_heavy
6021,21,250,5795.0,7533.5,0.6272,cloud_heavy
6022,22,250,5940.1,7722.1,0.5939,cloud_heavy
6023,23,250,5945.2,7728.7,0.5636,cloud_heavy
6024,0,251,5234.0,6804.2,0.473,cloud_heavy
6025,1,251,5579.3,7253.1,0.4835,cloud_heavy
6026,2,251,5571.0,7242.2,0.4974,cloud_heavy
6027,3,251,5523.1,7180.1,0.5152,cloud_heavy
6028,4,251,5872.5,7634.3,0.5373,cloud_heavy
6029,5,251,5452.0,7087.7,0.5636,cloud_heavy
6030,6,251,6028.4,7836.9,0.5939,cloud_heavy
6031,7,251,6404.7,8326.1,0.6272,cloud_heavy
6032,8,251,6527.3,8485.5,0.6623,cloud_heavy
6033,9,251,6480.9,8425.1,0.6973,cloud_heavy
6034,10,251,6486.7,8432.7,0.7303,cloud_heavy
6035,11,251,6540.3,8502.4,0.7589,cloud_heavy
6036,12,251,6700.5,8710.6,0.7811,cloud_heavy
6037,13,251,6933.1,9013.0,0.7952,cloud_heavy
6038,14,251,6676.6,8679.6,0.8,cloud_heavy
6039,15,251,6976.8,9069.8,0.7952,cloud_heavy
6040,16,251,7194.7,9353.0,0.7811,cloud_heavy
6041,17,251,6655.1,8651.7,0.7589,cloud_heavy
6042,18,251,6281.9,8166.5,0.7303,cloud_heavy
6043,19,251,6147.5,7991.8,0.6973,cloud_heavy
6044,20,251,6402.8,8323.6,0.6623,cloud_heavy
6045,21,251,6097.0,7926.1,0.6272,cloud_heavy
6046,22,251,6123.3,7960.3,0.5939,cloud_heavy
6047,23,251,5744.3,7467.6,0.5636,cloud_heavy
6048,0,252,5631.4,7320.8,0.4829,cloud_heavy
6049,1,252,5531.6,7191.1,0.4978,cloud_heavy
6050,2,252,5518.4,7173.9,0.5177,cloud_heavy
6051,3,252,5681.5,7385.9,0.5431,cloud_heavy
6052,4,252,5673.4,7375.4,0.5747,cloud_heavy
6053,5,252,6405.4,8327.1,0.6123,cloud_heavy
6054,6,252,6210.4,8073.5,0.6556,cloud_heavy
6055,7,252,6555.1,8521.6,0.7032,cloud_heavy
6056,8,252,6536.7,8497.7,0.7533,cloud_heavy
6057,9,252,6640.1,8632.1,0.8033,cloud_heavy
6058,10,252,7006.9,9108.9,0.8504,cloud_heavy
6059,11,252,7469.0,9709.7,0.8912,cloud_heavy
6060,12,252,7249.9,9424.9,0.923,cloud_heavy
6061,13,252,7255.9,9432.7,0.9431,cloud_heavy
6062,14,252,7514.7,9769.1,0.95,cloud_heavy
6063,15,252,7562.0,9830.6,0.9431,cloud_heavy
6064,16,252,7728.0,10046.3,0.923,cloud_heavy
6065,17,252,7306.8,9498.9,0.8912,cloud_heavy
6066,18,252,7192.7,9350.5,0.8504,cloud_heavy
6067,19,252,7004.4,9105.7,0.8033,cloud_heavy
6068,20,252,6413.9,8338.0,0.7533,cloud_heavy
6069,21,252,6244.9,8118.4,0.7032,cloud_heavy
6070,22,252,6025.9,7833.7,0.6556,cloud_heavy
6071,23,252,5803.1,7544.1,0.6123,cloud_heavy
6072,0,253,5625.6,7313.3,0.4829,cloud_heavy
6073,1,253,5606.4,7288.3,0.4978,cloud_heavy
6074,2,253,5655.9,7352.6,0.5177,cloud_heavy
6075,3,253,5303.3,6894.3,0.5431,cloud_heavy
6076,4,253,6247.6,8121.8,0.5747,cloud_heavy
6077,5,253,5882.5,7647.3,0.6123,cloud_heavy
6078,6,253,6611.8,8595.4,0.6556,cloud_heavy
6079,7,253,6151.2,7996.5,0.7032,cloud_heavy
6080,8,253,6481.8,8426.3,0.7533,cloud_heavy
6081,9,253,6403.3,8324.3,0.8033,cloud_heavy
6082,10,253,7133.0,9272.9,0.8504,cloud_heavy
6083,11,253,6991.2,9088.6,0.8912,cloud_heavy
6084,12,253,7127.9,9266.3,0.923,cloud_heavy
6085,13,253,7143.7,9286.8,0.9431,cloud_heavy
6086,14,253,7654.2,9950.5,0.95,cloud_heavy
6087,15,253,7609.5,9892.4,0.9431,cloud_heavy
6088,16,253,7765.3,10094.9,0.923,cloud_heavy
6089,17,253,7081.4,9205.8,0.8912,cloud_heavy
6090,18,253,7102.7,9233.5,0.8504,cloud_heavy
6091,19,253,6591.2,8568.6,0.8033,cloud_heavy
6092,20,253,6576.9,8550.0,0.7533,cloud_heavy
6093,21,253,6330.7,8229.9,0.7032,cloud_heavy
6094,22,253,6315.2,8209.8,0.6556,cloud_heavy
6095,23,253,6229.1,8097.9,0.6123,cloud_heavy
6096,0,254,5657.8,7355.2,0.4829,cloud_heavy
6097,1,254,5417.5,7042.7,0.4978,cloud_heavy
6098,2,254,5811.4,7554.8,0.5177,cloud_heavy
6099,3,254,5743.0,7465.9,0.5431,cloud_heavy
6100,4,254,5827.4,7575.6,0.5747,cloud_heavy
6101,5,254,5916.2,7691.1,0.6123,cloud_heavy
6102,6,254,6123.8,7960.9,0.6556,cloud_heavy
6103,7,254,6766.9,8797.0,0.7032,cloud_heavy
6104,8,254,6705.0,8716.4,0.7533,cloud_heavy
6105,9,254,6892.4,8960.1,0.8033,cloud_heavy
6106,10,254,7000.9,9101.1,0.8504,cloud_heavy
6107,11,254,7760.7,10088.9,0.8912,cloud_heavy
6108,12,254,7653.3,9949.3,0.923,cloud_heavy
6109,13,254,7289.3,9476.1,0.9431,cloud_heavy
6110,14,254,7418.4,9643.9,0.95,cloud_heavy
6111,15,254,7402.6,9623.4,0.9431,cloud_heavy
6112,16,254,7397.2,9616.4,0.923,cloud_heavy
6113,17,254,7078.0,9201.4,0.8912,cloud_heavy
6114,18,254,7149.3,9294.0,0.8504,cloud_heavy
6115,19,254,7155.1,9301.7,0.8033,cloud_heavy
6116,20,254,6381.9,8296.4,0.7533,cloud_heavy
6117,21,254,6213.1,8077.1,0.7032,cloud_heavy
6118,22,254,6138.1,7979.6,0.6556,cloud_heavy
6119,23,254,5965.5,7755.1,0.6123,cloud_heavy
6120,0,255,5823.9,7571.1,0.4829,cloud_heavy
6121,1,255,5725.1,7442.6,0.4978,cloud_heavy
6122,2,255,5802.2,7542.9,0.5177,cloud_heavy
6123,3,255,5705.0,7416.5,0.5431,cloud_heavy
6124,4,255,5834.1,7584.4,0.5747,cloud_heavy
6125,5,255,5781.4,7515.9,0.6123,cloud_heavy
6126,6,255,6374.5,8286.8,0.6556,cloud_heavy
6127,7,255,6525.5,8483.2,0.7032,cloud_heavy
6128,8,255,6900.0,8970.0,0.7533,cloud_heavy
6129,9,255,6813.1,8857.0,0.8033,cloud_heavy
6130,10,255,7026.4,9134.3,0.8504,cloud_heavy
6131,11,255,7267.0,9447.1,0.8912,cloud_heavy
6132,12,255,7562.0,9830.6,0.923,cloud_heavy
6133,13,255,7121.9,9258.4,0.9431,cloud_heavy
6134,14,255,7645.0,9938.5,0.95,cloud_heavy
6135,15,255,7445.9,9679.7,0.9431,cloud_heavy
6136,16,255,7131.1,9270.4,0.923,cloud_heavy
6137,17,255,6778.0,8811.3,0.8912,cloud_heavy
6138,18,255,7027.5,9135.7,0.8504,cloud_heavy
6139,19,255,7154.2,9300.5,0.8033,cloud_heavy
6140,20,255,6977.5,9070.7,0.7533,cloud_heavy
6141,21,255,6499.3,8449.1,0.7032,cloud_heavy
6142,22,255,6595.0,8573.5,0.6556,cloud_heavy
6143,23,255,6036.9,7848.0,0.6123,cloud_heavy
6144,0,256,5651.6,7347.1,0.4829,cloud_heavy
6145,1,256,5482.8,7127.6,0.4978,cloud_heavy
6146,2,256,5555.3,7221.9,0.5177,cloud_heavy
6147,3,256,5633.7,7323.9,0.5431,cloud_heavy
6148,4,256,5520.9,7177.2,0.5747,cloud_heavy
6149,5,256,6278.1,8161.5,0.6123,cloud_heavy
6150,6,256,6108.5,7941.1,0.6556,cloud_heavy
6151,7,256,6276.2,8159.0,0.7032,cloud_heavy
6152,8,256,6408.5,8331.1,0.7533,cloud_heavy
6153,9,256,6814.4,8858.7,0.8033,cloud_heavy
6154,10,256,7429.7,9658.6,0.8504,cloud_heavy
6155,11,256,7684.3,9989.5,0.8912,cloud_heavy
6156,12,256,6998.0,9097.4,0.923,cloud_heavy
6157,13,256,7371.3,9582.7,0.9431,cloud_heavy
6158,14,256,7247.7,9422.0,0.95,cloud_heavy
6159,15,256,7671.4,9972.8,0.9431,cloud_heavy
6160,16,256,7428.3,9656.8,0.923,cloud_heavy
6161,17,256,7092.0,9219.7,0.8912,cloud_heavy
6162,18,256,7071.7,9193.3,0.8504,cloud_heavy
6163,19,256,6758.2,8785.7,0.8033,cloud_heavy
6164,20,256,6965.4,9055.0,0.7533,cloud_heavy
6165,21,256,6536.3,8497.2,0.7032,cloud_heavy
6166,22,256,6353.6,8259.7,0.6556,cloud_heavy
6167,23,256,5561.1,7229.4,0.6123,cloud_heavy
6168,0,257,5441.7,7074.1,0.473,cloud_heavy
6169,1,257,5840.6,7592.8,0.4835,cloud_heavy
6170,2,257,5777.2,7510.3,0.4974,cloud_heavy
6171,3,257,5319.8,6915.7,0.5152,cloud_heavy
6172,4,257,5671.9,7373.4,0.5373,cloud_heavy
6173,5,257,5627.3,7315.5,0.5636,cloud_heavy
6174,6,257,6272.6,8154.4,0.5939,cloud_heavy
6175,7,257,6152.7,7998.6,0.6272,cloud_heavy
6176,8,257,6112.9,7946.8,0.6623,cloud_heavy
6177,9,257,6412.5,8336.3,0.6973,cloud_heavy
6178,10,257,6033.9,7844.0,0.7303,cloud_heavy
6179,11,257,6450.5,8385.7,0.7589,cloud_heavy
6180,12,257,6769.3,8800.1,0.7811,cloud_heavy
6181,13,257,6994.9,9093.3,0.7952,cloud_heavy
6182,14,257,6443.8,8377.0,0.8,cloud_heavy
6183,15,257,6743.8,8766.9,0.7952,cloud_heavy
6184,16,257,6966.7,9056.8,0.7811,cloud_heavy
6185,17,257,6377.2,8290.4,0.7589,cloud_heavy
6186,18,257,6590.9,8568.2,0.7303,cloud_heavy
6187,19,257,6418.6,8344.2,0.6973,cloud_heavy
6188,20,257,6578.8,8552.5,0.6623,cloud_heavy
6189,21,257,6065.8,7885.6,0.6272,cloud_heavy
6190,22,257,5935.6,7716.3,0.5939,cloud_heavy
6191,23,257,5987.5,7783.7,0.5636,cloud_heavy
6192,0,258,5235.6,6806.3,0.473,cloud_heavy
6193,1,258,5460.6,7098.8,0.4835,cloud_heavy
6194,2,258,5480.2,7124.2,0.4974,cloud_heavy
6195,3,258,5608.4,7290.9,0.5152,cloud_heavy
6196,4,258,5871.5,7632.9,0.5373,cloud_heavy
6197,5,258,5934.8,7715.2,0.5636,cloud_heavy
6198,6,258,5832.3,7582.0,0.5939,cloud_heavy
6199,7,258,6133.0,7972.9,0.6272,cloud_heavy
6200,8,258,6536.8,8497.8,0.6623,cloud_heavy
6201,9,258,6246.2,8120.0,0.6973,cloud_heavy
6202,10,258,6574.4,8546.7,0.7303,cloud_heavy
6203,11,258,6628.9,8617.6,0.7589,cloud_heavy
6204,12,258,6749.1,8773.9,0.7811,cloud_heavy
6205,13,258,6488.1,8434.5,0.7952,cloud_heavy
6206,14,258,7131.9,9271.5,0.8,cloud_heavy
6207,15,258,6663.3,8662.3,0.7952,cloud_heavy
6208,16,258,6970.1,9061.1,0.7811,cloud_heavy
6209,17,258,6543.2,8506.2,0.7589,cloud_heavy
6210,18,258,6423.1,8350.0,0.7303,cloud_heavy
6211,19,258,6639.1,8630.8,0.6973,cloud_heavy
6212,20,258,6443.6,8376.7,0.6623,cloud_heavy
6213,21,258,6146.2,7990.1,0.6272,cloud_heavy
6214,22,258,6102.6,7933.3,0.5939,cloud_heavy
6215,23,258,5787.2,7523.4,0.5636,cloud_heavy
6216,0,259,5493.1,7141.0,0.4829,cloud_heavy
6217,1,259,5447.7,7082.0,0.4978,cloud_heavy
6218,2,259,5795.4,7534.1,0.5177,cloud_heavy
6219,3,259,5631.0,7320.3,0.5431,cloud_heavy
6220,4,259,6146.9,7990.9,0.5747,cloud_heavy
6221,5,259,5987.4,7783.6,0.6123,cloud_heavy
6222,6,259,6232.3,8101.9,0.6556,cloud_heavy
6223,7,259,6577.1,8550.3,0.7032,cloud_heavy
6224,8,259,6648.4,8643.0,0.7533,cloud_heavy
6225,9,259,6795.2,8833.7,0.8033,cloud_heavy
6226,10,259,7050.0,9165.0,0.8504,cloud_heavy
6227,11,259,7424.0,9651.2,0.8912,cloud_heavy
6228,12,259,7218.5,9384.1,0.923,cloud_heavy
6229,13,259,7422.3,9649.0,0.9431,cloud_heavy
6230,14,259,7482.1,9726.8,0.95,cloud_heavy
6231,15,259,7643.7,9936.9,0.9431,cloud_heavy
6232,16,259,7342.9,9545.8,0.923,cloud_heavy
6233,17,259,7622.3,9909.0,0.8912,cloud_heavy
6234,18,259,7023.2,9130.2,0.8504,cloud_heavy
6235,19,259,6807.5,8849.8,0.8033,cloud_heavy
6236,20,259,6609.6,8592.5,0.7533,cloud_heavy
6237,21,259,6176.8,8029.8,0.7032,cloud_heavy
6238,22,259,6034.7,7845.1,0.6556,cloud_heavy
6239,23,259,5948.5,7733.0,0.6123,cloud_heavy
6240,0,260,5681.7,7386.2,0.4829,cloud_heavy
6241,1,260,5552.5,7218.3,0.4978,cloud_heavy
6242,2,260,5560.4,7228.5,0.5177,cloud_heavy
6243,3,260,5962.2,7750.9,0.5431,cloud_heavy
6244,4,260,6158.5,8006.1,0.5747,cloud_heavy
6245,5,260,6272.3,8154.1,0.6123,cloud_heavy
6246,6,260,6069.0,7889.7,0.6556,cloud_heavy
6247,7,260,6335.2,8235.8,0.7032,cloud_heavy
6248,8,260,7005.2,9106.7,0.7533,cloud_heavy
6249,9,260,6906.0,8977.8,0.8033,cloud_heavy
6250,10,260,6999.7,9099.6,0.8504,cloud_heavy
6251,11,260,7385.9,9601.7,0.8912,cloud_heavy
6252,12,260,7587.5,9863.8,0.923,cloud_heavy
6253,13,260,7322.8,9519.6,0.9431,cloud_heavy
6254,14,260,7529.0,9787.8,0.95,cloud_heavy
6255,15,260,7657.6,9954.9,0.9431,cloud_heavy
6256,16,260,7108.6,9241.2,0.923,cloud_heavy
6257,17,260,7232.8,9402.6,0.8912,cloud_heavy
6258,18,260,6820.5,8866.6,0.8504,cloud_heavy
6259,19,260,6654.1,8650.4,0.8033,cloud_heavy
6260,20,260,6531.5,8490.9,0.7533,cloud_heavy
6261,21,260,6522.8,8479.7,0.7032,cloud_heavy
6262,22,260,6168.3,8018.7,0.6556,cloud_heavy
6263,23,260,5927.1,7705.2,0.6123,cloud_heavy
6264,0,261,5503.0,7153.9,0.4829,cloud_heavy
6265,1,261,5366.8,6976.8,0.4978,cloud_heavy
6266,2,261,5715.0,7429.5,0.5177,cloud_heavy
6267,3,261,5945.8,7729.6,0.5431,cloud_heavy
6268,4,261,5870.7,7631.9,0.5747,cloud_heavy
6269,5,261,6007.9,7810.3,0.6123,cloud_heavy
6270,6,261,6298.2,8187.7,0.6556,cloud_heavy
6271,7,261,6039.4,7851.3,0.7032,cloud_heavy
6272,8,261,6750.7,8775.9,0.7533,cloud_heavy
6273,9,261,7494.5,9742.8,0.8033,cloud_heavy
6274,10,261,7030.4,9139.5,0.8504,cloud_heavy
6275,11,261,7204.3,9365.6,0.8912,cloud_heavy
6276,12,261,7529.3,9788.1,0.923,cloud_heavy
6277,13,261,7818.3,10163.7,0.9431,cloud_heavy
6278,14,261,7698.6,10008.2,0.95,cloud_heavy
6279,15,261,6968.7,9059.3,0.9431,cloud_heavy
6280,16,261,7489.5,9736.3,0.923,cloud_heavy
6281,17,261,7788.0,10124.4,0.8912,cloud_heavy
6282,18,261,7188.1,9344.6,0.8504,cloud_heavy
6283,19,261,6618.9,8604.6,0.8033,cloud_heavy
6284,20,261,6699.9,8709.8,0.7533,cloud_heavy
6285,21,261,6183.7,8038.8,0.7032,cloud_heavy
6286,22,261,6458.8,8396.4,0.6556,cloud_heavy
6287,23,261,5871.4,7632.8,0.6123,cloud_heavy
6288,0,262,5506.7,7158.7,0.4829,cloud_heavy
6289,1,262,5415.0,7039.5,0.4978,cloud_heavy
6290,2,262,5549.9,7214.9,0.5177,cloud_heavy
6291,3,262,6007.0,7809.1,0.5431,cloud_heavy
6292,4,262,5902.9,7673.8,0.5747,cloud_heavy
6293,5,262,5943.3,7726.3,0.6123,cloud_heavy
6294,6,262,6014.4,7818.8,0.6556,cloud_heavy
6295,7,262,6069.7,7890.6,0.7032,cloud_heavy
6296,8,262,6394.3,8312.6,0.7533,cloud_heavy
6297,9,262,6879.5,8943.3,0.8033,cloud_heavy
6298,10,262,7263.9,9443.0,0.8504,cloud_heavy
6299,11,262,7108.6,9241.1,0.8912,cloud_heavy
6300,12,262,7712.0,10025.6,0.923,cloud_heavy
6301,13,262,7290.1,9477.2,0.9431,cloud_heavy
6302,14,262,7426.4,9654.3,0.95,cloud_heavy
6303,15,262,7209.2,9372.0,0.9431,cloud_heavy
6304,16,262,7583.9,9859.0,0.923,cloud_heavy
6305,17,262,7685.1,9990.6,0.8912,cloud_heavy
6306,18,262,6683.4,8688.4,0.8504,cloud_heavy
6307,19,262,6785.2,8820.8,0.8033,cloud_heavy
6308,20,262,6895.8,8964.5,0.7533,cloud_heavy
6309,21,262,6151.6,7997.1,0.7032,cloud_heavy
6310,22,262,6334.3,8234.6,0.6556,cloud_heavy
6311,23,262,6266.2,8146.1,0.6123,cloud_heavy
6312,0,263,5507.4,7159.6,0.4829,cloud_heavy
6313,1,263,5649.8,7344.7,0.4978,cloud_heavy
6314,2,263,5940.5,7722.6,0.5177,cloud_heavy
6315,3,263,6086.8,7912.8,0.5431,cloud_heavy
6316,4,263,5873.7,7635.9,0.5747,cloud_heavy
6317,5,263,5948.2,7732.6,0.6123,cloud_heavy
6318,6,263,6056.5,7873.5,0.6556,cloud_heavy
6319,7,263,6619.2,8605.0,0.7032,cloud_heavy
6320,8,263,6370.3,8281.4,0.7533,cloud_heavy
6321,9,263,6804.5,8845.8,0.8033,cloud_heavy
6322,10,263,7078.1,9201.5,0.8504,cloud_heavy
6323,11,263,7121.0,9257.3,0.8912,cloud_heavy
6324,12,263,7426.8,9654.8,0.923,cloud_heavy
6325,13,263,8023.7,10430.8,0.9431,cloud_heavy
6326,14,263,7452.5,9688.3,0.95,cloud_heavy
6327,15,263,7353.2,9559.1,0.9431,cloud_heavy
6328,16,263,7589.3,9866.1,0.923,cloud_heavy
6329,17,263,7282.1,9466.7,0.8912,cloud_heavy
6330,18,263,7361.1,9569.4,0.8504,cloud_heavy
6331,19,263,6890.3,8957.4,0.8033,cloud_heavy
6332,20,263,6594.2,8572.4,0.7533,cloud_heavy
6333,21,263,6086.6,7912.6,0.7032,cloud_heavy
6334,22,263,5925.8,7703.5,0.6556,cloud_heavy
6335,23,263,5711.8,7425.3,0.6123,cloud_heavy
6336,0,264,5514.6,7169.0,0.473,cloud_heavy
6337,1,264,5272.4,6854.1,0.4835,cloud_heavy
6338,2,264,5765.4,7495.0,0.4974,cloud_heavy
6339,3,264,5637.0,7328.1,0.5152,cloud_heavy
6340,4,264,5683.8,7388.9,0.5373,cloud_heavy
6341,5,264,5689.9,7396.9,0.5636,cloud_heavy
6342,6,264,6077.7,7901.0,0.5939,cloud_heavy
6343,7,264,5960.6,7748.7,0.6272,cloud_heavy
6344,8,264,6072.1,7893.7,0.6623,cloud_heavy
6345,9,264,6634.3,8624.6,0.6973,cloud_heavy
6346,10,264,6615.5,8600.2,0.7303,cloud_heavy
6347,11,264,6620.5,8606.7,0.7589,cloud_heavy
6348,12,264,6892.0,8959.7,0.7811,cloud_heavy
6349,13,264,6823.6,8870.7,0.7952,cloud_heavy
6350,14,264,6920.9,8997.2,0.8,cloud_heavy
6351,15,264,6654.6,8651.0,0.7952,cloud_heavy
6352,16,264,7181.9,9336.5,0.7811,cloud_heavy
6353,17,264,6551.6,8517.1,0.7589,cloud_heavy
6354,18,264,6851.5,8906.9,0.7303,cloud_heavy
6355,19,264,6369.7,8280.5,0.6973,cloud_heavy
6356,20,264,6408.5,8331.1,0.6623,cloud_heavy
6357,21,264,6242.5,8115.3,0.6272,cloud_heavy
6358,22,264,6171.6,8023.1,0.5939,cloud_heavy
6359,23,264,5690.5,7397.7,0.5636,cloud_heavy
6360,0,265,5628.5,7317.1,0.473,cloud_heavy
6361,1,265,5801.6,7542.0,0.4835,cloud_heavy
6362,2,265,5513.0,7166.9,0.4974,cloud_heavy
6363,3,265,5637.7,7329.1,0.5152,cloud_heavy
6364,4,265,5635.8,7326.5,0.5373,cloud_heavy
6365,5,265,5777.1,7510.2,0.5636,cloud_heavy
6366,6,265,6272.7,8154.5,0.5939,cloud_heavy
6367,7,265,5924.0,7701.2,0.6272,cloud_heavy
6368,8,265,6080.2,7904.2,0.6623,cloud_heavy
6369,9,265,6715.5,8730.2,0.6973,cloud_heavy
6370,10,265,6668.6,8669.1,0.7303,cloud_heavy
6371,11,265,7091.7,9219.1,0.7589,cloud_heavy
6372,12,265,6670.5,8671.7,0.7811,cloud_heavy
6373,13,265,6847.6,8901.9,0.7952,cloud_heavy
6374,14,265,6706.7,8718.7,0.8,cloud_heavy
6375,15,265,6851.1,8906.5,0.7952,cloud_heavy
6376,16,265,6402.0,8322.6,0.7811,cloud_heavy
6377,17,265,6804.5,8845.9,0.7589,cloud_heavy
6378,18,265,6609.4,8592.3,0.7303,cloud_heavy
6379,19,265,6394.9,8313.4,0.6973,cloud_heavy
6380,20,265,6183.7,8038.9,0.6623,cloud_heavy
6381,21,265,5944.0,7727.2,0.6272,cloud_heavy
6382,22,265,6096.6,7925.6,0.5939,cloud_heavy
6383,23,265,5632.6,7322.4,0.5636,cloud_heavy
6384,0,266,5578.9,7252.5,0.4829,cloud_heavy
6385,1,266,5903.9,7675.1,0.4978,cloud_heavy
6386,2,266,5893.9,7662.0,0.5177,cloud_heavy
6387,3,266,5491.0,7138.3,0.5431,cloud_heavy
6388,4,266,5789.9,7526.9,0.5747,cloud_heavy
6389,5,266,6121.1,7957.5,0.6123,cloud_heavy
6390,6,266,6215.3,8079.9,0.6556,cloud_heavy
6391,7,266,6160.8,8009.0,0.7032,cloud_heavy
6392,8,266,6720.5,8736.6,0.7533,cloud_heavy
6393,9,266,6854.4,8910.7,0.8033,cloud_heavy
6394,10,266,7461.6,9700.1,0.8504,cloud_heavy
6395,11,266,7175.2,9327.7,0.8912,cloud_heavy
6396,12,266,7623.0,9910.0,0.923,cloud_heavy
6397,13,266,7167.3,9317.5,0.9431,cloud_heavy
6398,14,266,7249.1,9423.9,0.95,cloud_heavy
6399,15,266,7611.8,9895.3,0.9431,cloud_heavy
6400,16,266,7604.4,9885.7,0.923,cloud_heavy
6401,17,266,7022.5,9129.2,0.8912,cloud_heavy
6402,18,266,7061.5,9179.9,0.8504,cloud_heavy
6403,19,266,6572.3,8543.9,0.8033,cloud_heavy
6404,20,266,6607.6,8589.8,0.7533,cloud_heavy
6405,21,266,6592.2,8569.9,0.7032,cloud_heavy
6406,22,266,6147.1,7991.3,0.6556,cloud_heavy
6407,23,266,5999.5,7799.4,0.6123,cloud_heavy
6408,0,267,5308.3,6900.7,0.4829,cloud_heavy
6409,1,267,5449.9,7084.9,0.4978,cloud_heavy
6410,2,267,5940.0,7722.0,0.5177,cloud_heavy
6411,3,267,5763.2,7492.2,0.5431,cloud_heavy
6412,4,267,5707.7,7420.1,0.5747,cloud_heavy
6413,5,267,5987.6,7783.9,0.6123,cloud_heavy
6414,6,267,5929.9,7708.9,0.6556,cloud_heavy
6415,7,267,6235.1,8105.7,0.7032,cloud_heavy
6416,8,267,6914.8,8989.3,0.7533,cloud_heavy
6417,9,267,6827.1,8875.3,0.8033,cloud_heavy
6418,10,267,7456.6,9693.6,0.8504,cloud_heavy
6419,11,267,7209.4,9372.3,0.8912,cloud_heavy
6420,12,267,7357.0,9564.1,0.923,cloud_heavy
6421,13,267,7593.7,9871.9,0.9431,cloud_heavy
6422,14,267,6880.1,8944.1,0.95,cloud_heavy
6423,15,267,7496.3,9745.2,0.9431,cloud_heavy
6424,16,267,7354.1,9560.4,0.923,cloud_heavy
6425,17,267,7552.4,9818.2,0.8912,cloud_heavy
6426,18,267,7260.6,9438.8,0.8504,cloud_heavy
6427,19,267,6623.2,8610.2,0.8033,cloud_heavy
6428,20,267,6891.3,8958.6,0.7533,cloud_heavy
6429,21,267,6380.2,8294.2,0.7032,cloud_heavy
6430,22,267,6059.4,7877.2,0.6556,cloud_heavy
6431,23,267,6080.4,7904.6,0.6123,cloud_heavy
6432,0,268,5461.1,7099.4,0.4829,cloud_heavy
6433,1,268,5814.6,7558.9,0.4978,cloud_heavy
6434,2,268,5700.1,7410.1,0.5177,cloud_heavy
6435,3,268,5786.1,7521.9,0.5431,cloud_heavy
6436,4,268,6043.7,7856.8,0.5747,cloud_heavy
6437,5,268,6242.9,8115.7,0.6123,cloud_heavy
6438,6,268,6374.8,8287.3,0.6556,cloud_heavy
6439,7,268,6704.6,8716.0,0.7032,cloud_heavy
6440,8,268,6765.0,8794.5,0.7533,cloud_heavy
6441,9,268,6890.9,8958.2,0.8033,cloud_heavy
6442,10,268,7318.7,9514.3,0.8504,cloud_heavy
6443,11,268,7210.4,9373.5,0.8912,cloud_heavy
6444,12,268,7372.3,9584.0,0.923,cloud_heavy
6445,13,268,7835.3,10185.9,0.9431,cloud_heavy
6446,14,268,7843.8,10196.9,0.95,cloud_heavy
6447,15,268,7448.7,9683.3,0.9431,cloud_heavy
6448,16,268,7264.8,9444.2,0.923,cloud_heavy
6449,17,268,7547.5,9811.7,0.8912,cloud_heavy
6450,18,268,7225.8,9393.6,0.8504,cloud_heavy
6451,19,268,6921.3,8997.8,0.8033,cloud_heavy
6452,20,268,6579.5,8553.4,0.7533,cloud_heavy
6453,21,268,6494.8,8443.2,0.7032,cloud_heavy
6454,22,268,6224.4,8091.7,0.6556,cloud_heavy
6455,23,268,5924.2,7701.5,0.6123,cloud_heavy
6456,0,269,5515.8,7170.5,0.4829,cloud_heavy
6457,1,269,5602.3,7283.0,0.4978,cloud_heavy
6458,2,269,5578.9,7252.5,0.5177,cloud_heavy
6459,3,269,5906.6,7678.5,0.5431,cloud_heavy
6460,4,269,6112.2,7945.9,0.5747,cloud_heavy
6461,5,269,6220.6,8086.7,0.6123,cloud_heavy
6462,6,269,6176.8,8029.8,0.6556,cloud_heavy
6463,7,269,6576.6,8549.6,0.7032,cloud_heavy
6464,8,269,6659.2,8657.0,0.7533,cloud_heavy
6465,9,269,6602.3,8582.9,0.8033,cloud_heavy
6466,10,269,7198.8,9358.4,0.8504,cloud_heavy
6467,11,269,7261.8,9440.4,0.8912,cloud_heavy
6468,12,269,7938.0,10319.4,0.923,cloud_heavy
6469,13,269,7776.2,10109.1,0.9431,cloud_heavy
6470,14,269,7639.4,9931.2,0.95,cloud_heavy
6471,15,269,7506.2,9758.0,0.9431,cloud_heavy
6472,16,269,7401.1,9621.5,0.923,cloud_heavy
6473,17,269,7012.4,9116.1,0.8912,cloud_heavy
6474,18,269,6688.2,8694.7,0.8504,cloud_heavy
6475,19,269,6677.0,8680.0,0.8033,cloud_heavy
6476,20,269,6634.2,8624.4,0.7533,cloud_heavy
6477,21,269,6024.6,7831.9,0.7032,cloud_heavy
6478,22,269,6126.7,7964.7,0.6556,cloud_heavy
6479,23,269,5999.8,7799.7,0.6123,cloud_heavy
6480,0,270,5459.0,7096.7,0.4829,cloud_heavy
6481,1,270,5447.7,7082.0,0.4978,cloud_heavy
6482,2,270,5584.6,7260.0,0.5177,cloud_heavy
6483,3,270,6048.0,7862.4,0.5431,cloud_heavy
6484,4,270,6001.6,7802.0,0.5747,cloud_heavy
6485,5,270,5943.1,7726.0,0.6123,cloud_heavy
6486,6,270,6215.7,8080.3,0.6556,cloud_heavy
6487,7,270,6425.3,8352.9,0.7032,cloud_heavy
6488,8,270,6490.6,8437.8,0.7533,cloud_heavy
6489,9,270,6698.2,8707.7,0.8033,cloud_heavy
6490,10,270,7270.3,9451.4,0.8504,cloud_heavy
6491,11,270,7139.1,9280.8,0.8912,cloud_heavy
6492,12,270,7123.1,9260.0,0.923,cloud_heavy
6493,13,270,7440.9,9673.1,0.9431,cloud_heavy
6494,14,270,7506.3,9758.2,0.95,cloud_heavy
6495,15,270,7009.6,9112.4,0.9431,cloud_heavy
6496,16,270,7356.0,9562.8,0.923,cloud_heavy
6497,17,270,7418.4,9643.9,0.8912,cloud_heavy
6498,18,270,7151.9,9297.5,0.8504,cloud_heavy
6499,19,270,7315.1,9509.6,0.8033,cloud_heavy
6500,20,270,6893.0,8961.0,0.7533,cloud_heavy
6501,21,270,6710.3,8723.4,0.7032,cloud_heavy
6502,22,270,6751.6,8777.1,0.6556,cloud_heavy
6503,23,270,6182.2,8036.8,0.6123,cloud_heavy
6504,0,271,5479.3,7123.0,0.473,cloud_heavy
6505,1,271,5657.6,7354.9,0.4835,cloud_heavy
6506,2,271,5462.9,7101.8,0.4974,cloud_heavy
6507,3,271,5650.1,7345.1,0.5152,cloud_heavy
6508,4,271,5614.5,7298.8,0.5373,cloud_heavy
6509,5,271,5907.4,7679.7,0.5636,cloud_heavy
6510,6,271,5849.7,7604.5,0.5939,cloud_heavy
6511,7,271,5982.1,7776.7,0.6272,cloud_heavy
6512,8,271,6334.6,8235.0,0.6623,cloud_heavy
6513,9,271,6379.5,8293.3,0.6973,cloud_heavy
6514,10,271,6167.4,8017.6,0.7303,cloud_heavy
6515,11,271,6376.4,8289.3,0.7589,cloud_heavy
6516,12,271,6529.2,8487.9,0.7811,cloud_heavy
6517,13,271,6641.1,8633.4,0.7952,cloud_heavy
6518,14,271,6927.4,9005.6,0.8,cloud_heavy
6519,15,271,6866.6,8926.6,0.7952,cloud_heavy
6520,16,271,6978.0,9071.4,0.7811,cloud_heavy
6521,17,271,6818.1,8863.5,0.7589,cloud_heavy
6522,18,271,6756.4,8783.3,0.7303,cloud_heavy
6523,19,271,6522.9,8479.7,0.6973,cloud_heavy
6524,20,271,6296.4,8185.3,0.6623,cloud_heavy
6525,21,271,6309.4,8202.3,0.6272,cloud_heavy
6526,22,271,6130.9,7970.2,0.5939,cloud_heavy
6527,23,271,5903.6,7674.7,0.5636,cloud_heavy
6528,0,272,5660.5,7358.6,0.473,cloud_heavy
6529,1,272,5110.2,6643.3,0.4835,cloud_heavy
6530,2,272,5507.7,7160.0,0.4974,cloud_heavy
6531,3,272,5580.2,7254.3,0.5152,cloud_heavy
6532,4,272,5923.7,7700.8,0.5373,cloud_heavy
6533,5,272,6112.9,7946.8,0.5636,cloud_heavy
6534,6,272,5706.8,7418.8,0.5939,cloud_heavy
6535,7,272,6366.6,8276.5,0.6272,cloud_heavy
6536,8,272,6037.1,7848.3,0.6623,cloud_heavy
6537,9,272,6186.6,8042.6,0.6973,cloud_heavy
6538,10,272,6499.9,8449.9,0.7303,cloud_heavy
6539,11,272,6603.9,8585.0,0.7589,cloud_heavy
6540,12,272,6445.8,8379.5,0.7811,cloud_heavy
6541,13,272,6954.8,9041.2,0.7952,cloud_heavy
6542,14,272,6981.8,9076.3,0.8,cloud_heavy
6543,15,272,7037.5,9148.8,0.7952,cloud_heavy
6544,16,272,6674.0,8676.2,0.7811,cloud_heavy
6545,17,272,6659.6,8657.5,0.7589,cloud_heavy
6546,18,272,6539.9,8501.9,0.7303,cloud_heavy
6547,19,272,6730.3,8749.4,0.6973,cloud_heavy
6548,20,272,5725.0,7442.5,0.6623,cloud_heavy
6549,21,272,5932.6,7712.4,0.6272,cloud_heavy
6550,22,272,5967.3,7757.5,0.5939,cloud_heavy
6551,23,272,5647.6,7341.9,0.5636,cloud_heavy
6552,0,273,5451.9,7087.5,0.4829,cloud_heavy
6553,1,273,5537.0,7198.1,0.4978,cloud_heavy
6554,2,273,5531.1,7190.4,0.5177,cloud_heavy
6555,3,273,5761.8,7490.3,0.5431,cloud_heavy
6556,4,273,5995.6,7794.2,0.5747,cloud_heavy
6557,5,273,6001.8,7802.4,0.6123,cloud_heavy
6558,6,273,6143.7,7986.9,0.6556,cloud_heavy
6559,7,273,6398.8,8318.4,0.7032,cloud_heavy
6560,8,273,6642.2,8634.9,0.7533,cloud_heavy
6561,9,273,6498.5,8448.0,0.8033,cloud_heavy
6562,10,273,7154.1,9300.3,0.8504,cloud_heavy
6563,11,273,7132.3,9272.0,0.8912,cloud_heavy
6564,12,273,7643.7,9936.8,0.923,cloud_heavy
6565,13,273,7582.6,9857.4,0.9431,cloud_heavy
6566,14,273,7742.4,10065.1,0.95,cloud_heavy
6567,15,273,7224.5,9391.9,0.9431,cloud_heavy
6568,16,273,7282.9,9467.8,0.923,cloud_heavy
6569,17,273,6960.6,9048.8,0.8912,cloud_heavy
6570,18,273,6907.1,8979.2,0.8504,cloud_heavy
6571,19,273,7114.0,9248.2,0.8033,cloud_heavy
6572,20,273,6940.2,9022.2,0.7533,cloud_heavy
6573,21,273,6209.3,8072.1,0.7032,cloud_heavy
6574,22,273,6142.8,7985.6,0.6556,cloud_heavy
6575,23,273,6030.9,7840.1,0.6123,cloud_heavy
6576,0,274,5591.0,7268.3,0.4829,cloud_heavy
6577,1,274,5264.6,6844.0,0.4978,cloud_heavy
6578,2,274,5371.1,6982.4,0.5177,cloud_heavy
6579,3,274,5835.1,7585.6,0.5431,cloud_heavy
6580,4,274,5540.6,7202.8,0.5747,cloud_heavy
6581,5,274,5963.7,7752.8,0.6123,cloud_heavy
6582,6,274,6258.7,8136.3,0.6556,cloud_heavy
6583,7,274,6511.0,8464.3,0.7032,cloud_heavy
6584,8,274,6615.4,8600.1,0.7533,cloud_heavy
6585,9,274,6781.2,8815.6,0.8033,cloud_heavy
6586,10,274,7235.2,9405.7,0.8504,cloud_heavy
6587,11,274,7292.0,9479.6,0.8912,cloud_heavy
6588,12,274,7222.0,9388.6,0.923,cloud_heavy
6589,13,274,7458.9,9696.6,0.9431,cloud_heavy
6590,14,274,7565.8,9835.5,0.95,cloud_heavy
6591,15,274,7834.5,10184.9,0.9431,cloud_heavy
6592,16,274,7538.7,9800.3,0.923,cloud_heavy
6593,17,274,7493.6,9741.6,0.8912,cloud_heavy
6594,18,274,6927.1,9005.2,0.8504,cloud_heavy
6595,19,274,6748.6,8773.2,0.8033,cloud_heavy
6596,20,274,6596.8,8575.8,0.7533,cloud_heavy
6597,21,274,6403.1,8324.0,0.7032,cloud_heavy
6598,22,274,6040.1,7852.1,0.6556,cloud_heavy
6599,23,274,6274.3,8156.5,0.6123,cloud_heavy
6600,0,275,5640.1,7332.1,0.4829,cloud_heavy
6601,1,275,5507.1,7159.2,0.4978,cloud_heavy
6602,2,275,5751.0,7476.3,0.5177,cloud_heavy
6603,3,275,5789.1,7525.8,0.5431,cloud_heavy
6604,4,275,6011.8,7815.3,0.5747,cloud_heavy
6605,5,275,5800.9,7541.2,0.6123,cloud_heavy
6606,6,275,6201.2,8061.6,0.6556,cloud_heavy
6607,7,275,6419.6,8345.4,0.7032,cloud_heavy
6608,8,275,6768.0,8798.4,0.7533,cloud_heavy
6609,9,275,6727.2,8745.3,0.8033,cloud_heavy
6610,10,275,6527.2,8485.3,0.8504,cloud_heavy
6611,11,275,6995.5,9094.1,0.8912,cloud_heavy
6612,12,275,7351.5,9556.9,0.923,cloud_heavy
6613,13,275,7464.8,9704.2,0.9431,cloud_heavy
6614,14,275,7857.6,10214.9,0.95,cloud_heavy
6615,15,275,7580.8,9855.0,0.9431,cloud_heavy
6616,16,275,7383.0,9597.9,0.923,cloud_heavy
6617,17,275,7223.1,9390.0,0.8912,cloud_heavy
6618,18,275,7290.1,9477.2,0.8504,cloud_heavy
6619,19,275,6735.1,8755.6,0.8033,cloud_heavy
6620,20,275,6615.7,8600.4,0.7533,cloud_heavy
6621,21,275,6220.6,8086.8,0.7032,cloud_heavy
6622,22,275,6493.5,8441.6,0.6556,cloud_heavy
6623,23,275,6115.9,7950.6,0.6123,cloud_heavy
6624,0,276,5377.9,6991.2,0.4829,cloud_heavy
6625,1,276,5538.9,7200.6,0.4978,cloud_heavy
6626,2,276,5728.7,7447.3,0.5177,cloud_heavy
6627,3,276,5707.4,7419.6,0.5431,cloud_heavy
6628,4,276,5790.3,7527.4,0.5747,cloud_heavy
6629,5,276,5926.0,7703.9,0.6123,cloud_heavy
6630,6,276,6291.8,8179.3,0.6556,cloud_heavy
6631,7,276,6361.7,8270.2,0.7032,cloud_heavy
6632,8,276,6553.2,8519.2,0.7533,cloud_heavy
6633,9,276,6581.6,8556.1,0.8033,cloud_heavy
6634,10,276,7072.8,9194.7,0.8504,cloud_heavy
6635,11,276,7190.8,9348.0,0.8912,cloud_heavy
6636,12,276,7293.9,9482.1,0.923,cloud_heavy
6637,13,276,7494.9,9743.4,0.9431,cloud_heavy
6638,14,276,7647.7,9942.0,0.95,cloud_heavy
6639,15,276,7607.3,9889.5,0.9431,cloud_heavy
6640,16,276,7487.1,9733.2,0.923,cloud_heavy
6641,17,276,7177.9,9331.3,0.8912,cloud_heavy
6642,18,276,6936.3,9017.2,0.8504,cloud_heavy
6643,19,276,6641.7,8634.2,0.8033,cloud_heavy
6644,20,276,6525.5,8483.1,0.7533,cloud_heavy
6645,21,276,6434.6,8364.9,0.7032,cloud_heavy
6646,22,276,6081.5,7906.0,0.6556,cloud_heavy
6647,23,276,6062.1,7880.7,0.6123,cloud_heavy
6648,0,277,5335.3,6935.9,0.4829,cloud_heavy
6649,1,277,5281.1,6865.4,0.4978,cloud_heavy
6650,2,277,5781.1,7515.4,0.5177,cloud_heavy
6651,3,277,5668.8,7369.4,0.5431,cloud_heavy
6652,4,277,5736.9,7458.0,0.5747,cloud_heavy
6653,5,277,5846.3,7600.2,0.6123,cloud_heavy
6654,6,277,6307.5,8199.7,0.6556,cloud_heavy
6655,7,277,6696.0,8704.8,0.7032,cloud_heavy
6656,8,277,6563.3,8532.4,0.7533,cloud_heavy
6657,9,277,6812.1,8855.7,0.8033,cloud_heavy
6658,10,277,7283.2,9468.2,0.8504,cloud_heavy
6659,11,277,6837.4,8888.6,0.8912,cloud_heavy
6660,12,277,7799.5,10139.4,0.923,cloud_heavy
6661,13,277,7996.8,10395.8,0.9431,cloud_heavy
6662,14,277,6872.5,8934.3,0.95,cloud_heavy
6663,15,277,7428.7,9657.3,0.9431,cloud_heavy
6664,16,277,7206.1,9368.0,0.923,cloud_heavy
6665,17,277,7172.7,9324.5,0.8912,cloud_heavy
6666,18,277,6967.8,9058.1,0.8504,cloud_heavy
6667,19,277,7023.4,9130.4,0.8033,cloud_heavy
6668,20,277,6621.2,8607.6,0.7533,cloud_heavy
6669,21,277,6255.0,8131.5,0.7032,cloud_heavy
6670,22,277,6196.2,8055.1,0.6556,cloud_heavy
6671,23,277,6138.0,7979.5,0.6123,cloud_heavy
6672,0,278,5258.9,6836.6,0.473,cloud_heavy
6673,1,278,5225.6,6793.3,0.4835,cloud_heavy
6674,2,278,5888.3,7654.8,0.4974,cloud_heavy
6675,3,278,5523.3,7180.3,0.5152,cloud_heavy
6676,4,278,5702.1,7412.8,0.5373,cloud_heavy
6677,5,278,5768.1,7498.5,0.5636,cloud_heavy
6678,6,278,6064.4,7883.8,0.5939,cloud_heavy
6679,7,278,6432.8,8362.7,0.6272,cloud_heavy
6680,8,278,6365.9,8275.6,0.6623,cloud_heavy
6681,9,278,6114.2,7948.4,0.6973,cloud_heavy
6682,10,278,6274.1,8156.3,0.7303,cloud_heavy
6683,11,278,6587.7,8564.0,0.7589,cloud_heavy
6684,12,278,6707.5,8719.8,0.7811,cloud_heavy
6685,13,278,6469.4,8410.2,0.7952,cloud_heavy
6686,14,278,7010.5,9113.6,0.8,cloud_heavy
6687,15,278,6599.5,8579.3,0.7952,cloud_heavy
6688,16,278,7064.9,9184.3,0.7811,cloud_heavy
6689,17,278,7031.7,9141.2,0.7589,cloud_heavy
6690,18,278,6497.2,8446.3,0.7303,cloud_heavy
6691,19,278,6490.3,8437.4,0.6973,cloud_heavy
6692,20,278,6025.8,7833.5,0.6623,cloud_heavy
6693,21,278,6222.3,8088.9,0.6272,cloud_heavy
6694,22,278,5877.2,7640.3,0.5939,cloud_heavy
6695,23,278,5647.3,7341.5,0.5636,cloud_heavy
6696,0,279,5405.3,7026.8,0.473,cloud_heavy
6697,1,279,5420.3,7046.3,0.4835,cloud_heavy
6698,2,279,5501.9,7152.5,0.4974,cloud_heavy
6699,3,279,5792.3,7530.0,0.5152,cloud_heavy
6700,4,279,5590.8,7268.1,0.5373,cloud_heavy
6701,5,279,6141.6,7984.1,0.5636,cloud_heavy
6702,6,279,5729.2,7447.9,0.5939,cloud_heavy
6703,7,279,6404.0,8325.2,0.6272,cloud_heavy
6704,8,279,6066.2,7886.1,0.6623,cloud_heavy
6705,9,279,6405.8,8327.5,0.6973,cloud_heavy
6706,10,279,6449.6,8384.5,0.7303,cloud_heavy
6707,11,279,6598.8,8578.4,0.7589,cloud_heavy
6708,12,279,6924.5,9001.8,0.7811,cloud_heavy
6709,13,279,7128.7,9267.4,0.7952,cloud_heavy
6710,14,279,7086.7,9212.7,0.8,cloud_heavy
6711,15,279,6738.9,8760.6,0.7952,cloud_heavy
6712,16,279,6799.3,8839.1,0.7811,cloud_heavy
6713,17,279,6511.1,8464.4,0.7589,cloud_heavy
6714,18,279,6351.2,8256.5,0.7303,cloud_heavy
6715,19,279,6185.7,8041.3,0.6973,cloud_heavy
6716,20,279,6174.9,8027.4,0.6623,cloud_heavy
6717,21,279,6153.7,7999.8,0.6272,cloud_heavy
6718,22,279,5624.1,7311.4,0.5939,cloud_heavy
6719,23,279,5829.6,7578.5,0.5636,cloud_heavy
6720,0,280,5744.4,7467.7,0.4829,cloud_heavy
6721,1,280,5745.1,7468.6,0.4978,cloud_heavy
6722,2,280,5543.3,7206.3,0.5177,cloud_heavy
6723,3,280,5509.6,7162.5,0.5431,cloud_heavy
6724,4,280,5965.9,7755.6,0.5747,cloud_heavy
6725,5,280,5624.4,7311.8,0.6123,cloud_heavy
6726,6,280,6435.9,8366.6,0.6556,cloud_heavy
6727,7,280,6389.6,8306.4,0.7032,cloud_heavy
6728,8,280,7008.7,9111.3,0.7533,cloud_heavy
6729,9,280,6501.2,8451.6,0.8033,cloud_heavy
6730,10,280,7250.7,9426.0,0.8504,cloud_heavy
6731,11,280,7208.3,9370.8,0.8912,cloud_heavy
6732,12,280,7291.8,9479.4,0.923,cloud_heavy
6733,13,280,7144.3,9287.6,0.9431,cloud_heavy
6734,14,280,7613.5,9897.5,0.95,cloud_heavy
6735,15,280,7601.6,9882.1,0.9431,cloud_heavy
6736,16,280,7759.4,10087.2,0.923,cloud_heavy
6737,17,280,7448.8,9683.4,0.8912,cloud_heavy
6738,18,280,6930.7,9009.8,0.8504,cloud_heavy
6739,19,280,6649.9,8644.9,0.8033,cloud_heavy
6740,20,280,6370.9,8282.2,0.7533,cloud_heavy
6741,21,280,6715.0,8729.5,0.7032,cloud_heavy
6742,22,280,6083.0,7907.9,0.6556,cloud_heavy
6743,23,280,6313.1,8207.1,0.6123,cloud_heavy
6744,0,281,5581.0,7255.3,0.4829,cloud_heavy
6745,1,281,5613.0,7297.0,0.4978,cloud_heavy
6746,2,281,5590.5,7267.6,0.5177,cloud_heavy
6747,3,281,5864.6,7624.0,0.5431,cloud_heavy
6748,4,281,5881.9,7646.5,0.5747,cloud_heavy
6749,5,281,5977.7,7771.1,0.6123,cloud_heavy
6750,6,281,6358.5,8266.0,0.6556,cloud_heavy
6751,7,281,6403.0,8323.9,0.7032,cloud_heavy
6752,8,281,6484.6,8429.9,0.7533,cloud_heavy
6753,9,281,6979.8,9073.8,0.8033,cloud_heavy
6754,10,281,7042.8,9155.7,0.8504,cloud_heavy
6755,11,281,7336.2,9537.0,0.8912,cloud_heavy
6756,12,281,7264.7,9444.1,0.923,cloud_heavy
6757,13,281,7180.2,9334.3,0.9431,cloud_heavy
6758,14,281,7869.1,10229.9,0.95,cloud_heavy
6759,15,281,7796.2,10135.0,0.9431,cloud_heavy
6760,16,281,7560.2,9828.3,0.923,cloud_heavy
6761,17,281,7146.0,9289.8,0.8912,cloud_heavy
6762,18,281,6992.8,9090.6,0.8504,cloud_heavy
6763,19,281,7140.8,9283.0,0.8033,cloud_heavy
6764,20,281,6573.2,8545.1,0.7533,cloud_heavy
6765,21,281,6308.7,8201.4,0.7032,cloud_heavy
6766,22,281,6578.3,8551.7,0.6556,cloud_heavy
6767,23,281,6036.0,7846.9,0.6123,cloud_heavy
6768,0,282,5786.0,7521.8,0.4829,cloud_heavy
6769,1,282,5324.9,6922.3,0.4978,cloud_heavy
6770,2,282,5730.1,7449.1,0.5177,cloud_heavy
6771,3,282,6107.9,7940.3,0.5431,cloud_heavy
6772,4,282,5889.9,7656.9,0.5747,cloud_heavy
6773,5,282,5996.8,7795.9,0.6123,cloud_heavy
6774,6,282,6010.2,7813.3,0.6556,cloud_heavy
6775,7,282,6639.6,8631.5,0.7032,cloud_heavy
6776,8,282,6490.2,8437.2,0.7533,cloud_heavy
6777,9,282,6836.9,8888.0,0.8033,cloud_heavy
6778,10,282,6795.0,8833.6,0.8504,cloud_heavy
6779,11,282,7567.8,9838.2,0.8912,cloud_heavy
6780,12,282,7620.1,9906.2,0.923,cloud_heavy
6781,13,282,7443.4,9676.5,0.9431,cloud_heavy
6782,14,282,7220.8,9387.1,0.95,cloud_heavy
6783,15,282,7793.8,10131.9,0.9431,cloud_heavy
6784,16,282,7284.1,9469.4,0.923,cloud_heavy
6785,17,282,6990.4,9087.5,0.8912,cloud_heavy
6786,18,282,6683.3,8688.4,0.8504,cloud_heavy
6787,19,282,6723.6,8740.6,0.8033,cloud_heavy
6788,20,282,6353.8,8259.9,0.7533,cloud_heavy
6789,21,282,6310.6,8203.8,0.7032,cloud_heavy
6790,22,282,6367.5,8277.8,0.6556,cloud_heavy
6791,23,282,5976.6,7769.6,0.6123,cloud_heavy
6792,0,283,5553.1,7219.0,0.4829,cloud_heavy
6793,1,283,5437.4,7068.6,0.4978,cloud_heavy
6794,2,283,5653.4,7349.5,0.5177,cloud_heavy
6795,3,283,6082.0,7906.6,0.5431,cloud_heavy
6796,4,283,5823.2,7570.1,0.5747,cloud_heavy
6797,5,283,6114.4,7948.7,0.6123,cloud_heavy
6798,6,283,5935.9,7716.7,0.6556,cloud_heavy
6799,7,283,6724.0,8741.2,0.7032,cloud_heavy
6800,8,283,6548.6,8513.1,0.7533,cloud_heavy
6801,9,283,7072.5,9194.3,0.8033,cloud_heavy
6802,10,283,7030.3,9139.4,0.8504,cloud_heavy
6803,11,283,7362.8,9571.6,0.8912,cloud_heavy
6804,12,283,7513.2,9767.2,0.923,cloud_heavy
6805,13,283,7349.4,9554.2,0.9431,cloud_heavy
6806,14,283,7724.8,10042.3,0.95,cloud_heavy
6807,15,283,7280.9,9465.1,0.9431,cloud_heavy
6808,16,283,7536.9,9797.9,0.923,cloud_heavy
6809,17,283,7145.5,9289.1,0.8912,cloud_heavy
6810,18,283,7130.4,9269.5,0.8504,cloud_heavy
6811,19,283,6761.4,8789.8,0.8033,cloud_heavy
6812,20,283,6653.6,8649.7,0.7533,cloud_heavy
6813,21,283,6223.4,8090.5,0.7032,cloud_heavy
6814,22,283,6274.7,8157.1,0.6556,cloud_heavy
6815,23,283,6052.7,7868.5,0.6123,cloud_heavy
6816,0,284,5405.4,7027.1,0.4829,cloud_heavy
6817,1,284,5548.9,7213.5,0.4978,cloud_heavy
6818,2,284,5665.1,7364.6,0.5177,cloud_heavy
6819,3,284,5644.3,7337.6,0.5431,cloud_heavy
6820,4,284,5862.0,7620.5,0.5747,cloud_heavy
6821,5,284,5862.3,7621.1,0.6123,cloud_heavy
6822,6,284,6666.7,8666.7,0.6556,cloud_heavy
6823,7,284,6635.1,8625.6,0.7032,cloud_heavy
6824,8,284,6698.1,8707.6,0.7533,cloud_heavy
6825,9,284,7097.5,9226.8,0.8033,cloud_heavy
6826,10,284,6637.4,8628.6,0.8504,cloud_heavy
6827,11,284,6675.3,8677.9,0.8912,cloud_heavy
6828,12,284,7276.7,9459.8,0.923,cloud_heavy
6829,13,284,7142.4,9285.1,0.9431,cloud_heavy
6830,14,284,7426.7,9654.7,0.95,cloud_heavy
6831,15,284,7496.5,9745.4,0.9431,cloud_heavy
6832,16,284,7568.3,9838.8,0.923,cloud_heavy
6833,17,284,6983.2,9078.2,0.8912,cloud_heavy
6834,18,284,7141.0,9283.3,0.8504,cloud_heavy
6835,19,284,6859.4,8917.2,0.8033,cloud_heavy
6836,20,284,6712.9,8726.8,0.7533,cloud_heavy
6837,21,284,6330.5,8229.6,0.7032,cloud_heavy
6838,22,284,6486.9,8432.9,0.6556,cloud_heavy
6839,23,284,6025.9,7833.7,0.6123,cloud_heavy
6840,0,285,5742.8,7465.6,0.473,cloud_heavy
6841,1,285,5366.7,6976.7,0.4835,cloud_heavy
6842,2,285,5679.9,7383.9,0.4974,cloud_heavy
6843,3,285,5621.8,7308.3,0.5152,cloud_heavy
6844,4,285,5669.4,7370.2,0.5373,cloud_heavy
6845,5,285,5948.5,7733.0,0.5636,cloud_heavy
6846,6,285,5912.8,7686.6,0.5939,cloud_heavy
6847,7,285,5620.2,7306.3,0.6272,cloud_heavy
6848,8,285,5682.1,7386.7,0.6623,cloud_heavy
6849,9,285,6650.5,8645.6,0.6973,cloud_heavy
6850,10,285,6787.5,8823.7,0.7303,cloud_heavy
6851,11,285,7045.0,9158.5,0.7589,cloud_heavy
6852,12,285,6758.4,8785.9,0.7811,cloud_heavy
6853,13,285,6557.2,8524.4,0.7952,cloud_heavy
6854,14,285,6756.2,8783.0,0.8,cloud_heavy
6855,15,285,6824.1,8871.4,0.7952,cloud_heavy
6856,16,285,6557.6,8524.9,0.7811,cloud_heavy
6857,17,285,6997.3,9096.5,0.7589,cloud_heavy
6858,18,285,6985.7,9081.4,0.7303,cloud_heavy
6859,19,285,6497.9,8447.2,0.6973,cloud_heavy
6860,20,285,6255.0,8131.5,0.6623,cloud_heavy
6861,21,285,5870.7,7631.9,0.6272,cloud_heavy
6862,22,285,6243.1,8116.1,0.5939,cloud_heavy
6863,23,285,5851.1,7606.4,0.5636,cloud_heavy
6864,0,286,5405.3,7026.9,0.473,cloud_heavy
6865,1,286,5576.4,7249.3,0.4835,cloud_heavy
6866,2,286,5458.5,7096.0,0.4974,cloud_heavy
6867,3,286,5656.7,7353.7,0.5152,cloud_heavy
6868,4,286,5477.9,7121.3,0.5373,cloud_heavy
6869,5,286,6028.1,7836.5,0.5636,cloud_heavy
6870,6,286,5947.6,7731.9,0.5939,cloud_heavy
6871,7,286,6320.3,8216.4,0.6272,cloud_heavy
6872,8,286,6219.3,8085.0,0.6623,cloud_heavy
6873,9,286,6379.8,8293.7,0.6973,cloud_heavy
6874,10,286,6307.8,8200.2,0.7303,cloud_heavy
6875,11,286,6819.5,8865.3,0.7589,cloud_heavy
6876,12,286,6584.3,8559.5,0.7811,cloud_heavy
6877,13,286,6722.2,8738.9,0.7952,cloud_heavy
6878,14,286,6842.5,8895.3,0.8,cloud_heavy
6879,15,286,6846.6,8900.6,0.7952,cloud_heavy
6880,16,286,6415.8,8340.6,0.7811,cloud_heavy
6881,17,286,6621.4,8607.8,0.7589,cloud_heavy
6882,18,286,6702.1,8712.7,0.7303,cloud_heavy
6883,19,286,6333.2,8233.2,0.6973,cloud_heavy
6884,20,286,6214.8,8079.3,0.6623,cloud_heavy
6885,21,286,6137.7,7979.1,0.6272,cloud_heavy
6886,22,286,5943.8,7726.9,0.5939,cloud_heavy
6887,23,286,5657.3,7354.4,0.5636,cloud_heavy
6888,0,287,5488.5,7135.0,0.4829,cloud_heavy
6889,1,287,5723.8,7440.9,0.4978,cloud_heavy
6890,2,287,5464.5,7103.8,0.5177,cloud_heavy
6891,3,287,5686.0,7391.8,0.5431,cloud_heavy
6892,4,287,5640.8,7333.0,0.5747,cloud_heavy
6893,5,287,6215.4,8080.0,0.6123,cloud_heavy
6894,6,287,6211.2,8074.5,0.6556,cloud_heavy
6895,7,287,6266.7,8146.8,0.7032,cloud_heavy
6896,8,287,6662.1,8660.7,0.7533,cloud_heavy
6897,9,287,6608.9,8591.5,0.8033,cloud_heavy
6898,10,287,6837.6,8888.9,0.8504,cloud_heavy
6899,11,287,6913.4,8987.4,0.8912,cloud_heavy
6900,12,287,7129.3,9268.0,0.923,cloud_heavy
6901,13,287,7753.9,10080.0,0.9431,cloud_heavy
6902,14,287,7315.3,9509.9,0.95,cloud_heavy
6903,15,287,7554.7,9821.1,0.9431,cloud_heavy
6904,16,287,7180.2,9334.2,0.923,cloud_heavy
6905,17,287,7394.9,9613.3,0.8912,cloud_heavy
6906,18,287,6839.2,8890.9,0.8504,cloud_heavy
6907,19,287,6864.5,8923.9,0.8033,cloud_heavy
6908,20,287,6654.2,8650.5,0.7533,cloud_heavy
6909,21,287,6879.9,8943.8,0.7032,cloud_heavy
6910,22,287,6346.2,8250.1,0.6556,cloud_heavy
6911,23,287,5937.2,7718.3,0.6123,cloud_heavy
6912,0,288,5607.4,7289.6,0.4829,cloud_heavy
6913,1,288,5914.6,7688.9,0.4978,cloud_heavy
6914,2,288,5366.5,6976.5,0.5177,cloud_heavy
6915,3,288,5605.3,7286.9,0.5431,cloud_heavy
6916,4,288,5842.9,7595.7,0.5747,cloud_heavy
6917,5,288,5969.1,7759.8,0.6123,cloud_heavy
6918,6,288,6166.2,8016.1,0.6556,cloud_heavy
6919,7,288,6179.2,8032.9,0.7032,cloud_heavy
6920,8,288,6923.5,9000.6,0.7533,cloud_heavy
6921,9,288,6563.8,8533.0,0.8033,cloud_heavy
6922,10,288,7014.0,9118.2,0.8504,cloud_heavy
6923,11,288,7457.0,9694.0,0.8912,cloud_heavy
6924,12,288,7358.3,9565.8,0.923,cloud_heavy
6925,13,288,7231.6,9401.1,0.9431,cloud_heavy
6926,14,288,7177.2,9330.3,0.95,cloud_heavy
6927,15,288,7399.1,9618.8,0.9431,cloud_heavy
6928,16,288,7197.7,9357.0,0.923,cloud_heavy
6929,17,288,7274.6,9457.0,0.8912,cloud_heavy
6930,18,288,6759.7,8787.6,0.8504,cloud_heavy
6931,19,288,7023.7,9130.8,0.8033,cloud_heavy
6932,20,288,6666.7,8666.7,0.7533,cloud_heavy
6933,21,288,6467.4,8407.6,0.7032,cloud_heavy
6934,22,288,6497.7,8447.0,0.6556,cloud_heavy
6935,23,288,5965.3,7754.9,0.6123,cloud_heavy
6936,0,289,5374.8,6987.3,0.4829,cloud_heavy
6937,1,289,5466.7,7106.7,0.4978,cloud_heavy
6938,2,289,5609.8,7292.7,0.5177,cloud_heavy
6939,3,289,5734.9,7455.4,0.5431,cloud_heavy
6940,4,289,5738.0,7459.4,0.5747,cloud_heavy
6941,5,289,5677.8,7381.2,0.6123,cloud_heavy
6942,6,289,6123.6,7960.7,0.6556,cloud_heavy
6943,7,289,6500.2,8450.2,0.7032,cloud_heavy
6944,8,289,6670.8,8672.1,0.7533,cloud_heavy
6945,9,289,7103.2,9234.1,0.8033,cloud_heavy
6946,10,289,7470.3,9711.4,0.8504,cloud_heavy
6947,11,289,7394.8,9613.3,0.8912,cloud_heavy
6948,12,289,7670.4,9971.6,0.923,cloud_heavy
6949,13,289,7621.9,9908.4,0.9431,cloud_heavy
6950,14,289,7863.5,10222.5,0.95,cloud_heavy
6951,15,289,7864.2,10223.4,0.9431,cloud_heavy
6952,16,289,7575.1,9847.7,0.923,cloud_heavy
6953,17,289,7383.3,9598.3,0.8912,cloud_heavy
6954,18,289,7012.9,9116.8,0.8504,cloud_heavy
6955,19,289,6847.9,8902.3,0.8033,cloud_heavy
6956,20,289,6576.4,8549.3,0.7533,cloud_heavy
6957,21,289,6550.6,8515.8,0.7032,cloud_heavy
6958,22,289,6093.8,7922.0,0.6556,cloud_heavy
6959,23,289,6010.0,7813.1,0.6123,cloud_heavy
6960,0,290,5106.3,6638.1,0.4829,cloud_heavy
6961,1,290,5845.3,7598.9,0.4978,cloud_heavy
6962,2,290,5605.1,7286.6,0.5177,cloud_heavy
6963,3,290,5829.2,7578.0,0.5431,cloud_heavy
6964,4,290,6142.0,7984.7,0.5747,cloud_heavy
6965,5,290,6099.1,7928.9,0.6123,cloud_heavy
6966,6,290,6498.3,8447.8,0.6556,cloud_heavy
6967,7,290,6191.2,8048.6,0.7032,cloud_heavy
6968,8,290,7121.5,9258.0,0.7533,cloud_heavy
6969,9,290,7080.0,9204.1,0.8033,cloud_heavy
6970,10,290,7100.7,9230.9,0.8504,cloud_heavy
6971,11,290,7539.2,9801.0,0.8912,cloud_heavy
6972,12,290,7106.8,9238.8,0.923,cloud_heavy
6973,13,290,7386.0,9601.8,0.9431,cloud_heavy
6974,14,290,7803.9,10145.1,0.95,cloud_heavy
6975,15,290,7033.2,9143.1,0.9431,cloud_heavy
6976,16,290,7488.8,9735.4,0.923,cloud_heavy
6977,17,290,7345.5,9549.2,0.8912,cloud_heavy
6978,18,290,7473.2,9715.2,0.8504,cloud_heavy
6979,19,290,6530.8,8490.1,0.8033,cloud_heavy
6980,20,290,6964.5,9053.9,0.7533,cloud_heavy
6981,21,290,6322.8,8219.7,0.7032,cloud_heavy
6982,22,290,6144.9,7988.4,0.6556,cloud_heavy
6983,23,290,5823.1,7570.0,0.6123,cloud_heavy
6984,0,291,5315.2,6909.7,0.4829,cloud_heavy
6985,1,291,5625.3,7312.9,0.4978,cloud_heavy
6986,2,291,5454.1,7090.3,0.5177,cloud_heavy
6987,3,291,5878.3,7641.8,0.5431,cloud_heavy
6988,4,291,5767.6,7497.9,0.5747,cloud_heavy
6989,5,291,5824.7,7572.1,0.6123,cloud_heavy
6990,6,291,6129.8,7968.7,0.6556,cloud_heavy
6991,7,291,6495.7,8444.4,0.7032,cloud_heavy
6992,8,291,6588.4,8564.9,0.7533,cloud_heavy
6993,9,291,6863.5,8922.5,0.8033,cloud_heavy
6994,10,291,7203.8,9364.9,0.8504,cloud_heavy
6995,11,291,7464.9,9704.4,0.8912,cloud_heavy
6996,12,291,7296.5,9485.4,0.923,cloud_heavy
6997,13,291,7217.1,9382.2,0.9431,cloud_heavy
6998,14,291,7496.9,9745.9,0.95,cloud_heavy
6999,15,291,7555.7,9822.4,0.9431,cloud_heavy
7000,16,291,7042.2,9154.9,0.923,cloud_heavy
7001,17,291,7036.9,9148.0,0.8912,cloud_heavy
7002,18,291,6904.1,8975.4,0.8504,cloud_heavy
7003,19,291,6813.7,8857.8,0.8033,cloud_heavy
7004,20,291,6492.0,8439.6,0.7533,cloud_heavy
7005,21,291,6567.2,8537.3,0.7032,cloud_heavy
7006,22,291,5928.5,7707.0,0.6556,cloud_heavy
7007,23,291,5758.2,7485.7,0.6123,cloud_heavy
7008,0,292,5398.0,7017.4,0.473,cloud_heavy
7009,1,292,5468.1,7108.5,0.4835,cloud_heavy
7010,2,292,5313.7,6907.7,0.4974,cloud_heavy
7011,3,292,5529.4,7188.2,0.5152,cloud_heavy
7012,4,292,5656.8,7353.9,0.5373,cloud_heavy
7013,5,292,5768.8,7499.5,0.5636,cloud_heavy
7014,6,292,5993.5,7791.6,0.5939,cloud_heavy
7015,7,292,5986.8,7782.8,0.6272,cloud_heavy
7016,8,292,6534.4,8494.8,0.6623,cloud_heavy
7017,9,292,6499.8,8449.7,0.6973,cloud_heavy
7018,10,292,6387.4,8303.6,0.7303,cloud_heavy
7019,11,292,6686.4,8692.4,0.7589,cloud_heavy
7020,12,292,6787.1,8823.2,0.7811,cloud_heavy
7021,13,292,7070.4,9191.5,0.7952,cloud_heavy
7022,14,292,6719.1,8734.8,0.8,cloud_heavy
7023,15,292,6978.8,9072.5,0.7952,cloud_heavy
7024,16,292,6770.4,8801.5,0.7811,cloud_heavy
7025,17,292,6965.9,9055.6,0.7589,cloud_heavy
7026,18,292,6799.4,8839.2,0.7303,cloud_heavy
7027,19,292,6443.8,8376.9,0.6973,cloud_heavy
7028,20,292,6207.8,8070.1,0.6623,cloud_heavy
7029,21,292,6200.8,8061.1,0.6272,cloud_heavy
7030,22,292,5934.0,7714.2,0.5939,cloud_heavy
7031,23,292,6132.0,7971.6,0.5636,cloud_heavy
7032,0,293,5465.4,7105.0,0.473,cloud_heavy
7033,1,293,5430.2,7059.2,0.4835,cloud_heavy
7034,2,293,5479.5,7123.4,0.4974,cloud_heavy
7035,3,293,5426.9,7055.0,0.5152,cloud_heavy
7036,4,293,5821.3,7567.7,0.5373,cloud_heavy
7037,5,293,5694.1,7402.4,0.5636,cloud_heavy
7038,6,293,6162.9,8011.8,0.5939,cloud_heavy
7039,7,293,5871.1,7632.4,0.6272,cloud_heavy
7040,8,293,6280.9,8165.2,0.6623,cloud_heavy
7041,9,293,6627.0,8615.1,0.6973,cloud_heavy
7042,10,293,6123.3,7960.2,0.7303,cloud_heavy
7043,11,293,7071.2,9192.6,0.7589,cloud_heavy
7044,12,293,6675.7,8678.3,0.7811,cloud_heavy
7045,13,293,6850.7,8905.9,0.7952,cloud_heavy
7046,14,293,6959.6,9047.5,0.8,cloud_heavy
7047,15,293,6970.4,9061.5,0.7952,cloud_heavy
7048,16,293,6817.5,8862.7,0.7811,cloud_heavy
7049,17,293,6867.0,8927.1,0.7589,cloud_heavy
7050,18,293,6647.8,8642.2,0.7303,cloud_heavy
7051,19,293,6744.4,8767.7,0.6973,cloud_heavy
7052,20,293,6355.1,8261.6,0.6623,cloud_heavy
7053,21,293,6468.0,8408.4,0.6272,cloud_heavy
7054,22,293,6127.6,7965.9,0.5939,cloud_heavy
7055,23,293,5521.5,7177.9,0.5636,cloud_heavy
7056,0,294,5924.9,7702.3,0.4829,cloud_heavy
7057,1,294,5462.3,7100.9,0.4978,cloud_heavy
7058,2,294,5895.5,7664.2,0.5177,cloud_heavy
7059,3,294,5755.3,7481.8,0.5431,cloud_heavy
7060,4,294,6072.0,7893.6,0.5747,cloud_heavy
7061,5,294,5919.8,7695.8,0.6123,cloud_heavy
7062,6,294,6345.3,8248.9,0.6556,cloud_heavy
7063,7,294,6381.9,8296.5,0.7032,cloud_heavy
7064,8,294,6958.4,9045.9,0.7533,cloud_heavy
7065,9,294,6946.7,9030.7,0.8033,cloud_heavy
7066,10,294,7254.5,9430.9,0.8504,cloud_heavy
7067,11,294,6760.7,8788.9,0.8912,cloud_heavy
7068,12,294,7346.1,9549.9,0.923,cloud_heavy
7069,13,294,7542.3,9804.9,0.9431,cloud_heavy
7070,14,294,7530.0,9789.0,0.95,cloud_heavy
7071,15,294,7665.3,9964.9,0.9431,cloud_heavy
7072,16,294,7284.1,9469.4,0.923,cloud_heavy
7073,17,294,7240.7,9412.9,0.8912,cloud_heavy
7074,18,294,7306.4,9498.4,0.8504,cloud_heavy
7075,19,294,6387.7,8304.0,0.8033,cloud_heavy
7076,20,294,6761.1,8789.5,0.7533,cloud_heavy
7077,21,294,6366.4,8276.3,0.7032,cloud_heavy
7078,22,294,6058.0,7875.3,0.6556,cloud_heavy
7079,23,294,6105.7,7937.4,0.6123,cloud_heavy
7080,0,295,5696.8,7405.8,0.4829,cloud_heavy
7081,1,295,5731.3,7450.7,0.4978,cloud_heavy
7082,2,295,5619.5,7305.4,0.5177,cloud_heavy
7083,3,295,5901.7,7672.2,0.5431,cloud_heavy
7084,4,295,6037.9,7849.3,0.5747,cloud_heavy
7085,5,295,6028.9,7837.5,0.6123,cloud_heavy
7086,6,295,6098.9,7928.6,0.6556,cloud_heavy
7087,7,295,6308.2,8200.7,0.7032,cloud_heavy
7088,8,295,6810.7,8853.9,0.7533,cloud_heavy
7089,9,295,6847.8,8902.1,0.8033,cloud_heavy
7090,10,295,6834.9,8885.4,0.8504,cloud_heavy
7091,11,295,6864.7,8924.1,0.8912,cloud_heavy
7092,12,295,7548.8,9813.4,0.923,cloud_heavy
7093,13,295,7328.3,9526.8,0.9431,cloud_heavy
7094,14,295,7553.9,9820.1,0.95,cloud_heavy
7095,15,295,7727.6,10045.9,0.9431,cloud_heavy
7096,16,295,7075.8,9198.5,0.923,cloud_heavy
7097,17,295,7220.3,9386.4,0.8912,cloud_heavy
7098,18,295,7020.2,9126.3,0.8504,cloud_heavy
7099,19,295,6934.5,9014.9,0.8033,cloud_heavy
7100,20,295,6890.7,8957.9,0.7533,cloud_heavy
7101,21,295,6174.3,8026.6,0.7032,cloud_heavy
7102,22,295,6334.9,8235.4,0.6556,cloud_heavy
7103,23,295,6231.8,8101.3,0.6123,cloud_heavy
7104,0,296,5463.8,7102.9,0.4829,cloud_heavy
7105,1,296,5535.1,7195.6,0.4978,cloud_heavy
7106,2,296,5713.2,7427.2,0.5177,cloud_heavy
7107,3,296,5810.1,7553.2,0.5431,cloud_heavy
7108,4,296,5987.5,7783.7,0.5747,cloud_heavy
7109,5,296,6146.5,7990.4,0.6123,cloud_heavy
7110,6,296,6044.9,7858.4,0.6556,cloud_heavy
7111,7,296,6621.8,8608.4,0.7032,cloud_heavy
7112,8,296,6876.2,8939.1,0.7533,cloud_heavy
7113,9,296,6894.7,8963.1,0.8033,cloud_heavy
7114,10,296,6740.1,8762.1,0.8504,cloud_heavy
7115,11,296,7205.2,9366.8,0.8912,cloud_heavy
7116,12,296,7407.9,9630.3,0.923,cloud_heavy
7117,13,296,7194.7,9353.1,0.9431,cloud_heavy
7118,14,296,7399.0,9618.7,0.95,cloud_heavy
7119,15,296,7135.5,9276.1,0.9431,cloud_heavy
7120,16,296,7499.2,9748.9,0.923,cloud_heavy
7121,17,296,7266.1,9445.9,0.8912,cloud_heavy
7122,18,296,6708.0,8720.4,0.8504,cloud_heavy
7123,19,296,6928.7,9007.3,0.8033,cloud_heavy
7124,20,296,6632.4,8622.1,0.7533,cloud_heavy
7125,21,296,6530.4,8489.5,0.7032,cloud_heavy
7126,22,296,6155.3,8001.8,0.6556,cloud_heavy
7127,23,296,5899.4,7669.2,0.6123,cloud_heavy
7128,0,297,5367.4,6977.6,0.4829,cloud_heavy
7129,1,297,5468.3,7108.8,0.4978,cloud_heavy
7130,2,297,5645.6,7339.3,0.5177,cloud_heavy
7131,3,297,5776.2,7509.0,0.5431,cloud_heavy
7132,4,297,5851.0,7606.3,0.5747,cloud_heavy
7133,5,297,5967.9,7758.3,0.6123,cloud_heavy
7134,6,297,6162.8,8011.6,0.6556,cloud_heavy
7135,7,297,6914.6,8988.9,0.7032,cloud_heavy
7136,8,297,6490.1,8437.1,0.7533,cloud_heavy
7137,9,297,6741.7,8764.2,0.8033,cloud_heavy
7138,10,297,7753.7,10079.8,0.8504,cloud_heavy
7139,11,297,7321.4,9517.9,0.8912,cloud_heavy
7140,12,297,7060.1,9178.1,0.923,cloud_heavy
7141,13,297,7638.9,9930.5,0.9431,cloud_heavy
7142,14,297,7275.6,9458.3,0.95,cloud_heavy
7143,15,297,7653.7,9949.8,0.9431,cloud_heavy
7144,16,297,7318.4,9513.9,0.923,cloud_heavy
7145,17,297,7134.7,9275.1,0.8912,cloud_heavy
7146,18,297,7397.0,9616.1,0.8504,cloud_heavy
7147,19,297,6972.9,9064.8,0.8033,cloud_heavy
7148,20,297,6837.6,8888.9,0.7533,cloud_heavy
7149,21,297,6514.7,8469.1,0.7032,cloud_heavy
7150,22,297,6145.4,7989.0,0.6556,cloud_heavy
7151,23,297,6155.6,8002.2,0.6123,cloud_heavy
7152,0,298,5693.8,7401.9,0.4829,cloud_heavy
7153,1,298,5580.5,7254.6,0.4978,cloud_heavy
7154,2,298,5947.4,7731.6,0.5177,cloud_heavy
7155,3,298,5897.4,7666.6,0.5431,cloud_heavy
7156,4,298,5922.1,7698.7,0.5747,cloud_heavy
7157,5,298,6090.3,7917.4,0.6123,cloud_heavy
7158,6,298,6254.1,8130.3,0.6556,cloud_heavy
7159,7,298,6189.4,8046.2,0.7032,cloud_heavy
7160,8,298,6625.7,8613.5,0.7533,cloud_heavy
7161,9,298,6901.9,8972.5,0.8033,cloud_heavy
7162,10,298,6968.3,9058.8,0.8504,cloud_heavy
7163,11,298,7303.4,9494.4,0.8912,cloud_heavy
7164,12,298,7369.7,9580.6,0.923,cloud_heavy
7165,13,298,7623.4,9910.5,0.9431,cloud_heavy
7166,14,298,7628.6,9917.2,0.95,cloud_heavy
7167,15,298,7487.9,9734.2,0.9431,cloud_heavy
7168,16,298,7062.9,9181.8,0.923,cloud_heavy
7169,17,298,7618.5,9904.1,0.8912,cloud_heavy
7170,18,298,7026.3,9134.2,0.8504,cloud_heavy
7171,19,298,6839.8,8891.7,0.8033,cloud_heavy
7172,20,298,6575.4,8548.0,0.7533,cloud_heavy
7173,21,298,6336.5,8237.5,0.7032,cloud_heavy
7174,22,298,6516.9,8472.0,0.6556,cloud_heavy
7175,23,298,6296.0,8184.9,0.6123,cloud_heavy
7176,0,299,5525.3,7182.9,0.473,cloud_heavy
7177,1,299,5479.3,7123.1,0.4835,cloud_heavy
7178,2,299,5659.3,7357.1,0.4974,cloud_heavy
7179,3,299,5644.4,7337.7,0.5152,cloud_heavy
7180,4,299,5693.0,7401.0,0.5373,cloud_heavy
7181,5,299,5896.9,7666.0,0.5636,cloud_heavy
7182,6,299,5887.4,7653.6,0.5939,cloud_heavy
7183,7,299,6154.2,8000.5,0.6272,cloud_heavy
7184,8,299,6295.4,8184.0,0.6623,cloud_heavy
7185,9,299,6521.8,8478.4,0.6973,cloud_heavy
7186,10,299,6424.3,8351.6,0.7303,cloud_heavy
7187,11,299,6809.6,8852.4,0.7589,cloud_heavy
7188,12,299,6578.1,8551.5,0.7811,cloud_heavy
7189,13,299,6704.6,8716.0,0.7952,cloud_heavy
7190,14,299,6733.7,8753.9,0.8,cloud_heavy
7191,15,299,6602.4,8583.1,0.7952,cloud_heavy
7192,16,299,6968.0,9058.3,0.7811,cloud_heavy
7193,17,299,6473.7,8415.8,0.7589,cloud_heavy
7194,18,299,6408.7,8331.2,0.7303,cloud_heavy
7195,19,299,6647.2,8641.4,0.6973,cloud_heavy
7196,20,299,6149.9,7994.9,0.6623,cloud_heavy
7197,21,299,6073.5,7895.6,0.6272,cloud_heavy
7198,22,299,5785.2,7520.8,0.5939,cloud_heavy
7199,23,299,5983.6,7778.7,0.5636,cloud_heavy
7200,0,300,5591.1,7268.4,0.473,cloud_heavy
7201,1,300,5618.9,7304.6,0.4835,cloud_heavy
7202,2,300,5645.7,7339.4,0.4974,cloud_heavy
7203,3,300,5644.3,7337.6,0.5152,cloud_heavy
7204,4,300,5635.6,7326.3,0.5373,cloud_heavy
7205,5,300,5695.0,7403.5,0.5636,cloud_heavy
7206,6,300,6197.2,8056.4,0.5939,cloud_heavy
7207,7,300,6248.1,8122.6,0.6272,cloud_heavy
7208,8,300,6126.9,7964.9,0.6623,cloud_heavy
7209,9,300,6413.6,8337.7,0.6973,cloud_heavy
7210,10,300,6487.0,8433.1,0.7303,cloud_heavy
7211,11,300,6441.9,8374.4,0.7589,cloud_heavy
7212,12,300,6798.0,8837.3,0.7811,cloud_heavy
7213,13,300,6736.8,8757.8,0.7952,cloud_heavy
7214,14,300,6646.8,8640.8,0.8,cloud_heavy
7215,15,300,6519.1,8474.8,0.7952,cloud_heavy
7216,16,300,6444.7,8378.1,0.7811,cloud_heavy
7217,17,300,6593.2,8571.2,0.7589,cloud_heavy
7218,18,300,6529.2,8488.0,0.7303,cloud_heavy
7219,19,300,6237.7,8109.1,0.6973,cloud_heavy
7220,20,300,6379.2,8292.9,0.6623,cloud_heavy
7221,21,300,6096.0,7924.8,0.6272,cloud_heavy
7222,22,300,6069.6,7890.5,0.5939,cloud_heavy
7223,23,300,5805.7,7547.4,0.5636,cloud_heavy
7224,0,301,5364.7,6974.2,0.4829,cloud_heavy
7225,1,301,5577.1,7250.2,0.4978,cloud_heavy
7226,2,301,5428.7,7057.3,0.5177,cloud_heavy
7227,3,301,5843.7,7596.8,0.5431,cloud_heavy
7228,4,301,5719.2,7435.0,0.5747,cloud_heavy
7229,5,301,6211.2,8074.6,0.6123,cloud_heavy
7230,6,301,6165.2,8014.7,0.6556,cloud_heavy
7231,7,301,6635.8,8626.5,0.7032,cloud_heavy
7232,8,301,6419.9,8345.9,0.7533,cloud_heavy
7233,9,301,6717.0,8732.1,0.8033,cloud_heavy
7234,10,301,7137.0,9278.1,0.8504,cloud_heavy
7235,11,301,7484.0,9729.2,0.8912,cloud_heavy
7236,12,301,7733.2,10053.2,0.923,cloud_heavy
7237,13,301,7459.7,9697.7,0.9431,cloud_heavy
7238,14,301,7892.2,10259.8,0.95,cloud_heavy
7239,15,301,7385.8,9601.5,0.9431,cloud_heavy
7240,16,301,7607.7,9890.1,0.923,cloud_heavy
7241,17,301,7025.8,9133.5,0.8912,cloud_heavy
7242,18,301,7145.3,9288.9,0.8504,cloud_heavy
7243,19,301,6374.8,8287.2,0.8033,cloud_heavy
7244,20,301,6420.1,8346.2,0.7533,cloud_heavy
7245,21,301,6520.8,8477.0,0.7032,cloud_heavy
7246,22,301,5983.2,7778.1,0.6556,cloud_heavy
7247,23,301,6122.1,7958.8,0.6123,cloud_heavy
7248,0,302,5643.9,7337.1,0.4829,cloud_heavy
7249,1,302,5474.4,7116.8,0.4978,cloud_heavy
7250,2,302,5478.4,7121.9,0.5177,cloud_heavy
7251,3,302,5668.8,7369.5,0.5431,cloud_heavy
7252,4,302,5714.2,7428.4,0.5747,cloud_heavy
7253,5,302,6026.3,7834.2,0.6123,cloud_heavy
7254,6,302,6247.5,8121.7,0.6556,cloud_heavy
7255,7,302,6371.7,8283.3,0.7032,cloud_heavy
7256,8,302,6977.4,9070.6,0.7533,cloud_heavy
7257,9,302,6708.5,8721.0,0.8033,cloud_heavy
7258,10,302,7350.9,9556.2,0.8504,cloud_heavy
7259,11,302,7004.3,9105.5,0.8912,cloud_heavy
7260,12,302,7381.1,9595.4,0.923,cloud_heavy
7261,13,302,7714.9,10029.4,0.9431,cloud_heavy
7262,14,302,7733.7,10053.8,0.95,cloud_heavy
7263,15,302,7356.6,9563.5,0.9431,cloud_heavy
7264,16,302,7487.6,9733.9,0.923,cloud_heavy
7265,17,302,7321.5,9517.9,0.8912,cloud_heavy
7266,18,302,6942.1,9024.7,0.8504,cloud_heavy
7267,19,302,6983.1,9078.1,0.8033,cloud_heavy
7268,20,302,7014.9,9119.4,0.7533,cloud_heavy
7269,21,302,6521.8,8478.3,0.7032,cloud_heavy
7270,22,302,6334.2,8234.5,0.6556,cloud_heavy
7271,23,302,6166.6,8016.6,0.6123,cloud_heavy
7272,0,303,5253.7,6829.8,0.4829,cloud_heavy
7273,1,303,5634.8,7325.2,0.4978,cloud_heavy
7274,2,303,5470.3,7111.4,0.5177,cloud_heavy
7275,3,303,5648.9,7343.5,0.5431,cloud_heavy
7276,4,303,6266.4,8146.3,0.5747,cloud_heavy
7277,5,303,5998.8,7798.4,0.6123,cloud_heavy
7278,6,303,6090.1,7917.2,0.6556,cloud_heavy
7279,7,303,6653.1,8649.1,0.7032,cloud_heavy
7280,8,303,6454.8,8391.2,0.7533,cloud_heavy
7281,9,303,6764.4,8793.7,0.8033,cloud_heavy
7282,10,303,7320.8,9517.0,0.8504,cloud_heavy
7283,11,303,7239.4,9411.2,0.8912,cloud_heavy
7284,12,303,7019.9,9125.9,0.923,cloud_heavy
7285,13,303,7572.1,9843.7,0.9431,cloud_heavy
7286,14,303,7390.8,9608.1,0.95,cloud_heavy
7287,15,303,7794.7,10133.1,0.9431,cloud_heavy
7288,16,303,7231.0,9400.3,0.923,cloud_heavy
7289,17,303,7458.1,9695.6,0.8912,cloud_heavy
7290,18,303,7432.3,9662.0,0.8504,cloud_heavy
7291,19,303,6681.4,8685.8,0.8033,cloud_heavy
7292,20,303,6605.2,8586.7,0.7533,cloud_heavy
7293,21,303,6505.7,8457.5,0.7032,cloud_heavy
7294,22,303,6068.2,7888.7,0.6556,cloud_heavy
7295,23,303,6093.7,7921.8,0.6123,cloud_heavy
7296,0,304,5457.4,7094.6,0.4829,cloud_heavy
7297,1,304,5517.2,7172.3,0.4978,cloud_heavy
7298,2,304,5650.7,7345.9,0.5177,cloud_heavy
7299,3,304,5762.9,7491.8,0.5431,cloud_heavy
7300,4,304,5913.6,7687.7,0.5747,cloud_heavy
7301,5,304,5936.1,7716.9,0.6123,cloud_heavy
7302,6,304,6124.7,7962.1,0.6556,cloud_heavy
7303,7,304,6407.9,8330.3,0.7032,cloud_heavy
7304,8,304,6634.8,8625.2,0.7533,cloud_heavy
7305,9,304,6766.2,8796.0,0.8033,cloud_heavy
7306,10,304,7124.9,9262.4,0.8504,cloud_heavy
7307,11,304,6836.5,8887.4,0.8912,cloud_heavy
7308,12,304,7203.6,9364.6,0.923,cloud_heavy
7309,13,304,7387.9,9604.3,0.9431,cloud_heavy
7310,14,304,7287.7,9474.0,0.95,cloud_heavy
7311,15,304,7814.6,10159.0,0.9431,cloud_heavy
7312,16,304,7369.1,9579.9,0.923,cloud_heavy
7313,17,304,7268.5,9449.0,0.8912,cloud_heavy
7314,18,304,6954.1,9040.3,0.8504,cloud_heavy
7315,19,304,6853.2,8909.1,0.8033,cloud_heavy
7316,20,304,6401.5,8321.9,0.7533,cloud_heavy
7317,21,304,6398.0,8317.4,0.7032,cloud_heavy
7318,22,304,6053.3,7869.3,0.6556,cloud_heavy
7319,23,304,5994.4,7792.7,0.6123,cloud_heavy
7320,0,305,5072.5,6594.3,0.4829,cloud_heavy
7321,1,305,5369.9,6980.9,0.4978,cloud_heavy
7322,2,305,5890.2,7657.3,0.5177,cloud_heavy
7323,3,305,5893.9,7662.1,0.5431,cloud_heavy
7324,4,305,6117.5,7952.8,0.5747,cloud_heavy
7325,5,305,6296.3,8185.2,0.6123,cloud_heavy
7326,6,305,6354.2,8260.4,0.6556,cloud_heavy
7327,7,305,6343.4,8246.4,0.7032,cloud_heavy
7328,8,305,6437.0,8368.0,0.7533,cloud_heavy
7329,9,305,7092.3,9220.0,0.8033,cloud_heavy
7330,10,305,7070.0,9191.1,0.8504,cloud_heavy
7331,11,305,7771.1,10102.4,0.8912,cloud_heavy
7332,12,305,7284.3,9469.6,0.923,cloud_heavy
7333,13,305,7891.5,10258.9,0.9431,cloud_heavy
7334,14,305,7444.6,9678.0,0.95,cloud_heavy
7335,15,305,7749.1,10073.9,0.9431,cloud_heavy
7336,16,305,7739.9,10061.8,0.923,cloud_heavy
7337,17,305,7008.2,9110.7,0.8912,cloud_heavy
7338,18,305,6953.7,9039.8,0.8504,cloud_heavy
7339,19,305,6644.0,8637.1,0.8033,cloud_heavy
7340,20,305,6398.5,8318.1,0.7533,cloud_heavy
7341,21,305,6559.5,8527.3,0.7032,cloud_heavy
7342,22,305,6191.7,8049.2,0.6556,cloud_heavy
7343,23,305,6054.2,7870.4,0.6123,cloud_heavy
7344,0,306,5543.6,7206.6,0.473,cloud_heavy
7345,1,306,5190.8,6748.0,0.4835,cloud_heavy
7346,2,306,5770.6,7501.8,0.4974,cloud_heavy
7347,3,306,5572.9,7244.8,0.5152,cloud_heavy
7348,4,306,5817.2,7562.3,0.5373,cloud_heavy
7349,5,306,5946.4,7730.4,0.5636,cloud_heavy
7350,6,306,6211.7,8075.2,0.5939,cloud_heavy
7351,7,306,6088.8,7915.4,0.6272,cloud_heavy
7352,8,306,5858.4,7615.9,0.6623,cloud_heavy
7353,9,306,6416.9,8342.0,0.6973,cloud_heavy
7354,10,306,6585.3,8560.9,0.7303,cloud_heavy
7355,11,306,6460.6,8398.8,0.7589,cloud_heavy
7356,12,306,6791.8,8829.4,0.7811,cloud_heavy
7357,13,306,6747.9,8772.3,0.7952,cloud_heavy
7358,14,306,6566.7,8536.7,0.8,cloud_heavy
7359,15,306,6959.2,9047.0,0.7952,cloud_heavy
7360,16,306,6647.6,8641.8,0.7811,cloud_heavy
7361,17,306,6586.2,8562.1,0.7589,cloud_heavy
7362,18,306,6455.1,8391.6,0.7303,cloud_heavy
7363,19,306,6643.4,8636.4,0.6973,cloud_heavy
7364,20,306,6249.3,8124.1,0.6623,cloud_heavy
7365,21,306,6122.5,7959.2,0.6272,cloud_heavy
7366,22,306,5887.5,7653.7,0.5939,cloud_heavy
7367,23,306,5918.8,7694.4,0.5636,cloud_heavy
7368,0,307,5673.3,7375.3,0.473,cloud_heavy
7369,1,307,5603.9,7285.1,0.4835,cloud_heavy
7370,2,307,5670.6,7371.8,0.4974,cloud_heavy
7371,3,307,5734.3,7454.6,0.5152,cloud_heavy
7372,4,307,5488.6,7135.2,0.5373,cloud_heavy
7373,5,307,5684.3,7389.6,0.5636,cloud_heavy
7374,6,307,5929.6,7708.5,0.5939,cloud_heavy
7375,7,307,5975.0,7767.5,0.6272,cloud_heavy
7376,8,307,6057.2,7874.4,0.6623,cloud_heavy
7377,9,307,6046.2,7860.0,0.6973,cloud_heavy
7378,10,307,6281.5,8165.9,0.7303,cloud_heavy
7379,11,307,6616.2,8601.1,0.7589,cloud_heavy
7380,12,307,6747.8,8772.2,0.7811,cloud_heavy
7381,13,307,6659.5,8657.3,0.7952,cloud_heavy
7382,14,307,6858.5,8916.1,0.8,cloud_heavy
7383,15,307,6733.0,8752.9,0.7952,cloud_heavy
7384,16,307,6983.2,9078.1,0.7811,cloud_heavy
7385,17,307,6635.2,8625.8,0.7589,cloud_heavy
7386,18,307,6682.6,8687.4,0.7303,cloud_heavy
7387,19,307,6445.0,8378.5,0.6973,cloud_heavy
7388,20,307,5993.8,7792.0,0.6623,cloud_heavy
7389,21,307,6091.4,7918.8,0.6272,cloud_heavy
7390,22,307,5745.2,7468.7,0.5939,cloud_heavy
7391,23,307,5818.8,7564.4,0.5636,cloud_heavy
7392,0,308,5371.7,6983.2,0.4829,cloud_heavy
7393,1,308,5621.7,7308.2,0.4978,cloud_heavy
7394,2,308,5415.2,7039.7,0.5177,cloud_heavy
7395,3,308,5753.2,7479.1,0.5431,cloud_heavy
7396,4,308,5985.7,7781.5,0.5747,cloud_heavy
7397,5,308,6209.3,8072.1,0.6123,cloud_heavy
7398,6,308,6085.6,7911.3,0.6556,cloud_heavy
7399,7,308,6434.2,8364.5,0.7032,cloud_heavy
7400,8,308,6680.4,8684.5,0.7533,cloud_heavy
7401,9,308,7174.7,9327.1,0.8033,cloud_heavy
7402,10,308,6742.8,8765.6,0.8504,cloud_heavy
7403,11,308,7032.5,9142.2,0.8912,cloud_heavy
7404,12,308,7984.6,10380.0,0.923,cloud_heavy
7405,13,308,7389.5,9606.3,0.9431,cloud_heavy
7406,14,308,7055.5,9172.1,0.95,cloud_heavy
7407,15,308,7320.3,9516.4,0.9431,cloud_heavy
7408,16,308,6753.2,8779.1,0.923,cloud_heavy
7409,17,308,7282.4,9467.1,0.8912,cloud_heavy
7410,18,308,7227.8,9396.1,0.8504,cloud_heavy
7411,19,308,6668.9,8669.6,0.8033,cloud_heavy
7412,20,308,6549.9,8514.8,0.7533,cloud_heavy
7413,21,308,6609.0,8591.7,0.7032,cloud_heavy
7414,22,308,5901.4,7671.8,0.6556,cloud_heavy
7415,23,308,5805.0,7546.6,0.6123,cloud_heavy
7416,0,309,5456.9,7093.9,0.4829,cloud_heavy
7417,1,309,5432.6,7062.4,0.4978,cloud_heavy
7418,2,309,5592.7,7270.4,0.5177,cloud_heavy
7419,3,309,5532.6,7192.4,0.5431,cloud_heavy
7420,4,309,5922.5,7699.3,0.5747,cloud_heavy
7421,5,309,6017.6,7822.9,0.6123,cloud_heavy
7422,6,309,6331.0,8230.4,0.6556,cloud_heavy
7423,7,309,6469.4,8410.3,0.7032,cloud_heavy
7424,8,309,6684.9,8690.3,0.7533,cloud_heavy
7425,9,309,6558.9,8526.6,0.8033,cloud_heavy
7426,10,309,7160.7,9308.8,0.8504,cloud_heavy
7427,11,309,7158.3,9305.9,0.8912,cloud_heavy
7428,12,309,7328.2,9526.6,0.923,cloud_heavy
7429,13,309,7684.8,9990.2,0.9431,cloud_heavy
7430,14,309,7318.4,9513.9,0.95,cloud_heavy
7431,15,309,7752.5,10078.3,0.9431,cloud_heavy
7432,16,309,7684.1,9989.4,0.923,cloud_heavy
7433,17,309,7393.4,9611.4,0.8912,cloud_heavy
7434,18,309,6848.8,8903.4,0.8504,cloud_heavy
7435,19,309,6406.7,8328.7,0.8033,cloud_heavy
7436,20,309,6858.7,8916.3,0.7533,cloud_heavy
7437,21,309,6452.3,8387.9,0.7032,cloud_heavy
7438,22,309,6089.2,7915.9,0.6556,cloud_heavy
7439,23,309,6257.5,8134.8,0.6123,cloud_heavy
7440,0,310,5352.5,6958.2,0.4829,cloud_heavy
7441,1,310,5487.3,7133.5,0.4978,cloud_heavy
7442,2,310,5731.2,7450.6,0.5177,cloud_heavy
7443,3,310,5558.5,7226.1,0.5431,cloud_heavy
7444,4,310,5865.4,7625.0,0.5747,cloud_heavy
7445,5,310,6242.2,8114.9,0.6123,cloud_heavy
7446,6,310,6267.9,8148.2,0.6556,cloud_heavy
7447,7,310,6671.4,8672.9,0.7032,cloud_heavy
7448,8,310,6869.6,8930.5,0.7533,cloud_heavy
7449,9,310,6858.0,8915.4,0.8033,cloud_heavy
7450,10,310,6561.7,8530.2,0.8504,cloud_heavy
7451,11,310,6990.3,9087.3,0.8912,cloud_heavy
7452,12,310,7533.6,9793.7,0.923,cloud_heavy
7453,13,310,7104.0,9235.2,0.9431,cloud_heavy
7454,14,310,7406.5,9628.4,0.95,cloud_heavy
7455,15,310,7526.2,9784.0,0.9431,cloud_heavy
7456,16,310,7689.7,9996.6,0.923,cloud_heavy
7457,17,310,7105.4,9237.0,0.8912,cloud_heavy
7458,18,310,6920.2,8996.2,0.8504,cloud_heavy
7459,19,310,6845.6,8899.3,0.8033,cloud_heavy
7460,20,310,6713.6,8727.7,0.7533,cloud_heavy
7461,21,310,6401.0,8321.3,0.7032,cloud_heavy
7462,22,310,6424.5,8351.8,0.6556,cloud_heavy
7463,23,310,5899.8,7669.7,0.6123,cloud_heavy
7464,0,311,5514.3,7168.6,0.4829,cloud_heavy
7465,1,311,5632.3,7321.9,0.4978,cloud_heavy
7466,2,311,5574.6,7247.0,0.5177,cloud_heavy
7467,3,311,5895.5,7664.1,0.5431,cloud_heavy
7468,4,311,5911.0,7684.3,0.5747,cloud_heavy
7469,5,311,6187.7,8044.1,0.6123,cloud_heavy
7470,6,311,6264.7,8144.1,0.6556,cloud_heavy
7471,7,311,6503.4,8454.4,0.7032,cloud_heavy
7472,8,311,6517.6,8472.9,0.7533,cloud_heavy
7473,9,311,6726.7,8744.7,0.8033,cloud_heavy
7474,10,311,7315.6,9510.2,0.8504,cloud_heavy
7475,11,311,7368.0,9578.3,0.8912,cloud_heavy
7476,12,311,7138.9,9280.6,0.923,cloud_heavy
7477,13,311,7490.9,9738.2,0.9431,cloud_heavy
7478,14,311,6947.1,9031.3,0.95,cloud_heavy
7479,15,311,7322.2,9518.9,0.9431,cloud_heavy
7480,16,311,7577.3,9850.5,0.923,cloud_heavy
7481,17,311,7203.0,9363.9,0.8912,cloud_heavy
7482,18,311,7081.3,9205.7,0.8504,cloud_heavy
7483,19,311,6236.0,8106.8,0.8033,cloud_heavy
7484,20,311,6565.5,8535.2,0.7533,cloud_heavy
7485,21,311,6496.0,8444.8,0.7032,cloud_heavy
7486,22,311,6315.4,8210.0,0.6556,cloud_heavy
7487,23,311,6219.2,8085.0,0.6123,cloud_heavy
7488,0,312,5459.8,7097.8,0.4829,cloud_heavy
7489,1,312,5530.4,7189.5,0.4978,cloud_heavy
7490,2,312,5416.9,7042.0,0.5177,cloud_heavy
7491,3,312,5715.3,7430.0,0.5431,cloud_heavy
7492,4,312,5662.0,7360.6,0.5747,cloud_heavy
7493,5,312,5709.6,7422.5,0.6123,cloud_heavy
7494,6,312,6025.7,7833.3,0.6556,cloud_heavy
7495,7,312,6721.8,8738.4,0.7032,cloud_heavy
7496,8,312,6589.8,8566.7,0.7533,cloud_heavy
7497,9,312,6901.7,8972.2,0.8033,cloud_heavy
7498,10,312,6947.7,9032.0,0.8504,cloud_heavy
7499,11,312,6841.7,8894.3,0.8912,cloud_heavy
7500,12,312,7571.8,9843.3,0.923,cloud_heavy
7501,13,312,6965.0,9054.5,0.9431,cloud_heavy
7502,14,312,7355.3,9561.9,0.95,cloud_heavy
7503,15,312,7438.3,9669.8,0.9431,cloud_heavy
7504,16,312,7415.9,9640.7,0.923,cloud_heavy
7505,17,312,7072.5,9194.3,0.8912,cloud_heavy
7506,18,312,6667.3,8667.5,0.8504,cloud_heavy
7507,19,312,6691.7,8699.2,0.8033,cloud_heavy
7508,20,312,6494.4,8442.8,0.7533,cloud_heavy
7509,21,312,6281.6,8166.1,0.7032,cloud_heavy
7510,22,312,6409.7,8332.6,0.6556,cloud_heavy
7511,23,312,5824.6,7572.0,0.6123,cloud_heavy
7512,0,313,5501.8,7152.4,0.473,cloud_heavy
7513,1,313,5523.2,7180.1,0.4835,cloud_heavy
7514,2,313,5716.2,7431.1,0.4974,cloud_heavy
7515,3,313,5609.4,7292.2,0.5152,cloud_heavy
7516,4,313,5861.6,7620.1,0.5373,cloud_heavy
7517,5,313,5807.6,7549.8,0.5636,cloud_heavy
7518,6,313,6044.1,7857.3,0.5939,cloud_heavy
7519,7,313,5832.6,7582.4,0.6272,cloud_heavy
7520,8,313,5761.8,7490.3,0.6623,cloud_heavy
7521,9,313,6478.5,8422.1,0.6973,cloud_heavy
7522,10,313,6630.6,8619.8,0.7303,cloud_heavy
7523,11,313,6762.6,8791.4,0.7589,cloud_heavy
7524,12,313,6655.4,8652.1,0.7811,cloud_heavy
7525,13,313,7126.7,9264.7,0.7952,cloud_heavy
7526,14,313,6747.9,8772.3,0.8,cloud_heavy
7527,15,313,6907.9,8980.3,0.7952,cloud_heavy
7528,16,313,6882.5,8947.3,0.7811,cloud_heavy
7529,17,313,7011.3,9114.7,0.7589,cloud_heavy
7530,18,313,6483.6,8428.7,0.7303,cloud_heavy
7531,19,313,6280.4,8164.5,0.6973,cloud_heavy
7532,20,313,5975.8,7768.5,0.6623,cloud_heavy
7533,21,313,6392.4,8310.2,0.6272,cloud_heavy
7534,22,313,6041.8,7854.3,0.5939,cloud_heavy
7535,23,313,5917.1,7692.2,0.5636,cloud_heavy
7536,0,314,5962.4,7751.1,0.473,cloud_heavy
7537,1,314,5550.7,7215.9,0.4835,cloud_heavy
7538,2,314,5339.0,6940.8,0.4974,cloud_heavy
7539,3,314,5598.8,7278.4,0.5152,cloud_heavy
7540,4,314,5558.3,7225.8,0.5373,cloud_heavy
7541,5,314,5768.4,7498.9,0.5636,cloud_heavy
7542,6,314,5894.3,7662.6,0.5939,cloud_heavy
7543,7,314,6000.4,7800.5,0.6272,cloud_heavy
7544,8,314,5995.5,7794.1,0.6623,cloud_heavy
7545,9,314,6712.0,8725.6,0.6973,cloud_heavy
7546,10,314,6604.6,8586.0,0.7303,cloud_heavy
7547,11,314,6622.4,8609.1,0.7589,cloud_heavy
7548,12,314,6915.6,8990.3,0.7811,cloud_heavy
7549,13,314,6918.2,8993.7,0.7952,cloud_heavy
7550,14,314,6898.9,8968.6,0.8,cloud_heavy
7551,15,314,6962.0,9050.6,0.7952,cloud_heavy
7552,16,314,6789.1,8825.8,0.7811,cloud_heavy
7553,17,314,6801.6,8842.1,0.7589,cloud_heavy
7554,18,314,6693.8,8701.9,0.7303,cloud_heavy
7555,19,314,6437.2,8368.4,0.6973,cloud_heavy
7556,20,314,6215.7,8080.3,0.6623,cloud_heavy
7557,21,314,6388.4,8304.9,0.6272,cloud_heavy
7558,22,314,5880.8,7645.0,0.5939,cloud_heavy
7559,23,314,5906.3,7678.1,0.5636,cloud_heavy
7560,0,315,5562.7,7231.5,0.4829,cloud_heavy
7561,1,315,5456.4,7093.3,0.4978,cloud_heavy
7562,2,315,5505.7,7157.3,0.5177,cloud_heavy
7563,3,315,5689.6,7396.5,0.5431,cloud_heavy
7564,4,315,5797.8,7537.1,0.5747,cloud_heavy
7565,5,315,5780.3,7514.4,0.6123,cloud_heavy
7566,6,315,6106.7,7938.7,0.6556,cloud_heavy
7567,7,315,6482.1,8426.8,0.7032,cloud_heavy
7568,8,315,6896.0,8964.8,0.7533,cloud_heavy
7569,9,315,6970.5,9061.6,0.8033,cloud_heavy
7570,10,315,6506.1,8457.9,0.8504,cloud_heavy
7571,11,315,7369.2,9580.0,0.8912,cloud_heavy
7572,12,315,7241.6,9414.1,0.923,cloud_heavy
7573,13,315,7551.8,9817.3,0.9431,cloud_heavy
7574,14,315,7476.6,9719.6,0.95,cloud_heavy
7575,15,315,7407.4,9629.7,0.9431,cloud_heavy
7576,16,315,7342.4,9545.1,0.923,cloud_heavy
7577,17,315,7225.2,9392.8,0.8912,cloud_heavy
7578,18,315,7341.0,9543.3,0.8504,cloud_heavy
7579,19,315,6852.4,8908.1,0.8033,cloud_heavy
7580,20,315,6860.0,8918.1,0.7533,cloud_heavy
7581,21,315,6612.1,8595.7,0.7032,cloud_heavy
7582,22,315,6353.1,8259.0,0.6556,cloud_heavy
7583,23,315,5720.7,7436.9,0.6123,cloud_heavy
7584,0,316,5678.5,7382.1,0.4829,cloud_heavy
7585,1,316,5481.7,7126.2,0.4978,cloud_heavy
7586,2,316,5763.5,7492.6,0.5177,cloud_heavy
7587,3,316,5582.9,7257.7,0.5431,cloud_heavy
7588,4,316,5675.5,7378.1,0.5747,cloud_heavy
7589,5,316,6403.1,8324.0,0.6123,cloud_heavy
7590,6,316,6049.6,7864.5,0.6556,cloud_heavy
7591,7,316,6651.9,8647.4,0.7032,cloud_heavy
7592,8,316,6667.3,8667.5,0.7533,cloud_heavy
7593,9,316,6770.0,8801.0,0.8033,cloud_heavy
7594,10,316,7046.9,9161.0,0.8504,cloud_heavy
7595,11,316,6947.9,9032.3,0.8912,cloud_heavy
7596,12,316,7361.9,9570.5,0.923,cloud_heavy
7597,13,316,7208.5,9371.0,0.9431,cloud_heavy
7598,14,316,7391.1,9608.4,0.95,cloud_heavy
7599,15,316,7657.3,9954.5,0.9431,cloud_heavy
7600,16,316,7421.1,9647.5,0.923,cloud_heavy
7601,17,316,6908.6,8981.2,0.8912,cloud_heavy
7602,18,316,7236.6,9407.6,0.8504,cloud_heavy
7603,19,316,6855.0,8911.5,0.8033,cloud_heavy
7604,20,316,6535.6,8496.3,0.7533,cloud_heavy
7605,21,316,6574.8,8547.3,0.7032,cloud_heavy
7606,22,316,6197.2,8056.3,0.6556,cloud_heavy
7607,23,316,5833.3,7583.3,0.6123,cloud_heavy
7608,0,317,5799.1,7538.8,0.4829,cloud_heavy
7609,1,317,5555.1,7221.7,0.4978,cloud_heavy
7610,2,317,5628.6,7317.2,0.5177,cloud_heavy
7611,3,317,5680.7,7385.0,0.5431,cloud_heavy
7612,4,317,6093.0,7920.9,0.5747,cloud_heavy
7613,5,317,5949.5,7734.4,0.6123,cloud_heavy
7614,6,317,5939.7,7721.7,0.6556,cloud_heavy
7615,7,317,6299.8,8189.8,0.7032,cloud_heavy
7616,8,317,6908.1,8980.6,0.7533,cloud_heavy
7617,9,317,7027.6,9135.9,0.8033,cloud_heavy
7618,10,317,7002.4,9103.1,0.8504,cloud_heavy
7619,11,317,7528.0,9786.4,0.8912,cloud_heavy
7620,12,317,7530.2,9789.3,0.923,cloud_heavy
7621,13,317,7390.9,9608.2,0.9431,cloud_heavy
7622,14,317,7442.6,9675.4,0.95,cloud_heavy
7623,15,317,7524.1,9781.3,0.9431,cloud_heavy
7624,16,317,7181.2,9335.5,0.923,cloud_heavy
7625,17,317,7231.1,9400.4,0.8912,cloud_heavy
7626,18,317,7121.7,9258.2,0.8504,cloud_heavy
7627,19,317,6509.4,8462.3,0.8033,cloud_heavy
7628,20,317,6606.0,8587.7,0.7533,cloud_heavy
7629,21,317,6372.3,8284.0,0.7032,cloud_heavy
7630,22,317,6420.5,8346.7,0.6556,cloud_heavy
7631,23,317,5710.2,7423.3,0.6123,cloud_heavy
7632,0,318,5431.6,7061.1,0.4829,cloud_heavy
7633,1,318,5477.7,7121.0,0.4978,cloud_heavy
7634,2,318,5804.9,7546.4,0.5177,cloud_heavy
7635,3,318,5743.1,7466.1,0.5431,cloud_heavy
7636,4,318,6201.8,8062.3,0.5747,cloud_heavy
7637,5,318,6164.8,8014.2,0.6123,cloud_heavy
7638,6,318,6151.8,7997.3,0.6556,cloud_heavy
7639,7,318,6477.0,8420.1,0.7032,cloud_heavy
7640,8,318,6573.1,8545.1,0.7533,cloud_heavy
7641,9,318,7033.2,9143.2,0.8033,cloud_heavy
7642,10,318,6774.4,8806.7,0.8504,cloud_heavy
7643,11,318,7051.5,9166.9,0.8912,cloud_heavy
7644,12,318,7465.7,9705.4,0.923,cloud_heavy
7645,13,318,7724.5,10041.8,0.9431,cloud_heavy
7646,14,318,6985.7,9081.4,0.95,cloud_heavy
7647,15,318,7757.7,10085.0,0.9431,cloud_heavy
7648,16,318,7334.0,9534.2,0.923,cloud_heavy
7649,17,318,6821.5,8867.9,0.8912,cloud_heavy
7650,18,318,6420.9,8347.2,0.8504,cloud_heavy
7651,19,318,6541.9,8504.4,0.8033,cloud_heavy
7652,20,318,6639.8,8631.7,0.7533,cloud_heavy
7653,21,318,6418.1,8343.5,0.7032,cloud_heavy
7654,22,318,6346.7,8250.8,0.6556,cloud_heavy
7655,23,318,5945.0,7728.6,0.6123,cloud_heavy
7656,0,319,5311.8,6905.4,0.4829,cloud_heavy
7657,1,319,5489.2,7135.9,0.4978,cloud_heavy
7658,2,319,5648.1,7342.5,0.5177,cloud_heavy
7659,3,319,5790.4,7527.6,0.5431,cloud_heavy
7660,4,319,5745.4,7469.0,0.5747,cloud_heavy
7661,5,319,6208.2,8070.6,0.6123,cloud_heavy
7662,6,319,6112.3,7946.0,0.6556,cloud_heavy
7663,7,319,6263.0,8141.9,0.7032,cloud_heavy
7664,8,319,6535.6,8496.3,0.7533,cloud_heavy
7665,9,319,7077.5,9200.8,0.8033,cloud_heavy
7666,10,319,7028.3,9136.7,0.8504,cloud_heavy
7667,11,319,7079.5,9203.3,0.8912,cloud_heavy
7668,12,319,7569.6,9840.5,0.923,cloud_heavy
7669,13,319,7929.4,10308.3,0.9431,cloud_heavy
7670,14,319,7526.9,9784.9,0.95,cloud_heavy
7671,15,319,7726.3,10044.2,0.9431,cloud_heavy
7672,16,319,7593.9,9872.1,0.923,cloud_heavy
7673,17,319,7098.7,9228.4,0.8912,cloud_heavy
7674,18,319,7062.0,9180.6,0.8504,cloud_heavy
7675,19,319,6592.6,8570.4,0.8033,cloud_heavy
7676,20,319,6602.8,8583.7,0.7533,cloud_heavy
7677,21,319,6310.0,8203.0,0.7032,cloud_heavy
7678,22,319,6153.1,7999.1,0.6556,cloud_heavy
7679,23,319,5908.7,7681.3,0.6123,cloud_heavy
7680,0,320,5405.6,7027.3,0.473,cloud_heavy
7681,1,320,5584.8,7260.3,0.4835,cloud_heavy
7682,2,320,5536.2,7197.1,0.4974,cloud_heavy
7683,3,320,5316.9,6912.0,0.5152,cloud_heavy
7684,4,320,5597.6,7276.8,0.5373,cloud_heavy
7685,5,320,5571.6,7243.1,0.5636,cloud_heavy
7686,6,320,6010.0,7813.0,0.5939,cloud_heavy
7687,7,320,6200.2,8060.3,0.6272,cloud_heavy
7688,8,320,6305.2,8196.7,0.6623,cloud_heavy
7689,9,320,6254.6,8131.0,0.6973,cloud_heavy
7690,10,320,6594.4,8572.7,0.7303,cloud_heavy
7691,11,320,6573.5,8545.5,0.7589,cloud_heavy
7692,12,320,6531.0,8490.3,0.7811,cloud_heavy
7693,13,320,6973.6,9065.7,0.7952,cloud_heavy
7694,14,320,7010.2,9113.3,0.8,cloud_heavy
7695,15,320,7016.0,9120.8,0.7952,cloud_heavy
7696,16,320,6638.5,8630.1,0.7811,cloud_heavy
7697,17,320,6903.4,8974.5,0.7589,cloud_heavy
7698,18,320,6449.0,8383.7,0.7303,cloud_heavy
7699,19,320,6531.5,8491.0,0.6973,cloud_heavy
7700,20,320,6161.1,8009.5,0.6623,cloud_heavy
7701,21,320,6066.9,7887.0,0.6272,cloud_heavy
7702,22,320,5533.0,7192.9,0.5939,cloud_heavy
7703,23,320,5784.9,7520.3,0.5636,cloud_heavy
7704,0,321,5467.5,7107.7,0.473,cloud_heavy
7705,1,321,5429.4,7058.3,0.4835,cloud_heavy
7706,2,321,5848.8,7603.5,0.4974,cloud_heavy
7707,3,321,5435.5,7066.1,0.5152,cloud_heavy
7708,4,321,5628.9,7317.6,0.5373,cloud_heavy
7709,5,321,5679.3,7383.0,0.5636,cloud_heavy
7710,6,321,5865.4,7625.1,0.5939,cloud_heavy
7711,7,321,6297.0,8186.1,0.6272,cloud_heavy
7712,8,321,6534.5,8494.8,0.6623,cloud_heavy
7713,9,321,6271.3,8152.7,0.6973,cloud_heavy
7714,10,321,6403.9,8325.1,0.7303,cloud_heavy
7715,11,321,6436.1,8366.9,0.7589,cloud_heavy
7716,12,321,7026.9,9135.0,0.7811,cloud_heavy
7717,13,321,7051.2,9166.6,0.7952,cloud_heavy
7718,14,321,6820.6,8866.7,0.8,cloud_heavy
7719,15,321,6536.1,8496.9,0.7952,cloud_heavy
7720,16,321,6496.9,8445.9,0.7811,cloud_heavy
7721,17,321,6701.7,8712.1,0.7589,cloud_heavy
7722,18,321,6653.8,8649.9,0.7303,cloud_heavy
7723,19,321,6008.9,7811.5,0.6973,cloud_heavy
7724,20,321,6196.7,8055.7,0.6623,cloud_heavy
7725,21,321,6404.5,8325.9,0.6272,cloud_heavy
7726,22,321,5927.4,7705.6,0.5939,cloud_heavy
7727,23,321,6098.6,7928.2,0.5636,cloud_heavy
7728,0,322,5601.5,7281.9,0.4829,cloud_heavy
7729,1,322,5377.2,6990.4,0.4978,cloud_heavy
7730,2,322,5592.9,7270.7,0.5177,cloud_heavy
7731,3,322,5728.4,7447.0,0.5431,cloud_heavy
7732,4,322,5716.5,7431.5,0.5747,cloud_heavy
7733,5,322,5868.8,7629.5,0.6123,cloud_heavy
7734,6,322,6510.0,8463.0,0.6556,cloud_heavy
7735,7,322,6242.2,8114.9,0.7032,cloud_heavy
7736,8,322,6858.6,8916.2,0.7533,cloud_heavy
7737,9,322,6766.7,8796.6,0.8033,cloud_heavy
7738,10,322,7050.9,9166.2,0.8504,cloud_heavy
7739,11,322,7352.0,9557.6,0.8912,cloud_heavy
7740,12,322,7232.7,9402.5,0.923,cloud_heavy
7741,13,322,7577.4,9850.7,0.9431,cloud_heavy
7742,14,322,7020.6,9126.8,0.95,cloud_heavy
7743,15,322,7548.8,9813.4,0.9431,cloud_heavy
7744,16,322,6819.6,8865.4,0.923,cloud_heavy
7745,17,322,7180.9,9335.2,0.8912,cloud_heavy
7746,18,322,7237.2,9408.4,0.8504,cloud_heavy
7747,19,322,6984.4,9079.8,0.8033,cloud_heavy
7748,20,322,6384.9,8300.4,0.7533,cloud_heavy
7749,21,322,6205.1,8066.7,0.7032,cloud_heavy
7750,22,322,6099.7,7929.7,0.6556,cloud_heavy
7751,23,322,6078.5,7902.0,0.6123,cloud_heavy
7752,0,323,5159.5,6707.4,0.4829,cloud_heavy
7753,1,323,5555.8,7222.6,0.4978,cloud_heavy
7754,2,323,5695.1,7403.6,0.5177,cloud_heavy
7755,3,323,5701.8,7412.3,0.5431,cloud_heavy
7756,4,323,5977.4,7770.6,0.5747,cloud_heavy
7757,5,323,6085.3,7910.8,0.6123,cloud_heavy
7758,6,323,6127.2,7965.4,0.6556,cloud_heavy
7759,7,323,6057.2,7874.4,0.7032,cloud_heavy
7760,8,323,6670.3,8671.4,0.7533,cloud_heavy
7761,9,323,6660.4,8658.5,0.8033,cloud_heavy
7762,10,323,6933.9,9014.1,0.8504,cloud_heavy
7763,11,323,7334.0,9534.2,0.8912,cloud_heavy
7764,12,323,7678.1,9981.6,0.923,cloud_heavy
7765,13,323,7442.0,9674.6,0.9431,cloud_heavy
7766,14,323,7604.1,9885.4,0.95,cloud_heavy
7767,15,323,7127.6,9265.9,0.9431,cloud_heavy
7768,16,323,7419.2,9645.0,0.923,cloud_heavy
7769,17,323,7217.1,9382.3,0.8912,cloud_heavy
7770,18,323,7316.6,9511.6,0.8504,cloud_heavy
7771,19,323,6745.3,8768.8,0.8033,cloud_heavy
7772,20,323,6595.5,8574.2,0.7533,cloud_heavy
7773,21,323,6635.0,8625.6,0.7032,cloud_heavy
7774,22,323,6211.2,8074.6,0.6556,cloud_heavy
7775,23,323,5843.6,7596.7,0.6123,cloud_heavy
7776,0,324,5915.1,7689.6,0.4829,cloud_heavy
7777,1,324,5378.2,6991.6,0.4978,cloud_heavy
7778,2,324,5631.4,7320.9,0.5177,cloud_heavy
7779,3,324,5810.4,7553.6,0.5431,cloud_heavy
7780,4,324,5931.9,7711.5,0.5747,cloud_heavy
7781,5,324,6010.3,7813.4,0.6123,cloud_heavy
7782,6,324,6193.9,8052.1,0.6556,cloud_heavy
7783,7,324,6385.4,8301.1,0.7032,cloud_heavy
7784,8,324,6421.3,8347.6,0.7533,cloud_heavy
7785,9,324,7298.7,9488.3,0.8033,cloud_heavy
7786,10,324,7009.8,9112.7,0.8504,cloud_heavy
7787,11,324,7359.6,9567.5,0.8912,cloud_heavy
7788,12,324,7291.0,9478.3,0.923,cloud_heavy
7789,13,324,7371.2,9582.6,0.9431,cloud_heavy
7790,14,324,7377.6,9590.9,0.95,cloud_heavy
7791,15,324,7104.1,9235.3,0.9431,cloud_heavy
7792,16,324,7329.5,9528.3,0.923,cloud_heavy
7793,17,324,7141.8,9284.4,0.8912,cloud_heavy
7794,18,324,7304.4,9495.7,0.8504,cloud_heavy
7795,19,324,6610.3,8593.4,0.8033,cloud_heavy
7796,20,324,6528.7,8487.2,0.7533,cloud_heavy
7797,21,324,6257.4,8134.7,0.7032,cloud_heavy
7798,22,324,6498.0,8447.4,0.6556,cloud_heavy
7799,23,324,5887.0,7653.1,0.6123,cloud_heavy
7800,0,325,5587.2,7263.3,0.4829,cloud_heavy
7801,1,325,5719.8,7435.7,0.4978,cloud_heavy
7802,2,325,5617.7,7303.0,0.5177,cloud_heavy
7803,3,325,5513.1,7167.0,0.5431,cloud_heavy
7804,4,325,5643.9,7337.0,0.5747,cloud_heavy
7805,5,325,6200.6,8060.8,0.6123,cloud_heavy
7806,6,325,5992.9,7790.7,0.6556,cloud_heavy
7807,7,325,6506.4,8458.3,0.7032,cloud_heavy
7808,8,325,6666.5,8666.4,0.7533,cloud_heavy
7809,9,325,6934.0,9014.2,0.8033,cloud_heavy
7810,10,325,7156.2,9303.1,0.8504,cloud_heavy
7811,11,325,7027.6,9135.9,0.8912,cloud_heavy
7812,12,325,7149.4,9294.3,0.923,cloud_heavy
7813,13,325,7610.3,9893.4,0.9431,cloud_heavy
7814,14,325,7338.6,9540.2,0.95,cloud_heavy
7815,15,325,6835.8,8886.5,0.9431,cloud_heavy
7816,16,325,7508.3,9760.8,0.923,cloud_heavy
7817,17,325,7005.3,9106.9,0.8912,cloud_heavy
7818,18,325,7155.3,9301.8,0.8504,cloud_heavy
7819,19,325,7142.9,9285.8,0.8033,cloud_heavy
7820,20,325,6647.0,8641.1,0.7533,cloud_heavy
7821,21,325,6622.9,8609.7,0.7032,cloud_heavy
7822,22,325,6257.2,8134.3,0.6556,cloud_heavy
7823,23,325,6332.6,8232.3,0.6123,cloud_heavy
7824,0,326,5319.4,6915.2,0.4829,cloud_heavy
7825,1,326,5556.7,7223.7,0.4978,cloud_heavy
7826,2,326,5756.3,7483.2,0.5177,cloud_heavy
7827,3,326,5717.8,7433.1,0.5431,cloud_heavy
7828,4,326,6088.1,7914.5,0.5747,cloud_heavy
7829,5,326,5966.3,7756.3,0.6123,cloud_heavy
7830,6,326,6615.1,8599.6,0.6556,cloud_heavy
7831,7,326,6840.2,8892.2,0.7032,cloud_heavy
7832,8,326,6699.9,8709.9,0.7533,cloud_heavy
7833,9,326,6970.1,9061.1,0.8033,cloud_heavy
7834,10,326,7308.6,9501.2,0.8504,cloud_heavy
7835,11,326,6972.6,9064.4,0.8912,cloud_heavy
7836,12,326,7075.1,9197.6,0.923,cloud_heavy
7837,13,326,7731.3,10050.7,0.9431,cloud_heavy
7838,14,326,7541.3,9803.7,0.95,cloud_heavy
7839,15,326,7399.9,9619.8,0.9431,cloud_heavy
7840,16,326,7367.4,9577.7,0.923,cloud_heavy
7841,17,326,6712.6,8726.3,0.8912,cloud_heavy
7842,18,326,7016.0,9120.8,0.8504,cloud_heavy
7843,19,326,6701.5,8712.0,0.8033,cloud_heavy
7844,20,326,6826.7,8874.7,0.7533,cloud_heavy
7845,21,326,6622.7,8609.6,0.7032,cloud_heavy
7846,22,326,6336.2,8237.0,0.6556,cloud_heavy
7847,23,326,6116.4,7951.3,0.6123,cloud_heavy
7848,0,327,5207.6,6769.9,0.473,cloud_heavy
7849,1,327,5594.5,7272.8,0.4835,cloud_heavy
7850,2,327,5661.0,7359.3,0.4974,cloud_heavy
7851,3,327,5842.3,7594.9,0.5152,cloud_heavy
7852,4,327,6089.6,7916.4,0.5373,cloud_heavy
7853,5,327,5541.3,7203.7,0.5636,cloud_heavy
7854,6,327,5896.8,7665.8,0.5939,cloud_heavy
7855,7,327,5972.0,7763.6,0.6272,cloud_heavy
7856,8,327,6289.4,8176.2,0.6623,cloud_heavy
7857,9,327,6408.5,8331.1,0.6973,cloud_heavy
7858,10,327,6499.9,8449.9,0.7303,cloud_heavy
7859,11,327,6873.1,8935.0,0.7589,cloud_heavy
7860,12,327,6538.5,8500.0,0.7811,cloud_heavy
7861,13,327,6608.7,8591.3,0.7952,cloud_heavy
7862,14,327,6632.1,8621.7,0.8,cloud_heavy
7863,15,327,6748.0,8772.5,0.7952,cloud_heavy
7864,16,327,6512.7,8466.5,0.7811,cloud_heavy
7865,17,327,6657.8,8655.1,0.7589,cloud_heavy
7866,18,327,6513.4,8467.4,0.7303,cloud_heavy
7867,19,327,6254.8,8131.2,0.6973,cloud_heavy
7868,20,327,6421.0,8347.3,0.6623,cloud_heavy
7869,21,327,6097.1,7926.2,0.6272,cloud_heavy
7870,22,327,6156.5,8003.5,0.5939,cloud_heavy
7871,23,327,5803.6,7544.6,0.5636,cloud_heavy
7872,0,328,5448.6,7083.2,0.473,cloud_heavy
7873,1,328,5404.3,7025.5,0.4835,cloud_heavy
7874,2,328,5554.9,7221.4,0.4974,cloud_heavy
7875,3,328,5752.2,7477.9,0.5152,cloud_heavy
7876,4,328,5655.1,7351.6,0.5373,cloud_heavy
7877,5,328,5928.5,7707.1,0.5636,cloud_heavy
7878,6,328,5820.9,7567.1,0.5939,cloud_heavy
7879,7,328,6247.1,8121.2,0.6272,cloud_heavy
7880,8,328,6148.2,7992.6,0.6623,cloud_heavy
7881,9,328,6569.6,8540.5,0.6973,cloud_heavy
7882,10,328,6557.9,8525.2,0.7303,cloud_heavy
7883,11,328,6971.8,9063.3,0.7589,cloud_heavy
7884,12,328,6527.8,8486.2,0.7811,cloud_heavy
7885,13,328,6519.7,8475.6,0.7952,cloud_heavy
7886,14,328,6715.8,8730.6,0.8,cloud_heavy
7887,15,328,6538.4,8500.0,0.7952,cloud_heavy
7888,16,328,6481.4,8425.9,0.7811,cloud_heavy
7889,17,328,6791.8,8829.4,0.7589,cloud_heavy
7890,18,328,6545.1,8508.6,0.7303,cloud_heavy
7891,19,328,6313.8,8207.9,0.6973,cloud_heavy
7892,20,328,6184.4,8039.7,0.6623,cloud_heavy
7893,21,328,5998.5,7798.1,0.6272,cloud_heavy
7894,22,328,6261.7,8140.3,0.5939,cloud_heavy
7895,23,328,5708.9,7421.6,0.5636,cloud_heavy
7896,0,329,5276.5,6859.5,0.4829,cloud_heavy
7897,1,329,5690.8,7398.0,0.4978,cloud_heavy
7898,2,329,5605.9,7287.6,0.5177,cloud_heavy
7899,3,329,6102.4,7933.1,0.5431,cloud_heavy
7900,4,329,5791.8,7529.3,0.5747,cloud_heavy
7901,5,329,6198.1,8057.5,0.6123,cloud_heavy
7902,6,329,6430.6,8359.8,0.6556,cloud_heavy
7903,7,329,6330.2,8229.3,0.7032,cloud_heavy
7904,8,329,6495.6,8444.3,0.7533,cloud_heavy
7905,9,329,7008.9,9111.6,0.8033,cloud_heavy
7906,10,329,7178.1,9331.5,0.8504,cloud_heavy
7907,11,329,6924.1,9001.4,0.8912,cloud_heavy
7908,12,329,7115.6,9250.3,0.923,cloud_heavy
7909,13,329,6883.6,8948.6,0.9431,cloud_heavy
7910,14,329,7613.4,9897.4,0.95,cloud_heavy
7911,15,329,7392.0,9609.6,0.9431,cloud_heavy
7912,16,329,7329.1,9527.9,0.923,cloud_heavy
7913,17,329,6863.2,8922.2,0.8912,cloud_heavy
7914,18,329,6823.9,8871.1,0.8504,cloud_heavy
7915,19,329,6758.1,8785.6,0.8033,cloud_heavy
7916,20,329,6509.7,8462.6,0.7533,cloud_heavy
7917,21,329,6453.5,8389.6,0.7032,cloud_heavy
7918,22,329,6337.4,8238.7,0.6556,cloud_heavy
7919,23,329,6456.3,8393.1,0.6123,cloud_heavy
7920,0,330,5491.2,7138.5,0.4829,cloud_heavy
7921,1,330,5744.0,7467.2,0.4978,cloud_heavy
7922,2,330,5501.9,7152.5,0.5177,cloud_heavy
7923,3,330,5461.7,7100.2,0.5431,cloud_heavy
7924,4,330,5822.5,7569.2,0.5747,cloud_heavy
7925,5,330,5755.0,7481.5,0.6123,cloud_heavy
7926,6,330,6231.2,8100.5,0.6556,cloud_heavy
7927,7,330,6280.2,8164.3,0.7032,cloud_heavy
7928,8,330,6254.2,8130.4,0.7533,cloud_heavy
7929,9,330,7213.5,9377.6,0.8033,cloud_heavy
7930,10,330,6942.6,9025.4,0.8504,cloud_heavy
7931,11,330,6874.9,8937.4,0.8912,cloud_heavy
7932,12,330,7563.4,9832.4,0.923,cloud_heavy
7933,13,330,7287.6,9473.9,0.9431,cloud_heavy
7934,14,330,7724.4,10041.8,0.95,cloud_heavy
7935,15,330,7286.6,9472.5,0.9431,cloud_heavy
7936,16,330,7245.5,9419.1,0.923,cloud_heavy
7937,17,330,7304.9,9496.4,0.8912,cloud_heavy
7938,18,330,7182.0,9336.5,0.8504,cloud_heavy
7939,19,330,7014.5,9118.9,0.8033,cloud_heavy
7940,20,330,6625.8,8613.5,0.7533,cloud_heavy
7941,21,330,6532.8,8492.6,0.7032,cloud_heavy
7942,22,330,6367.7,8278.1,0.6556,cloud_heavy
7943,23,330,6081.1,7905.4,0.6123,cloud_heavy
7944,0,331,5471.0,7112.3,0.4829,cloud_heavy
7945,1,331,5317.0,6912.2,0.4978,cloud_heavy
7946,2,331,5743.8,7467.0,0.5177,cloud_heavy
7947,3,331,5757.9,7485.3,0.5431,cloud_heavy
7948,4,331,5811.7,7555.2,0.5747,cloud_heavy
7949,5,331,6276.4,8159.3,0.6123,cloud_heavy
7950,6,331,5961.6,7750.1,0.6556,cloud_heavy
7951,7,331,6747.9,8772.3,0.7032,cloud_heavy
7952,8,331,6639.2,8631.0,0.7533,cloud_heavy
7953,9,331,6921.7,8998.3,0.8033,cloud_heavy
7954,10,331,6972.7,9064.6,0.8504,cloud_heavy
7955,11,331,6868.5,8929.1,0.8912,cloud_heavy
7956,12,331,7334.1,9534.4,0.923,cloud_heavy
7957,13,331,7525.3,9782.9,0.9431,cloud_heavy
7958,14,331,7631.5,9921.0,0.95,cloud_heavy
7959,15,331,7406.2,9628.1,0.9431,cloud_heavy
7960,16,331,6880.5,8944.7,0.923,cloud_heavy
7961,17,331,6895.7,8964.4,0.8912,cloud_heavy
7962,18,331,7490.8,9738.0,0.8504,cloud_heavy
7963,19,331,6631.7,8621.2,0.8033,cloud_heavy
7964,20,331,6928.1,9006.5,0.7533,cloud_heavy
7965,21,331,6250.6,8125.7,0.7032,cloud_heavy
7966,22,331,6194.3,8052.6,0.6556,cloud_heavy
7967,23,331,6158.1,8005.5,0.6123,cloud_heavy
7968,0,332,5359.3,6967.1,0.4829,cloud_heavy
7969,1,332,5823.5,7570.6,0.4978,cloud_heavy
7970,2,332,5655.2,7351.8,0.5177,cloud_heavy
7971,3,332,5830.1,7579.2,0.5431,cloud_heavy
7972,4,332,5837.4,7588.7,0.5747,cloud_heavy
7973,5,332,6164.1,8013.4,0.6123,cloud_heavy
7974,6,332,6523.4,8480.4,0.6556,cloud_heavy
7975,7,332,6405.4,8327.1,0.7032,cloud_heavy
7976,8,332,6988.4,9085.0,0.7533,cloud_heavy
7977,9,332,6730.6,8749.8,0.8033,cloud_heavy
7978,10,332,7218.1,9383.6,0.8504,cloud_heavy
7979,11,332,7336.2,9537.1,0.8912,cloud_heavy
7980,12,332,7128.9,9267.5,0.923,cloud_heavy
7981,13,332,7498.3,9747.8,0.9431,cloud_heavy
7982,14,332,7481.5,9725.9,0.95,cloud_heavy
7983,15,332,7259.8,9437.7,0.9431,cloud_heavy
7984,16,332,7444.1,9677.3,0.923,cloud_heavy
7985,17,332,7261.8,9440.4,0.8912,cloud_heavy
7986,18,332,7041.0,9153.3,0.8504,cloud_heavy
7987,19,332,6842.3,8895.0,0.8033,cloud_heavy
7988,20,332,6625.7,8613.5,0.7533,cloud_heavy
7989,21,332,6359.8,8267.8,0.7032,cloud_heavy
7990,22,332,6254.5,8130.9,0.6556,cloud_heavy
7991,23,332,5927.9,7706.3,0.6123,cloud_heavy
7992,0,333,5932.4,7712.1,0.4829,cloud_heavy
7993,1,333,5323.0,6919.9,0.4978,cloud_heavy
7994,2,333,5543.4,7206.4,0.5177,cloud_heavy
7995,3,333,5663.4,7362.4,0.5431,cloud_heavy
7996,4,333,6244.9,8118.4,0.5747,cloud_heavy
7997,5,333,5805.3,7546.9,0.6123,cloud_heavy
7998,6,333,6308.0,8200.4,0.6556,cloud_heavy
7999,7,333,6478.7,8422.3,0.7032,cloud_heavy
8000,8,333,6710.2,8723.2,0.7533,cloud_heavy
8001,9,333,7110.7,9244.0,0.8033,cloud_heavy
8002,10,333,7313.8,9507.9,0.8504,cloud_heavy
8003,11,333,7132.3,9272.0,0.8912,cloud_heavy
8004,12,333,7407.8,9630.2,0.923,cloud_heavy
8005,13,333,7033.8,9144.0,0.9431,cloud_heavy
8006,14,333,7502.0,9752.7,0.95,cloud_heavy
8007,15,333,7273.0,9454.9,0.9431,cloud_heavy
8008,16,333,7323.8,9520.9,0.923,cloud_heavy
8009,17,333,6864.6,8923.9,0.8912,cloud_heavy
8010,18,333,7142.1,9284.7,0.8504,cloud_heavy
8011,19,333,6507.5,8459.7,0.8033,cloud_heavy
8012,20,333,6673.2,8675.2,0.7533,cloud_heavy
8013,21,333,6194.1,8052.4,0.7032,cloud_heavy
8014,22,333,6069.7,7890.6,0.6556,cloud_heavy
8015,23,333,6254.1,8130.3,0.6123,cloud_heavy
8016,0,334,5548.7,7213.4,0.473,cloud_heavy
8017,1,334,5686.6,7392.6,0.4835,cloud_heavy
8018,2,334,5816.1,7560.9,0.4974,cloud_heavy
8019,3,334,5501.3,7151.7,0.5152,cloud_heavy
8020,4,334,5983.2,7778.2,0.5373,cloud_heavy
8021,5,334,5581.1,7255.4,0.5636,cloud_heavy
8022,6,334,6099.9,7929.8,0.5939,cloud_heavy
8023,7,334,6017.6,7822.9,0.6272,cloud_heavy
8024,8,334,6082.4,7907.1,0.6623,cloud_heavy
8025,9,334,6524.0,8481.2,0.6973,cloud_heavy
8026,10,334,6731.5,8750.9,0.7303,cloud_heavy
8027,11,334,6850.6,8905.8,0.7589,cloud_heavy
8028,12,334,6805.5,8847.2,0.7811,cloud_heavy
8029,13,334,6848.8,8903.4,0.7952,cloud_heavy
8030,14,334,6950.5,9035.6,0.8,cloud_heavy
8031,15,334,6884.0,8949.1,0.7952,cloud_heavy
8032,16,334,6871.7,8933.3,0.7811,cloud_heavy
8033,17,334,6708.3,8720.8,0.7589,cloud_heavy
8034,18,334,6711.4,8724.8,0.7303,cloud_heavy
8035,19,334,6093.2,7921.2,0.6973,cloud_heavy
8036,20,334,6232.4,8102.1,0.6623,cloud_heavy
8037,21,334,5854.4,7610.7,0.6272,cloud_heavy
8038,22,334,6015.9,7820.6,0.5939,cloud_heavy
8039,23,334,6125.3,7962.9,0.5636,cloud_heavy
8040,0,335,5375.0,6987.5,0.473,cloud_heavy
8041,1,335,5518.0,7173.5,0.4835,cloud_heavy
8042,2,335,5682.2,7386.9,0.4974,cloud_heavy
8043,3,335,5282.5,6867.3,0.5152,cloud_heavy
8044,4,335,5636.0,7326.8,0.5373,cloud_heavy
8045,5,335,5901.6,7672.0,0.5636,cloud_heavy
8046,6,335,5447.8,7082.1,0.5939,cloud_heavy
8047,7,335,5929.0,7707.7,0.6272,cloud_heavy
8048,8,335,6463.7,8402.8,0.6623,cloud_heavy
8049,9,335,6598.7,8578.3,0.6973,cloud_heavy
8050,10,335,6619.4,8605.2,0.7303,cloud_heavy
8051,11,335,6844.0,8897.2,0.7589,cloud_heavy
8052,12,335,6805.6,8847.2,0.7811,cloud_heavy
8053,13,335,6935.5,9016.1,0.7952,cloud_heavy
8054,14,335,6777.5,8810.8,0.8,cloud_heavy
8055,15,335,6845.5,8899.1,0.7952,cloud_heavy
8056,16,335,6633.6,8623.7,0.7811,cloud_heavy
8057,17,335,6920.3,8996.3,0.7589,cloud_heavy
8058,18,335,6844.7,8898.1,0.7303,cloud_heavy
8059,19,335,6671.1,8672.5,0.6973,cloud_heavy
8060,20,335,6180.4,8034.5,0.6623,cloud_heavy
8061,21,335,5933.2,7713.2,0.6272,cloud_heavy
8062,22,335,6194.9,8053.4,0.5939,cloud_heavy
8063,23,335,5933.0,7712.9,0.5636,cloud_heavy
8064,0,336,5548.6,7213.2,0.4829,cloud_heavy
8065,1,336,5452.4,7088.1,0.4978,cloud_heavy
8066,2,336,5714.4,7428.8,0.5177,cloud_heavy
8067,3,336,5563.4,7232.4,0.5431,cloud_heavy
8068,4,336,5996.6,7795.6,0.5747,cloud_heavy
8069,5,336,6294.7,8183.2,0.6123,cloud_heavy
8070,6,336,6533.2,8493.1,0.6556,cloud_heavy
8071,7,336,6567.5,8537.7,0.7032,cloud_heavy
8072,8,336,6368.2,8278.7,0.7533,cloud_heavy
8073,9,336,6897.0,8966.1,0.8033,cloud_heavy
8074,10,336,7509.3,9762.1,0.8504,cloud_heavy
8075,11,336,7041.7,9154.2,0.8912,cloud_heavy
8076,12,336,7351.9,9557.5,0.923,cloud_heavy
8077,13,336,7766.4,10096.4,0.9431,cloud_heavy
8078,14,336,7618.3,9903.8,0.95,cloud_heavy
8079,15,336,8004.8,10406.3,0.9431,cloud_heavy
8080,16,336,7203.0,9364.0,0.923,cloud_heavy
8081,17,336,7015.4,9120.1,0.8912,cloud_heavy
8082,18,336,7315.5,9510.2,0.8504,cloud_heavy
8083,19,336,6610.5,8593.6,0.8033,cloud_heavy
8084,20,336,6604.5,8585.8,0.7533,cloud_heavy
8085,21,336,6418.1,8343.5,0.7032,cloud_heavy
8086,22,336,6422.0,8348.6,0.6556,cloud_heavy
8087,23,336,6156.1,8002.9,0.6123,cloud_heavy
8088,0,337,5569.8,7240.8,0.4829,cloud_heavy
8089,1,337,5490.9,7138.2,0.4978,cloud_heavy
8090,2,337,5848.1,7602.5,0.5177,cloud_heavy
8091,3,337,6445.2,8378.7,0.5431,cloud_heavy
8092,4,337,6006.7,7808.7,0.5747,cloud_heavy
8093,5,337,6062.8,7881.6,0.6123,cloud_heavy
8094,6,337,5985.9,7781.7,0.6556,cloud_heavy
8095,7,337,6307.8,8200.1,0.7032,cloud_heavy
8096,8,337,6601.1,8581.4,0.7533,cloud_heavy
8097,9,337,6746.5,8770.4,0.8033,cloud_heavy
8098,10,337,7053.0,9168.9,0.8504,cloud_heavy
8099,11,337,7615.8,9900.5,0.8912,cloud_heavy
8100,12,337,7640.5,9932.7,0.923,cloud_heavy
8101,13,337,7415.0,9639.5,0.9431,cloud_heavy
8102,14,337,7208.7,9371.3,0.95,cloud_heavy
8103,15,337,7749.4,10074.2,0.9431,cloud_heavy
8104,16,337,7354.1,9560.4,0.923,cloud_heavy
8105,17,337,6855.6,8912.3,0.8912,cloud_heavy
8106,18,337,7207.2,9369.3,0.8504,cloud_heavy
8107,19,337,7067.4,9187.6,0.8033,cloud_heavy
8108,20,337,6160.2,8008.2,0.7533,cloud_heavy
8109,21,337,6271.7,8153.2,0.7032,cloud_heavy
8110,22,337,6207.8,8070.1,0.6556,cloud_heavy
8111,23,337,6177.9,8031.3,0.6123,cloud_heavy
8112,0,338,5409.5,7032.3,0.4829,cloud_heavy
8113,1,338,5419.3,7045.1,0.4978,cloud_heavy
8114,2,338,5765.5,7495.1,0.5177,cloud_heavy
8115,3,338,5669.8,7370.8,0.5431,cloud_heavy
8116,4,338,5980.4,7774.5,0.5747,cloud_heavy
8117,5,338,5843.1,7596.1,0.6123,cloud_heavy
8118,6,338,5975.7,7768.5,0.6556,cloud_heavy
8119,7,338,6576.5,8549.4,0.7032,cloud_heavy
8120,8,338,6694.0,8702.2,0.7533,cloud_heavy
8121,9,338,7046.2,9160.0,0.8033,cloud_heavy
8122,10,338,6943.6,9026.7,0.8504,cloud_heavy
8123,11,338,7057.7,9174.9,0.8912,cloud_heavy
8124,12,338,7665.6,9965.3,0.923,cloud_heavy
8125,13,338,7110.1,9243.1,0.9431,cloud_heavy
8126,14,338,7760.6,10088.8,0.95,cloud_heavy
8127,15,338,7745.7,10069.3,0.9431,cloud_heavy
8128,16,338,7555.0,9821.5,0.923,cloud_heavy
8129,17,338,7080.9,9205.2,0.8912,cloud_heavy
8130,18,338,6883.5,8948.6,0.8504,cloud_heavy
8131,19,338,6813.2,8857.2,0.8033,cloud_heavy
8132,20,338,6385.6,8301.2,0.7533,cloud_heavy
8133,21,338,6245.2,8118.8,0.7032,cloud_heavy
8134,22,338,6348.9,8253.6,0.6556,cloud_heavy
8135,23,338,6162.4,8011.2,0.6123,cloud_heavy
8136,0,339,5321.5,6917.9,0.4829,cloud_heavy
8137,1,339,5670.8,7372.0,0.4978,cloud_heavy
8138,2,339,5719.3,7435.1,0.5177,cloud_heavy
8139,3,339,6011.1,7814.5,0.5431,cloud_heavy
8140,4,339,5985.2,7780.7,0.5747,cloud_heavy
8141,5,339,6236.7,8107.7,0.6123,cloud_heavy
8142,6,339,6317.6,8212.8,0.6556,cloud_heavy
8143,7,339,6619.8,8605.8,0.7032,cloud_heavy
8144,8,339,6387.1,8303.3,0.7533,cloud_heavy
8145,9,339,6831.4,8880.8,0.8033,cloud_heavy
8146,10,339,7048.1,9162.6,0.8504,cloud_heavy
8147,11,339,7177.2,9330.4,0.8912,cloud_heavy
8148,12,339,7463.0,9702.0,0.923,cloud_heavy
8149,13,339,7592.3,9870.0,0.9431,cloud_heavy
8150,14,339,7567.8,9838.2,0.95,cloud_heavy
8151,15,339,7410.9,9634.2,0.9431,cloud_heavy
8152,16,339,7202.4,9363.1,0.923,cloud_heavy
8153,17,339,7468.1,9708.5,0.8912,cloud_heavy
8154,18,339,7130.4,9269.5,0.8504,cloud_heavy
8155,19,339,6646.9,8641.0,0.8033,cloud_heavy
8156,20,339,6605.1,8586.6,0.7533,cloud_heavy
8157,21,339,6094.4,7922.8,0.7032,cloud_heavy
8158,22,339,6235.0,8105.5,0.6556,cloud_heavy
8159,23,339,6008.7,7811.3,0.6123,cloud_heavy
8160,0,340,5399.8,7019.7,0.4829,cloud_heavy
8161,1,340,5822.2,7568.9,0.4978,cloud_heavy
8162,2,340,5446.7,7080.7,0.5177,cloud_heavy
8163,3,340,5872.5,7634.2,0.5431,cloud_heavy
8164,4,340,6270.7,8151.9,0.5747,cloud_heavy
8165,5,340,6240.0,8112.1,0.6123,cloud_heavy
8166,6,340,6222.5,8089.3,0.6556,cloud_heavy
8167,7,340,6212.0,8075.6,0.7032,cloud_heavy
8168,8,340,6372.2,8283.9,0.7533,cloud_heavy
8169,9,340,6771.8,8803.3,0.8033,cloud_heavy
8170,10,340,6910.9,8984.2,0.8504,cloud_heavy
8171,11,340,7074.0,9196.3,0.8912,cloud_heavy
8172,12,340,7292.9,9480.7,0.923,cloud_heavy
8173,13,340,7427.6,9655.9,0.9431,cloud_heavy
8174,14,340,7588.7,9865.3,0.95,cloud_heavy
8175,15,340,7173.8,9326.0,0.9431,cloud_heavy
8176,16,340,7214.2,9378.5,0.923,cloud_heavy
8177,17,340,7195.5,9354.1,0.8912,cloud_heavy
8178,18,340,7015.0,9119.5,0.8504,cloud_heavy
8179,19,340,7234.2,9404.4,0.8033,cloud_heavy
8180,20,340,6690.0,8697.0,0.7533,cloud_heavy
8181,21,340,6119.5,7955.3,0.7032,cloud_heavy
8182,22,340,6306.6,8198.5,0.6556,cloud_heavy
8183,23,340,6143.6,7986.7,0.6123,cloud_heavy
8184,0,341,5432.1,7061.7,0.473,cloud_heavy
8185,1,341,5297.0,6886.0,0.4835,cloud_heavy
8186,2,341,5849.2,7603.9,0.4974,cloud_heavy
8187,3,341,5451.1,7086.5,0.5152,cloud_heavy
8188,4,341,5839.2,7591.0,0.5373,cloud_heavy
8189,5,341,5872.8,7634.6,0.5636,cloud_heavy
8190,6,341,6073.9,7896.0,0.5939,cloud_heavy
8191,7,341,6420.7,8347.0,0.6272,cloud_heavy
8192,8,341,6362.4,8271.2,0.6623,cloud_heavy
8193,9,341,6298.6,8188.2,0.6973,cloud_heavy
8194,10,341,6763.1,8792.0,0.7303,cloud_heavy
8195,11,341,6541.3,8503.7,0.7589,cloud_heavy
8196,12,341,6795.1,8833.6,0.7811,cloud_heavy
8197,13,341,6557.2,8524.3,0.7952,cloud_heavy
8198,14,341,6630.2,8619.3,0.8,cloud_heavy
8199,15,341,6832.3,8882.0,0.7952,cloud_heavy
8200,16,341,6836.6,8887.6,0.7811,cloud_heavy
8201,17,341,6327.0,8225.1,0.7589,cloud_heavy
8202,18,341,6643.6,8636.6,0.7303,cloud_heavy
8203,19,341,6248.5,8123.0,0.6973,cloud_heavy
8204,20,341,6497.2,8446.4,0.6623,cloud_heavy
8205,21,341,6043.5,7856.5,0.6272,cloud_heavy
8206,22,341,5765.2,7494.8,0.5939,cloud_heavy
8207,23,341,5851.0,7606.3,0.5636,cloud_heavy
8208,0,342,5302.7,6893.5,0.473,cloud_heavy
8209,1,342,5706.3,7418.2,0.4835,cloud_heavy
8210,2,342,5556.2,7223.1,0.4974,cloud_heavy
8211,3,342,5606.3,7288.1,0.5152,cloud_heavy
8212,4,342,5827.4,7575.6,0.5373,cloud_heavy
8213,5,342,5661.7,7360.2,0.5636,cloud_heavy
8214,6,342,5735.6,7456.3,0.5939,cloud_heavy
8215,7,342,6182.8,8037.7,0.6272,cloud_heavy
8216,8,342,6050.6,7865.8,0.6623,cloud_heavy
8217,9,342,6194.5,8052.9,0.6973,cloud_heavy
8218,10,342,6710.2,8723.3,0.7303,cloud_heavy
8219,11,342,6772.5,8804.3,0.7589,cloud_heavy
8220,12,342,6507.6,8459.8,0.7811,cloud_heavy
8221,13,342,6695.1,8703.6,0.7952,cloud_heavy
8222,14,342,6656.8,8653.8,0.8,cloud_heavy
8223,15,342,7185.3,9340.9,0.7952,cloud_heavy
8224,16,342,6945.7,9029.4,0.7811,cloud_heavy
8225,17,342,6583.3,8558.3,0.7589,cloud_heavy
8226,18,342,6659.1,8656.8,0.7303,cloud_heavy
8227,19,342,6145.3,7988.9,0.6973,cloud_heavy
8228,20,342,6130.8,7970.0,0.6623,cloud_heavy
8229,21,342,6127.2,7965.4,0.6272,cloud_heavy
8230,22,342,6047.3,7861.5,0.5939,cloud_heavy
8231,23,342,5820.7,7566.9,0.5636,cloud_heavy
8232,0,343,5535.4,7196.0,0.4829,cloud_heavy
8233,1,343,5571.1,7242.4,0.4978,cloud_heavy
8234,2,343,5614.7,7299.1,0.5177,cloud_heavy
8235,3,343,5699.5,7409.4,0.5431,cloud_heavy
8236,4,343,5809.4,7552.3,0.5747,cloud_heavy
8237,5,343,6086.8,7912.8,0.6123,cloud_heavy
8238,6,343,6305.2,8196.7,0.6556,cloud_heavy
8239,7,343,6469.0,8409.8,0.7032,cloud_heavy
8240,8,343,6408.8,8331.4,0.7533,cloud_heavy
8241,9,343,6651.0,8646.3,0.8033,cloud_heavy
8242,10,343,7140.8,9283.1,0.8504,cloud_heavy
8243,11,343,7549.3,9814.1,0.8912,cloud_heavy
8244,12,343,7398.6,9618.2,0.923,cloud_heavy
8245,13,343,7358.5,9566.0,0.9431,cloud_heavy
8246,14,343,7530.1,9789.2,0.95,cloud_heavy
8247,15,343,7196.4,9355.3,0.9431,cloud_heavy
8248,16,343,7654.2,9950.4,0.923,cloud_heavy
8249,17,343,7270.6,9451.8,0.8912,cloud_heavy
8250,18,343,6914.7,8989.1,0.8504,cloud_heavy
8251,19,343,6822.1,8868.8,0.8033,cloud_heavy
8252,20,343,6538.6,8500.2,0.7533,cloud_heavy
8253,21,343,6683.8,8689.0,0.7032,cloud_heavy
8254,22,343,6190.6,8047.8,0.6556,cloud_heavy
8255,23,343,6072.9,7894.7,0.6123,cloud_heavy
8256,0,344,5589.1,7265.8,0.4829,cloud_heavy
8257,1,344,5434.5,7064.9,0.4978,cloud_heavy
8258,2,344,5675.2,7377.7,0.5177,cloud_heavy
8259,3,344,5798.0,7537.4,0.5431,cloud_heavy
8260,4,344,5610.3,7293.4,0.5747,cloud_heavy
8261,5,344,6090.5,7917.7,0.6123,cloud_heavy
8262,6,344,6219.9,8085.8,0.6556,cloud_heavy
8263,7,344,6455.8,8392.6,0.7032,cloud_heavy
8264,8,344,6650.8,8646.0,0.7533,cloud_heavy
8265,9,344,6909.7,8982.7,0.8033,cloud_heavy
8266,10,344,7339.5,9541.3,0.8504,cloud_heavy
8267,11,344,6974.3,9066.6,0.8912,cloud_heavy
8268,12,344,7289.4,9476.2,0.923,cloud_heavy
8269,13,344,7599.5,9879.3,0.9431,cloud_heavy
8270,14,344,7587.7,9864.0,0.95,cloud_heavy
8271,15,344,7553.2,9819.1,0.9431,cloud_heavy
8272,16,344,7973.4,10365.4,0.923,cloud_heavy
8273,17,344,7363.3,9572.3,0.8912,cloud_heavy
8274,18,344,7295.8,9484.5,0.8504,cloud_heavy
8275,19,344,6793.3,8831.3,0.8033,cloud_heavy
8276,20,344,6445.8,8379.5,0.7533,cloud_heavy
8277,21,344,6370.1,8281.2,0.7032,cloud_heavy
8278,22,344,6361.5,8269.9,0.6556,cloud_heavy
8279,23,344,6118.5,7954.0,0.6123,cloud_heavy
8280,0,345,5561.0,7229.2,0.4829,cloud_heavy
8281,1,345,5522.3,7179.0,0.4978,cloud_heavy
8282,2,345,5579.1,7252.9,0.5177,cloud_heavy
8283,3,345,5719.6,7435.5,0.5431,cloud_heavy
8284,4,345,6012.6,7816.4,0.5747,cloud_heavy
8285,5,345,6197.2,8056.3,0.6123,cloud_heavy
8286,6,345,6040.4,7852.5,0.6556,cloud_heavy
8287,7,345,6577.8,8551.2,0.7032,cloud_heavy
8288,8,345,6514.0,8468.2,0.7533,cloud_heavy
8289,9,345,6952.9,9038.8,0.8033,cloud_heavy
8290,10,345,7015.7,9120.5,0.8504,cloud_heavy
8291,11,345,7569.7,9840.7,0.8912,cloud_heavy
8292,12,345,7272.6,9454.4,0.923,cloud_heavy
8293,13,345,7490.4,9737.5,0.9431,cloud_heavy
8294,14,345,7615.9,9900.7,0.95,cloud_heavy
8295,15,345,7255.2,9431.7,0.9431,cloud_heavy
8296,16,345,7348.9,9553.5,0.923,cloud_heavy
8297,17,345,7172.3,9324.0,0.8912,cloud_heavy
8298,18,345,6947.6,9031.9,0.8504,cloud_heavy
8299,19,345,6766.0,8795.8,0.8033,cloud_heavy
8300,20,345,6865.3,8924.9,0.7533,cloud_heavy
8301,21,345,6315.3,8209.9,0.7032,cloud_heavy
8302,22,345,6334.3,8234.5,0.6556,cloud_heavy
8303,23,345,6101.7,7932.3,0.6123,cloud_heavy
8304,0,346,5264.2,6843.5,0.4829,cloud_heavy
8305,1,346,5644.6,7338.0,0.4978,cloud_heavy
8306,2,346,5403.1,7024.1,0.5177,cloud_heavy
8307,3,346,5859.0,7616.7,0.5431,cloud_heavy
8308,4,346,5795.1,7533.7,0.5747,cloud_heavy
8309,5,346,6046.2,7860.1,0.6123,cloud_heavy
8310,6,346,5986.6,7782.6,0.6556,cloud_heavy
8311,7,346,6454.4,8390.7,0.7032,cloud_heavy
8312,8,346,6828.4,8877.0,0.7533,cloud_heavy
8313,9,346,6690.4,8697.6,0.8033,cloud_heavy
8314,10,346,6927.8,9006.2,0.8504,cloud_heavy
8315,11,346,7328.7,9527.3,0.8912,cloud_heavy
8316,12,346,7470.9,9712.2,0.923,cloud_heavy
8317,13,346,6906.4,8978.3,0.9431,cloud_heavy
8318,14,346,7932.1,10311.7,0.95,cloud_heavy
8319,15,346,7568.6,9839.2,0.9431,cloud_heavy
8320,16,346,7519.0,9774.6,0.923,cloud_heavy
8321,17,346,7199.0,9358.7,0.8912,cloud_heavy
8322,18,346,6663.6,8662.7,0.8504,cloud_heavy
8323,19,346,6995.2,9093.8,0.8033,cloud_heavy
8324,20,346,6531.0,8490.3,0.7533,cloud_heavy
8325,21,346,6535.7,8496.4,0.7032,cloud_heavy
8326,22,346,6187.5,8043.8,0.6556,cloud_heavy
8327,23,346,6087.9,7914.2,0.6123,cloud_heavy
8328,0,347,5366.7,6976.8,0.4829,cloud_heavy
8329,1,347,5702.2,7412.8,0.4978,cloud_heavy
8330,2,347,5441.2,7073.6,0.5177,cloud_heavy
8331,3,347,6138.0,7979.4,0.5431,cloud_heavy
8332,4,347,6279.8,8163.7,0.5747,cloud_heavy
8333,5,347,6340.8,8243.0,0.6123,cloud_heavy
8334,6,347,6466.7,8406.8,0.6556,cloud_heavy
8335,7,347,6414.5,8338.8,0.7032,cloud_heavy
8336,8,347,6876.2,8939.0,0.7533,cloud_heavy
8337,9,347,6836.7,8887.6,0.8033,cloud_heavy
8338,10,347,6727.5,8745.8,0.8504,cloud_heavy
8339,11,347,7556.2,9823.0,0.8912,cloud_heavy
8340,12,347,7614.4,9898.7,0.923,cloud_heavy
8341,13,347,7443.5,9676.5,0.9431,cloud_heavy
8342,14,347,7204.9,9366.3,0.95,cloud_heavy
8343,15,347,7319.5,9515.3,0.9431,cloud_heavy
8344,16,347,6962.6,9051.4,0.923,cloud_heavy
8345,17,347,7435.1,9665.6,0.8912,cloud_heavy
8346,18,347,6717.0,8732.1,0.8504,cloud_heavy
8347,19,347,6915.4,8990.1,0.8033,cloud_heavy
8348,20,347,6475.5,8418.2,0.7533,cloud_heavy
8349,21,347,6155.5,8002.2,0.7032,cloud_heavy
8350,22,347,6273.0,8154.8,0.6556,cloud_heavy
8351,23,347,5984.2,7779.4,0.6123,cloud_heavy
8352,0,348,5589.7,7266.6,0.473,cloud_heavy
8353,1,348,5288.0,6874.4,0.4835,cloud_heavy
8354,2,348,5429.9,7058.9,0.4974,cloud_heavy
8355,3,348,5228.5,6797.0,0.5152,cloud_heavy
8356,4,348,5350.5,6955.7,0.5373,cloud_heavy
8357,5,348,6152.6,7998.4,0.5636,cloud_heavy
8358,6,348,6339.3,8241.1,0.5939,cloud_heavy
8359,7,348,6125.0,7962.5,0.6272,cloud_heavy
8360,8,348,6102.4,7933.1,0.6623,cloud_heavy
8361,9,348,6348.6,8253.2,0.6973,cloud_heavy
8362,10,348,6717.5,8732.7,0.7303,cloud_heavy
8363,11,348,6564.6,8534.0,0.7589,cloud_heavy
8364,12,348,6810.1,8853.2,0.7811,cloud_heavy
8365,13,348,6819.2,8864.9,0.7952,cloud_heavy
8366,14,348,6725.5,8743.2,0.8,cloud_heavy
8367,15,348,6714.1,8728.3,0.7952,cloud_heavy
8368,16,348,6821.4,8867.9,0.7811,cloud_heavy
8369,17,348,6472.1,8413.8,0.7589,cloud_heavy
8370,18,348,6634.6,8625.0,0.7303,cloud_heavy
8371,19,348,6315.3,8209.9,0.6973,cloud_heavy
8372,20,348,6280.9,8165.2,0.6623,cloud_heavy
8373,21,348,6361.6,8270.1,0.6272,cloud_heavy
8374,22,348,5936.2,7717.1,0.5939,cloud_heavy
8375,23,348,5998.8,7798.5,0.5636,cloud_heavy
8376,0,349,5159.4,6707.3,0.473,cloud_heavy
8377,1,349,5419.5,7045.3,0.4835,cloud_heavy
8378,2,349,5560.7,7229.0,0.4974,cloud_heavy
8379,3,349,5956.8,7743.9,0.5152,cloud_heavy
8380,4,349,5389.1,7005.8,0.5373,cloud_heavy
8381,5,349,5820.9,7567.1,0.5636,cloud_heavy
8382,6,349,6227.1,8095.2,0.5939,cloud_heavy
8383,7,349,5964.1,7753.4,0.6272,cloud_heavy
8384,8,349,6217.1,8082.2,0.6623,cloud_heavy
8385,9,349,6469.7,8410.6,0.6973,cloud_heavy
8386,10,349,6582.1,8556.8,0.7303,cloud_heavy
8387,11,349,6980.7,9074.9,0.7589,cloud_heavy
8388,12,349,6852.9,8908.8,0.7811,cloud_heavy
8389,13,349,7093.5,9221.6,0.7952,cloud_heavy
8390,14,349,6768.4,8798.9,0.8,cloud_heavy
8391,15,349,6670.2,8671.3,0.7952,cloud_heavy
8392,16,349,6716.1,8731.0,0.7811,cloud_heavy
8393,17,349,6435.7,8366.4,0.7589,cloud_heavy
8394,18,349,6640.9,8633.1,0.7303,cloud_heavy
8395,19,349,6331.8,8231.3,0.6973,cloud_heavy
8396,20,349,6130.9,7970.2,0.6623,cloud_heavy
8397,21,349,6199.4,8059.2,0.6272,cloud_heavy
8398,22,349,5761.6,7490.1,0.5939,cloud_heavy
8399,23,349,5972.7,7764.5,0.5636,cloud_heavy
8400,0,350,5415.6,7040.3,0.4829,cloud_heavy
8401,1,350,5751.3,7476.7,0.4978,cloud_heavy
8402,2,350,5575.9,7248.7,0.5177,cloud_heavy
8403,3,350,5859.6,7617.5,0.5431,cloud_heavy
8404,4,350,5916.4,7691.3,0.5747,cloud_heavy
8405,5,350,6179.6,8033.5,0.6123,cloud_heavy
8406,6,350,6249.0,8123.7,0.6556,cloud_heavy
8407,7,350,6109.9,7942.8,0.7032,cloud_heavy
8408,8,350,6844.7,8898.2,0.7533,cloud_heavy
8409,9,350,6838.4,8889.9,0.8033,cloud_heavy
8410,10,350,7223.5,9390.6,0.8504,cloud_heavy
8411,11,350,7379.8,9593.8,0.8912,cloud_heavy
8412,12,350,7194.1,9352.3,0.923,cloud_heavy
8413,13,350,7246.0,9419.8,0.9431,cloud_heavy
8414,14,350,7626.9,9914.9,0.95,cloud_heavy
8415,15,350,7382.7,9597.5,0.9431,cloud_heavy
8416,16,350,7571.9,9843.4,0.923,cloud_heavy
8417,17,350,7191.5,9348.9,0.8912,cloud_heavy
8418,18,350,7273.0,9454.9,0.8504,cloud_heavy
8419,19,350,6943.5,9026.6,0.8033,cloud_heavy
8420,20,350,6701.1,8711.4,0.7533,cloud_heavy
8421,21,350,6358.6,8266.2,0.7032,cloud_heavy
8422,22,350,6271.9,8153.4,0.6556,cloud_heavy
8423,23,350,6261.0,8139.3,0.6123,cloud_heavy
8424,0,351,5485.5,7131.2,0.4829,cloud_heavy
8425,1,351,5646.6,7340.6,0.4978,cloud_heavy
8426,2,351,5650.2,7345.3,0.5177,cloud_heavy
8427,3,351,5772.1,7503.8,0.5431,cloud_heavy
8428,4,351,6188.9,8045.6,0.5747,cloud_heavy
8429,5,351,6262.6,8141.4,0.6123,cloud_heavy
8430,6,351,6243.3,8116.2,0.6556,cloud_heavy
8431,7,351,6472.1,8413.8,0.7032,cloud_heavy
8432,8,351,6503.8,8454.9,0.7533,cloud_heavy
8433,9,351,6820.9,8867.1,0.8033,cloud_heavy
8434,10,351,7121.9,9258.4,0.8504,cloud_heavy
8435,11,351,7414.6,9639.0,0.8912,cloud_heavy
8436,12,351,7530.5,9789.7,0.923,cloud_heavy
8437,13,351,7202.6,9363.3,0.9431,cloud_heavy
8438,14,351,7699.0,10008.7,0.95,cloud_heavy
8439,15,351,7430.7,9659.9,0.9431,cloud_heavy
8440,16,351,7146.9,9291.0,0.923,cloud_heavy
8441,17,351,7520.0,9776.0,0.8912,cloud_heavy
8442,18,351,7366.1,9576.0,0.8504,cloud_heavy
8443,19,351,6910.7,8983.9,0.8033,cloud_heavy
8444,20,351,6785.0,8820.4,0.7533,cloud_heavy
8445,21,351,6578.8,8552.5,0.7032,cloud_heavy
8446,22,351,6489.2,8436.0,0.6556,cloud_heavy
8447,23,351,6176.7,8029.7,0.6123,cloud_heavy
8448,0,352,5275.6,6858.3,0.4829,cloud_heavy
8449,1,352,5893.1,7661.1,0.4978,cloud_heavy
8450,2,352,5822.8,7569.6,0.5177,cloud_heavy
8451,3,352,5662.7,7361.5,0.5431,cloud_heavy
8452,4,352,5702.9,7413.8,0.5747,cloud_heavy
8453,5,352,6136.2,7977.1,0.6123,cloud_heavy
8454,6,352,6176.4,8029.4,0.6556,cloud_heavy
8455,7,352,6494.4,8442.8,0.7032,cloud_heavy
8456,8,352,6791.9,8829.4,0.7533,cloud_heavy
8457,9,352,6739.9,8761.9,0.8033,cloud_heavy
8458,10,352,6820.1,8866.1,0.8504,cloud_heavy
8459,11,352,7313.8,9507.9,0.8912,cloud_heavy
8460,12,352,7247.1,9421.3,0.923,cloud_heavy
8461,13,352,7483.2,9728.1,0.9431,cloud_heavy
8462,14,352,7178.4,9331.9,0.95,cloud_heavy
8463,15,352,7394.1,9612.4,0.9431,cloud_heavy
8464,16,352,7522.9,9779.8,0.923,cloud_heavy
8465,17,352,7361.5,9570.0,0.8912,cloud_heavy
8466,18,352,6889.5,8956.3,0.8504,cloud_heavy
8467,19,352,6616.1,8601.0,0.8033,cloud_heavy
8468,20,352,6646.8,8640.9,0.7533,cloud_heavy
8469,21,352,6539.0,8500.7,0.7032,cloud_heavy
8470,22,352,6304.1,8195.4,0.6556,cloud_heavy
8471,23,352,5951.8,7737.4,0.6123,cloud_heavy
8472,0,353,5543.6,7206.6,0.4829,cloud_heavy
8473,1,353,5808.5,7551.1,0.4978,cloud_heavy
8474,2,353,5677.1,7380.3,0.5177,cloud_heavy
8475,3,353,5468.9,7109.5,0.5431,cloud_heavy
8476,4,353,5920.6,7696.7,0.5747,cloud_heavy
8477,5,353,6415.3,8340.0,0.6123,cloud_heavy
8478,6,353,5987.9,7784.2,0.6556,cloud_heavy
8479,7,353,6436.5,8367.5,0.7032,cloud_heavy
8480,8,353,6598.6,8578.1,0.7533,cloud_heavy
8481,9,353,6876.2,8939.0,0.8033,cloud_heavy
8482,10,353,7097.5,9226.7,0.8504,cloud_heavy
8483,11,353,7477.4,9720.6,0.8912,cloud_heavy
8484,12,353,7383.7,9598.8,0.923,cloud_heavy
8485,13,353,7736.0,10056.8,0.9431,cloud_heavy
8486,14,353,7453.4,9689.4,0.95,cloud_heavy
8487,15,353,7372.2,9583.9,0.9431,cloud_heavy
8488,16,353,7217.1,9382.3,0.923,cloud_heavy
8489,17,353,6836.0,8886.8,0.8912,cloud_heavy
8490,18,353,7114.8,9249.2,0.8504,cloud_heavy
8491,19,353,7278.9,9462.6,0.8033,cloud_heavy
8492,20,353,6735.0,8755.5,0.7533,cloud_heavy
8493,21,353,6563.3,8532.2,0.7032,cloud_heavy
8494,22,353,6151.2,7996.6,0.6556,cloud_heavy
8495,23,353,6000.4,7800.5,0.6123,cloud_heavy
8496,0,354,5656.8,7353.8,0.4829,cloud_heavy
8497,1,354,5893.0,7660.9,0.4978,cloud_heavy
8498,2,354,5894.3,7662.5,0.5177,cloud_heavy
8499,3,354,5889.6,7656.4,0.5431,cloud_heavy
8500,4,354,5890.9,7658.2,0.5747,cloud_heavy
8501,5,354,6082.7,7907.5,0.6123,cloud_heavy
8502,6,354,6087.6,7913.9,0.6556,cloud_heavy
8503,7,354,6151.4,7996.8,0.7032,cloud_heavy
8504,8,354,6419.1,8344.8,0.7533,cloud_heavy
8505,9,354,6866.7,8926.7,0.8033,cloud_heavy
8506,10,354,6994.6,9092.9,0.8504,cloud_heavy
8507,11,354,6911.4,8984.8,0.8912,cloud_heavy
8508,12,354,7356.7,9563.7,0.923,cloud_heavy
8509,13,354,7379.3,9593.1,0.9431,cloud_heavy
8510,14,354,7216.6,9381.6,0.95,cloud_heavy
8511,15,354,7367.8,9578.1,0.9431,cloud_heavy
8512,16,354,7294.1,9482.3,0.923,cloud_heavy
8513,17,354,7096.4,9225.3,0.8912,cloud_heavy
8514,18,354,7252.5,9428.3,0.8504,cloud_heavy
8515,19,354,6465.0,8404.5,0.8033,cloud_heavy
8516,20,354,6247.9,8122.3,0.7533,cloud_heavy
8517,21,354,6431.4,8360.8,0.7032,cloud_heavy
8518,22,354,6246.4,8120.3,0.6556,cloud_heavy
8519,23,354,6118.0,7953.4,0.6123,cloud_heavy
8520,0,355,5364.4,6973.7,0.473,cloud_heavy
8521,1,355,5345.7,6949.4,0.4835,cloud_heavy
8522,2,355,5554.9,7221.4,0.4974,cloud_heavy
8523,3,355,5557.3,7224.5,0.5152,cloud_heavy
8524,4,355,5992.1,7789.8,0.5373,cloud_heavy
8525,5,355,5780.9,7515.2,0.5636,cloud_heavy
8526,6,355,5956.8,7743.9,0.5939,cloud_heavy
8527,7,355,6561.6,8530.0,0.6272,cloud_heavy
8528,8,355,6220.5,8086.6,0.6623,cloud_heavy
8529,9,355,6512.8,8466.7,0.6973,cloud_heavy
8530,10,355,6672.8,8674.7,0.7303,cloud_heavy
8531,11,355,6813.8,8858.0,0.7589,cloud_heavy
8532,12,355,6820.6,8866.8,0.7811,cloud_heavy
8533,13,355,6861.5,8919.9,0.7952,cloud_heavy
8534,14,355,6862.9,8921.8,0.8,cloud_heavy
8535,15,355,6703.9,8715.1,0.7952,cloud_heavy
8536,16,355,6828.0,8876.3,0.7811,cloud_heavy
8537,17,355,7073.3,9195.3,0.7589,cloud_heavy
8538,18,355,6783.7,8818.8,0.7303,cloud_heavy
8539,19,355,6464.4,8403.7,0.6973,cloud_heavy
8540,20,355,6417.7,8343.0,0.6623,cloud_heavy
8541,21,355,5948.7,7733.3,0.6272,cloud_heavy
8542,22,355,5919.7,7695.6,0.5939,cloud_heavy
8543,23,355,6003.7,7804.8,0.5636,cloud_heavy
8544,0,356,5695.8,7404.6,0.473,cloud_heavy
8545,1,356,5369.9,6980.9,0.4835,cloud_heavy
8546,2,356,5475.5,7118.2,0.4974,cloud_heavy
8547,3,356,6000.4,7800.6,0.5152,cloud_heavy
8548,4,356,5742.3,7464.9,0.5373,cloud_heavy
8549,5,356,6157.1,8004.2,0.5636,cloud_heavy
8550,6,356,6003.4,7804.4,0.5939,cloud_heavy
8551,7,356,6153.1,7999.0,0.6272,cloud_heavy
8552,8,356,6199.7,8059.6,0.6623,cloud_heavy
8553,9,356,6587.1,8563.2,0.6973,cloud_heavy
8554,10,356,6812.5,8856.3,0.7303,cloud_heavy
8555,11,356,6460.5,8398.6,0.7589,cloud_heavy
8556,12,356,6690.4,8697.6,0.7811,cloud_heavy
8557,13,356,7009.1,9111.8,0.7952,cloud_heavy
8558,14,356,6815.7,8860.4,0.8,cloud_heavy
8559,15,356,6720.8,8737.1,0.7952,cloud_heavy
8560,16,356,6966.7,9056.7,0.7811,cloud_heavy
8561,17,356,6888.2,8954.7,0.7589,cloud_heavy
8562,18,356,6457.6,8394.9,0.7303,cloud_heavy
8563,19,356,6446.8,8380.8,0.6973,cloud_heavy
8564,20,356,6030.2,7839.2,0.6623,cloud_heavy
8565,21,356,5943.9,7727.1,0.6272,cloud_heavy
8566,22,356,5988.6,7785.1,0.5939,cloud_heavy
8567,23,356,5843.2,7596.2,0.5636,cloud_heavy
8568,0,357,5335.1,6935.6,0.4829,cloud_heavy
8569,1,357,5438.6,7070.2,0.4978,cloud_heavy
8570,2,357,5462.1,7100.7,0.5177,cloud_heavy
8571,3,357,5829.1,7577.9,0.5431,cloud_heavy
8572,4,357,5537.3,7198.5,0.5747,cloud_heavy
8573,5,357,5861.3,7619.6,0.6123,cloud_heavy
8574,6,357,5880.3,7644.4,0.6556,cloud_heavy
8575,7,357,6511.6,8465.1,0.7032,cloud_heavy
8576,8,357,6284.4,8169.7,0.7533,cloud_heavy
8577,9,357,6863.0,8921.9,0.8033,cloud_heavy
8578,10,357,7403.4,9624.5,0.8504,cloud_heavy
8579,11,357,7593.1,9871.0,0.8912,cloud_heavy
8580,12,357,6966.0,9055.7,0.923,cloud_heavy
8581,13,357,7517.2,9772.4,0.9431,cloud_heavy
8582,14,357,7257.9,9435.3,0.95,cloud_heavy
8583,15,357,7183.8,9339.0,0.9431,cloud_heavy
8584,16,357,7339.9,9541.9,0.923,cloud_heavy
8585,17,357,7496.5,9745.5,0.8912,cloud_heavy
8586,18,357,7183.3,9338.3,0.8504,cloud_heavy
8587,19,357,6709.3,8722.1,0.8033,cloud_heavy
8588,20,357,6784.2,8819.5,0.7533,cloud_heavy
8589,21,357,5997.9,7797.3,0.7032,cloud_heavy
8590,22,357,6087.7,7914.1,0.6556,cloud_heavy
8591,23,357,5895.3,7663.9,0.6123,cloud_heavy
8592,0,358,5507.4,7159.6,0.4829,cloud_heavy
8593,1,358,5524.2,7181.5,0.4978,cloud_heavy
8594,2,358,5618.4,7304.0,0.5177,cloud_heavy
8595,3,358,5720.5,7436.6,0.5431,cloud_heavy
8596,4,358,5888.6,7655.2,0.5747,cloud_heavy
8597,5,358,6142.6,7985.4,0.6123,cloud_heavy
8598,6,358,6256.3,8133.2,0.6556,cloud_heavy
8599,7,358,6375.9,8288.7,0.7032,cloud_heavy
8600,8,358,6723.8,8740.9,0.7533,cloud_heavy
8601,9,358,7026.4,9134.3,0.8033,cloud_heavy
8602,10,358,6938.7,9020.3,0.8504,cloud_heavy
8603,11,358,7217.2,9382.4,0.8912,cloud_heavy
8604,12,358,7621.7,9908.2,0.923,cloud_heavy
8605,13,358,7204.0,9365.2,0.9431,cloud_heavy
8606,14,358,7884.8,10250.2,0.95,cloud_heavy
8607,15,358,7151.2,9296.5,0.9431,cloud_heavy
8608,16,358,7288.7,9475.3,0.923,cloud_heavy
8609,17,358,7024.0,9131.2,0.8912,cloud_heavy
8610,18,358,7519.5,9775.4,0.8504,cloud_heavy
8611,19,358,6752.9,8778.8,0.8033,cloud_heavy
8612,20,358,6543.9,8507.0,0.7533,cloud_heavy
8613,21,358,6359.2,8267.0,0.7032,cloud_heavy
8614,22,358,6246.3,8120.2,0.6556,cloud_heavy
8615,23,358,5985.1,7780.7,0.6123,cloud_heavy
8616,0,359,5472.6,7114.3,0.4829,cloud_heavy
8617,1,359,4969.6,6460.4,0.4978,cloud_heavy
8618,2,359,5652.1,7347.7,0.5177,cloud_heavy
8619,3,359,5753.7,7479.8,0.5431,cloud_heavy
8620,4,359,6068.0,7888.4,0.5747,cloud_heavy
8621,5,359,6282.1,8166.7,0.6123,cloud_heavy
8622,6,359,6193.3,8051.4,0.6556,cloud_heavy
8623,7,359,6588.2,8564.7,0.7032,cloud_heavy
8624,8,359,6424.1,8351.4,0.7533,cloud_heavy
8625,9,359,7014.3,9118.6,0.8033,cloud_heavy
8626,10,359,6935.2,9015.7,0.8504,cloud_heavy
8627,11,359,6973.1,9065.1,0.8912,cloud_heavy
8628,12,359,7324.0,9521.2,0.923,cloud_heavy
8629,13,359,7763.5,10092.6,0.9431,cloud_heavy
8630,14,359,7520.4,9776.6,0.95,cloud_heavy
8631,15,359,7785.0,10120.5,0.9431,cloud_heavy
8632,16,359,7199.5,9359.4,0.923,cloud_heavy
8633,17,359,7457.4,9694.6,0.8912,cloud_heavy
8634,18,359,6918.3,8993.8,0.8504,cloud_heavy
8635,19,359,6902.8,8973.6,0.8033,cloud_heavy
8636,20,359,6686.9,8692.9,0.7533,cloud_heavy
8637,21,359,6558.4,8525.9,0.7032,cloud_heavy
8638,22,359,6275.3,8157.9,0.6556,cloud_heavy
8639,23,359,5910.6,7683.8,0.6123,cloud_heavy
8640,0,360,5639.6,7331.5,0.4829,cloud_heavy
8641,1,360,5846.8,7600.8,0.4978,cloud_heavy
8642,2,360,5543.6,7206.6,0.5177,cloud_heavy
8643,3,360,5434.0,7064.2,0.5431,cloud_heavy
8644,4,360,5972.8,7764.7,0.5747,cloud_heavy
8645,5,360,5984.6,7780.0,0.6123,cloud_heavy
8646,6,360,6203.9,8065.1,0.6556,cloud_heavy
8647,7,360,6538.1,8499.5,0.7032,cloud_heavy
8648,8,360,6552.7,8518.5,0.7533,cloud_heavy
8649,9,360,6801.1,8841.5,0.8033,cloud_heavy
8650,10,360,7035.2,9145.7,0.8504,cloud_heavy
8651,11,360,7548.9,9813.6,0.8912,cloud_heavy
8652,12,360,7371.6,9583.1,0.923,cloud_heavy
8653,13,360,7174.3,9326.6,0.9431,cloud_heavy
8654,14,360,7211.5,9374.9,0.95,cloud_heavy
8655,15,360,7481.6,9726.1,0.9431,cloud_heavy
8656,16,360,7115.4,9250.1,0.923,cloud_heavy
8657,17,360,6891.2,8958.6,0.8912,cloud_heavy
8658,18,360,7190.9,9348.2,0.8504,cloud_heavy
8659,19,360,6997.2,9096.4,0.8033,cloud_heavy
8660,20,360,6570.3,8541.4,0.7533,cloud_heavy
8661,21,360,6487.4,8433.7,0.7032,cloud_heavy
8662,22,360,6263.6,8142.6,0.6556,cloud_heavy
8663,23,360,6153.9,8000.1,0.6123,cloud_heavy
8664,0,361,5594.2,7272.4,0.4829,cloud_heavy
8665,1,361,5123.5,6660.6,0.4978,cloud_heavy
8666,2,361,5601.7,7282.2,0.5177,cloud_heavy
8667,3,361,5840.0,7592.0,0.5431,cloud_heavy
8668,4,361,5812.2,7555.9,0.5747,cloud_heavy
8669,5,361,6051.3,7866.6,0.6123,cloud_heavy
8670,6,361,6368.7,8279.3,0.6556,cloud_heavy
8671,7,361,6446.4,8380.3,0.7032,cloud_heavy
8672,8,361,6944.2,9027.5,0.7533,cloud_heavy
8673,9,361,7088.2,9214.7,0.8033,cloud_heavy
8674,10,361,7031.3,9140.7,0.8504,cloud_heavy
8675,11,361,7187.2,9343.3,0.8912,cloud_heavy
8676,12,361,6735.2,8755.8,0.923,cloud_heavy
8677,13,361,7377.5,9590.8,0.9431,cloud_heavy
8678,14,361,7176.1,9329.0,0.95,cloud_heavy
8679,15,361,7499.9,9749.9,0.9431,cloud_heavy
8680,16,361,7398.7,9618.4,0.923,cloud_heavy
8681,17,361,7381.0,9595.4,0.8912,cloud_heavy
8682,18,361,7352.0,9557.6,0.8504,cloud_heavy
8683,19,361,6851.0,8906.3,0.8033,cloud_heavy
8684,20,361,7098.2,9227.7,0.7533,cloud_heavy
8685,21,361,6475.6,8418.3,0.7032,cloud_heavy
8686,22,361,5983.6,7778.7,0.6556,cloud_heavy
8687,23,361,5942.8,7725.6,0.6123,cloud_heavy
8688,0,362,5391.6,7009.1,0.473,cloud_heavy
8689,1,362,5594.7,7273.1,0.4835,cloud_heavy
8690,2,362,5398.2,7017.7,0.4974,cloud_heavy
8691,3,362,5581.5,7256.0,0.5152,cloud_heavy
8692,4,362,5698.1,7407.5,0.5373,cloud_heavy
8693,5,362,5759.2,7487.0,0.5636,cloud_heavy
8694,6,362,6111.6,7945.0,0.5939,cloud_heavy
8695,7,362,6225.5,8093.1,0.6272,cloud_heavy
8696,8,362,6476.0,8418.8,0.6623,cloud_heavy
8697,9,362,6342.3,8245.0,0.6973,cloud_heavy
8698,10,362,6782.1,8816.7,0.7303,cloud_heavy
8699,11,362,6394.7,8313.1,0.7589,cloud_heavy
8700,12,362,6480.3,8424.4,0.7811,cloud_heavy
8701,13,362,6573.4,8545.4,0.7952,cloud_heavy
8702,14,362,6844.2,8897.5,0.8,cloud_heavy
8703,15,362,7067.9,9188.2,0.7952,cloud_heavy
8704,16,362,6639.8,8631.7,0.7811,cloud_heavy
8705,17,362,6572.2,8543.8,0.7589,cloud_heavy
8706,18,362,6503.5,8454.5,0.7303,cloud_heavy
8707,19,362,6516.0,8470.8,0.6973,cloud_heavy
8708,20,362,6167.4,8017.6,0.6623,cloud_heavy
8709,21,362,6010.2,7813.3,0.6272,cloud_heavy
8710,22,362,5725.5,7443.2,0.5939,cloud_heavy
8711,23,362,5737.6,7458.9,0.5636,cloud_heavy
8712,0,363,5645.2,7338.7,0.473,cloud_heavy
8713,1,363,5512.1,7165.7,0.4835,cloud_heavy
8714,2,363,5432.8,7062.6,0.4974,cloud_heavy
8715,3,363,5840.7,7593.0,0.5152,cloud_heavy
8716,4,363,5625.2,7312.8,0.5373,cloud_heavy
8717,5,363,6086.4,7912.3,0.5636,cloud_heavy
8718,6,363,6217.6,8082.8,0.5939,cloud_heavy
8719,7,363,6118.2,7953.7,0.6272,cloud_heavy
8720,8,363,5975.7,7768.4,0.6623,cloud_heavy
8721,9,363,6845.9,8899.7,0.6973,cloud_heavy
8722,10,363,6622.0,8608.5,0.7303,cloud_heavy
8723,11,363,6602.7,8583.6,0.7589,cloud_heavy
8724,12,363,6955.9,9042.6,0.7811,cloud_heavy
8725,13,363,6965.5,9055.2,0.7952,cloud_heavy
8726,14,363,7111.4,9244.8,0.8,cloud_heavy
8727,15,363,6686.2,8692.1,0.7952,cloud_heavy
8728,16,363,6826.5,8874.5,0.7811,cloud_heavy
8729,17,363,6430.3,8359.4,0.7589,cloud_heavy
8730,18,363,6676.8,8679.8,0.7303,cloud_heavy
8731,19,363,6401.5,8322.0,0.6973,cloud_heavy
8732,20,363,6309.8,8202.7,0.6623,cloud_heavy
8733,21,363,6081.2,7905.5,0.6272,cloud_heavy
8734,22,363,5921.4,7697.8,0.5939,cloud_heavy
8735,23,363,5685.7,7391.4,0.5636,cloud_heavy
8736,0,364,5624.8,7312.2,0.4829,cloud_heavy
8737,1,364,5806.4,7548.4,0.4978,cloud_heavy
8738,2,364,5548.2,7212.6,0.5177,cloud_heavy
8739,3,364,5846.1,7600.0,0.5431,cloud_heavy
8740,4,364,5961.0,7749.3,0.5747,cloud_heavy
8741,5,364,6046.2,7860.0,0.6123,cloud_heavy
8742,6,364,5943.2,7726.1,0.6556,cloud_heavy
8743,7,364,6179.7,8033.6,0.7032,cloud_heavy
8744,8,364,6488.0,8434.4,0.7533,cloud_heavy
8745,9,364,6416.5,8341.4,0.8033,cloud_heavy
8746,10,364,7354.4,9560.8,0.8504,cloud_heavy
8747,11,364,7309.9,9502.8,0.8912,cloud_heavy
8748,12,364,7358.4,9565.9,0.923,cloud_heavy
8749,13,364,6960.9,9049.2,0.9431,cloud_heavy
8750,14,364,7070.5,9191.7,0.95,cloud_heavy
8751,15,364,7450.0,9685.0,0.9431,cloud_heavy
8752,16,364,7800.3,10140.5,0.923,cloud_heavy
8753,17,364,7078.6,9202.1,0.8912,cloud_heavy
8754,18,364,7239.2,9411.0,0.8504,cloud_heavy
8755,19,364,6757.7,8785.0,0.8033,cloud_heavy
8756,20,364,6654.7,8651.1,0.7533,cloud_heavy
8757,21,364,6665.1,8664.6,0.7032,cloud_heavy
8758,22,364,6163.8,8012.9,0.6556,cloud_heavy
8759,23,364,5919.5,7695.4,0.6123,cloud_heavy
