hour,hour_of_day,day_of_year,it_load_kw,facility_load_kw,utilization,scenario
0,0,0,16738.1,20085.8,0.8118,ai_heavy
1,1,0,16094.6,19313.5,0.8172,ai_heavy
2,2,0,16622.8,19947.3,0.8244,ai_heavy
3,3,0,15794.1,18953.0,0.8335,ai_heavy
4,4,0,16844.6,20213.5,0.8449,ai_heavy
5,5,0,16339.6,19607.6,0.8584,ai_heavy
6,6,0,16469.2,19763.1,0.874,ai_heavy
7,7,0,16377.3,19652.7,0.8911,ai_heavy
8,8,0,16123.2,19347.9,0.9092,ai_heavy
9,9,0,16429.2,19715.1,0.9272,ai_heavy
10,10,0,16266.2,19519.5,0.9441,ai_heavy
11,11,0,17008.9,20410.6,0.9588,ai_heavy
12,12,0,16469.1,19762.9,0.9703,ai_heavy
13,13,0,15848.6,19018.3,0.9775,ai_heavy
14,14,0,15765.2,18918.3,0.98,ai_heavy
15,15,0,15734.0,18880.8,0.9775,ai_heavy
16,16,0,16877.2,20252.7,0.9703,ai_heavy
17,17,0,15961.8,19154.2,0.9588,ai_heavy
18,18,0,16633.5,19960.2,0.9441,ai_heavy
19,19,0,16497.4,19796.8,0.9272,ai_heavy
20,20,0,16339.7,19607.6,0.9092,ai_heavy
21,21,0,16527.4,19832.9,0.8911,ai_heavy
22,22,0,16334.4,19601.2,0.874,ai_heavy
23,23,0,14889.1,17866.9,0.8584,ai_heavy
24,0,1,15899.2,19079.1,0.8118,ai_heavy
25,1,1,16277.6,19533.1,0.8172,ai_heavy
26,2,1,16887.9,20265.5,0.8244,ai_heavy
27,3,1,16941.5,20329.8,0.8335,ai_heavy
28,4,1,15501.6,18601.9,0.8449,ai_heavy
29,5,1,16036.6,19243.9,0.8584,ai_heavy
30,6,1,15493.3,18592.0,0.874,ai_heavy
31,7,1,17056.7,20468.0,0.8911,ai_heavy
32,8,1,16868.9,20242.7,0.9092,ai_heavy
33,9,1,16602.9,19923.4,0.9272,ai_heavy
34,10,1,16567.2,19880.7,0.9441,ai_heavy
35,11,1,17217.7,20661.2,0.9588,ai_heavy
36,12,1,17172.2,20606.6,0.9703,ai_heavy
37,13,1,17170.1,20604.1,0.9775,ai_heavy
38,14,1,16829.1,20194.9,0.98,ai_heavy
39,15,1,16419.7,19703.7,0.9775,ai_heavy
40,16,1,16951.4,20341.7,0.9703,ai_heavy
41,17,1,16937.7,20325.2,0.9588,ai_heavy
42,18,1,16390.8,19669.0,0.9441,ai_heavy
43,19,1,16256.9,19508.3,0.9272,ai_heavy
44,20,1,16928.1,20313.7,0.9092,ai_heavy
45,21,1,17127.3,20552.7,0.8911,ai_heavy
46,22,1,15891.7,19070.0,0.874,ai_heavy
47,23,1,16078.5,19294.2,0.8584,ai_heavy
48,0,2,16224.1,19469.0,0.8118,ai_heavy
49,1,2,16307.2,19568.7,0.8172,ai_heavy
50,2,2,15843.6,19012.3,0.8244,ai_heavy
51,3,2,17036.8,20444.2,0.8335,ai_heavy
52,4,2,16367.2,19640.6,0.8449,ai_heavy
53,5,2,16464.9,19757.9,0.8584,ai_heavy
54,6,2,17115.0,20538.0,0.874,ai_heavy
55,7,2,16093.1,19311.7,0.8911,ai_heavy
56,8,2,16328.1,19593.7,0.9092,ai_heavy
57,9,2,15812.3,18974.7,0.9272,ai_heavy
58,10,2,16399.9,19679.8,0.9441,ai_heavy
59,11,2,15794.4,18953.3,0.9588,ai_heavy
60,12,2,16941.8,20330.2,0.9703,ai_heavy
61,13,2,16802.7,20163.2,0.9775,ai_heavy
62,14,2,16463.7,19756.4,0.98,ai_heavy
63,15,2,16543.6,19852.3,0.9775,ai_heavy
64,16,2,16948.6,20338.3,0.9703,ai_heavy
65,17,2,15969.6,19163.5,0.9588,ai_heavy
66,18,2,16586.1,19903.3,0.9441,ai_heavy
67,19,2,16774.8,20129.8,0.9272,ai_heavy
68,20,2,15496.1,18595.4,0.9092,ai_heavy
69,21,2,16648.1,19977.7,0.8911,ai_heavy
70,22,2,15440.7,18528.8,0.874,ai_heavy
71,23,2,16149.4,19379.3,0.8584,ai_heavy
72,0,3,15494.8,18593.7,0.8118,ai_heavy
73,1,3,16762.7,20115.3,0.8172,ai_heavy
74,2,3,15537.1,18644.5,0.8244,ai_heavy
75,3,3,15327.3,18392.8,0.8335,ai_heavy
76,4,3,16227.2,19472.6,0.8449,ai_heavy
77,5,3,16005.4,19206.5,0.8584,ai_heavy
78,6,3,15523.3,18628.0,0.874,ai_heavy
79,7,3,16570.2,19884.2,0.8911,ai_heavy
80,8,3,15393.4,18472.0,0.9092,ai_heavy
81,9,3,15919.3,19103.1,0.9272,ai_heavy
82,10,3,16200.6,19440.7,0.9441,ai_heavy
83,11,3,16930.8,20317.0,0.9588,ai_heavy
84,12,3,17214.0,20656.8,0.9703,ai_heavy
85,13,3,17142.6,20571.1,0.9775,ai_heavy
86,14,3,16525.3,19830.4,0.98,ai_heavy
87,15,3,15385.3,18462.3,0.9775,ai_heavy
88,16,3,16764.3,20117.2,0.9703,ai_heavy
89,17,3,17262.3,20714.8,0.9588,ai_heavy
90,18,3,17095.3,20514.3,0.9441,ai_heavy
91,19,3,16658.2,19989.9,0.9272,ai_heavy
92,20,3,15787.3,18944.7,0.9092,ai_heavy
93,21,3,16055.8,19267.0,0.8911,ai_heavy
94,22,3,17200.3,20640.4,0.874,ai_heavy
95,23,3,15517.8,18621.3,0.8584,ai_heavy
96,0,4,15502.3,18602.7,0.8118,ai_heavy
97,1,4,16527.1,19832.5,0.8172,ai_heavy
98,2,4,15887.6,19065.2,0.8244,ai_heavy
99,3,4,15553.9,18664.7,0.8335,ai_heavy
100,4,4,16903.4,20284.1,0.8449,ai_heavy
101,5,4,16430.8,19716.9,0.8584,ai_heavy
102,6,4,16071.0,19285.1,0.874,ai_heavy
103,7,4,15752.1,18902.6,0.8911,ai_heavy
104,8,4,17377.1,20852.5,0.9092,ai_heavy
105,9,4,16418.0,19701.6,0.9272,ai_heavy
106,10,4,17176.2,20611.4,0.9441,ai_heavy
107,11,4,16976.2,20371.4,0.9588,ai_heavy
108,12,4,16311.1,19573.3,0.9703,ai_heavy
109,13,4,16338.3,19605.9,0.9775,ai_heavy
110,14,4,17322.0,20786.4,0.98,ai_heavy
111,15,4,17321.7,20786.0,0.9775,ai_heavy
112,16,4,15637.0,18764.4,0.9703,ai_heavy
113,17,4,16805.6,20166.7,0.9588,ai_heavy
114,18,4,16425.2,19710.2,0.9441,ai_heavy
115,19,4,15920.7,19104.9,0.9272,ai_heavy
116,20,4,16500.0,19800.1,0.9092,ai_heavy
117,21,4,15652.4,18782.9,0.8911,ai_heavy
118,22,4,16029.7,19235.6,0.874,ai_heavy
119,23,4,15818.4,18982.0,0.8584,ai_heavy
120,0,5,15803.0,18963.6,0.8083,ai_heavy
121,1,5,16021.4,19225.7,0.812,ai_heavy
122,2,5,15582.4,18698.9,0.8171,ai_heavy
123,3,5,16852.5,20222.9,0.8235,ai_heavy
124,4,5,16357.3,19628.8,0.8314,ai_heavy
125,5,5,17019.1,20422.9,0.8409,ai_heavy
126,6,5,16107.3,19328.7,0.8518,ai_heavy
127,7,5,15956.9,19148.3,0.8638,ai_heavy
128,8,5,17123.1,20547.7,0.8764,ai_heavy
129,9,5,16023.3,19227.9,0.889,ai_heavy
130,10,5,16257.1,19508.6,0.9009,ai_heavy
131,11,5,16731.8,20078.2,0.9112,ai_heavy
132,12,5,15794.9,18953.9,0.9192,ai_heavy
133,13,5,16770.9,20125.1,0.9243,ai_heavy
134,14,5,16713.6,20056.4,0.926,ai_heavy
135,15,5,17045.8,20455.0,0.9243,ai_heavy
136,16,5,16842.0,20210.5,0.9192,ai_heavy
137,17,5,17016.8,20420.1,0.9112,ai_heavy
138,18,5,16290.4,19548.5,0.9009,ai_heavy
139,19,5,15884.0,19060.8,0.889,ai_heavy
140,20,5,17294.6,20753.5,0.8764,ai_heavy
141,21,5,15480.9,18577.1,0.8638,ai_heavy
142,22,5,15492.4,18590.8,0.8518,ai_heavy
143,23,5,16423.4,19708.1,0.8409,ai_heavy
144,0,6,16825.7,20190.8,0.8083,ai_heavy
145,1,6,16147.1,19376.6,0.812,ai_heavy
146,2,6,16553.9,19864.7,0.8171,ai_heavy
147,3,6,15129.4,18155.3,0.8235,ai_heavy
148,4,6,15877.2,19052.7,0.8314,ai_heavy
149,5,6,15241.7,18290.0,0.8409,ai_heavy
150,6,6,16563.9,19876.7,0.8518,ai_heavy
151,7,6,15470.9,18565.1,0.8638,ai_heavy
152,8,6,15641.5,18769.8,0.8764,ai_heavy
153,9,6,16557.5,19869.0,0.889,ai_heavy
154,10,6,16865.2,20238.3,0.9009,ai_heavy
155,11,6,16299.9,19559.9,0.9112,ai_heavy
156,12,6,16684.6,20021.6,0.9192,ai_heavy
157,13,6,16685.4,20022.5,0.9243,ai_heavy
158,14,6,16320.0,19584.0,0.926,ai_heavy
159,15,6,15881.2,19057.5,0.9243,ai_heavy
160,16,6,16682.0,20018.4,0.9192,ai_heavy
161,17,6,16679.3,20015.1,0.9112,ai_heavy
162,18,6,16782.9,20139.5,0.9009,ai_heavy
163,19,6,16458.7,19750.4,0.889,ai_heavy
164,20,6,15694.9,18833.8,0.8764,ai_heavy
165,21,6,16560.0,19872.0,0.8638,ai_heavy
166,22,6,16184.3,19421.2,0.8518,ai_heavy
167,23,6,15915.7,19098.9,0.8409,ai_heavy
168,0,7,15913.2,19095.8,0.8118,ai_heavy
169,1,7,15739.8,18887.7,0.8172,ai_heavy
170,2,7,16525.0,19830.0,0.8244,ai_heavy
171,3,7,15439.6,18527.5,0.8335,ai_heavy
172,4,7,15680.8,18817.0,0.8449,ai_heavy
173,5,7,16046.7,19256.1,0.8584,ai_heavy
174,6,7,17044.2,20453.1,0.874,ai_heavy
175,7,7,16828.8,20194.6,0.8911,ai_heavy
176,8,7,15565.6,18678.7,0.9092,ai_heavy
177,9,7,17096.1,20515.4,0.9272,ai_heavy
178,10,7,17152.5,20582.9,0.9441,ai_heavy
179,11,7,15950.6,19140.8,0.9588,ai_heavy
180,12,7,15316.6,18380.0,0.9703,ai_heavy
181,13,7,16557.6,19869.2,0.9775,ai_heavy
182,14,7,17160.7,20592.8,0.98,ai_heavy
183,15,7,17385.7,20862.9,0.9775,ai_heavy
184,16,7,16137.2,19364.6,0.9703,ai_heavy
185,17,7,17401.9,20882.3,0.9588,ai_heavy
186,18,7,15383.3,18459.9,0.9441,ai_heavy
187,19,7,16248.6,19498.4,0.9272,ai_heavy
188,20,7,16166.6,19399.9,0.9092,ai_heavy
189,21,7,16876.8,20252.2,0.8911,ai_heavy
190,22,7,16890.4,20268.4,0.874,ai_heavy
191,23,7,16670.5,20004.6,0.8584,ai_heavy
192,0,8,15404.6,18485.5,0.8118,ai_heavy
193,1,8,16488.5,19786.3,0.8172,ai_heavy
194,2,8,16341.6,19610.0,0.8244,ai_heavy
195,3,8,15317.1,18380.6,0.8335,ai_heavy
196,4,8,15160.3,18192.4,0.8449,ai_heavy
197,5,8,16711.3,20053.5,0.8584,ai_heavy
198,6,8,16169.3,19403.2,0.874,ai_heavy
199,7,8,15683.9,18820.7,0.8911,ai_heavy
200,8,8,16269.2,19523.1,0.9092,ai_heavy
201,9,8,16609.5,19931.4,0.9272,ai_heavy
202,10,8,16444.1,19732.9,0.9441,ai_heavy
203,11,8,15763.2,18915.8,0.9588,ai_heavy
204,12,8,17500.0,21000.0,0.9703,ai_heavy
205,13,8,17093.5,20512.2,0.9775,ai_heavy
206,14,8,16434.6,19721.6,0.98,ai_heavy
207,15,8,16446.7,19736.0,0.9775,ai_heavy
208,16,8,16748.8,20098.5,0.9703,ai_heavy
209,17,8,15972.6,19167.2,0.9588,ai_heavy
210,18,8,16644.7,19973.6,0.9441,ai_heavy
211,19,8,15774.1,18929.0,0.9272,ai_heavy
212,20,8,16336.8,19604.2,0.9092,ai_heavy
213,21,8,15741.0,18889.2,0.8911,ai_heavy
214,22,8,15711.9,18854.2,0.874,ai_heavy
215,23,8,17006.7,20408.1,0.8584,ai_heavy
216,0,9,16083.6,19300.4,0.8118,ai_heavy
217,1,9,16172.6,19407.1,0.8172,ai_heavy
218,2,9,15124.6,18149.5,0.8244,ai_heavy
219,3,9,15836.8,19004.2,0.8335,ai_heavy
220,4,9,16386.2,19663.4,0.8449,ai_heavy
221,5,9,16301.0,19561.2,0.8584,ai_heavy
222,6,9,15206.6,18247.9,0.874,ai_heavy
223,7,9,16414.2,19697.1,0.8911,ai_heavy
224,8,9,16551.5,19861.8,0.9092,ai_heavy
225,9,9,17062.8,20475.4,0.9272,ai_heavy
226,10,9,16161.1,19393.3,0.9441,ai_heavy
227,11,9,15420.9,18505.1,0.9588,ai_heavy
228,12,9,16074.6,19289.5,0.9703,ai_heavy
229,13,9,16047.5,19257.0,0.9775,ai_heavy
230,14,9,16968.6,20362.3,0.98,ai_heavy
231,15,9,15241.2,18289.4,0.9775,ai_heavy
232,16,9,16347.2,19616.6,0.9703,ai_heavy
233,17,9,17240.1,20688.1,0.9588,ai_heavy
234,18,9,16488.7,19786.4,0.9441,ai_heavy
235,19,9,16871.9,20246.2,0.9272,ai_heavy
236,20,9,15565.1,18678.2,0.9092,ai_heavy
237,21,9,15528.9,18634.7,0.8911,ai_heavy
238,22,9,16958.1,20349.8,0.874,ai_heavy
239,23,9,16255.8,19507.0,0.8584,ai_heavy
240,0,10,16104.9,19325.8,0.8118,ai_heavy
241,1,10,15533.5,18640.2,0.8172,ai_heavy
242,2,10,16144.5,19373.4,0.8244,ai_heavy
243,3,10,15571.3,18685.5,0.8335,ai_heavy
244,4,10,16738.0,20085.6,0.8449,ai_heavy
245,5,10,17500.0,21000.0,0.8584,ai_heavy
246,6,10,16493.2,19791.8,0.874,ai_heavy
247,7,10,16002.1,19202.6,0.8911,ai_heavy
248,8,10,15127.1,18152.5,0.9092,ai_heavy
249,9,10,15599.8,18719.7,0.9272,ai_heavy
250,10,10,17254.1,20704.9,0.9441,ai_heavy
251,11,10,16022.5,19227.0,0.9588,ai_heavy
252,12,10,16385.7,19662.9,0.9703,ai_heavy
253,13,10,16919.8,20303.8,0.9775,ai_heavy
254,14,10,17339.9,20807.9,0.98,ai_heavy
255,15,10,16494.2,19793.1,0.9775,ai_heavy
256,16,10,16368.9,19642.7,0.9703,ai_heavy
257,17,10,16568.5,19882.1,0.9588,ai_heavy
258,18,10,16174.7,19409.6,0.9441,ai_heavy
259,19,10,16147.2,19376.7,0.9272,ai_heavy
260,20,10,16573.8,19888.5,0.9092,ai_heavy
261,21,10,16403.6,19684.3,0.8911,ai_heavy
262,22,10,17296.8,20756.1,0.874,ai_heavy
263,23,10,16420.0,19703.9,0.8584,ai_heavy
264,0,11,16609.6,19931.5,0.8118,ai_heavy
265,1,11,15556.1,18667.3,0.8172,ai_heavy
266,2,11,16349.4,19619.3,0.8244,ai_heavy
267,3,11,15775.9,18931.1,0.8335,ai_heavy
268,4,11,16354.3,19625.1,0.8449,ai_heavy
269,5,11,16541.3,19849.6,0.8584,ai_heavy
270,6,11,16281.5,19537.8,0.874,ai_heavy
271,7,11,17491.0,20989.2,0.8911,ai_heavy
272,8,11,17072.8,20487.4,0.9092,ai_heavy
273,9,11,17010.3,20412.4,0.9272,ai_heavy
274,10,11,16863.1,20235.7,0.9441,ai_heavy
275,11,11,17407.5,20889.0,0.9588,ai_heavy
276,12,11,15855.7,19026.9,0.9703,ai_heavy
277,13,11,17275.7,20730.9,0.9775,ai_heavy
278,14,11,16108.0,19329.6,0.98,ai_heavy
279,15,11,16312.7,19575.2,0.9775,ai_heavy
280,16,11,16849.1,20218.9,0.9703,ai_heavy
281,17,11,17144.6,20573.5,0.9588,ai_heavy
282,18,11,15914.6,19097.5,0.9441,ai_heavy
283,19,11,16177.4,19412.9,0.9272,ai_heavy
284,20,11,16419.4,19703.3,0.9092,ai_heavy
285,21,11,16221.7,19466.0,0.8911,ai_heavy
286,22,11,16673.7,20008.4,0.874,ai_heavy
287,23,11,17500.0,21000.0,0.8584,ai_heavy
288,0,12,16245.4,19494.5,0.8083,ai_heavy
289,1,12,15701.7,18842.0,0.812,ai_heavy
290,2,12,15447.0,18536.4,0.8171,ai_heavy
291,3,12,15935.9,19123.1,0.8235,ai_heavy
292,4,12,15664.1,18796.9,0.8314,ai_heavy
293,5,12,16376.1,19651.4,0.8409,ai_heavy
294,6,12,16404.5,19685.4,0.8518,ai_heavy
295,7,12,15998.6,19198.3,0.8638,ai_heavy
296,8,12,17233.6,20680.3,0.8764,ai_heavy
297,9,12,15946.3,19135.5,0.889,ai_heavy
298,10,12,16286.0,19543.2,0.9009,ai_heavy
299,11,12,16692.1,20030.5,0.9112,ai_heavy
300,12,12,16843.0,20211.6,0.9192,ai_heavy
301,13,12,17049.9,20459.8,0.9243,ai_heavy
302,14,12,16637.3,19964.8,0.926,ai_heavy
303,15,12,16938.2,20325.9,0.9243,ai_heavy
304,16,12,16076.7,19292.1,0.9192,ai_heavy
305,17,12,16829.1,20195.0,0.9112,ai_heavy
306,18,12,16788.2,20145.8,0.9009,ai_heavy
307,19,12,17046.1,20455.3,0.889,ai_heavy
308,20,12,15450.9,18541.1,0.8764,ai_heavy
309,21,12,15782.5,18939.0,0.8638,ai_heavy
310,22,12,16584.7,19901.6,0.8518,ai_heavy
311,23,12,14865.1,17838.1,0.8409,ai_heavy
312,0,13,16280.4,19536.5,0.8083,ai_heavy
313,1,13,16566.3,19879.6,0.812,ai_heavy
314,2,13,15794.2,18953.0,0.8171,ai_heavy
315,3,13,15885.3,19062.3,0.8235,ai_heavy
316,4,13,15599.4,18719.2,0.8314,ai_heavy
317,5,13,15896.9,19076.3,0.8409,ai_heavy
318,6,13,15945.9,19135.0,0.8518,ai_heavy
319,7,13,15891.7,19070.0,0.8638,ai_heavy
320,8,13,15905.1,19086.1,0.8764,ai_heavy
321,9,13,16173.5,19408.2,0.889,ai_heavy
322,10,13,16205.8,19446.9,0.9009,ai_heavy
323,11,13,17298.9,20758.7,0.9112,ai_heavy
324,12,13,16210.1,19452.1,0.9192,ai_heavy
325,13,13,16590.1,19908.1,0.9243,ai_heavy
326,14,13,16141.9,19370.3,0.926,ai_heavy
327,15,13,16130.1,19356.1,0.9243,ai_heavy
328,16,13,15565.3,18678.3,0.9192,ai_heavy
329,17,13,15606.0,18727.2,0.9112,ai_heavy
330,18,13,15752.7,18903.3,0.9009,ai_heavy
331,19,13,16395.9,19675.1,0.889,ai_heavy
332,20,13,16790.2,20148.2,0.8764,ai_heavy
333,21,13,15354.4,18425.3,0.8638,ai_heavy
334,22,13,15918.4,19102.1,0.8518,ai_heavy
335,23,13,15487.4,18584.8,0.8409,ai_heavy
336,0,14,15927.8,19113.4,0.8118,ai_heavy
337,1,14,16591.3,19909.6,0.8172,ai_heavy
338,2,14,15880.0,19056.1,0.8244,ai_heavy
339,3,14,16102.6,19323.2,0.8335,ai_heavy
340,4,14,16868.1,20241.8,0.8449,ai_heavy
341,5,14,16429.2,19715.1,0.8584,ai_heavy
342,6,14,15886.5,19063.8,0.874,ai_heavy
343,7,14,16390.6,19668.8,0.8911,ai_heavy
344,8,14,15965.0,19158.0,0.9092,ai_heavy
345,9,14,16637.3,19964.8,0.9272,ai_heavy
346,10,14,16740.0,20088.0,0.9441,ai_heavy
347,11,14,15854.8,19025.8,0.9588,ai_heavy
348,12,14,16657.1,19988.5,0.9703,ai_heavy
349,13,14,16535.1,19842.1,0.9775,ai_heavy
350,14,14,16872.9,20247.5,0.98,ai_heavy
351,15,14,17007.4,20408.9,0.9775,ai_heavy
352,16,14,16807.4,20168.9,0.9703,ai_heavy
353,17,14,16382.5,19659.1,0.9588,ai_heavy
354,18,14,16946.7,20336.0,0.9441,ai_heavy
355,19,14,15999.7,19199.7,0.9272,ai_heavy
356,20,14,15722.9,18867.5,0.9092,ai_heavy
357,21,14,14749.1,17699.0,0.8911,ai_heavy
358,22,14,16223.0,19467.6,0.874,ai_heavy
359,23,14,15807.2,18968.6,0.8584,ai_heavy
360,0,15,16246.7,19496.0,0.8118,ai_heavy
361,1,15,15122.1,18146.6,0.8172,ai_heavy
362,2,15,15783.3,18940.0,0.8244,ai_heavy
363,3,15,16353.1,19623.8,0.8335,ai_heavy
364,4,15,15663.2,18795.8,0.8449,ai_heavy
365,5,15,16405.6,19686.7,0.8584,ai_heavy
366,6,15,15985.5,19182.6,0.874,ai_heavy
367,7,15,16296.8,19556.2,0.8911,ai_heavy
368,8,15,16663.8,19996.6,0.9092,ai_heavy
369,9,15,16899.7,20279.6,0.9272,ai_heavy
370,10,15,16530.8,19837.0,0.9441,ai_heavy
371,11,15,16129.2,19355.0,0.9588,ai_heavy
372,12,15,16342.4,19610.8,0.9703,ai_heavy
373,13,15,16910.7,20292.8,0.9775,ai_heavy
374,14,15,16093.0,19311.6,0.98,ai_heavy
375,15,15,16505.0,19805.9,0.9775,ai_heavy
376,16,15,16378.2,19653.9,0.9703,ai_heavy
377,17,15,16481.7,19778.0,0.9588,ai_heavy
378,18,15,15986.0,19183.1,0.9441,ai_heavy
379,19,15,15517.2,18620.7,0.9272,ai_heavy
380,20,15,16627.2,19952.7,0.9092,ai_heavy
381,21,15,16784.7,20141.6,0.8911,ai_heavy
382,22,15,15383.1,18459.7,0.874,ai_heavy
383,23,15,16386.0,19663.2,0.8584,ai_heavy
384,0,16,16576.8,19892.2,0.8118,ai_heavy
385,1,16,16359.9,19631.9,0.8172,ai_heavy
386,2,16,15894.6,19073.6,0.8244,ai_heavy
387,3,16,15669.2,18803.0,0.8335,ai_heavy
388,4,16,16201.8,19442.2,0.8449,ai_heavy
389,5,16,16327.1,19592.5,0.8584,ai_heavy
390,6,16,16303.9,19564.7,0.874,ai_heavy
391,7,16,16224.7,19469.7,0.8911,ai_heavy
392,8,16,15839.7,19007.7,0.9092,ai_heavy
393,9,16,16638.4,19966.1,0.9272,ai_heavy
394,10,16,16718.0,20061.6,0.9441,ai_heavy
395,11,16,16632.5,19959.0,0.9588,ai_heavy
396,12,16,16625.2,19950.3,0.9703,ai_heavy
397,13,16,17429.5,20915.4,0.9775,ai_heavy
398,14,16,16290.7,19548.8,0.98,ai_heavy
399,15,16,17231.5,20677.8,0.9775,ai_heavy
400,16,16,16205.2,19446.2,0.9703,ai_heavy
401,17,16,17083.0,20499.5,0.9588,ai_heavy
402,18,16,17095.1,20514.1,0.9441,ai_heavy
403,19,16,16285.6,19542.7,0.9272,ai_heavy
404,20,16,17187.3,20624.7,0.9092,ai_heavy
405,21,16,16542.4,19850.9,0.8911,ai_heavy
406,22,16,15829.3,18995.2,0.874,ai_heavy
407,23,16,16024.7,19229.6,0.8584,ai_heavy
408,0,17,16600.7,19920.9,0.8118,ai_heavy
409,1,17,16517.7,19821.2,0.8172,ai_heavy
410,2,17,15584.9,18701.9,0.8244,ai_heavy
411,3,17,16058.3,19269.9,0.8335,ai_heavy
412,4,17,16261.2,19513.5,0.8449,ai_heavy
413,5,17,15959.8,19151.8,0.8584,ai_heavy
414,6,17,17407.1,20888.5,0.874,ai_heavy
415,7,17,16427.2,19712.7,0.8911,ai_heavy
416,8,17,16341.1,19609.4,0.9092,ai_heavy
417,9,17,17017.0,20420.4,0.9272,ai_heavy
418,10,17,16304.5,19565.4,0.9441,ai_heavy
419,11,17,17032.6,20439.1,0.9588,ai_heavy
420,12,17,15741.0,18889.2,0.9703,ai_heavy
421,13,17,16367.8,19641.3,0.9775,ai_heavy
422,14,17,17124.2,20549.0,0.98,ai_heavy
423,15,17,17375.3,20850.3,0.9775,ai_heavy
424,16,17,16185.6,19422.8,0.9703,ai_heavy
425,17,17,16091.6,19309.9,0.9588,ai_heavy
426,18,17,16765.7,20118.9,0.9441,ai_heavy
427,19,17,16123.0,19347.6,0.9272,ai_heavy
428,20,17,16239.6,19487.5,0.9092,ai_heavy
429,21,17,16741.8,20090.1,0.8911,ai_heavy
430,22,17,15991.8,19190.2,0.874,ai_heavy
431,23,17,15251.0,18301.2,0.8584,ai_heavy
432,0,18,15428.4,18514.1,0.8118,ai_heavy
433,1,18,16077.4,19292.9,0.8172,ai_heavy
434,2,18,15196.0,18235.2,0.8244,ai_heavy
435,3,18,15981.9,19178.3,0.8335,ai_heavy
436,4,18,15487.5,18585.1,0.8449,ai_heavy
437,5,18,17003.9,20404.7,0.8584,ai_heavy
438,6,18,17313.1,20775.8,0.874,ai_heavy
439,7,18,15795.0,18954.0,0.8911,ai_heavy
440,8,18,16497.6,19797.1,0.9092,ai_heavy
441,9,18,15956.7,19148.0,0.9272,ai_heavy
442,10,18,16332.1,19598.6,0.9441,ai_heavy
443,11,18,17427.4,20912.9,0.9588,ai_heavy
444,12,18,16338.1,19605.7,0.9703,ai_heavy
445,13,18,16451.2,19741.4,0.9775,ai_heavy
446,14,18,16132.2,19358.7,0.98,ai_heavy
447,15,18,17164.2,20597.0,0.9775,ai_heavy
448,16,18,14947.9,17937.5,0.9703,ai_heavy
449,17,18,16313.3,19576.0,0.9588,ai_heavy
450,18,18,16462.4,19754.9,0.9441,ai_heavy
451,19,18,16104.2,19325.1,0.9272,ai_heavy
452,20,18,16795.6,20154.7,0.9092,ai_heavy
453,21,18,16901.1,20281.4,0.8911,ai_heavy
454,22,18,15568.5,18682.2,0.874,ai_heavy
455,23,18,17224.4,20669.3,0.8584,ai_heavy
456,0,19,15358.6,18430.3,0.8083,ai_heavy
457,1,19,16676.5,20011.8,0.812,ai_heavy
458,2,19,16144.3,19373.2,0.8171,ai_heavy
459,3,19,15849.8,19019.7,0.8235,ai_heavy
460,4,19,15920.8,19105.0,0.8314,ai_heavy
461,5,19,16133.4,19360.1,0.8409,ai_heavy
462,6,19,16286.2,19543.5,0.8518,ai_heavy
463,7,19,15776.2,18931.4,0.8638,ai_heavy
464,8,19,16150.9,19381.1,0.8764,ai_heavy
465,9,19,15929.0,19114.8,0.889,ai_heavy
466,10,19,15748.8,18898.5,0.9009,ai_heavy
467,11,19,15976.5,19171.8,0.9112,ai_heavy
468,12,19,15838.1,19005.7,0.9192,ai_heavy
469,13,19,16213.5,19456.3,0.9243,ai_heavy
470,14,19,16639.3,19967.1,0.926,ai_heavy
471,15,19,16480.0,19776.0,0.9243,ai_heavy
472,16,19,17375.7,20850.8,0.9192,ai_heavy
473,17,19,15292.0,18350.4,0.9112,ai_heavy
474,18,19,16574.7,19889.6,0.9009,ai_heavy
475,19,19,16309.2,19571.0,0.889,ai_heavy
476,20,19,16663.0,19995.7,0.8764,ai_heavy
477,21,19,16572.7,19887.3,0.8638,ai_heavy
478,22,19,16104.9,19325.9,0.8518,ai_heavy
479,23,19,16233.3,19479.9,0.8409,ai_heavy
480,0,20,15685.5,18822.5,0.8083,ai_heavy
481,1,20,16351.4,19621.7,0.812,ai_heavy
482,2,20,15166.2,18199.4,0.8171,ai_heavy
483,3,20,16468.0,19761.6,0.8235,ai_heavy
484,4,20,16107.6,19329.1,0.8314,ai_heavy
485,5,20,15913.6,19096.4,0.8409,ai_heavy
486,6,20,16072.1,19286.5,0.8518,ai_heavy
487,7,20,16146.5,19375.8,0.8638,ai_heavy
488,8,20,16898.1,20277.7,0.8764,ai_heavy
489,9,20,17500.0,21000.0,0.889,ai_heavy
490,10,20,16942.7,20331.3,0.9009,ai_heavy
491,11,20,16100.3,19320.3,0.9112,ai_heavy
492,12,20,16714.0,20056.8,0.9192,ai_heavy
493,13,20,16752.2,20102.7,0.9243,ai_heavy
494,14,20,15970.3,19164.3,0.926,ai_heavy
495,15,20,15799.4,18959.3,0.9243,ai_heavy
496,16,20,16372.9,19647.5,0.9192,ai_heavy
497,17,20,16774.9,20129.9,0.9112,ai_heavy
498,18,20,15554.2,18665.1,0.9009,ai_heavy
499,19,20,15953.4,19144.1,0.889,ai_heavy
500,20,20,16544.5,19853.4,0.8764,ai_heavy
501,21,20,16244.3,19493.2,0.8638,ai_heavy
502,22,20,16872.7,20247.2,0.8518,ai_heavy
503,23,20,15465.8,18559.0,0.8409,ai_heavy
504,0,21,17188.0,20625.7,0.8118,ai_heavy
505,1,21,15331.0,18397.2,0.8172,ai_heavy
506,2,21,15116.0,18139.2,0.8244,ai_heavy
507,3,21,16097.1,19316.6,0.8335,ai_heavy
508,4,21,15612.5,18735.0,0.8449,ai_heavy
509,5,21,16187.7,19425.3,0.8584,ai_heavy
510,6,21,16221.2,19465.5,0.874,ai_heavy
511,7,21,16217.1,19460.5,0.8911,ai_heavy
512,8,21,15957.7,19149.3,0.9092,ai_heavy
513,9,21,16643.3,19972.0,0.9272,ai_heavy
514,10,21,16328.2,19593.8,0.9441,ai_heavy
515,11,21,17080.3,20496.4,0.9588,ai_heavy
516,12,21,16480.4,19776.5,0.9703,ai_heavy
517,13,21,16113.4,19336.1,0.9775,ai_heavy
518,14,21,15761.1,18913.3,0.98,ai_heavy
519,15,21,16507.9,19809.5,0.9775,ai_heavy
520,16,21,15939.1,19127.0,0.9703,ai_heavy
521,17,21,15863.4,19036.0,0.9588,ai_heavy
522,18,21,16746.0,20095.1,0.9441,ai_heavy
523,19,21,15553.8,18664.6,0.9272,ai_heavy
524,20,21,17065.1,20478.1,0.9092,ai_heavy
525,21,21,16391.0,19669.2,0.8911,ai_heavy
526,22,21,16235.8,19482.9,0.874,ai_heavy
527,23,21,15703.5,18844.2,0.8584,ai_heavy
528,0,22,16423.3,19707.9,0.8118,ai_heavy
529,1,22,16071.2,19285.5,0.8172,ai_heavy
530,2,22,15764.5,18917.4,0.8244,ai_heavy
531,3,22,16222.3,19466.8,0.8335,ai_heavy
532,4,22,15346.6,18415.9,0.8449,ai_heavy
533,5,22,15411.5,18493.8,0.8584,ai_heavy
534,6,22,15710.8,18853.0,0.874,ai_heavy
535,7,22,16483.9,19780.7,0.8911,ai_heavy
536,8,22,16369.9,19643.9,0.9092,ai_heavy
537,9,22,16947.1,20336.5,0.9272,ai_heavy
538,10,22,16030.1,19236.1,0.9441,ai_heavy
539,11,22,16818.0,20181.5,0.9588,ai_heavy
540,12,22,16513.4,19816.1,0.9703,ai_heavy
541,13,22,16124.1,19349.0,0.9775,ai_heavy
542,14,22,16793.6,20152.3,0.98,ai_heavy
543,15,22,16560.7,19872.9,0.9775,ai_heavy
544,16,22,16257.3,19508.8,0.9703,ai_heavy
545,17,22,16553.8,19864.5,0.9588,ai_heavy
546,18,22,16421.0,19705.2,0.9441,ai_heavy
547,19,22,16354.3,19625.2,0.9272,ai_heavy
548,20,22,16168.8,19402.6,0.9092,ai_heavy
549,21,22,15674.2,18809.1,0.8911,ai_heavy
550,22,22,16293.6,19552.4,0.874,ai_heavy
551,23,22,15816.3,18979.6,0.8584,ai_heavy
552,0,23,15563.7,18676.4,0.8118,ai_heavy
553,1,23,15956.6,19147.9,0.8172,ai_heavy
554,2,23,16450.3,19740.3,0.8244,ai_heavy
555,3,23,16215.4,19458.5,0.8335,ai_heavy
556,4,23,15905.0,19086.0,0.8449,ai_heavy
557,5,23,15928.8,19114.6,0.8584,ai_heavy
558,6,23,16567.3,19880.7,0.874,ai_heavy
559,7,23,15139.9,18167.9,0.8911,ai_heavy
560,8,23,16763.1,20115.7,0.9092,ai_heavy
561,9,23,15506.4,18607.6,0.9272,ai_heavy
562,10,23,15785.1,18942.1,0.9441,ai_heavy
563,11,23,16277.9,19533.4,0.9588,ai_heavy
564,12,23,17500.0,21000.0,0.9703,ai_heavy
565,13,23,17428.6,20914.4,0.9775,ai_heavy
566,14,23,16953.5,20344.2,0.98,ai_heavy
567,15,23,16771.1,20125.3,0.9775,ai_heavy
568,16,23,15644.3,18773.2,0.9703,ai_heavy
569,17,23,16610.7,19932.8,0.9588,ai_heavy
570,18,23,16213.5,19456.2,0.9441,ai_heavy
571,19,23,16027.5,19233.0,0.9272,ai_heavy
572,20,23,16447.5,19737.0,0.9092,ai_heavy
573,21,23,16082.3,19298.8,0.8911,ai_heavy
574,22,23,16681.1,20017.4,0.874,ai_heavy
575,23,23,15265.3,18318.4,0.8584,ai_heavy
576,0,24,16091.2,19309.5,0.8118,ai_heavy
577,1,24,15648.7,18778.5,0.8172,ai_heavy
578,2,24,15898.0,19077.6,0.8244,ai_heavy
579,3,24,16273.0,19527.6,0.8335,ai_heavy
580,4,24,15620.8,18744.9,0.8449,ai_heavy
581,5,24,16286.4,19543.7,0.8584,ai_heavy
582,6,24,16153.6,19384.3,0.874,ai_heavy
583,7,24,15989.6,19187.5,0.8911,ai_heavy
584,8,24,16140.4,19368.4,0.9092,ai_heavy
585,9,24,16353.9,19624.7,0.9272,ai_heavy
586,10,24,16105.4,19326.4,0.9441,ai_heavy
587,11,24,16536.4,19843.7,0.9588,ai_heavy
588,12,24,16431.8,19718.1,0.9703,ai_heavy
589,13,24,16289.3,19547.2,0.9775,ai_heavy
590,14,24,17393.5,20872.2,0.98,ai_heavy
591,15,24,16800.3,20160.4,0.9775,ai_heavy
592,16,24,16379.8,19655.8,0.9703,ai_heavy
593,17,24,16605.3,19926.3,0.9588,ai_heavy
594,18,24,15977.3,19172.7,0.9441,ai_heavy
595,19,24,16214.8,19457.7,0.9272,ai_heavy
596,20,24,16214.3,19457.1,0.9092,ai_heavy
597,21,24,15702.7,18843.3,0.8911,ai_heavy
598,22,24,16446.1,19735.3,0.874,ai_heavy
599,23,24,15960.8,19152.9,0.8584,ai_heavy
600,0,25,15883.9,19060.7,0.8118,ai_heavy
601,1,25,15798.4,18958.1,0.8172,ai_heavy
602,2,25,17500.0,21000.0,0.8244,ai_heavy
603,3,25,15805.1,18966.1,0.8335,ai_heavy
604,4,25,15159.5,18191.4,0.8449,ai_heavy
605,5,25,15428.7,18514.4,0.8584,ai_heavy
606,6,25,16627.5,19953.0,0.874,ai_heavy
607,7,25,16966.9,20360.3,0.8911,ai_heavy
608,8,25,16036.6,19244.0,0.9092,ai_heavy
609,9,25,17060.5,20472.5,0.9272,ai_heavy
610,10,25,16851.9,20222.2,0.9441,ai_heavy
611,11,25,16438.9,19726.7,0.9588,ai_heavy
612,12,25,16440.6,19728.7,0.9703,ai_heavy
613,13,25,16683.6,20020.4,0.9775,ai_heavy
614,14,25,17038.7,20446.4,0.98,ai_heavy
615,15,25,16791.4,20149.6,0.9775,ai_heavy
616,16,25,16233.6,19480.3,0.9703,ai_heavy
617,17,25,16446.5,19735.8,0.9588,ai_heavy
618,18,25,17464.9,20957.9,0.9441,ai_heavy
619,19,25,16553.9,19864.7,0.9272,ai_heavy
620,20,25,16798.5,20158.1,0.9092,ai_heavy
621,21,25,16577.1,19892.5,0.8911,ai_heavy
622,22,25,16390.5,19668.6,0.874,ai_heavy
623,23,25,16259.4,19511.3,0.8584,ai_heavy
624,0,26,16475.5,19770.6,0.8083,ai_heavy
625,1,26,16402.0,19682.4,0.812,ai_heavy
626,2,26,16199.3,19439.2,0.8171,ai_heavy
627,3,26,15758.0,18909.6,0.8235,ai_heavy
628,4,26,16305.2,19566.3,0.8314,ai_heavy
629,5,26,16117.1,19340.6,0.8409,ai_heavy
630,6,26,16035.3,19242.4,0.8518,ai_heavy
631,7,26,17500.0,21000.0,0.8638,ai_heavy
632,8,26,15514.1,18616.9,0.8764,ai_heavy
633,9,26,16774.9,20129.9,0.889,ai_heavy
634,10,26,15921.6,19105.9,0.9009,ai_heavy
635,11,26,16442.5,19731.0,0.9112,ai_heavy
636,12,26,17500.0,21000.0,0.9192,ai_heavy
637,13,26,15946.4,19135.7,0.9243,ai_heavy
638,14,26,16069.5,19283.3,0.926,ai_heavy
639,15,26,16411.9,19694.3,0.9243,ai_heavy
640,16,26,15987.1,19184.5,0.9192,ai_heavy
641,17,26,16812.4,20174.9,0.9112,ai_heavy
642,18,26,16082.5,19299.0,0.9009,ai_heavy
643,19,26,16626.0,19951.2,0.889,ai_heavy
644,20,26,15616.5,18739.8,0.8764,ai_heavy
645,21,26,15344.6,18413.5,0.8638,ai_heavy
646,22,26,16073.8,19288.6,0.8518,ai_heavy
647,23,26,15389.7,18467.6,0.8409,ai_heavy
648,0,27,16774.3,20129.2,0.8083,ai_heavy
649,1,27,15319.0,18382.8,0.812,ai_heavy
650,2,27,15571.8,18686.1,0.8171,ai_heavy
651,3,27,16292.6,19551.2,0.8235,ai_heavy
652,4,27,15835.2,19002.3,0.8314,ai_heavy
653,5,27,15414.0,18496.8,0.8409,ai_heavy
654,6,27,17175.5,20610.6,0.8518,ai_heavy
655,7,27,15736.5,18883.8,0.8638,ai_heavy
656,8,27,16169.3,19403.1,0.8764,ai_heavy
657,9,27,16203.7,19444.4,0.889,ai_heavy
658,10,27,16692.9,20031.4,0.9009,ai_heavy
659,11,27,16605.2,19926.3,0.9112,ai_heavy
660,12,27,15997.2,19196.6,0.9192,ai_heavy
661,13,27,16260.0,19512.0,0.9243,ai_heavy
662,14,27,16314.3,19577.2,0.926,ai_heavy
663,15,27,16789.5,20147.4,0.9243,ai_heavy
664,16,27,15829.1,18994.9,0.9192,ai_heavy
665,17,27,17369.6,20843.6,0.9112,ai_heavy
666,18,27,15972.3,19166.8,0.9009,ai_heavy
667,19,27,16301.8,19562.1,0.889,ai_heavy
668,20,27,15699.0,18838.8,0.8764,ai_heavy
669,21,27,15592.2,18710.6,0.8638,ai_heavy
670,22,27,15760.4,18912.5,0.8518,ai_heavy
671,23,27,15679.4,18815.3,0.8409,ai_heavy
672,0,28,15855.6,19026.7,0.8118,ai_heavy
673,1,28,15600.6,18720.7,0.8172,ai_heavy
674,2,28,16431.7,19718.0,0.8244,ai_heavy
675,3,28,15746.9,18896.2,0.8335,ai_heavy
676,4,28,15729.1,18875.0,0.8449,ai_heavy
677,5,28,16015.5,19218.6,0.8584,ai_heavy
678,6,28,16741.4,20089.7,0.874,ai_heavy
679,7,28,16418.0,19701.6,0.8911,ai_heavy
680,8,28,16322.5,19587.0,0.9092,ai_heavy
681,9,28,15723.7,18868.4,0.9272,ai_heavy
682,10,28,15920.0,19104.0,0.9441,ai_heavy
683,11,28,15898.9,19078.6,0.9588,ai_heavy
684,12,28,17219.7,20663.6,0.9703,ai_heavy
685,13,28,16857.7,20229.3,0.9775,ai_heavy
686,14,28,16172.5,19407.0,0.98,ai_heavy
687,15,28,16312.6,19575.2,0.9775,ai_heavy
688,16,28,16159.8,19391.8,0.9703,ai_heavy
689,17,28,16093.6,19312.3,0.9588,ai_heavy
690,18,28,16712.7,20055.3,0.9441,ai_heavy
691,19,28,16288.3,19546.0,0.9272,ai_heavy
692,20,28,17393.6,20872.4,0.9092,ai_heavy
693,21,28,16924.8,20309.7,0.8911,ai_heavy
694,22,28,16895.8,20275.0,0.874,ai_heavy
695,23,28,16533.0,19839.6,0.8584,ai_heavy
696,0,29,15851.5,19021.9,0.8118,ai_heavy
697,1,29,16360.9,19633.0,0.8172,ai_heavy
698,2,29,15927.4,19112.9,0.8244,ai_heavy
699,3,29,16914.3,20297.2,0.8335,ai_heavy
700,4,29,16358.6,19630.3,0.8449,ai_heavy
701,5,29,16334.1,19601.0,0.8584,ai_heavy
702,6,29,16319.1,19583.0,0.874,ai_heavy
703,7,29,17164.5,20597.4,0.8911,ai_heavy
704,8,29,15667.3,18800.8,0.9092,ai_heavy
705,9,29,17336.2,20803.4,0.9272,ai_heavy
706,10,29,16393.0,19671.6,0.9441,ai_heavy
707,11,29,15835.5,19002.6,0.9588,ai_heavy
708,12,29,16196.1,19435.4,0.9703,ai_heavy
709,13,29,15771.8,18926.2,0.9775,ai_heavy
710,14,29,16927.2,20312.7,0.98,ai_heavy
711,15,29,16076.7,19292.1,0.9775,ai_heavy
712,16,29,16653.9,19984.7,0.9703,ai_heavy
713,17,29,17095.5,20514.6,0.9588,ai_heavy
714,18,29,16152.8,19383.3,0.9441,ai_heavy
715,19,29,16297.9,19557.5,0.9272,ai_heavy
716,20,29,15731.3,18877.6,0.9092,ai_heavy
717,21,29,16122.8,19347.4,0.8911,ai_heavy
718,22,29,17500.0,21000.0,0.874,ai_heavy
719,23,29,16584.8,19901.8,0.8584,ai_heavy
720,0,30,15927.6,19113.1,0.8118,ai_heavy
721,1,30,15777.7,18933.2,0.8172,ai_heavy
722,2,30,16075.3,19290.3,0.8244,ai_heavy
723,3,30,16188.5,19426.3,0.8335,ai_heavy
724,4,30,15959.3,19151.2,0.8449,ai_heavy
725,5,30,16464.3,19757.2,0.8584,ai_heavy
726,6,30,15792.2,18950.6,0.874,ai_heavy
727,7,30,15843.9,19012.6,0.8911,ai_heavy
728,8,30,16553.3,19864.0,0.9092,ai_heavy
729,9,30,15854.0,19024.8,0.9272,ai_heavy
730,10,30,16845.6,20214.8,0.9441,ai_heavy
731,11,30,16525.8,19831.0,0.9588,ai_heavy
732,12,30,15661.4,18793.7,0.9703,ai_heavy
733,13,30,16648.1,19977.7,0.9775,ai_heavy
734,14,30,15762.4,18914.9,0.98,ai_heavy
735,15,30,16938.8,20326.5,0.9775,ai_heavy
736,16,30,16446.4,19735.7,0.9703,ai_heavy
737,17,30,17451.0,20941.3,0.9588,ai_heavy
738,18,30,17014.9,20417.9,0.9441,ai_heavy
739,19,30,15907.2,19088.7,0.9272,ai_heavy
740,20,30,15379.0,18454.8,0.9092,ai_heavy
741,21,30,15943.3,19132.0,0.8911,ai_heavy
742,22,30,15661.5,18793.8,0.874,ai_heavy
743,23,30,17094.3,20513.1,0.8584,ai_heavy
744,0,31,16050.1,19260.2,0.8118,ai_heavy
745,1,31,16522.7,19827.2,0.8172,ai_heavy
746,2,31,15958.2,19149.8,0.8244,ai_heavy
747,3,31,16038.7,19246.5,0.8335,ai_heavy
748,4,31,16146.7,19376.1,0.8449,ai_heavy
749,5,31,16744.6,20093.5,0.8584,ai_heavy
750,6,31,16409.2,19691.0,0.874,ai_heavy
751,7,31,15795.4,18954.5,0.8911,ai_heavy
752,8,31,17168.4,20602.1,0.9092,ai_heavy
753,9,31,16285.7,19542.9,0.9272,ai_heavy
754,10,31,16259.8,19511.8,0.9441,ai_heavy
755,11,31,15129.5,18155.4,0.9588,ai_heavy
756,12,31,16885.4,20262.5,0.9703,ai_heavy
757,13,31,16643.9,19972.7,0.9775,ai_heavy
758,14,31,16651.4,19981.7,0.98,ai_heavy
759,15,31,16393.1,19671.7,0.9775,ai_heavy
760,16,31,16284.1,19540.9,0.9703,ai_heavy
761,17,31,16349.6,19619.5,0.9588,ai_heavy
762,18,31,16714.2,20057.0,0.9441,ai_heavy
763,19,31,16745.1,20094.1,0.9272,ai_heavy
764,20,31,16258.0,19509.6,0.9092,ai_heavy
765,21,31,16777.3,20132.7,0.8911,ai_heavy
766,22,31,16218.7,19462.4,0.874,ai_heavy
767,23,31,15961.4,19153.7,0.8584,ai_heavy
768,0,32,16150.7,19380.8,0.8118,ai_heavy
769,1,32,15417.1,18500.6,0.8172,ai_heavy
770,2,32,16208.2,19449.9,0.8244,ai_heavy
771,3,32,15379.6,18455.5,0.8335,ai_heavy
772,4,32,15664.2,18797.1,0.8449,ai_heavy
773,5,32,15225.1,18270.1,0.8584,ai_heavy
774,6,32,16171.8,19406.1,0.874,ai_heavy
775,7,32,17100.6,20520.7,0.8911,ai_heavy
776,8,32,16314.0,19576.8,0.9092,ai_heavy
777,9,32,16747.3,20096.7,0.9272,ai_heavy
778,10,32,17500.0,21000.0,0.9441,ai_heavy
779,11,32,16733.3,20080.0,0.9588,ai_heavy
780,12,32,16189.7,19427.6,0.9703,ai_heavy
781,13,32,16281.2,19537.4,0.9775,ai_heavy
782,14,32,16602.0,19922.4,0.98,ai_heavy
783,15,32,16278.5,19534.2,0.9775,ai_heavy
784,16,32,16292.6,19551.2,0.9703,ai_heavy
785,17,32,17021.6,20425.9,0.9588,ai_heavy
786,18,32,16992.6,20391.1,0.9441,ai_heavy
787,19,32,15618.3,18742.0,0.9272,ai_heavy
788,20,32,15969.6,19163.6,0.9092,ai_heavy
789,21,32,16085.8,19303.0,0.8911,ai_heavy
790,22,32,16549.4,19859.2,0.874,ai_heavy
791,23,32,16762.3,20114.8,0.8584,ai_heavy
792,0,33,17344.1,20812.9,0.8083,ai_heavy
793,1,33,15831.5,18997.8,0.812,ai_heavy
794,2,33,15871.6,19046.0,0.8171,ai_heavy
795,3,33,16377.1,19652.5,0.8235,ai_heavy
796,4,33,15788.9,18946.7,0.8314,ai_heavy
797,5,33,16081.3,19297.6,0.8409,ai_heavy
798,6,33,15983.5,19180.2,0.8518,ai_heavy
799,7,33,14948.0,17937.6,0.8638,ai_heavy
800,8,33,16325.2,19590.2,0.8764,ai_heavy
801,9,33,16216.8,19460.2,0.889,ai_heavy
802,10,33,16967.9,20361.5,0.9009,ai_heavy
803,11,33,16380.7,19656.9,0.9112,ai_heavy
804,12,33,15786.5,18943.9,0.9192,ai_heavy
805,13,33,16293.4,19552.0,0.9243,ai_heavy
806,14,33,15395.7,18474.9,0.926,ai_heavy
807,15,33,15824.0,18988.8,0.9243,ai_heavy
808,16,33,16716.8,20060.1,0.9192,ai_heavy
809,17,33,16256.5,19507.8,0.9112,ai_heavy
810,18,33,16796.9,20156.3,0.9009,ai_heavy
811,19,33,15343.9,18412.6,0.889,ai_heavy
812,20,33,16146.7,19376.1,0.8764,ai_heavy
813,21,33,15992.6,19191.1,0.8638,ai_heavy
814,22,33,16649.1,19979.0,0.8518,ai_heavy
815,23,33,16475.6,19770.7,0.8409,ai_heavy
816,0,34,16352.7,19623.2,0.8083,ai_heavy
817,1,34,16798.3,20157.9,0.812,ai_heavy
818,2,34,15894.6,19073.5,0.8171,ai_heavy
819,3,34,16737.5,20085.0,0.8235,ai_heavy
820,4,34,15613.8,18736.6,0.8314,ai_heavy
821,5,34,15625.9,18751.1,0.8409,ai_heavy
822,6,34,16550.5,19860.6,0.8518,ai_heavy
823,7,34,15491.6,18589.9,0.8638,ai_heavy
824,8,34,16544.5,19853.4,0.8764,ai_heavy
825,9,34,16355.6,19626.7,0.889,ai_heavy
826,10,34,16870.1,20244.2,0.9009,ai_heavy
827,11,34,16348.8,19618.6,0.9112,ai_heavy
828,12,34,16431.6,19717.9,0.9192,ai_heavy
829,13,34,16671.4,20005.7,0.9243,ai_heavy
830,14,34,16099.6,19319.5,0.926,ai_heavy
831,15,34,16072.6,19287.2,0.9243,ai_heavy
832,16,34,16637.5,19965.0,0.9192,ai_heavy
833,17,34,16363.7,19636.4,0.9112,ai_heavy
834,18,34,16144.8,19373.8,0.9009,ai_heavy
835,19,34,16265.5,19518.7,0.889,ai_heavy
836,20,34,17043.1,20451.7,0.8764,ai_heavy
837,21,34,16008.4,19210.1,0.8638,ai_heavy
838,22,34,15955.8,19147.0,0.8518,ai_heavy
839,23,34,15322.4,18386.9,0.8409,ai_heavy
840,0,35,16034.7,19241.7,0.8118,ai_heavy
841,1,35,16389.3,19667.2,0.8172,ai_heavy
842,2,35,16499.6,19799.5,0.8244,ai_heavy
843,3,35,16178.0,19413.6,0.8335,ai_heavy
844,4,35,16626.0,19951.2,0.8449,ai_heavy
845,5,35,16562.1,19874.5,0.8584,ai_heavy
846,6,35,16800.0,20160.0,0.874,ai_heavy
847,7,35,16794.6,20153.5,0.8911,ai_heavy
848,8,35,17142.6,20571.1,0.9092,ai_heavy
849,9,35,16346.4,19615.7,0.9272,ai_heavy
850,10,35,15828.8,18994.6,0.9441,ai_heavy
851,11,35,16862.1,20234.5,0.9588,ai_heavy
852,12,35,16958.1,20349.7,0.9703,ai_heavy
853,13,35,17375.2,20850.2,0.9775,ai_heavy
854,14,35,17239.8,20687.8,0.98,ai_heavy
855,15,35,17500.0,21000.0,0.9775,ai_heavy
856,16,35,16878.2,20253.8,0.9703,ai_heavy
857,17,35,16646.4,19975.7,0.9588,ai_heavy
858,18,35,15800.2,18960.2,0.9441,ai_heavy
859,19,35,16581.9,19898.3,0.9272,ai_heavy
860,20,35,16100.1,19320.2,0.9092,ai_heavy
861,21,35,16416.4,19699.7,0.8911,ai_heavy
862,22,35,16283.8,19540.5,0.874,ai_heavy
863,23,35,16435.9,19723.1,0.8584,ai_heavy
864,0,36,16008.2,19209.9,0.8118,ai_heavy
865,1,36,16523.5,19828.2,0.8172,ai_heavy
866,2,36,14780.9,17737.1,0.8244,ai_heavy
867,3,36,16217.5,19461.1,0.8335,ai_heavy
868,4,36,16745.6,20094.7,0.8449,ai_heavy
869,5,36,17115.8,20539.0,0.8584,ai_heavy
870,6,36,16614.2,19937.0,0.874,ai_heavy
871,7,36,17137.4,20564.9,0.8911,ai_heavy
872,8,36,16454.5,19745.4,0.9092,ai_heavy
873,9,36,16431.5,19717.8,0.9272,ai_heavy
874,10,36,16746.9,20096.3,0.9441,ai_heavy
875,11,36,16531.3,19837.6,0.9588,ai_heavy
876,12,36,16181.1,19417.4,0.9703,ai_heavy
877,13,36,16337.1,19604.5,0.9775,ai_heavy
878,14,36,16047.8,19257.3,0.98,ai_heavy
879,15,36,16856.6,20228.0,0.9775,ai_heavy
880,16,36,16575.7,19890.9,0.9703,ai_heavy
881,17,36,16354.2,19625.1,0.9588,ai_heavy
882,18,36,16204.8,19445.8,0.9441,ai_heavy
883,19,36,16679.0,20014.8,0.9272,ai_heavy
884,20,36,16754.8,20105.8,0.9092,ai_heavy
885,21,36,15759.6,18911.5,0.8911,ai_heavy
886,22,36,15629.1,18755.0,0.874,ai_heavy
887,23,36,16670.7,20004.8,0.8584,ai_heavy
888,0,37,15392.8,18471.3,0.8118,ai_heavy
889,1,37,16336.6,19603.9,0.8172,ai_heavy
890,2,37,16876.6,20251.9,0.8244,ai_heavy
891,3,37,16909.0,20290.8,0.8335,ai_heavy
892,4,37,16520.3,19824.4,0.8449,ai_heavy
893,5,37,16551.2,19861.5,0.8584,ai_heavy
894,6,37,17355.5,20826.5,0.874,ai_heavy
895,7,37,15170.5,18204.5,0.8911,ai_heavy
896,8,37,16143.4,19372.1,0.9092,ai_heavy
897,9,37,16848.3,20217.9,0.9272,ai_heavy
898,10,37,16318.3,19582.0,0.9441,ai_heavy
899,11,37,17147.8,20577.4,0.9588,ai_heavy
900,12,37,16550.5,19860.6,0.9703,ai_heavy
901,13,37,16659.2,19991.0,0.9775,ai_heavy
902,14,37,16464.9,19757.8,0.98,ai_heavy
903,15,37,16333.5,19600.2,0.9775,ai_heavy
904,16,37,16298.1,19557.7,0.9703,ai_heavy
905,17,37,16667.4,20000.9,0.9588,ai_heavy
906,18,37,16102.0,19322.4,0.9441,ai_heavy
907,19,37,16899.9,20279.9,0.9272,ai_heavy
908,20,37,16692.3,20030.8,0.9092,ai_heavy
909,21,37,16850.9,20221.1,0.8911,ai_heavy
910,22,37,15706.6,18847.9,0.874,ai_heavy
911,23,37,15380.3,18456.4,0.8584,ai_heavy
912,0,38,16053.1,19263.7,0.8118,ai_heavy
913,1,38,17470.4,20964.4,0.8172,ai_heavy
914,2,38,16707.3,20048.7,0.8244,ai_heavy
915,3,38,15857.4,19028.9,0.8335,ai_heavy
916,4,38,16368.4,19642.0,0.8449,ai_heavy
917,5,38,16560.3,19872.4,0.8584,ai_heavy
918,6,38,15589.8,18707.7,0.874,ai_heavy
919,7,38,16983.1,20379.8,0.8911,ai_heavy
920,8,38,16289.3,19547.1,0.9092,ai_heavy
921,9,38,16385.4,19662.4,0.9272,ai_heavy
922,10,38,16496.9,19796.2,0.9441,ai_heavy
923,11,38,17100.6,20520.7,0.9588,ai_heavy
924,12,38,16194.7,19433.6,0.9703,ai_heavy
925,13,38,15743.9,18892.6,0.9775,ai_heavy
926,14,38,16762.5,20115.0,0.98,ai_heavy
927,15,38,15576.2,18691.5,0.9775,ai_heavy
928,16,38,16420.4,19704.4,0.9703,ai_heavy
929,17,38,17121.6,20545.9,0.9588,ai_heavy
930,18,38,16771.5,20125.8,0.9441,ai_heavy
931,19,38,16943.8,20332.6,0.9272,ai_heavy
932,20,38,16676.2,20011.4,0.9092,ai_heavy
933,21,38,17492.5,20990.9,0.8911,ai_heavy
934,22,38,15970.3,19164.3,0.874,ai_heavy
935,23,38,16400.2,19680.2,0.8584,ai_heavy
936,0,39,15844.1,19012.9,0.8118,ai_heavy
937,1,39,16534.0,19840.8,0.8172,ai_heavy
938,2,39,16066.1,19279.3,0.8244,ai_heavy
939,3,39,16957.2,20348.6,0.8335,ai_heavy
940,4,39,15905.2,19086.2,0.8449,ai_heavy
941,5,39,16890.7,20268.9,0.8584,ai_heavy
942,6,39,16546.5,19855.7,0.874,ai_heavy
943,7,39,16297.0,19556.4,0.8911,ai_heavy
944,8,39,16637.9,19965.5,0.9092,ai_heavy
945,9,39,16558.8,19870.6,0.9272,ai_heavy
946,10,39,16661.1,19993.4,0.9441,ai_heavy
947,11,39,16430.3,19716.4,0.9588,ai_heavy
948,12,39,16221.3,19465.6,0.9703,ai_heavy
949,13,39,16426.8,19712.2,0.9775,ai_heavy
950,14,39,15763.4,18916.1,0.98,ai_heavy
951,15,39,17012.7,20415.3,0.9775,ai_heavy
952,16,39,15956.1,19147.3,0.9703,ai_heavy
953,17,39,16425.0,19710.0,0.9588,ai_heavy
954,18,39,16805.6,20166.7,0.9441,ai_heavy
955,19,39,16843.8,20212.6,0.9272,ai_heavy
956,20,39,15499.9,18599.9,0.9092,ai_heavy
957,21,39,16267.9,19521.5,0.8911,ai_heavy
958,22,39,16481.4,19777.7,0.874,ai_heavy
959,23,39,16231.9,19478.3,0.8584,ai_heavy
960,0,40,16690.5,20028.6,0.8083,ai_heavy
961,1,40,15660.0,18792.0,0.812,ai_heavy
962,2,40,15084.1,18100.9,0.8171,ai_heavy
963,3,40,16484.2,19781.0,0.8235,ai_heavy
964,4,40,15859.1,19030.9,0.8314,ai_heavy
965,5,40,15297.6,18357.1,0.8409,ai_heavy
966,6,40,16108.1,19329.7,0.8518,ai_heavy
967,7,40,16822.9,20187.5,0.8638,ai_heavy
968,8,40,15648.6,18778.4,0.8764,ai_heavy
969,9,40,17448.8,20938.5,0.889,ai_heavy
970,10,40,15933.7,19120.5,0.9009,ai_heavy
971,11,40,16420.8,19705.0,0.9112,ai_heavy
972,12,40,15804.1,18964.9,0.9192,ai_heavy
973,13,40,16441.0,19729.2,0.9243,ai_heavy
974,14,40,16360.3,19632.3,0.926,ai_heavy
975,15,40,15686.8,18824.1,0.9243,ai_heavy
976,16,40,17500.0,21000.0,0.9192,ai_heavy
977,17,40,16134.7,19361.6,0.9112,ai_heavy
978,18,40,16102.1,19322.5,0.9009,ai_heavy
979,19,40,16780.1,20136.1,0.889,ai_heavy
980,20,40,17150.3,20580.4,0.8764,ai_heavy
981,21,40,16772.3,20126.7,0.8638,ai_heavy
982,22,40,15601.8,18722.1,0.8518,ai_heavy
983,23,40,16253.2,19503.9,0.8409,ai_heavy
984,0,41,15138.1,18165.7,0.8083,ai_heavy
985,1,41,16490.2,19788.2,0.812,ai_heavy
986,2,41,15283.7,18340.4,0.8171,ai_heavy
987,3,41,15705.2,18846.2,0.8235,ai_heavy
988,4,41,16117.2,19340.7,0.8314,ai_heavy
989,5,41,16365.2,19638.3,0.8409,ai_heavy
990,6,41,16058.3,19270.0,0.8518,ai_heavy
991,7,41,16963.4,20356.1,0.8638,ai_heavy
992,8,41,16617.9,19941.5,0.8764,ai_heavy
993,9,41,16621.4,19945.7,0.889,ai_heavy
994,10,41,15741.7,18890.1,0.9009,ai_heavy
995,11,41,17213.0,20655.6,0.9112,ai_heavy
996,12,41,16008.8,19210.6,0.9192,ai_heavy
997,13,41,17276.5,20731.8,0.9243,ai_heavy
998,14,41,17422.7,20907.2,0.926,ai_heavy
999,15,41,16673.1,20007.7,0.9243,ai_heavy
1000,16,41,16911.9,20294.3,0.9192,ai_heavy
1001,17,41,14863.3,17835.9,0.9112,ai_heavy
1002,18,41,16249.0,19498.7,0.9009,ai_heavy
1003,19,41,16845.2,20214.2,0.889,ai_heavy
1004,20,41,16716.2,20059.4,0.8764,ai_heavy
1005,21,41,15630.3,18756.4,0.8638,ai_heavy
1006,22,41,16042.4,19250.9,0.8518,ai_heavy
1007,23,41,14920.8,17904.9,0.8409,ai_heavy
1008,0,42,16254.0,19504.8,0.8118,ai_heavy
1009,1,42,15164.5,18197.4,0.8172,ai_heavy
1010,2,42,16641.7,19970.1,0.8244,ai_heavy
1011,3,42,16697.8,20037.4,0.8335,ai_heavy
1012,4,42,15932.5,19119.0,0.8449,ai_heavy
1013,5,42,16460.0,19752.0,0.8584,ai_heavy
1014,6,42,16151.3,19381.5,0.874,ai_heavy
1015,7,42,16431.3,19717.5,0.8911,ai_heavy
1016,8,42,15808.0,18969.6,0.9092,ai_heavy
1017,9,42,16736.9,20084.3,0.9272,ai_heavy
1018,10,42,15673.4,18808.1,0.9441,ai_heavy
1019,11,42,15625.3,18750.4,0.9588,ai_heavy
1020,12,42,16509.4,19811.3,0.9703,ai_heavy
1021,13,42,16488.4,19786.1,0.9775,ai_heavy
1022,14,42,16737.3,20084.7,0.98,ai_heavy
1023,15,42,16270.3,19524.3,0.9775,ai_heavy
1024,16,42,17500.0,21000.0,0.9703,ai_heavy
1025,17,42,16612.6,19935.1,0.9588,ai_heavy
1026,18,42,16600.3,19920.3,0.9441,ai_heavy
1027,19,42,16527.3,19832.7,0.9272,ai_heavy
1028,20,42,16864.1,20236.9,0.9092,ai_heavy
1029,21,42,16594.8,19913.7,0.8911,ai_heavy
1030,22,42,16472.7,19767.3,0.874,ai_heavy
1031,23,42,16564.4,19877.3,0.8584,ai_heavy
1032,0,43,15176.3,18211.5,0.8118,ai_heavy
1033,1,43,15211.0,18253.2,0.8172,ai_heavy
1034,2,43,16059.1,19270.9,0.8244,ai_heavy
1035,3,43,16030.0,19236.0,0.8335,ai_heavy
1036,4,43,16443.7,19732.4,0.8449,ai_heavy
1037,5,43,16216.3,19459.6,0.8584,ai_heavy
1038,6,43,16541.0,19849.1,0.874,ai_heavy
1039,7,43,15703.3,18844.0,0.8911,ai_heavy
1040,8,43,16366.2,19639.5,0.9092,ai_heavy
1041,9,43,15769.0,18922.9,0.9272,ai_heavy
1042,10,43,16676.4,20011.7,0.9441,ai_heavy
1043,11,43,15601.3,18721.6,0.9588,ai_heavy
1044,12,43,16743.2,20091.8,0.9703,ai_heavy
1045,13,43,15862.3,19034.8,0.9775,ai_heavy
1046,14,43,16410.7,19692.8,0.98,ai_heavy
1047,15,43,17039.1,20446.9,0.9775,ai_heavy
1048,16,43,16683.1,20019.7,0.9703,ai_heavy
1049,17,43,15716.7,18860.0,0.9588,ai_heavy
1050,18,43,16152.6,19383.1,0.9441,ai_heavy
1051,19,43,15690.0,18828.0,0.9272,ai_heavy
1052,20,43,15539.1,18646.9,0.9092,ai_heavy
1053,21,43,16370.5,19644.5,0.8911,ai_heavy
1054,22,43,16530.4,19836.5,0.874,ai_heavy
1055,23,43,16420.8,19705.0,0.8584,ai_heavy
1056,0,44,16345.4,19614.5,0.8118,ai_heavy
1057,1,44,16066.9,19280.2,0.8172,ai_heavy
1058,2,44,15963.8,19156.6,0.8244,ai_heavy
1059,3,44,15606.5,18727.8,0.8335,ai_heavy
1060,4,44,15949.2,19139.0,0.8449,ai_heavy
1061,5,44,15564.2,18677.0,0.8584,ai_heavy
1062,6,44,15845.0,19014.0,0.874,ai_heavy
1063,7,44,16356.4,19627.7,0.8911,ai_heavy
1064,8,44,16313.6,19576.4,0.9092,ai_heavy
1065,9,44,17500.0,21000.0,0.9272,ai_heavy
1066,10,44,15819.5,18983.4,0.9441,ai_heavy
1067,11,44,16470.9,19765.1,0.9588,ai_heavy
1068,12,44,15862.3,19034.8,0.9703,ai_heavy
1069,13,44,16400.6,19680.7,0.9775,ai_heavy
1070,14,44,16428.8,19714.6,0.98,ai_heavy
1071,15,44,17014.2,20417.0,0.9775,ai_heavy
1072,16,44,16346.5,19615.8,0.9703,ai_heavy
1073,17,44,16438.0,19725.6,0.9588,ai_heavy
1074,18,44,16272.3,19526.7,0.9441,ai_heavy
1075,19,44,15739.5,18887.4,0.9272,ai_heavy
1076,20,44,16051.2,19261.5,0.9092,ai_heavy
1077,21,44,16126.0,19351.2,0.8911,ai_heavy
1078,22,44,16293.2,19551.8,0.874,ai_heavy
1079,23,44,16478.3,19774.0,0.8584,ai_heavy
1080,0,45,15942.1,19130.5,0.8118,ai_heavy
1081,1,45,15951.0,19141.2,0.8172,ai_heavy
1082,2,45,15264.9,18317.9,0.8244,ai_heavy
1083,3,45,16386.7,19664.1,0.8335,ai_heavy
1084,4,45,15825.1,18990.1,0.8449,ai_heavy
1085,5,45,16569.8,19883.8,0.8584,ai_heavy
1086,6,45,16899.2,20279.1,0.874,ai_heavy
1087,7,45,16220.9,19465.1,0.8911,ai_heavy
1088,8,45,15868.9,19042.7,0.9092,ai_heavy
1089,9,45,16421.8,19706.2,0.9272,ai_heavy
1090,10,45,16657.5,19989.1,0.9441,ai_heavy
1091,11,45,16376.4,19651.7,0.9588,ai_heavy
1092,12,45,16289.7,19547.6,0.9703,ai_heavy
1093,13,45,16874.1,20249.0,0.9775,ai_heavy
1094,14,45,16849.5,20219.4,0.98,ai_heavy
1095,15,45,16421.2,19705.5,0.9775,ai_heavy
1096,16,45,15747.8,18897.4,0.9703,ai_heavy
1097,17,45,16759.3,20111.1,0.9588,ai_heavy
1098,18,45,16105.6,19326.7,0.9441,ai_heavy
1099,19,45,16535.7,19842.8,0.9272,ai_heavy
1100,20,45,16445.7,19734.9,0.9092,ai_heavy
1101,21,45,15388.4,18466.1,0.8911,ai_heavy
1102,22,45,16296.7,19556.1,0.874,ai_heavy
1103,23,45,16456.8,19748.1,0.8584,ai_heavy
1104,0,46,16362.0,19634.4,0.8118,ai_heavy
1105,1,46,16129.2,19355.0,0.8172,ai_heavy
1106,2,46,15141.1,18169.3,0.8244,ai_heavy
1107,3,46,16743.4,20092.1,0.8335,ai_heavy
1108,4,46,16361.8,19634.2,0.8449,ai_heavy
1109,5,46,15621.5,18745.8,0.8584,ai_heavy
1110,6,46,15873.0,19047.6,0.874,ai_heavy
1111,7,46,16426.0,19711.2,0.8911,ai_heavy
1112,8,46,16705.4,20046.4,0.9092,ai_heavy
1113,9,46,16189.5,19427.4,0.9272,ai_heavy
1114,10,46,16893.4,20272.0,0.9441,ai_heavy
1115,11,46,15643.7,18772.5,0.9588,ai_heavy
1116,12,46,16051.8,19262.2,0.9703,ai_heavy
1117,13,46,15565.9,18679.1,0.9775,ai_heavy
1118,14,46,16154.7,19385.7,0.98,ai_heavy
1119,15,46,17344.3,20813.2,0.9775,ai_heavy
1120,16,46,17500.0,21000.0,0.9703,ai_heavy
1121,17,46,16649.3,19979.1,0.9588,ai_heavy
1122,18,46,16169.4,19403.2,0.9441,ai_heavy
1123,19,46,16320.8,19585.0,0.9272,ai_heavy
1124,20,46,16604.0,19924.8,0.9092,ai_heavy
1125,21,46,15548.0,18657.6,0.8911,ai_heavy
1126,22,46,15978.0,19173.5,0.874,ai_heavy
1127,23,46,16904.2,20285.1,0.8584,ai_heavy
1128,0,47,15540.3,18648.3,0.8083,ai_heavy
1129,1,47,15695.0,18834.1,0.812,ai_heavy
1130,2,47,16078.4,19294.1,0.8171,ai_heavy
1131,3,47,16229.6,19475.6,0.8235,ai_heavy
1132,4,47,15816.5,18979.9,0.8314,ai_heavy
1133,5,47,16186.9,19424.3,0.8409,ai_heavy
1134,6,47,16480.2,19776.2,0.8518,ai_heavy
1135,7,47,17178.7,20614.4,0.8638,ai_heavy
1136,8,47,16203.4,19444.1,0.8764,ai_heavy
1137,9,47,16285.8,19543.0,0.889,ai_heavy
1138,10,47,17093.5,20512.2,0.9009,ai_heavy
1139,11,47,16108.2,19329.9,0.9112,ai_heavy
1140,12,47,15752.3,18902.8,0.9192,ai_heavy
1141,13,47,16543.8,19852.6,0.9243,ai_heavy
1142,14,47,16956.5,20347.8,0.926,ai_heavy
1143,15,47,16598.4,19918.1,0.9243,ai_heavy
1144,16,47,16356.3,19627.6,0.9192,ai_heavy
1145,17,47,15666.4,18799.7,0.9112,ai_heavy
1146,18,47,16315.9,19579.1,0.9009,ai_heavy
1147,19,47,16909.3,20291.1,0.889,ai_heavy
1148,20,47,15662.9,18795.4,0.8764,ai_heavy
1149,21,47,16104.9,19325.9,0.8638,ai_heavy
1150,22,47,15996.9,19196.2,0.8518,ai_heavy
1151,23,47,15811.6,18973.9,0.8409,ai_heavy
1152,0,48,16162.9,19395.5,0.8083,ai_heavy
1153,1,48,16269.4,19523.2,0.812,ai_heavy
1154,2,48,16280.8,19536.9,0.8171,ai_heavy
1155,3,48,15621.4,18745.6,0.8235,ai_heavy
1156,4,48,15322.8,18387.4,0.8314,ai_heavy
1157,5,48,16276.7,19532.1,0.8409,ai_heavy
1158,6,48,15939.4,19127.2,0.8518,ai_heavy
1159,7,48,17118.8,20542.5,0.8638,ai_heavy
1160,8,48,17184.6,20621.5,0.8764,ai_heavy
1161,9,48,17279.8,20735.8,0.889,ai_heavy
1162,10,48,15883.6,19060.3,0.9009,ai_heavy
1163,11,48,16657.8,19989.4,0.9112,ai_heavy
1164,12,48,16832.7,20199.2,0.9192,ai_heavy
1165,13,48,16794.1,20152.9,0.9243,ai_heavy
1166,14,48,16251.5,19501.8,0.926,ai_heavy
1167,15,48,17050.7,20460.8,0.9243,ai_heavy
1168,16,48,16404.3,19685.1,0.9192,ai_heavy
1169,17,48,16441.0,19729.2,0.9112,ai_heavy
1170,18,48,15590.5,18708.6,0.9009,ai_heavy
1171,19,48,16621.4,19945.7,0.889,ai_heavy
1172,20,48,16138.0,19365.6,0.8764,ai_heavy
1173,21,48,16450.2,19740.3,0.8638,ai_heavy
1174,22,48,16299.2,19559.0,0.8518,ai_heavy
1175,23,48,16237.3,19484.7,0.8409,ai_heavy
1176,0,49,16033.1,19239.7,0.8118,ai_heavy
1177,1,49,16451.9,19742.3,0.8172,ai_heavy
1178,2,49,15999.8,19199.8,0.8244,ai_heavy
1179,3,49,15421.7,18506.0,0.8335,ai_heavy
1180,4,49,16438.4,19726.1,0.8449,ai_heavy
1181,5,49,15813.3,18975.9,0.8584,ai_heavy
1182,6,49,15611.3,18733.6,0.874,ai_heavy
1183,7,49,15812.6,18975.1,0.8911,ai_heavy
1184,8,49,16510.6,19812.8,0.9092,ai_heavy
1185,9,49,16382.5,19659.0,0.9272,ai_heavy
1186,10,49,15430.4,18516.4,0.9441,ai_heavy
1187,11,49,16342.6,19611.2,0.9588,ai_heavy
1188,12,49,17151.3,20581.5,0.9703,ai_heavy
1189,13,49,16368.9,19642.7,0.9775,ai_heavy
1190,14,49,16519.3,19823.1,0.98,ai_heavy
1191,15,49,17112.8,20535.4,0.9775,ai_heavy
1192,16,49,16965.5,20358.6,0.9703,ai_heavy
1193,17,49,17039.7,20447.6,0.9588,ai_heavy
1194,18,49,15113.9,18136.7,0.9441,ai_heavy
1195,19,49,17284.5,20741.4,0.9272,ai_heavy
1196,20,49,16684.1,20020.9,0.9092,ai_heavy
1197,21,49,17500.0,21000.0,0.8911,ai_heavy
1198,22,49,15875.6,19050.7,0.874,ai_heavy
1199,23,49,15349.2,18419.0,0.8584,ai_heavy
1200,0,50,16058.6,19270.3,0.8118,ai_heavy
1201,1,50,15939.8,19127.8,0.8172,ai_heavy
1202,2,50,16411.5,19693.8,0.8244,ai_heavy
1203,3,50,16645.7,19974.8,0.8335,ai_heavy
1204,4,50,16120.2,19344.3,0.8449,ai_heavy
1205,5,50,16089.6,19307.5,0.8584,ai_heavy
1206,6,50,16512.1,19814.5,0.874,ai_heavy
1207,7,50,16187.4,19424.9,0.8911,ai_heavy
1208,8,50,16204.5,19445.4,0.9092,ai_heavy
1209,9,50,16941.3,20329.5,0.9272,ai_heavy
1210,10,50,17108.1,20529.7,0.9441,ai_heavy
1211,11,50,17070.6,20484.7,0.9588,ai_heavy
1212,12,50,16486.4,19783.7,0.9703,ai_heavy
1213,13,50,15528.4,18634.1,0.9775,ai_heavy
1214,14,50,16527.9,19833.4,0.98,ai_heavy
1215,15,50,16216.3,19459.5,0.9775,ai_heavy
1216,16,50,16505.6,19806.7,0.9703,ai_heavy
1217,17,50,16200.1,19440.1,0.9588,ai_heavy
1218,18,50,16474.8,19769.8,0.9441,ai_heavy
1219,19,50,15917.8,19101.4,0.9272,ai_heavy
1220,20,50,15742.5,18891.0,0.9092,ai_heavy
1221,21,50,16911.2,20293.5,0.8911,ai_heavy
1222,22,50,15784.3,18941.1,0.874,ai_heavy
1223,23,50,16206.7,19448.1,0.8584,ai_heavy
1224,0,51,16514.9,19817.8,0.8118,ai_heavy
1225,1,51,16513.5,19816.2,0.8172,ai_heavy
1226,2,51,16479.7,19775.6,0.8244,ai_heavy
1227,3,51,16272.2,19526.6,0.8335,ai_heavy
1228,4,51,16513.6,19816.3,0.8449,ai_heavy
1229,5,51,16874.2,20249.0,0.8584,ai_heavy
1230,6,51,16464.5,19757.3,0.874,ai_heavy
1231,7,51,15413.8,18496.5,0.8911,ai_heavy
1232,8,51,16111.9,19334.3,0.9092,ai_heavy
1233,9,51,16773.3,20128.0,0.9272,ai_heavy
1234,10,51,16175.0,19410.0,0.9441,ai_heavy
1235,11,51,17336.5,20803.8,0.9588,ai_heavy
1236,12,51,16538.6,19846.4,0.9703,ai_heavy
1237,13,51,16636.0,19963.2,0.9775,ai_heavy
1238,14,51,17161.8,20594.2,0.98,ai_heavy
1239,15,51,16502.6,19803.1,0.9775,ai_heavy
1240,16,51,16657.7,19989.2,0.9703,ai_heavy
1241,17,51,16978.9,20374.7,0.9588,ai_heavy
1242,18,51,15757.0,18908.4,0.9441,ai_heavy
1243,19,51,16289.4,19547.3,0.9272,ai_heavy
1244,20,51,16778.7,20134.5,0.9092,ai_heavy
1245,21,51,16345.0,19614.0,0.8911,ai_heavy
1246,22,51,16972.8,20367.4,0.874,ai_heavy
1247,23,51,15440.4,18528.5,0.8584,ai_heavy
1248,0,52,15241.1,18289.3,0.8118,ai_heavy
1249,1,52,16443.7,19732.5,0.8172,ai_heavy
1250,2,52,16513.9,19816.7,0.8244,ai_heavy
1251,3,52,16032.1,19238.6,0.8335,ai_heavy
1252,4,52,16356.7,19628.0,0.8449,ai_heavy
1253,5,52,16568.9,19882.7,0.8584,ai_heavy
1254,6,52,15860.2,19032.3,0.874,ai_heavy
1255,7,52,15967.0,19160.3,0.8911,ai_heavy
1256,8,52,16464.7,19757.6,0.9092,ai_heavy
1257,9,52,16875.7,20250.8,0.9272,ai_heavy
1258,10,52,15908.5,19090.2,0.9441,ai_heavy
1259,11,52,16434.7,19721.7,0.9588,ai_heavy
1260,12,52,16448.6,19738.4,0.9703,ai_heavy
1261,13,52,16801.7,20162.0,0.9775,ai_heavy
1262,14,52,16597.3,19916.8,0.98,ai_heavy
1263,15,52,16321.9,19586.2,0.9775,ai_heavy
1264,16,52,17190.7,20628.9,0.9703,ai_heavy
1265,17,52,16265.5,19518.6,0.9588,ai_heavy
1266,18,52,16340.6,19608.8,0.9441,ai_heavy
1267,19,52,15645.6,18774.7,0.9272,ai_heavy
1268,20,52,16021.0,19225.2,0.9092,ai_heavy
1269,21,52,16565.4,19878.5,0.8911,ai_heavy
1270,22,52,16413.5,19696.2,0.874,ai_heavy
1271,23,52,16498.1,19797.7,0.8584,ai_heavy
1272,0,53,16320.5,19584.6,0.8118,ai_heavy
1273,1,53,17079.3,20495.1,0.8172,ai_heavy
1274,2,53,15734.7,18881.7,0.8244,ai_heavy
1275,3,53,15342.2,18410.6,0.8335,ai_heavy
1276,4,53,15653.1,18783.8,0.8449,ai_heavy
1277,5,53,15864.5,19037.4,0.8584,ai_heavy
1278,6,53,15782.0,18938.4,0.874,ai_heavy
1279,7,53,16358.7,19630.5,0.8911,ai_heavy
1280,8,53,16986.7,20384.1,0.9092,ai_heavy
1281,9,53,17189.0,20626.7,0.9272,ai_heavy
1282,10,53,16734.5,20081.4,0.9441,ai_heavy
1283,11,53,17500.0,21000.0,0.9588,ai_heavy
1284,12,53,16392.9,19671.5,0.9703,ai_heavy
1285,13,53,15780.9,18937.1,0.9775,ai_heavy
1286,14,53,17126.2,20551.4,0.98,ai_heavy
1287,15,53,15678.3,18814.0,0.9775,ai_heavy
1288,16,53,16194.7,19433.7,0.9703,ai_heavy
1289,17,53,16790.9,20149.1,0.9588,ai_heavy
1290,18,53,16434.5,19721.4,0.9441,ai_heavy
1291,19,53,16335.9,19603.1,0.9272,ai_heavy
1292,20,53,15791.5,18949.9,0.9092,ai_heavy
1293,21,53,16307.6,19569.1,0.8911,ai_heavy
1294,22,53,16746.7,20096.0,0.874,ai_heavy
1295,23,53,16216.3,19459.6,0.8584,ai_heavy
1296,0,54,15644.0,18772.8,0.8083,ai_heavy
1297,1,54,15454.9,18545.9,0.812,ai_heavy
1298,2,54,15681.7,18818.1,0.8171,ai_heavy
1299,3,54,16282.4,19538.8,0.8235,ai_heavy
1300,4,54,16284.9,19541.9,0.8314,ai_heavy
1301,5,54,15761.8,18914.1,0.8409,ai_heavy
1302,6,54,15111.6,18133.9,0.8518,ai_heavy
1303,7,54,16428.4,19714.1,0.8638,ai_heavy
1304,8,54,15827.0,18992.4,0.8764,ai_heavy
1305,9,54,16643.1,19971.7,0.889,ai_heavy
1306,10,54,15973.8,19168.6,0.9009,ai_heavy
1307,11,54,15892.7,19071.2,0.9112,ai_heavy
1308,12,54,16479.4,19775.3,0.9192,ai_heavy
1309,13,54,17500.0,21000.0,0.9243,ai_heavy
1310,14,54,16795.3,20154.3,0.926,ai_heavy
1311,15,54,16487.6,19785.1,0.9243,ai_heavy
1312,16,54,16580.6,19896.8,0.9192,ai_heavy
1313,17,54,15517.7,18621.2,0.9112,ai_heavy
1314,18,54,15794.2,18953.1,0.9009,ai_heavy
1315,19,54,15077.7,18093.3,0.889,ai_heavy
1316,20,54,17109.1,20531.0,0.8764,ai_heavy
1317,21,54,16967.4,20360.9,0.8638,ai_heavy
1318,22,54,16375.8,19650.9,0.8518,ai_heavy
1319,23,54,16215.1,19458.1,0.8409,ai_heavy
1320,0,55,15296.8,18356.1,0.8083,ai_heavy
1321,1,55,15950.2,19140.2,0.812,ai_heavy
1322,2,55,16936.3,20323.6,0.8171,ai_heavy
1323,3,55,16156.4,19387.7,0.8235,ai_heavy
1324,4,55,15845.7,19014.9,0.8314,ai_heavy
1325,5,55,15297.8,18357.4,0.8409,ai_heavy
1326,6,55,16855.2,20226.3,0.8518,ai_heavy
1327,7,55,16189.9,19427.9,0.8638,ai_heavy
1328,8,55,15407.8,18489.4,0.8764,ai_heavy
1329,9,55,15853.9,19024.7,0.889,ai_heavy
1330,10,55,15718.1,18861.8,0.9009,ai_heavy
1331,11,55,16313.3,19576.0,0.9112,ai_heavy
1332,12,55,16506.1,19807.3,0.9192,ai_heavy
1333,13,55,16172.6,19407.2,0.9243,ai_heavy
1334,14,55,16809.1,20170.9,0.926,ai_heavy
1335,15,55,16459.3,19751.2,0.9243,ai_heavy
1336,16,55,16926.8,20312.2,0.9192,ai_heavy
1337,17,55,16202.5,19443.1,0.9112,ai_heavy
1338,18,55,17500.0,21000.0,0.9009,ai_heavy
1339,19,55,16029.9,19235.9,0.889,ai_heavy
1340,20,55,15824.3,18989.1,0.8764,ai_heavy
1341,21,55,15724.5,18869.4,0.8638,ai_heavy
1342,22,55,16082.6,19299.1,0.8518,ai_heavy
1343,23,55,15316.5,18379.8,0.8409,ai_heavy
1344,0,56,16197.0,19436.4,0.8118,ai_heavy
1345,1,56,15153.9,18184.7,0.8172,ai_heavy
1346,2,56,16173.9,19408.7,0.8244,ai_heavy
1347,3,56,15471.9,18566.3,0.8335,ai_heavy
1348,4,56,15977.7,19173.2,0.8449,ai_heavy
1349,5,56,16500.5,19800.6,0.8584,ai_heavy
1350,6,56,17380.9,20857.1,0.874,ai_heavy
1351,7,56,15785.3,18942.4,0.8911,ai_heavy
1352,8,56,16297.7,19557.2,0.9092,ai_heavy
1353,9,56,16073.3,19288.0,0.9272,ai_heavy
1354,10,56,16054.9,19265.9,0.9441,ai_heavy
1355,11,56,16178.3,19414.0,0.9588,ai_heavy
1356,12,56,16979.7,20375.6,0.9703,ai_heavy
1357,13,56,16350.6,19620.8,0.9775,ai_heavy
1358,14,56,17500.0,21000.0,0.98,ai_heavy
1359,15,56,16800.7,20160.8,0.9775,ai_heavy
1360,16,56,16068.0,19281.6,0.9703,ai_heavy
1361,17,56,16351.0,19621.3,0.9588,ai_heavy
1362,18,56,16088.5,19306.3,0.9441,ai_heavy
1363,19,56,16824.4,20189.3,0.9272,ai_heavy
1364,20,56,15566.6,18679.9,0.9092,ai_heavy
1365,21,56,15656.6,18788.0,0.8911,ai_heavy
1366,22,56,15968.7,19162.4,0.874,ai_heavy
1367,23,56,16538.6,19846.4,0.8584,ai_heavy
1368,0,57,16649.0,19978.8,0.8118,ai_heavy
1369,1,57,16738.3,20085.9,0.8172,ai_heavy
1370,2,57,16351.7,19622.0,0.8244,ai_heavy
1371,3,57,16085.5,19302.6,0.8335,ai_heavy
1372,4,57,16547.8,19857.4,0.8449,ai_heavy
1373,5,57,15650.1,18780.2,0.8584,ai_heavy
1374,6,57,15357.5,18429.0,0.874,ai_heavy
1375,7,57,16526.6,19831.9,0.8911,ai_heavy
1376,8,57,15877.6,19053.1,0.9092,ai_heavy
1377,9,57,16397.9,19677.4,0.9272,ai_heavy
1378,10,57,16544.3,19853.1,0.9441,ai_heavy
1379,11,57,16656.0,19987.2,0.9588,ai_heavy
1380,12,57,17036.2,20443.5,0.9703,ai_heavy
1381,13,57,17007.8,20409.4,0.9775,ai_heavy
1382,14,57,16698.8,20038.5,0.98,ai_heavy
1383,15,57,16373.6,19648.3,0.9775,ai_heavy
1384,16,57,16623.6,19948.3,0.9703,ai_heavy
1385,17,57,16237.2,19484.7,0.9588,ai_heavy
1386,18,57,16388.0,19665.5,0.9441,ai_heavy
1387,19,57,17500.0,21000.0,0.9272,ai_heavy
1388,20,57,16461.0,19753.2,0.9092,ai_heavy
1389,21,57,16533.2,19839.9,0.8911,ai_heavy
1390,22,57,15913.1,19095.7,0.874,ai_heavy
1391,23,57,16702.5,20043.1,0.8584,ai_heavy
1392,0,58,16421.3,19705.6,0.8118,ai_heavy
1393,1,58,16442.6,19731.1,0.8172,ai_heavy
1394,2,58,16199.6,19439.5,0.8244,ai_heavy
1395,3,58,16625.9,19951.1,0.8335,ai_heavy
1396,4,58,16779.1,20135.0,0.8449,ai_heavy
1397,5,58,16344.2,19613.1,0.8584,ai_heavy
1398,6,58,16201.3,19441.5,0.874,ai_heavy
1399,7,58,16750.7,20100.8,0.8911,ai_heavy
1400,8,58,15927.4,19112.9,0.9092,ai_heavy
1401,9,58,16076.2,19291.4,0.9272,ai_heavy
1402,10,58,16458.7,19750.5,0.9441,ai_heavy
1403,11,58,15669.2,18803.1,0.9588,ai_heavy
1404,12,58,16981.5,20377.7,0.9703,ai_heavy
1405,13,58,16114.3,19337.1,0.9775,ai_heavy
1406,14,58,16366.8,19640.2,0.98,ai_heavy
1407,15,58,16487.4,19784.9,0.9775,ai_heavy
1408,16,58,16589.6,19907.5,0.9703,ai_heavy
1409,17,58,16362.5,19635.0,0.9588,ai_heavy
1410,18,58,16451.8,19742.1,0.9441,ai_heavy
1411,19,58,16400.7,19680.8,0.9272,ai_heavy
1412,20,58,16151.9,19382.3,0.9092,ai_heavy
1413,21,58,15934.5,19121.4,0.8911,ai_heavy
1414,22,58,16784.6,20141.5,0.874,ai_heavy
1415,23,58,15183.4,18220.1,0.8584,ai_heavy
1416,0,59,15956.0,19147.2,0.8118,ai_heavy
1417,1,59,15846.5,19015.8,0.8172,ai_heavy
1418,2,59,16298.1,19557.7,0.8244,ai_heavy
1419,3,59,15422.1,18506.5,0.8335,ai_heavy
1420,4,59,15920.2,19104.2,0.8449,ai_heavy
1421,5,59,16156.8,19388.2,0.8584,ai_heavy
1422,6,59,16779.1,20134.9,0.874,ai_heavy
1423,7,59,16475.4,19770.5,0.8911,ai_heavy
1424,8,59,15790.2,18948.3,0.9092,ai_heavy
1425,9,59,16189.8,19427.7,0.9272,ai_heavy
1426,10,59,16923.3,20308.0,0.9441,ai_heavy
1427,11,59,15937.4,19124.8,0.9588,ai_heavy
1428,12,59,16531.0,19837.2,0.9703,ai_heavy
1429,13,59,16589.1,19906.9,0.9775,ai_heavy
1430,14,59,16409.5,19691.4,0.98,ai_heavy
1431,15,59,17500.0,21000.0,0.9775,ai_heavy
1432,16,59,16364.9,19637.9,0.9703,ai_heavy
1433,17,59,16756.0,20107.2,0.9588,ai_heavy
1434,18,59,16106.1,19327.3,0.9441,ai_heavy
1435,19,59,16690.2,20028.2,0.9272,ai_heavy
1436,20,59,16799.2,20159.0,0.9092,ai_heavy
1437,21,59,16025.1,19230.2,0.8911,ai_heavy
1438,22,59,16230.5,19476.6,0.874,ai_heavy
1439,23,59,15771.3,18925.6,0.8584,ai_heavy
1440,0,60,15503.9,18604.7,0.8118,ai_heavy
1441,1,60,16572.5,19887.0,0.8172,ai_heavy
1442,2,60,15828.3,18994.0,0.8244,ai_heavy
1443,3,60,14958.0,17949.6,0.8335,ai_heavy
1444,4,60,17018.5,20422.2,0.8449,ai_heavy
1445,5,60,15816.6,18979.9,0.8584,ai_heavy
1446,6,60,16137.0,19364.4,0.874,ai_heavy
1447,7,60,17115.9,20539.1,0.8911,ai_heavy
1448,8,60,16301.9,19562.2,0.9092,ai_heavy
1449,9,60,16349.5,19619.5,0.9272,ai_heavy
1450,10,60,15877.7,19053.2,0.9441,ai_heavy
1451,11,60,15722.1,18866.5,0.9588,ai_heavy
1452,12,60,16487.3,19784.8,0.9703,ai_heavy
1453,13,60,16774.2,20129.0,0.9775,ai_heavy
1454,14,60,16753.8,20104.6,0.98,ai_heavy
1455,15,60,16354.0,19624.8,0.9775,ai_heavy
1456,16,60,16580.1,19896.1,0.9703,ai_heavy
1457,17,60,15621.7,18746.0,0.9588,ai_heavy
1458,18,60,16712.7,20055.2,0.9441,ai_heavy
1459,19,60,16509.6,19811.5,0.9272,ai_heavy
1460,20,60,17340.8,20809.0,0.9092,ai_heavy
1461,21,60,16316.5,19579.8,0.8911,ai_heavy
1462,22,60,15797.4,18956.9,0.874,ai_heavy
1463,23,60,16181.9,19418.3,0.8584,ai_heavy
1464,0,61,15885.8,19063.0,0.8083,ai_heavy
1465,1,61,16265.2,19518.3,0.812,ai_heavy
1466,2,61,16085.1,19302.1,0.8171,ai_heavy
1467,3,61,15484.7,18581.6,0.8235,ai_heavy
1468,4,61,15327.8,18393.3,0.8314,ai_heavy
1469,5,61,16277.0,19532.4,0.8409,ai_heavy
1470,6,61,16856.6,20227.9,0.8518,ai_heavy
1471,7,61,16262.6,19515.2,0.8638,ai_heavy
1472,8,61,16661.9,19994.3,0.8764,ai_heavy
1473,9,61,16801.5,20161.8,0.889,ai_heavy
1474,10,61,16475.4,19770.5,0.9009,ai_heavy
1475,11,61,15977.9,19173.4,0.9112,ai_heavy
1476,12,61,16500.2,19800.2,0.9192,ai_heavy
1477,13,61,17015.1,20418.2,0.9243,ai_heavy
1478,14,61,16687.3,20024.7,0.926,ai_heavy
1479,15,61,16789.1,20146.9,0.9243,ai_heavy
1480,16,61,16176.4,19411.7,0.9192,ai_heavy
1481,17,61,16278.6,19534.3,0.9112,ai_heavy
1482,18,61,16286.4,19543.6,0.9009,ai_heavy
1483,19,61,16280.9,19537.1,0.889,ai_heavy
1484,20,61,16834.9,20201.9,0.8764,ai_heavy
1485,21,61,15081.6,18097.9,0.8638,ai_heavy
1486,22,61,16199.8,19439.8,0.8518,ai_heavy
1487,23,61,16111.1,19333.3,0.8409,ai_heavy
1488,0,62,15383.5,18460.2,0.8083,ai_heavy
1489,1,62,16379.4,19655.3,0.812,ai_heavy
1490,2,62,15722.8,18867.3,0.8171,ai_heavy
1491,3,62,15920.6,19104.7,0.8235,ai_heavy
1492,4,62,17012.8,20415.3,0.8314,ai_heavy
1493,5,62,16638.9,19966.7,0.8409,ai_heavy
1494,6,62,16464.0,19756.8,0.8518,ai_heavy
1495,7,62,16409.3,19691.2,0.8638,ai_heavy
1496,8,62,16184.7,19421.6,0.8764,ai_heavy
1497,9,62,17284.1,20740.9,0.889,ai_heavy
1498,10,62,16737.9,20085.5,0.9009,ai_heavy
1499,11,62,16009.8,19211.7,0.9112,ai_heavy
1500,12,62,15715.0,18858.0,0.9192,ai_heavy
1501,13,62,16699.8,20039.7,0.9243,ai_heavy
1502,14,62,16398.6,19678.4,0.926,ai_heavy
1503,15,62,15716.6,18859.9,0.9243,ai_heavy
1504,16,62,16615.0,19937.9,0.9192,ai_heavy
1505,17,62,16245.9,19495.0,0.9112,ai_heavy
1506,18,62,16604.8,19925.7,0.9009,ai_heavy
1507,19,62,16522.1,19826.6,0.889,ai_heavy
1508,20,62,15968.2,19161.9,0.8764,ai_heavy
1509,21,62,16532.0,19838.4,0.8638,ai_heavy
1510,22,62,15943.3,19131.9,0.8518,ai_heavy
1511,23,62,15939.9,19127.9,0.8409,ai_heavy
1512,0,63,15798.7,18958.5,0.8118,ai_heavy
1513,1,63,16617.9,19941.5,0.8172,ai_heavy
1514,2,63,15960.4,19152.4,0.8244,ai_heavy
1515,3,63,16789.6,20147.5,0.8335,ai_heavy
1516,4,63,17027.3,20432.8,0.8449,ai_heavy
1517,5,63,15847.4,19016.9,0.8584,ai_heavy
1518,6,63,14832.6,17799.1,0.874,ai_heavy
1519,7,63,16824.0,20188.8,0.8911,ai_heavy
1520,8,63,16203.5,19444.2,0.9092,ai_heavy
1521,9,63,16003.1,19203.7,0.9272,ai_heavy
1522,10,63,16193.9,19432.7,0.9441,ai_heavy
1523,11,63,16327.2,19592.6,0.9588,ai_heavy
1524,12,63,17214.9,20657.9,0.9703,ai_heavy
1525,13,63,16673.2,20007.8,0.9775,ai_heavy
1526,14,63,17241.0,20689.2,0.98,ai_heavy
1527,15,63,16839.6,20207.5,0.9775,ai_heavy
1528,16,63,16416.3,19699.6,0.9703,ai_heavy
1529,17,63,16339.3,19607.2,0.9588,ai_heavy
1530,18,63,16762.8,20115.4,0.9441,ai_heavy
1531,19,63,16834.4,20201.3,0.9272,ai_heavy
1532,20,63,16861.1,20233.3,0.9092,ai_heavy
1533,21,63,16184.9,19421.9,0.8911,ai_heavy
1534,22,63,16342.6,19611.1,0.874,ai_heavy
1535,23,63,16490.5,19788.7,0.8584,ai_heavy
1536,0,64,15870.2,19044.2,0.8118,ai_heavy
1537,1,64,15525.4,18630.4,0.8172,ai_heavy
1538,2,64,15706.5,18847.8,0.8244,ai_heavy
1539,3,64,16009.0,19210.8,0.8335,ai_heavy
1540,4,64,16483.6,19780.4,0.8449,ai_heavy
1541,5,64,16818.7,20182.4,0.8584,ai_heavy
1542,6,64,15595.8,18715.0,0.874,ai_heavy
1543,7,64,16020.5,19224.6,0.8911,ai_heavy
1544,8,64,16195.7,19434.9,0.9092,ai_heavy
1545,9,64,16821.8,20186.1,0.9272,ai_heavy
1546,10,64,16223.9,19468.7,0.9441,ai_heavy
1547,11,64,16319.8,19583.7,0.9588,ai_heavy
1548,12,64,15868.1,19041.8,0.9703,ai_heavy
1549,13,64,16834.2,20201.1,0.9775,ai_heavy
1550,14,64,16521.3,19825.5,0.98,ai_heavy
1551,15,64,16268.0,19521.6,0.9775,ai_heavy
1552,16,64,16441.0,19729.3,0.9703,ai_heavy
1553,17,64,17091.9,20510.3,0.9588,ai_heavy
1554,18,64,15988.1,19185.8,0.9441,ai_heavy
1555,19,64,16015.2,19218.2,0.9272,ai_heavy
1556,20,64,16986.5,20383.8,0.9092,ai_heavy
1557,21,64,16350.0,19619.9,0.8911,ai_heavy
1558,22,64,16583.8,19900.6,0.874,ai_heavy
1559,23,64,16401.9,19682.3,0.8584,ai_heavy
1560,0,65,16038.1,19245.7,0.8118,ai_heavy
1561,1,65,15904.7,19085.6,0.8172,ai_heavy
1562,2,65,16497.4,19796.9,0.8244,ai_heavy
1563,3,65,16687.9,20025.5,0.8335,ai_heavy
1564,4,65,16688.2,20025.9,0.8449,ai_heavy
1565,5,65,15630.2,18756.3,0.8584,ai_heavy
1566,6,65,16893.6,20272.3,0.874,ai_heavy
1567,7,65,16137.7,19365.2,0.8911,ai_heavy
1568,8,65,16000.7,19200.8,0.9092,ai_heavy
1569,9,65,16346.6,19615.9,0.9272,ai_heavy
1570,10,65,16896.1,20275.4,0.9441,ai_heavy
1571,11,65,16801.0,20161.2,0.9588,ai_heavy
1572,12,65,16443.1,19731.7,0.9703,ai_heavy
1573,13,65,17010.6,20412.7,0.9775,ai_heavy
1574,14,65,16671.3,20005.6,0.98,ai_heavy
1575,15,65,16308.4,19570.0,0.9775,ai_heavy
1576,16,65,16218.1,19461.7,0.9703,ai_heavy
1577,17,65,16736.4,20083.7,0.9588,ai_heavy
1578,18,65,16444.3,19733.1,0.9441,ai_heavy
1579,19,65,15752.1,18902.5,0.9272,ai_heavy
1580,20,65,16787.6,20145.1,0.9092,ai_heavy
1581,21,65,16077.8,19293.4,0.8911,ai_heavy
1582,22,65,17033.7,20440.4,0.874,ai_heavy
1583,23,65,15524.5,18629.3,0.8584,ai_heavy
1584,0,66,15968.1,19161.7,0.8118,ai_heavy
1585,1,66,15735.1,18882.1,0.8172,ai_heavy
1586,2,66,15624.8,18749.8,0.8244,ai_heavy
1587,3,66,15890.1,19068.2,0.8335,ai_heavy
1588,4,66,17021.0,20425.3,0.8449,ai_heavy
1589,5,66,16276.3,19531.6,0.8584,ai_heavy
1590,6,66,15871.0,19045.2,0.874,ai_heavy
1591,7,66,15418.0,18501.6,0.8911,ai_heavy
1592,8,66,15526.0,18631.3,0.9092,ai_heavy
1593,9,66,16165.6,19398.8,0.9272,ai_heavy
1594,10,66,16171.7,19406.0,0.9441,ai_heavy
1595,11,66,16421.8,19706.2,0.9588,ai_heavy
1596,12,66,15440.5,18528.7,0.9703,ai_heavy
1597,13,66,16548.0,19857.5,0.9775,ai_heavy
1598,14,66,17113.5,20536.2,0.98,ai_heavy
1599,15,66,17401.5,20881.8,0.9775,ai_heavy
1600,16,66,15628.3,18754.0,0.9703,ai_heavy
1601,17,66,16135.4,19362.5,0.9588,ai_heavy
1602,18,66,16062.6,19275.2,0.9441,ai_heavy
1603,19,66,16501.9,19802.3,0.9272,ai_heavy
1604,20,66,15772.4,18926.9,0.9092,ai_heavy
1605,21,66,17136.1,20563.4,0.8911,ai_heavy
1606,22,66,16278.4,19534.1,0.874,ai_heavy
1607,23,66,16146.7,19376.1,0.8584,ai_heavy
1608,0,67,16822.3,20186.7,0.8118,ai_heavy
1609,1,67,16064.9,19277.8,0.8172,ai_heavy
1610,2,67,16289.1,19547.0,0.8244,ai_heavy
1611,3,67,15762.4,18914.9,0.8335,ai_heavy
1612,4,67,15498.0,18597.6,0.8449,ai_heavy
1613,5,67,15909.8,19091.8,0.8584,ai_heavy
1614,6,67,17323.8,20788.5,0.874,ai_heavy
1615,7,67,16622.7,19947.2,0.8911,ai_heavy
1616,8,67,16506.3,19807.6,0.9092,ai_heavy
1617,9,67,15948.8,19138.6,0.9272,ai_heavy
1618,10,67,16935.8,20322.9,0.9441,ai_heavy
1619,11,67,15859.5,19031.4,0.9588,ai_heavy
1620,12,67,15791.1,18949.3,0.9703,ai_heavy
1621,13,67,16315.4,19578.5,0.9775,ai_heavy
1622,14,67,17500.0,21000.0,0.98,ai_heavy
1623,15,67,17500.0,21000.0,0.9775,ai_heavy
1624,16,67,16345.7,19614.9,0.9703,ai_heavy
1625,17,67,16198.5,19438.2,0.9588,ai_heavy
1626,18,67,15673.9,18808.6,0.9441,ai_heavy
1627,19,67,16468.5,19762.2,0.9272,ai_heavy
1628,20,67,16451.1,19741.3,0.9092,ai_heavy
1629,21,67,16699.3,20039.1,0.8911,ai_heavy
1630,22,67,16701.3,20041.6,0.874,ai_heavy
1631,23,67,16110.6,19332.7,0.8584,ai_heavy
1632,0,68,16311.2,19573.4,0.8083,ai_heavy
1633,1,68,15718.3,18862.0,0.812,ai_heavy
1634,2,68,16331.0,19597.2,0.8171,ai_heavy
1635,3,68,15848.1,19017.7,0.8235,ai_heavy
1636,4,68,16341.0,19609.1,0.8314,ai_heavy
1637,5,68,16333.0,19599.6,0.8409,ai_heavy
1638,6,68,16218.4,19462.1,0.8518,ai_heavy
1639,7,68,16610.7,19932.9,0.8638,ai_heavy
1640,8,68,15498.8,18598.5,0.8764,ai_heavy
1641,9,68,15785.1,18942.1,0.889,ai_heavy
1642,10,68,16212.1,19454.6,0.9009,ai_heavy
1643,11,68,15668.9,18802.7,0.9112,ai_heavy
1644,12,68,16203.8,19444.6,0.9192,ai_heavy
1645,13,68,16236.0,19483.2,0.9243,ai_heavy
1646,14,68,17071.6,20485.9,0.926,ai_heavy
1647,15,68,16490.7,19788.9,0.9243,ai_heavy
1648,16,68,16910.6,20292.8,0.9192,ai_heavy
1649,17,68,16526.3,19831.5,0.9112,ai_heavy
1650,18,68,16081.9,19298.3,0.9009,ai_heavy
1651,19,68,16371.5,19645.7,0.889,ai_heavy
1652,20,68,16621.0,19945.2,0.8764,ai_heavy
1653,21,68,16804.9,20165.8,0.8638,ai_heavy
1654,22,68,16120.8,19344.9,0.8518,ai_heavy
1655,23,68,15351.4,18421.7,0.8409,ai_heavy
1656,0,69,15216.8,18260.1,0.8083,ai_heavy
1657,1,69,15898.6,19078.3,0.812,ai_heavy
1658,2,69,14944.8,17933.8,0.8171,ai_heavy
1659,3,69,16959.6,20351.5,0.8235,ai_heavy
1660,4,69,16407.4,19688.9,0.8314,ai_heavy
1661,5,69,15841.6,19010.0,0.8409,ai_heavy
1662,6,69,15646.2,18775.5,0.8518,ai_heavy
1663,7,69,16724.4,20069.3,0.8638,ai_heavy
1664,8,69,15721.6,18866.0,0.8764,ai_heavy
1665,9,69,15807.9,18969.5,0.889,ai_heavy
1666,10,69,15969.0,19162.8,0.9009,ai_heavy
1667,11,69,16434.1,19720.9,0.9112,ai_heavy
1668,12,69,16709.5,20051.5,0.9192,ai_heavy
1669,13,69,17008.0,20409.7,0.9243,ai_heavy
1670,14,69,16941.1,20329.3,0.926,ai_heavy
1671,15,69,16420.9,19705.1,0.9243,ai_heavy
1672,16,69,16906.3,20287.5,0.9192,ai_heavy
1673,17,69,16048.4,19258.0,0.9112,ai_heavy
1674,18,69,15451.7,18542.1,0.9009,ai_heavy
1675,19,69,15977.7,19173.3,0.889,ai_heavy
1676,20,69,15871.6,19046.0,0.8764,ai_heavy
1677,21,69,15916.4,19099.7,0.8638,ai_heavy
1678,22,69,15719.2,18863.0,0.8518,ai_heavy
1679,23,69,15926.2,19111.5,0.8409,ai_heavy
1680,0,70,16353.8,19624.5,0.8118,ai_heavy
1681,1,70,16899.7,20279.6,0.8172,ai_heavy
1682,2,70,15262.7,18315.3,0.8244,ai_heavy
1683,3,70,15502.7,18603.2,0.8335,ai_heavy
1684,4,70,15778.8,18934.5,0.8449,ai_heavy
1685,5,70,16578.9,19894.7,0.8584,ai_heavy
1686,6,70,16157.2,19388.7,0.874,ai_heavy
1687,7,70,15958.5,19150.2,0.8911,ai_heavy
1688,8,70,16723.5,20068.2,0.9092,ai_heavy
1689,9,70,16901.5,20281.8,0.9272,ai_heavy
1690,10,70,16475.8,19771.0,0.9441,ai_heavy
1691,11,70,16128.1,19353.7,0.9588,ai_heavy
1692,12,70,16704.4,20045.3,0.9703,ai_heavy
1693,13,70,16477.5,19773.0,0.9775,ai_heavy
1694,14,70,16481.6,19778.0,0.98,ai_heavy
1695,15,70,16338.5,19606.2,0.9775,ai_heavy
1696,16,70,17029.9,20435.8,0.9703,ai_heavy
1697,17,70,16656.9,19988.2,0.9588,ai_heavy
1698,18,70,16997.3,20396.8,0.9441,ai_heavy
1699,19,70,17088.7,20506.5,0.9272,ai_heavy
1700,20,70,16596.9,19916.3,0.9092,ai_heavy
1701,21,70,16065.0,19278.0,0.8911,ai_heavy
1702,22,70,16764.6,20117.5,0.874,ai_heavy
1703,23,70,16433.0,19719.6,0.8584,ai_heavy
1704,0,71,17309.0,20770.8,0.8118,ai_heavy
1705,1,71,16222.1,19466.6,0.8172,ai_heavy
1706,2,71,16432.7,19719.3,0.8244,ai_heavy
1707,3,71,16266.1,19519.4,0.8335,ai_heavy
1708,4,71,16114.5,19337.4,0.8449,ai_heavy
1709,5,71,16080.8,19296.9,0.8584,ai_heavy
1710,6,71,16400.7,19680.8,0.874,ai_heavy
1711,7,71,16567.9,19881.5,0.8911,ai_heavy
1712,8,71,16938.5,20326.2,0.9092,ai_heavy
1713,9,71,16582.3,19898.7,0.9272,ai_heavy
1714,10,71,16256.2,19507.4,0.9441,ai_heavy
1715,11,71,16370.8,19645.0,0.9588,ai_heavy
1716,12,71,15912.4,19094.9,0.9703,ai_heavy
1717,13,71,17420.6,20904.7,0.9775,ai_heavy
1718,14,71,16332.1,19598.6,0.98,ai_heavy
1719,15,71,17075.2,20490.2,0.9775,ai_heavy
1720,16,71,16707.5,20049.0,0.9703,ai_heavy
1721,17,71,16683.6,20020.3,0.9588,ai_heavy
1722,18,71,16427.0,19712.4,0.9441,ai_heavy
1723,19,71,16041.7,19250.1,0.9272,ai_heavy
1724,20,71,15895.8,19075.0,0.9092,ai_heavy
1725,21,71,17158.8,20590.5,0.8911,ai_heavy
1726,22,71,16312.7,19575.3,0.874,ai_heavy
1727,23,71,16753.7,20104.4,0.8584,ai_heavy
1728,0,72,16722.2,20066.6,0.8118,ai_heavy
1729,1,72,15874.5,19049.4,0.8172,ai_heavy
1730,2,72,16300.3,19560.4,0.8244,ai_heavy
1731,3,72,16147.4,19376.9,0.8335,ai_heavy
1732,4,72,15601.4,18721.7,0.8449,ai_heavy
1733,5,72,16116.4,19339.7,0.8584,ai_heavy
1734,6,72,16543.7,19852.4,0.874,ai_heavy
1735,7,72,16068.7,19282.4,0.8911,ai_heavy
1736,8,72,16211.9,19454.3,0.9092,ai_heavy
1737,9,72,16344.6,19613.5,0.9272,ai_heavy
1738,10,72,17500.0,21000.0,0.9441,ai_heavy
1739,11,72,15623.3,18747.9,0.9588,ai_heavy
1740,12,72,16819.4,20183.3,0.9703,ai_heavy
1741,13,72,16467.5,19761.0,0.9775,ai_heavy
1742,14,72,16282.6,19539.1,0.98,ai_heavy
1743,15,72,16455.3,19746.3,0.9775,ai_heavy
1744,16,72,16901.8,20282.2,0.9703,ai_heavy
1745,17,72,16892.3,20270.7,0.9588,ai_heavy
1746,18,72,16577.1,19892.5,0.9441,ai_heavy
1747,19,72,16968.7,20362.4,0.9272,ai_heavy
1748,20,72,16994.7,20393.6,0.9092,ai_heavy
1749,21,72,16712.4,20054.9,0.8911,ai_heavy
1750,22,72,15990.8,19188.9,0.874,ai_heavy
1751,23,72,16447.0,19736.4,0.8584,ai_heavy
1752,0,73,16295.6,19554.7,0.8118,ai_heavy
1753,1,73,15679.3,18815.2,0.8172,ai_heavy
1754,2,73,15338.0,18405.6,0.8244,ai_heavy
1755,3,73,15147.1,18176.5,0.8335,ai_heavy
1756,4,73,16196.4,19435.7,0.8449,ai_heavy
1757,5,73,16351.5,19621.8,0.8584,ai_heavy
1758,6,73,15680.8,18817.0,0.874,ai_heavy
1759,7,73,16824.8,20189.7,0.8911,ai_heavy
1760,8,73,16446.2,19735.5,0.9092,ai_heavy
1761,9,73,17095.2,20514.2,0.9272,ai_heavy
1762,10,73,16668.3,20002.0,0.9441,ai_heavy
1763,11,73,16004.0,19204.8,0.9588,ai_heavy
1764,12,73,16797.9,20157.4,0.9703,ai_heavy
1765,13,73,16927.2,20312.6,0.9775,ai_heavy
1766,14,73,16328.9,19594.7,0.98,ai_heavy
1767,15,73,15875.7,19050.9,0.9775,ai_heavy
1768,16,73,16619.9,19943.9,0.9703,ai_heavy
1769,17,73,16036.5,19243.8,0.9588,ai_heavy
1770,18,73,17039.4,20447.3,0.9441,ai_heavy
1771,19,73,16229.4,19475.2,0.9272,ai_heavy
1772,20,73,17218.5,20662.2,0.9092,ai_heavy
1773,21,73,15273.3,18328.0,0.8911,ai_heavy
1774,22,73,16322.9,19587.5,0.874,ai_heavy
1775,23,73,16901.6,20281.9,0.8584,ai_heavy
1776,0,74,15626.3,18751.6,0.8118,ai_heavy
1777,1,74,15995.8,19195.0,0.8172,ai_heavy
1778,2,74,15901.2,19081.5,0.8244,ai_heavy
1779,3,74,15794.8,18953.8,0.8335,ai_heavy
1780,4,74,16281.1,19537.4,0.8449,ai_heavy
1781,5,74,15576.8,18692.1,0.8584,ai_heavy
1782,6,74,16203.0,19443.7,0.874,ai_heavy
1783,7,74,16565.4,19878.5,0.8911,ai_heavy
1784,8,74,16265.8,19519.0,0.9092,ai_heavy
1785,9,74,15937.1,19124.5,0.9272,ai_heavy
1786,10,74,16994.6,20393.5,0.9441,ai_heavy
1787,11,74,16895.1,20274.2,0.9588,ai_heavy
1788,12,74,16052.5,19263.0,0.9703,ai_heavy
1789,13,74,15949.4,19139.3,0.9775,ai_heavy
1790,14,74,16127.6,19353.1,0.98,ai_heavy
1791,15,74,16865.0,20238.0,0.9775,ai_heavy
1792,16,74,16707.0,20048.4,0.9703,ai_heavy
1793,17,74,16924.8,20309.8,0.9588,ai_heavy
1794,18,74,16323.8,19588.6,0.9441,ai_heavy
1795,19,74,15974.3,19169.1,0.9272,ai_heavy
1796,20,74,16822.8,20187.3,0.9092,ai_heavy
1797,21,74,16042.0,19250.4,0.8911,ai_heavy
1798,22,74,16348.1,19617.8,0.874,ai_heavy
1799,23,74,15453.0,18543.6,0.8584,ai_heavy
1800,0,75,15769.3,18923.2,0.8083,ai_heavy
1801,1,75,16542.0,19850.4,0.812,ai_heavy
1802,2,75,15726.7,18872.1,0.8171,ai_heavy
1803,3,75,16486.2,19783.4,0.8235,ai_heavy
1804,4,75,14991.6,17989.9,0.8314,ai_heavy
1805,5,75,15878.6,19054.3,0.8409,ai_heavy
1806,6,75,16101.8,19322.2,0.8518,ai_heavy
1807,7,75,17072.1,20486.6,0.8638,ai_heavy
1808,8,75,15694.6,18833.5,0.8764,ai_heavy
1809,9,75,16634.3,19961.1,0.889,ai_heavy
1810,10,75,16862.8,20235.4,0.9009,ai_heavy
1811,11,75,16023.6,19228.3,0.9112,ai_heavy
1812,12,75,16220.2,19464.3,0.9192,ai_heavy
1813,13,75,16490.3,19788.3,0.9243,ai_heavy
1814,14,75,15696.1,18835.3,0.926,ai_heavy
1815,15,75,16196.3,19435.6,0.9243,ai_heavy
1816,16,75,17032.0,20438.4,0.9192,ai_heavy
1817,17,75,16634.9,19961.8,0.9112,ai_heavy
1818,18,75,16267.7,19521.2,0.9009,ai_heavy
1819,19,75,16361.4,19633.6,0.889,ai_heavy
1820,20,75,16548.5,19858.2,0.8764,ai_heavy
1821,21,75,16600.0,19920.0,0.8638,ai_heavy
1822,22,75,15914.8,19097.8,0.8518,ai_heavy
1823,23,75,16893.2,20271.8,0.8409,ai_heavy
1824,0,76,16677.2,20012.6,0.8083,ai_heavy
1825,1,76,16382.0,19658.5,0.812,ai_heavy
1826,2,76,15665.6,18798.8,0.8171,ai_heavy
1827,3,76,15600.4,18720.5,0.8235,ai_heavy
1828,4,76,15960.8,19153.0,0.8314,ai_heavy
1829,5,76,16179.1,19414.9,0.8409,ai_heavy
1830,6,76,15326.3,18391.6,0.8518,ai_heavy
1831,7,76,16464.8,19757.7,0.8638,ai_heavy
1832,8,76,16893.3,20271.9,0.8764,ai_heavy
1833,9,76,16588.0,19905.6,0.889,ai_heavy
1834,10,76,16013.1,19215.7,0.9009,ai_heavy
1835,11,76,15987.7,19185.3,0.9112,ai_heavy
1836,12,76,16551.6,19861.9,0.9192,ai_heavy
1837,13,76,16345.0,19614.0,0.9243,ai_heavy
1838,14,76,16644.5,19973.4,0.926,ai_heavy
1839,15,76,16716.9,20060.3,0.9243,ai_heavy
1840,16,76,16941.4,20329.7,0.9192,ai_heavy
1841,17,76,15821.8,18986.1,0.9112,ai_heavy
1842,18,76,16453.2,19743.9,0.9009,ai_heavy
1843,19,76,16128.2,19353.9,0.889,ai_heavy
1844,20,76,16216.9,19460.3,0.8764,ai_heavy
1845,21,76,16644.7,19973.7,0.8638,ai_heavy
1846,22,76,16657.5,19989.0,0.8518,ai_heavy
1847,23,76,16827.1,20192.6,0.8409,ai_heavy
1848,0,77,16260.1,19512.1,0.8118,ai_heavy
1849,1,77,16019.6,19223.5,0.8172,ai_heavy
1850,2,77,15973.7,19168.5,0.8244,ai_heavy
1851,3,77,15286.4,18343.7,0.8335,ai_heavy
1852,4,77,16812.1,20174.6,0.8449,ai_heavy
1853,5,77,16050.1,19260.1,0.8584,ai_heavy
1854,6,77,16503.9,19804.7,0.874,ai_heavy
1855,7,77,16645.2,19974.2,0.8911,ai_heavy
1856,8,77,15759.9,18911.8,0.9092,ai_heavy
1857,9,77,15974.9,19169.9,0.9272,ai_heavy
1858,10,77,17250.2,20700.2,0.9441,ai_heavy
1859,11,77,16677.0,20012.4,0.9588,ai_heavy
1860,12,77,16281.4,19537.7,0.9703,ai_heavy
1861,13,77,16530.7,19836.8,0.9775,ai_heavy
1862,14,77,17142.7,20571.2,0.98,ai_heavy
1863,15,77,17058.7,20470.4,0.9775,ai_heavy
1864,16,77,15841.3,19009.5,0.9703,ai_heavy
1865,17,77,17343.5,20812.2,0.9588,ai_heavy
1866,18,77,16962.9,20355.5,0.9441,ai_heavy
1867,19,77,16354.9,19625.9,0.9272,ai_heavy
1868,20,77,15786.2,18943.4,0.9092,ai_heavy
1869,21,77,16828.7,20194.4,0.8911,ai_heavy
1870,22,77,16489.5,19787.4,0.874,ai_heavy
1871,23,77,15497.8,18597.4,0.8584,ai_heavy
1872,0,78,15943.3,19132.0,0.8118,ai_heavy
1873,1,78,17500.0,21000.0,0.8172,ai_heavy
1874,2,78,16103.8,19324.6,0.8244,ai_heavy
1875,3,78,15766.7,18920.0,0.8335,ai_heavy
1876,4,78,15673.5,18808.3,0.8449,ai_heavy
1877,5,78,17068.2,20481.8,0.8584,ai_heavy
1878,6,78,16670.6,20004.8,0.874,ai_heavy
1879,7,78,17001.7,20402.0,0.8911,ai_heavy
1880,8,78,16493.4,19792.1,0.9092,ai_heavy
1881,9,78,17048.2,20457.8,0.9272,ai_heavy
1882,10,78,16065.6,19278.7,0.9441,ai_heavy
1883,11,78,16613.6,19936.3,0.9588,ai_heavy
1884,12,78,16712.7,20055.3,0.9703,ai_heavy
1885,13,78,17281.8,20738.1,0.9775,ai_heavy
1886,14,78,16760.5,20112.6,0.98,ai_heavy
1887,15,78,16282.2,19538.7,0.9775,ai_heavy
1888,16,78,16601.9,19922.3,0.9703,ai_heavy
1889,17,78,15701.4,18841.7,0.9588,ai_heavy
1890,18,78,15337.3,18404.7,0.9441,ai_heavy
1891,19,78,16839.8,20207.8,0.9272,ai_heavy
1892,20,78,16187.4,19424.9,0.9092,ai_heavy
1893,21,78,16184.9,19421.9,0.8911,ai_heavy
1894,22,78,16662.4,19994.9,0.874,ai_heavy
1895,23,78,16885.8,20263.0,0.8584,ai_heavy
1896,0,79,16312.6,19575.1,0.8118,ai_heavy
1897,1,79,17002.3,20402.7,0.8172,ai_heavy
1898,2,79,16338.6,19606.3,0.8244,ai_heavy
1899,3,79,16271.8,19526.2,0.8335,ai_heavy
1900,4,79,16279.1,19534.9,0.8449,ai_heavy
1901,5,79,15581.6,18697.9,0.8584,ai_heavy
1902,6,79,16723.4,20068.1,0.874,ai_heavy
1903,7,79,15116.1,18139.3,0.8911,ai_heavy
1904,8,79,16083.6,19300.3,0.9092,ai_heavy
1905,9,79,16441.4,19729.6,0.9272,ai_heavy
1906,10,79,16094.5,19313.4,0.9441,ai_heavy
1907,11,79,16308.9,19570.6,0.9588,ai_heavy
1908,12,79,17484.4,20981.3,0.9703,ai_heavy
1909,13,79,17143.2,20571.8,0.9775,ai_heavy
1910,14,79,16260.1,19512.1,0.98,ai_heavy
1911,15,79,16359.8,19631.8,0.9775,ai_heavy
1912,16,79,15935.3,19122.3,0.9703,ai_heavy
1913,17,79,16882.6,20259.1,0.9588,ai_heavy
1914,18,79,16361.6,19633.9,0.9441,ai_heavy
1915,19,79,15460.8,18552.9,0.9272,ai_heavy
1916,20,79,16421.0,19705.2,0.9092,ai_heavy
1917,21,79,16527.7,19833.2,0.8911,ai_heavy
1918,22,79,16726.9,20072.3,0.874,ai_heavy
1919,23,79,16170.9,19405.1,0.8584,ai_heavy
1920,0,80,15875.6,19050.7,0.8118,ai_heavy
1921,1,80,17030.3,20436.4,0.8172,ai_heavy
1922,2,80,16099.0,19318.8,0.8244,ai_heavy
1923,3,80,16473.7,19768.5,0.8335,ai_heavy
1924,4,80,15900.9,19081.1,0.8449,ai_heavy
1925,5,80,16542.0,19850.4,0.8584,ai_heavy
1926,6,80,15547.2,18656.7,0.874,ai_heavy
1927,7,80,16086.7,19304.1,0.8911,ai_heavy
1928,8,80,15778.0,18933.7,0.9092,ai_heavy
1929,9,80,16131.9,19358.2,0.9272,ai_heavy
1930,10,80,17103.5,20524.2,0.9441,ai_heavy
1931,11,80,16229.2,19475.1,0.9588,ai_heavy
1932,12,80,16927.1,20312.5,0.9703,ai_heavy
1933,13,80,17348.9,20818.7,0.9775,ai_heavy
1934,14,80,16587.9,19905.5,0.98,ai_heavy
1935,15,80,17088.3,20506.0,0.9775,ai_heavy
1936,16,80,16834.1,20200.9,0.9703,ai_heavy
1937,17,80,16590.7,19908.8,0.9588,ai_heavy
1938,18,80,16856.2,20227.4,0.9441,ai_heavy
1939,19,80,17337.0,20804.4,0.9272,ai_heavy
1940,20,80,16058.5,19270.2,0.9092,ai_heavy
1941,21,80,15843.5,19012.1,0.8911,ai_heavy
1942,22,80,15760.7,18912.9,0.874,ai_heavy
1943,23,80,16690.1,20028.1,0.8584,ai_heavy
1944,0,81,16599.1,19918.9,0.8118,ai_heavy
1945,1,81,15813.7,18976.4,0.8172,ai_heavy
1946,2,81,15064.4,18077.3,0.8244,ai_heavy
1947,3,81,15799.2,18959.1,0.8335,ai_heavy
1948,4,81,16428.2,19713.8,0.8449,ai_heavy
1949,5,81,16174.1,19409.0,0.8584,ai_heavy
1950,6,81,16345.1,19614.2,0.874,ai_heavy
1951,7,81,16056.8,19268.1,0.8911,ai_heavy
1952,8,81,16869.6,20243.5,0.9092,ai_heavy
1953,9,81,16599.2,19919.1,0.9272,ai_heavy
1954,10,81,16775.1,20130.2,0.9441,ai_heavy
1955,11,81,16611.8,19934.2,0.9588,ai_heavy
1956,12,81,16830.7,20196.9,0.9703,ai_heavy
1957,13,81,16821.9,20186.3,0.9775,ai_heavy
1958,14,81,16139.4,19367.3,0.98,ai_heavy
1959,15,81,16779.3,20135.2,0.9775,ai_heavy
1960,16,81,16963.5,20356.2,0.9703,ai_heavy
1961,17,81,17105.9,20527.0,0.9588,ai_heavy
1962,18,81,16690.9,20029.1,0.9441,ai_heavy
1963,19,81,15954.3,19145.1,0.9272,ai_heavy
1964,20,81,15973.0,19167.6,0.9092,ai_heavy
1965,21,81,16099.9,19319.9,0.8911,ai_heavy
1966,22,81,16349.6,19619.5,0.874,ai_heavy
1967,23,81,16147.2,19376.6,0.8584,ai_heavy
1968,0,82,15502.7,18603.3,0.8083,ai_heavy
1969,1,82,15511.7,18614.0,0.812,ai_heavy
1970,2,82,15060.3,18072.3,0.8171,ai_heavy
1971,3,82,14586.9,17504.3,0.8235,ai_heavy
1972,4,82,16055.1,19266.1,0.8314,ai_heavy
1973,5,82,17273.7,20728.5,0.8409,ai_heavy
1974,6,82,17057.4,20468.9,0.8518,ai_heavy
1975,7,82,15747.9,18897.5,0.8638,ai_heavy
1976,8,82,16338.2,19605.8,0.8764,ai_heavy
1977,9,82,15589.6,18707.5,0.889,ai_heavy
1978,10,82,15701.2,18841.4,0.9009,ai_heavy
1979,11,82,15789.7,18947.6,0.9112,ai_heavy
1980,12,82,16293.1,19551.7,0.9192,ai_heavy
1981,13,82,16330.6,19596.8,0.9243,ai_heavy
1982,14,82,16550.7,19860.8,0.926,ai_heavy
1983,15,82,16747.2,20096.7,0.9243,ai_heavy
1984,16,82,16238.3,19485.9,0.9192,ai_heavy
1985,17,82,16395.8,19675.0,0.9112,ai_heavy
1986,18,82,15808.2,18969.9,0.9009,ai_heavy
1987,19,82,15648.3,18778.0,0.889,ai_heavy
1988,20,82,15533.6,18640.3,0.8764,ai_heavy
1989,21,82,16540.0,19848.0,0.8638,ai_heavy
1990,22,82,16020.9,19225.1,0.8518,ai_heavy
1991,23,82,15243.1,18291.7,0.8409,ai_heavy
1992,0,83,16013.2,19215.9,0.8083,ai_heavy
1993,1,83,15454.3,18545.2,0.812,ai_heavy
1994,2,83,16872.7,20247.2,0.8171,ai_heavy
1995,3,83,15813.5,18976.2,0.8235,ai_heavy
1996,4,83,16448.3,19738.0,0.8314,ai_heavy
1997,5,83,16677.2,20012.6,0.8409,ai_heavy
1998,6,83,15721.4,18865.6,0.8518,ai_heavy
1999,7,83,16261.0,19513.2,0.8638,ai_heavy
2000,8,83,16535.1,19842.1,0.8764,ai_heavy
2001,9,83,16362.6,19635.1,0.889,ai_heavy
2002,10,83,16521.6,19826.0,0.9009,ai_heavy
2003,11,83,15724.7,18869.7,0.9112,ai_heavy
2004,12,83,16676.7,20012.0,0.9192,ai_heavy
2005,13,83,16181.0,19417.2,0.9243,ai_heavy
2006,14,83,16598.4,19918.0,0.926,ai_heavy
2007,15,83,16873.7,20248.5,0.9243,ai_heavy
2008,16,83,16733.2,20079.8,0.9192,ai_heavy
2009,17,83,16549.4,19859.3,0.9112,ai_heavy
2010,18,83,16659.4,19991.3,0.9009,ai_heavy
2011,19,83,16642.8,19971.4,0.889,ai_heavy
2012,20,83,16994.8,20393.7,0.8764,ai_heavy
2013,21,83,16207.4,19448.9,0.8638,ai_heavy
2014,22,83,16264.6,19517.6,0.8518,ai_heavy
2015,23,83,16601.2,19921.4,0.8409,ai_heavy
2016,0,84,15818.9,18982.7,0.8118,ai_heavy
2017,1,84,15428.8,18514.5,0.8172,ai_heavy
2018,2,84,16334.0,19600.8,0.8244,ai_heavy
2019,3,84,16026.0,19231.2,0.8335,ai_heavy
2020,4,84,15577.0,18692.4,0.8449,ai_heavy
2021,5,84,16450.0,19739.9,0.8584,ai_heavy
2022,6,84,16955.2,20346.2,0.874,ai_heavy
2023,7,84,15515.3,18618.4,0.8911,ai_heavy
2024,8,84,16873.6,20248.3,0.9092,ai_heavy
2025,9,84,15179.5,18215.4,0.9272,ai_heavy
2026,10,84,16287.1,19544.6,0.9441,ai_heavy
2027,11,84,17445.8,20935.0,0.9588,ai_heavy
2028,12,84,16406.8,19688.2,0.9703,ai_heavy
2029,13,84,16638.4,19966.0,0.9775,ai_heavy
2030,14,84,16981.6,20377.9,0.98,ai_heavy
2031,15,84,15739.1,18886.9,0.9775,ai_heavy
2032,16,84,16605.9,19927.1,0.9703,ai_heavy
2033,17,84,16564.8,19877.7,0.9588,ai_heavy
2034,18,84,17406.1,20887.3,0.9441,ai_heavy
2035,19,84,15821.0,18985.1,0.9272,ai_heavy
2036,20,84,16184.1,19420.9,0.9092,ai_heavy
2037,21,84,15858.5,19030.3,0.8911,ai_heavy
2038,22,84,15752.7,18903.2,0.874,ai_heavy
2039,23,84,16754.7,20105.7,0.8584,ai_heavy
2040,0,85,16068.0,19281.5,0.8118,ai_heavy
2041,1,85,15804.7,18965.7,0.8172,ai_heavy
2042,2,85,15845.8,19014.9,0.8244,ai_heavy
2043,3,85,15853.2,19023.8,0.8335,ai_heavy
2044,4,85,15932.8,19119.4,0.8449,ai_heavy
2045,5,85,15591.8,18710.2,0.8584,ai_heavy
2046,6,85,16131.0,19357.2,0.874,ai_heavy
2047,7,85,16137.1,19364.5,0.8911,ai_heavy
2048,8,85,15999.3,19199.2,0.9092,ai_heavy
2049,9,85,16506.5,19807.8,0.9272,ai_heavy
2050,10,85,16603.7,19924.5,0.9441,ai_heavy
2051,11,85,16256.8,19508.2,0.9588,ai_heavy
2052,12,85,16498.4,19798.1,0.9703,ai_heavy
2053,13,85,17500.0,21000.0,0.9775,ai_heavy
2054,14,85,17500.0,21000.0,0.98,ai_heavy
2055,15,85,16068.9,19282.6,0.9775,ai_heavy
2056,16,85,16115.5,19338.6,0.9703,ai_heavy
2057,17,85,16007.5,19209.0,0.9588,ai_heavy
2058,18,85,17007.9,20409.4,0.9441,ai_heavy
2059,19,85,16233.6,19480.3,0.9272,ai_heavy
2060,20,85,16489.2,19787.0,0.9092,ai_heavy
2061,21,85,17290.2,20748.2,0.8911,ai_heavy
2062,22,85,16252.1,19502.5,0.874,ai_heavy
2063,23,85,16550.0,19860.0,0.8584,ai_heavy
2064,0,86,16305.8,19566.9,0.8118,ai_heavy
2065,1,86,15789.0,18946.8,0.8172,ai_heavy
2066,2,86,16607.3,19928.7,0.8244,ai_heavy
2067,3,86,15714.6,18857.5,0.8335,ai_heavy
2068,4,86,16812.2,20174.7,0.8449,ai_heavy
2069,5,86,15921.0,19105.2,0.8584,ai_heavy
2070,6,86,16024.1,19228.9,0.874,ai_heavy
2071,7,86,15780.2,18936.2,0.8911,ai_heavy
2072,8,86,15917.5,19101.1,0.9092,ai_heavy
2073,9,86,16219.7,19463.6,0.9272,ai_heavy
2074,10,86,15282.7,18339.2,0.9441,ai_heavy
2075,11,86,16417.2,19700.6,0.9588,ai_heavy
2076,12,86,16317.5,19581.0,0.9703,ai_heavy
2077,13,86,16986.9,20384.2,0.9775,ai_heavy
2078,14,86,16812.3,20174.8,0.98,ai_heavy
2079,15,86,16241.3,19489.6,0.9775,ai_heavy
2080,16,86,16342.1,19610.5,0.9703,ai_heavy
2081,17,86,16416.6,19699.9,0.9588,ai_heavy
2082,18,86,17220.0,20664.0,0.9441,ai_heavy
2083,19,86,16024.7,19229.7,0.9272,ai_heavy
2084,20,86,16018.0,19221.6,0.9092,ai_heavy
2085,21,86,15760.6,18912.7,0.8911,ai_heavy
2086,22,86,15534.4,18641.2,0.874,ai_heavy
2087,23,86,16355.9,19627.0,0.8584,ai_heavy
2088,0,87,16152.8,19383.4,0.8118,ai_heavy
2089,1,87,16691.1,20029.4,0.8172,ai_heavy
2090,2,87,16598.7,19918.4,0.8244,ai_heavy
2091,3,87,17285.3,20742.3,0.8335,ai_heavy
2092,4,87,16126.7,19352.1,0.8449,ai_heavy
2093,5,87,16079.9,19295.9,0.8584,ai_heavy
2094,6,87,15623.0,18747.6,0.874,ai_heavy
2095,7,87,16653.8,19984.5,0.8911,ai_heavy
2096,8,87,16429.7,19715.6,0.9092,ai_heavy
2097,9,87,16751.1,20101.3,0.9272,ai_heavy
2098,10,87,15921.7,19106.1,0.9441,ai_heavy
2099,11,87,16707.3,20048.8,0.9588,ai_heavy
2100,12,87,16672.1,20006.5,0.9703,ai_heavy
2101,13,87,16662.8,19995.4,0.9775,ai_heavy
2102,14,87,16261.4,19513.6,0.98,ai_heavy
2103,15,87,17185.7,20622.8,0.9775,ai_heavy
2104,16,87,17500.0,21000.0,0.9703,ai_heavy
2105,17,87,15982.2,19178.7,0.9588,ai_heavy
2106,18,87,16841.4,20209.7,0.9441,ai_heavy
2107,19,87,15011.6,18013.9,0.9272,ai_heavy
2108,20,87,16699.9,20039.8,0.9092,ai_heavy
2109,21,87,15397.6,18477.2,0.8911,ai_heavy
2110,22,87,16001.1,19201.4,0.874,ai_heavy
2111,23,87,15568.2,18681.8,0.8584,ai_heavy
2112,0,88,15951.3,19141.5,0.8118,ai_heavy
2113,1,88,16477.1,19772.5,0.8172,ai_heavy
2114,2,88,15199.0,18238.8,0.8244,ai_heavy
2115,3,88,15951.7,19142.1,0.8335,ai_heavy
2116,4,88,15913.6,19096.3,0.8449,ai_heavy
2117,5,88,16975.3,20370.3,0.8584,ai_heavy
2118,6,88,16467.7,19761.3,0.874,ai_heavy
2119,7,88,15736.8,18884.1,0.8911,ai_heavy
2120,8,88,16140.0,19368.0,0.9092,ai_heavy
2121,9,88,17197.1,20636.5,0.9272,ai_heavy
2122,10,88,16838.4,20206.1,0.9441,ai_heavy
2123,11,88,16077.5,19293.0,0.9588,ai_heavy
2124,12,88,16437.3,19724.8,0.9703,ai_heavy
2125,13,88,16476.6,19771.9,0.9775,ai_heavy
2126,14,88,16333.7,19600.5,0.98,ai_heavy
2127,15,88,15742.2,18890.7,0.9775,ai_heavy
2128,16,88,16233.2,19479.8,0.9703,ai_heavy
2129,17,88,17222.0,20666.3,0.9588,ai_heavy
2130,18,88,16296.6,19555.9,0.9441,ai_heavy
2131,19,88,16379.2,19655.0,0.9272,ai_heavy
2132,20,88,16440.5,19728.6,0.9092,ai_heavy
2133,21,88,17398.4,20878.1,0.8911,ai_heavy
2134,22,88,16261.5,19513.8,0.874,ai_heavy
2135,23,88,16738.5,20086.2,0.8584,ai_heavy
2136,0,89,15755.7,18906.8,0.8083,ai_heavy
2137,1,89,15930.9,19117.1,0.812,ai_heavy
2138,2,89,16078.1,19293.8,0.8171,ai_heavy
2139,3,89,15719.2,18863.0,0.8235,ai_heavy
2140,4,89,16020.3,19224.3,0.8314,ai_heavy
2141,5,89,16579.9,19895.8,0.8409,ai_heavy
2142,6,89,15796.4,18955.7,0.8518,ai_heavy
2143,7,89,16224.1,19468.9,0.8638,ai_heavy
2144,8,89,16610.9,19933.0,0.8764,ai_heavy
2145,9,89,15902.7,19083.3,0.889,ai_heavy
2146,10,89,16881.7,20258.0,0.9009,ai_heavy
2147,11,89,16413.9,19696.6,0.9112,ai_heavy
2148,12,89,16322.8,19587.3,0.9192,ai_heavy
2149,13,89,15431.3,18517.5,0.9243,ai_heavy
2150,14,89,16242.1,19490.5,0.926,ai_heavy
2151,15,89,16603.6,19924.3,0.9243,ai_heavy
2152,16,89,17263.0,20715.5,0.9192,ai_heavy
2153,17,89,16657.1,19988.5,0.9112,ai_heavy
2154,18,89,16896.8,20276.2,0.9009,ai_heavy
2155,19,89,15714.6,18857.5,0.889,ai_heavy
2156,20,89,16203.2,19443.8,0.8764,ai_heavy
2157,21,89,16818.2,20181.8,0.8638,ai_heavy
2158,22,89,15754.0,18904.8,0.8518,ai_heavy
2159,23,89,16617.3,19940.7,0.8409,ai_heavy
2160,0,90,16396.5,19675.8,0.8083,ai_heavy
2161,1,90,16188.2,19425.8,0.812,ai_heavy
2162,2,90,15913.6,19096.3,0.8171,ai_heavy
2163,3,90,15616.8,18740.1,0.8235,ai_heavy
2164,4,90,16977.3,20372.7,0.8314,ai_heavy
2165,5,90,16455.7,19746.9,0.8409,ai_heavy
2166,6,90,16350.4,19620.5,0.8518,ai_heavy
2167,7,90,16023.1,19227.7,0.8638,ai_heavy
2168,8,90,16283.5,19540.2,0.8764,ai_heavy
2169,9,90,16386.6,19663.9,0.889,ai_heavy
2170,10,90,16540.6,19848.8,0.9009,ai_heavy
2171,11,90,16738.9,20086.6,0.9112,ai_heavy
2172,12,90,16019.0,19222.8,0.9192,ai_heavy
2173,13,90,15698.1,18837.7,0.9243,ai_heavy
2174,14,90,16467.7,19761.2,0.926,ai_heavy
2175,15,90,15559.8,18671.8,0.9243,ai_heavy
2176,16,90,16244.8,19493.7,0.9192,ai_heavy
2177,17,90,16127.9,19353.4,0.9112,ai_heavy
2178,18,90,16585.7,19902.8,0.9009,ai_heavy
2179,19,90,17275.9,20731.1,0.889,ai_heavy
2180,20,90,15316.2,18379.4,0.8764,ai_heavy
2181,21,90,17330.9,20797.1,0.8638,ai_heavy
2182,22,90,16071.8,19286.2,0.8518,ai_heavy
2183,23,90,16318.1,19581.7,0.8409,ai_heavy
2184,0,91,15373.7,18448.4,0.8118,ai_heavy
2185,1,91,16553.3,19863.9,0.8172,ai_heavy
2186,2,91,16115.9,19339.0,0.8244,ai_heavy
2187,3,91,16095.9,19315.1,0.8335,ai_heavy
2188,4,91,15223.1,18267.8,0.8449,ai_heavy
2189,5,91,16242.5,19491.0,0.8584,ai_heavy
2190,6,91,16669.7,20003.6,0.874,ai_heavy
2191,7,91,16197.2,19436.7,0.8911,ai_heavy
2192,8,91,16948.2,20337.8,0.9092,ai_heavy
2193,9,91,16988.5,20386.2,0.9272,ai_heavy
2194,10,91,16168.0,19401.7,0.9441,ai_heavy
2195,11,91,17324.1,20788.9,0.9588,ai_heavy
2196,12,91,16592.6,19911.1,0.9703,ai_heavy
2197,13,91,16618.4,19942.0,0.9775,ai_heavy
2198,14,91,16651.0,19981.2,0.98,ai_heavy
2199,15,91,16628.1,19953.7,0.9775,ai_heavy
2200,16,91,15262.6,18315.1,0.9703,ai_heavy
2201,17,91,16440.9,19729.1,0.9588,ai_heavy
2202,18,91,15810.6,18972.7,0.9441,ai_heavy
2203,19,91,17231.7,20678.0,0.9272,ai_heavy
2204,20,91,17150.5,20580.6,0.9092,ai_heavy
2205,21,91,16729.8,20075.8,0.8911,ai_heavy
2206,22,91,16140.9,19369.0,0.874,ai_heavy
2207,23,91,15716.5,18859.8,0.8584,ai_heavy
2208,0,92,15738.4,18886.1,0.8118,ai_heavy
2209,1,92,17009.3,20411.2,0.8172,ai_heavy
2210,2,92,15761.6,18913.9,0.8244,ai_heavy
2211,3,92,14986.1,17983.3,0.8335,ai_heavy
2212,4,92,16662.0,19994.4,0.8449,ai_heavy
2213,5,92,16936.1,20323.4,0.8584,ai_heavy
2214,6,92,17066.4,20479.7,0.874,ai_heavy
2215,7,92,16821.0,20185.2,0.8911,ai_heavy
2216,8,92,16961.6,20353.9,0.9092,ai_heavy
2217,9,92,16456.1,19747.4,0.9272,ai_heavy
2218,10,92,15458.3,18549.9,0.9441,ai_heavy
2219,11,92,16546.8,19856.1,0.9588,ai_heavy
2220,12,92,16879.0,20254.8,0.9703,ai_heavy
2221,13,92,16526.3,19831.5,0.9775,ai_heavy
2222,14,92,16511.6,19813.9,0.98,ai_heavy
2223,15,92,16113.7,19336.4,0.9775,ai_heavy
2224,16,92,16072.1,19286.5,0.9703,ai_heavy
2225,17,92,17444.6,20933.6,0.9588,ai_heavy
2226,18,92,17412.1,20894.5,0.9441,ai_heavy
2227,19,92,16428.8,19714.5,0.9272,ai_heavy
2228,20,92,16509.8,19811.7,0.9092,ai_heavy
2229,21,92,15832.9,18999.4,0.8911,ai_heavy
2230,22,92,16570.6,19884.7,0.874,ai_heavy
2231,23,92,17062.1,20474.6,0.8584,ai_heavy
2232,0,93,15318.6,18382.3,0.8118,ai_heavy
2233,1,93,16296.3,19555.5,0.8172,ai_heavy
2234,2,93,16356.1,19627.3,0.8244,ai_heavy
2235,3,93,16380.9,19657.0,0.8335,ai_heavy
2236,4,93,16959.1,20350.9,0.8449,ai_heavy
2237,5,93,17196.5,20635.8,0.8584,ai_heavy
2238,6,93,16143.3,19372.0,0.874,ai_heavy
2239,7,93,16642.3,19970.8,0.8911,ai_heavy
2240,8,93,16412.9,19695.4,0.9092,ai_heavy
2241,9,93,16118.5,19342.2,0.9272,ai_heavy
2242,10,93,16619.0,19942.8,0.9441,ai_heavy
2243,11,93,16866.0,20239.2,0.9588,ai_heavy
2244,12,93,16677.9,20013.5,0.9703,ai_heavy
2245,13,93,16154.9,19385.9,0.9775,ai_heavy
2246,14,93,16370.8,19644.9,0.98,ai_heavy
2247,15,93,16366.6,19640.0,0.9775,ai_heavy
2248,16,93,16151.3,19381.5,0.9703,ai_heavy
2249,17,93,16688.4,20026.1,0.9588,ai_heavy
2250,18,93,16691.9,20030.3,0.9441,ai_heavy
2251,19,93,16912.9,20295.4,0.9272,ai_heavy
2252,20,93,15950.3,19140.3,0.9092,ai_heavy
2253,21,93,16030.3,19236.3,0.8911,ai_heavy
2254,22,93,17015.4,20418.4,0.874,ai_heavy
2255,23,93,16126.6,19351.9,0.8584,ai_heavy
2256,0,94,16069.6,19283.6,0.8118,ai_heavy
2257,1,94,15988.2,19185.8,0.8172,ai_heavy
2258,2,94,16643.0,19971.5,0.8244,ai_heavy
2259,3,94,16692.5,20031.0,0.8335,ai_heavy
2260,4,94,16702.3,20042.8,0.8449,ai_heavy
2261,5,94,16219.5,19463.4,0.8584,ai_heavy
2262,6,94,15831.7,18998.0,0.874,ai_heavy
2263,7,94,17255.0,20706.1,0.8911,ai_heavy
2264,8,94,16792.1,20150.5,0.9092,ai_heavy
2265,9,94,16205.0,19446.0,0.9272,ai_heavy
2266,10,94,17189.3,20627.1,0.9441,ai_heavy
2267,11,94,16267.3,19520.7,0.9588,ai_heavy
2268,12,94,17271.3,20725.6,0.9703,ai_heavy
2269,13,94,17329.5,20795.4,0.9775,ai_heavy
2270,14,94,16142.7,19371.3,0.98,ai_heavy
2271,15,94,16883.2,20259.8,0.9775,ai_heavy
2272,16,94,16958.9,20350.7,0.9703,ai_heavy
2273,17,94,17500.0,21000.0,0.9588,ai_heavy
2274,18,94,16118.0,19341.6,0.9441,ai_heavy
2275,19,94,17136.2,20563.4,0.9272,ai_heavy
2276,20,94,16380.0,19656.0,0.9092,ai_heavy
2277,21,94,15705.4,18846.4,0.8911,ai_heavy
2278,22,94,16198.6,19438.4,0.874,ai_heavy
2279,23,94,16207.8,19449.3,0.8584,ai_heavy
2280,0,95,15545.1,18654.1,0.8118,ai_heavy
2281,1,95,16223.1,19467.8,0.8172,ai_heavy
2282,2,95,16558.3,19870.0,0.8244,ai_heavy
2283,3,95,16240.9,19489.0,0.8335,ai_heavy
2284,4,95,15899.8,19079.8,0.8449,ai_heavy
2285,5,95,16134.4,19361.3,0.8584,ai_heavy
2286,6,95,16255.0,19505.9,0.874,ai_heavy
2287,7,95,16419.2,19703.1,0.8911,ai_heavy
2288,8,95,16916.6,20299.9,0.9092,ai_heavy
2289,9,95,16564.1,19876.9,0.9272,ai_heavy
2290,10,95,15791.4,18949.7,0.9441,ai_heavy
2291,11,95,16254.0,19504.8,0.9588,ai_heavy
2292,12,95,16652.6,19983.1,0.9703,ai_heavy
2293,13,95,17153.2,20583.8,0.9775,ai_heavy
2294,14,95,17248.1,20697.7,0.98,ai_heavy
2295,15,95,17477.1,20972.5,0.9775,ai_heavy
2296,16,95,16635.0,19962.0,0.9703,ai_heavy
2297,17,95,16911.5,20293.8,0.9588,ai_heavy
2298,18,95,15765.8,18918.9,0.9441,ai_heavy
2299,19,95,16641.9,19970.3,0.9272,ai_heavy
2300,20,95,15843.4,19012.1,0.9092,ai_heavy
2301,21,95,16282.3,19538.7,0.8911,ai_heavy
2302,22,95,17500.0,21000.0,0.874,ai_heavy
2303,23,95,16354.2,19625.0,0.8584,ai_heavy
2304,0,96,15627.8,18753.4,0.8083,ai_heavy
2305,1,96,16252.3,19502.7,0.812,ai_heavy
2306,2,96,15822.8,18987.3,0.8171,ai_heavy
2307,3,96,15629.1,18754.9,0.8235,ai_heavy
2308,4,96,17135.8,20562.9,0.8314,ai_heavy
2309,5,96,16666.5,19999.8,0.8409,ai_heavy
2310,6,96,16352.8,19623.4,0.8518,ai_heavy
2311,7,96,16033.3,19240.0,0.8638,ai_heavy
2312,8,96,16113.4,19336.1,0.8764,ai_heavy
2313,9,96,17060.6,20472.7,0.889,ai_heavy
2314,10,96,16494.9,19793.9,0.9009,ai_heavy
2315,11,96,14863.3,17836.0,0.9112,ai_heavy
2316,12,96,17500.0,21000.0,0.9192,ai_heavy
2317,13,96,16510.7,19812.8,0.9243,ai_heavy
2318,14,96,16595.4,19914.4,0.926,ai_heavy
2319,15,96,16955.8,20347.0,0.9243,ai_heavy
2320,16,96,16633.1,19959.7,0.9192,ai_heavy
2321,17,96,16745.0,20094.0,0.9112,ai_heavy
2322,18,96,16136.8,19364.2,0.9009,ai_heavy
2323,19,96,15704.4,18845.3,0.889,ai_heavy
2324,20,96,16401.8,19682.1,0.8764,ai_heavy
2325,21,96,16920.8,20305.0,0.8638,ai_heavy
2326,22,96,15870.5,19044.6,0.8518,ai_heavy
2327,23,96,15796.9,18956.3,0.8409,ai_heavy
2328,0,97,16631.3,19957.5,0.8083,ai_heavy
2329,1,97,15835.6,19002.7,0.812,ai_heavy
2330,2,97,15874.1,19049.0,0.8171,ai_heavy
2331,3,97,15912.8,19095.4,0.8235,ai_heavy
2332,4,97,16087.4,19304.8,0.8314,ai_heavy
2333,5,97,15387.2,18464.6,0.8409,ai_heavy
2334,6,97,15923.1,19107.8,0.8518,ai_heavy
2335,7,97,16336.1,19603.4,0.8638,ai_heavy
2336,8,97,16374.0,19648.8,0.8764,ai_heavy
2337,9,97,16872.5,20247.0,0.889,ai_heavy
2338,10,97,17246.5,20695.8,0.9009,ai_heavy
2339,11,97,17121.2,20545.4,0.9112,ai_heavy
2340,12,97,16854.2,20225.0,0.9192,ai_heavy
2341,13,97,16347.2,19616.7,0.9243,ai_heavy
2342,14,97,16119.1,19343.0,0.926,ai_heavy
2343,15,97,16429.3,19715.2,0.9243,ai_heavy
2344,16,97,16692.2,20030.7,0.9192,ai_heavy
2345,17,97,16781.9,20138.3,0.9112,ai_heavy
2346,18,97,16650.1,19980.1,0.9009,ai_heavy
2347,19,97,16246.8,19496.1,0.889,ai_heavy
2348,20,97,16649.0,19978.8,0.8764,ai_heavy
2349,21,97,16837.7,20205.2,0.8638,ai_heavy
2350,22,97,16612.4,19934.9,0.8518,ai_heavy
2351,23,97,16134.1,19360.9,0.8409,ai_heavy
2352,0,98,15653.5,18784.2,0.8118,ai_heavy
2353,1,98,15659.1,18790.9,0.8172,ai_heavy
2354,2,98,15766.9,18920.3,0.8244,ai_heavy
2355,3,98,16250.0,19500.0,0.8335,ai_heavy
2356,4,98,16414.6,19697.5,0.8449,ai_heavy
2357,5,98,15518.8,18622.6,0.8584,ai_heavy
2358,6,98,16011.4,19213.6,0.874,ai_heavy
2359,7,98,16431.9,19718.3,0.8911,ai_heavy
2360,8,98,15929.6,19115.5,0.9092,ai_heavy
2361,9,98,16643.9,19972.7,0.9272,ai_heavy
2362,10,98,16333.1,19599.7,0.9441,ai_heavy
2363,11,98,16174.1,19408.9,0.9588,ai_heavy
2364,12,98,16596.5,19915.8,0.9703,ai_heavy
2365,13,98,16788.9,20146.7,0.9775,ai_heavy
2366,14,98,16179.1,19414.9,0.98,ai_heavy
2367,15,98,16472.8,19767.4,0.9775,ai_heavy
2368,16,98,16802.5,20163.0,0.9703,ai_heavy
2369,17,98,16154.9,19385.9,0.9588,ai_heavy
2370,18,98,15665.2,18798.3,0.9441,ai_heavy
2371,19,98,15672.7,18807.2,0.9272,ai_heavy
2372,20,98,16166.2,19399.4,0.9092,ai_heavy
2373,21,98,15667.7,18801.2,0.8911,ai_heavy
2374,22,98,16087.6,19305.1,0.874,ai_heavy
2375,23,98,17016.1,20419.3,0.8584,ai_heavy
2376,0,99,15391.1,18469.3,0.8118,ai_heavy
2377,1,99,15936.3,19123.6,0.8172,ai_heavy
2378,2,99,17125.5,20550.6,0.8244,ai_heavy
2379,3,99,16323.1,19587.7,0.8335,ai_heavy
2380,4,99,15984.2,19181.1,0.8449,ai_heavy
2381,5,99,16130.3,19356.4,0.8584,ai_heavy
2382,6,99,16466.6,19759.9,0.874,ai_heavy
2383,7,99,17142.8,20571.3,0.8911,ai_heavy
2384,8,99,16110.8,19332.9,0.9092,ai_heavy
2385,9,99,16056.6,19268.0,0.9272,ai_heavy
2386,10,99,15803.2,18963.8,0.9441,ai_heavy
2387,11,99,16584.1,19900.9,0.9588,ai_heavy
2388,12,99,15871.3,19045.5,0.9703,ai_heavy
2389,13,99,16362.7,19635.3,0.9775,ai_heavy
2390,14,99,16149.1,19378.9,0.98,ai_heavy
2391,15,99,17128.3,20554.0,0.9775,ai_heavy
2392,16,99,16317.3,19580.8,0.9703,ai_heavy
2393,17,99,16729.8,20075.8,0.9588,ai_heavy
2394,18,99,15691.8,18830.1,0.9441,ai_heavy
2395,19,99,16494.9,19793.9,0.9272,ai_heavy
2396,20,99,15780.6,18936.7,0.9092,ai_heavy
2397,21,99,16104.6,19325.5,0.8911,ai_heavy
2398,22,99,17335.6,20802.7,0.874,ai_heavy
2399,23,99,16659.8,19991.8,0.8584,ai_heavy
2400,0,100,15993.3,19191.9,0.8118,ai_heavy
2401,1,100,17500.0,21000.0,0.8172,ai_heavy
2402,2,100,15653.9,18784.7,0.8244,ai_heavy
2403,3,100,16689.3,20027.2,0.8335,ai_heavy
2404,4,100,15419.4,18503.3,0.8449,ai_heavy
2405,5,100,16088.0,19305.6,0.8584,ai_heavy
2406,6,100,15599.8,18719.8,0.874,ai_heavy
2407,7,100,16438.8,19726.5,0.8911,ai_heavy
2408,8,100,16399.0,19678.8,0.9092,ai_heavy
2409,9,100,16278.4,19534.1,0.9272,ai_heavy
2410,10,100,17025.2,20430.2,0.9441,ai_heavy
2411,11,100,16251.7,19502.0,0.9588,ai_heavy
2412,12,100,16732.5,20079.0,0.9703,ai_heavy
2413,13,100,17002.1,20402.5,0.9775,ai_heavy
2414,14,100,15862.9,19035.5,0.98,ai_heavy
2415,15,100,16221.0,19465.2,0.9775,ai_heavy
2416,16,100,16596.8,19916.2,0.9703,ai_heavy
2417,17,100,16845.5,20214.6,0.9588,ai_heavy
2418,18,100,17188.0,20625.6,0.9441,ai_heavy
2419,19,100,16323.6,19588.4,0.9272,ai_heavy
2420,20,100,16216.1,19459.3,0.9092,ai_heavy
2421,21,100,15885.8,19063.0,0.8911,ai_heavy
2422,22,100,16418.1,19701.7,0.874,ai_heavy
2423,23,100,16062.1,19274.6,0.8584,ai_heavy
2424,0,101,15923.1,19107.8,0.8118,ai_heavy
2425,1,101,16027.3,19232.8,0.8172,ai_heavy
2426,2,101,16362.2,19634.6,0.8244,ai_heavy
2427,3,101,15852.9,19023.5,0.8335,ai_heavy
2428,4,101,15788.1,18945.8,0.8449,ai_heavy
2429,5,101,16416.5,19699.8,0.8584,ai_heavy
2430,6,101,14781.5,17737.8,0.874,ai_heavy
2431,7,101,16017.4,19220.9,0.8911,ai_heavy
2432,8,101,15806.0,18967.2,0.9092,ai_heavy
2433,9,101,17023.1,20427.8,0.9272,ai_heavy
2434,10,101,16267.0,19520.4,0.9441,ai_heavy
2435,11,101,16254.8,19505.8,0.9588,ai_heavy
2436,12,101,16545.9,19855.1,0.9703,ai_heavy
2437,13,101,16297.2,19556.7,0.9775,ai_heavy
2438,14,101,16401.1,19681.4,0.98,ai_heavy
2439,15,101,16641.9,19970.3,0.9775,ai_heavy
2440,16,101,16360.3,19632.3,0.9703,ai_heavy
2441,17,101,16320.0,19584.0,0.9588,ai_heavy
2442,18,101,15985.5,19182.6,0.9441,ai_heavy
2443,19,101,15861.4,19033.6,0.9272,ai_heavy
2444,20,101,16401.3,19681.5,0.9092,ai_heavy
2445,21,101,16462.9,19755.5,0.8911,ai_heavy
2446,22,101,15560.6,18672.8,0.874,ai_heavy
2447,23,101,16576.1,19891.3,0.8584,ai_heavy
2448,0,102,16423.1,19707.7,0.8118,ai_heavy
2449,1,102,16542.6,19851.1,0.8172,ai_heavy
2450,2,102,16240.6,19488.8,0.8244,ai_heavy
2451,3,102,16433.8,19720.6,0.8335,ai_heavy
2452,4,102,17222.0,20666.4,0.8449,ai_heavy
2453,5,102,16060.0,19272.0,0.8584,ai_heavy
2454,6,102,15747.2,18896.6,0.874,ai_heavy
2455,7,102,15562.1,18674.6,0.8911,ai_heavy
2456,8,102,17233.8,20680.5,0.9092,ai_heavy
2457,9,102,17301.9,20762.3,0.9272,ai_heavy
2458,10,102,16027.8,19233.4,0.9441,ai_heavy
2459,11,102,16172.2,19406.6,0.9588,ai_heavy
2460,12,102,16409.0,19690.8,0.9703,ai_heavy
2461,13,102,17203.0,20643.7,0.9775,ai_heavy
2462,14,102,15960.5,19152.6,0.98,ai_heavy
2463,15,102,15614.6,18737.5,0.9775,ai_heavy
2464,16,102,17500.0,21000.0,0.9703,ai_heavy
2465,17,102,16687.9,20025.4,0.9588,ai_heavy
2466,18,102,16709.8,20051.8,0.9441,ai_heavy
2467,19,102,16329.0,19594.8,0.9272,ai_heavy
2468,20,102,16600.3,19920.3,0.9092,ai_heavy
2469,21,102,15571.8,18686.2,0.8911,ai_heavy
2470,22,102,15847.0,19016.4,0.874,ai_heavy
2471,23,102,16257.7,19509.3,0.8584,ai_heavy
2472,0,103,14950.6,17940.7,0.8083,ai_heavy
2473,1,103,15910.1,19092.1,0.812,ai_heavy
2474,2,103,15896.5,19075.8,0.8171,ai_heavy
2475,3,103,15946.8,19136.2,0.8235,ai_heavy
2476,4,103,15852.3,19022.8,0.8314,ai_heavy
2477,5,103,15667.1,18800.5,0.8409,ai_heavy
2478,6,103,15300.3,18360.4,0.8518,ai_heavy
2479,7,103,16294.5,19553.4,0.8638,ai_heavy
2480,8,103,16118.6,19342.3,0.8764,ai_heavy
2481,9,103,15633.3,18759.9,0.889,ai_heavy
2482,10,103,16375.2,19650.3,0.9009,ai_heavy
2483,11,103,16233.1,19479.8,0.9112,ai_heavy
2484,12,103,16177.2,19412.6,0.9192,ai_heavy
2485,13,103,15358.0,18429.6,0.9243,ai_heavy
2486,14,103,16762.6,20115.1,0.926,ai_heavy
2487,15,103,15813.1,18975.7,0.9243,ai_heavy
2488,16,103,16435.2,19722.2,0.9192,ai_heavy
2489,17,103,15980.9,19177.1,0.9112,ai_heavy
2490,18,103,16154.0,19384.8,0.9009,ai_heavy
2491,19,103,16869.7,20243.7,0.889,ai_heavy
2492,20,103,16524.4,19829.3,0.8764,ai_heavy
2493,21,103,16774.0,20128.8,0.8638,ai_heavy
2494,22,103,16345.4,19614.5,0.8518,ai_heavy
2495,23,103,16341.5,19609.8,0.8409,ai_heavy
2496,0,104,15186.3,18223.6,0.8083,ai_heavy
2497,1,104,15902.9,19083.5,0.812,ai_heavy
2498,2,104,15963.6,19156.4,0.8171,ai_heavy
2499,3,104,16683.7,20020.5,0.8235,ai_heavy
2500,4,104,15874.0,19048.8,0.8314,ai_heavy
2501,5,104,16277.9,19533.5,0.8409,ai_heavy
2502,6,104,16294.6,19553.6,0.8518,ai_heavy
2503,7,104,16787.5,20145.0,0.8638,ai_heavy
2504,8,104,16199.8,19439.7,0.8764,ai_heavy
2505,9,104,16711.0,20053.2,0.889,ai_heavy
2506,10,104,15508.6,18610.3,0.9009,ai_heavy
2507,11,104,15585.0,18702.0,0.9112,ai_heavy
2508,12,104,15280.4,18336.4,0.9192,ai_heavy
2509,13,104,16807.7,20169.2,0.9243,ai_heavy
2510,14,104,16758.1,20109.8,0.926,ai_heavy
2511,15,104,16862.3,20234.8,0.9243,ai_heavy
2512,16,104,16070.7,19284.8,0.9192,ai_heavy
2513,17,104,16101.2,19321.4,0.9112,ai_heavy
2514,18,104,16285.2,19542.3,0.9009,ai_heavy
2515,19,104,17012.3,20414.7,0.889,ai_heavy
2516,20,104,17091.5,20509.9,0.8764,ai_heavy
2517,21,104,16610.4,19932.4,0.8638,ai_heavy
2518,22,104,16345.7,19614.9,0.8518,ai_heavy
2519,23,104,16796.6,20155.9,0.8409,ai_heavy
2520,0,105,15931.9,19118.3,0.8118,ai_heavy
2521,1,105,15884.1,19060.9,0.8172,ai_heavy
2522,2,105,16033.5,19240.2,0.8244,ai_heavy
2523,3,105,15652.2,18782.6,0.8335,ai_heavy
2524,4,105,16077.7,19293.2,0.8449,ai_heavy
2525,5,105,15663.3,18796.0,0.8584,ai_heavy
2526,6,105,16757.1,20108.5,0.874,ai_heavy
2527,7,105,16578.9,19894.7,0.8911,ai_heavy
2528,8,105,17073.6,20488.3,0.9092,ai_heavy
2529,9,105,15627.0,18752.4,0.9272,ai_heavy
2530,10,105,17425.6,20910.7,0.9441,ai_heavy
2531,11,105,15753.0,18903.6,0.9588,ai_heavy
2532,12,105,15974.4,19169.2,0.9703,ai_heavy
2533,13,105,16284.5,19541.5,0.9775,ai_heavy
2534,14,105,17253.0,20703.6,0.98,ai_heavy
2535,15,105,16705.9,20047.1,0.9775,ai_heavy
2536,16,105,16448.8,19738.6,0.9703,ai_heavy
2537,17,105,16139.8,19367.8,0.9588,ai_heavy
2538,18,105,15804.6,18965.6,0.9441,ai_heavy
2539,19,105,16988.3,20386.0,0.9272,ai_heavy
2540,20,105,16763.7,20116.5,0.9092,ai_heavy
2541,21,105,16974.7,20369.7,0.8911,ai_heavy
2542,22,105,16450.7,19740.8,0.874,ai_heavy
2543,23,105,14922.0,17906.4,0.8584,ai_heavy
2544,0,106,15455.7,18546.8,0.8118,ai_heavy
2545,1,106,16296.8,19556.1,0.8172,ai_heavy
2546,2,106,15917.3,19100.8,0.8244,ai_heavy
2547,3,106,15855.3,19026.3,0.8335,ai_heavy
2548,4,106,15627.6,18753.1,0.8449,ai_heavy
2549,5,106,16667.3,20000.8,0.8584,ai_heavy
2550,6,106,16479.7,19775.6,0.874,ai_heavy
2551,7,106,16558.1,19869.8,0.8911,ai_heavy
2552,8,106,16060.3,19272.4,0.9092,ai_heavy
2553,9,106,16516.9,19820.3,0.9272,ai_heavy
2554,10,106,15823.5,18988.2,0.9441,ai_heavy
2555,11,106,16468.5,19762.2,0.9588,ai_heavy
2556,12,106,15313.4,18376.1,0.9703,ai_heavy
2557,13,106,15813.0,18975.6,0.9775,ai_heavy
2558,14,106,16441.1,19729.4,0.98,ai_heavy
2559,15,106,17500.0,21000.0,0.9775,ai_heavy
2560,16,106,15674.9,18809.9,0.9703,ai_heavy
2561,17,106,15916.1,19099.4,0.9588,ai_heavy
2562,18,106,16592.3,19910.8,0.9441,ai_heavy
2563,19,106,17302.2,20762.6,0.9272,ai_heavy
2564,20,106,16470.8,19764.9,0.9092,ai_heavy
2565,21,106,16656.5,19987.8,0.8911,ai_heavy
2566,22,106,16092.5,19311.0,0.874,ai_heavy
2567,23,106,15958.3,19150.0,0.8584,ai_heavy
2568,0,107,16094.7,19313.6,0.8118,ai_heavy
2569,1,107,15755.2,18906.2,0.8172,ai_heavy
2570,2,107,16445.6,19734.7,0.8244,ai_heavy
2571,3,107,15348.6,18418.3,0.8335,ai_heavy
2572,4,107,16594.1,19912.9,0.8449,ai_heavy
2573,5,107,16225.7,19470.8,0.8584,ai_heavy
2574,6,107,16152.4,19382.9,0.874,ai_heavy
2575,7,107,15508.8,18610.6,0.8911,ai_heavy
2576,8,107,15890.3,19068.3,0.9092,ai_heavy
2577,9,107,17020.9,20425.0,0.9272,ai_heavy
2578,10,107,16381.9,19658.3,0.9441,ai_heavy
2579,11,107,16671.0,20005.2,0.9588,ai_heavy
2580,12,107,16132.8,19359.4,0.9703,ai_heavy
2581,13,107,16579.1,19895.0,0.9775,ai_heavy
2582,14,107,15918.3,19101.9,0.98,ai_heavy
2583,15,107,16643.3,19972.0,0.9775,ai_heavy
2584,16,107,16754.3,20105.2,0.9703,ai_heavy
2585,17,107,16691.9,20030.3,0.9588,ai_heavy
2586,18,107,16038.2,19245.9,0.9441,ai_heavy
2587,19,107,16261.5,19513.8,0.9272,ai_heavy
2588,20,107,16635.3,19962.4,0.9092,ai_heavy
2589,21,107,16209.4,19451.3,0.8911,ai_heavy
2590,22,107,16117.0,19340.5,0.874,ai_heavy
2591,23,107,17132.0,20558.5,0.8584,ai_heavy
2592,0,108,15597.1,18716.5,0.8118,ai_heavy
2593,1,108,16593.6,19912.3,0.8172,ai_heavy
2594,2,108,15538.3,18645.9,0.8244,ai_heavy
2595,3,108,16442.4,19730.9,0.8335,ai_heavy
2596,4,108,16505.9,19807.1,0.8449,ai_heavy
2597,5,108,15958.5,19150.1,0.8584,ai_heavy
2598,6,108,15663.4,18796.1,0.874,ai_heavy
2599,7,108,15348.6,18418.3,0.8911,ai_heavy
2600,8,108,16069.4,19283.3,0.9092,ai_heavy
2601,9,108,16689.4,20027.3,0.9272,ai_heavy
2602,10,108,15952.2,19142.6,0.9441,ai_heavy
2603,11,108,16581.0,19897.2,0.9588,ai_heavy
2604,12,108,15836.1,19003.3,0.9703,ai_heavy
2605,13,108,16477.2,19772.6,0.9775,ai_heavy
2606,14,108,16030.4,19236.5,0.98,ai_heavy
2607,15,108,16554.8,19865.7,0.9775,ai_heavy
2608,16,108,16321.0,19585.2,0.9703,ai_heavy
2609,17,108,15942.5,19131.0,0.9588,ai_heavy
2610,18,108,16159.3,19391.1,0.9441,ai_heavy
2611,19,108,15969.6,19163.5,0.9272,ai_heavy
2612,20,108,15726.2,18871.4,0.9092,ai_heavy
2613,21,108,16842.8,20211.3,0.8911,ai_heavy
2614,22,108,16081.5,19297.8,0.874,ai_heavy
2615,23,108,15135.9,18163.0,0.8584,ai_heavy
2616,0,109,15754.9,18905.9,0.8118,ai_heavy
2617,1,109,16513.7,19816.4,0.8172,ai_heavy
2618,2,109,15728.2,18873.8,0.8244,ai_heavy
2619,3,109,16850.2,20220.2,0.8335,ai_heavy
2620,4,109,15747.2,18896.6,0.8449,ai_heavy
2621,5,109,16451.3,19741.6,0.8584,ai_heavy
2622,6,109,16762.8,20115.3,0.874,ai_heavy
2623,7,109,16533.2,19839.8,0.8911,ai_heavy
2624,8,109,15696.4,18835.7,0.9092,ai_heavy
2625,9,109,15965.5,19158.6,0.9272,ai_heavy
2626,10,109,17063.8,20476.5,0.9441,ai_heavy
2627,11,109,16133.8,19360.6,0.9588,ai_heavy
2628,12,109,17055.1,20466.1,0.9703,ai_heavy
2629,13,109,16379.4,19655.3,0.9775,ai_heavy
2630,14,109,16672.1,20006.5,0.98,ai_heavy
2631,15,109,15903.6,19084.3,0.9775,ai_heavy
2632,16,109,16267.7,19521.2,0.9703,ai_heavy
2633,17,109,16098.8,19318.5,0.9588,ai_heavy
2634,18,109,16596.7,19916.0,0.9441,ai_heavy
2635,19,109,16476.0,19771.2,0.9272,ai_heavy
2636,20,109,16598.7,19918.5,0.9092,ai_heavy
2637,21,109,16072.8,19287.4,0.8911,ai_heavy
2638,22,109,15803.5,18964.2,0.874,ai_heavy
2639,23,109,16295.4,19554.5,0.8584,ai_heavy
2640,0,110,15548.0,18657.6,0.8083,ai_heavy
2641,1,110,16575.3,19890.3,0.812,ai_heavy
2642,2,110,16016.9,19220.2,0.8171,ai_heavy
2643,3,110,15935.5,19122.6,0.8235,ai_heavy
2644,4,110,16342.3,19610.7,0.8314,ai_heavy
2645,5,110,16112.6,19335.1,0.8409,ai_heavy
2646,6,110,15379.9,18455.9,0.8518,ai_heavy
2647,7,110,15707.4,18848.9,0.8638,ai_heavy
2648,8,110,16781.2,20137.4,0.8764,ai_heavy
2649,9,110,16347.1,19616.5,0.889,ai_heavy
2650,10,110,15520.0,18624.0,0.9009,ai_heavy
2651,11,110,16551.1,19861.3,0.9112,ai_heavy
2652,12,110,16128.8,19354.6,0.9192,ai_heavy
2653,13,110,15989.7,19187.7,0.9243,ai_heavy
2654,14,110,15862.0,19034.4,0.926,ai_heavy
2655,15,110,16913.1,20295.7,0.9243,ai_heavy
2656,16,110,15436.8,18524.1,0.9192,ai_heavy
2657,17,110,15966.5,19159.8,0.9112,ai_heavy
2658,18,110,16403.5,19684.2,0.9009,ai_heavy
2659,19,110,17078.1,20493.8,0.889,ai_heavy
2660,20,110,16535.3,19842.4,0.8764,ai_heavy
2661,21,110,15812.2,18974.7,0.8638,ai_heavy
2662,22,110,16927.6,20313.1,0.8518,ai_heavy
2663,23,110,15493.1,18591.7,0.8409,ai_heavy
2664,0,111,16171.3,19405.5,0.8083,ai_heavy
2665,1,111,16290.8,19548.9,0.812,ai_heavy
2666,2,111,15647.2,18776.7,0.8171,ai_heavy
2667,3,111,16429.7,19715.7,0.8235,ai_heavy
2668,4,111,15870.3,19044.3,0.8314,ai_heavy
2669,5,111,16486.4,19783.7,0.8409,ai_heavy
2670,6,111,15291.8,18350.2,0.8518,ai_heavy
2671,7,111,16387.1,19664.5,0.8638,ai_heavy
2672,8,111,16064.0,19276.7,0.8764,ai_heavy
2673,9,111,16868.5,20242.1,0.889,ai_heavy
2674,10,111,16323.0,19587.6,0.9009,ai_heavy
2675,11,111,16991.8,20390.2,0.9112,ai_heavy
2676,12,111,16653.8,19984.6,0.9192,ai_heavy
2677,13,111,16357.7,19629.2,0.9243,ai_heavy
2678,14,111,16814.3,20177.2,0.926,ai_heavy
2679,15,111,16811.7,20174.0,0.9243,ai_heavy
2680,16,111,16636.3,19963.5,0.9192,ai_heavy
2681,17,111,15251.7,18302.1,0.9112,ai_heavy
2682,18,111,15862.8,19035.3,0.9009,ai_heavy
2683,19,111,16983.1,20379.7,0.889,ai_heavy
2684,20,111,15652.2,18782.6,0.8764,ai_heavy
2685,21,111,16653.5,19984.2,0.8638,ai_heavy
2686,22,111,16528.0,19833.6,0.8518,ai_heavy
2687,23,111,15798.0,18957.6,0.8409,ai_heavy
2688,0,112,15094.1,18112.9,0.8118,ai_heavy
2689,1,112,15798.3,18958.0,0.8172,ai_heavy
2690,2,112,17099.3,20519.1,0.8244,ai_heavy
2691,3,112,15708.0,18849.6,0.8335,ai_heavy
2692,4,112,15777.4,18932.9,0.8449,ai_heavy
2693,5,112,15721.6,18865.9,0.8584,ai_heavy
2694,6,112,16849.6,20219.6,0.874,ai_heavy
2695,7,112,16194.0,19432.8,0.8911,ai_heavy
2696,8,112,16064.1,19276.9,0.9092,ai_heavy
2697,9,112,17126.8,20552.1,0.9272,ai_heavy
2698,10,112,16771.7,20126.0,0.9441,ai_heavy
2699,11,112,16077.0,19292.4,0.9588,ai_heavy
2700,12,112,15961.8,19154.2,0.9703,ai_heavy
2701,13,112,17170.1,20604.2,0.9775,ai_heavy
2702,14,112,16610.0,19932.0,0.98,ai_heavy
2703,15,112,15822.5,18987.0,0.9775,ai_heavy
2704,16,112,15683.7,18820.4,0.9703,ai_heavy
2705,17,112,15979.4,19175.3,0.9588,ai_heavy
2706,18,112,15872.1,19046.5,0.9441,ai_heavy
2707,19,112,15421.5,18505.8,0.9272,ai_heavy
2708,20,112,15831.5,18997.8,0.9092,ai_heavy
2709,21,112,15863.1,19035.7,0.8911,ai_heavy
2710,22,112,16031.5,19237.8,0.874,ai_heavy
2711,23,112,17029.7,20435.6,0.8584,ai_heavy
2712,0,113,15926.6,19111.9,0.8118,ai_heavy
2713,1,113,15991.8,19190.2,0.8172,ai_heavy
2714,2,113,16341.7,19610.1,0.8244,ai_heavy
2715,3,113,16010.8,19213.0,0.8335,ai_heavy
2716,4,113,16356.6,19627.9,0.8449,ai_heavy
2717,5,113,16343.0,19611.6,0.8584,ai_heavy
2718,6,113,16317.0,19580.3,0.874,ai_heavy
2719,7,113,17500.0,21000.0,0.8911,ai_heavy
2720,8,113,16819.0,20182.8,0.9092,ai_heavy
2721,9,113,15896.9,19076.2,0.9272,ai_heavy
2722,10,113,16668.2,20001.8,0.9441,ai_heavy
2723,11,113,16140.2,19368.3,0.9588,ai_heavy
2724,12,113,16791.9,20150.3,0.9703,ai_heavy
2725,13,113,15909.0,19090.8,0.9775,ai_heavy
2726,14,113,16049.9,19259.9,0.98,ai_heavy
2727,15,113,16764.8,20117.8,0.9775,ai_heavy
2728,16,113,17066.0,20479.2,0.9703,ai_heavy
2729,17,113,16782.2,20138.7,0.9588,ai_heavy
2730,18,113,16907.5,20289.0,0.9441,ai_heavy
2731,19,113,16614.3,19937.2,0.9272,ai_heavy
2732,20,113,16456.2,19747.4,0.9092,ai_heavy
2733,21,113,16066.4,19279.6,0.8911,ai_heavy
2734,22,113,16653.7,19984.4,0.874,ai_heavy
2735,23,113,16704.9,20045.9,0.8584,ai_heavy
2736,0,114,16024.7,19229.7,0.8118,ai_heavy
2737,1,114,16016.2,19219.5,0.8172,ai_heavy
2738,2,114,16864.3,20237.1,0.8244,ai_heavy
2739,3,114,16115.8,19338.9,0.8335,ai_heavy
2740,4,114,16199.2,19439.1,0.8449,ai_heavy
2741,5,114,16442.0,19730.4,0.8584,ai_heavy
2742,6,114,16209.5,19451.4,0.874,ai_heavy
2743,7,114,15911.4,19093.7,0.8911,ai_heavy
2744,8,114,16557.1,19868.5,0.9092,ai_heavy
2745,9,114,16411.0,19693.1,0.9272,ai_heavy
2746,10,114,17396.2,20875.4,0.9441,ai_heavy
2747,11,114,16924.0,20308.8,0.9588,ai_heavy
2748,12,114,16274.0,19528.8,0.9703,ai_heavy
2749,13,114,16956.5,20347.8,0.9775,ai_heavy
2750,14,114,16755.0,20106.0,0.98,ai_heavy
2751,15,114,17245.4,20694.5,0.9775,ai_heavy
2752,16,114,16309.3,19571.2,0.9703,ai_heavy
2753,17,114,16626.5,19951.8,0.9588,ai_heavy
2754,18,114,16436.1,19723.3,0.9441,ai_heavy
2755,19,114,16458.9,19750.7,0.9272,ai_heavy
2756,20,114,15936.7,19124.1,0.9092,ai_heavy
2757,21,114,16594.7,19913.7,0.8911,ai_heavy
2758,22,114,16461.0,19753.2,0.874,ai_heavy
2759,23,114,16831.5,20197.8,0.8584,ai_heavy
2760,0,115,16050.3,19260.3,0.8118,ai_heavy
2761,1,115,15874.0,19048.8,0.8172,ai_heavy
2762,2,115,16477.0,19772.4,0.8244,ai_heavy
2763,3,115,15741.4,18889.7,0.8335,ai_heavy
2764,4,115,16688.6,20026.3,0.8449,ai_heavy
2765,5,115,16733.1,20079.7,0.8584,ai_heavy
2766,6,115,16870.4,20244.4,0.874,ai_heavy
2767,7,115,16497.2,19796.6,0.8911,ai_heavy
2768,8,115,16132.5,19359.1,0.9092,ai_heavy
2769,9,115,16483.9,19780.6,0.9272,ai_heavy
2770,10,115,16673.1,20007.7,0.9441,ai_heavy
2771,11,115,16255.1,19506.1,0.9588,ai_heavy
2772,12,115,17232.7,20679.3,0.9703,ai_heavy
2773,13,115,16882.4,20258.8,0.9775,ai_heavy
2774,14,115,16157.3,19388.8,0.98,ai_heavy
2775,15,115,17500.0,21000.0,0.9775,ai_heavy
2776,16,115,16618.5,19942.2,0.9703,ai_heavy
2777,17,115,15990.3,19188.3,0.9588,ai_heavy
2778,18,115,16074.5,19289.4,0.9441,ai_heavy
2779,19,115,17163.4,20596.1,0.9272,ai_heavy
2780,20,115,17267.8,20721.4,0.9092,ai_heavy
2781,21,115,16806.9,20168.3,0.8911,ai_heavy
2782,22,115,16900.6,20280.7,0.874,ai_heavy
2783,23,115,16798.1,20157.7,0.8584,ai_heavy
2784,0,116,16323.4,19588.0,0.8118,ai_heavy
2785,1,116,16231.3,19477.5,0.8172,ai_heavy
2786,2,116,16356.5,19627.8,0.8244,ai_heavy
2787,3,116,16481.7,19778.0,0.8335,ai_heavy
2788,4,116,15803.0,18963.5,0.8449,ai_heavy
2789,5,116,16562.5,19875.0,0.8584,ai_heavy
2790,6,116,16968.6,20362.3,0.874,ai_heavy
2791,7,116,16211.9,19454.3,0.8911,ai_heavy
2792,8,116,16217.6,19461.2,0.9092,ai_heavy
2793,9,116,16664.9,19997.9,0.9272,ai_heavy
2794,10,116,16163.8,19396.6,0.9441,ai_heavy
2795,11,116,15879.8,19055.8,0.9588,ai_heavy
2796,12,116,17140.6,20568.7,0.9703,ai_heavy
2797,13,116,16369.1,19642.9,0.9775,ai_heavy
2798,14,116,16610.9,19933.0,0.98,ai_heavy
2799,15,116,16289.9,19547.8,0.9775,ai_heavy
2800,16,116,17204.7,20645.7,0.9703,ai_heavy
2801,17,116,16956.1,20347.3,0.9588,ai_heavy
2802,18,116,16366.0,19639.2,0.9441,ai_heavy
2803,19,116,15848.5,19018.2,0.9272,ai_heavy
2804,20,116,16201.1,19441.3,0.9092,ai_heavy
2805,21,116,16591.9,19910.3,0.8911,ai_heavy
2806,22,116,16349.2,19619.0,0.874,ai_heavy
2807,23,116,16259.6,19511.6,0.8584,ai_heavy
2808,0,117,16145.5,19374.6,0.8083,ai_heavy
2809,1,117,16421.3,19705.6,0.812,ai_heavy
2810,2,117,16051.9,19262.3,0.8171,ai_heavy
2811,3,117,16310.2,19572.2,0.8235,ai_heavy
2812,4,117,15641.5,18769.8,0.8314,ai_heavy
2813,5,117,17386.9,20864.3,0.8409,ai_heavy
2814,6,117,16047.2,19256.6,0.8518,ai_heavy
2815,7,117,16323.1,19587.7,0.8638,ai_heavy
2816,8,117,16541.4,19849.7,0.8764,ai_heavy
2817,9,117,16105.1,19326.1,0.889,ai_heavy
2818,10,117,16348.4,19618.1,0.9009,ai_heavy
2819,11,117,16375.9,19651.1,0.9112,ai_heavy
2820,12,117,15954.2,19145.1,0.9192,ai_heavy
2821,13,117,16636.6,19963.9,0.9243,ai_heavy
2822,14,117,15613.5,18736.1,0.926,ai_heavy
2823,15,117,17283.9,20740.7,0.9243,ai_heavy
2824,16,117,16794.3,20153.1,0.9192,ai_heavy
2825,17,117,16692.1,20030.5,0.9112,ai_heavy
2826,18,117,15493.0,18591.6,0.9009,ai_heavy
2827,19,117,15918.3,19102.0,0.889,ai_heavy
2828,20,117,16943.0,20331.6,0.8764,ai_heavy
2829,21,117,17500.0,21000.0,0.8638,ai_heavy
2830,22,117,16765.1,20118.1,0.8518,ai_heavy
2831,23,117,16652.0,19982.4,0.8409,ai_heavy
2832,0,118,16296.3,19555.5,0.8083,ai_heavy
2833,1,118,15647.6,18777.1,0.812,ai_heavy
2834,2,118,16551.9,19862.3,0.8171,ai_heavy
2835,3,118,15561.3,18673.6,0.8235,ai_heavy
2836,4,118,15533.4,18640.1,0.8314,ai_heavy
2837,5,118,15532.6,18639.1,0.8409,ai_heavy
2838,6,118,16658.8,19990.5,0.8518,ai_heavy
2839,7,118,16196.1,19435.3,0.8638,ai_heavy
2840,8,118,16314.3,19577.1,0.8764,ai_heavy
2841,9,118,16298.5,19558.2,0.889,ai_heavy
2842,10,118,15792.6,18951.1,0.9009,ai_heavy
2843,11,118,16048.5,19258.2,0.9112,ai_heavy
2844,12,118,16098.7,19318.5,0.9192,ai_heavy
2845,13,118,15728.3,18873.9,0.9243,ai_heavy
2846,14,118,16177.7,19413.2,0.926,ai_heavy
2847,15,118,15887.9,19065.4,0.9243,ai_heavy
2848,16,118,16688.3,20026.0,0.9192,ai_heavy
2849,17,118,16702.8,20043.4,0.9112,ai_heavy
2850,18,118,15710.2,18852.3,0.9009,ai_heavy
2851,19,118,16160.9,19393.1,0.889,ai_heavy
2852,20,118,17170.7,20604.8,0.8764,ai_heavy
2853,21,118,15746.7,18896.0,0.8638,ai_heavy
2854,22,118,16392.2,19670.6,0.8518,ai_heavy
2855,23,118,16200.7,19440.9,0.8409,ai_heavy
2856,0,119,16581.5,19897.8,0.8118,ai_heavy
2857,1,119,16215.1,19458.1,0.8172,ai_heavy
2858,2,119,15887.6,19065.1,0.8244,ai_heavy
2859,3,119,16157.9,19389.5,0.8335,ai_heavy
2860,4,119,16202.0,19442.4,0.8449,ai_heavy
2861,5,119,16162.0,19394.4,0.8584,ai_heavy
2862,6,119,15613.8,18736.6,0.874,ai_heavy
2863,7,119,16921.2,20305.5,0.8911,ai_heavy
2864,8,119,16895.3,20274.3,0.9092,ai_heavy
2865,9,119,15915.4,19098.4,0.9272,ai_heavy
2866,10,119,16336.4,19603.6,0.9441,ai_heavy
2867,11,119,16421.3,19705.5,0.9588,ai_heavy
2868,12,119,15995.1,19194.2,0.9703,ai_heavy
2869,13,119,15664.3,18797.2,0.9775,ai_heavy
2870,14,119,16267.7,19521.2,0.98,ai_heavy
2871,15,119,16416.2,19699.4,0.9775,ai_heavy
2872,16,119,15853.6,19024.3,0.9703,ai_heavy
2873,17,119,16620.7,19944.8,0.9588,ai_heavy
2874,18,119,17060.2,20472.2,0.9441,ai_heavy
2875,19,119,16845.1,20214.2,0.9272,ai_heavy
2876,20,119,16309.3,19571.1,0.9092,ai_heavy
2877,21,119,15412.2,18494.6,0.8911,ai_heavy
2878,22,119,16606.2,19927.5,0.874,ai_heavy
2879,23,119,16277.8,19533.3,0.8584,ai_heavy
2880,0,120,16259.5,19511.4,0.8118,ai_heavy
2881,1,120,17006.2,20407.4,0.8172,ai_heavy
2882,2,120,15697.6,18837.1,0.8244,ai_heavy
2883,3,120,14734.9,17681.9,0.8335,ai_heavy
2884,4,120,15651.7,18782.1,0.8449,ai_heavy
2885,5,120,16442.9,19731.5,0.8584,ai_heavy
2886,6,120,16270.3,19524.4,0.874,ai_heavy
2887,7,120,15718.0,18861.5,0.8911,ai_heavy
2888,8,120,15674.2,18809.0,0.9092,ai_heavy
2889,9,120,16255.3,19506.3,0.9272,ai_heavy
2890,10,120,15868.8,19042.6,0.9441,ai_heavy
2891,11,120,16791.2,20149.4,0.9588,ai_heavy
2892,12,120,16365.5,19638.6,0.9703,ai_heavy
2893,13,120,16281.4,19537.7,0.9775,ai_heavy
2894,14,120,16224.0,19468.8,0.98,ai_heavy
2895,15,120,16724.6,20069.5,0.9775,ai_heavy
2896,16,120,16591.2,19909.5,0.9703,ai_heavy
2897,17,120,16633.1,19959.7,0.9588,ai_heavy
2898,18,120,16574.2,19889.0,0.9441,ai_heavy
2899,19,120,16394.5,19673.4,0.9272,ai_heavy
2900,20,120,15864.1,19036.9,0.9092,ai_heavy
2901,21,120,15955.4,19146.5,0.8911,ai_heavy
2902,22,120,16064.7,19277.6,0.874,ai_heavy
2903,23,120,17210.7,20652.8,0.8584,ai_heavy
2904,0,121,15405.4,18486.5,0.8118,ai_heavy
2905,1,121,15870.6,19044.7,0.8172,ai_heavy
2906,2,121,16143.3,19371.9,0.8244,ai_heavy
2907,3,121,15978.9,19174.7,0.8335,ai_heavy
2908,4,121,16683.3,20019.9,0.8449,ai_heavy
2909,5,121,16056.6,19267.9,0.8584,ai_heavy
2910,6,121,16142.8,19371.3,0.874,ai_heavy
2911,7,121,16711.5,20053.8,0.8911,ai_heavy
2912,8,121,17260.8,20713.0,0.9092,ai_heavy
2913,9,121,17123.8,20548.6,0.9272,ai_heavy
2914,10,121,16417.5,19701.0,0.9441,ai_heavy
2915,11,121,16508.4,19810.0,0.9588,ai_heavy
2916,12,121,16593.3,19911.9,0.9703,ai_heavy
2917,13,121,16666.8,20000.1,0.9775,ai_heavy
2918,14,121,16179.6,19415.6,0.98,ai_heavy
2919,15,121,17059.8,20471.8,0.9775,ai_heavy
2920,16,121,16672.8,20007.3,0.9703,ai_heavy
2921,17,121,16510.7,19812.8,0.9588,ai_heavy
2922,18,121,15856.4,19027.7,0.9441,ai_heavy
2923,19,121,16460.8,19752.9,0.9272,ai_heavy
2924,20,121,15441.6,18530.0,0.9092,ai_heavy
2925,21,121,16028.2,19233.9,0.8911,ai_heavy
2926,22,121,15982.5,19179.0,0.874,ai_heavy
2927,23,121,16346.1,19615.3,0.8584,ai_heavy
2928,0,122,16960.6,20352.7,0.8118,ai_heavy
2929,1,122,16348.4,19618.0,0.8172,ai_heavy
2930,2,122,16795.2,20154.3,0.8244,ai_heavy
2931,3,122,16437.8,19725.3,0.8335,ai_heavy
2932,4,122,16708.0,20049.7,0.8449,ai_heavy
2933,5,122,17109.5,20531.4,0.8584,ai_heavy
2934,6,122,15900.2,19080.3,0.874,ai_heavy
2935,7,122,15922.8,19107.3,0.8911,ai_heavy
2936,8,122,16700.0,20040.0,0.9092,ai_heavy
2937,9,122,16428.2,19713.9,0.9272,ai_heavy
2938,10,122,16594.1,19912.9,0.9441,ai_heavy
2939,11,122,16409.6,19691.5,0.9588,ai_heavy
2940,12,122,16273.7,19528.4,0.9703,ai_heavy
2941,13,122,17400.4,20880.5,0.9775,ai_heavy
2942,14,122,16053.9,19264.7,0.98,ai_heavy
2943,15,122,16935.3,20322.3,0.9775,ai_heavy
2944,16,122,16830.6,20196.8,0.9703,ai_heavy
2945,17,122,15749.8,18899.7,0.9588,ai_heavy
2946,18,122,16074.2,19289.1,0.9441,ai_heavy
2947,19,122,16103.4,19324.1,0.9272,ai_heavy
2948,20,122,16648.8,19978.5,0.9092,ai_heavy
2949,21,122,16133.3,19359.9,0.8911,ai_heavy
2950,22,122,16215.4,19458.5,0.874,ai_heavy
2951,23,122,15497.9,18597.5,0.8584,ai_heavy
2952,0,123,17175.4,20610.5,0.8118,ai_heavy
2953,1,123,16106.9,19328.3,0.8172,ai_heavy
2954,2,123,16336.8,19604.2,0.8244,ai_heavy
2955,3,123,15864.1,19036.9,0.8335,ai_heavy
2956,4,123,15846.1,19015.3,0.8449,ai_heavy
2957,5,123,17136.5,20563.8,0.8584,ai_heavy
2958,6,123,15322.4,18386.8,0.874,ai_heavy
2959,7,123,16449.2,19739.1,0.8911,ai_heavy
2960,8,123,15776.5,18931.8,0.9092,ai_heavy
2961,9,123,16230.4,19476.5,0.9272,ai_heavy
2962,10,123,16169.5,19403.4,0.9441,ai_heavy
2963,11,123,16043.9,19252.7,0.9588,ai_heavy
2964,12,123,16587.7,19905.2,0.9703,ai_heavy
2965,13,123,15315.2,18378.3,0.9775,ai_heavy
2966,14,123,16444.5,19733.4,0.98,ai_heavy
2967,15,123,16548.7,19858.4,0.9775,ai_heavy
2968,16,123,15894.4,19073.2,0.9703,ai_heavy
2969,17,123,17283.5,20740.2,0.9588,ai_heavy
2970,18,123,16191.1,19429.3,0.9441,ai_heavy
2971,19,123,16313.0,19575.6,0.9272,ai_heavy
2972,20,123,16080.6,19296.7,0.9092,ai_heavy
2973,21,123,16273.0,19527.5,0.8911,ai_heavy
2974,22,123,16895.2,20274.2,0.874,ai_heavy
2975,23,123,17409.0,20890.8,0.8584,ai_heavy
2976,0,124,16402.5,19683.0,0.8083,ai_heavy
2977,1,124,16579.9,19895.9,0.812,ai_heavy
2978,2,124,16899.7,20279.6,0.8171,ai_heavy
2979,3,124,16213.1,19455.7,0.8235,ai_heavy
2980,4,124,16878.1,20253.7,0.8314,ai_heavy
2981,5,124,16533.5,19840.2,0.8409,ai_heavy
2982,6,124,16254.9,19505.9,0.8518,ai_heavy
2983,7,124,16394.5,19673.4,0.8638,ai_heavy
2984,8,124,15376.3,18451.5,0.8764,ai_heavy
2985,9,124,16448.9,19738.7,0.889,ai_heavy
2986,10,124,15587.6,18705.1,0.9009,ai_heavy
2987,11,124,15579.5,18695.4,0.9112,ai_heavy
2988,12,124,16499.0,19798.7,0.9192,ai_heavy
2989,13,124,15871.7,19046.0,0.9243,ai_heavy
2990,14,124,16422.7,19707.2,0.926,ai_heavy
2991,15,124,16488.7,19786.5,0.9243,ai_heavy
2992,16,124,16494.1,19792.9,0.9192,ai_heavy
2993,17,124,15933.8,19120.6,0.9112,ai_heavy
2994,18,124,16785.2,20142.3,0.9009,ai_heavy
2995,19,124,16262.4,19514.9,0.889,ai_heavy
2996,20,124,16480.3,19776.3,0.8764,ai_heavy
2997,21,124,15641.7,18770.0,0.8638,ai_heavy
2998,22,124,16098.4,19318.1,0.8518,ai_heavy
2999,23,124,16681.2,20017.5,0.8409,ai_heavy
3000,0,125,16510.5,19812.6,0.8083,ai_heavy
3001,1,125,15671.8,18806.2,0.812,ai_heavy
3002,2,125,15809.0,18970.8,0.8171,ai_heavy
3003,3,125,15615.6,18738.7,0.8235,ai_heavy
3004,4,125,15801.4,18961.6,0.8314,ai_heavy
3005,5,125,15471.8,18566.1,0.8409,ai_heavy
3006,6,125,16117.9,19341.5,0.8518,ai_heavy
3007,7,125,16532.2,19838.6,0.8638,ai_heavy
3008,8,125,15882.0,19058.4,0.8764,ai_heavy
3009,9,125,16261.7,19514.1,0.889,ai_heavy
3010,10,125,16236.5,19483.7,0.9009,ai_heavy
3011,11,125,16896.5,20275.8,0.9112,ai_heavy
3012,12,125,16103.1,19323.7,0.9192,ai_heavy
3013,13,125,16137.2,19364.6,0.9243,ai_heavy
3014,14,125,16009.3,19211.1,0.926,ai_heavy
3015,15,125,15860.2,19032.2,0.9243,ai_heavy
3016,16,125,16664.5,19997.4,0.9192,ai_heavy
3017,17,125,16311.7,19574.0,0.9112,ai_heavy
3018,18,125,16371.4,19645.7,0.9009,ai_heavy
3019,19,125,16929.6,20315.5,0.889,ai_heavy
3020,20,125,16915.0,20298.0,0.8764,ai_heavy
3021,21,125,15422.8,18507.3,0.8638,ai_heavy
3022,22,125,16499.6,19799.5,0.8518,ai_heavy
3023,23,125,16258.9,19510.7,0.8409,ai_heavy
3024,0,126,15832.8,18999.3,0.8118,ai_heavy
3025,1,126,16230.6,19476.7,0.8172,ai_heavy
3026,2,126,15262.2,18314.7,0.8244,ai_heavy
3027,3,126,16833.2,20199.9,0.8335,ai_heavy
3028,4,126,16412.2,19694.7,0.8449,ai_heavy
3029,5,126,15785.9,18943.1,0.8584,ai_heavy
3030,6,126,15971.7,19166.0,0.874,ai_heavy
3031,7,126,15479.4,18575.3,0.8911,ai_heavy
3032,8,126,16217.3,19460.7,0.9092,ai_heavy
3033,9,126,16192.1,19430.5,0.9272,ai_heavy
3034,10,126,15829.8,18995.7,0.9441,ai_heavy
3035,11,126,16918.2,20301.8,0.9588,ai_heavy
3036,12,126,17204.8,20645.7,0.9703,ai_heavy
3037,13,126,16580.0,19896.0,0.9775,ai_heavy
3038,14,126,16449.4,19739.3,0.98,ai_heavy
3039,15,126,16810.1,20172.2,0.9775,ai_heavy
3040,16,126,16560.3,19872.3,0.9703,ai_heavy
3041,17,126,15996.2,19195.4,0.9588,ai_heavy
3042,18,126,16162.3,19394.8,0.9441,ai_heavy
3043,19,126,16283.9,19540.7,0.9272,ai_heavy
3044,20,126,16493.4,19792.1,0.9092,ai_heavy
3045,21,126,16317.4,19580.9,0.8911,ai_heavy
3046,22,126,16359.8,19631.7,0.874,ai_heavy
3047,23,126,15465.2,18558.3,0.8584,ai_heavy
3048,0,127,16375.5,19650.6,0.8118,ai_heavy
3049,1,127,16074.3,19289.1,0.8172,ai_heavy
3050,2,127,17328.5,20794.2,0.8244,ai_heavy
3051,3,127,15938.1,19125.7,0.8335,ai_heavy
3052,4,127,16319.4,19583.3,0.8449,ai_heavy
3053,5,127,17500.0,21000.0,0.8584,ai_heavy
3054,6,127,16351.8,19622.2,0.874,ai_heavy
3055,7,127,16279.8,19535.7,0.8911,ai_heavy
3056,8,127,15886.8,19064.1,0.9092,ai_heavy
3057,9,127,17183.3,20620.0,0.9272,ai_heavy
3058,10,127,15911.9,19094.2,0.9441,ai_heavy
3059,11,127,16744.8,20093.7,0.9588,ai_heavy
3060,12,127,16334.6,19601.6,0.9703,ai_heavy
3061,13,127,16499.3,19799.2,0.9775,ai_heavy
3062,14,127,15892.5,19071.0,0.98,ai_heavy
3063,15,127,17262.2,20714.7,0.9775,ai_heavy
3064,16,127,16432.0,19718.4,0.9703,ai_heavy
3065,17,127,15930.3,19116.3,0.9588,ai_heavy
3066,18,127,17104.6,20525.5,0.9441,ai_heavy
3067,19,127,16181.6,19417.9,0.9272,ai_heavy
3068,20,127,16535.8,19843.0,0.9092,ai_heavy
3069,21,127,16724.7,20069.6,0.8911,ai_heavy
3070,22,127,16488.4,19786.0,0.874,ai_heavy
3071,23,127,15138.6,18166.3,0.8584,ai_heavy
3072,0,128,16390.0,19668.0,0.8118,ai_heavy
3073,1,128,16024.1,19228.9,0.8172,ai_heavy
3074,2,128,15937.0,19124.3,0.8244,ai_heavy
3075,3,128,16072.9,19287.4,0.8335,ai_heavy
3076,4,128,15381.9,18458.2,0.8449,ai_heavy
3077,5,128,16300.0,19560.0,0.8584,ai_heavy
3078,6,128,15591.7,18710.1,0.874,ai_heavy
3079,7,128,16173.0,19407.6,0.8911,ai_heavy
3080,8,128,16448.2,19737.9,0.9092,ai_heavy
3081,9,128,16959.5,20351.3,0.9272,ai_heavy
3082,10,128,16079.8,19295.7,0.9441,ai_heavy
3083,11,128,17252.9,20703.5,0.9588,ai_heavy
3084,12,128,17040.7,20448.9,0.9703,ai_heavy
3085,13,128,16379.8,19655.8,0.9775,ai_heavy
3086,14,128,16049.5,19259.3,0.98,ai_heavy
3087,15,128,15874.9,19049.8,0.9775,ai_heavy
3088,16,128,16705.1,20046.2,0.9703,ai_heavy
3089,17,128,16167.2,19400.7,0.9588,ai_heavy
3090,18,128,17078.2,20493.9,0.9441,ai_heavy
3091,19,128,16095.1,19314.1,0.9272,ai_heavy
3092,20,128,15929.1,19115.0,0.9092,ai_heavy
3093,21,128,16427.2,19712.6,0.8911,ai_heavy
3094,22,128,15922.6,19107.1,0.874,ai_heavy
3095,23,128,16210.7,19452.9,0.8584,ai_heavy
3096,0,129,16530.0,19836.0,0.8118,ai_heavy
3097,1,129,16129.1,19355.0,0.8172,ai_heavy
3098,2,129,16154.2,19385.1,0.8244,ai_heavy
3099,3,129,16224.9,19469.9,0.8335,ai_heavy
3100,4,129,15341.6,18409.9,0.8449,ai_heavy
3101,5,129,16397.1,19676.5,0.8584,ai_heavy
3102,6,129,16335.2,19602.2,0.874,ai_heavy
3103,7,129,16749.8,20099.8,0.8911,ai_heavy
3104,8,129,16669.0,20002.8,0.9092,ai_heavy
3105,9,129,16330.5,19596.6,0.9272,ai_heavy
3106,10,129,16995.7,20394.8,0.9441,ai_heavy
3107,11,129,16387.8,19665.3,0.9588,ai_heavy
3108,12,129,16692.9,20031.5,0.9703,ai_heavy
3109,13,129,16438.7,19726.4,0.9775,ai_heavy
3110,14,129,16831.6,20198.0,0.98,ai_heavy
3111,15,129,16406.2,19687.4,0.9775,ai_heavy
3112,16,129,17389.1,20866.9,0.9703,ai_heavy
3113,17,129,17500.0,21000.0,0.9588,ai_heavy
3114,18,129,16917.3,20300.8,0.9441,ai_heavy
3115,19,129,17189.8,20627.7,0.9272,ai_heavy
3116,20,129,15615.5,18738.6,0.9092,ai_heavy
3117,21,129,15617.3,18740.7,0.8911,ai_heavy
3118,22,129,16100.3,19320.4,0.874,ai_heavy
3119,23,129,16226.6,19472.0,0.8584,ai_heavy
3120,0,130,15959.7,19151.6,0.8118,ai_heavy
3121,1,130,15280.8,18337.0,0.8172,ai_heavy
3122,2,130,16651.9,19982.3,0.8244,ai_heavy
3123,3,130,17167.8,20601.3,0.8335,ai_heavy
3124,4,130,16783.7,20140.4,0.8449,ai_heavy
3125,5,130,16734.4,20081.2,0.8584,ai_heavy
3126,6,130,16367.4,19640.9,0.874,ai_heavy
3127,7,130,15900.3,19080.4,0.8911,ai_heavy
3128,8,130,16407.1,19688.5,0.9092,ai_heavy
3129,9,130,17467.9,20961.5,0.9272,ai_heavy
3130,10,130,16311.0,19573.2,0.9441,ai_heavy
3131,11,130,16307.3,19568.7,0.9588,ai_heavy
3132,12,130,17120.5,20544.6,0.9703,ai_heavy
3133,13,130,17177.9,20613.4,0.9775,ai_heavy
3134,14,130,16179.4,19415.2,0.98,ai_heavy
3135,15,130,16463.4,19756.1,0.9775,ai_heavy
3136,16,130,16320.6,19584.7,0.9703,ai_heavy
3137,17,130,16567.5,19881.0,0.9588,ai_heavy
3138,18,130,17030.9,20437.1,0.9441,ai_heavy
3139,19,130,16033.7,19240.5,0.9272,ai_heavy
3140,20,130,16906.7,20288.0,0.9092,ai_heavy
3141,21,130,16362.6,19635.1,0.8911,ai_heavy
3142,22,130,17391.7,20870.0,0.874,ai_heavy
3143,23,130,16361.6,19633.9,0.8584,ai_heavy
3144,0,131,15996.9,19196.3,0.8083,ai_heavy
3145,1,131,16332.7,19599.2,0.812,ai_heavy
3146,2,131,15909.5,19091.4,0.8171,ai_heavy
3147,3,131,15226.2,18271.4,0.8235,ai_heavy
3148,4,131,16002.5,19203.0,0.8314,ai_heavy
3149,5,131,16025.4,19230.5,0.8409,ai_heavy
3150,6,131,15411.9,18494.2,0.8518,ai_heavy
3151,7,131,16188.5,19426.2,0.8638,ai_heavy
3152,8,131,15256.4,18307.7,0.8764,ai_heavy
3153,9,131,16136.0,19363.1,0.889,ai_heavy
3154,10,131,16464.0,19756.8,0.9009,ai_heavy
3155,11,131,16425.7,19710.8,0.9112,ai_heavy
3156,12,131,16201.7,19442.1,0.9192,ai_heavy
3157,13,131,16378.4,19654.1,0.9243,ai_heavy
3158,14,131,16039.8,19247.7,0.926,ai_heavy
3159,15,131,16425.8,19711.0,0.9243,ai_heavy
3160,16,131,16432.6,19719.1,0.9192,ai_heavy
3161,17,131,15935.7,19122.9,0.9112,ai_heavy
3162,18,131,16475.8,19771.0,0.9009,ai_heavy
3163,19,131,16433.9,19720.7,0.889,ai_heavy
3164,20,131,16183.9,19420.7,0.8764,ai_heavy
3165,21,131,17402.4,20882.9,0.8638,ai_heavy
3166,22,131,16116.7,19340.0,0.8518,ai_heavy
3167,23,131,16014.3,19217.2,0.8409,ai_heavy
3168,0,132,15840.3,19008.3,0.8083,ai_heavy
3169,1,132,15588.2,18705.8,0.812,ai_heavy
3170,2,132,16402.8,19683.4,0.8171,ai_heavy
3171,3,132,15761.6,18914.0,0.8235,ai_heavy
3172,4,132,15844.1,19013.0,0.8314,ai_heavy
3173,5,132,15888.8,19066.6,0.8409,ai_heavy
3174,6,132,15706.8,18848.1,0.8518,ai_heavy
3175,7,132,15371.7,18446.1,0.8638,ai_heavy
3176,8,132,16039.1,19247.0,0.8764,ai_heavy
3177,9,132,16733.3,20079.9,0.889,ai_heavy
3178,10,132,16441.2,19729.4,0.9009,ai_heavy
3179,11,132,17144.8,20573.8,0.9112,ai_heavy
3180,12,132,16773.6,20128.3,0.9192,ai_heavy
3181,13,132,16678.6,20014.4,0.9243,ai_heavy
3182,14,132,17353.9,20824.7,0.926,ai_heavy
3183,15,132,16372.7,19647.2,0.9243,ai_heavy
3184,16,132,16435.1,19722.1,0.9192,ai_heavy
3185,17,132,16372.4,19646.9,0.9112,ai_heavy
3186,18,132,17101.5,20521.9,0.9009,ai_heavy
3187,19,132,16307.3,19568.7,0.889,ai_heavy
3188,20,132,15948.7,19138.5,0.8764,ai_heavy
3189,21,132,16510.0,19812.1,0.8638,ai_heavy
3190,22,132,15788.7,18946.4,0.8518,ai_heavy
3191,23,132,16408.1,19689.7,0.8409,ai_heavy
3192,0,133,16254.4,19505.3,0.8118,ai_heavy
3193,1,133,15981.3,19177.5,0.8172,ai_heavy
3194,2,133,16369.1,19642.9,0.8244,ai_heavy
3195,3,133,15405.9,18487.1,0.8335,ai_heavy
3196,4,133,16241.6,19489.9,0.8449,ai_heavy
3197,5,133,15981.6,19177.9,0.8584,ai_heavy
3198,6,133,17500.0,21000.0,0.874,ai_heavy
3199,7,133,16389.1,19667.0,0.8911,ai_heavy
3200,8,133,16078.6,19294.3,0.9092,ai_heavy
3201,9,133,15750.7,18900.8,0.9272,ai_heavy
3202,10,133,17130.7,20556.8,0.9441,ai_heavy
3203,11,133,16359.3,19631.2,0.9588,ai_heavy
3204,12,133,16176.7,19412.0,0.9703,ai_heavy
3205,13,133,16761.0,20113.2,0.9775,ai_heavy
3206,14,133,16925.3,20310.3,0.98,ai_heavy
3207,15,133,16909.2,20291.0,0.9775,ai_heavy
3208,16,133,16579.9,19895.8,0.9703,ai_heavy
3209,17,133,16611.9,19934.3,0.9588,ai_heavy
3210,18,133,16599.9,19919.8,0.9441,ai_heavy
3211,19,133,16595.9,19915.0,0.9272,ai_heavy
3212,20,133,16580.2,19896.2,0.9092,ai_heavy
3213,21,133,16848.5,20218.2,0.8911,ai_heavy
3214,22,133,16284.7,19541.6,0.874,ai_heavy
3215,23,133,15809.5,18971.4,0.8584,ai_heavy
3216,0,134,15985.6,19182.7,0.8118,ai_heavy
3217,1,134,16436.1,19723.3,0.8172,ai_heavy
3218,2,134,15233.2,18279.8,0.8244,ai_heavy
3219,3,134,15264.2,18317.0,0.8335,ai_heavy
3220,4,134,16607.8,19929.3,0.8449,ai_heavy
3221,5,134,16945.7,20334.8,0.8584,ai_heavy
3222,6,134,15640.1,18768.1,0.874,ai_heavy
3223,7,134,16362.0,19634.4,0.8911,ai_heavy
3224,8,134,16175.3,19410.3,0.9092,ai_heavy
3225,9,134,16301.5,19561.8,0.9272,ai_heavy
3226,10,134,16636.2,19963.4,0.9441,ai_heavy
3227,11,134,15891.7,19070.0,0.9588,ai_heavy
3228,12,134,16019.7,19223.6,0.9703,ai_heavy
3229,13,134,16443.6,19732.4,0.9775,ai_heavy
3230,14,134,16529.3,19835.1,0.98,ai_heavy
3231,15,134,16033.1,19239.7,0.9775,ai_heavy
3232,16,134,16962.6,20355.1,0.9703,ai_heavy
3233,17,134,16325.8,19591.0,0.9588,ai_heavy
3234,18,134,16276.5,19531.8,0.9441,ai_heavy
3235,19,134,16569.4,19883.3,0.9272,ai_heavy
3236,20,134,16308.2,19569.8,0.9092,ai_heavy
3237,21,134,16722.7,20067.3,0.8911,ai_heavy
3238,22,134,15801.9,18962.3,0.874,ai_heavy
3239,23,134,15527.2,18632.6,0.8584,ai_heavy
3240,0,135,15905.9,19087.1,0.8118,ai_heavy
3241,1,135,16101.7,19322.0,0.8172,ai_heavy
3242,2,135,15496.7,18596.0,0.8244,ai_heavy
3243,3,135,15454.3,18545.1,0.8335,ai_heavy
3244,4,135,16250.9,19501.1,0.8449,ai_heavy
3245,5,135,15838.2,19005.8,0.8584,ai_heavy
3246,6,135,15548.8,18658.5,0.874,ai_heavy
3247,7,135,16785.3,20142.4,0.8911,ai_heavy
3248,8,135,16061.2,19273.4,0.9092,ai_heavy
3249,9,135,16996.8,20396.2,0.9272,ai_heavy
3250,10,135,16499.2,19799.0,0.9441,ai_heavy
3251,11,135,16679.1,20014.9,0.9588,ai_heavy
3252,12,135,16464.9,19757.9,0.9703,ai_heavy
3253,13,135,15271.8,18326.2,0.9775,ai_heavy
3254,14,135,16035.5,19242.6,0.98,ai_heavy
3255,15,135,16531.0,19837.2,0.9775,ai_heavy
3256,16,135,16751.4,20101.6,0.9703,ai_heavy
3257,17,135,15645.3,18774.3,0.9588,ai_heavy
3258,18,135,16458.6,19750.3,0.9441,ai_heavy
3259,19,135,15876.9,19052.3,0.9272,ai_heavy
3260,20,135,16486.7,19784.1,0.9092,ai_heavy
3261,21,135,16303.4,19564.1,0.8911,ai_heavy
3262,22,135,16619.8,19943.7,0.874,ai_heavy
3263,23,135,16725.3,20070.3,0.8584,ai_heavy
3264,0,136,16276.2,19531.4,0.8118,ai_heavy
3265,1,136,16487.5,19785.0,0.8172,ai_heavy
3266,2,136,15926.7,19112.0,0.8244,ai_heavy
3267,3,136,17491.4,20989.6,0.8335,ai_heavy
3268,4,136,15571.6,18685.9,0.8449,ai_heavy
3269,5,136,15950.0,19140.0,0.8584,ai_heavy
3270,6,136,16696.8,20036.1,0.874,ai_heavy
3271,7,136,16681.2,20017.5,0.8911,ai_heavy
3272,8,136,16610.9,19933.0,0.9092,ai_heavy
3273,9,136,16762.9,20115.5,0.9272,ai_heavy
3274,10,136,15454.7,18545.6,0.9441,ai_heavy
3275,11,136,17321.2,20785.4,0.9588,ai_heavy
3276,12,136,16468.7,19762.4,0.9703,ai_heavy
3277,13,136,17213.8,20656.6,0.9775,ai_heavy
3278,14,136,15588.9,18706.6,0.98,ai_heavy
3279,15,136,16721.3,20065.6,0.9775,ai_heavy
3280,16,136,16289.9,19547.9,0.9703,ai_heavy
3281,17,136,16816.7,20180.0,0.9588,ai_heavy
3282,18,136,16641.9,19970.3,0.9441,ai_heavy
3283,19,136,16610.5,19932.6,0.9272,ai_heavy
3284,20,136,15851.4,19021.7,0.9092,ai_heavy
3285,21,136,16285.0,19542.0,0.8911,ai_heavy
3286,22,136,16169.3,19403.2,0.874,ai_heavy
3287,23,136,16447.4,19736.9,0.8584,ai_heavy
3288,0,137,16531.6,19837.9,0.8118,ai_heavy
3289,1,137,16145.2,19374.2,0.8172,ai_heavy
3290,2,137,15479.6,18575.5,0.8244,ai_heavy
3291,3,137,16177.7,19413.2,0.8335,ai_heavy
3292,4,137,17428.6,20914.3,0.8449,ai_heavy
3293,5,137,17006.9,20408.2,0.8584,ai_heavy
3294,6,137,14806.5,17767.8,0.874,ai_heavy
3295,7,137,16343.9,19612.6,0.8911,ai_heavy
3296,8,137,16829.3,20195.2,0.9092,ai_heavy
3297,9,137,16340.2,19608.2,0.9272,ai_heavy
3298,10,137,16257.6,19509.1,0.9441,ai_heavy
3299,11,137,16400.5,19680.6,0.9588,ai_heavy
3300,12,137,16844.5,20213.5,0.9703,ai_heavy
3301,13,137,16021.9,19226.3,0.9775,ai_heavy
3302,14,137,17193.7,20632.4,0.98,ai_heavy
3303,15,137,16565.7,19878.9,0.9775,ai_heavy
3304,16,137,16105.3,19326.3,0.9703,ai_heavy
3305,17,137,17090.6,20508.7,0.9588,ai_heavy
3306,18,137,15720.9,18865.1,0.9441,ai_heavy
3307,19,137,16156.4,19387.7,0.9272,ai_heavy
3308,20,137,16090.7,19308.9,0.9092,ai_heavy
3309,21,137,17362.1,20834.5,0.8911,ai_heavy
3310,22,137,15923.1,19107.7,0.874,ai_heavy
3311,23,137,15158.8,18190.6,0.8584,ai_heavy
3312,0,138,15763.6,18916.3,0.8083,ai_heavy
3313,1,138,16275.3,19530.3,0.812,ai_heavy
3314,2,138,16450.1,19740.2,0.8171,ai_heavy
3315,3,138,17192.0,20630.4,0.8235,ai_heavy
3316,4,138,16799.1,20158.9,0.8314,ai_heavy
3317,5,138,16240.7,19488.8,0.8409,ai_heavy
3318,6,138,15752.2,18902.6,0.8518,ai_heavy
3319,7,138,17014.5,20417.3,0.8638,ai_heavy
3320,8,138,16085.2,19302.2,0.8764,ai_heavy
3321,9,138,15984.1,19180.9,0.889,ai_heavy
3322,10,138,16140.1,19368.1,0.9009,ai_heavy
3323,11,138,15762.7,18915.3,0.9112,ai_heavy
3324,12,138,16175.2,19410.2,0.9192,ai_heavy
3325,13,138,16305.7,19566.8,0.9243,ai_heavy
3326,14,138,16786.2,20143.5,0.926,ai_heavy
3327,15,138,16229.3,19475.2,0.9243,ai_heavy
3328,16,138,15780.3,18936.4,0.9192,ai_heavy
3329,17,138,15590.0,18708.1,0.9112,ai_heavy
3330,18,138,16447.3,19736.8,0.9009,ai_heavy
3331,19,138,16341.6,19609.9,0.889,ai_heavy
3332,20,138,15994.6,19193.5,0.8764,ai_heavy
3333,21,138,15996.5,19195.8,0.8638,ai_heavy
3334,22,138,16373.6,19648.4,0.8518,ai_heavy
3335,23,138,16823.3,20188.0,0.8409,ai_heavy
3336,0,139,15668.1,18801.7,0.8083,ai_heavy
3337,1,139,16098.7,19318.4,0.812,ai_heavy
3338,2,139,16534.1,19841.0,0.8171,ai_heavy
3339,3,139,15718.2,18861.9,0.8235,ai_heavy
3340,4,139,16111.2,19333.5,0.8314,ai_heavy
3341,5,139,16131.2,19357.4,0.8409,ai_heavy
3342,6,139,15548.3,18658.0,0.8518,ai_heavy
3343,7,139,16306.0,19567.2,0.8638,ai_heavy
3344,8,139,16280.4,19536.5,0.8764,ai_heavy
3345,9,139,16577.6,19893.1,0.889,ai_heavy
3346,10,139,15762.6,18915.1,0.9009,ai_heavy
3347,11,139,16382.9,19659.5,0.9112,ai_heavy
3348,12,139,17084.0,20500.8,0.9192,ai_heavy
3349,13,139,17443.9,20932.7,0.9243,ai_heavy
3350,14,139,17057.0,20468.4,0.926,ai_heavy
3351,15,139,15840.7,19008.8,0.9243,ai_heavy
3352,16,139,16626.0,19951.2,0.9192,ai_heavy
3353,17,139,16140.7,19368.8,0.9112,ai_heavy
3354,18,139,16483.8,19780.5,0.9009,ai_heavy
3355,19,139,15928.3,19113.9,0.889,ai_heavy
3356,20,139,15428.9,18514.7,0.8764,ai_heavy
3357,21,139,16056.3,19267.6,0.8638,ai_heavy
3358,22,139,16535.9,19843.1,0.8518,ai_heavy
3359,23,139,16289.1,19547.0,0.8409,ai_heavy
3360,0,140,16249.2,19499.0,0.8118,ai_heavy
3361,1,140,16176.9,19412.3,0.8172,ai_heavy
3362,2,140,16291.2,19549.4,0.8244,ai_heavy
3363,3,140,16381.8,19658.2,0.8335,ai_heavy
3364,4,140,16029.4,19235.2,0.8449,ai_heavy
3365,5,140,16246.9,19496.3,0.8584,ai_heavy
3366,6,140,17107.4,20528.9,0.874,ai_heavy
3367,7,140,16382.4,19658.9,0.8911,ai_heavy
3368,8,140,16392.4,19670.9,0.9092,ai_heavy
3369,9,140,16480.8,19776.9,0.9272,ai_heavy
3370,10,140,16377.3,19652.8,0.9441,ai_heavy
3371,11,140,16317.0,19580.4,0.9588,ai_heavy
3372,12,140,16673.8,20008.5,0.9703,ai_heavy
3373,13,140,16341.8,19610.2,0.9775,ai_heavy
3374,14,140,16529.2,19835.0,0.98,ai_heavy
3375,15,140,16200.1,19440.1,0.9775,ai_heavy
3376,16,140,16623.7,19948.5,0.9703,ai_heavy
3377,17,140,16822.7,20187.2,0.9588,ai_heavy
3378,18,140,16380.3,19656.4,0.9441,ai_heavy
3379,19,140,15440.1,18528.1,0.9272,ai_heavy
3380,20,140,16661.4,19993.7,0.9092,ai_heavy
3381,21,140,16371.7,19646.0,0.8911,ai_heavy
3382,22,140,15772.8,18927.3,0.874,ai_heavy
3383,23,140,16582.6,19899.1,0.8584,ai_heavy
3384,0,141,15381.6,18457.9,0.8118,ai_heavy
3385,1,141,16576.7,19892.0,0.8172,ai_heavy
3386,2,141,16068.1,19281.8,0.8244,ai_heavy
3387,3,141,15028.0,18033.6,0.8335,ai_heavy
3388,4,141,16249.0,19498.8,0.8449,ai_heavy
3389,5,141,16009.1,19210.9,0.8584,ai_heavy
3390,6,141,15985.6,19182.7,0.874,ai_heavy
3391,7,141,15951.8,19142.2,0.8911,ai_heavy
3392,8,141,16309.0,19570.8,0.9092,ai_heavy
3393,9,141,16190.9,19429.1,0.9272,ai_heavy
3394,10,141,15566.9,18680.2,0.9441,ai_heavy
3395,11,141,17163.9,20596.6,0.9588,ai_heavy
3396,12,141,16448.6,19738.3,0.9703,ai_heavy
3397,13,141,16229.2,19475.1,0.9775,ai_heavy
3398,14,141,16039.7,19247.6,0.98,ai_heavy
3399,15,141,16977.3,20372.7,0.9775,ai_heavy
3400,16,141,15924.6,19109.5,0.9703,ai_heavy
3401,17,141,16599.4,19919.3,0.9588,ai_heavy
3402,18,141,16196.5,19435.7,0.9441,ai_heavy
3403,19,141,16171.1,19405.3,0.9272,ai_heavy
3404,20,141,15829.5,18995.4,0.9092,ai_heavy
3405,21,141,16009.3,19211.2,0.8911,ai_heavy
3406,22,141,16261.5,19513.8,0.874,ai_heavy
3407,23,141,16321.0,19585.2,0.8584,ai_heavy
3408,0,142,15676.7,18812.1,0.8118,ai_heavy
3409,1,142,16028.8,19234.5,0.8172,ai_heavy
3410,2,142,16524.9,19829.8,0.8244,ai_heavy
3411,3,142,15321.3,18385.6,0.8335,ai_heavy
3412,4,142,16159.5,19391.4,0.8449,ai_heavy
3413,5,142,15744.3,18893.2,0.8584,ai_heavy
3414,6,142,15743.8,18892.5,0.874,ai_heavy
3415,7,142,16440.6,19728.7,0.8911,ai_heavy
3416,8,142,16103.7,19324.4,0.9092,ai_heavy
3417,9,142,15830.3,18996.3,0.9272,ai_heavy
3418,10,142,17140.0,20568.0,0.9441,ai_heavy
3419,11,142,16989.3,20387.1,0.9588,ai_heavy
3420,12,142,15609.5,18731.4,0.9703,ai_heavy
3421,13,142,15859.6,19031.5,0.9775,ai_heavy
3422,14,142,16897.2,20276.7,0.98,ai_heavy
3423,15,142,16451.8,19742.1,0.9775,ai_heavy
3424,16,142,17316.0,20779.2,0.9703,ai_heavy
3425,17,142,16838.6,20206.3,0.9588,ai_heavy
3426,18,142,16633.2,19959.8,0.9441,ai_heavy
3427,19,142,15926.4,19111.7,0.9272,ai_heavy
3428,20,142,16612.9,19935.4,0.9092,ai_heavy
3429,21,142,15688.5,18826.2,0.8911,ai_heavy
3430,22,142,16893.8,20272.5,0.874,ai_heavy
3431,23,142,16411.8,19694.2,0.8584,ai_heavy
3432,0,143,15657.8,18789.4,0.8118,ai_heavy
3433,1,143,16460.6,19752.7,0.8172,ai_heavy
3434,2,143,17178.2,20613.9,0.8244,ai_heavy
3435,3,143,16020.4,19224.4,0.8335,ai_heavy
3436,4,143,16429.4,19715.3,0.8449,ai_heavy
3437,5,143,15996.6,19196.0,0.8584,ai_heavy
3438,6,143,16298.8,19558.6,0.874,ai_heavy
3439,7,143,15575.3,18690.3,0.8911,ai_heavy
3440,8,143,16371.2,19645.5,0.9092,ai_heavy
3441,9,143,16451.5,19741.8,0.9272,ai_heavy
3442,10,143,17374.8,20849.8,0.9441,ai_heavy
3443,11,143,15642.6,18771.2,0.9588,ai_heavy
3444,12,143,16430.4,19716.5,0.9703,ai_heavy
3445,13,143,17234.8,20681.8,0.9775,ai_heavy
3446,14,143,16481.3,19777.5,0.98,ai_heavy
3447,15,143,16508.3,19810.0,0.9775,ai_heavy
3448,16,143,16155.8,19387.0,0.9703,ai_heavy
3449,17,143,16070.4,19284.4,0.9588,ai_heavy
3450,18,143,15582.1,18698.5,0.9441,ai_heavy
3451,19,143,16119.9,19343.9,0.9272,ai_heavy
3452,20,143,15885.6,19062.7,0.9092,ai_heavy
3453,21,143,16370.6,19644.8,0.8911,ai_heavy
3454,22,143,15873.0,19047.6,0.874,ai_heavy
3455,23,143,15973.4,19168.1,0.8584,ai_heavy
3456,0,144,15837.3,19004.8,0.8118,ai_heavy
3457,1,144,16049.4,19259.3,0.8172,ai_heavy
3458,2,144,15840.6,19008.8,0.8244,ai_heavy
3459,3,144,15612.0,18734.4,0.8335,ai_heavy
3460,4,144,16204.1,19444.9,0.8449,ai_heavy
3461,5,144,16725.6,20070.7,0.8584,ai_heavy
3462,6,144,16319.8,19583.8,0.874,ai_heavy
3463,7,144,16014.4,19217.3,0.8911,ai_heavy
3464,8,144,16311.0,19573.2,0.9092,ai_heavy
3465,9,144,15419.3,18503.2,0.9272,ai_heavy
3466,10,144,16416.2,19699.4,0.9441,ai_heavy
3467,11,144,16334.4,19601.2,0.9588,ai_heavy
3468,12,144,16106.0,19327.2,0.9703,ai_heavy
3469,13,144,16219.2,19463.0,0.9775,ai_heavy
3470,14,144,16397.3,19676.8,0.98,ai_heavy
3471,15,144,17087.7,20505.2,0.9775,ai_heavy
3472,16,144,17112.9,20535.5,0.9703,ai_heavy
3473,17,144,16072.6,19287.1,0.9588,ai_heavy
3474,18,144,16228.9,19474.7,0.9441,ai_heavy
3475,19,144,16187.3,19424.7,0.9272,ai_heavy
3476,20,144,16769.1,20122.9,0.9092,ai_heavy
3477,21,144,16384.1,19660.9,0.8911,ai_heavy
3478,22,144,16302.4,19562.9,0.874,ai_heavy
3479,23,144,16467.3,19760.8,0.8584,ai_heavy
3480,0,145,15756.5,18907.8,0.8083,ai_heavy
3481,1,145,16712.8,20055.3,0.812,ai_heavy
3482,2,145,16071.2,19285.5,0.8171,ai_heavy
3483,3,145,15679.7,18815.7,0.8235,ai_heavy
3484,4,145,16007.7,19209.3,0.8314,ai_heavy
3485,5,145,16746.5,20095.8,0.8409,ai_heavy
3486,6,145,15978.6,19174.3,0.8518,ai_heavy
3487,7,145,16686.2,20023.4,0.8638,ai_heavy
3488,8,145,15959.9,19151.9,0.8764,ai_heavy
3489,9,145,15931.5,19117.8,0.889,ai_heavy
3490,10,145,16668.0,20001.6,0.9009,ai_heavy
3491,11,145,15948.6,19138.4,0.9112,ai_heavy
3492,12,145,16808.8,20170.6,0.9192,ai_heavy
3493,13,145,16593.7,19912.5,0.9243,ai_heavy
3494,14,145,15995.7,19194.8,0.926,ai_heavy
3495,15,145,16385.3,19662.4,0.9243,ai_heavy
3496,16,145,16134.0,19360.8,0.9192,ai_heavy
3497,17,145,16549.5,19859.4,0.9112,ai_heavy
3498,18,145,17270.2,20724.3,0.9009,ai_heavy
3499,19,145,16124.7,19349.6,0.889,ai_heavy
3500,20,145,16525.5,19830.6,0.8764,ai_heavy
3501,21,145,16235.9,19483.1,0.8638,ai_heavy
3502,22,145,16196.7,19436.0,0.8518,ai_heavy
3503,23,145,16069.6,19283.5,0.8409,ai_heavy
3504,0,146,15630.9,18757.1,0.8083,ai_heavy
3505,1,146,16217.3,19460.7,0.812,ai_heavy
3506,2,146,15932.9,19119.4,0.8171,ai_heavy
3507,3,146,15656.1,18787.3,0.8235,ai_heavy
3508,4,146,16609.2,19931.0,0.8314,ai_heavy
3509,5,146,16197.6,19437.1,0.8409,ai_heavy
3510,6,146,16074.3,19289.1,0.8518,ai_heavy
3511,7,146,16876.2,20251.5,0.8638,ai_heavy
3512,8,146,15369.1,18442.9,0.8764,ai_heavy
3513,9,146,16928.7,20314.4,0.889,ai_heavy
3514,10,146,15913.0,19095.6,0.9009,ai_heavy
3515,11,146,16482.0,19778.4,0.9112,ai_heavy
3516,12,146,16114.6,19337.6,0.9192,ai_heavy
3517,13,146,15965.8,19159.0,0.9243,ai_heavy
3518,14,146,17073.6,20488.4,0.926,ai_heavy
3519,15,146,17334.9,20801.9,0.9243,ai_heavy
3520,16,146,16295.2,19554.2,0.9192,ai_heavy
3521,17,146,16542.9,19851.5,0.9112,ai_heavy
3522,18,146,16372.5,19647.0,0.9009,ai_heavy
3523,19,146,17152.6,20583.1,0.889,ai_heavy
3524,20,146,15233.9,18280.7,0.8764,ai_heavy
3525,21,146,16407.6,19689.1,0.8638,ai_heavy
3526,22,146,15832.0,18998.4,0.8518,ai_heavy
3527,23,146,15008.2,18009.8,0.8409,ai_heavy
3528,0,147,15881.5,19057.8,0.8118,ai_heavy
3529,1,147,16963.7,20356.4,0.8172,ai_heavy
3530,2,147,15779.0,18934.9,0.8244,ai_heavy
3531,3,147,16508.2,19809.8,0.8335,ai_heavy
3532,4,147,16743.7,20092.5,0.8449,ai_heavy
3533,5,147,16200.4,19440.5,0.8584,ai_heavy
3534,6,147,16315.9,19579.1,0.874,ai_heavy
3535,7,147,15472.9,18567.5,0.8911,ai_heavy
3536,8,147,16019.7,19223.7,0.9092,ai_heavy
3537,9,147,16877.1,20252.5,0.9272,ai_heavy
3538,10,147,16515.1,19818.1,0.9441,ai_heavy
3539,11,147,16715.1,20058.1,0.9588,ai_heavy
3540,12,147,16636.2,19963.5,0.9703,ai_heavy
3541,13,147,17500.0,21000.0,0.9775,ai_heavy
3542,14,147,16387.2,19664.7,0.98,ai_heavy
3543,15,147,17392.8,20871.3,0.9775,ai_heavy
3544,16,147,16636.4,19963.7,0.9703,ai_heavy
3545,17,147,17373.2,20847.9,0.9588,ai_heavy
3546,18,147,15879.3,19055.1,0.9441,ai_heavy
3547,19,147,16521.1,19825.3,0.9272,ai_heavy
3548,20,147,16178.1,19413.8,0.9092,ai_heavy
3549,21,147,16381.1,19657.4,0.8911,ai_heavy
3550,22,147,16853.3,20224.0,0.874,ai_heavy
3551,23,147,16390.8,19668.9,0.8584,ai_heavy
3552,0,148,16642.9,19971.5,0.8118,ai_heavy
3553,1,148,15749.4,18899.3,0.8172,ai_heavy
3554,2,148,15698.5,18838.2,0.8244,ai_heavy
3555,3,148,16133.4,19360.1,0.8335,ai_heavy
3556,4,148,16143.8,19372.6,0.8449,ai_heavy
3557,5,148,16116.2,19339.5,0.8584,ai_heavy
3558,6,148,15789.6,18947.6,0.874,ai_heavy
3559,7,148,16899.5,20279.4,0.8911,ai_heavy
3560,8,148,16193.3,19431.9,0.9092,ai_heavy
3561,9,148,17133.0,20559.6,0.9272,ai_heavy
3562,10,148,16491.4,19789.7,0.9441,ai_heavy
3563,11,148,16854.5,20225.4,0.9588,ai_heavy
3564,12,148,16847.3,20216.7,0.9703,ai_heavy
3565,13,148,16183.3,19419.9,0.9775,ai_heavy
3566,14,148,16784.6,20141.5,0.98,ai_heavy
3567,15,148,17500.0,21000.0,0.9775,ai_heavy
3568,16,148,16695.1,20034.2,0.9703,ai_heavy
3569,17,148,16979.9,20375.9,0.9588,ai_heavy
3570,18,148,16828.0,20193.5,0.9441,ai_heavy
3571,19,148,16581.4,19897.7,0.9272,ai_heavy
3572,20,148,16463.1,19755.7,0.9092,ai_heavy
3573,21,148,16580.7,19896.9,0.8911,ai_heavy
3574,22,148,16629.4,19955.3,0.874,ai_heavy
3575,23,148,15549.2,18659.0,0.8584,ai_heavy
3576,0,149,16174.2,19409.1,0.8118,ai_heavy
3577,1,149,15983.9,19180.6,0.8172,ai_heavy
3578,2,149,15906.8,19088.1,0.8244,ai_heavy
3579,3,149,16752.6,20103.1,0.8335,ai_heavy
3580,4,149,15807.1,18968.5,0.8449,ai_heavy
3581,5,149,15528.5,18634.1,0.8584,ai_heavy
3582,6,149,16645.3,19974.3,0.874,ai_heavy
3583,7,149,15617.8,18741.3,0.8911,ai_heavy
3584,8,149,15424.6,18509.5,0.9092,ai_heavy
3585,9,149,16877.7,20253.3,0.9272,ai_heavy
3586,10,149,16563.6,19876.3,0.9441,ai_heavy
3587,11,149,16767.4,20120.9,0.9588,ai_heavy
3588,12,149,16350.1,19620.1,0.9703,ai_heavy
3589,13,149,15904.4,19085.3,0.9775,ai_heavy
3590,14,149,16011.1,19213.3,0.98,ai_heavy
3591,15,149,16458.1,19749.7,0.9775,ai_heavy
3592,16,149,15937.5,19125.0,0.9703,ai_heavy
3593,17,149,16685.2,20022.3,0.9588,ai_heavy
3594,18,149,16256.4,19507.7,0.9441,ai_heavy
3595,19,149,16521.3,19825.5,0.9272,ai_heavy
3596,20,149,16447.7,19737.2,0.9092,ai_heavy
3597,21,149,16502.2,19802.6,0.8911,ai_heavy
3598,22,149,16500.8,19800.9,0.874,ai_heavy
3599,23,149,16039.4,19247.3,0.8584,ai_heavy
3600,0,150,16143.7,19372.5,0.8118,ai_heavy
3601,1,150,16186.4,19423.7,0.8172,ai_heavy
3602,2,150,14923.0,17907.6,0.8244,ai_heavy
3603,3,150,16438.4,19726.1,0.8335,ai_heavy
3604,4,150,16235.2,19482.3,0.8449,ai_heavy
3605,5,150,16480.8,19777.0,0.8584,ai_heavy
3606,6,150,15629.6,18755.5,0.874,ai_heavy
3607,7,150,16158.3,19390.0,0.8911,ai_heavy
3608,8,150,15835.4,19002.5,0.9092,ai_heavy
3609,9,150,16797.1,20156.5,0.9272,ai_heavy
3610,10,150,15790.2,18948.2,0.9441,ai_heavy
3611,11,150,16072.3,19286.8,0.9588,ai_heavy
3612,12,150,16835.7,20202.8,0.9703,ai_heavy
3613,13,150,16280.3,19536.3,0.9775,ai_heavy
3614,14,150,16139.3,19367.1,0.98,ai_heavy
3615,15,150,17045.0,20454.0,0.9775,ai_heavy
3616,16,150,17041.2,20449.4,0.9703,ai_heavy
3617,17,150,16891.1,20269.3,0.9588,ai_heavy
3618,18,150,16904.8,20285.8,0.9441,ai_heavy
3619,19,150,16315.9,19579.1,0.9272,ai_heavy
3620,20,150,16271.0,19525.2,0.9092,ai_heavy
3621,21,150,15995.7,19194.9,0.8911,ai_heavy
3622,22,150,16339.0,19606.8,0.874,ai_heavy
3623,23,150,15949.9,19139.9,0.8584,ai_heavy
3624,0,151,15846.5,19015.8,0.8118,ai_heavy
3625,1,151,16361.9,19634.2,0.8172,ai_heavy
3626,2,151,16667.8,20001.4,0.8244,ai_heavy
3627,3,151,16318.3,19582.0,0.8335,ai_heavy
3628,4,151,17032.6,20439.1,0.8449,ai_heavy
3629,5,151,15863.6,19036.3,0.8584,ai_heavy
3630,6,151,15360.8,18432.9,0.874,ai_heavy
3631,7,151,16662.6,19995.1,0.8911,ai_heavy
3632,8,151,15992.4,19190.9,0.9092,ai_heavy
3633,9,151,16295.2,19554.2,0.9272,ai_heavy
3634,10,151,15609.8,18731.8,0.9441,ai_heavy
3635,11,151,16086.9,19304.3,0.9588,ai_heavy
3636,12,151,15823.3,18988.0,0.9703,ai_heavy
3637,13,151,16377.4,19652.9,0.9775,ai_heavy
3638,14,151,16405.2,19686.2,0.98,ai_heavy
3639,15,151,16638.4,19966.1,0.9775,ai_heavy
3640,16,151,17186.3,20623.6,0.9703,ai_heavy
3641,17,151,16868.7,20242.4,0.9588,ai_heavy
3642,18,151,15682.8,18819.4,0.9441,ai_heavy
3643,19,151,16729.7,20075.7,0.9272,ai_heavy
3644,20,151,16426.4,19711.6,0.9092,ai_heavy
3645,21,151,16265.0,19518.0,0.8911,ai_heavy
3646,22,151,16246.1,19495.3,0.874,ai_heavy
3647,23,151,16306.0,19567.2,0.8584,ai_heavy
3648,0,152,15710.6,18852.7,0.8083,ai_heavy
3649,1,152,15968.0,19161.6,0.812,ai_heavy
3650,2,152,16642.9,19971.5,0.8171,ai_heavy
3651,3,152,15753.1,18903.7,0.8235,ai_heavy
3652,4,152,15620.8,18744.9,0.8314,ai_heavy
3653,5,152,16119.7,19343.7,0.8409,ai_heavy
3654,6,152,15636.1,18763.3,0.8518,ai_heavy
3655,7,152,15385.5,18462.6,0.8638,ai_heavy
3656,8,152,16097.0,19316.3,0.8764,ai_heavy
3657,9,152,17014.7,20417.6,0.889,ai_heavy
3658,10,152,16325.6,19590.8,0.9009,ai_heavy
3659,11,152,16465.8,19758.9,0.9112,ai_heavy
3660,12,152,15355.7,18426.9,0.9192,ai_heavy
3661,13,152,16636.3,19963.6,0.9243,ai_heavy
3662,14,152,16472.2,19766.6,0.926,ai_heavy
3663,15,152,16093.0,19311.6,0.9243,ai_heavy
3664,16,152,16492.6,19791.2,0.9192,ai_heavy
3665,17,152,16461.6,19754.0,0.9112,ai_heavy
3666,18,152,15825.1,18990.1,0.9009,ai_heavy
3667,19,152,16468.4,19762.1,0.889,ai_heavy
3668,20,152,16849.2,20219.0,0.8764,ai_heavy
3669,21,152,16113.1,19335.7,0.8638,ai_heavy
3670,22,152,15763.8,18916.5,0.8518,ai_heavy
3671,23,152,16063.6,19276.3,0.8409,ai_heavy
3672,0,153,16454.9,19745.9,0.8083,ai_heavy
3673,1,153,15465.1,18558.2,0.812,ai_heavy
3674,2,153,16351.0,19621.3,0.8171,ai_heavy
3675,3,153,15765.6,18918.7,0.8235,ai_heavy
3676,4,153,16235.8,19483.0,0.8314,ai_heavy
3677,5,153,15876.2,19051.4,0.8409,ai_heavy
3678,6,153,15909.7,19091.6,0.8518,ai_heavy
3679,7,153,16965.3,20358.4,0.8638,ai_heavy
3680,8,153,15577.5,18693.0,0.8764,ai_heavy
3681,9,153,16543.5,19852.2,0.889,ai_heavy
3682,10,153,17193.5,20632.2,0.9009,ai_heavy
3683,11,153,16714.9,20057.8,0.9112,ai_heavy
3684,12,153,15749.0,18898.8,0.9192,ai_heavy
3685,13,153,15789.2,18947.0,0.9243,ai_heavy
3686,14,153,16055.8,19266.9,0.926,ai_heavy
3687,15,153,16498.3,19798.0,0.9243,ai_heavy
3688,16,153,16515.2,19818.3,0.9192,ai_heavy
3689,17,153,15753.2,18903.9,0.9112,ai_heavy
3690,18,153,15916.6,19099.9,0.9009,ai_heavy
3691,19,153,15909.1,19090.9,0.889,ai_heavy
3692,20,153,16176.8,19412.2,0.8764,ai_heavy
3693,21,153,17190.0,20628.0,0.8638,ai_heavy
3694,22,153,15731.9,18878.3,0.8518,ai_heavy
3695,23,153,15676.3,18811.5,0.8409,ai_heavy
3696,0,154,15509.3,18611.2,0.8118,ai_heavy
3697,1,154,16379.1,19654.9,0.8172,ai_heavy
3698,2,154,16075.9,19291.0,0.8244,ai_heavy
3699,3,154,15692.1,18830.5,0.8335,ai_heavy
3700,4,154,15986.6,19184.0,0.8449,ai_heavy
3701,5,154,15821.8,18986.1,0.8584,ai_heavy
3702,6,154,16401.5,19681.8,0.874,ai_heavy
3703,7,154,17500.0,21000.0,0.8911,ai_heavy
3704,8,154,16642.0,19970.4,0.9092,ai_heavy
3705,9,154,16384.2,19661.1,0.9272,ai_heavy
3706,10,154,16156.2,19387.5,0.9441,ai_heavy
3707,11,154,15866.6,19039.9,0.9588,ai_heavy
3708,12,154,16934.8,20321.7,0.9703,ai_heavy
3709,13,154,16931.8,20318.1,0.9775,ai_heavy
3710,14,154,16369.5,19643.4,0.98,ai_heavy
3711,15,154,17197.6,20637.1,0.9775,ai_heavy
3712,16,154,16580.5,19896.7,0.9703,ai_heavy
3713,17,154,16917.2,20300.6,0.9588,ai_heavy
3714,18,154,16631.6,19957.9,0.9441,ai_heavy
3715,19,154,16342.7,19611.3,0.9272,ai_heavy
3716,20,154,15902.5,19083.0,0.9092,ai_heavy
3717,21,154,16241.6,19490.0,0.8911,ai_heavy
3718,22,154,16667.8,20001.4,0.874,ai_heavy
3719,23,154,15959.5,19151.4,0.8584,ai_heavy
3720,0,155,16266.9,19520.3,0.8118,ai_heavy
3721,1,155,15550.5,18660.6,0.8172,ai_heavy
3722,2,155,16472.5,19767.0,0.8244,ai_heavy
3723,3,155,16277.0,19532.4,0.8335,ai_heavy
3724,4,155,15579.7,18695.6,0.8449,ai_heavy
3725,5,155,16097.7,19317.2,0.8584,ai_heavy
3726,6,155,16711.4,20053.7,0.874,ai_heavy
3727,7,155,15696.7,18836.1,0.8911,ai_heavy
3728,8,155,15845.5,19014.6,0.9092,ai_heavy
3729,9,155,16395.8,19675.0,0.9272,ai_heavy
3730,10,155,17500.0,21000.0,0.9441,ai_heavy
3731,11,155,16199.3,19439.2,0.9588,ai_heavy
3732,12,155,16816.3,20179.5,0.9703,ai_heavy
3733,13,155,16723.1,20067.7,0.9775,ai_heavy
3734,14,155,16308.1,19569.7,0.98,ai_heavy
3735,15,155,16673.8,20008.6,0.9775,ai_heavy
3736,16,155,16347.4,19616.9,0.9703,ai_heavy
3737,17,155,16355.5,19626.6,0.9588,ai_heavy
3738,18,155,15663.5,18796.2,0.9441,ai_heavy
3739,19,155,16418.0,19701.6,0.9272,ai_heavy
3740,20,155,16813.1,20175.7,0.9092,ai_heavy
3741,21,155,16341.0,19609.2,0.8911,ai_heavy
3742,22,155,16789.0,20146.8,0.874,ai_heavy
3743,23,155,16488.7,19786.5,0.8584,ai_heavy
3744,0,156,16026.4,19231.7,0.8118,ai_heavy
3745,1,156,15769.8,18923.8,0.8172,ai_heavy
3746,2,156,15861.0,19033.2,0.8244,ai_heavy
3747,3,156,15414.2,18497.1,0.8335,ai_heavy
3748,4,156,16033.0,19239.6,0.8449,ai_heavy
3749,5,156,16277.6,19533.1,0.8584,ai_heavy
3750,6,156,17093.8,20512.6,0.874,ai_heavy
3751,7,156,16571.4,19885.7,0.8911,ai_heavy
3752,8,156,15946.7,19136.1,0.9092,ai_heavy
3753,9,156,15720.6,18864.7,0.9272,ai_heavy
3754,10,156,16382.9,19659.5,0.9441,ai_heavy
3755,11,156,16935.6,20322.7,0.9588,ai_heavy
3756,12,156,16460.4,19752.5,0.9703,ai_heavy
3757,13,156,16863.4,20236.1,0.9775,ai_heavy
3758,14,156,16511.5,19813.7,0.98,ai_heavy
3759,15,156,16950.5,20340.6,0.9775,ai_heavy
3760,16,156,15776.1,18931.3,0.9703,ai_heavy
3761,17,156,17328.6,20794.3,0.9588,ai_heavy
3762,18,156,15934.9,19121.9,0.9441,ai_heavy
3763,19,156,16821.3,20185.5,0.9272,ai_heavy
3764,20,156,16237.8,19485.4,0.9092,ai_heavy
3765,21,156,16256.2,19507.4,0.8911,ai_heavy
3766,22,156,16139.6,19367.5,0.874,ai_heavy
3767,23,156,16330.9,19597.0,0.8584,ai_heavy
3768,0,157,16275.5,19530.6,0.8118,ai_heavy
3769,1,157,16582.9,19899.5,0.8172,ai_heavy
3770,2,157,16775.7,20130.8,0.8244,ai_heavy
3771,3,157,16286.2,19543.4,0.8335,ai_heavy
3772,4,157,16993.5,20392.1,0.8449,ai_heavy
3773,5,157,16251.8,19502.1,0.8584,ai_heavy
3774,6,157,16782.7,20139.2,0.874,ai_heavy
3775,7,157,16522.7,19827.2,0.8911,ai_heavy
3776,8,157,16101.7,19322.1,0.9092,ai_heavy
3777,9,157,16519.4,19823.3,0.9272,ai_heavy
3778,10,157,16733.9,20080.7,0.9441,ai_heavy
3779,11,157,16517.0,19820.3,0.9588,ai_heavy
3780,12,157,16775.3,20130.3,0.9703,ai_heavy
3781,13,157,17024.4,20429.3,0.9775,ai_heavy
3782,14,157,16590.0,19908.0,0.98,ai_heavy
3783,15,157,15128.1,18153.7,0.9775,ai_heavy
3784,16,157,17404.3,20885.2,0.9703,ai_heavy
3785,17,157,16385.3,19662.4,0.9588,ai_heavy
3786,18,157,16077.9,19293.5,0.9441,ai_heavy
3787,19,157,15876.0,19051.2,0.9272,ai_heavy
3788,20,157,16206.2,19447.5,0.9092,ai_heavy
3789,21,157,16037.5,19245.0,0.8911,ai_heavy
3790,22,157,15897.7,19077.3,0.874,ai_heavy
3791,23,157,15874.9,19049.9,0.8584,ai_heavy
3792,0,158,16310.3,19572.3,0.8118,ai_heavy
3793,1,158,17051.6,20461.9,0.8172,ai_heavy
3794,2,158,16492.1,19790.5,0.8244,ai_heavy
3795,3,158,16668.7,20002.5,0.8335,ai_heavy
3796,4,158,15979.5,19175.4,0.8449,ai_heavy
3797,5,158,16257.5,19509.0,0.8584,ai_heavy
3798,6,158,16465.2,19758.2,0.874,ai_heavy
3799,7,158,15990.1,19188.1,0.8911,ai_heavy
3800,8,158,16162.4,19394.9,0.9092,ai_heavy
3801,9,158,16851.3,20221.5,0.9272,ai_heavy
3802,10,158,17024.3,20429.2,0.9441,ai_heavy
3803,11,158,16566.4,19879.6,0.9588,ai_heavy
3804,12,158,15975.9,19171.1,0.9703,ai_heavy
3805,13,158,16446.4,19735.7,0.9775,ai_heavy
3806,14,158,15883.8,19060.6,0.98,ai_heavy
3807,15,158,16631.0,19957.2,0.9775,ai_heavy
3808,16,158,16697.0,20036.4,0.9703,ai_heavy
3809,17,158,16398.7,19678.4,0.9588,ai_heavy
3810,18,158,16604.6,19925.6,0.9441,ai_heavy
3811,19,158,16635.5,19962.7,0.9272,ai_heavy
3812,20,158,16497.6,19797.2,0.9092,ai_heavy
3813,21,158,15724.9,18869.8,0.8911,ai_heavy
3814,22,158,16133.6,19360.4,0.874,ai_heavy
3815,23,158,16405.9,19687.0,0.8584,ai_heavy
3816,0,159,16803.4,20164.1,0.8083,ai_heavy
3817,1,159,15924.8,19109.8,0.812,ai_heavy
3818,2,159,16337.7,19605.2,0.8171,ai_heavy
3819,3,159,16516.9,19820.3,0.8235,ai_heavy
3820,4,159,16023.7,19228.4,0.8314,ai_heavy
3821,5,159,16706.0,20047.2,0.8409,ai_heavy
3822,6,159,16768.7,20122.5,0.8518,ai_heavy
3823,7,159,16895.9,20275.0,0.8638,ai_heavy
3824,8,159,16488.7,19786.5,0.8764,ai_heavy
3825,9,159,17460.6,20952.7,0.889,ai_heavy
3826,10,159,16042.9,19251.4,0.9009,ai_heavy
3827,11,159,17421.7,20906.0,0.9112,ai_heavy
3828,12,159,16782.1,20138.6,0.9192,ai_heavy
3829,13,159,17080.8,20497.0,0.9243,ai_heavy
3830,14,159,16268.5,19522.1,0.926,ai_heavy
3831,15,159,16836.5,20203.8,0.9243,ai_heavy
3832,16,159,17106.3,20527.5,0.9192,ai_heavy
3833,17,159,15843.8,19012.5,0.9112,ai_heavy
3834,18,159,16264.5,19517.4,0.9009,ai_heavy
3835,19,159,15258.6,18310.3,0.889,ai_heavy
3836,20,159,16178.0,19413.6,0.8764,ai_heavy
3837,21,159,15826.8,18992.2,0.8638,ai_heavy
3838,22,159,16079.3,19295.1,0.8518,ai_heavy
3839,23,159,17500.0,21000.0,0.8409,ai_heavy
3840,0,160,16870.4,20244.4,0.8083,ai_heavy
3841,1,160,15362.5,18435.0,0.812,ai_heavy
3842,2,160,16340.0,19608.1,0.8171,ai_heavy
3843,3,160,16478.7,19774.4,0.8235,ai_heavy
3844,4,160,15955.4,19146.5,0.8314,ai_heavy
3845,5,160,16236.0,19483.2,0.8409,ai_heavy
3846,6,160,16319.0,19582.8,0.8518,ai_heavy
3847,7,160,15568.6,18682.3,0.8638,ai_heavy
3848,8,160,15761.8,18914.2,0.8764,ai_heavy
3849,9,160,16390.3,19668.4,0.889,ai_heavy
3850,10,160,16393.3,19672.0,0.9009,ai_heavy
3851,11,160,16029.9,19235.9,0.9112,ai_heavy
3852,12,160,16013.1,19215.7,0.9192,ai_heavy
3853,13,160,16376.3,19651.6,0.9243,ai_heavy
3854,14,160,16862.8,20235.4,0.926,ai_heavy
3855,15,160,16382.8,19659.4,0.9243,ai_heavy
3856,16,160,17202.6,20643.1,0.9192,ai_heavy
3857,17,160,16036.2,19243.4,0.9112,ai_heavy
3858,18,160,16439.3,19727.1,0.9009,ai_heavy
3859,19,160,16132.7,19359.3,0.889,ai_heavy
3860,20,160,16551.9,19862.3,0.8764,ai_heavy
3861,21,160,15843.6,19012.3,0.8638,ai_heavy
3862,22,160,17120.9,20545.0,0.8518,ai_heavy
3863,23,160,15330.5,18396.6,0.8409,ai_heavy
3864,0,161,16881.4,20257.7,0.8118,ai_heavy
3865,1,161,16116.0,19339.2,0.8172,ai_heavy
3866,2,161,16362.6,19635.1,0.8244,ai_heavy
3867,3,161,16771.2,20125.5,0.8335,ai_heavy
3868,4,161,16578.4,19894.1,0.8449,ai_heavy
3869,5,161,15851.7,19022.0,0.8584,ai_heavy
3870,6,161,16549.8,19859.8,0.874,ai_heavy
3871,7,161,17226.8,20672.1,0.8911,ai_heavy
3872,8,161,15935.7,19122.8,0.9092,ai_heavy
3873,9,161,17474.2,20969.1,0.9272,ai_heavy
3874,10,161,16675.8,20011.0,0.9441,ai_heavy
3875,11,161,16318.1,19581.7,0.9588,ai_heavy
3876,12,161,16126.0,19351.2,0.9703,ai_heavy
3877,13,161,16482.4,19778.9,0.9775,ai_heavy
3878,14,161,15627.8,18753.4,0.98,ai_heavy
3879,15,161,16386.9,19664.3,0.9775,ai_heavy
3880,16,161,16439.4,19727.2,0.9703,ai_heavy
3881,17,161,16000.0,19200.0,0.9588,ai_heavy
3882,18,161,16854.9,20225.9,0.9441,ai_heavy
3883,19,161,16322.2,19586.7,0.9272,ai_heavy
3884,20,161,16059.2,19271.1,0.9092,ai_heavy
3885,21,161,16153.7,19384.4,0.8911,ai_heavy
3886,22,161,16430.4,19716.4,0.874,ai_heavy
3887,23,161,16242.2,19490.6,0.8584,ai_heavy
3888,0,162,15717.5,18861.0,0.8118,ai_heavy
3889,1,162,16133.2,19359.8,0.8172,ai_heavy
3890,2,162,16071.4,19285.6,0.8244,ai_heavy
3891,3,162,15574.4,18689.3,0.8335,ai_heavy
3892,4,162,16022.6,19227.2,0.8449,ai_heavy
3893,5,162,16488.3,19785.9,0.8584,ai_heavy
3894,6,162,16536.2,19843.4,0.874,ai_heavy
3895,7,162,16200.3,19440.4,0.8911,ai_heavy
3896,8,162,16703.9,20044.7,0.9092,ai_heavy
3897,9,162,15947.0,19136.4,0.9272,ai_heavy
3898,10,162,16015.8,19218.9,0.9441,ai_heavy
3899,11,162,16408.3,19690.0,0.9588,ai_heavy
3900,12,162,17314.5,20777.4,0.9703,ai_heavy
3901,13,162,16674.9,20009.8,0.9775,ai_heavy
3902,14,162,16464.5,19757.4,0.98,ai_heavy
3903,15,162,17362.3,20834.7,0.9775,ai_heavy
3904,16,162,16427.4,19712.9,0.9703,ai_heavy
3905,17,162,17500.0,21000.0,0.9588,ai_heavy
3906,18,162,16232.2,19478.7,0.9441,ai_heavy
3907,19,162,15931.4,19117.6,0.9272,ai_heavy
3908,20,162,16289.8,19547.7,0.9092,ai_heavy
3909,21,162,16191.0,19429.2,0.8911,ai_heavy
3910,22,162,15863.2,19035.9,0.874,ai_heavy
3911,23,162,17471.7,20966.0,0.8584,ai_heavy
3912,0,163,16208.6,19450.3,0.8118,ai_heavy
3913,1,163,16296.5,19555.8,0.8172,ai_heavy
3914,2,163,15872.8,19047.4,0.8244,ai_heavy
3915,3,163,15846.2,19015.4,0.8335,ai_heavy
3916,4,163,16659.8,19991.8,0.8449,ai_heavy
3917,5,163,15391.8,18470.2,0.8584,ai_heavy
3918,6,163,15699.8,18839.7,0.874,ai_heavy
3919,7,163,16191.8,19430.2,0.8911,ai_heavy
3920,8,163,17035.0,20442.1,0.9092,ai_heavy
3921,9,163,16245.5,19494.5,0.9272,ai_heavy
3922,10,163,16690.9,20029.1,0.9441,ai_heavy
3923,11,163,16546.7,19856.0,0.9588,ai_heavy
3924,12,163,17214.4,20657.3,0.9703,ai_heavy
3925,13,163,15804.7,18965.7,0.9775,ai_heavy
3926,14,163,16968.2,20361.9,0.98,ai_heavy
3927,15,163,16494.6,19793.5,0.9775,ai_heavy
3928,16,163,17029.8,20435.8,0.9703,ai_heavy
3929,17,163,16126.6,19351.9,0.9588,ai_heavy
3930,18,163,16497.2,19796.6,0.9441,ai_heavy
3931,19,163,16379.5,19655.4,0.9272,ai_heavy
3932,20,163,15879.1,19055.0,0.9092,ai_heavy
3933,21,163,15686.3,18823.5,0.8911,ai_heavy
3934,22,163,15974.1,19168.9,0.874,ai_heavy
3935,23,163,16269.8,19523.7,0.8584,ai_heavy
3936,0,164,15690.5,18828.7,0.8118,ai_heavy
3937,1,164,15913.5,19096.2,0.8172,ai_heavy
3938,2,164,15185.2,18222.3,0.8244,ai_heavy
3939,3,164,15946.3,19135.6,0.8335,ai_heavy
3940,4,164,16658.9,19990.6,0.8449,ai_heavy
3941,5,164,16549.4,19859.3,0.8584,ai_heavy
3942,6,164,16214.8,19457.7,0.874,ai_heavy
3943,7,164,16432.1,19718.5,0.8911,ai_heavy
3944,8,164,15964.7,19157.6,0.9092,ai_heavy
3945,9,164,17230.7,20676.9,0.9272,ai_heavy
3946,10,164,17500.0,21000.0,0.9441,ai_heavy
3947,11,164,16614.7,19937.6,0.9588,ai_heavy
3948,12,164,17500.0,21000.0,0.9703,ai_heavy
3949,13,164,16255.0,19506.0,0.9775,ai_heavy
3950,14,164,15978.6,19174.3,0.98,ai_heavy
3951,15,164,16240.3,19488.4,0.9775,ai_heavy
3952,16,164,16460.9,19753.1,0.9703,ai_heavy
3953,17,164,17500.0,21000.0,0.9588,ai_heavy
3954,18,164,16346.0,19615.3,0.9441,ai_heavy
3955,19,164,16006.3,19207.6,0.9272,ai_heavy
3956,20,164,15930.2,19116.3,0.9092,ai_heavy
3957,21,164,16870.8,20244.9,0.8911,ai_heavy
3958,22,164,16743.6,20092.3,0.874,ai_heavy
3959,23,164,15970.6,19164.7,0.8584,ai_heavy
3960,0,165,15151.6,18182.0,0.8118,ai_heavy
3961,1,165,15528.4,18634.1,0.8172,ai_heavy
3962,2,165,16927.0,20312.4,0.8244,ai_heavy
3963,3,165,16458.9,19750.6,0.8335,ai_heavy
3964,4,165,16194.3,19433.1,0.8449,ai_heavy
3965,5,165,17115.2,20538.3,0.8584,ai_heavy
3966,6,165,17212.3,20654.7,0.874,ai_heavy
3967,7,165,16295.3,19554.3,0.8911,ai_heavy
3968,8,165,16362.9,19635.4,0.9092,ai_heavy
3969,9,165,16143.2,19371.8,0.9272,ai_heavy
3970,10,165,16344.3,19613.2,0.9441,ai_heavy
3971,11,165,15795.7,18954.9,0.9588,ai_heavy
3972,12,165,15829.2,18995.0,0.9703,ai_heavy
3973,13,165,15736.0,18883.3,0.9775,ai_heavy
3974,14,165,17141.7,20570.1,0.98,ai_heavy
3975,15,165,15816.3,18979.6,0.9775,ai_heavy
3976,16,165,17500.0,21000.0,0.9703,ai_heavy
3977,17,165,16170.7,19404.8,0.9588,ai_heavy
3978,18,165,17344.3,20813.2,0.9441,ai_heavy
3979,19,165,16250.1,19500.1,0.9272,ai_heavy
3980,20,165,15602.3,18722.7,0.9092,ai_heavy
3981,21,165,16941.1,20329.4,0.8911,ai_heavy
3982,22,165,16940.9,20329.1,0.874,ai_heavy
3983,23,165,15766.1,18919.3,0.8584,ai_heavy
3984,0,166,15884.0,19060.7,0.8083,ai_heavy
3985,1,166,15619.5,18743.4,0.812,ai_heavy
3986,2,166,16014.0,19216.8,0.8171,ai_heavy
3987,3,166,16145.0,19374.0,0.8235,ai_heavy
3988,4,166,15948.9,19138.6,0.8314,ai_heavy
3989,5,166,15268.4,18322.1,0.8409,ai_heavy
3990,6,166,15903.0,19083.6,0.8518,ai_heavy
3991,7,166,16566.4,19879.7,0.8638,ai_heavy
3992,8,166,16163.1,19395.7,0.8764,ai_heavy
3993,9,166,16145.9,19375.0,0.889,ai_heavy
3994,10,166,15888.2,19065.8,0.9009,ai_heavy
3995,11,166,16078.3,19294.0,0.9112,ai_heavy
3996,12,166,17097.4,20516.9,0.9192,ai_heavy
3997,13,166,15859.0,19030.9,0.9243,ai_heavy
3998,14,166,16781.4,20137.7,0.926,ai_heavy
3999,15,166,16443.7,19732.4,0.9243,ai_heavy
4000,16,166,16524.5,19829.4,0.9192,ai_heavy
4001,17,166,16018.2,19221.9,0.9112,ai_heavy
4002,18,166,16172.1,19406.5,0.9009,ai_heavy
4003,19,166,16303.2,19563.9,0.889,ai_heavy
4004,20,166,16011.0,19213.2,0.8764,ai_heavy
4005,21,166,16385.3,19662.4,0.8638,ai_heavy
4006,22,166,16407.1,19688.6,0.8518,ai_heavy
4007,23,166,17202.3,20642.7,0.8409,ai_heavy
4008,0,167,16177.5,19413.0,0.8083,ai_heavy
4009,1,167,15134.7,18161.7,0.812,ai_heavy
4010,2,167,16632.9,19959.4,0.8171,ai_heavy
4011,3,167,15994.5,19193.4,0.8235,ai_heavy
4012,4,167,17091.7,20510.0,0.8314,ai_heavy
4013,5,167,16862.3,20234.7,0.8409,ai_heavy
4014,6,167,15939.7,19127.6,0.8518,ai_heavy
4015,7,167,16575.4,19890.5,0.8638,ai_heavy
4016,8,167,15975.2,19170.3,0.8764,ai_heavy
4017,9,167,16307.4,19568.8,0.889,ai_heavy
4018,10,167,16676.0,20011.2,0.9009,ai_heavy
4019,11,167,16924.9,20309.9,0.9112,ai_heavy
4020,12,167,16844.6,20213.5,0.9192,ai_heavy
4021,13,167,16457.5,19749.0,0.9243,ai_heavy
4022,14,167,17500.0,21000.0,0.926,ai_heavy
4023,15,167,16240.7,19488.8,0.9243,ai_heavy
4024,16,167,15613.1,18735.7,0.9192,ai_heavy
4025,17,167,15682.9,18819.5,0.9112,ai_heavy
4026,18,167,17067.3,20480.8,0.9009,ai_heavy
4027,19,167,16268.5,19522.3,0.889,ai_heavy
4028,20,167,16342.7,19611.2,0.8764,ai_heavy
4029,21,167,15960.0,19151.9,0.8638,ai_heavy
4030,22,167,15965.2,19158.2,0.8518,ai_heavy
4031,23,167,15768.3,18921.9,0.8409,ai_heavy
4032,0,168,16282.0,19538.5,0.8118,ai_heavy
4033,1,168,16025.7,19230.8,0.8172,ai_heavy
4034,2,168,16305.9,19567.1,0.8244,ai_heavy
4035,3,168,16289.8,19547.8,0.8335,ai_heavy
4036,4,168,15956.0,19147.2,0.8449,ai_heavy
4037,5,168,15497.4,18596.8,0.8584,ai_heavy
4038,6,168,15503.3,18603.9,0.874,ai_heavy
4039,7,168,17500.0,21000.0,0.8911,ai_heavy
4040,8,168,17097.5,20517.0,0.9092,ai_heavy
4041,9,168,17090.6,20508.8,0.9272,ai_heavy
4042,10,168,16151.5,19381.8,0.9441,ai_heavy
4043,11,168,16537.6,19845.2,0.9588,ai_heavy
4044,12,168,16164.7,19397.7,0.9703,ai_heavy
4045,13,168,15940.4,19128.5,0.9775,ai_heavy
4046,14,168,16308.4,19570.1,0.98,ai_heavy
4047,15,168,17253.8,20704.5,0.9775,ai_heavy
4048,16,168,16988.0,20385.6,0.9703,ai_heavy
4049,17,168,16051.8,19262.2,0.9588,ai_heavy
4050,18,168,16329.4,19595.3,0.9441,ai_heavy
4051,19,168,16799.3,20159.2,0.9272,ai_heavy
4052,20,168,16091.1,19309.3,0.9092,ai_heavy
4053,21,168,16351.8,19622.2,0.8911,ai_heavy
4054,22,168,16453.2,19743.8,0.874,ai_heavy
4055,23,168,16396.7,19676.0,0.8584,ai_heavy
4056,0,169,16177.5,19413.0,0.8118,ai_heavy
4057,1,169,15757.4,18908.9,0.8172,ai_heavy
4058,2,169,15829.8,18995.7,0.8244,ai_heavy
4059,3,169,15577.2,18692.7,0.8335,ai_heavy
4060,4,169,15405.5,18486.6,0.8449,ai_heavy
4061,5,169,16150.8,19381.0,0.8584,ai_heavy
4062,6,169,16655.3,19986.3,0.874,ai_heavy
4063,7,169,15637.4,18764.9,0.8911,ai_heavy
4064,8,169,16505.6,19806.7,0.9092,ai_heavy
4065,9,169,16816.8,20180.2,0.9272,ai_heavy
4066,10,169,15576.7,18692.1,0.9441,ai_heavy
4067,11,169,16398.7,19678.5,0.9588,ai_heavy
4068,12,169,17388.4,20866.1,0.9703,ai_heavy
4069,13,169,16868.4,20242.0,0.9775,ai_heavy
4070,14,169,15670.1,18804.1,0.98,ai_heavy
4071,15,169,16921.3,20305.6,0.9775,ai_heavy
4072,16,169,16198.4,19438.0,0.9703,ai_heavy
4073,17,169,16875.8,20251.0,0.9588,ai_heavy
4074,18,169,16143.8,19372.6,0.9441,ai_heavy
4075,19,169,16403.9,19684.7,0.9272,ai_heavy
4076,20,169,16107.5,19329.0,0.9092,ai_heavy
4077,21,169,16314.4,19577.3,0.8911,ai_heavy
4078,22,169,15980.5,19176.6,0.874,ai_heavy
4079,23,169,16097.9,19317.5,0.8584,ai_heavy
4080,0,170,15488.9,18586.7,0.8118,ai_heavy
4081,1,170,16309.2,19571.0,0.8172,ai_heavy
4082,2,170,16180.5,19416.6,0.8244,ai_heavy
4083,3,170,15343.6,18412.3,0.8335,ai_heavy
4084,4,170,16644.0,19972.8,0.8449,ai_heavy
4085,5,170,16120.9,19345.1,0.8584,ai_heavy
4086,6,170,16336.1,19603.3,0.874,ai_heavy
4087,7,170,16687.0,20024.4,0.8911,ai_heavy
4088,8,170,16532.7,19839.2,0.9092,ai_heavy
4089,9,170,17004.4,20405.3,0.9272,ai_heavy
4090,10,170,16340.0,19608.1,0.9441,ai_heavy
4091,11,170,17046.0,20455.2,0.9588,ai_heavy
4092,12,170,16631.2,19957.4,0.9703,ai_heavy
4093,13,170,16846.3,20215.6,0.9775,ai_heavy
4094,14,170,16802.7,20163.2,0.98,ai_heavy
4095,15,170,17211.2,20653.5,0.9775,ai_heavy
4096,16,170,16928.7,20314.4,0.9703,ai_heavy
4097,17,170,16313.2,19575.9,0.9588,ai_heavy
4098,18,170,16168.0,19401.5,0.9441,ai_heavy
4099,19,170,16405.5,19686.6,0.9272,ai_heavy
4100,20,170,15998.2,19197.8,0.9092,ai_heavy
4101,21,170,15797.9,18957.5,0.8911,ai_heavy
4102,22,170,15219.3,18263.1,0.874,ai_heavy
4103,23,170,15453.3,18544.0,0.8584,ai_heavy
4104,0,171,17011.4,20413.7,0.8118,ai_heavy
4105,1,171,15756.1,18907.3,0.8172,ai_heavy
4106,2,171,17015.0,20418.0,0.8244,ai_heavy
4107,3,171,16320.7,19584.8,0.8335,ai_heavy
4108,4,171,16138.4,19366.1,0.8449,ai_heavy
4109,5,171,15477.0,18572.4,0.8584,ai_heavy
4110,6,171,16259.4,19511.3,0.874,ai_heavy
4111,7,171,17238.9,20686.7,0.8911,ai_heavy
4112,8,171,17136.5,20563.8,0.9092,ai_heavy
4113,9,171,16565.2,19878.3,0.9272,ai_heavy
4114,10,171,15917.0,19100.4,0.9441,ai_heavy
4115,11,171,16058.2,19269.8,0.9588,ai_heavy
4116,12,171,16146.2,19375.5,0.9703,ai_heavy
4117,13,171,17229.9,20675.8,0.9775,ai_heavy
4118,14,171,17414.3,20897.2,0.98,ai_heavy
4119,15,171,16691.1,20029.3,0.9775,ai_heavy
4120,16,171,16419.4,19703.3,0.9703,ai_heavy
4121,17,171,17301.1,20761.3,0.9588,ai_heavy
4122,18,171,16001.1,19201.4,0.9441,ai_heavy
4123,19,171,16455.6,19746.7,0.9272,ai_heavy
4124,20,171,16598.9,19918.6,0.9092,ai_heavy
4125,21,171,15890.6,19068.8,0.8911,ai_heavy
4126,22,171,15947.0,19136.4,0.874,ai_heavy
4127,23,171,15859.6,19031.5,0.8584,ai_heavy
4128,0,172,16737.5,20085.0,0.8118,ai_heavy
4129,1,172,16995.7,20394.8,0.8172,ai_heavy
4130,2,172,16151.3,19381.5,0.8244,ai_heavy
4131,3,172,15995.9,19195.1,0.8335,ai_heavy
4132,4,172,15871.7,19046.0,0.8449,ai_heavy
4133,5,172,16207.4,19448.9,0.8584,ai_heavy
4134,6,172,15988.8,19186.6,0.874,ai_heavy
4135,7,172,16265.4,19518.5,0.8911,ai_heavy
4136,8,172,16574.4,19889.3,0.9092,ai_heavy
4137,9,172,16230.3,19476.3,0.9272,ai_heavy
4138,10,172,16391.3,19669.6,0.9441,ai_heavy
4139,11,172,16440.9,19729.1,0.9588,ai_heavy
4140,12,172,16412.2,19694.6,0.9703,ai_heavy
4141,13,172,16373.8,19648.6,0.9775,ai_heavy
4142,14,172,16981.3,20377.5,0.98,ai_heavy
4143,15,172,15712.1,18854.5,0.9775,ai_heavy
4144,16,172,17352.6,20823.2,0.9703,ai_heavy
4145,17,172,16600.1,19920.2,0.9588,ai_heavy
4146,18,172,16786.8,20144.1,0.9441,ai_heavy
4147,19,172,16787.4,20144.9,0.9272,ai_heavy
4148,20,172,16023.7,19228.5,0.9092,ai_heavy
4149,21,172,15865.4,19038.5,0.8911,ai_heavy
4150,22,172,15753.7,18904.5,0.874,ai_heavy
4151,23,172,16086.5,19303.8,0.8584,ai_heavy
4152,0,173,16380.1,19656.1,0.8083,ai_heavy
4153,1,173,15774.6,18929.6,0.812,ai_heavy
4154,2,173,16365.2,19638.3,0.8171,ai_heavy
4155,3,173,14949.7,17939.7,0.8235,ai_heavy
4156,4,173,15932.3,19118.8,0.8314,ai_heavy
4157,5,173,16715.1,20058.1,0.8409,ai_heavy
4158,6,173,16102.0,19322.4,0.8518,ai_heavy
4159,7,173,15820.5,18984.5,0.8638,ai_heavy
4160,8,173,15944.5,19133.4,0.8764,ai_heavy
4161,9,173,14824.8,17789.7,0.889,ai_heavy
4162,10,173,15848.4,19018.1,0.9009,ai_heavy
4163,11,173,16897.5,20277.0,0.9112,ai_heavy
4164,12,173,16117.3,19340.8,0.9192,ai_heavy
4165,13,173,16191.7,19430.0,0.9243,ai_heavy
4166,14,173,15277.1,18332.5,0.926,ai_heavy
4167,15,173,15617.1,18740.6,0.9243,ai_heavy
4168,16,173,16989.7,20387.6,0.9192,ai_heavy
4169,17,173,16681.4,20017.6,0.9112,ai_heavy
4170,18,173,15708.4,18850.1,0.9009,ai_heavy
4171,19,173,15997.6,19197.1,0.889,ai_heavy
4172,20,173,16250.8,19501.0,0.8764,ai_heavy
4173,21,173,15641.8,18770.2,0.8638,ai_heavy
4174,22,173,15211.9,18254.3,0.8518,ai_heavy
4175,23,173,16072.5,19287.0,0.8409,ai_heavy
4176,0,174,16319.2,19583.0,0.8083,ai_heavy
4177,1,174,16340.9,19609.1,0.812,ai_heavy
4178,2,174,16494.1,19792.9,0.8171,ai_heavy
4179,3,174,15342.9,18411.5,0.8235,ai_heavy
4180,4,174,16146.8,19376.1,0.8314,ai_heavy
4181,5,174,16019.6,19223.5,0.8409,ai_heavy
4182,6,174,16142.7,19371.2,0.8518,ai_heavy
4183,7,174,16120.9,19345.1,0.8638,ai_heavy
4184,8,174,15942.8,19131.3,0.8764,ai_heavy
4185,9,174,14829.8,17795.8,0.889,ai_heavy
4186,10,174,16914.3,20297.1,0.9009,ai_heavy
4187,11,174,16540.2,19848.2,0.9112,ai_heavy
4188,12,174,15673.6,18808.3,0.9192,ai_heavy
4189,13,174,16653.6,19984.3,0.9243,ai_heavy
4190,14,174,16205.7,19446.9,0.926,ai_heavy
4191,15,174,16214.1,19457.0,0.9243,ai_heavy
4192,16,174,16025.9,19231.1,0.9192,ai_heavy
4193,17,174,16641.9,19970.2,0.9112,ai_heavy
4194,18,174,15952.4,19142.9,0.9009,ai_heavy
4195,19,174,15769.5,18923.4,0.889,ai_heavy
4196,20,174,16817.3,20180.7,0.8764,ai_heavy
4197,21,174,16136.9,19364.3,0.8638,ai_heavy
4198,22,174,16113.4,19336.1,0.8518,ai_heavy
4199,23,174,16485.1,19782.1,0.8409,ai_heavy
4200,0,175,15733.6,18880.3,0.8118,ai_heavy
4201,1,175,15846.9,19016.3,0.8172,ai_heavy
4202,2,175,16243.5,19492.2,0.8244,ai_heavy
4203,3,175,15380.0,18456.0,0.8335,ai_heavy
4204,4,175,16269.7,19523.7,0.8449,ai_heavy
4205,5,175,15839.2,19007.0,0.8584,ai_heavy
4206,6,175,16674.4,20009.3,0.874,ai_heavy
4207,7,175,16580.4,19896.5,0.8911,ai_heavy
4208,8,175,16575.1,19890.1,0.9092,ai_heavy
4209,9,175,15638.0,18765.6,0.9272,ai_heavy
4210,10,175,16434.0,19720.8,0.9441,ai_heavy
4211,11,175,15949.0,19138.8,0.9588,ai_heavy
4212,12,175,16551.7,19862.1,0.9703,ai_heavy
4213,13,175,15441.0,18529.2,0.9775,ai_heavy
4214,14,175,15834.3,19001.1,0.98,ai_heavy
4215,15,175,17185.5,20622.6,0.9775,ai_heavy
4216,16,175,16753.5,20104.2,0.9703,ai_heavy
4217,17,175,16357.4,19628.9,0.9588,ai_heavy
4218,18,175,16035.7,19242.8,0.9441,ai_heavy
4219,19,175,15895.6,19074.8,0.9272,ai_heavy
4220,20,175,16469.8,19763.8,0.9092,ai_heavy
4221,21,175,16144.7,19373.6,0.8911,ai_heavy
4222,22,175,17011.5,20413.8,0.874,ai_heavy
4223,23,175,16116.8,19340.1,0.8584,ai_heavy
4224,0,176,16083.4,19300.1,0.8118,ai_heavy
4225,1,176,15403.1,18483.7,0.8172,ai_heavy
4226,2,176,15921.7,19106.0,0.8244,ai_heavy
4227,3,176,16211.3,19453.5,0.8335,ai_heavy
4228,4,176,15981.8,19178.1,0.8449,ai_heavy
4229,5,176,15970.5,19164.6,0.8584,ai_heavy
4230,6,176,16416.6,19699.9,0.874,ai_heavy
4231,7,176,17054.2,20465.0,0.8911,ai_heavy
4232,8,176,16442.7,19731.2,0.9092,ai_heavy
4233,9,176,16994.0,20392.8,0.9272,ai_heavy
4234,10,176,16792.5,20151.0,0.9441,ai_heavy
4235,11,176,17070.8,20484.9,0.9588,ai_heavy
4236,12,176,16267.0,19520.4,0.9703,ai_heavy
4237,13,176,16490.6,19788.7,0.9775,ai_heavy
4238,14,176,16500.7,19800.8,0.98,ai_heavy
4239,15,176,16865.5,20238.6,0.9775,ai_heavy
4240,16,176,16964.0,20356.8,0.9703,ai_heavy
4241,17,176,16595.0,19913.9,0.9588,ai_heavy
4242,18,176,16918.7,20302.4,0.9441,ai_heavy
4243,19,176,16152.4,19382.9,0.9272,ai_heavy
4244,20,176,16806.3,20167.6,0.9092,ai_heavy
4245,21,176,16810.0,20172.0,0.8911,ai_heavy
4246,22,176,16587.6,19905.1,0.874,ai_heavy
4247,23,176,16271.8,19526.2,0.8584,ai_heavy
4248,0,177,16398.7,19678.4,0.8118,ai_heavy
4249,1,177,15641.5,18769.9,0.8172,ai_heavy
4250,2,177,16191.6,19429.9,0.8244,ai_heavy
4251,3,177,16271.0,19525.2,0.8335,ai_heavy
4252,4,177,15517.9,18621.5,0.8449,ai_heavy
4253,5,177,16437.3,19724.8,0.8584,ai_heavy
4254,6,177,15648.1,18777.7,0.874,ai_heavy
4255,7,177,16103.5,19324.1,0.8911,ai_heavy
4256,8,177,16391.0,19669.2,0.9092,ai_heavy
4257,9,177,16069.9,19283.8,0.9272,ai_heavy
4258,10,177,16525.9,19831.1,0.9441,ai_heavy
4259,11,177,16565.9,19879.1,0.9588,ai_heavy
4260,12,177,16162.3,19394.8,0.9703,ai_heavy
4261,13,177,16876.3,20251.6,0.9775,ai_heavy
4262,14,177,16221.1,19465.3,0.98,ai_heavy
4263,15,177,17500.0,21000.0,0.9775,ai_heavy
4264,16,177,16515.6,19818.8,0.9703,ai_heavy
4265,17,177,15952.0,19142.4,0.9588,ai_heavy
4266,18,177,15998.3,19197.9,0.9441,ai_heavy
4267,19,177,16995.7,20394.8,0.9272,ai_heavy
4268,20,177,16170.5,19404.6,0.9092,ai_heavy
4269,21,177,15645.5,18774.6,0.8911,ai_heavy
4270,22,177,16673.5,20008.2,0.874,ai_heavy
4271,23,177,16004.5,19205.4,0.8584,ai_heavy
4272,0,178,16369.8,19643.8,0.8118,ai_heavy
4273,1,178,16523.7,19828.5,0.8172,ai_heavy
4274,2,178,16228.4,19474.0,0.8244,ai_heavy
4275,3,178,17284.7,20741.6,0.8335,ai_heavy
4276,4,178,15326.3,18391.5,0.8449,ai_heavy
4277,5,178,15808.9,18970.7,0.8584,ai_heavy
4278,6,178,16132.3,19358.8,0.874,ai_heavy
4279,7,178,17419.5,20903.4,0.8911,ai_heavy
4280,8,178,17254.6,20705.5,0.9092,ai_heavy
4281,9,178,17065.3,20478.3,0.9272,ai_heavy
4282,10,178,16092.4,19310.8,0.9441,ai_heavy
4283,11,178,16196.9,19436.3,0.9588,ai_heavy
4284,12,178,16158.2,19389.8,0.9703,ai_heavy
4285,13,178,16203.6,19444.3,0.9775,ai_heavy
4286,14,178,17345.1,20814.1,0.98,ai_heavy
4287,15,178,16472.2,19766.7,0.9775,ai_heavy
4288,16,178,16514.6,19817.6,0.9703,ai_heavy
4289,17,178,16917.0,20300.4,0.9588,ai_heavy
4290,18,178,15662.4,18794.9,0.9441,ai_heavy
4291,19,178,16456.0,19747.2,0.9272,ai_heavy
4292,20,178,15832.8,18999.3,0.9092,ai_heavy
4293,21,178,16168.8,19402.5,0.8911,ai_heavy
4294,22,178,15971.2,19165.4,0.874,ai_heavy
4295,23,178,15896.4,19075.7,0.8584,ai_heavy
4296,0,179,16163.8,19396.5,0.8118,ai_heavy
4297,1,179,16179.3,19415.1,0.8172,ai_heavy
4298,2,179,15989.7,19187.6,0.8244,ai_heavy
4299,3,179,16305.0,19566.0,0.8335,ai_heavy
4300,4,179,15741.4,18889.6,0.8449,ai_heavy
4301,5,179,16538.0,19845.6,0.8584,ai_heavy
4302,6,179,16156.6,19387.9,0.874,ai_heavy
4303,7,179,16076.2,19291.4,0.8911,ai_heavy
4304,8,179,15981.1,19177.4,0.9092,ai_heavy
4305,9,179,16311.1,19573.3,0.9272,ai_heavy
4306,10,179,17410.2,20892.3,0.9441,ai_heavy
4307,11,179,16501.5,19801.8,0.9588,ai_heavy
4308,12,179,16001.2,19201.4,0.9703,ai_heavy
4309,13,179,17051.0,20461.2,0.9775,ai_heavy
4310,14,179,16366.6,19639.9,0.98,ai_heavy
4311,15,179,16734.9,20081.8,0.9775,ai_heavy
4312,16,179,16269.0,19522.8,0.9703,ai_heavy
4313,17,179,17168.2,20601.8,0.9588,ai_heavy
4314,18,179,16192.9,19431.5,0.9441,ai_heavy
4315,19,179,17119.1,20542.9,0.9272,ai_heavy
4316,20,179,15856.1,19027.4,0.9092,ai_heavy
4317,21,179,16169.5,19403.4,0.8911,ai_heavy
4318,22,179,16940.0,20328.0,0.874,ai_heavy
4319,23,179,16288.4,19546.0,0.8584,ai_heavy
4320,0,180,17136.9,20564.2,0.8083,ai_heavy
4321,1,180,15926.2,19111.4,0.812,ai_heavy
4322,2,180,16196.0,19435.2,0.8171,ai_heavy
4323,3,180,17012.7,20415.3,0.8235,ai_heavy
4324,4,180,15386.7,18464.0,0.8314,ai_heavy
4325,5,180,15356.1,18427.4,0.8409,ai_heavy
4326,6,180,15798.8,18958.5,0.8518,ai_heavy
4327,7,180,16619.9,19943.9,0.8638,ai_heavy
4328,8,180,15479.5,18575.4,0.8764,ai_heavy
4329,9,180,16598.1,19917.7,0.889,ai_heavy
4330,10,180,16602.8,19923.4,0.9009,ai_heavy
4331,11,180,17367.8,20841.4,0.9112,ai_heavy
4332,12,180,16918.5,20302.3,0.9192,ai_heavy
4333,13,180,16599.9,19919.8,0.9243,ai_heavy
4334,14,180,17095.9,20515.1,0.926,ai_heavy
4335,15,180,16686.0,20023.2,0.9243,ai_heavy
4336,16,180,16177.6,19413.2,0.9192,ai_heavy
4337,17,180,15815.7,18978.8,0.9112,ai_heavy
4338,18,180,16065.4,19278.5,0.9009,ai_heavy
4339,19,180,16286.4,19543.7,0.889,ai_heavy
4340,20,180,16350.4,19620.5,0.8764,ai_heavy
4341,21,180,15184.8,18221.7,0.8638,ai_heavy
4342,22,180,16078.4,19294.1,0.8518,ai_heavy
4343,23,180,16163.5,19396.2,0.8409,ai_heavy
4344,0,181,16307.1,19568.5,0.8083,ai_heavy
4345,1,181,16839.4,20207.3,0.812,ai_heavy
4346,2,181,16161.6,19393.9,0.8171,ai_heavy
4347,3,181,15653.8,18784.6,0.8235,ai_heavy
4348,4,181,15239.6,18287.5,0.8314,ai_heavy
4349,5,181,16482.5,19779.0,0.8409,ai_heavy
4350,6,181,15763.0,18915.6,0.8518,ai_heavy
4351,7,181,16645.9,19975.1,0.8638,ai_heavy
4352,8,181,16946.9,20336.3,0.8764,ai_heavy
4353,9,181,15550.7,18660.8,0.889,ai_heavy
4354,10,181,16616.2,19939.4,0.9009,ai_heavy
4355,11,181,17013.2,20415.8,0.9112,ai_heavy
4356,12,181,16905.5,20286.6,0.9192,ai_heavy
4357,13,181,15387.8,18465.4,0.9243,ai_heavy
4358,14,181,16005.5,19206.6,0.926,ai_heavy
4359,15,181,15789.9,18947.9,0.9243,ai_heavy
4360,16,181,16661.6,19994.0,0.9192,ai_heavy
4361,17,181,16581.1,19897.4,0.9112,ai_heavy
4362,18,181,15021.7,18026.0,0.9009,ai_heavy
4363,19,181,16158.9,19390.7,0.889,ai_heavy
4364,20,181,16655.8,19986.9,0.8764,ai_heavy
4365,21,181,16296.0,19555.2,0.8638,ai_heavy
4366,22,181,16256.0,19507.2,0.8518,ai_heavy
4367,23,181,15972.8,19167.3,0.8409,ai_heavy
4368,0,182,15545.1,18654.1,0.8118,ai_heavy
4369,1,182,16064.4,19277.3,0.8172,ai_heavy
4370,2,182,16121.0,19345.2,0.8244,ai_heavy
4371,3,182,16423.3,19707.9,0.8335,ai_heavy
4372,4,182,16500.3,19800.3,0.8449,ai_heavy
4373,5,182,16248.3,19498.0,0.8584,ai_heavy
4374,6,182,16791.2,20149.4,0.874,ai_heavy
4375,7,182,16129.4,19355.3,0.8911,ai_heavy
4376,8,182,15662.3,18794.7,0.9092,ai_heavy
4377,9,182,16665.2,19998.2,0.9272,ai_heavy
4378,10,182,16547.6,19857.1,0.9441,ai_heavy
4379,11,182,16779.4,20135.3,0.9588,ai_heavy
4380,12,182,15941.5,19129.8,0.9703,ai_heavy
4381,13,182,17485.1,20982.1,0.9775,ai_heavy
4382,14,182,16955.5,20346.6,0.98,ai_heavy
4383,15,182,16450.2,19740.3,0.9775,ai_heavy
4384,16,182,16105.0,19326.0,0.9703,ai_heavy
4385,17,182,17067.2,20480.6,0.9588,ai_heavy
4386,18,182,15940.2,19128.3,0.9441,ai_heavy
4387,19,182,17500.0,21000.0,0.9272,ai_heavy
4388,20,182,16070.3,19284.4,0.9092,ai_heavy
4389,21,182,17154.9,20585.8,0.8911,ai_heavy
4390,22,182,16167.2,19400.6,0.874,ai_heavy
4391,23,182,16975.1,20370.2,0.8584,ai_heavy
4392,0,183,15701.2,18841.4,0.8118,ai_heavy
4393,1,183,16081.7,19298.0,0.8172,ai_heavy
4394,2,183,16484.4,19781.3,0.8244,ai_heavy
4395,3,183,16445.9,19735.1,0.8335,ai_heavy
4396,4,183,16696.3,20035.5,0.8449,ai_heavy
4397,5,183,15969.6,19163.5,0.8584,ai_heavy
4398,6,183,16298.5,19558.2,0.874,ai_heavy
4399,7,183,16923.8,20308.6,0.8911,ai_heavy
4400,8,183,16025.1,19230.1,0.9092,ai_heavy
4401,9,183,16712.3,20054.7,0.9272,ai_heavy
4402,10,183,16376.7,19652.1,0.9441,ai_heavy
4403,11,183,16635.0,19962.0,0.9588,ai_heavy
4404,12,183,16612.1,19934.5,0.9703,ai_heavy
4405,13,183,16201.2,19441.4,0.9775,ai_heavy
4406,14,183,16471.8,19766.2,0.98,ai_heavy
4407,15,183,16665.7,19998.9,0.9775,ai_heavy
4408,16,183,16519.0,19822.8,0.9703,ai_heavy
4409,17,183,17313.0,20775.6,0.9588,ai_heavy
4410,18,183,16984.6,20381.5,0.9441,ai_heavy
4411,19,183,16573.0,19887.6,0.9272,ai_heavy
4412,20,183,15996.7,19196.0,0.9092,ai_heavy
4413,21,183,15909.6,19091.5,0.8911,ai_heavy
4414,22,183,17219.8,20663.8,0.874,ai_heavy
4415,23,183,15715.6,18858.7,0.8584,ai_heavy
4416,0,184,16110.0,19332.0,0.8118,ai_heavy
4417,1,184,16246.7,19496.0,0.8172,ai_heavy
4418,2,184,15945.5,19134.6,0.8244,ai_heavy
4419,3,184,15640.8,18769.0,0.8335,ai_heavy
4420,4,184,15782.0,18938.4,0.8449,ai_heavy
4421,5,184,15940.9,19129.1,0.8584,ai_heavy
4422,6,184,15911.1,19093.4,0.874,ai_heavy
4423,7,184,16962.6,20355.2,0.8911,ai_heavy
4424,8,184,16367.0,19640.4,0.9092,ai_heavy
4425,9,184,16171.9,19406.2,0.9272,ai_heavy
4426,10,184,16538.0,19845.6,0.9441,ai_heavy
4427,11,184,16864.2,20237.1,0.9588,ai_heavy
4428,12,184,16398.7,19678.5,0.9703,ai_heavy
4429,13,184,17042.6,20451.1,0.9775,ai_heavy
4430,14,184,15968.6,19162.3,0.98,ai_heavy
4431,15,184,17176.7,20612.0,0.9775,ai_heavy
4432,16,184,16565.6,19878.7,0.9703,ai_heavy
4433,17,184,16509.1,19810.9,0.9588,ai_heavy
4434,18,184,16142.4,19370.8,0.9441,ai_heavy
4435,19,184,15824.8,18989.8,0.9272,ai_heavy
4436,20,184,15552.9,18663.5,0.9092,ai_heavy
4437,21,184,15939.6,19127.5,0.8911,ai_heavy
4438,22,184,16543.8,19852.5,0.874,ai_heavy
4439,23,184,15739.2,18887.1,0.8584,ai_heavy
4440,0,185,15309.3,18371.2,0.8118,ai_heavy
4441,1,185,15634.3,18761.1,0.8172,ai_heavy
4442,2,185,15910.0,19092.0,0.8244,ai_heavy
4443,3,185,15958.5,19150.2,0.8335,ai_heavy
4444,4,185,16100.0,19320.0,0.8449,ai_heavy
4445,5,185,16708.6,20050.4,0.8584,ai_heavy
4446,6,185,16866.4,20239.7,0.874,ai_heavy
4447,7,185,17294.3,20753.2,0.8911,ai_heavy
4448,8,185,15573.4,18688.1,0.9092,ai_heavy
4449,9,185,16008.2,19209.8,0.9272,ai_heavy
4450,10,185,16830.5,20196.6,0.9441,ai_heavy
4451,11,185,16307.7,19569.3,0.9588,ai_heavy
4452,12,185,16998.0,20397.5,0.9703,ai_heavy
4453,13,185,16696.7,20036.0,0.9775,ai_heavy
4454,14,185,17388.2,20865.8,0.98,ai_heavy
4455,15,185,17112.7,20535.2,0.9775,ai_heavy
4456,16,185,17097.5,20517.0,0.9703,ai_heavy
4457,17,185,16328.6,19594.4,0.9588,ai_heavy
4458,18,185,16436.9,19724.3,0.9441,ai_heavy
4459,19,185,16279.6,19535.5,0.9272,ai_heavy
4460,20,185,15631.9,18758.3,0.9092,ai_heavy
4461,21,185,17033.1,20439.8,0.8911,ai_heavy
4462,22,185,16620.7,19944.8,0.874,ai_heavy
4463,23,185,16038.8,19246.6,0.8584,ai_heavy
4464,0,186,16683.5,20020.2,0.8118,ai_heavy
4465,1,186,15768.7,18922.4,0.8172,ai_heavy
4466,2,186,15208.2,18249.9,0.8244,ai_heavy
4467,3,186,16613.0,19935.6,0.8335,ai_heavy
4468,4,186,15542.6,18651.1,0.8449,ai_heavy
4469,5,186,16111.4,19333.7,0.8584,ai_heavy
4470,6,186,16357.7,19629.2,0.874,ai_heavy
4471,7,186,16501.5,19801.8,0.8911,ai_heavy
4472,8,186,16788.2,20145.8,0.9092,ai_heavy
4473,9,186,16716.4,20059.6,0.9272,ai_heavy
4474,10,186,16757.0,20108.5,0.9441,ai_heavy
4475,11,186,16140.7,19368.9,0.9588,ai_heavy
4476,12,186,16716.3,20059.6,0.9703,ai_heavy
4477,13,186,15844.1,19012.9,0.9775,ai_heavy
4478,14,186,17379.7,20855.6,0.98,ai_heavy
4479,15,186,15895.4,19074.5,0.9775,ai_heavy
4480,16,186,16397.8,19677.4,0.9703,ai_heavy
4481,17,186,15878.8,19054.5,0.9588,ai_heavy
4482,18,186,16124.0,19348.8,0.9441,ai_heavy
4483,19,186,16436.7,19724.0,0.9272,ai_heavy
4484,20,186,16111.8,19334.1,0.9092,ai_heavy
4485,21,186,16872.9,20247.4,0.8911,ai_heavy
4486,22,186,16367.8,19641.4,0.874,ai_heavy
4487,23,186,15981.5,19177.8,0.8584,ai_heavy
4488,0,187,15979.3,19175.1,0.8083,ai_heavy
4489,1,187,16643.3,19972.0,0.812,ai_heavy
4490,2,187,16510.3,19812.4,0.8171,ai_heavy
4491,3,187,15543.2,18651.8,0.8235,ai_heavy
4492,4,187,15789.6,18947.6,0.8314,ai_heavy
4493,5,187,16379.6,19655.6,0.8409,ai_heavy
4494,6,187,16356.6,19627.9,0.8518,ai_heavy
4495,7,187,15712.8,18855.3,0.8638,ai_heavy
4496,8,187,16630.6,19956.7,0.8764,ai_heavy
4497,9,187,15870.2,19044.3,0.889,ai_heavy
4498,10,187,16983.9,20380.7,0.9009,ai_heavy
4499,11,187,16638.2,19965.8,0.9112,ai_heavy
4500,12,187,15847.0,19016.4,0.9192,ai_heavy
4501,13,187,16159.9,19391.9,0.9243,ai_heavy
4502,14,187,16156.9,19388.3,0.926,ai_heavy
4503,15,187,16499.3,19799.1,0.9243,ai_heavy
4504,16,187,16303.7,19564.4,0.9192,ai_heavy
4505,17,187,15815.2,18978.3,0.9112,ai_heavy
4506,18,187,15660.9,18793.1,0.9009,ai_heavy
4507,19,187,16574.6,19889.5,0.889,ai_heavy
4508,20,187,16404.7,19685.7,0.8764,ai_heavy
4509,21,187,16275.4,19530.5,0.8638,ai_heavy
4510,22,187,16316.5,19579.8,0.8518,ai_heavy
4511,23,187,15849.8,19019.7,0.8409,ai_heavy
4512,0,188,16132.1,19358.6,0.8083,ai_heavy
4513,1,188,17278.6,20734.3,0.812,ai_heavy
4514,2,188,16638.4,19966.1,0.8171,ai_heavy
4515,3,188,15953.7,19144.4,0.8235,ai_heavy
4516,4,188,15865.7,19038.8,0.8314,ai_heavy
4517,5,188,14763.8,17716.5,0.8409,ai_heavy
4518,6,188,16703.9,20044.7,0.8518,ai_heavy
4519,7,188,16606.9,19928.2,0.8638,ai_heavy
4520,8,188,15999.7,19199.6,0.8764,ai_heavy
4521,9,188,15605.7,18726.8,0.889,ai_heavy
4522,10,188,15778.1,18933.7,0.9009,ai_heavy
4523,11,188,16596.4,19915.7,0.9112,ai_heavy
4524,12,188,16360.1,19632.1,0.9192,ai_heavy
4525,13,188,16761.2,20113.4,0.9243,ai_heavy
4526,14,188,16468.8,19762.5,0.926,ai_heavy
4527,15,188,16896.8,20276.1,0.9243,ai_heavy
4528,16,188,16585.9,19903.1,0.9192,ai_heavy
4529,17,188,16785.3,20142.3,0.9112,ai_heavy
4530,18,188,15319.9,18383.9,0.9009,ai_heavy
4531,19,188,15702.2,18842.7,0.889,ai_heavy
4532,20,188,16087.3,19304.7,0.8764,ai_heavy
4533,21,188,16749.5,20099.4,0.8638,ai_heavy
4534,22,188,17098.1,20517.7,0.8518,ai_heavy
4535,23,188,16070.0,19284.0,0.8409,ai_heavy
4536,0,189,15760.5,18912.7,0.8118,ai_heavy
4537,1,189,15130.0,18156.0,0.8172,ai_heavy
4538,2,189,16512.8,19815.4,0.8244,ai_heavy
4539,3,189,15859.5,19031.4,0.8335,ai_heavy
4540,4,189,17500.0,21000.0,0.8449,ai_heavy
4541,5,189,15847.1,19016.5,0.8584,ai_heavy
4542,6,189,17283.9,20740.7,0.874,ai_heavy
4543,7,189,16679.1,20014.9,0.8911,ai_heavy
4544,8,189,15866.5,19039.8,0.9092,ai_heavy
4545,9,189,16544.5,19853.4,0.9272,ai_heavy
4546,10,189,16866.6,20239.9,0.9441,ai_heavy
4547,11,189,16421.2,19705.4,0.9588,ai_heavy
4548,12,189,16986.6,20383.9,0.9703,ai_heavy
4549,13,189,16999.8,20399.7,0.9775,ai_heavy
4550,14,189,16898.7,20278.4,0.98,ai_heavy
4551,15,189,16585.4,19902.5,0.9775,ai_heavy
4552,16,189,15986.0,19183.2,0.9703,ai_heavy
4553,17,189,16494.8,19793.8,0.9588,ai_heavy
4554,18,189,16572.2,19886.6,0.9441,ai_heavy
4555,19,189,15505.3,18606.4,0.9272,ai_heavy
4556,20,189,16454.6,19745.5,0.9092,ai_heavy
4557,21,189,16265.5,19518.6,0.8911,ai_heavy
4558,22,189,15624.8,18749.7,0.874,ai_heavy
4559,23,189,16044.7,19253.6,0.8584,ai_heavy
4560,0,190,15904.9,19085.9,0.8118,ai_heavy
4561,1,190,17003.3,20403.9,0.8172,ai_heavy
4562,2,190,16202.1,19442.6,0.8244,ai_heavy
4563,3,190,16626.8,19952.2,0.8335,ai_heavy
4564,4,190,16105.4,19326.5,0.8449,ai_heavy
4565,5,190,15295.5,18354.6,0.8584,ai_heavy
4566,6,190,16585.1,19902.1,0.874,ai_heavy
4567,7,190,15990.8,19188.9,0.8911,ai_heavy
4568,8,190,16206.7,19448.0,0.9092,ai_heavy
4569,9,190,15911.0,19093.3,0.9272,ai_heavy
4570,10,190,16521.1,19825.3,0.9441,ai_heavy
4571,11,190,17061.2,20473.5,0.9588,ai_heavy
4572,12,190,17033.7,20440.5,0.9703,ai_heavy
4573,13,190,17383.2,20859.9,0.9775,ai_heavy
4574,14,190,17462.3,20954.7,0.98,ai_heavy
4575,15,190,15575.1,18690.2,0.9775,ai_heavy
4576,16,190,15976.7,19172.0,0.9703,ai_heavy
4577,17,190,15636.1,18763.3,0.9588,ai_heavy
4578,18,190,16797.6,20157.1,0.9441,ai_heavy
4579,19,190,16088.4,19306.1,0.9272,ai_heavy
4580,20,190,16131.2,19357.5,0.9092,ai_heavy
4581,21,190,16206.9,19448.2,0.8911,ai_heavy
4582,22,190,16443.8,19732.5,0.874,ai_heavy
4583,23,190,15484.4,18581.3,0.8584,ai_heavy
4584,0,191,15448.8,18538.5,0.8118,ai_heavy
4585,1,191,16073.2,19287.9,0.8172,ai_heavy
4586,2,191,16674.7,20009.6,0.8244,ai_heavy
4587,3,191,16113.3,19336.0,0.8335,ai_heavy
4588,4,191,15778.7,18934.4,0.8449,ai_heavy
4589,5,191,15162.1,18194.6,0.8584,ai_heavy
4590,6,191,16721.8,20066.2,0.874,ai_heavy
4591,7,191,15952.7,19143.3,0.8911,ai_heavy
4592,8,191,15807.9,18969.5,0.9092,ai_heavy
4593,9,191,15584.6,18701.5,0.9272,ai_heavy
4594,10,191,15773.4,18928.1,0.9441,ai_heavy
4595,11,191,16056.2,19267.4,0.9588,ai_heavy
4596,12,191,16451.3,19741.6,0.9703,ai_heavy
4597,13,191,15991.9,19190.3,0.9775,ai_heavy
4598,14,191,16694.2,20033.0,0.98,ai_heavy
4599,15,191,16470.9,19765.1,0.9775,ai_heavy
4600,16,191,17500.0,21000.0,0.9703,ai_heavy
4601,17,191,15687.5,18825.1,0.9588,ai_heavy
4602,18,191,16565.0,19877.9,0.9441,ai_heavy
4603,19,191,16515.8,19819.0,0.9272,ai_heavy
4604,20,191,15865.3,19038.4,0.9092,ai_heavy
4605,21,191,16359.5,19631.4,0.8911,ai_heavy
4606,22,191,16632.5,19959.0,0.874,ai_heavy
4607,23,191,16253.5,19504.2,0.8584,ai_heavy
4608,0,192,16721.9,20066.3,0.8118,ai_heavy
4609,1,192,15022.6,18027.1,0.8172,ai_heavy
4610,2,192,15689.1,18827.0,0.8244,ai_heavy
4611,3,192,16839.2,20207.1,0.8335,ai_heavy
4612,4,192,16604.8,19925.7,0.8449,ai_heavy
4613,5,192,16469.4,19763.3,0.8584,ai_heavy
4614,6,192,16858.6,20230.4,0.874,ai_heavy
4615,7,192,15374.9,18449.9,0.8911,ai_heavy
4616,8,192,16762.2,20114.7,0.9092,ai_heavy
4617,9,192,16954.7,20345.6,0.9272,ai_heavy
4618,10,192,16159.3,19391.2,0.9441,ai_heavy
4619,11,192,17500.0,21000.0,0.9588,ai_heavy
4620,12,192,16667.7,20001.2,0.9703,ai_heavy
4621,13,192,15502.0,18602.4,0.9775,ai_heavy
4622,14,192,16791.6,20149.9,0.98,ai_heavy
4623,15,192,16235.2,19482.3,0.9775,ai_heavy
4624,16,192,17149.2,20579.0,0.9703,ai_heavy
4625,17,192,16804.7,20165.6,0.9588,ai_heavy
4626,18,192,16189.4,19427.3,0.9441,ai_heavy
4627,19,192,17170.6,20604.7,0.9272,ai_heavy
4628,20,192,16832.9,20199.5,0.9092,ai_heavy
4629,21,192,15907.7,19089.2,0.8911,ai_heavy
4630,22,192,16183.0,19419.6,0.874,ai_heavy
4631,23,192,16457.9,19749.5,0.8584,ai_heavy
4632,0,193,15879.7,19055.6,0.8118,ai_heavy
4633,1,193,15911.4,19093.6,0.8172,ai_heavy
4634,2,193,16113.6,19336.3,0.8244,ai_heavy
4635,3,193,15610.0,18732.0,0.8335,ai_heavy
4636,4,193,15079.9,18095.9,0.8449,ai_heavy
4637,5,193,16322.9,19587.4,0.8584,ai_heavy
4638,6,193,15287.2,18344.6,0.874,ai_heavy
4639,7,193,15826.9,18992.3,0.8911,ai_heavy
4640,8,193,15501.4,18601.7,0.9092,ai_heavy
4641,9,193,15617.5,18741.0,0.9272,ai_heavy
4642,10,193,16696.0,20035.1,0.9441,ai_heavy
4643,11,193,16422.7,19707.2,0.9588,ai_heavy
4644,12,193,16441.6,19729.9,0.9703,ai_heavy
4645,13,193,15938.5,19126.2,0.9775,ai_heavy
4646,14,193,16275.0,19530.0,0.98,ai_heavy
4647,15,193,16781.0,20137.2,0.9775,ai_heavy
4648,16,193,16544.2,19853.0,0.9703,ai_heavy
4649,17,193,16941.0,20329.2,0.9588,ai_heavy
4650,18,193,16962.4,20354.9,0.9441,ai_heavy
4651,19,193,16305.7,19566.9,0.9272,ai_heavy
4652,20,193,15461.8,18554.1,0.9092,ai_heavy
4653,21,193,15942.6,19131.1,0.8911,ai_heavy
4654,22,193,16209.5,19451.4,0.874,ai_heavy
4655,23,193,15829.1,18994.9,0.8584,ai_heavy
4656,0,194,15536.0,18643.2,0.8083,ai_heavy
4657,1,194,16089.4,19307.3,0.812,ai_heavy
4658,2,194,17243.9,20692.7,0.8171,ai_heavy
4659,3,194,15857.3,19028.7,0.8235,ai_heavy
4660,4,194,16117.4,19340.9,0.8314,ai_heavy
4661,5,194,15513.9,18616.7,0.8409,ai_heavy
4662,6,194,16788.8,20146.5,0.8518,ai_heavy
4663,7,194,16649.8,19979.7,0.8638,ai_heavy
4664,8,194,16658.2,19989.8,0.8764,ai_heavy
4665,9,194,16971.2,20365.5,0.889,ai_heavy
4666,10,194,16135.0,19362.0,0.9009,ai_heavy
4667,11,194,16229.5,19475.4,0.9112,ai_heavy
4668,12,194,17245.5,20694.6,0.9192,ai_heavy
4669,13,194,16732.2,20078.7,0.9243,ai_heavy
4670,14,194,15332.6,18399.1,0.926,ai_heavy
4671,15,194,16644.6,19973.5,0.9243,ai_heavy
4672,16,194,16117.8,19341.3,0.9192,ai_heavy
4673,17,194,16819.4,20183.2,0.9112,ai_heavy
4674,18,194,16544.7,19853.7,0.9009,ai_heavy
4675,19,194,15454.6,18545.5,0.889,ai_heavy
4676,20,194,16396.2,19675.5,0.8764,ai_heavy
4677,21,194,16326.5,19591.8,0.8638,ai_heavy
4678,22,194,16361.5,19633.8,0.8518,ai_heavy
4679,23,194,16428.4,19714.1,0.8409,ai_heavy
4680,0,195,16763.6,20116.3,0.8083,ai_heavy
4681,1,195,16255.2,19506.2,0.812,ai_heavy
4682,2,195,16083.1,19299.8,0.8171,ai_heavy
4683,3,195,16647.2,19976.6,0.8235,ai_heavy
4684,4,195,17203.3,20643.9,0.8314,ai_heavy
4685,5,195,16593.0,19911.5,0.8409,ai_heavy
4686,6,195,16285.1,19542.2,0.8518,ai_heavy
4687,7,195,16434.5,19721.4,0.8638,ai_heavy
4688,8,195,16390.0,19668.0,0.8764,ai_heavy
4689,9,195,16315.1,19578.1,0.889,ai_heavy
4690,10,195,17406.2,20887.5,0.9009,ai_heavy
4691,11,195,16010.0,19212.0,0.9112,ai_heavy
4692,12,195,16972.4,20366.9,0.9192,ai_heavy
4693,13,195,16358.5,19630.2,0.9243,ai_heavy
4694,14,195,15696.6,18836.0,0.926,ai_heavy
4695,15,195,16327.8,19593.3,0.9243,ai_heavy
4696,16,195,16135.0,19361.9,0.9192,ai_heavy
4697,17,195,16661.8,19994.2,0.9112,ai_heavy
4698,18,195,16389.3,19667.2,0.9009,ai_heavy
4699,19,195,15806.1,18967.3,0.889,ai_heavy
4700,20,195,16982.8,20379.4,0.8764,ai_heavy
4701,21,195,16754.6,20105.5,0.8638,ai_heavy
4702,22,195,16955.1,20346.2,0.8518,ai_heavy
4703,23,195,16264.4,19517.3,0.8409,ai_heavy
4704,0,196,16037.9,19245.5,0.8118,ai_heavy
4705,1,196,16411.9,19694.2,0.8172,ai_heavy
4706,2,196,15817.0,18980.4,0.8244,ai_heavy
4707,3,196,16188.6,19426.3,0.8335,ai_heavy
4708,4,196,16077.4,19292.8,0.8449,ai_heavy
4709,5,196,15496.2,18595.5,0.8584,ai_heavy
4710,6,196,16319.3,19583.2,0.874,ai_heavy
4711,7,196,16097.1,19316.5,0.8911,ai_heavy
4712,8,196,16252.4,19502.8,0.9092,ai_heavy
4713,9,196,16609.4,19931.2,0.9272,ai_heavy
4714,10,196,17114.4,20537.3,0.9441,ai_heavy
4715,11,196,16111.9,19334.3,0.9588,ai_heavy
4716,12,196,16402.7,19683.3,0.9703,ai_heavy
4717,13,196,16212.7,19455.3,0.9775,ai_heavy
4718,14,196,16188.2,19425.8,0.98,ai_heavy
4719,15,196,16297.6,19557.1,0.9775,ai_heavy
4720,16,196,16472.4,19766.9,0.9703,ai_heavy
4721,17,196,16823.5,20188.2,0.9588,ai_heavy
4722,18,196,16643.6,19972.3,0.9441,ai_heavy
4723,19,196,15909.1,19091.0,0.9272,ai_heavy
4724,20,196,17007.1,20408.5,0.9092,ai_heavy
4725,21,196,16775.1,20130.1,0.8911,ai_heavy
4726,22,196,15817.6,18981.2,0.874,ai_heavy
4727,23,196,16801.7,20162.1,0.8584,ai_heavy
4728,0,197,16212.6,19455.1,0.8118,ai_heavy
4729,1,197,15997.2,19196.6,0.8172,ai_heavy
4730,2,197,16268.7,19522.5,0.8244,ai_heavy
4731,3,197,16113.2,19335.8,0.8335,ai_heavy
4732,4,197,16426.8,19712.2,0.8449,ai_heavy
4733,5,197,16297.7,19557.2,0.8584,ai_heavy
4734,6,197,16092.6,19311.1,0.874,ai_heavy
4735,7,197,15321.5,18385.8,0.8911,ai_heavy
4736,8,197,16630.4,19956.5,0.9092,ai_heavy
4737,9,197,16245.9,19495.1,0.9272,ai_heavy
4738,10,197,16869.8,20243.8,0.9441,ai_heavy
4739,11,197,16771.8,20126.2,0.9588,ai_heavy
4740,12,197,16397.2,19676.7,0.9703,ai_heavy
4741,13,197,17102.8,20523.4,0.9775,ai_heavy
4742,14,197,16703.7,20044.4,0.98,ai_heavy
4743,15,197,16675.1,20010.1,0.9775,ai_heavy
4744,16,197,16501.4,19801.7,0.9703,ai_heavy
4745,17,197,17368.0,20841.5,0.9588,ai_heavy
4746,18,197,16132.3,19358.8,0.9441,ai_heavy
4747,19,197,16271.0,19525.2,0.9272,ai_heavy
4748,20,197,15763.8,18916.5,0.9092,ai_heavy
4749,21,197,16668.5,20002.2,0.8911,ai_heavy
4750,22,197,15973.2,19167.9,0.874,ai_heavy
4751,23,197,15978.1,19173.7,0.8584,ai_heavy
4752,0,198,15806.1,18967.4,0.8118,ai_heavy
4753,1,198,16102.9,19323.4,0.8172,ai_heavy
4754,2,198,15491.9,18590.3,0.8244,ai_heavy
4755,3,198,15040.4,18048.5,0.8335,ai_heavy
4756,4,198,16384.5,19661.4,0.8449,ai_heavy
4757,5,198,15179.0,18214.8,0.8584,ai_heavy
4758,6,198,16673.7,20008.5,0.874,ai_heavy
4759,7,198,17075.6,20490.7,0.8911,ai_heavy
4760,8,198,16290.8,19549.0,0.9092,ai_heavy
4761,9,198,17070.6,20484.7,0.9272,ai_heavy
4762,10,198,16473.1,19767.7,0.9441,ai_heavy
4763,11,198,17326.1,20791.4,0.9588,ai_heavy
4764,12,198,16343.3,19611.9,0.9703,ai_heavy
4765,13,198,15416.3,18499.6,0.9775,ai_heavy
4766,14,198,16561.9,19874.2,0.98,ai_heavy
4767,15,198,17443.8,20932.6,0.9775,ai_heavy
4768,16,198,16836.0,20203.2,0.9703,ai_heavy
4769,17,198,16277.3,19532.8,0.9588,ai_heavy
4770,18,198,16647.8,19977.3,0.9441,ai_heavy
4771,19,198,16908.7,20290.5,0.9272,ai_heavy
4772,20,198,16329.4,19595.3,0.9092,ai_heavy
4773,21,198,17500.0,21000.0,0.8911,ai_heavy
4774,22,198,16004.8,19205.8,0.874,ai_heavy
4775,23,198,16694.0,20032.8,0.8584,ai_heavy
4776,0,199,16422.1,19706.5,0.8118,ai_heavy
4777,1,199,15735.2,18882.2,0.8172,ai_heavy
4778,2,199,15890.9,19069.1,0.8244,ai_heavy
4779,3,199,16618.2,19941.8,0.8335,ai_heavy
4780,4,199,16232.7,19479.3,0.8449,ai_heavy
4781,5,199,16371.0,19645.1,0.8584,ai_heavy
4782,6,199,15459.3,18551.1,0.874,ai_heavy
4783,7,199,16633.9,19960.7,0.8911,ai_heavy
4784,8,199,16512.6,19815.1,0.9092,ai_heavy
4785,9,199,16398.6,19678.3,0.9272,ai_heavy
4786,10,199,16663.6,19996.3,0.9441,ai_heavy
4787,11,199,16330.0,19596.0,0.9588,ai_heavy
4788,12,199,16275.8,19531.0,0.9703,ai_heavy
4789,13,199,16473.2,19767.8,0.9775,ai_heavy
4790,14,199,16370.5,19644.6,0.98,ai_heavy
4791,15,199,17500.0,21000.0,0.9775,ai_heavy
4792,16,199,17023.3,20428.0,0.9703,ai_heavy
4793,17,199,16052.6,19263.1,0.9588,ai_heavy
4794,18,199,17492.2,20990.6,0.9441,ai_heavy
4795,19,199,16216.7,19460.0,0.9272,ai_heavy
4796,20,199,16386.0,19663.1,0.9092,ai_heavy
4797,21,199,16752.1,20102.5,0.8911,ai_heavy
4798,22,199,15296.4,18355.6,0.874,ai_heavy
4799,23,199,16091.3,19309.6,0.8584,ai_heavy
4800,0,200,15779.0,18934.8,0.8118,ai_heavy
4801,1,200,16171.5,19405.8,0.8172,ai_heavy
4802,2,200,16274.5,19529.4,0.8244,ai_heavy
4803,3,200,16088.3,19305.9,0.8335,ai_heavy
4804,4,200,16102.6,19323.1,0.8449,ai_heavy
4805,5,200,16724.5,20069.3,0.8584,ai_heavy
4806,6,200,16404.2,19685.0,0.874,ai_heavy
4807,7,200,16333.1,19599.8,0.8911,ai_heavy
4808,8,200,16444.1,19732.9,0.9092,ai_heavy
4809,9,200,17335.0,20802.0,0.9272,ai_heavy
4810,10,200,16570.5,19884.6,0.9441,ai_heavy
4811,11,200,16277.8,19533.3,0.9588,ai_heavy
4812,12,200,15621.1,18745.3,0.9703,ai_heavy
4813,13,200,15879.8,19055.7,0.9775,ai_heavy
4814,14,200,16369.1,19642.9,0.98,ai_heavy
4815,15,200,16539.6,19847.6,0.9775,ai_heavy
4816,16,200,16293.9,19552.6,0.9703,ai_heavy
4817,17,200,16707.1,20048.5,0.9588,ai_heavy
4818,18,200,16203.9,19444.7,0.9441,ai_heavy
4819,19,200,15979.3,19175.2,0.9272,ai_heavy
4820,20,200,16672.4,20006.9,0.9092,ai_heavy
4821,21,200,16983.0,20379.6,0.8911,ai_heavy
4822,22,200,15717.2,18860.6,0.874,ai_heavy
4823,23,200,16325.1,19590.1,0.8584,ai_heavy
4824,0,201,15126.7,18152.0,0.8083,ai_heavy
4825,1,201,15345.6,18414.7,0.812,ai_heavy
4826,2,201,15788.2,18945.8,0.8171,ai_heavy
4827,3,201,16640.9,19969.0,0.8235,ai_heavy
4828,4,201,15742.2,18890.7,0.8314,ai_heavy
4829,5,201,15754.2,18905.1,0.8409,ai_heavy
4830,6,201,16202.5,19443.0,0.8518,ai_heavy
4831,7,201,16242.1,19490.5,0.8638,ai_heavy
4832,8,201,15881.9,19058.3,0.8764,ai_heavy
4833,9,201,17277.7,20733.2,0.889,ai_heavy
4834,10,201,16214.5,19457.3,0.9009,ai_heavy
4835,11,201,16433.9,19720.6,0.9112,ai_heavy
4836,12,201,16206.3,19447.6,0.9192,ai_heavy
4837,13,201,16637.3,19964.7,0.9243,ai_heavy
4838,14,201,17034.7,20441.7,0.926,ai_heavy
4839,15,201,17240.1,20688.1,0.9243,ai_heavy
4840,16,201,16028.9,19234.7,0.9192,ai_heavy
4841,17,201,16918.9,20302.7,0.9112,ai_heavy
4842,18,201,16614.1,19936.9,0.9009,ai_heavy
4843,19,201,16782.8,20139.3,0.889,ai_heavy
4844,20,201,16220.2,19464.3,0.8764,ai_heavy
4845,21,201,16133.0,19359.6,0.8638,ai_heavy
4846,22,201,16639.4,19967.2,0.8518,ai_heavy
4847,23,201,16612.1,19934.6,0.8409,ai_heavy
4848,0,202,16797.2,20156.6,0.8083,ai_heavy
4849,1,202,16151.5,19381.8,0.812,ai_heavy
4850,2,202,16020.5,19224.6,0.8171,ai_heavy
4851,3,202,14905.4,17886.4,0.8235,ai_heavy
4852,4,202,15339.6,18407.6,0.8314,ai_heavy
4853,5,202,15958.6,19150.3,0.8409,ai_heavy
4854,6,202,15650.4,18780.5,0.8518,ai_heavy
4855,7,202,16620.3,19944.3,0.8638,ai_heavy
4856,8,202,15625.8,18751.0,0.8764,ai_heavy
4857,9,202,16060.8,19273.0,0.889,ai_heavy
4858,10,202,16118.0,19341.6,0.9009,ai_heavy
4859,11,202,16970.0,20364.0,0.9112,ai_heavy
4860,12,202,16104.7,19325.7,0.9192,ai_heavy
4861,13,202,16643.4,19972.1,0.9243,ai_heavy
4862,14,202,16522.6,19827.1,0.926,ai_heavy
4863,15,202,16865.5,20238.6,0.9243,ai_heavy
4864,16,202,16822.4,20186.9,0.9192,ai_heavy
4865,17,202,16361.6,19633.9,0.9112,ai_heavy
4866,18,202,15512.8,18615.4,0.9009,ai_heavy
4867,19,202,16192.7,19431.2,0.889,ai_heavy
4868,20,202,16255.3,19506.4,0.8764,ai_heavy
4869,21,202,16363.2,19635.9,0.8638,ai_heavy
4870,22,202,15826.9,18992.3,0.8518,ai_heavy
4871,23,202,16702.4,20042.8,0.8409,ai_heavy
4872,0,203,16061.7,19274.0,0.8118,ai_heavy
4873,1,203,15628.8,18754.5,0.8172,ai_heavy
4874,2,203,15874.6,19049.5,0.8244,ai_heavy
4875,3,203,17058.6,20470.3,0.8335,ai_heavy
4876,4,203,16484.7,19781.6,0.8449,ai_heavy
4877,5,203,16716.3,20059.6,0.8584,ai_heavy
4878,6,203,15749.2,18899.0,0.874,ai_heavy
4879,7,203,15975.8,19170.9,0.8911,ai_heavy
4880,8,203,16036.8,19244.2,0.9092,ai_heavy
4881,9,203,16520.9,19825.1,0.9272,ai_heavy
4882,10,203,16399.0,19678.9,0.9441,ai_heavy
4883,11,203,16290.1,19548.2,0.9588,ai_heavy
4884,12,203,16389.1,19666.9,0.9703,ai_heavy
4885,13,203,16198.3,19438.0,0.9775,ai_heavy
4886,14,203,16512.1,19814.5,0.98,ai_heavy
4887,15,203,17147.8,20577.3,0.9775,ai_heavy
4888,16,203,15817.9,18981.4,0.9703,ai_heavy
4889,17,203,16704.8,20045.7,0.9588,ai_heavy
4890,18,203,17167.6,20601.2,0.9441,ai_heavy
4891,19,203,16339.8,19607.7,0.9272,ai_heavy
4892,20,203,16111.7,19334.1,0.9092,ai_heavy
4893,21,203,16765.2,20118.2,0.8911,ai_heavy
4894,22,203,15777.1,18932.6,0.874,ai_heavy
4895,23,203,16195.6,19434.7,0.8584,ai_heavy
4896,0,204,15554.3,18665.1,0.8118,ai_heavy
4897,1,204,15170.9,18205.1,0.8172,ai_heavy
4898,2,204,16022.4,19226.9,0.8244,ai_heavy
4899,3,204,15514.4,18617.3,0.8335,ai_heavy
4900,4,204,16156.9,19388.3,0.8449,ai_heavy
4901,5,204,16748.7,20098.5,0.8584,ai_heavy
4902,6,204,17161.5,20593.8,0.874,ai_heavy
4903,7,204,16358.6,19630.4,0.8911,ai_heavy
4904,8,204,16872.1,20246.5,0.9092,ai_heavy
4905,9,204,16626.7,19952.0,0.9272,ai_heavy
4906,10,204,16295.6,19554.8,0.9441,ai_heavy
4907,11,204,15578.3,18693.9,0.9588,ai_heavy
4908,12,204,17378.6,20854.3,0.9703,ai_heavy
4909,13,204,16071.3,19285.6,0.9775,ai_heavy
4910,14,204,17290.4,20748.4,0.98,ai_heavy
4911,15,204,16860.8,20233.0,0.9775,ai_heavy
4912,16,204,16084.9,19301.9,0.9703,ai_heavy
4913,17,204,16687.7,20025.2,0.9588,ai_heavy
4914,18,204,17500.0,21000.0,0.9441,ai_heavy
4915,19,204,17187.0,20624.4,0.9272,ai_heavy
4916,20,204,16119.7,19343.6,0.9092,ai_heavy
4917,21,204,15964.4,19157.3,0.8911,ai_heavy
4918,22,204,16306.0,19567.2,0.874,ai_heavy
4919,23,204,16126.1,19351.3,0.8584,ai_heavy
4920,0,205,16633.0,19959.6,0.8118,ai_heavy
4921,1,205,16429.2,19715.1,0.8172,ai_heavy
4922,2,205,15278.7,18334.4,0.8244,ai_heavy
4923,3,205,16347.5,19617.0,0.8335,ai_heavy
4924,4,205,16075.7,19290.8,0.8449,ai_heavy
4925,5,205,16224.6,19469.6,0.8584,ai_heavy
4926,6,205,16378.6,19654.3,0.874,ai_heavy
4927,7,205,16899.5,20279.4,0.8911,ai_heavy
4928,8,205,16851.7,20222.1,0.9092,ai_heavy
4929,9,205,16060.5,19272.6,0.9272,ai_heavy
4930,10,205,16456.1,19747.3,0.9441,ai_heavy
4931,11,205,16310.5,19572.6,0.9588,ai_heavy
4932,12,205,15734.0,18880.8,0.9703,ai_heavy
4933,13,205,16539.2,19847.0,0.9775,ai_heavy
4934,14,205,17500.0,21000.0,0.98,ai_heavy
4935,15,205,15741.3,18889.6,0.9775,ai_heavy
4936,16,205,16558.1,19869.7,0.9703,ai_heavy
4937,17,205,16505.1,19806.1,0.9588,ai_heavy
4938,18,205,16627.4,19952.9,0.9441,ai_heavy
4939,19,205,15955.5,19146.6,0.9272,ai_heavy
4940,20,205,15671.6,18805.9,0.9092,ai_heavy
4941,21,205,15638.2,18765.8,0.8911,ai_heavy
4942,22,205,16906.3,20287.5,0.874,ai_heavy
4943,23,205,15728.8,18874.6,0.8584,ai_heavy
4944,0,206,15814.5,18977.4,0.8118,ai_heavy
4945,1,206,17087.4,20504.9,0.8172,ai_heavy
4946,2,206,15741.3,18889.5,0.8244,ai_heavy
4947,3,206,16291.3,19549.5,0.8335,ai_heavy
4948,4,206,16678.4,20014.0,0.8449,ai_heavy
4949,5,206,16700.4,20040.5,0.8584,ai_heavy
4950,6,206,15607.7,18729.3,0.874,ai_heavy
4951,7,206,15963.8,19156.5,0.8911,ai_heavy
4952,8,206,16520.0,19824.0,0.9092,ai_heavy
4953,9,206,17380.9,20857.0,0.9272,ai_heavy
4954,10,206,16108.5,19330.2,0.9441,ai_heavy
4955,11,206,16288.1,19545.7,0.9588,ai_heavy
4956,12,206,16778.6,20134.3,0.9703,ai_heavy
4957,13,206,16902.1,20282.5,0.9775,ai_heavy
4958,14,206,16940.5,20328.6,0.98,ai_heavy
4959,15,206,16172.3,19406.7,0.9775,ai_heavy
4960,16,206,16305.6,19566.7,0.9703,ai_heavy
4961,17,206,16639.8,19967.8,0.9588,ai_heavy
4962,18,206,17109.4,20531.3,0.9441,ai_heavy
4963,19,206,16312.5,19575.0,0.9272,ai_heavy
4964,20,206,16360.5,19632.6,0.9092,ai_heavy
4965,21,206,15810.8,18973.0,0.8911,ai_heavy
4966,22,206,17165.9,20599.1,0.874,ai_heavy
4967,23,206,16281.6,19537.9,0.8584,ai_heavy
4968,0,207,16574.2,19889.1,0.8118,ai_heavy
4969,1,207,16087.0,19304.4,0.8172,ai_heavy
4970,2,207,16137.0,19364.4,0.8244,ai_heavy
4971,3,207,15399.8,18479.8,0.8335,ai_heavy
4972,4,207,15119.7,18143.6,0.8449,ai_heavy
4973,5,207,16815.3,20178.3,0.8584,ai_heavy
4974,6,207,16295.2,19554.3,0.874,ai_heavy
4975,7,207,16413.9,19696.7,0.8911,ai_heavy
4976,8,207,15758.0,18909.6,0.9092,ai_heavy
4977,9,207,15984.9,19181.9,0.9272,ai_heavy
4978,10,207,17010.5,20412.6,0.9441,ai_heavy
4979,11,207,17396.0,20875.2,0.9588,ai_heavy
4980,12,207,16261.2,19513.5,0.9703,ai_heavy
4981,13,207,16927.9,20313.4,0.9775,ai_heavy
4982,14,207,16696.3,20035.6,0.98,ai_heavy
4983,15,207,16533.6,19840.3,0.9775,ai_heavy
4984,16,207,17490.7,20988.8,0.9703,ai_heavy
4985,17,207,16308.1,19569.8,0.9588,ai_heavy
4986,18,207,17098.7,20518.4,0.9441,ai_heavy
4987,19,207,16618.1,19941.7,0.9272,ai_heavy
4988,20,207,16363.2,19635.8,0.9092,ai_heavy
4989,21,207,16984.3,20381.2,0.8911,ai_heavy
4990,22,207,16398.7,19678.4,0.874,ai_heavy
4991,23,207,16159.7,19391.6,0.8584,ai_heavy
4992,0,208,16707.5,20049.0,0.8083,ai_heavy
4993,1,208,16657.6,19989.1,0.812,ai_heavy
4994,2,208,16651.6,19982.0,0.8171,ai_heavy
4995,3,208,14216.0,17059.1,0.8235,ai_heavy
4996,4,208,16331.6,19598.0,0.8314,ai_heavy
4997,5,208,16252.4,19502.9,0.8409,ai_heavy
4998,6,208,16168.1,19401.7,0.8518,ai_heavy
4999,7,208,16520.8,19825.0,0.8638,ai_heavy
5000,8,208,16392.2,19670.6,0.8764,ai_heavy
5001,9,208,16637.6,19965.1,0.889,ai_heavy
5002,10,208,16213.2,19455.8,0.9009,ai_heavy
5003,11,208,17114.2,20537.0,0.9112,ai_heavy
5004,12,208,16787.4,20144.8,0.9192,ai_heavy
5005,13,208,16687.8,20025.3,0.9243,ai_heavy
5006,14,208,16669.5,20003.3,0.926,ai_heavy
5007,15,208,16990.6,20388.7,0.9243,ai_heavy
5008,16,208,16906.8,20288.2,0.9192,ai_heavy
5009,17,208,16322.6,19587.2,0.9112,ai_heavy
5010,18,208,16830.2,20196.2,0.9009,ai_heavy
5011,19,208,16391.2,19669.4,0.889,ai_heavy
5012,20,208,17200.4,20640.5,0.8764,ai_heavy
5013,21,208,16758.3,20110.0,0.8638,ai_heavy
5014,22,208,15881.3,19057.5,0.8518,ai_heavy
5015,23,208,17278.8,20734.6,0.8409,ai_heavy
5016,0,209,15031.9,18038.2,0.8083,ai_heavy
5017,1,209,16362.8,19635.4,0.812,ai_heavy
5018,2,209,15736.4,18883.7,0.8171,ai_heavy
5019,3,209,17001.6,20402.0,0.8235,ai_heavy
5020,4,209,16241.0,19489.2,0.8314,ai_heavy
5021,5,209,15765.0,18918.0,0.8409,ai_heavy
5022,6,209,16055.6,19266.7,0.8518,ai_heavy
5023,7,209,15876.5,19051.8,0.8638,ai_heavy
5024,8,209,16115.8,19339.0,0.8764,ai_heavy
5025,9,209,16145.3,19374.3,0.889,ai_heavy
5026,10,209,15976.2,19171.5,0.9009,ai_heavy
5027,11,209,16510.7,19812.9,0.9112,ai_heavy
5028,12,209,16596.6,19915.9,0.9192,ai_heavy
5029,13,209,15929.7,19115.7,0.9243,ai_heavy
5030,14,209,15609.0,18730.8,0.926,ai_heavy
5031,15,209,16573.7,19888.4,0.9243,ai_heavy
5032,16,209,16665.8,19999.0,0.9192,ai_heavy
5033,17,209,16736.8,20084.2,0.9112,ai_heavy
5034,18,209,16614.8,19937.8,0.9009,ai_heavy
5035,19,209,17075.4,20490.5,0.889,ai_heavy
5036,20,209,16751.6,20101.9,0.8764,ai_heavy
5037,21,209,17500.0,21000.0,0.8638,ai_heavy
5038,22,209,17500.0,21000.0,0.8518,ai_heavy
5039,23,209,15297.8,18357.4,0.8409,ai_heavy
5040,0,210,14996.9,17996.2,0.8118,ai_heavy
5041,1,210,16069.0,19282.9,0.8172,ai_heavy
5042,2,210,16339.3,19607.2,0.8244,ai_heavy
5043,3,210,16088.9,19306.7,0.8335,ai_heavy
5044,4,210,16503.7,19804.4,0.8449,ai_heavy
5045,5,210,16075.2,19290.2,0.8584,ai_heavy
5046,6,210,15918.7,19102.5,0.874,ai_heavy
5047,7,210,16047.2,19256.6,0.8911,ai_heavy
5048,8,210,16273.2,19527.8,0.9092,ai_heavy
5049,9,210,16845.8,20215.0,0.9272,ai_heavy
5050,10,210,16244.4,19493.3,0.9441,ai_heavy
5051,11,210,16389.6,19667.5,0.9588,ai_heavy
5052,12,210,16853.5,20224.2,0.9703,ai_heavy
5053,13,210,16494.6,19793.6,0.9775,ai_heavy
5054,14,210,17157.8,20589.4,0.98,ai_heavy
5055,15,210,16135.9,19363.0,0.9775,ai_heavy
5056,16,210,16005.2,19206.2,0.9703,ai_heavy
5057,17,210,16684.0,20020.8,0.9588,ai_heavy
5058,18,210,16685.0,20022.0,0.9441,ai_heavy
5059,19,210,16003.7,19204.5,0.9272,ai_heavy
5060,20,210,17031.4,20437.7,0.9092,ai_heavy
5061,21,210,17254.9,20705.9,0.8911,ai_heavy
5062,22,210,15951.0,19141.1,0.874,ai_heavy
5063,23,210,16929.7,20315.7,0.8584,ai_heavy
5064,0,211,14907.8,17889.3,0.8118,ai_heavy
5065,1,211,16591.5,19909.8,0.8172,ai_heavy
5066,2,211,15681.6,18818.0,0.8244,ai_heavy
5067,3,211,16597.8,19917.4,0.8335,ai_heavy
5068,4,211,15696.4,18835.7,0.8449,ai_heavy
5069,5,211,16173.3,19407.9,0.8584,ai_heavy
5070,6,211,15862.1,19034.5,0.874,ai_heavy
5071,7,211,16208.2,19449.8,0.8911,ai_heavy
5072,8,211,17270.2,20724.3,0.9092,ai_heavy
5073,9,211,16376.9,19652.2,0.9272,ai_heavy
5074,10,211,17500.0,21000.0,0.9441,ai_heavy
5075,11,211,16341.6,19609.9,0.9588,ai_heavy
5076,12,211,17311.6,20773.9,0.9703,ai_heavy
5077,13,211,15784.3,18941.2,0.9775,ai_heavy
5078,14,211,16459.0,19750.8,0.98,ai_heavy
5079,15,211,16326.7,19592.1,0.9775,ai_heavy
5080,16,211,17334.4,20801.3,0.9703,ai_heavy
5081,17,211,16624.8,19949.8,0.9588,ai_heavy
5082,18,211,15452.4,18542.9,0.9441,ai_heavy
5083,19,211,15784.3,18941.1,0.9272,ai_heavy
5084,20,211,15874.1,19048.9,0.9092,ai_heavy
5085,21,211,16770.0,20124.0,0.8911,ai_heavy
5086,22,211,16649.8,19979.7,0.874,ai_heavy
5087,23,211,16060.5,19272.6,0.8584,ai_heavy
5088,0,212,15790.9,18949.1,0.8118,ai_heavy
5089,1,212,16418.0,19701.6,0.8172,ai_heavy
5090,2,212,15550.4,18660.5,0.8244,ai_heavy
5091,3,212,16347.0,19616.4,0.8335,ai_heavy
5092,4,212,16343.2,19611.8,0.8449,ai_heavy
5093,5,212,16073.1,19287.7,0.8584,ai_heavy
5094,6,212,16451.1,19741.3,0.874,ai_heavy
5095,7,212,16362.8,19635.4,0.8911,ai_heavy
5096,8,212,16615.8,19939.0,0.9092,ai_heavy
5097,9,212,15772.5,18927.0,0.9272,ai_heavy
5098,10,212,16789.0,20146.8,0.9441,ai_heavy
5099,11,212,17042.1,20450.5,0.9588,ai_heavy
5100,12,212,16729.6,20075.5,0.9703,ai_heavy
5101,13,212,16892.9,20271.5,0.9775,ai_heavy
5102,14,212,16546.9,19856.3,0.98,ai_heavy
5103,15,212,17037.3,20444.8,0.9775,ai_heavy
5104,16,212,16602.5,19923.0,0.9703,ai_heavy
5105,17,212,15963.6,19156.3,0.9588,ai_heavy
5106,18,212,16890.7,20268.9,0.9441,ai_heavy
5107,19,212,15624.6,18749.5,0.9272,ai_heavy
5108,20,212,16510.4,19812.4,0.9092,ai_heavy
5109,21,212,16124.8,19349.8,0.8911,ai_heavy
5110,22,212,16038.6,19246.3,0.874,ai_heavy
5111,23,212,16290.2,19548.3,0.8584,ai_heavy
5112,0,213,15713.5,18856.2,0.8118,ai_heavy
5113,1,213,16319.6,19583.5,0.8172,ai_heavy
5114,2,213,16123.3,19347.9,0.8244,ai_heavy
5115,3,213,15827.0,18992.4,0.8335,ai_heavy
5116,4,213,16811.4,20173.7,0.8449,ai_heavy
5117,5,213,16306.2,19567.4,0.8584,ai_heavy
5118,6,213,16564.8,19877.8,0.874,ai_heavy
5119,7,213,17006.1,20407.4,0.8911,ai_heavy
5120,8,213,17059.2,20471.0,0.9092,ai_heavy
5121,9,213,16715.8,20059.0,0.9272,ai_heavy
5122,10,213,16335.4,19602.5,0.9441,ai_heavy
5123,11,213,15823.8,18988.6,0.9588,ai_heavy
5124,12,213,16672.8,20007.4,0.9703,ai_heavy
5125,13,213,17138.5,20566.2,0.9775,ai_heavy
5126,14,213,16778.1,20133.8,0.98,ai_heavy
5127,15,213,14878.9,17854.6,0.9775,ai_heavy
5128,16,213,17002.6,20403.1,0.9703,ai_heavy
5129,17,213,16994.9,20393.9,0.9588,ai_heavy
5130,18,213,16336.1,19603.4,0.9441,ai_heavy
5131,19,213,16917.2,20300.7,0.9272,ai_heavy
5132,20,213,16679.9,20015.9,0.9092,ai_heavy
5133,21,213,15977.4,19172.9,0.8911,ai_heavy
5134,22,213,16877.2,20252.6,0.874,ai_heavy
5135,23,213,15590.3,18708.4,0.8584,ai_heavy
5136,0,214,16027.5,19233.1,0.8118,ai_heavy
5137,1,214,15996.9,19196.3,0.8172,ai_heavy
5138,2,214,15697.3,18836.7,0.8244,ai_heavy
5139,3,214,16272.6,19527.1,0.8335,ai_heavy
5140,4,214,16797.9,20157.5,0.8449,ai_heavy
5141,5,214,16813.2,20175.9,0.8584,ai_heavy
5142,6,214,16610.1,19932.1,0.874,ai_heavy
5143,7,214,15482.9,18579.5,0.8911,ai_heavy
5144,8,214,15715.3,18858.4,0.9092,ai_heavy
5145,9,214,16512.0,19814.4,0.9272,ai_heavy
5146,10,214,16468.2,19761.8,0.9441,ai_heavy
5147,11,214,16285.9,19543.1,0.9588,ai_heavy
5148,12,214,17500.0,21000.0,0.9703,ai_heavy
5149,13,214,16646.3,19975.6,0.9775,ai_heavy
5150,14,214,16871.8,20246.2,0.98,ai_heavy
5151,15,214,17085.4,20502.5,0.9775,ai_heavy
5152,16,214,16597.4,19916.8,0.9703,ai_heavy
5153,17,214,17500.0,21000.0,0.9588,ai_heavy
5154,18,214,16020.0,19224.0,0.9441,ai_heavy
5155,19,214,16131.3,19357.6,0.9272,ai_heavy
5156,20,214,15908.4,19090.1,0.9092,ai_heavy
5157,21,214,17077.6,20493.1,0.8911,ai_heavy
5158,22,214,16648.4,19978.0,0.874,ai_heavy
5159,23,214,15942.0,19130.4,0.8584,ai_heavy
5160,0,215,15627.8,18753.4,0.8083,ai_heavy
5161,1,215,16722.9,20067.5,0.812,ai_heavy
5162,2,215,16246.5,19495.8,0.8171,ai_heavy
5163,3,215,16773.9,20128.7,0.8235,ai_heavy
5164,4,215,16089.7,19307.6,0.8314,ai_heavy
5165,5,215,16397.4,19676.9,0.8409,ai_heavy
5166,6,215,16330.8,19597.0,0.8518,ai_heavy
5167,7,215,15920.2,19104.3,0.8638,ai_heavy
5168,8,215,16194.7,19433.6,0.8764,ai_heavy
5169,9,215,15726.7,18872.0,0.889,ai_heavy
5170,10,215,16586.8,19904.2,0.9009,ai_heavy
5171,11,215,16752.1,20102.5,0.9112,ai_heavy
5172,12,215,16891.3,20269.6,0.9192,ai_heavy
5173,13,215,16748.9,20098.6,0.9243,ai_heavy
5174,14,215,16363.0,19635.6,0.926,ai_heavy
5175,15,215,17185.0,20622.1,0.9243,ai_heavy
5176,16,215,16843.2,20211.8,0.9192,ai_heavy
5177,17,215,17060.3,20472.4,0.9112,ai_heavy
5178,18,215,17056.2,20467.4,0.9009,ai_heavy
5179,19,215,16244.6,19493.5,0.889,ai_heavy
5180,20,215,16454.3,19745.2,0.8764,ai_heavy
5181,21,215,16601.0,19921.2,0.8638,ai_heavy
5182,22,215,15627.1,18752.5,0.8518,ai_heavy
5183,23,215,15603.6,18724.3,0.8409,ai_heavy
5184,0,216,15418.2,18501.9,0.8083,ai_heavy
5185,1,216,16003.8,19204.5,0.812,ai_heavy
5186,2,216,15911.4,19093.6,0.8171,ai_heavy
5187,3,216,15399.8,18479.8,0.8235,ai_heavy
5188,4,216,16191.0,19429.2,0.8314,ai_heavy
5189,5,216,16103.3,19323.9,0.8409,ai_heavy
5190,6,216,16759.1,20110.9,0.8518,ai_heavy
5191,7,216,17203.8,20644.5,0.8638,ai_heavy
5192,8,216,16487.8,19785.3,0.8764,ai_heavy
5193,9,216,15965.3,19158.3,0.889,ai_heavy
5194,10,216,16661.7,19994.0,0.9009,ai_heavy
5195,11,216,16382.6,19659.1,0.9112,ai_heavy
5196,12,216,16285.9,19543.0,0.9192,ai_heavy
5197,13,216,15996.1,19195.3,0.9243,ai_heavy
5198,14,216,16197.4,19436.9,0.926,ai_heavy
5199,15,216,16332.9,19599.5,0.9243,ai_heavy
5200,16,216,16799.7,20159.7,0.9192,ai_heavy
5201,17,216,16629.1,19955.0,0.9112,ai_heavy
5202,18,216,17239.7,20687.7,0.9009,ai_heavy
5203,19,216,16635.9,19963.1,0.889,ai_heavy
5204,20,216,16472.1,19766.5,0.8764,ai_heavy
5205,21,216,16075.0,19290.0,0.8638,ai_heavy
5206,22,216,15681.3,18817.5,0.8518,ai_heavy
5207,23,216,15873.5,19048.2,0.8409,ai_heavy
5208,0,217,15718.0,18861.6,0.8118,ai_heavy
5209,1,217,14837.8,17805.4,0.8172,ai_heavy
5210,2,217,15608.8,18730.6,0.8244,ai_heavy
5211,3,217,16900.7,20280.9,0.8335,ai_heavy
5212,4,217,16341.3,19609.5,0.8449,ai_heavy
5213,5,217,16023.5,19228.2,0.8584,ai_heavy
5214,6,217,16451.5,19741.8,0.874,ai_heavy
5215,7,217,15356.9,18428.3,0.8911,ai_heavy
5216,8,217,16510.0,19812.0,0.9092,ai_heavy
5217,9,217,17059.7,20471.7,0.9272,ai_heavy
5218,10,217,16425.2,19710.2,0.9441,ai_heavy
5219,11,217,15654.0,18784.9,0.9588,ai_heavy
5220,12,217,16364.3,19637.1,0.9703,ai_heavy
5221,13,217,17230.4,20676.5,0.9775,ai_heavy
5222,14,217,16730.5,20076.6,0.98,ai_heavy
5223,15,217,15887.6,19065.1,0.9775,ai_heavy
5224,16,217,17500.0,21000.0,0.9703,ai_heavy
5225,17,217,15911.1,19093.3,0.9588,ai_heavy
5226,18,217,16365.0,19638.0,0.9441,ai_heavy
5227,19,217,15918.7,19102.5,0.9272,ai_heavy
5228,20,217,15862.7,19035.2,0.9092,ai_heavy
5229,21,217,16091.6,19309.9,0.8911,ai_heavy
5230,22,217,16567.4,19880.9,0.874,ai_heavy
5231,23,217,16834.0,20200.9,0.8584,ai_heavy
5232,0,218,15869.1,19042.9,0.8118,ai_heavy
5233,1,218,15585.5,18702.7,0.8172,ai_heavy
5234,2,218,16327.0,19592.4,0.8244,ai_heavy
5235,3,218,16371.4,19645.6,0.8335,ai_heavy
5236,4,218,16279.1,19534.9,0.8449,ai_heavy
5237,5,218,16340.7,19608.8,0.8584,ai_heavy
5238,6,218,16202.3,19442.7,0.874,ai_heavy
5239,7,218,16360.9,19633.1,0.8911,ai_heavy
5240,8,218,16282.3,19538.7,0.9092,ai_heavy
5241,9,218,16957.6,20349.1,0.9272,ai_heavy
5242,10,218,17500.0,21000.0,0.9441,ai_heavy
5243,11,218,16622.0,19946.4,0.9588,ai_heavy
5244,12,218,16566.8,19880.1,0.9703,ai_heavy
5245,13,218,16721.0,20065.2,0.9775,ai_heavy
5246,14,218,16274.0,19528.8,0.98,ai_heavy
5247,15,218,16974.4,20369.3,0.9775,ai_heavy
5248,16,218,16789.4,20147.2,0.9703,ai_heavy
5249,17,218,16324.4,19589.3,0.9588,ai_heavy
5250,18,218,16931.2,20317.5,0.9441,ai_heavy
5251,19,218,16439.4,19727.3,0.9272,ai_heavy
5252,20,218,15895.0,19074.1,0.9092,ai_heavy
5253,21,218,16484.9,19781.9,0.8911,ai_heavy
5254,22,218,16372.8,19647.3,0.874,ai_heavy
5255,23,218,16673.5,20008.2,0.8584,ai_heavy
5256,0,219,16455.6,19746.8,0.8118,ai_heavy
5257,1,219,16019.9,19223.9,0.8172,ai_heavy
5258,2,219,15867.9,19041.5,0.8244,ai_heavy
5259,3,219,16126.5,19351.8,0.8335,ai_heavy
5260,4,219,16338.7,19606.4,0.8449,ai_heavy
5261,5,219,16441.8,19730.1,0.8584,ai_heavy
5262,6,219,16404.2,19685.0,0.874,ai_heavy
5263,7,219,16268.5,19522.1,0.8911,ai_heavy
5264,8,219,16861.1,20233.3,0.9092,ai_heavy
5265,9,219,16097.7,19317.2,0.9272,ai_heavy
5266,10,219,17500.0,21000.0,0.9441,ai_heavy
5267,11,219,16911.4,20293.7,0.9588,ai_heavy
5268,12,219,16009.6,19211.5,0.9703,ai_heavy
5269,13,219,16685.8,20023.0,0.9775,ai_heavy
5270,14,219,16986.5,20383.8,0.98,ai_heavy
5271,15,219,16419.7,19703.6,0.9775,ai_heavy
5272,16,219,15826.8,18992.2,0.9703,ai_heavy
5273,17,219,16017.6,19221.1,0.9588,ai_heavy
5274,18,219,16753.2,20103.8,0.9441,ai_heavy
5275,19,219,15565.2,18678.2,0.9272,ai_heavy
5276,20,219,15659.6,18791.6,0.9092,ai_heavy
5277,21,219,16575.6,19890.7,0.8911,ai_heavy
5278,22,219,16148.6,19378.4,0.874,ai_heavy
5279,23,219,15868.3,19042.0,0.8584,ai_heavy
5280,0,220,15816.8,18980.2,0.8118,ai_heavy
5281,1,220,15363.4,18436.1,0.8172,ai_heavy
5282,2,220,16329.8,19595.7,0.8244,ai_heavy
5283,3,220,15735.5,18882.5,0.8335,ai_heavy
5284,4,220,15902.8,19083.3,0.8449,ai_heavy
5285,5,220,16375.2,19650.2,0.8584,ai_heavy
5286,6,220,16132.0,19358.4,0.874,ai_heavy
5287,7,220,15968.0,19161.6,0.8911,ai_heavy
5288,8,220,15394.4,18473.3,0.9092,ai_heavy
5289,9,220,16611.2,19933.4,0.9272,ai_heavy
5290,10,220,16524.2,19829.0,0.9441,ai_heavy
5291,11,220,16276.3,19531.6,0.9588,ai_heavy
5292,12,220,16054.4,19265.2,0.9703,ai_heavy
5293,13,220,16600.0,19919.9,0.9775,ai_heavy
5294,14,220,16841.0,20209.2,0.98,ai_heavy
5295,15,220,16642.3,19970.7,0.9775,ai_heavy
5296,16,220,17384.3,20861.2,0.9703,ai_heavy
5297,17,220,16882.5,20259.0,0.9588,ai_heavy
5298,18,220,16432.0,19718.4,0.9441,ai_heavy
5299,19,220,16794.0,20152.7,0.9272,ai_heavy
5300,20,220,16395.4,19674.5,0.9092,ai_heavy
5301,21,220,16335.0,19602.0,0.8911,ai_heavy
5302,22,220,16889.4,20267.3,0.874,ai_heavy
5303,23,220,15770.0,18923.9,0.8584,ai_heavy
5304,0,221,16066.3,19279.6,0.8118,ai_heavy
5305,1,221,16646.3,19975.5,0.8172,ai_heavy
5306,2,221,16245.0,19494.0,0.8244,ai_heavy
5307,3,221,15947.1,19136.5,0.8335,ai_heavy
5308,4,221,15335.3,18402.3,0.8449,ai_heavy
5309,5,221,15102.8,18123.3,0.8584,ai_heavy
5310,6,221,17269.8,20723.7,0.874,ai_heavy
5311,7,221,16463.9,19756.6,0.8911,ai_heavy
5312,8,221,16084.6,19301.5,0.9092,ai_heavy
5313,9,221,16602.3,19922.8,0.9272,ai_heavy
5314,10,221,16016.4,19219.7,0.9441,ai_heavy
5315,11,221,16368.7,19642.4,0.9588,ai_heavy
5316,12,221,16102.3,19322.8,0.9703,ai_heavy
5317,13,221,15890.1,19068.1,0.9775,ai_heavy
5318,14,221,15553.3,18663.9,0.98,ai_heavy
5319,15,221,15798.3,18957.9,0.9775,ai_heavy
5320,16,221,17077.7,20493.3,0.9703,ai_heavy
5321,17,221,16043.4,19252.1,0.9588,ai_heavy
5322,18,221,16749.6,20099.6,0.9441,ai_heavy
5323,19,221,16901.6,20281.9,0.9272,ai_heavy
5324,20,221,16379.6,19655.6,0.9092,ai_heavy
5325,21,221,16166.8,19400.1,0.8911,ai_heavy
5326,22,221,16322.0,19586.5,0.874,ai_heavy
5327,23,221,16004.0,19204.8,0.8584,ai_heavy
5328,0,222,16623.0,19947.6,0.8083,ai_heavy
5329,1,222,16959.7,20351.6,0.812,ai_heavy
5330,2,222,16771.1,20125.4,0.8171,ai_heavy
5331,3,222,15054.2,18065.0,0.8235,ai_heavy
5332,4,222,15907.4,19088.9,0.8314,ai_heavy
5333,5,222,16151.6,19382.0,0.8409,ai_heavy
5334,6,222,16409.9,19691.8,0.8518,ai_heavy
5335,7,222,15383.3,18460.0,0.8638,ai_heavy
5336,8,222,15414.3,18497.2,0.8764,ai_heavy
5337,9,222,16945.3,20334.4,0.889,ai_heavy
5338,10,222,16070.4,19284.5,0.9009,ai_heavy
5339,11,222,15647.2,18776.7,0.9112,ai_heavy
5340,12,222,15860.9,19033.1,0.9192,ai_heavy
5341,13,222,16612.9,19935.4,0.9243,ai_heavy
5342,14,222,16020.8,19225.0,0.926,ai_heavy
5343,15,222,16539.5,19847.5,0.9243,ai_heavy
5344,16,222,15922.4,19106.9,0.9192,ai_heavy
5345,17,222,15521.1,18625.3,0.9112,ai_heavy
5346,18,222,17043.0,20451.6,0.9009,ai_heavy
5347,19,222,16500.8,19801.0,0.889,ai_heavy
5348,20,222,16102.2,19322.6,0.8764,ai_heavy
5349,21,222,15970.3,19164.3,0.8638,ai_heavy
5350,22,222,16896.3,20275.6,0.8518,ai_heavy
5351,23,222,16436.2,19723.4,0.8409,ai_heavy
5352,0,223,16595.6,19914.7,0.8083,ai_heavy
5353,1,223,15774.7,18929.6,0.812,ai_heavy
5354,2,223,16096.5,19315.8,0.8171,ai_heavy
5355,3,223,16287.1,19544.5,0.8235,ai_heavy
5356,4,223,15852.8,19023.3,0.8314,ai_heavy
5357,5,223,16103.3,19324.0,0.8409,ai_heavy
5358,6,223,15901.6,19082.0,0.8518,ai_heavy
5359,7,223,16418.2,19701.9,0.8638,ai_heavy
5360,8,223,15620.3,18744.3,0.8764,ai_heavy
5361,9,223,16585.8,19903.0,0.889,ai_heavy
5362,10,223,16496.9,19796.3,0.9009,ai_heavy
5363,11,223,16278.2,19533.8,0.9112,ai_heavy
5364,12,223,16625.3,19950.3,0.9192,ai_heavy
5365,13,223,16240.7,19488.9,0.9243,ai_heavy
5366,14,223,16095.9,19315.1,0.926,ai_heavy
5367,15,223,16688.4,20026.0,0.9243,ai_heavy
5368,16,223,16692.9,20031.5,0.9192,ai_heavy
5369,17,223,16128.8,19354.6,0.9112,ai_heavy
5370,18,223,16053.8,19264.5,0.9009,ai_heavy
5371,19,223,16216.5,19459.8,0.889,ai_heavy
5372,20,223,15995.7,19194.8,0.8764,ai_heavy
5373,21,223,16966.3,20359.6,0.8638,ai_heavy
5374,22,223,16338.7,19606.4,0.8518,ai_heavy
5375,23,223,16156.7,19388.0,0.8409,ai_heavy
5376,0,224,15605.9,18727.0,0.8118,ai_heavy
5377,1,224,16428.9,19714.7,0.8172,ai_heavy
5378,2,224,15800.5,18960.6,0.8244,ai_heavy
5379,3,224,15809.9,18971.8,0.8335,ai_heavy
5380,4,224,16537.2,19844.6,0.8449,ai_heavy
5381,5,224,16394.9,19673.9,0.8584,ai_heavy
5382,6,224,15036.2,18043.4,0.874,ai_heavy
5383,7,224,16235.7,19482.8,0.8911,ai_heavy
5384,8,224,16433.1,19719.8,0.9092,ai_heavy
5385,9,224,16262.7,19515.2,0.9272,ai_heavy
5386,10,224,16564.4,19877.3,0.9441,ai_heavy
5387,11,224,15635.3,18762.4,0.9588,ai_heavy
5388,12,224,15162.7,18195.3,0.9703,ai_heavy
5389,13,224,16108.0,19329.6,0.9775,ai_heavy
5390,14,224,16742.2,20090.7,0.98,ai_heavy
5391,15,224,14988.2,17985.8,0.9775,ai_heavy
5392,16,224,16150.7,19380.9,0.9703,ai_heavy
5393,17,224,15579.3,18695.1,0.9588,ai_heavy
5394,18,224,16365.1,19638.1,0.9441,ai_heavy
5395,19,224,17395.1,20874.1,0.9272,ai_heavy
5396,20,224,16264.8,19517.8,0.9092,ai_heavy
5397,21,224,16260.3,19512.3,0.8911,ai_heavy
5398,22,224,16666.5,19999.8,0.874,ai_heavy
5399,23,224,16216.9,19460.3,0.8584,ai_heavy
5400,0,225,15951.6,19141.9,0.8118,ai_heavy
5401,1,225,16519.4,19823.3,0.8172,ai_heavy
5402,2,225,16323.7,19588.4,0.8244,ai_heavy
5403,3,225,16265.3,19518.3,0.8335,ai_heavy
5404,4,225,16095.2,19314.3,0.8449,ai_heavy
5405,5,225,16038.3,19246.0,0.8584,ai_heavy
5406,6,225,16704.5,20045.4,0.874,ai_heavy
5407,7,225,16148.2,19377.9,0.8911,ai_heavy
5408,8,225,16976.2,20371.5,0.9092,ai_heavy
5409,9,225,15913.9,19096.7,0.9272,ai_heavy
5410,10,225,17194.2,20633.0,0.9441,ai_heavy
5411,11,225,16767.1,20120.5,0.9588,ai_heavy
5412,12,225,16088.6,19306.3,0.9703,ai_heavy
5413,13,225,16847.0,20216.4,0.9775,ai_heavy
5414,14,225,16277.8,19533.3,0.98,ai_heavy
5415,15,225,16610.2,19932.3,0.9775,ai_heavy
5416,16,225,16328.1,19593.8,0.9703,ai_heavy
5417,17,225,16467.0,19760.4,0.9588,ai_heavy
5418,18,225,16950.7,20340.8,0.9441,ai_heavy
5419,19,225,16685.6,20022.8,0.9272,ai_heavy
5420,20,225,15818.8,18982.5,0.9092,ai_heavy
5421,21,225,15790.2,18948.2,0.8911,ai_heavy
5422,22,225,16389.2,19667.1,0.874,ai_heavy
5423,23,225,16373.4,19648.1,0.8584,ai_heavy
5424,0,226,15730.3,18876.3,0.8118,ai_heavy
5425,1,226,16839.9,20207.9,0.8172,ai_heavy
5426,2,226,16488.7,19786.4,0.8244,ai_heavy
5427,3,226,15823.0,18987.6,0.8335,ai_heavy
5428,4,226,15812.3,18974.8,0.8449,ai_heavy
5429,5,226,16095.8,19315.0,0.8584,ai_heavy
5430,6,226,16095.3,19314.4,0.874,ai_heavy
5431,7,226,16927.6,20313.1,0.8911,ai_heavy
5432,8,226,16855.0,20226.0,0.9092,ai_heavy
5433,9,226,16447.3,19736.8,0.9272,ai_heavy
5434,10,226,16820.4,20184.4,0.9441,ai_heavy
5435,11,226,16941.1,20329.3,0.9588,ai_heavy
5436,12,226,16599.0,19918.8,0.9703,ai_heavy
5437,13,226,16794.0,20152.8,0.9775,ai_heavy
5438,14,226,16897.6,20277.1,0.98,ai_heavy
5439,15,226,16836.3,20203.6,0.9775,ai_heavy
5440,16,226,16182.9,19419.5,0.9703,ai_heavy
5441,17,226,16196.8,19436.1,0.9588,ai_heavy
5442,18,226,16342.4,19610.8,0.9441,ai_heavy
5443,19,226,16081.7,19298.1,0.9272,ai_heavy
5444,20,226,15648.0,18777.6,0.9092,ai_heavy
5445,21,226,16643.7,19972.4,0.8911,ai_heavy
5446,22,226,16426.1,19711.3,0.874,ai_heavy
5447,23,226,15555.4,18666.5,0.8584,ai_heavy
5448,0,227,15939.1,19126.9,0.8118,ai_heavy
5449,1,227,15983.8,19180.5,0.8172,ai_heavy
5450,2,227,16183.7,19420.4,0.8244,ai_heavy
5451,3,227,15602.2,18722.7,0.8335,ai_heavy
5452,4,227,15506.0,18607.2,0.8449,ai_heavy
5453,5,227,16459.3,19751.1,0.8584,ai_heavy
5454,6,227,15509.0,18610.8,0.874,ai_heavy
5455,7,227,16199.0,19438.8,0.8911,ai_heavy
5456,8,227,16211.3,19453.6,0.9092,ai_heavy
5457,9,227,16369.3,19643.1,0.9272,ai_heavy
5458,10,227,16610.1,19932.1,0.9441,ai_heavy
5459,11,227,17325.8,20791.0,0.9588,ai_heavy
5460,12,227,15774.9,18929.9,0.9703,ai_heavy
5461,13,227,17030.0,20436.0,0.9775,ai_heavy
5462,14,227,15350.5,18420.6,0.98,ai_heavy
5463,15,227,17287.4,20744.9,0.9775,ai_heavy
5464,16,227,15554.5,18665.4,0.9703,ai_heavy
5465,17,227,17500.0,21000.0,0.9588,ai_heavy
5466,18,227,16292.3,19550.8,0.9441,ai_heavy
5467,19,227,17066.1,20479.3,0.9272,ai_heavy
5468,20,227,16904.0,20284.8,0.9092,ai_heavy
5469,21,227,16099.3,19319.1,0.8911,ai_heavy
5470,22,227,16081.7,19298.1,0.874,ai_heavy
5471,23,227,15799.6,18959.5,0.8584,ai_heavy
5472,0,228,16434.4,19721.2,0.8118,ai_heavy
5473,1,228,15868.4,19042.1,0.8172,ai_heavy
5474,2,228,15700.4,18840.4,0.8244,ai_heavy
5475,3,228,16385.6,19662.7,0.8335,ai_heavy
5476,4,228,15727.5,18873.0,0.8449,ai_heavy
5477,5,228,16046.6,19256.0,0.8584,ai_heavy
5478,6,228,16309.4,19571.3,0.874,ai_heavy
5479,7,228,15998.5,19198.2,0.8911,ai_heavy
5480,8,228,16130.1,19356.1,0.9092,ai_heavy
5481,9,228,17186.7,20624.0,0.9272,ai_heavy
5482,10,228,16384.1,19660.9,0.9441,ai_heavy
5483,11,228,16354.6,19625.5,0.9588,ai_heavy
5484,12,228,16483.0,19779.6,0.9703,ai_heavy
5485,13,228,16819.8,20183.8,0.9775,ai_heavy
5486,14,228,16086.8,19304.1,0.98,ai_heavy
5487,15,228,16806.3,20167.5,0.9775,ai_heavy
5488,16,228,16697.2,20036.7,0.9703,ai_heavy
5489,17,228,15645.8,18774.9,0.9588,ai_heavy
5490,18,228,17372.5,20846.9,0.9441,ai_heavy
5491,19,228,17150.1,20580.1,0.9272,ai_heavy
5492,20,228,15978.3,19174.0,0.9092,ai_heavy
5493,21,228,15763.6,18916.3,0.8911,ai_heavy
5494,22,228,16368.4,19642.1,0.874,ai_heavy
5495,23,228,15513.3,18616.0,0.8584,ai_heavy
5496,0,229,16700.2,20040.3,0.8083,ai_heavy
5497,1,229,15830.2,18996.2,0.812,ai_heavy
5498,2,229,16854.1,20224.9,0.8171,ai_heavy
5499,3,229,15694.9,18833.9,0.8235,ai_heavy
5500,4,229,16064.5,19277.4,0.8314,ai_heavy
5501,5,229,16763.6,20116.3,0.8409,ai_heavy
5502,6,229,16028.1,19233.7,0.8518,ai_heavy
5503,7,229,16356.4,19627.7,0.8638,ai_heavy
5504,8,229,16798.2,20157.8,0.8764,ai_heavy
5505,9,229,16034.0,19240.8,0.889,ai_heavy
5506,10,229,15725.9,18871.1,0.9009,ai_heavy
5507,11,229,15661.3,18793.6,0.9112,ai_heavy
5508,12,229,16691.2,20029.4,0.9192,ai_heavy
5509,13,229,16612.0,19934.4,0.9243,ai_heavy
5510,14,229,16949.3,20339.2,0.926,ai_heavy
5511,15,229,16285.5,19542.6,0.9243,ai_heavy
5512,16,229,15699.9,18839.9,0.9192,ai_heavy
5513,17,229,15222.0,18266.5,0.9112,ai_heavy
5514,18,229,17500.0,21000.0,0.9009,ai_heavy
5515,19,229,16563.8,19876.6,0.889,ai_heavy
5516,20,229,16331.8,19598.1,0.8764,ai_heavy
5517,21,229,16359.6,19631.6,0.8638,ai_heavy
5518,22,229,15490.0,18588.0,0.8518,ai_heavy
5519,23,229,15764.5,18917.4,0.8409,ai_heavy
5520,0,230,16882.7,20259.2,0.8083,ai_heavy
5521,1,230,16372.9,19647.5,0.812,ai_heavy
5522,2,230,15703.9,18844.7,0.8171,ai_heavy
5523,3,230,15500.7,18600.8,0.8235,ai_heavy
5524,4,230,15869.4,19043.3,0.8314,ai_heavy
5525,5,230,15996.8,19196.1,0.8409,ai_heavy
5526,6,230,17180.0,20616.0,0.8518,ai_heavy
5527,7,230,16132.4,19358.9,0.8638,ai_heavy
5528,8,230,15684.6,18821.5,0.8764,ai_heavy
5529,9,230,16277.4,19532.8,0.889,ai_heavy
5530,10,230,16474.2,19769.0,0.9009,ai_heavy
5531,11,230,15748.9,18898.6,0.9112,ai_heavy
5532,12,230,16602.0,19922.3,0.9192,ai_heavy
5533,13,230,17016.0,20419.3,0.9243,ai_heavy
5534,14,230,16494.5,19793.4,0.926,ai_heavy
5535,15,230,16027.9,19233.4,0.9243,ai_heavy
5536,16,230,16143.8,19372.5,0.9192,ai_heavy
5537,17,230,15563.0,18675.6,0.9112,ai_heavy
5538,18,230,16278.9,19534.7,0.9009,ai_heavy
5539,19,230,16458.1,19749.7,0.889,ai_heavy
5540,20,230,15827.5,18993.0,0.8764,ai_heavy
5541,21,230,17168.1,20601.7,0.8638,ai_heavy
5542,22,230,16569.7,19883.7,0.8518,ai_heavy
5543,23,230,15281.0,18337.2,0.8409,ai_heavy
5544,0,231,15201.5,18241.8,0.8118,ai_heavy
5545,1,231,15598.1,18717.8,0.8172,ai_heavy
5546,2,231,16855.5,20226.6,0.8244,ai_heavy
5547,3,231,16556.6,19868.0,0.8335,ai_heavy
5548,4,231,16949.8,20339.8,0.8449,ai_heavy
5549,5,231,16211.6,19453.9,0.8584,ai_heavy
5550,6,231,16155.0,19386.0,0.874,ai_heavy
5551,7,231,15702.4,18842.8,0.8911,ai_heavy
5552,8,231,16543.2,19851.9,0.9092,ai_heavy
5553,9,231,16333.4,19600.0,0.9272,ai_heavy
5554,10,231,16369.0,19642.8,0.9441,ai_heavy
5555,11,231,17335.5,20802.6,0.9588,ai_heavy
5556,12,231,16507.2,19808.7,0.9703,ai_heavy
5557,13,231,17256.2,20707.4,0.9775,ai_heavy
5558,14,231,15810.7,18972.9,0.98,ai_heavy
5559,15,231,17500.0,21000.0,0.9775,ai_heavy
5560,16,231,16384.5,19661.4,0.9703,ai_heavy
5561,17,231,16883.7,20260.4,0.9588,ai_heavy
5562,18,231,16913.5,20296.2,0.9441,ai_heavy
5563,19,231,16184.9,19421.9,0.9272,ai_heavy
5564,20,231,16773.7,20128.5,0.9092,ai_heavy
5565,21,231,16739.1,20087.0,0.8911,ai_heavy
5566,22,231,15909.4,19091.2,0.874,ai_heavy
5567,23,231,15865.6,19038.7,0.8584,ai_heavy
5568,0,232,16076.9,19292.3,0.8118,ai_heavy
5569,1,232,16016.9,19220.3,0.8172,ai_heavy
5570,2,232,16768.5,20122.3,0.8244,ai_heavy
5571,3,232,16465.6,19758.7,0.8335,ai_heavy
5572,4,232,16128.4,19354.1,0.8449,ai_heavy
5573,5,232,16501.3,19801.5,0.8584,ai_heavy
5574,6,232,15259.0,18310.8,0.874,ai_heavy
5575,7,232,16011.7,19214.1,0.8911,ai_heavy
5576,8,232,16512.8,19815.4,0.9092,ai_heavy
5577,9,232,16979.8,20375.8,0.9272,ai_heavy
5578,10,232,16583.9,19900.7,0.9441,ai_heavy
5579,11,232,17256.2,20707.4,0.9588,ai_heavy
5580,12,232,17001.5,20401.8,0.9703,ai_heavy
5581,13,232,16350.5,19620.6,0.9775,ai_heavy
5582,14,232,16531.9,19838.3,0.98,ai_heavy
5583,15,232,16796.9,20156.3,0.9775,ai_heavy
5584,16,232,16347.0,19616.4,0.9703,ai_heavy
5585,17,232,17292.4,20750.9,0.9588,ai_heavy
5586,18,232,15936.8,19124.1,0.9441,ai_heavy
5587,19,232,16585.9,19903.0,0.9272,ai_heavy
5588,20,232,16732.7,20079.2,0.9092,ai_heavy
5589,21,232,16159.5,19391.4,0.8911,ai_heavy
5590,22,232,15994.4,19193.3,0.874,ai_heavy
5591,23,232,16169.6,19403.5,0.8584,ai_heavy
5592,0,233,16446.2,19735.5,0.8118,ai_heavy
5593,1,233,15831.6,18997.9,0.8172,ai_heavy
5594,2,233,15579.7,18695.6,0.8244,ai_heavy
5595,3,233,16682.3,20018.7,0.8335,ai_heavy
5596,4,233,16356.1,19627.4,0.8449,ai_heavy
5597,5,233,16696.6,20035.9,0.8584,ai_heavy
5598,6,233,16627.5,19953.0,0.874,ai_heavy
5599,7,233,17379.7,20855.6,0.8911,ai_heavy
5600,8,233,16919.1,20302.9,0.9092,ai_heavy
5601,9,233,16073.2,19287.8,0.9272,ai_heavy
5602,10,233,16717.7,20061.2,0.9441,ai_heavy
5603,11,233,16256.4,19507.7,0.9588,ai_heavy
5604,12,233,16344.3,19613.2,0.9703,ai_heavy
5605,13,233,15890.4,19068.5,0.9775,ai_heavy
5606,14,233,16459.2,19751.0,0.98,ai_heavy
5607,15,233,16864.9,20237.9,0.9775,ai_heavy
5608,16,233,16537.2,19844.7,0.9703,ai_heavy
5609,17,233,15987.7,19185.2,0.9588,ai_heavy
5610,18,233,15731.9,18878.3,0.9441,ai_heavy
5611,19,233,17471.0,20965.2,0.9272,ai_heavy
5612,20,233,16531.2,19837.4,0.9092,ai_heavy
5613,21,233,15909.6,19091.5,0.8911,ai_heavy
5614,22,233,16482.4,19778.9,0.874,ai_heavy
5615,23,233,17271.0,20725.2,0.8584,ai_heavy
5616,0,234,16354.0,19624.8,0.8118,ai_heavy
5617,1,234,14728.7,17674.5,0.8172,ai_heavy
5618,2,234,17376.6,20851.9,0.8244,ai_heavy
5619,3,234,15231.0,18277.2,0.8335,ai_heavy
5620,4,234,16062.6,19275.2,0.8449,ai_heavy
5621,5,234,15655.5,18786.6,0.8584,ai_heavy
5622,6,234,15896.3,19075.5,0.874,ai_heavy
5623,7,234,16452.1,19742.5,0.8911,ai_heavy
5624,8,234,15354.3,18425.2,0.9092,ai_heavy
5625,9,234,16385.6,19662.7,0.9272,ai_heavy
5626,10,234,17052.5,20463.0,0.9441,ai_heavy
5627,11,234,16114.7,19337.6,0.9588,ai_heavy
5628,12,234,15878.9,19054.7,0.9703,ai_heavy
5629,13,234,16524.3,19829.1,0.9775,ai_heavy
5630,14,234,16433.2,19719.8,0.98,ai_heavy
5631,15,234,16297.3,19556.7,0.9775,ai_heavy
5632,16,234,15979.3,19175.2,0.9703,ai_heavy
5633,17,234,16790.4,20148.5,0.9588,ai_heavy
5634,18,234,16779.5,20135.4,0.9441,ai_heavy
5635,19,234,15904.8,19085.8,0.9272,ai_heavy
5636,20,234,15916.1,19099.3,0.9092,ai_heavy
5637,21,234,16379.7,19655.6,0.8911,ai_heavy
5638,22,234,15786.5,18943.8,0.874,ai_heavy
5639,23,234,16293.5,19552.1,0.8584,ai_heavy
5640,0,235,16762.2,20114.6,0.8118,ai_heavy
5641,1,235,16043.8,19252.5,0.8172,ai_heavy
5642,2,235,15509.8,18611.8,0.8244,ai_heavy
5643,3,235,16315.3,19578.4,0.8335,ai_heavy
5644,4,235,16076.4,19291.7,0.8449,ai_heavy
5645,5,235,16133.6,19360.3,0.8584,ai_heavy
5646,6,235,16489.0,19786.8,0.874,ai_heavy
5647,7,235,16651.1,19981.3,0.8911,ai_heavy
5648,8,235,16388.9,19666.7,0.9092,ai_heavy
5649,9,235,16400.1,19680.2,0.9272,ai_heavy
5650,10,235,17500.0,21000.0,0.9441,ai_heavy
5651,11,235,17128.4,20554.1,0.9588,ai_heavy
5652,12,235,16984.4,20381.3,0.9703,ai_heavy
5653,13,235,16658.9,19990.7,0.9775,ai_heavy
5654,14,235,16100.8,19320.9,0.98,ai_heavy
5655,15,235,17154.8,20585.8,0.9775,ai_heavy
5656,16,235,16641.8,19970.1,0.9703,ai_heavy
5657,17,235,16246.7,19496.0,0.9588,ai_heavy
5658,18,235,16364.9,19637.8,0.9441,ai_heavy
5659,19,235,15953.8,19144.6,0.9272,ai_heavy
5660,20,235,16890.8,20268.9,0.9092,ai_heavy
5661,21,235,16647.1,19976.6,0.8911,ai_heavy
5662,22,235,16345.8,19614.9,0.874,ai_heavy
5663,23,235,16185.8,19422.9,0.8584,ai_heavy
5664,0,236,15716.0,18859.2,0.8083,ai_heavy
5665,1,236,15029.8,18035.8,0.812,ai_heavy
5666,2,236,15390.8,18469.0,0.8171,ai_heavy
5667,3,236,15734.4,18881.3,0.8235,ai_heavy
5668,4,236,15687.0,18824.4,0.8314,ai_heavy
5669,5,236,16289.8,19547.8,0.8409,ai_heavy
5670,6,236,16579.0,19894.8,0.8518,ai_heavy
5671,7,236,16161.5,19393.8,0.8638,ai_heavy
5672,8,236,16952.5,20343.0,0.8764,ai_heavy
5673,9,236,15923.1,19107.7,0.889,ai_heavy
5674,10,236,16278.1,19533.7,0.9009,ai_heavy
5675,11,236,16353.0,19623.6,0.9112,ai_heavy
5676,12,236,16941.5,20329.8,0.9192,ai_heavy
5677,13,236,16472.7,19767.2,0.9243,ai_heavy
5678,14,236,16492.0,19790.4,0.926,ai_heavy
5679,15,236,15605.3,18726.4,0.9243,ai_heavy
5680,16,236,15961.2,19153.4,0.9192,ai_heavy
5681,17,236,16916.5,20299.8,0.9112,ai_heavy
5682,18,236,15327.0,18392.3,0.9009,ai_heavy
5683,19,236,16963.0,20355.6,0.889,ai_heavy
5684,20,236,16508.9,19810.6,0.8764,ai_heavy
5685,21,236,15860.2,19032.2,0.8638,ai_heavy
5686,22,236,15781.0,18937.2,0.8518,ai_heavy
5687,23,236,17068.2,20481.8,0.8409,ai_heavy
5688,0,237,16722.9,20067.5,0.8083,ai_heavy
5689,1,237,15998.3,19198.0,0.812,ai_heavy
5690,2,237,16137.0,19364.4,0.8171,ai_heavy
5691,3,237,15781.0,18937.2,0.8235,ai_heavy
5692,4,237,16184.0,19420.7,0.8314,ai_heavy
5693,5,237,15823.1,18987.7,0.8409,ai_heavy
5694,6,237,16146.9,19376.3,0.8518,ai_heavy
5695,7,237,17105.1,20526.2,0.8638,ai_heavy
5696,8,237,16218.4,19462.1,0.8764,ai_heavy
5697,9,237,15793.4,18952.0,0.889,ai_heavy
5698,10,237,15674.6,18809.5,0.9009,ai_heavy
5699,11,237,16440.5,19728.6,0.9112,ai_heavy
5700,12,237,16029.6,19235.5,0.9192,ai_heavy
5701,13,237,16542.0,19850.4,0.9243,ai_heavy
5702,14,237,15628.1,18753.7,0.926,ai_heavy
5703,15,237,16760.5,20112.7,0.9243,ai_heavy
5704,16,237,15882.3,19058.8,0.9192,ai_heavy
5705,17,237,16400.8,19681.0,0.9112,ai_heavy
5706,18,237,16178.7,19414.4,0.9009,ai_heavy
5707,19,237,17146.6,20576.0,0.889,ai_heavy
5708,20,237,16348.7,19618.5,0.8764,ai_heavy
5709,21,237,17170.9,20605.1,0.8638,ai_heavy
5710,22,237,16457.3,19748.7,0.8518,ai_heavy
5711,23,237,16840.2,20208.2,0.8409,ai_heavy
5712,0,238,15954.5,19145.5,0.8118,ai_heavy
5713,1,238,16239.2,19487.0,0.8172,ai_heavy
5714,2,238,16684.3,20021.1,0.8244,ai_heavy
5715,3,238,16563.4,19876.1,0.8335,ai_heavy
5716,4,238,16420.0,19704.0,0.8449,ai_heavy
5717,5,238,16047.1,19256.6,0.8584,ai_heavy
5718,6,238,16179.7,19415.7,0.874,ai_heavy
5719,7,238,16869.6,20243.6,0.8911,ai_heavy
5720,8,238,17032.5,20439.0,0.9092,ai_heavy
5721,9,238,16137.8,19365.4,0.9272,ai_heavy
5722,10,238,16117.3,19340.7,0.9441,ai_heavy
5723,11,238,16084.5,19301.4,0.9588,ai_heavy
5724,12,238,16982.5,20379.0,0.9703,ai_heavy
5725,13,238,16130.9,19357.1,0.9775,ai_heavy
5726,14,238,17008.9,20410.6,0.98,ai_heavy
5727,15,238,16865.2,20238.3,0.9775,ai_heavy
5728,16,238,16299.1,19558.9,0.9703,ai_heavy
5729,17,238,17308.6,20770.3,0.9588,ai_heavy
5730,18,238,15761.9,18914.3,0.9441,ai_heavy
5731,19,238,17248.0,20697.7,0.9272,ai_heavy
5732,20,238,16528.1,19833.7,0.9092,ai_heavy
5733,21,238,15298.1,18357.8,0.8911,ai_heavy
5734,22,238,17033.6,20440.3,0.874,ai_heavy
5735,23,238,16679.3,20015.1,0.8584,ai_heavy
5736,0,239,15848.9,19018.6,0.8118,ai_heavy
5737,1,239,15607.4,18728.9,0.8172,ai_heavy
5738,2,239,15338.2,18405.8,0.8244,ai_heavy
5739,3,239,17294.2,20753.0,0.8335,ai_heavy
5740,4,239,15714.8,18857.8,0.8449,ai_heavy
5741,5,239,15592.2,18710.7,0.8584,ai_heavy
5742,6,239,16387.8,19665.4,0.874,ai_heavy
5743,7,239,15511.3,18613.6,0.8911,ai_heavy
5744,8,239,15889.4,19067.3,0.9092,ai_heavy
5745,9,239,16920.5,20304.6,0.9272,ai_heavy
5746,10,239,16714.7,20057.6,0.9441,ai_heavy
5747,11,239,16341.3,19609.6,0.9588,ai_heavy
5748,12,239,16579.2,19895.0,0.9703,ai_heavy
5749,13,239,16373.3,19648.0,0.9775,ai_heavy
5750,14,239,16570.8,19884.9,0.98,ai_heavy
5751,15,239,16214.4,19457.2,0.9775,ai_heavy
5752,16,239,16281.6,19537.9,0.9703,ai_heavy
5753,17,239,16230.0,19476.0,0.9588,ai_heavy
5754,18,239,16126.1,19351.3,0.9441,ai_heavy
5755,19,239,16944.6,20333.5,0.9272,ai_heavy
5756,20,239,16749.7,20099.7,0.9092,ai_heavy
5757,21,239,15856.6,19027.9,0.8911,ai_heavy
5758,22,239,15674.6,18809.6,0.874,ai_heavy
5759,23,239,16130.1,19356.1,0.8584,ai_heavy
5760,0,240,17093.2,20511.9,0.8118,ai_heavy
5761,1,240,15577.1,18692.5,0.8172,ai_heavy
5762,2,240,16018.0,19221.6,0.8244,ai_heavy
5763,3,240,16168.6,19402.3,0.8335,ai_heavy
5764,4,240,16109.9,19331.8,0.8449,ai_heavy
5765,5,240,15983.8,19180.6,0.8584,ai_heavy
5766,6,240,16820.5,20184.6,0.874,ai_heavy
5767,7,240,16535.3,19842.3,0.8911,ai_heavy
5768,8,240,16786.9,20144.3,0.9092,ai_heavy
5769,9,240,16720.6,20064.7,0.9272,ai_heavy
5770,10,240,16927.2,20312.6,0.9441,ai_heavy
5771,11,240,17318.8,20782.5,0.9588,ai_heavy
5772,12,240,17231.7,20678.1,0.9703,ai_heavy
5773,13,240,17500.0,21000.0,0.9775,ai_heavy
5774,14,240,17208.0,20649.6,0.98,ai_heavy
5775,15,240,16260.3,19512.4,0.9775,ai_heavy
5776,16,240,16991.3,20389.5,0.9703,ai_heavy
5777,17,240,16885.3,20262.4,0.9588,ai_heavy
5778,18,240,17434.8,20921.7,0.9441,ai_heavy
5779,19,240,15953.3,19144.0,0.9272,ai_heavy
5780,20,240,16645.5,19974.6,0.9092,ai_heavy
5781,21,240,15979.6,19175.5,0.8911,ai_heavy
5782,22,240,16507.1,19808.6,0.874,ai_heavy
5783,23,240,16102.2,19322.6,0.8584,ai_heavy
5784,0,241,16286.1,19543.3,0.8118,ai_heavy
5785,1,241,15392.6,18471.1,0.8172,ai_heavy
5786,2,241,16478.9,19774.6,0.8244,ai_heavy
5787,3,241,16225.3,19470.4,0.8335,ai_heavy
5788,4,241,16236.3,19483.6,0.8449,ai_heavy
5789,5,241,17154.8,20585.7,0.8584,ai_heavy
5790,6,241,16070.6,19284.7,0.874,ai_heavy
5791,7,241,16480.4,19776.4,0.8911,ai_heavy
5792,8,241,16420.7,19704.9,0.9092,ai_heavy
5793,9,241,16527.7,19833.2,0.9272,ai_heavy
5794,10,241,17500.0,21000.0,0.9441,ai_heavy
5795,11,241,16564.6,19877.5,0.9588,ai_heavy
5796,12,241,16288.1,19545.7,0.9703,ai_heavy
5797,13,241,17500.0,21000.0,0.9775,ai_heavy
5798,14,241,16448.4,19738.1,0.98,ai_heavy
5799,15,241,15794.5,18953.4,0.9775,ai_heavy
5800,16,241,16201.8,19442.1,0.9703,ai_heavy
5801,17,241,15914.6,19097.6,0.9588,ai_heavy
5802,18,241,15594.9,18713.9,0.9441,ai_heavy
5803,19,241,16251.1,19501.4,0.9272,ai_heavy
5804,20,241,16337.0,19604.4,0.9092,ai_heavy
5805,21,241,16890.6,20268.7,0.8911,ai_heavy
5806,22,241,16564.1,19877.0,0.874,ai_heavy
5807,23,241,16490.4,19788.5,0.8584,ai_heavy
5808,0,242,15624.9,18749.9,0.8118,ai_heavy
5809,1,242,16499.3,19799.2,0.8172,ai_heavy
5810,2,242,16767.6,20121.2,0.8244,ai_heavy
5811,3,242,16316.5,19579.8,0.8335,ai_heavy
5812,4,242,16367.4,19640.9,0.8449,ai_heavy
5813,5,242,15591.7,18710.0,0.8584,ai_heavy
5814,6,242,16771.4,20125.7,0.874,ai_heavy
5815,7,242,17184.4,20621.3,0.8911,ai_heavy
5816,8,242,16530.1,19836.1,0.9092,ai_heavy
5817,9,242,16137.1,19364.5,0.9272,ai_heavy
5818,10,242,16405.0,19686.0,0.9441,ai_heavy
5819,11,242,16324.4,19589.3,0.9588,ai_heavy
5820,12,242,16390.9,19669.0,0.9703,ai_heavy
5821,13,242,16916.2,20299.4,0.9775,ai_heavy
5822,14,242,16740.9,20089.0,0.98,ai_heavy
5823,15,242,17093.4,20512.0,0.9775,ai_heavy
5824,16,242,16754.4,20105.3,0.9703,ai_heavy
5825,17,242,16104.4,19325.2,0.9588,ai_heavy
5826,18,242,16237.5,19485.0,0.9441,ai_heavy
5827,19,242,16152.6,19383.2,0.9272,ai_heavy
5828,20,242,16279.9,19535.9,0.9092,ai_heavy
5829,21,242,17191.2,20629.4,0.8911,ai_heavy
5830,22,242,17210.6,20652.7,0.874,ai_heavy
5831,23,242,16613.3,19936.0,0.8584,ai_heavy
5832,0,243,16100.7,19320.9,0.8083,ai_heavy
5833,1,243,15400.0,18479.9,0.812,ai_heavy
5834,2,243,16178.2,19413.8,0.8171,ai_heavy
5835,3,243,15711.5,18853.8,0.8235,ai_heavy
5836,4,243,16907.2,20288.7,0.8314,ai_heavy
5837,5,243,15371.5,18445.8,0.8409,ai_heavy
5838,6,243,16371.7,19646.0,0.8518,ai_heavy
5839,7,243,15798.5,18958.2,0.8638,ai_heavy
5840,8,243,16260.4,19512.5,0.8764,ai_heavy
5841,9,243,16631.9,19958.2,0.889,ai_heavy
5842,10,243,16845.7,20214.8,0.9009,ai_heavy
5843,11,243,16348.2,19617.9,0.9112,ai_heavy
5844,12,243,16778.6,20134.4,0.9192,ai_heavy
5845,13,243,16094.2,19313.0,0.9243,ai_heavy
5846,14,243,16547.2,19856.6,0.926,ai_heavy
5847,15,243,16914.2,20297.1,0.9243,ai_heavy
5848,16,243,16567.5,19881.0,0.9192,ai_heavy
5849,17,243,16118.0,19341.6,0.9112,ai_heavy
5850,18,243,16207.7,19449.3,0.9009,ai_heavy
5851,19,243,16802.9,20163.5,0.889,ai_heavy
5852,20,243,15732.3,18878.7,0.8764,ai_heavy
5853,21,243,15764.4,18917.3,0.8638,ai_heavy
5854,22,243,16477.1,19772.5,0.8518,ai_heavy
5855,23,243,15936.9,19124.2,0.8409,ai_heavy
5856,0,244,15344.2,18413.1,0.8083,ai_heavy
5857,1,244,16706.5,20047.8,0.812,ai_heavy
5858,2,244,15541.9,18650.3,0.8171,ai_heavy
5859,3,244,15996.7,19196.0,0.8235,ai_heavy
5860,4,244,15819.2,18983.0,0.8314,ai_heavy
5861,5,244,16005.4,19206.5,0.8409,ai_heavy
5862,6,244,15755.5,18906.6,0.8518,ai_heavy
5863,7,244,16571.7,19886.0,0.8638,ai_heavy
5864,8,244,16319.1,19582.9,0.8764,ai_heavy
5865,9,244,16787.2,20144.7,0.889,ai_heavy
5866,10,244,16045.9,19255.0,0.9009,ai_heavy
5867,11,244,17426.1,20911.3,0.9112,ai_heavy
5868,12,244,15466.7,18560.1,0.9192,ai_heavy
5869,13,244,15639.7,18767.6,0.9243,ai_heavy
5870,14,244,17290.1,20748.1,0.926,ai_heavy
5871,15,244,16654.0,19984.8,0.9243,ai_heavy
5872,16,244,16572.0,19886.4,0.9192,ai_heavy
5873,17,244,16590.0,19907.9,0.9112,ai_heavy
5874,18,244,16624.7,19949.6,0.9009,ai_heavy
5875,19,244,16452.7,19743.2,0.889,ai_heavy
5876,20,244,15793.7,18952.5,0.8764,ai_heavy
5877,21,244,16622.2,19946.7,0.8638,ai_heavy
5878,22,244,16505.8,19807.0,0.8518,ai_heavy
5879,23,244,16841.7,20210.0,0.8409,ai_heavy
5880,0,245,16904.9,20285.8,0.8118,ai_heavy
5881,1,245,16232.0,19478.4,0.8172,ai_heavy
5882,2,245,15503.1,18603.7,0.8244,ai_heavy
5883,3,245,16983.1,20379.8,0.8335,ai_heavy
5884,4,245,15668.9,18802.6,0.8449,ai_heavy
5885,5,245,16370.9,19645.1,0.8584,ai_heavy
5886,6,245,16132.0,19358.3,0.874,ai_heavy
5887,7,245,16102.1,19322.6,0.8911,ai_heavy
5888,8,245,16746.9,20096.2,0.9092,ai_heavy
5889,9,245,16550.6,19860.7,0.9272,ai_heavy
5890,10,245,16738.9,20086.7,0.9441,ai_heavy
5891,11,245,16128.4,19354.0,0.9588,ai_heavy
5892,12,245,16483.5,19780.2,0.9703,ai_heavy
5893,13,245,16210.5,19452.6,0.9775,ai_heavy
5894,14,245,16502.5,19803.0,0.98,ai_heavy
5895,15,245,16534.5,19841.4,0.9775,ai_heavy
5896,16,245,17486.9,20984.2,0.9703,ai_heavy
5897,17,245,16404.3,19685.1,0.9588,ai_heavy
5898,18,245,15433.9,18520.7,0.9441,ai_heavy
5899,19,245,17117.7,20541.2,0.9272,ai_heavy
5900,20,245,16592.1,19910.6,0.9092,ai_heavy
5901,21,245,16248.8,19498.5,0.8911,ai_heavy
5902,22,245,16043.9,19252.7,0.874,ai_heavy
5903,23,245,15746.2,18895.4,0.8584,ai_heavy
5904,0,246,16988.6,20386.3,0.8118,ai_heavy
5905,1,246,16097.6,19317.1,0.8172,ai_heavy
5906,2,246,15256.7,18308.1,0.8244,ai_heavy
5907,3,246,16284.2,19541.0,0.8335,ai_heavy
5908,4,246,16747.4,20096.9,0.8449,ai_heavy
5909,5,246,16282.6,19539.2,0.8584,ai_heavy
5910,6,246,15817.4,18980.9,0.874,ai_heavy
5911,7,246,15827.9,18993.4,0.8911,ai_heavy
5912,8,246,15921.0,19105.1,0.9092,ai_heavy
5913,9,246,17180.1,20616.1,0.9272,ai_heavy
5914,10,246,16449.7,19739.6,0.9441,ai_heavy
5915,11,246,15700.3,18840.4,0.9588,ai_heavy
5916,12,246,16761.0,20113.2,0.9703,ai_heavy
5917,13,246,16663.8,19996.6,0.9775,ai_heavy
5918,14,246,16378.1,19653.7,0.98,ai_heavy
5919,15,246,16085.6,19302.8,0.9775,ai_heavy
5920,16,246,16041.2,19249.4,0.9703,ai_heavy
5921,17,246,17071.9,20486.3,0.9588,ai_heavy
5922,18,246,16607.5,19929.0,0.9441,ai_heavy
5923,19,246,16666.0,19999.2,0.9272,ai_heavy
5924,20,246,16491.7,19790.0,0.9092,ai_heavy
5925,21,246,16473.2,19767.9,0.8911,ai_heavy
5926,22,246,16028.7,19234.5,0.874,ai_heavy
5927,23,246,16106.5,19327.8,0.8584,ai_heavy
5928,0,247,16616.2,19939.4,0.8118,ai_heavy
5929,1,247,16754.7,20105.6,0.8172,ai_heavy
5930,2,247,15505.7,18606.9,0.8244,ai_heavy
5931,3,247,16024.9,19229.9,0.8335,ai_heavy
5932,4,247,16569.5,19883.4,0.8449,ai_heavy
5933,5,247,17121.7,20546.0,0.8584,ai_heavy
5934,6,247,17126.3,20551.5,0.874,ai_heavy
5935,7,247,15923.4,19108.1,0.8911,ai_heavy
5936,8,247,16997.7,20397.3,0.9092,ai_heavy
5937,9,247,16459.0,19750.7,0.9272,ai_heavy
5938,10,247,17001.6,20401.9,0.9441,ai_heavy
5939,11,247,16923.9,20308.7,0.9588,ai_heavy
5940,12,247,15941.7,19130.1,0.9703,ai_heavy
5941,13,247,16867.4,20240.9,0.9775,ai_heavy
5942,14,247,17102.6,20523.1,0.98,ai_heavy
5943,15,247,16583.6,19900.3,0.9775,ai_heavy
5944,16,247,16447.6,19737.1,0.9703,ai_heavy
5945,17,247,15753.4,18904.1,0.9588,ai_heavy
5946,18,247,16823.2,20187.8,0.9441,ai_heavy
5947,19,247,16532.9,19839.5,0.9272,ai_heavy
5948,20,247,15918.6,19102.3,0.9092,ai_heavy
5949,21,247,16153.4,19384.1,0.8911,ai_heavy
5950,22,247,16332.5,19599.0,0.874,ai_heavy
5951,23,247,15935.0,19122.0,0.8584,ai_heavy
5952,0,248,16056.4,19267.7,0.8118,ai_heavy
5953,1,248,15228.8,18274.6,0.8172,ai_heavy
5954,2,248,16747.4,20096.9,0.8244,ai_heavy
5955,3,248,16133.3,19360.0,0.8335,ai_heavy
5956,4,248,15629.5,18755.4,0.8449,ai_heavy
5957,5,248,15010.7,18012.8,0.8584,ai_heavy
5958,6,248,16759.1,20110.9,0.874,ai_heavy
5959,7,248,16586.0,19903.2,0.8911,ai_heavy
5960,8,248,16475.0,19770.0,0.9092,ai_heavy
5961,9,248,16855.7,20226.9,0.9272,ai_heavy
5962,10,248,16910.9,20293.0,0.9441,ai_heavy
5963,11,248,16629.4,19955.2,0.9588,ai_heavy
5964,12,248,16443.7,19732.4,0.9703,ai_heavy
5965,13,248,16385.9,19663.1,0.9775,ai_heavy
5966,14,248,16811.3,20173.6,0.98,ai_heavy
5967,15,248,17289.1,20746.9,0.9775,ai_heavy
5968,16,248,16518.9,19822.7,0.9703,ai_heavy
5969,17,248,17265.2,20718.3,0.9588,ai_heavy
5970,18,248,16669.6,20003.6,0.9441,ai_heavy
5971,19,248,16617.7,19941.2,0.9272,ai_heavy
5972,20,248,17500.0,21000.0,0.9092,ai_heavy
5973,21,248,17121.7,20546.0,0.8911,ai_heavy
5974,22,248,17075.9,20491.0,0.874,ai_heavy
5975,23,248,15818.8,18982.5,0.8584,ai_heavy
5976,0,249,17111.0,20533.2,0.8118,ai_heavy
5977,1,249,16033.0,19239.6,0.8172,ai_heavy
5978,2,249,15986.0,19183.2,0.8244,ai_heavy
5979,3,249,15081.1,18097.3,0.8335,ai_heavy
5980,4,249,16320.7,19584.9,0.8449,ai_heavy
5981,5,249,15679.9,18815.8,0.8584,ai_heavy
5982,6,249,16456.3,19747.5,0.874,ai_heavy
5983,7,249,15744.4,18893.3,0.8911,ai_heavy
5984,8,249,17254.4,20705.3,0.9092,ai_heavy
5985,9,249,16701.9,20042.3,0.9272,ai_heavy
5986,10,249,17500.0,21000.0,0.9441,ai_heavy
5987,11,249,16025.5,19230.6,0.9588,ai_heavy
5988,12,249,17340.2,20808.2,0.9703,ai_heavy
5989,13,249,15696.2,18835.4,0.9775,ai_heavy
5990,14,249,16705.3,20046.4,0.98,ai_heavy
5991,15,249,16279.2,19535.0,0.9775,ai_heavy
5992,16,249,16347.4,19616.8,0.9703,ai_heavy
5993,17,249,16276.8,19532.1,0.9588,ai_heavy
5994,18,249,16032.7,19239.3,0.9441,ai_heavy
5995,19,249,15809.2,18971.0,0.9272,ai_heavy
5996,20,249,16154.2,19385.0,0.9092,ai_heavy
5997,21,249,16369.7,19643.6,0.8911,ai_heavy
5998,22,249,16824.7,20189.7,0.874,ai_heavy
5999,23,249,16350.2,19620.2,0.8584,ai_heavy
6000,0,250,16605.0,19926.1,0.8083,ai_heavy
6001,1,250,15343.8,18412.6,0.812,ai_heavy
6002,2,250,15863.3,19036.0,0.8171,ai_heavy
6003,3,250,16436.2,19723.5,0.8235,ai_heavy
6004,4,250,16284.7,19541.7,0.8314,ai_heavy
6005,5,250,15732.4,18878.9,0.8409,ai_heavy
6006,6,250,16638.6,19966.3,0.8518,ai_heavy
6007,7,250,15965.4,19158.5,0.8638,ai_heavy
6008,8,250,15885.7,19062.9,0.8764,ai_heavy
6009,9,250,16544.2,19853.1,0.889,ai_heavy
6010,10,250,16347.6,19617.1,0.9009,ai_heavy
6011,11,250,16121.1,19345.3,0.9112,ai_heavy
6012,12,250,16130.0,19356.0,0.9192,ai_heavy
6013,13,250,15893.5,19072.2,0.9243,ai_heavy
6014,14,250,16231.1,19477.4,0.926,ai_heavy
6015,15,250,16962.4,20354.9,0.9243,ai_heavy
6016,16,250,16524.4,19829.3,0.9192,ai_heavy
6017,17,250,16849.0,20218.9,0.9112,ai_heavy
6018,18,250,16597.6,19917.1,0.9009,ai_heavy
6019,19,250,16006.5,19207.8,0.889,ai_heavy
6020,20,250,15460.3,18552.4,0.8764,ai_heavy
6021,21,250,15772.9,18927.5,0.8638,ai_heavy
6022,22,250,15859.1,19030.9,0.8518,ai_heavy
6023,23,250,15786.9,18944.3,0.8409,ai_heavy
6024,0,251,16515.8,19818.9,0.8083,ai_heavy
6025,1,251,16523.3,19828.0,0.812,ai_heavy
6026,2,251,17138.6,20566.3,0.8171,ai_heavy
6027,3,251,15724.2,18869.1,0.8235,ai_heavy
6028,4,251,16891.2,20269.5,0.8314,ai_heavy
6029,5,251,16920.6,20304.7,0.8409,ai_heavy
6030,6,251,16072.2,19286.7,0.8518,ai_heavy
6031,7,251,16454.5,19745.4,0.8638,ai_heavy
6032,8,251,16870.5,20244.5,0.8764,ai_heavy
6033,9,251,16277.2,19532.7,0.889,ai_heavy
6034,10,251,16277.7,19533.2,0.9009,ai_heavy
6035,11,251,16069.8,19283.8,0.9112,ai_heavy
6036,12,251,15242.6,18291.1,0.9192,ai_heavy
6037,13,251,16455.2,19746.3,0.9243,ai_heavy
6038,14,251,16076.4,19291.6,0.926,ai_heavy
6039,15,251,15890.8,19068.9,0.9243,ai_heavy
6040,16,251,16611.8,19934.2,0.9192,ai_heavy
6041,17,251,15665.0,18798.0,0.9112,ai_heavy
6042,18,251,16739.8,20087.8,0.9009,ai_heavy
6043,19,251,16542.6,19851.1,0.889,ai_heavy
6044,20,251,16069.8,19283.7,0.8764,ai_heavy
6045,21,251,16193.2,19431.8,0.8638,ai_heavy
6046,22,251,15607.1,18728.5,0.8518,ai_heavy
6047,23,251,16513.1,19815.8,0.8409,ai_heavy
6048,0,252,16145.4,19374.4,0.8118,ai_heavy
6049,1,252,16198.9,19438.6,0.8172,ai_heavy
6050,2,252,16338.2,19605.8,0.8244,ai_heavy
6051,3,252,15814.9,18977.8,0.8335,ai_heavy
6052,4,252,15426.0,18511.2,0.8449,ai_heavy
6053,5,252,16672.0,20006.4,0.8584,ai_heavy
6054,6,252,16593.1,19911.7,0.874,ai_heavy
6055,7,252,16050.9,19261.1,0.8911,ai_heavy
6056,8,252,16572.4,19886.9,0.9092,ai_heavy
6057,9,252,17050.1,20460.1,0.9272,ai_heavy
6058,10,252,17048.2,20457.9,0.9441,ai_heavy
6059,11,252,16252.9,19503.5,0.9588,ai_heavy
6060,12,252,15830.0,18996.0,0.9703,ai_heavy
6061,13,252,15937.9,19125.5,0.9775,ai_heavy
6062,14,252,16446.4,19735.7,0.98,ai_heavy
6063,15,252,17321.6,20785.9,0.9775,ai_heavy
6064,16,252,16207.9,19449.5,0.9703,ai_heavy
6065,17,252,16237.2,19484.6,0.9588,ai_heavy
6066,18,252,16180.0,19416.0,0.9441,ai_heavy
6067,19,252,16168.0,19401.6,0.9272,ai_heavy
6068,20,252,16366.0,19639.2,0.9092,ai_heavy
6069,21,252,15686.4,18823.7,0.8911,ai_heavy
6070,22,252,16786.0,20143.2,0.874,ai_heavy
6071,23,252,16136.2,19363.4,0.8584,ai_heavy
6072,0,253,17249.2,20699.0,0.8118,ai_heavy
6073,1,253,15506.7,18608.1,0.8172,ai_heavy
6074,2,253,16863.5,20236.3,0.8244,ai_heavy
6075,3,253,16798.7,20158.5,0.8335,ai_heavy
6076,4,253,15962.9,19155.5,0.8449,ai_heavy
6077,5,253,16014.5,19217.4,0.8584,ai_heavy
6078,6,253,15807.8,18969.4,0.874,ai_heavy
6079,7,253,15867.6,19041.1,0.8911,ai_heavy
6080,8,253,16371.2,19645.4,0.9092,ai_heavy
6081,9,253,16440.3,19728.3,0.9272,ai_heavy
6082,10,253,15692.6,18831.2,0.9441,ai_heavy
6083,11,253,17500.0,21000.0,0.9588,ai_heavy
6084,12,253,16441.0,19729.3,0.9703,ai_heavy
6085,13,253,16626.3,19951.5,0.9775,ai_heavy
6086,14,253,16289.8,19547.7,0.98,ai_heavy
6087,15,253,16460.7,19752.8,0.9775,ai_heavy
6088,16,253,16392.2,19670.6,0.9703,ai_heavy
6089,17,253,16531.5,19837.8,0.9588,ai_heavy
6090,18,253,16477.9,19773.5,0.9441,ai_heavy
6091,19,253,16826.8,20192.1,0.9272,ai_heavy
6092,20,253,16483.1,19779.7,0.9092,ai_heavy
6093,21,253,16657.5,19989.0,0.8911,ai_heavy
6094,22,253,16252.4,19502.9,0.874,ai_heavy
6095,23,253,16319.0,19582.8,0.8584,ai_heavy
6096,0,254,15938.9,19126.7,0.8118,ai_heavy
6097,1,254,16556.3,19867.5,0.8172,ai_heavy
6098,2,254,16251.6,19501.9,0.8244,ai_heavy
6099,3,254,16049.2,19259.0,0.8335,ai_heavy
6100,4,254,16071.4,19285.7,0.8449,ai_heavy
6101,5,254,16153.5,19384.2,0.8584,ai_heavy
6102,6,254,16272.0,19526.4,0.874,ai_heavy
6103,7,254,16285.3,19542.3,0.8911,ai_heavy
6104,8,254,16097.0,19316.4,0.9092,ai_heavy
6105,9,254,16807.1,20168.5,0.9272,ai_heavy
6106,10,254,16894.6,20273.6,0.9441,ai_heavy
6107,11,254,17417.7,20901.2,0.9588,ai_heavy
6108,12,254,16270.0,19524.0,0.9703,ai_heavy
6109,13,254,16925.4,20310.4,0.9775,ai_heavy
6110,14,254,15650.8,18781.0,0.98,ai_heavy
6111,15,254,17006.3,20407.6,0.9775,ai_heavy
6112,16,254,15846.0,19015.2,0.9703,ai_heavy
6113,17,254,16044.7,19253.7,0.9588,ai_heavy
6114,18,254,16649.4,19979.3,0.9441,ai_heavy
6115,19,254,16123.7,19348.5,0.9272,ai_heavy
6116,20,254,15999.0,19198.8,0.9092,ai_heavy
6117,21,254,16075.6,19290.7,0.8911,ai_heavy
6118,22,254,16613.0,19935.6,0.874,ai_heavy
6119,23,254,15753.0,18903.6,0.8584,ai_heavy
6120,0,255,16029.0,19234.8,0.8118,ai_heavy
6121,1,255,15890.0,19068.0,0.8172,ai_heavy
6122,2,255,16491.7,19790.1,0.8244,ai_heavy
6123,3,255,16535.8,19843.0,0.8335,ai_heavy
6124,4,255,15272.7,18327.2,0.8449,ai_heavy
6125,5,255,16714.7,20057.7,0.8584,ai_heavy
6126,6,255,15959.3,19151.2,0.874,ai_heavy
6127,7,255,16428.5,19714.2,0.8911,ai_heavy
6128,8,255,15910.3,19092.4,0.9092,ai_heavy
6129,9,255,16613.0,19935.6,0.9272,ai_heavy
6130,10,255,17500.0,21000.0,0.9441,ai_heavy
6131,11,255,16596.0,19915.2,0.9588,ai_heavy
6132,12,255,16341.5,19609.8,0.9703,ai_heavy
6133,13,255,16478.0,19773.6,0.9775,ai_heavy
6134,14,255,15870.0,19044.0,0.98,ai_heavy
6135,15,255,17314.9,20777.9,0.9775,ai_heavy
6136,16,255,16725.6,20070.7,0.9703,ai_heavy
6137,17,255,16012.7,19215.2,0.9588,ai_heavy
6138,18,255,15982.5,19179.0,0.9441,ai_heavy
6139,19,255,16437.6,19725.1,0.9272,ai_heavy
6140,20,255,16829.2,20195.1,0.9092,ai_heavy
6141,21,255,15749.6,18899.5,0.8911,ai_heavy
6142,22,255,16800.2,20160.2,0.874,ai_heavy
6143,23,255,16162.0,19394.4,0.8584,ai_heavy
6144,0,256,15607.1,18728.5,0.8118,ai_heavy
6145,1,256,15847.1,19016.5,0.8172,ai_heavy
6146,2,256,16940.2,20328.2,0.8244,ai_heavy
6147,3,256,15454.1,18544.9,0.8335,ai_heavy
6148,4,256,15807.7,18969.2,0.8449,ai_heavy
6149,5,256,16669.7,20003.7,0.8584,ai_heavy
6150,6,256,16362.7,19635.3,0.874,ai_heavy
6151,7,256,15925.7,19110.8,0.8911,ai_heavy
6152,8,256,16845.3,20214.4,0.9092,ai_heavy
6153,9,256,16929.0,20314.8,0.9272,ai_heavy
6154,10,256,16649.0,19978.8,0.9441,ai_heavy
6155,11,256,16229.2,19475.0,0.9588,ai_heavy
6156,12,256,16342.2,19610.7,0.9703,ai_heavy
6157,13,256,16735.3,20082.4,0.9775,ai_heavy
6158,14,256,15948.3,19137.9,0.98,ai_heavy
6159,15,256,17254.6,20705.5,0.9775,ai_heavy
6160,16,256,17415.2,20898.3,0.9703,ai_heavy
6161,17,256,16415.9,19699.1,0.9588,ai_heavy
6162,18,256,16661.2,19993.5,0.9441,ai_heavy
6163,19,256,17014.5,20417.4,0.9272,ai_heavy
6164,20,256,17332.0,20798.3,0.9092,ai_heavy
6165,21,256,17074.8,20489.8,0.8911,ai_heavy
6166,22,256,15410.7,18492.9,0.874,ai_heavy
6167,23,256,16053.2,19263.8,0.8584,ai_heavy
6168,0,257,16284.6,19541.5,0.8083,ai_heavy
6169,1,257,15817.8,18981.3,0.812,ai_heavy
6170,2,257,16931.7,20318.0,0.8171,ai_heavy
6171,3,257,16879.6,20255.5,0.8235,ai_heavy
6172,4,257,15724.2,18869.1,0.8314,ai_heavy
6173,5,257,16070.9,19285.1,0.8409,ai_heavy
6174,6,257,15821.1,18985.3,0.8518,ai_heavy
6175,7,257,16129.0,19354.8,0.8638,ai_heavy
6176,8,257,16155.0,19386.0,0.8764,ai_heavy
6177,9,257,16772.8,20127.4,0.889,ai_heavy
6178,10,257,15908.9,19090.7,0.9009,ai_heavy
6179,11,257,15092.3,18110.8,0.9112,ai_heavy
6180,12,257,15614.4,18737.3,0.9192,ai_heavy
6181,13,257,15914.0,19096.8,0.9243,ai_heavy
6182,14,257,16103.1,19323.7,0.926,ai_heavy
6183,15,257,16512.7,19815.3,0.9243,ai_heavy
6184,16,257,15872.6,19047.2,0.9192,ai_heavy
6185,17,257,15783.0,18939.6,0.9112,ai_heavy
6186,18,257,15888.8,19066.6,0.9009,ai_heavy
6187,19,257,15760.3,18912.3,0.889,ai_heavy
6188,20,257,15994.5,19193.4,0.8764,ai_heavy
6189,21,257,15933.3,19120.0,0.8638,ai_heavy
6190,22,257,16519.6,19823.5,0.8518,ai_heavy
6191,23,257,15670.2,18804.2,0.8409,ai_heavy
6192,0,258,15871.5,19045.8,0.8083,ai_heavy
6193,1,258,15793.3,18952.0,0.812,ai_heavy
6194,2,258,16462.1,19754.5,0.8171,ai_heavy
6195,3,258,16018.5,19222.2,0.8235,ai_heavy
6196,4,258,16626.9,19952.2,0.8314,ai_heavy
6197,5,258,15591.3,18709.6,0.8409,ai_heavy
6198,6,258,16161.0,19393.3,0.8518,ai_heavy
6199,7,258,15943.7,19132.5,0.8638,ai_heavy
6200,8,258,15666.8,18800.1,0.8764,ai_heavy
6201,9,258,16273.0,19527.6,0.889,ai_heavy
6202,10,258,17194.3,20633.1,0.9009,ai_heavy
6203,11,258,15959.0,19150.8,0.9112,ai_heavy
6204,12,258,16341.3,19609.6,0.9192,ai_heavy
6205,13,258,15774.1,18928.9,0.9243,ai_heavy
6206,14,258,15707.1,18848.5,0.926,ai_heavy
6207,15,258,16032.7,19239.2,0.9243,ai_heavy
6208,16,258,16182.6,19419.1,0.9192,ai_heavy
6209,17,258,16178.8,19414.5,0.9112,ai_heavy
6210,18,258,16233.7,19480.5,0.9009,ai_heavy
6211,19,258,15499.7,18599.6,0.889,ai_heavy
6212,20,258,15959.6,19151.5,0.8764,ai_heavy
6213,21,258,16468.2,19761.9,0.8638,ai_heavy
6214,22,258,15525.5,18630.6,0.8518,ai_heavy
6215,23,258,15977.5,19173.1,0.8409,ai_heavy
6216,0,259,16196.2,19435.4,0.8118,ai_heavy
6217,1,259,15695.4,18834.5,0.8172,ai_heavy
6218,2,259,16260.8,19512.9,0.8244,ai_heavy
6219,3,259,15389.8,18467.7,0.8335,ai_heavy
6220,4,259,16593.3,19912.0,0.8449,ai_heavy
6221,5,259,16384.4,19661.3,0.8584,ai_heavy
6222,6,259,16284.3,19541.2,0.874,ai_heavy
6223,7,259,16863.3,20236.0,0.8911,ai_heavy
6224,8,259,16209.7,19451.7,0.9092,ai_heavy
6225,9,259,16125.5,19350.6,0.9272,ai_heavy
6226,10,259,17163.9,20596.7,0.9441,ai_heavy
6227,11,259,17445.9,20935.1,0.9588,ai_heavy
6228,12,259,16225.3,19470.4,0.9703,ai_heavy
6229,13,259,16537.0,19844.4,0.9775,ai_heavy
6230,14,259,17122.2,20546.6,0.98,ai_heavy
6231,15,259,16554.7,19865.6,0.9775,ai_heavy
6232,16,259,16865.6,20238.7,0.9703,ai_heavy
6233,17,259,16920.0,20304.0,0.9588,ai_heavy
6234,18,259,16207.0,19448.4,0.9441,ai_heavy
6235,19,259,16636.7,19964.1,0.9272,ai_heavy
6236,20,259,16368.4,19642.1,0.9092,ai_heavy
6237,21,259,15717.4,18860.8,0.8911,ai_heavy
6238,22,259,15774.5,18929.4,0.874,ai_heavy
6239,23,259,15889.4,19067.3,0.8584,ai_heavy
6240,0,260,16502.3,19802.8,0.8118,ai_heavy
6241,1,260,16536.2,19843.4,0.8172,ai_heavy
6242,2,260,16458.0,19749.5,0.8244,ai_heavy
6243,3,260,16338.5,19606.3,0.8335,ai_heavy
6244,4,260,16362.7,19635.2,0.8449,ai_heavy
6245,5,260,16341.5,19609.8,0.8584,ai_heavy
6246,6,260,16456.0,19747.2,0.874,ai_heavy
6247,7,260,16545.5,19854.6,0.8911,ai_heavy
6248,8,260,15681.7,18818.1,0.9092,ai_heavy
6249,9,260,16040.5,19248.7,0.9272,ai_heavy
6250,10,260,15976.2,19171.5,0.9441,ai_heavy
6251,11,260,17082.1,20498.5,0.9588,ai_heavy
6252,12,260,17392.3,20870.8,0.9703,ai_heavy
6253,13,260,15513.8,18616.6,0.9775,ai_heavy
6254,14,260,17381.0,20857.2,0.98,ai_heavy
6255,15,260,16636.8,19964.1,0.9775,ai_heavy
6256,16,260,17073.5,20488.2,0.9703,ai_heavy
6257,17,260,16784.1,20141.0,0.9588,ai_heavy
6258,18,260,17197.4,20636.9,0.9441,ai_heavy
6259,19,260,16533.4,19840.1,0.9272,ai_heavy
6260,20,260,15701.8,18842.2,0.9092,ai_heavy
6261,21,260,16261.2,19513.4,0.8911,ai_heavy
6262,22,260,16508.7,19810.4,0.874,ai_heavy
6263,23,260,16101.6,19321.9,0.8584,ai_heavy
6264,0,261,16371.9,19646.3,0.8118,ai_heavy
6265,1,261,16040.9,19249.1,0.8172,ai_heavy
6266,2,261,15808.3,18969.9,0.8244,ai_heavy
6267,3,261,15600.3,18720.3,0.8335,ai_heavy
6268,4,261,15972.6,19167.1,0.8449,ai_heavy
6269,5,261,16306.1,19567.3,0.8584,ai_heavy
6270,6,261,15301.5,18361.9,0.874,ai_heavy
6271,7,261,15931.1,19117.3,0.8911,ai_heavy
6272,8,261,15390.8,18469.0,0.9092,ai_heavy
6273,9,261,16125.9,19351.1,0.9272,ai_heavy
6274,10,261,17077.2,20492.7,0.9441,ai_heavy
6275,11,261,15944.6,19133.6,0.9588,ai_heavy
6276,12,261,16919.6,20303.5,0.9703,ai_heavy
6277,13,261,17500.0,21000.0,0.9775,ai_heavy
6278,14,261,17325.6,20790.7,0.98,ai_heavy
6279,15,261,16660.1,19992.1,0.9775,ai_heavy
6280,16,261,16996.8,20396.1,0.9703,ai_heavy
6281,17,261,15853.6,19024.3,0.9588,ai_heavy
6282,18,261,15707.0,18848.4,0.9441,ai_heavy
6283,19,261,16444.2,19733.0,0.9272,ai_heavy
6284,20,261,16567.3,19880.7,0.9092,ai_heavy
6285,21,261,16848.5,20218.2,0.8911,ai_heavy
6286,22,261,15979.8,19175.7,0.874,ai_heavy
6287,23,261,16300.6,19560.7,0.8584,ai_heavy
6288,0,262,16131.8,19358.1,0.8118,ai_heavy
6289,1,262,16009.3,19211.1,0.8172,ai_heavy
6290,2,262,16060.8,19273.0,0.8244,ai_heavy
6291,3,262,15712.2,18854.6,0.8335,ai_heavy
6292,4,262,16298.2,19557.8,0.8449,ai_heavy
6293,5,262,16301.4,19561.7,0.8584,ai_heavy
6294,6,262,16042.6,19251.1,0.874,ai_heavy
6295,7,262,16638.7,19966.4,0.8911,ai_heavy
6296,8,262,16876.3,20251.6,0.9092,ai_heavy
6297,9,262,16763.9,20116.7,0.9272,ai_heavy
6298,10,262,15969.6,19163.5,0.9441,ai_heavy
6299,11,262,16582.4,19898.8,0.9588,ai_heavy
6300,12,262,16117.0,19340.4,0.9703,ai_heavy
6301,13,262,16641.7,19970.0,0.9775,ai_heavy
6302,14,262,16149.7,19379.6,0.98,ai_heavy
6303,15,262,17229.4,20675.3,0.9775,ai_heavy
6304,16,262,16959.4,20351.3,0.9703,ai_heavy
6305,17,262,17104.8,20525.8,0.9588,ai_heavy
6306,18,262,17005.2,20406.3,0.9441,ai_heavy
6307,19,262,16296.7,19556.0,0.9272,ai_heavy
6308,20,262,16162.5,19394.9,0.9092,ai_heavy
6309,21,262,17165.2,20598.3,0.8911,ai_heavy
6310,22,262,16176.6,19412.0,0.874,ai_heavy
6311,23,262,15548.0,18657.6,0.8584,ai_heavy
6312,0,263,16540.4,19848.4,0.8118,ai_heavy
6313,1,263,16141.9,19370.3,0.8172,ai_heavy
6314,2,263,16823.0,20187.6,0.8244,ai_heavy
6315,3,263,16243.2,19491.8,0.8335,ai_heavy
6316,4,263,16152.8,19383.4,0.8449,ai_heavy
6317,5,263,16948.6,20338.3,0.8584,ai_heavy
6318,6,263,15506.8,18608.2,0.874,ai_heavy
6319,7,263,16026.4,19231.7,0.8911,ai_heavy
6320,8,263,15935.7,19122.8,0.9092,ai_heavy
6321,9,263,15348.1,18417.7,0.9272,ai_heavy
6322,10,263,16916.9,20300.3,0.9441,ai_heavy
6323,11,263,16256.5,19507.7,0.9588,ai_heavy
6324,12,263,17020.1,20424.1,0.9703,ai_heavy
6325,13,263,16787.3,20144.7,0.9775,ai_heavy
6326,14,263,16904.1,20284.9,0.98,ai_heavy
6327,15,263,16366.9,19640.3,0.9775,ai_heavy
6328,16,263,16190.1,19428.2,0.9703,ai_heavy
6329,17,263,16577.4,19892.9,0.9588,ai_heavy
6330,18,263,16939.7,20327.6,0.9441,ai_heavy
6331,19,263,16405.2,19686.3,0.9272,ai_heavy
6332,20,263,16026.7,19232.1,0.9092,ai_heavy
6333,21,263,15726.1,18871.3,0.8911,ai_heavy
6334,22,263,16356.7,19628.1,0.874,ai_heavy
6335,23,263,15937.2,19124.6,0.8584,ai_heavy
6336,0,264,16009.1,19210.9,0.8083,ai_heavy
6337,1,264,15940.8,19129.0,0.812,ai_heavy
6338,2,264,15857.8,19029.4,0.8171,ai_heavy
6339,3,264,16234.8,19481.7,0.8235,ai_heavy
6340,4,264,16386.9,19664.3,0.8314,ai_heavy
6341,5,264,17101.8,20522.1,0.8409,ai_heavy
6342,6,264,16553.0,19863.7,0.8518,ai_heavy
6343,7,264,16999.7,20399.6,0.8638,ai_heavy
6344,8,264,15865.6,19038.7,0.8764,ai_heavy
6345,9,264,15522.9,18627.5,0.889,ai_heavy
6346,10,264,16337.5,19605.0,0.9009,ai_heavy
6347,11,264,16799.6,20159.6,0.9112,ai_heavy
6348,12,264,16749.1,20098.9,0.9192,ai_heavy
6349,13,264,17017.3,20420.7,0.9243,ai_heavy
6350,14,264,15176.2,18211.4,0.926,ai_heavy
6351,15,264,17037.8,20445.3,0.9243,ai_heavy
6352,16,264,16569.1,19883.0,0.9192,ai_heavy
6353,17,264,15619.4,18743.3,0.9112,ai_heavy
6354,18,264,16699.3,20039.2,0.9009,ai_heavy
6355,19,264,16388.9,19666.7,0.889,ai_heavy
6356,20,264,16451.1,19741.3,0.8764,ai_heavy
6357,21,264,16710.3,20052.4,0.8638,ai_heavy
6358,22,264,16393.9,19672.7,0.8518,ai_heavy
6359,23,264,15436.0,18523.3,0.8409,ai_heavy
6360,0,265,15974.7,19169.7,0.8083,ai_heavy
6361,1,265,15276.6,18332.0,0.812,ai_heavy
6362,2,265,16385.0,19662.0,0.8171,ai_heavy
6363,3,265,16767.9,20121.4,0.8235,ai_heavy
6364,4,265,15518.5,18622.1,0.8314,ai_heavy
6365,5,265,15824.3,18989.2,0.8409,ai_heavy
6366,6,265,15756.6,18907.9,0.8518,ai_heavy
6367,7,265,16003.1,19203.7,0.8638,ai_heavy
6368,8,265,16466.3,19759.5,0.8764,ai_heavy
6369,9,265,16089.3,19307.2,0.889,ai_heavy
6370,10,265,16664.5,19997.4,0.9009,ai_heavy
6371,11,265,16901.5,20281.8,0.9112,ai_heavy
6372,12,265,16946.2,20335.5,0.9192,ai_heavy
6373,13,265,15869.7,19043.6,0.9243,ai_heavy
6374,14,265,17109.1,20531.0,0.926,ai_heavy
6375,15,265,17142.7,20571.3,0.9243,ai_heavy
6376,16,265,17168.1,20601.8,0.9192,ai_heavy
6377,17,265,16300.5,19560.6,0.9112,ai_heavy
6378,18,265,15975.9,19171.1,0.9009,ai_heavy
6379,19,265,15824.6,18989.5,0.889,ai_heavy
6380,20,265,15727.4,18872.9,0.8764,ai_heavy
6381,21,265,16229.7,19475.6,0.8638,ai_heavy
6382,22,265,16596.7,19916.0,0.8518,ai_heavy
6383,23,265,16782.6,20139.1,0.8409,ai_heavy
6384,0,266,15821.2,18985.5,0.8118,ai_heavy
6385,1,266,16054.0,19264.7,0.8172,ai_heavy
6386,2,266,16045.5,19254.6,0.8244,ai_heavy
6387,3,266,15818.3,18982.0,0.8335,ai_heavy
6388,4,266,16519.3,19823.1,0.8449,ai_heavy
6389,5,266,16383.0,19659.6,0.8584,ai_heavy
6390,6,266,16326.3,19591.6,0.874,ai_heavy
6391,7,266,16488.2,19785.9,0.8911,ai_heavy
6392,8,266,16673.8,20008.5,0.9092,ai_heavy
6393,9,266,16728.5,20074.2,0.9272,ai_heavy
6394,10,266,16070.4,19284.5,0.9441,ai_heavy
6395,11,266,16977.5,20373.0,0.9588,ai_heavy
6396,12,266,16697.0,20036.4,0.9703,ai_heavy
6397,13,266,16377.2,19652.7,0.9775,ai_heavy
6398,14,266,16718.3,20062.0,0.98,ai_heavy
6399,15,266,16765.1,20118.1,0.9775,ai_heavy
6400,16,266,17107.8,20529.4,0.9703,ai_heavy
6401,17,266,16014.0,19216.9,0.9588,ai_heavy
6402,18,266,17140.4,20568.4,0.9441,ai_heavy
6403,19,266,16441.5,19729.8,0.9272,ai_heavy
6404,20,266,16122.9,19347.5,0.9092,ai_heavy
6405,21,266,16050.2,19260.2,0.8911,ai_heavy
6406,22,266,15768.8,18922.5,0.874,ai_heavy
6407,23,266,15360.2,18432.2,0.8584,ai_heavy
6408,0,267,16381.4,19657.7,0.8118,ai_heavy
6409,1,267,17027.8,20433.3,0.8172,ai_heavy
6410,2,267,15314.7,18377.7,0.8244,ai_heavy
6411,3,267,15665.8,18799.0,0.8335,ai_heavy
6412,4,267,16527.0,19832.4,0.8449,ai_heavy
6413,5,267,16184.4,19421.3,0.8584,ai_heavy
6414,6,267,16664.1,19997.0,0.874,ai_heavy
6415,7,267,16263.1,19515.7,0.8911,ai_heavy
6416,8,267,16086.3,19303.6,0.9092,ai_heavy
6417,9,267,16318.7,19582.5,0.9272,ai_heavy
6418,10,267,15307.0,18368.4,0.9441,ai_heavy
6419,11,267,15965.8,19158.9,0.9588,ai_heavy
6420,12,267,17041.4,20449.7,0.9703,ai_heavy
6421,13,267,17186.9,20624.3,0.9775,ai_heavy
6422,14,267,17302.0,20762.4,0.98,ai_heavy
6423,15,267,16813.1,20175.7,0.9775,ai_heavy
6424,16,267,15448.6,18538.3,0.9703,ai_heavy
6425,17,267,16218.0,19461.6,0.9588,ai_heavy
6426,18,267,17140.2,20568.3,0.9441,ai_heavy
6427,19,267,17230.1,20676.1,0.9272,ai_heavy
6428,20,267,17040.7,20448.9,0.9092,ai_heavy
6429,21,267,16197.3,19436.7,0.8911,ai_heavy
6430,22,267,15619.9,18743.9,0.874,ai_heavy
6431,23,267,16186.8,19424.2,0.8584,ai_heavy
6432,0,268,16062.2,19274.7,0.8118,ai_heavy
6433,1,268,16827.5,20193.0,0.8172,ai_heavy
6434,2,268,16205.8,19447.0,0.8244,ai_heavy
6435,3,268,16133.7,19360.4,0.8335,ai_heavy
6436,4,268,16198.2,19437.8,0.8449,ai_heavy
6437,5,268,16401.0,19681.2,0.8584,ai_heavy
6438,6,268,16562.7,19875.2,0.874,ai_heavy
6439,7,268,15958.3,19150.0,0.8911,ai_heavy
6440,8,268,15852.0,19022.5,0.9092,ai_heavy
6441,9,268,17105.6,20526.7,0.9272,ai_heavy
6442,10,268,15673.5,18808.2,0.9441,ai_heavy
6443,11,268,17345.2,20814.3,0.9588,ai_heavy
6444,12,268,15620.3,18744.3,0.9703,ai_heavy
6445,13,268,16302.6,19563.1,0.9775,ai_heavy
6446,14,268,17085.7,20502.8,0.98,ai_heavy
6447,15,268,16593.8,19912.5,0.9775,ai_heavy
6448,16,268,15915.6,19098.8,0.9703,ai_heavy
6449,17,268,16744.4,20093.3,0.9588,ai_heavy
6450,18,268,16518.2,19821.9,0.9441,ai_heavy
6451,19,268,16323.6,19588.3,0.9272,ai_heavy
6452,20,268,16065.1,19278.1,0.9092,ai_heavy
6453,21,268,16295.9,19555.1,0.8911,ai_heavy
6454,22,268,15973.4,19168.0,0.874,ai_heavy
6455,23,268,17390.3,20868.3,0.8584,ai_heavy
6456,0,269,15939.5,19127.4,0.8118,ai_heavy
6457,1,269,15892.4,19070.9,0.8172,ai_heavy
6458,2,269,15834.3,19001.2,0.8244,ai_heavy
6459,3,269,16985.3,20382.3,0.8335,ai_heavy
6460,4,269,15367.8,18441.4,0.8449,ai_heavy
6461,5,269,16381.3,19657.6,0.8584,ai_heavy
6462,6,269,16140.5,19368.6,0.874,ai_heavy
6463,7,269,15616.3,18739.5,0.8911,ai_heavy
6464,8,269,15969.2,19163.0,0.9092,ai_heavy
6465,9,269,16586.3,19903.5,0.9272,ai_heavy
6466,10,269,16057.6,19269.1,0.9441,ai_heavy
6467,11,269,16661.7,19994.0,0.9588,ai_heavy
6468,12,269,17429.6,20915.5,0.9703,ai_heavy
6469,13,269,16678.5,20014.2,0.9775,ai_heavy
6470,14,269,15877.7,19053.3,0.98,ai_heavy
6471,15,269,16172.1,19406.5,0.9775,ai_heavy
6472,16,269,16428.2,19713.8,0.9703,ai_heavy
6473,17,269,16358.2,19629.9,0.9588,ai_heavy
6474,18,269,16560.3,19872.3,0.9441,ai_heavy
6475,19,269,16584.1,19900.9,0.9272,ai_heavy
6476,20,269,17221.4,20665.7,0.9092,ai_heavy
6477,21,269,16311.1,19573.3,0.8911,ai_heavy
6478,22,269,15695.2,18834.3,0.874,ai_heavy
6479,23,269,16767.6,20121.1,0.8584,ai_heavy
6480,0,270,16663.5,19996.1,0.8118,ai_heavy
6481,1,270,16184.7,19421.6,0.8172,ai_heavy
6482,2,270,15976.9,19172.2,0.8244,ai_heavy
6483,3,270,16426.8,19712.2,0.8335,ai_heavy
6484,4,270,16060.2,19272.2,0.8449,ai_heavy
6485,5,270,15207.1,18248.5,0.8584,ai_heavy
6486,6,270,16532.0,19838.4,0.874,ai_heavy
6487,7,270,16749.5,20099.4,0.8911,ai_heavy
6488,8,270,17079.3,20495.1,0.9092,ai_heavy
6489,9,270,16069.9,19283.8,0.9272,ai_heavy
6490,10,270,16596.9,19916.3,0.9441,ai_heavy
6491,11,270,16655.8,19987.0,0.9588,ai_heavy
6492,12,270,16612.5,19935.0,0.9703,ai_heavy
6493,13,270,16650.8,19980.9,0.9775,ai_heavy
6494,14,270,16620.2,19944.2,0.98,ai_heavy
6495,15,270,16699.0,20038.8,0.9775,ai_heavy
6496,16,270,16938.2,20325.9,0.9703,ai_heavy
6497,17,270,17138.2,20565.8,0.9588,ai_heavy
6498,18,270,16111.1,19333.3,0.9441,ai_heavy
6499,19,270,16345.1,19614.2,0.9272,ai_heavy
6500,20,270,16163.9,19396.7,0.9092,ai_heavy
6501,21,270,16036.0,19243.2,0.8911,ai_heavy
6502,22,270,15469.0,18562.8,0.874,ai_heavy
6503,23,270,16218.4,19462.0,0.8584,ai_heavy
6504,0,271,16274.3,19529.1,0.8083,ai_heavy
6505,1,271,15981.1,19177.3,0.812,ai_heavy
6506,2,271,16067.8,19281.3,0.8171,ai_heavy
6507,3,271,16295.0,19554.0,0.8235,ai_heavy
6508,4,271,16801.1,20161.4,0.8314,ai_heavy
6509,5,271,15946.2,19135.5,0.8409,ai_heavy
6510,6,271,15616.1,18739.4,0.8518,ai_heavy
6511,7,271,16180.0,19416.0,0.8638,ai_heavy
6512,8,271,17184.1,20621.0,0.8764,ai_heavy
6513,9,271,15738.1,18885.8,0.889,ai_heavy
6514,10,271,16663.4,19996.0,0.9009,ai_heavy
6515,11,271,16947.0,20336.4,0.9112,ai_heavy
6516,12,271,15239.9,18287.9,0.9192,ai_heavy
6517,13,271,16622.6,19947.1,0.9243,ai_heavy
6518,14,271,16723.5,20068.2,0.926,ai_heavy
6519,15,271,16288.8,19546.6,0.9243,ai_heavy
6520,16,271,16085.9,19303.1,0.9192,ai_heavy
6521,17,271,16087.8,19305.4,0.9112,ai_heavy
6522,18,271,16183.5,19420.2,0.9009,ai_heavy
6523,19,271,16158.3,19389.9,0.889,ai_heavy
6524,20,271,16025.6,19230.7,0.8764,ai_heavy
6525,21,271,16056.3,19267.6,0.8638,ai_heavy
6526,22,271,16763.2,20115.8,0.8518,ai_heavy
6527,23,271,15561.2,18673.5,0.8409,ai_heavy
6528,0,272,15201.7,18242.1,0.8083,ai_heavy
6529,1,272,16637.1,19964.5,0.812,ai_heavy
6530,2,272,15979.5,19175.4,0.8171,ai_heavy
6531,3,272,15905.5,19086.6,0.8235,ai_heavy
6532,4,272,16065.0,19278.0,0.8314,ai_heavy
6533,5,272,16251.0,19501.2,0.8409,ai_heavy
6534,6,272,15930.6,19116.7,0.8518,ai_heavy
6535,7,272,16470.3,19764.3,0.8638,ai_heavy
6536,8,272,15795.5,18954.6,0.8764,ai_heavy
6537,9,272,16158.4,19390.1,0.889,ai_heavy
6538,10,272,15258.6,18310.3,0.9009,ai_heavy
6539,11,272,16954.0,20344.8,0.9112,ai_heavy
6540,12,272,16317.4,19580.9,0.9192,ai_heavy
6541,13,272,16750.6,20100.7,0.9243,ai_heavy
6542,14,272,16661.0,19993.2,0.926,ai_heavy
6543,15,272,16691.4,20029.6,0.9243,ai_heavy
6544,16,272,16400.2,19680.3,0.9192,ai_heavy
6545,17,272,16568.8,19882.6,0.9112,ai_heavy
6546,18,272,15873.2,19047.9,0.9009,ai_heavy
6547,19,272,15733.1,18879.7,0.889,ai_heavy
6548,20,272,16215.7,19458.8,0.8764,ai_heavy
6549,21,272,15893.2,19071.8,0.8638,ai_heavy
6550,22,272,16877.2,20252.6,0.8518,ai_heavy
6551,23,272,16331.4,19597.6,0.8409,ai_heavy
6552,0,273,15710.0,18852.0,0.8118,ai_heavy
6553,1,273,15941.7,19130.0,0.8172,ai_heavy
6554,2,273,16160.1,19392.1,0.8244,ai_heavy
6555,3,273,16092.7,19311.3,0.8335,ai_heavy
6556,4,273,16294.3,19553.2,0.8449,ai_heavy
6557,5,273,16240.0,19488.0,0.8584,ai_heavy
6558,6,273,15578.9,18694.7,0.874,ai_heavy
6559,7,273,15260.3,18312.3,0.8911,ai_heavy
6560,8,273,16188.0,19425.6,0.9092,ai_heavy
6561,9,273,16706.3,20047.6,0.9272,ai_heavy
6562,10,273,16305.9,19567.1,0.9441,ai_heavy
6563,11,273,17146.2,20575.5,0.9588,ai_heavy
6564,12,273,16546.7,19856.1,0.9703,ai_heavy
6565,13,273,17269.2,20723.1,0.9775,ai_heavy
6566,14,273,17175.4,20610.4,0.98,ai_heavy
6567,15,273,17116.9,20540.3,0.9775,ai_heavy
6568,16,273,15971.8,19166.1,0.9703,ai_heavy
6569,17,273,16541.4,19849.7,0.9588,ai_heavy
6570,18,273,17089.8,20507.8,0.9441,ai_heavy
6571,19,273,16564.3,19877.2,0.9272,ai_heavy
6572,20,273,16643.8,19972.5,0.9092,ai_heavy
6573,21,273,15633.7,18760.4,0.8911,ai_heavy
6574,22,273,17193.0,20631.6,0.874,ai_heavy
6575,23,273,15821.8,18986.2,0.8584,ai_heavy
6576,0,274,15094.5,18113.4,0.8118,ai_heavy
6577,1,274,15903.3,19084.0,0.8172,ai_heavy
6578,2,274,14914.0,17896.8,0.8244,ai_heavy
6579,3,274,15600.7,18720.8,0.8335,ai_heavy
6580,4,274,17403.1,20883.7,0.8449,ai_heavy
6581,5,274,16021.8,19226.2,0.8584,ai_heavy
6582,6,274,15560.8,18673.0,0.874,ai_heavy
6583,7,274,16325.3,19590.3,0.8911,ai_heavy
6584,8,274,15930.5,19116.6,0.9092,ai_heavy
6585,9,274,16856.2,20227.4,0.9272,ai_heavy
6586,10,274,16045.2,19254.2,0.9441,ai_heavy
6587,11,274,16667.2,20000.6,0.9588,ai_heavy
6588,12,274,15999.8,19199.8,0.9703,ai_heavy
6589,13,274,17500.0,21000.0,0.9775,ai_heavy
6590,14,274,16852.5,20223.0,0.98,ai_heavy
6591,15,274,16521.2,19825.4,0.9775,ai_heavy
6592,16,274,16424.4,19709.3,0.9703,ai_heavy
6593,17,274,16258.3,19510.0,0.9588,ai_heavy
6594,18,274,16108.8,19330.5,0.9441,ai_heavy
6595,19,274,16041.5,19249.7,0.9272,ai_heavy
6596,20,274,17195.8,20634.9,0.9092,ai_heavy
6597,21,274,16042.4,19250.9,0.8911,ai_heavy
6598,22,274,15218.6,18262.3,0.874,ai_heavy
6599,23,274,15639.7,18767.6,0.8584,ai_heavy
6600,0,275,16502.0,19802.4,0.8118,ai_heavy
6601,1,275,15950.9,19141.1,0.8172,ai_heavy
6602,2,275,16031.1,19237.3,0.8244,ai_heavy
6603,3,275,16691.6,20029.9,0.8335,ai_heavy
6604,4,275,15785.7,18942.8,0.8449,ai_heavy
6605,5,275,16514.1,19816.9,0.8584,ai_heavy
6606,6,275,15931.4,19117.7,0.874,ai_heavy
6607,7,275,16594.7,19913.6,0.8911,ai_heavy
6608,8,275,16179.4,19415.3,0.9092,ai_heavy
6609,9,275,16311.0,19573.2,0.9272,ai_heavy
6610,10,275,16890.7,20268.8,0.9441,ai_heavy
6611,11,275,16903.9,20284.7,0.9588,ai_heavy
6612,12,275,16487.8,19785.4,0.9703,ai_heavy
6613,13,275,16358.8,19630.6,0.9775,ai_heavy
6614,14,275,17398.1,20877.7,0.98,ai_heavy
6615,15,275,16887.0,20264.4,0.9775,ai_heavy
6616,16,275,16375.6,19650.7,0.9703,ai_heavy
6617,17,275,16209.0,19450.8,0.9588,ai_heavy
6618,18,275,16992.0,20390.4,0.9441,ai_heavy
6619,19,275,16486.9,19784.3,0.9272,ai_heavy
6620,20,275,16291.2,19549.4,0.9092,ai_heavy
6621,21,275,16369.1,19643.0,0.8911,ai_heavy
6622,22,275,16421.9,19706.3,0.874,ai_heavy
6623,23,275,16179.0,19414.8,0.8584,ai_heavy
6624,0,276,16634.9,19961.9,0.8118,ai_heavy
6625,1,276,16679.8,20015.8,0.8172,ai_heavy
6626,2,276,16352.7,19623.2,0.8244,ai_heavy
6627,3,276,16790.7,20148.8,0.8335,ai_heavy
6628,4,276,16166.7,19400.0,0.8449,ai_heavy
6629,5,276,16542.2,19850.7,0.8584,ai_heavy
6630,6,276,16747.1,20096.5,0.874,ai_heavy
6631,7,276,16811.6,20173.9,0.8911,ai_heavy
6632,8,276,16821.4,20185.7,0.9092,ai_heavy
6633,9,276,16741.2,20089.4,0.9272,ai_heavy
6634,10,276,17453.0,20943.6,0.9441,ai_heavy
6635,11,276,16265.2,19518.3,0.9588,ai_heavy
6636,12,276,16492.9,19791.5,0.9703,ai_heavy
6637,13,276,16486.8,19784.2,0.9775,ai_heavy
6638,14,276,16418.4,19702.0,0.98,ai_heavy
6639,15,276,15603.6,18724.3,0.9775,ai_heavy
6640,16,276,17253.5,20704.2,0.9703,ai_heavy
6641,17,276,16024.0,19228.8,0.9588,ai_heavy
6642,18,276,16569.1,19882.9,0.9441,ai_heavy
6643,19,276,15729.2,18875.1,0.9272,ai_heavy
6644,20,276,16676.3,20011.6,0.9092,ai_heavy
6645,21,276,15928.5,19114.2,0.8911,ai_heavy
6646,22,276,15703.1,18843.8,0.874,ai_heavy
6647,23,276,16301.1,19561.3,0.8584,ai_heavy
6648,0,277,15717.6,18861.1,0.8118,ai_heavy
6649,1,277,15795.8,18954.9,0.8172,ai_heavy
6650,2,277,16178.8,19414.5,0.8244,ai_heavy
6651,3,277,16512.6,19815.2,0.8335,ai_heavy
6652,4,277,15765.7,18918.9,0.8449,ai_heavy
6653,5,277,15724.7,18869.6,0.8584,ai_heavy
6654,6,277,16268.6,19522.3,0.874,ai_heavy
6655,7,277,16576.8,19892.1,0.8911,ai_heavy
6656,8,277,17089.9,20507.9,0.9092,ai_heavy
6657,9,277,15902.0,19082.4,0.9272,ai_heavy
6658,10,277,16327.8,19593.4,0.9441,ai_heavy
6659,11,277,17116.1,20539.3,0.9588,ai_heavy
6660,12,277,17500.0,21000.0,0.9703,ai_heavy
6661,13,277,16099.2,19319.1,0.9775,ai_heavy
6662,14,277,16233.7,19480.4,0.98,ai_heavy
6663,15,277,16783.3,20140.0,0.9775,ai_heavy
6664,16,277,16282.9,19539.4,0.9703,ai_heavy
6665,17,277,16156.4,19387.6,0.9588,ai_heavy
6666,18,277,16606.0,19927.2,0.9441,ai_heavy
6667,19,277,17193.8,20632.5,0.9272,ai_heavy
6668,20,277,15728.3,18874.0,0.9092,ai_heavy
6669,21,277,17046.1,20455.4,0.8911,ai_heavy
6670,22,277,15976.8,19172.2,0.874,ai_heavy
6671,23,277,16374.7,19649.7,0.8584,ai_heavy
6672,0,278,16809.3,20171.1,0.8083,ai_heavy
6673,1,278,16212.5,19455.0,0.812,ai_heavy
6674,2,278,15928.6,19114.4,0.8171,ai_heavy
6675,3,278,16439.7,19727.6,0.8235,ai_heavy
6676,4,278,16035.0,19242.0,0.8314,ai_heavy
6677,5,278,16402.2,19682.6,0.8409,ai_heavy
6678,6,278,16085.6,19302.8,0.8518,ai_heavy
6679,7,278,16643.2,19971.8,0.8638,ai_heavy
6680,8,278,15584.7,18701.7,0.8764,ai_heavy
6681,9,278,15810.2,18972.3,0.889,ai_heavy
6682,10,278,15653.7,18784.5,0.9009,ai_heavy
6683,11,278,16350.3,19620.4,0.9112,ai_heavy
6684,12,278,15651.3,18781.6,0.9192,ai_heavy
6685,13,278,16079.7,19295.7,0.9243,ai_heavy
6686,14,278,15880.4,19056.5,0.926,ai_heavy
6687,15,278,17149.4,20579.3,0.9243,ai_heavy
6688,16,278,15916.5,19099.8,0.9192,ai_heavy
6689,17,278,15745.9,18895.1,0.9112,ai_heavy
6690,18,278,16466.3,19759.6,0.9009,ai_heavy
6691,19,278,17131.2,20557.4,0.889,ai_heavy
6692,20,278,16208.4,19450.1,0.8764,ai_heavy
6693,21,278,16205.2,19446.2,0.8638,ai_heavy
6694,22,278,16811.7,20174.1,0.8518,ai_heavy
6695,23,278,16575.1,19890.1,0.8409,ai_heavy
6696,0,279,16248.3,19498.0,0.8083,ai_heavy
6697,1,279,15775.3,18930.4,0.812,ai_heavy
6698,2,279,16291.9,19550.3,0.8171,ai_heavy
6699,3,279,15436.0,18523.2,0.8235,ai_heavy
6700,4,279,15817.2,18980.6,0.8314,ai_heavy
6701,5,279,16843.1,20211.8,0.8409,ai_heavy
6702,6,279,16817.2,20180.6,0.8518,ai_heavy
6703,7,279,16436.9,19724.3,0.8638,ai_heavy
6704,8,279,15323.6,18388.3,0.8764,ai_heavy
6705,9,279,15715.0,18858.0,0.889,ai_heavy
6706,10,279,16011.4,19213.7,0.9009,ai_heavy
6707,11,279,16293.7,19552.4,0.9112,ai_heavy
6708,12,279,15788.7,18946.4,0.9192,ai_heavy
6709,13,279,16299.2,19559.0,0.9243,ai_heavy
6710,14,279,17297.1,20756.5,0.926,ai_heavy
6711,15,279,16618.0,19941.6,0.9243,ai_heavy
6712,16,279,16511.7,19814.1,0.9192,ai_heavy
6713,17,279,15878.1,19053.7,0.9112,ai_heavy
6714,18,279,15540.9,18649.1,0.9009,ai_heavy
6715,19,279,15705.2,18846.3,0.889,ai_heavy
6716,20,279,15445.6,18534.7,0.8764,ai_heavy
6717,21,279,16260.5,19512.6,0.8638,ai_heavy
6718,22,279,16371.4,19645.7,0.8518,ai_heavy
6719,23,279,15681.9,18818.3,0.8409,ai_heavy
6720,0,280,16126.4,19351.6,0.8118,ai_heavy
6721,1,280,16780.9,20137.1,0.8172,ai_heavy
6722,2,280,17041.2,20449.4,0.8244,ai_heavy
6723,3,280,16498.3,19798.0,0.8335,ai_heavy
6724,4,280,16077.8,19293.3,0.8449,ai_heavy
6725,5,280,16565.5,19878.5,0.8584,ai_heavy
6726,6,280,16916.5,20299.8,0.874,ai_heavy
6727,7,280,15330.6,18396.7,0.8911,ai_heavy
6728,8,280,17099.4,20519.3,0.9092,ai_heavy
6729,9,280,16161.6,19394.0,0.9272,ai_heavy
6730,10,280,16220.5,19464.6,0.9441,ai_heavy
6731,11,280,16356.9,19628.3,0.9588,ai_heavy
6732,12,280,16729.2,20075.0,0.9703,ai_heavy
6733,13,280,16040.4,19248.5,0.9775,ai_heavy
6734,14,280,16459.8,19751.8,0.98,ai_heavy
6735,15,280,16855.1,20226.1,0.9775,ai_heavy
6736,16,280,16678.7,20014.4,0.9703,ai_heavy
6737,17,280,16721.8,20066.2,0.9588,ai_heavy
6738,18,280,16324.9,19589.9,0.9441,ai_heavy
6739,19,280,16772.0,20126.4,0.9272,ai_heavy
6740,20,280,16890.3,20268.4,0.9092,ai_heavy
6741,21,280,16800.5,20160.6,0.8911,ai_heavy
6742,22,280,16465.7,19758.9,0.874,ai_heavy
6743,23,280,16663.1,19995.7,0.8584,ai_heavy
6744,0,281,16474.7,19769.6,0.8118,ai_heavy
6745,1,281,17363.2,20835.8,0.8172,ai_heavy
6746,2,281,16684.0,20020.8,0.8244,ai_heavy
6747,3,281,16082.7,19299.2,0.8335,ai_heavy
6748,4,281,15720.5,18864.6,0.8449,ai_heavy
6749,5,281,16079.6,19295.5,0.8584,ai_heavy
6750,6,281,16095.4,19314.4,0.874,ai_heavy
6751,7,281,16563.2,19875.8,0.8911,ai_heavy
6752,8,281,16027.6,19233.1,0.9092,ai_heavy
6753,9,281,17017.7,20421.2,0.9272,ai_heavy
6754,10,281,15797.9,18957.5,0.9441,ai_heavy
6755,11,281,15723.2,18867.9,0.9588,ai_heavy
6756,12,281,16502.9,19803.5,0.9703,ai_heavy
6757,13,281,16174.2,19409.0,0.9775,ai_heavy
6758,14,281,15975.0,19170.0,0.98,ai_heavy
6759,15,281,16276.5,19531.8,0.9775,ai_heavy
6760,16,281,16191.5,19429.8,0.9703,ai_heavy
6761,17,281,16538.0,19845.5,0.9588,ai_heavy
6762,18,281,16178.2,19413.9,0.9441,ai_heavy
6763,19,281,16164.3,19397.2,0.9272,ai_heavy
6764,20,281,16369.1,19642.9,0.9092,ai_heavy
6765,21,281,16809.2,20171.1,0.8911,ai_heavy
6766,22,281,16974.5,20369.4,0.874,ai_heavy
6767,23,281,16278.4,19534.1,0.8584,ai_heavy
6768,0,282,16163.8,19396.5,0.8118,ai_heavy
6769,1,282,15984.3,19181.1,0.8172,ai_heavy
6770,2,282,16328.2,19593.9,0.8244,ai_heavy
6771,3,282,16314.4,19577.3,0.8335,ai_heavy
6772,4,282,16805.4,20166.5,0.8449,ai_heavy
6773,5,282,15288.3,18346.0,0.8584,ai_heavy
6774,6,282,16142.8,19371.4,0.874,ai_heavy
6775,7,282,16478.9,19774.6,0.8911,ai_heavy
6776,8,282,16358.6,19630.3,0.9092,ai_heavy
6777,9,282,15967.1,19160.6,0.9272,ai_heavy
6778,10,282,15842.5,19011.0,0.9441,ai_heavy
6779,11,282,16932.9,20319.4,0.9588,ai_heavy
6780,12,282,16193.8,19432.5,0.9703,ai_heavy
6781,13,282,15720.0,18864.0,0.9775,ai_heavy
6782,14,282,17028.3,20433.9,0.98,ai_heavy
6783,15,282,16822.1,20186.5,0.9775,ai_heavy
6784,16,282,16512.5,19814.9,0.9703,ai_heavy
6785,17,282,16079.3,19295.2,0.9588,ai_heavy
6786,18,282,16429.0,19714.8,0.9441,ai_heavy
6787,19,282,17029.2,20435.1,0.9272,ai_heavy
6788,20,282,15578.4,18694.1,0.9092,ai_heavy
6789,21,282,15547.5,18657.0,0.8911,ai_heavy
6790,22,282,15951.0,19141.2,0.874,ai_heavy
6791,23,282,16193.6,19432.4,0.8584,ai_heavy
6792,0,283,15816.1,18979.3,0.8118,ai_heavy
6793,1,283,16382.6,19659.1,0.8172,ai_heavy
6794,2,283,16621.6,19945.9,0.8244,ai_heavy
6795,3,283,16260.5,19512.6,0.8335,ai_heavy
6796,4,283,16434.3,19721.1,0.8449,ai_heavy
6797,5,283,16338.9,19606.7,0.8584,ai_heavy
6798,6,283,16261.8,19514.2,0.874,ai_heavy
6799,7,283,15679.8,18815.8,0.8911,ai_heavy
6800,8,283,15866.6,19039.9,0.9092,ai_heavy
6801,9,283,15764.2,18917.0,0.9272,ai_heavy
6802,10,283,16411.7,19694.0,0.9441,ai_heavy
6803,11,283,16648.1,19977.8,0.9588,ai_heavy
6804,12,283,15849.6,19019.5,0.9703,ai_heavy
6805,13,283,16629.7,19955.7,0.9775,ai_heavy
6806,14,283,16165.8,19398.9,0.98,ai_heavy
6807,15,283,16061.3,19273.6,0.9775,ai_heavy
6808,16,283,16259.2,19511.0,0.9703,ai_heavy
6809,17,283,15977.2,19172.6,0.9588,ai_heavy
6810,18,283,16785.1,20142.1,0.9441,ai_heavy
6811,19,283,16347.2,19616.7,0.9272,ai_heavy
6812,20,283,16771.9,20126.3,0.9092,ai_heavy
6813,21,283,16095.8,19315.0,0.8911,ai_heavy
6814,22,283,16059.3,19271.2,0.874,ai_heavy
6815,23,283,17117.4,20540.9,0.8584,ai_heavy
6816,0,284,15273.4,18328.0,0.8118,ai_heavy
6817,1,284,16692.0,20030.4,0.8172,ai_heavy
6818,2,284,16894.8,20273.7,0.8244,ai_heavy
6819,3,284,16496.1,19795.3,0.8335,ai_heavy
6820,4,284,16002.3,19202.8,0.8449,ai_heavy
6821,5,284,16900.3,20280.4,0.8584,ai_heavy
6822,6,284,16100.2,19320.3,0.874,ai_heavy
6823,7,284,15967.5,19161.0,0.8911,ai_heavy
6824,8,284,16180.8,19416.9,0.9092,ai_heavy
6825,9,284,16149.0,19378.8,0.9272,ai_heavy
6826,10,284,16016.9,19220.3,0.9441,ai_heavy
6827,11,284,17083.5,20500.2,0.9588,ai_heavy
6828,12,284,16185.6,19422.7,0.9703,ai_heavy
6829,13,284,16578.8,19894.6,0.9775,ai_heavy
6830,14,284,15882.6,19059.1,0.98,ai_heavy
6831,15,284,16608.9,19930.7,0.9775,ai_heavy
6832,16,284,15995.4,19194.5,0.9703,ai_heavy
6833,17,284,15947.4,19136.9,0.9588,ai_heavy
6834,18,284,16431.0,19717.3,0.9441,ai_heavy
6835,19,284,16951.0,20341.2,0.9272,ai_heavy
6836,20,284,16587.8,19905.4,0.9092,ai_heavy
6837,21,284,16562.0,19874.4,0.8911,ai_heavy
6838,22,284,16193.8,19432.6,0.874,ai_heavy
6839,23,284,16043.4,19252.1,0.8584,ai_heavy
6840,0,285,16424.4,19709.2,0.8083,ai_heavy
6841,1,285,15784.6,18941.5,0.812,ai_heavy
6842,2,285,16474.4,19769.3,0.8171,ai_heavy
6843,3,285,16689.6,20027.6,0.8235,ai_heavy
6844,4,285,15711.9,18854.3,0.8314,ai_heavy
6845,5,285,15813.2,18975.8,0.8409,ai_heavy
6846,6,285,15920.1,19104.1,0.8518,ai_heavy
6847,7,285,15510.0,18612.0,0.8638,ai_heavy
6848,8,285,16036.0,19243.2,0.8764,ai_heavy
6849,9,285,16942.7,20331.2,0.889,ai_heavy
6850,10,285,15831.9,18998.3,0.9009,ai_heavy
6851,11,285,17029.2,20435.0,0.9112,ai_heavy
6852,12,285,16190.7,19428.9,0.9192,ai_heavy
6853,13,285,17461.9,20954.3,0.9243,ai_heavy
6854,14,285,16090.2,19308.2,0.926,ai_heavy
6855,15,285,16349.6,19619.5,0.9243,ai_heavy
6856,16,285,15956.1,19147.3,0.9192,ai_heavy
6857,17,285,16040.2,19248.2,0.9112,ai_heavy
6858,18,285,17000.7,20400.9,0.9009,ai_heavy
6859,19,285,16538.2,19845.8,0.889,ai_heavy
6860,20,285,16767.1,20120.5,0.8764,ai_heavy
6861,21,285,15583.7,18700.4,0.8638,ai_heavy
6862,22,285,16503.0,19803.6,0.8518,ai_heavy
6863,23,285,15679.0,18814.8,0.8409,ai_heavy
6864,0,286,15399.9,18479.9,0.8083,ai_heavy
6865,1,286,16170.8,19405.0,0.812,ai_heavy
6866,2,286,16182.3,19418.7,0.8171,ai_heavy
6867,3,286,16118.7,19342.4,0.8235,ai_heavy
6868,4,286,16465.8,19758.9,0.8314,ai_heavy
6869,5,286,16572.8,19887.4,0.8409,ai_heavy
6870,6,286,16898.6,20278.4,0.8518,ai_heavy
6871,7,286,15644.6,18773.6,0.8638,ai_heavy
6872,8,286,16998.0,20397.5,0.8764,ai_heavy
6873,9,286,17226.8,20672.2,0.889,ai_heavy
6874,10,286,16165.0,19398.0,0.9009,ai_heavy
6875,11,286,15558.2,18669.9,0.9112,ai_heavy
6876,12,286,15723.2,18867.8,0.9192,ai_heavy
6877,13,286,16193.0,19431.6,0.9243,ai_heavy
6878,14,286,17418.7,20902.4,0.926,ai_heavy
6879,15,286,16428.9,19714.7,0.9243,ai_heavy
6880,16,286,16100.3,19320.4,0.9192,ai_heavy
6881,17,286,16041.3,19249.5,0.9112,ai_heavy
6882,18,286,15696.0,18835.2,0.9009,ai_heavy
6883,19,286,16733.9,20080.6,0.889,ai_heavy
6884,20,286,16220.1,19464.1,0.8764,ai_heavy
6885,21,286,17246.0,20695.2,0.8638,ai_heavy
6886,22,286,16490.0,19788.1,0.8518,ai_heavy
6887,23,286,16551.7,19862.0,0.8409,ai_heavy
6888,0,287,15938.5,19126.2,0.8118,ai_heavy
6889,1,287,15546.5,18655.8,0.8172,ai_heavy
6890,2,287,15674.0,18808.8,0.8244,ai_heavy
6891,3,287,15463.2,18555.9,0.8335,ai_heavy
6892,4,287,16604.0,19924.8,0.8449,ai_heavy
6893,5,287,16019.4,19223.3,0.8584,ai_heavy
6894,6,287,16721.7,20066.1,0.874,ai_heavy
6895,7,287,16379.4,19655.3,0.8911,ai_heavy
6896,8,287,16227.7,19473.2,0.9092,ai_heavy
6897,9,287,15853.6,19024.3,0.9272,ai_heavy
6898,10,287,16634.3,19961.1,0.9441,ai_heavy
6899,11,287,16424.5,19709.4,0.9588,ai_heavy
6900,12,287,17018.5,20422.2,0.9703,ai_heavy
6901,13,287,16237.5,19485.0,0.9775,ai_heavy
6902,14,287,16908.5,20290.2,0.98,ai_heavy
6903,15,287,17410.4,20892.5,0.9775,ai_heavy
6904,16,287,16705.5,20046.6,0.9703,ai_heavy
6905,17,287,16922.4,20306.9,0.9588,ai_heavy
6906,18,287,16767.9,20121.5,0.9441,ai_heavy
6907,19,287,17365.6,20838.8,0.9272,ai_heavy
6908,20,287,16554.0,19864.8,0.9092,ai_heavy
6909,21,287,16655.4,19986.5,0.8911,ai_heavy
6910,22,287,16239.5,19487.4,0.874,ai_heavy
6911,23,287,15830.1,18996.1,0.8584,ai_heavy
6912,0,288,15473.2,18567.8,0.8118,ai_heavy
6913,1,288,16683.5,20020.2,0.8172,ai_heavy
6914,2,288,15608.9,18730.7,0.8244,ai_heavy
6915,3,288,16486.5,19783.8,0.8335,ai_heavy
6916,4,288,16364.3,19637.1,0.8449,ai_heavy
6917,5,288,16652.8,19983.4,0.8584,ai_heavy
6918,6,288,16006.1,19207.4,0.874,ai_heavy
6919,7,288,15925.9,19111.1,0.8911,ai_heavy
6920,8,288,16557.3,19868.8,0.9092,ai_heavy
6921,9,288,16286.0,19543.2,0.9272,ai_heavy
6922,10,288,15876.3,19051.5,0.9441,ai_heavy
6923,11,288,17494.4,20993.3,0.9588,ai_heavy
6924,12,288,16176.6,19412.0,0.9703,ai_heavy
6925,13,288,16099.0,19318.8,0.9775,ai_heavy
6926,14,288,16481.1,19777.3,0.98,ai_heavy
6927,15,288,17217.3,20660.7,0.9775,ai_heavy
6928,16,288,15493.0,18591.6,0.9703,ai_heavy
6929,17,288,17113.2,20535.8,0.9588,ai_heavy
6930,18,288,16034.3,19241.2,0.9441,ai_heavy
6931,19,288,16560.4,19872.5,0.9272,ai_heavy
6932,20,288,16039.5,19247.4,0.9092,ai_heavy
6933,21,288,17287.7,20745.2,0.8911,ai_heavy
6934,22,288,16317.9,19581.5,0.874,ai_heavy
6935,23,288,15862.3,19034.8,0.8584,ai_heavy
6936,0,289,15910.1,19092.1,0.8118,ai_heavy
6937,1,289,16115.8,19339.0,0.8172,ai_heavy
6938,2,289,16181.6,19418.0,0.8244,ai_heavy
6939,3,289,16337.9,19605.5,0.8335,ai_heavy
6940,4,289,16161.9,19394.2,0.8449,ai_heavy
6941,5,289,15537.0,18644.4,0.8584,ai_heavy
6942,6,289,16091.2,19309.5,0.874,ai_heavy
6943,7,289,16609.8,19931.7,0.8911,ai_heavy
6944,8,289,16042.5,19251.0,0.9092,ai_heavy
6945,9,289,16761.7,20114.0,0.9272,ai_heavy
6946,10,289,16500.8,19800.9,0.9441,ai_heavy
6947,11,289,16424.9,19709.9,0.9588,ai_heavy
6948,12,289,17163.7,20596.4,0.9703,ai_heavy
6949,13,289,15728.3,18874.0,0.9775,ai_heavy
6950,14,289,16265.3,19518.4,0.98,ai_heavy
6951,15,289,17207.1,20648.5,0.9775,ai_heavy
6952,16,289,17479.8,20975.7,0.9703,ai_heavy
6953,17,289,17500.0,21000.0,0.9588,ai_heavy
6954,18,289,16510.0,19812.0,0.9441,ai_heavy
6955,19,289,16655.8,19986.9,0.9272,ai_heavy
6956,20,289,16773.0,20127.6,0.9092,ai_heavy
6957,21,289,16936.9,20324.3,0.8911,ai_heavy
6958,22,289,16409.9,19691.8,0.874,ai_heavy
6959,23,289,16656.9,19988.3,0.8584,ai_heavy
6960,0,290,16276.6,19531.9,0.8118,ai_heavy
6961,1,290,16324.4,19589.3,0.8172,ai_heavy
6962,2,290,15652.4,18782.9,0.8244,ai_heavy
6963,3,290,15966.4,19159.6,0.8335,ai_heavy
6964,4,290,15909.1,19090.9,0.8449,ai_heavy
6965,5,290,15628.6,18754.3,0.8584,ai_heavy
6966,6,290,15451.7,18542.0,0.874,ai_heavy
6967,7,290,16105.6,19326.7,0.8911,ai_heavy
6968,8,290,16241.9,19490.3,0.9092,ai_heavy
6969,9,290,16481.8,19778.2,0.9272,ai_heavy
6970,10,290,16759.9,20111.9,0.9441,ai_heavy
6971,11,290,16626.2,19951.5,0.9588,ai_heavy
6972,12,290,16442.3,19730.8,0.9703,ai_heavy
6973,13,290,16138.0,19365.6,0.9775,ai_heavy
6974,14,290,17038.5,20446.2,0.98,ai_heavy
6975,15,290,16542.9,19851.5,0.9775,ai_heavy
6976,16,290,16354.4,19625.3,0.9703,ai_heavy
6977,17,290,16440.4,19728.5,0.9588,ai_heavy
6978,18,290,16122.7,19347.3,0.9441,ai_heavy
6979,19,290,16168.5,19402.2,0.9272,ai_heavy
6980,20,290,16095.2,19314.3,0.9092,ai_heavy
6981,21,290,16172.3,19406.7,0.8911,ai_heavy
6982,22,290,16577.0,19892.4,0.874,ai_heavy
6983,23,290,16404.5,19685.4,0.8584,ai_heavy
6984,0,291,16800.1,20160.1,0.8118,ai_heavy
6985,1,291,16656.9,19988.3,0.8172,ai_heavy
6986,2,291,17040.5,20448.7,0.8244,ai_heavy
6987,3,291,16396.1,19675.4,0.8335,ai_heavy
6988,4,291,16425.9,19711.1,0.8449,ai_heavy
6989,5,291,15969.6,19163.5,0.8584,ai_heavy
6990,6,291,16660.0,19992.0,0.874,ai_heavy
6991,7,291,15991.8,19190.1,0.8911,ai_heavy
6992,8,291,15649.3,18779.1,0.9092,ai_heavy
6993,9,291,17182.4,20618.9,0.9272,ai_heavy
6994,10,291,15867.3,19040.8,0.9441,ai_heavy
6995,11,291,16750.6,20100.7,0.9588,ai_heavy
6996,12,291,16132.4,19358.9,0.9703,ai_heavy
6997,13,291,17154.5,20585.4,0.9775,ai_heavy
6998,14,291,17230.7,20676.8,0.98,ai_heavy
6999,15,291,16857.0,20228.4,0.9775,ai_heavy
7000,16,291,17189.6,20627.5,0.9703,ai_heavy
7001,17,291,16536.6,19843.9,0.9588,ai_heavy
7002,18,291,17500.0,21000.0,0.9441,ai_heavy
7003,19,291,16797.8,20157.4,0.9272,ai_heavy
7004,20,291,15929.2,19115.0,0.9092,ai_heavy
7005,21,291,16346.9,19616.3,0.8911,ai_heavy
7006,22,291,16182.8,19419.3,0.874,ai_heavy
7007,23,291,16084.8,19301.8,0.8584,ai_heavy
7008,0,292,15246.0,18295.2,0.8083,ai_heavy
7009,1,292,16242.2,19490.6,0.812,ai_heavy
7010,2,292,15403.9,18484.7,0.8171,ai_heavy
7011,3,292,14873.7,17848.4,0.8235,ai_heavy
7012,4,292,15952.4,19142.9,0.8314,ai_heavy
7013,5,292,15783.4,18940.1,0.8409,ai_heavy
7014,6,292,15766.7,18920.0,0.8518,ai_heavy
7015,7,292,14713.7,17656.4,0.8638,ai_heavy
7016,8,292,15849.9,19019.8,0.8764,ai_heavy
7017,9,292,16221.1,19465.3,0.889,ai_heavy
7018,10,292,16033.6,19240.3,0.9009,ai_heavy
7019,11,292,16568.4,19882.0,0.9112,ai_heavy
7020,12,292,17089.4,20507.3,0.9192,ai_heavy
7021,13,292,16674.9,20009.9,0.9243,ai_heavy
7022,14,292,16932.0,20318.4,0.926,ai_heavy
7023,15,292,16966.9,20360.3,0.9243,ai_heavy
7024,16,292,15902.6,19083.2,0.9192,ai_heavy
7025,17,292,16593.8,19912.6,0.9112,ai_heavy
7026,18,292,16832.5,20199.0,0.9009,ai_heavy
7027,19,292,16092.8,19311.3,0.889,ai_heavy
7028,20,292,15879.3,19055.1,0.8764,ai_heavy
7029,21,292,16482.2,19778.6,0.8638,ai_heavy
7030,22,292,15465.6,18558.7,0.8518,ai_heavy
7031,23,292,15622.5,18747.0,0.8409,ai_heavy
7032,0,293,15722.7,18867.2,0.8083,ai_heavy
7033,1,293,16272.8,19527.4,0.812,ai_heavy
7034,2,293,16177.6,19413.2,0.8171,ai_heavy
7035,3,293,16591.4,19909.6,0.8235,ai_heavy
7036,4,293,15673.0,18807.6,0.8314,ai_heavy
7037,5,293,15677.0,18812.4,0.8409,ai_heavy
7038,6,293,16439.4,19727.3,0.8518,ai_heavy
7039,7,293,15835.3,19002.3,0.8638,ai_heavy
7040,8,293,15970.6,19164.7,0.8764,ai_heavy
7041,9,293,15397.7,18477.3,0.889,ai_heavy
7042,10,293,16487.2,19784.6,0.9009,ai_heavy
7043,11,293,17135.3,20562.4,0.9112,ai_heavy
7044,12,293,15897.5,19077.0,0.9192,ai_heavy
7045,13,293,16923.8,20308.6,0.9243,ai_heavy
7046,14,293,16396.9,19676.3,0.926,ai_heavy
7047,15,293,15550.8,18661.0,0.9243,ai_heavy
7048,16,293,15963.7,19156.5,0.9192,ai_heavy
7049,17,293,15908.1,19089.7,0.9112,ai_heavy
7050,18,293,16189.4,19427.2,0.9009,ai_heavy
7051,19,293,16511.3,19813.5,0.889,ai_heavy
7052,20,293,17167.2,20600.7,0.8764,ai_heavy
7053,21,293,15527.4,18632.9,0.8638,ai_heavy
7054,22,293,15949.6,19139.6,0.8518,ai_heavy
7055,23,293,15715.5,18858.6,0.8409,ai_heavy
7056,0,294,15444.4,18533.3,0.8118,ai_heavy
7057,1,294,16118.6,19342.4,0.8172,ai_heavy
7058,2,294,16096.6,19315.9,0.8244,ai_heavy
7059,3,294,15248.2,18297.8,0.8335,ai_heavy
7060,4,294,16171.3,19405.6,0.8449,ai_heavy
7061,5,294,15620.5,18744.6,0.8584,ai_heavy
7062,6,294,16262.9,19515.5,0.874,ai_heavy
7063,7,294,16934.1,20321.0,0.8911,ai_heavy
7064,8,294,16598.9,19918.7,0.9092,ai_heavy
7065,9,294,16517.6,19821.1,0.9272,ai_heavy
7066,10,294,16223.6,19468.3,0.9441,ai_heavy
7067,11,294,16566.1,19879.3,0.9588,ai_heavy
7068,12,294,16850.0,20220.1,0.9703,ai_heavy
7069,13,294,16824.7,20189.6,0.9775,ai_heavy
7070,14,294,16552.3,19862.7,0.98,ai_heavy
7071,15,294,16701.8,20042.2,0.9775,ai_heavy
7072,16,294,15915.6,19098.7,0.9703,ai_heavy
7073,17,294,16168.7,19402.4,0.9588,ai_heavy
7074,18,294,16835.0,20202.0,0.9441,ai_heavy
7075,19,294,16845.1,20214.1,0.9272,ai_heavy
7076,20,294,16417.5,19700.9,0.9092,ai_heavy
7077,21,294,17036.7,20444.0,0.8911,ai_heavy
7078,22,294,16504.9,19805.9,0.874,ai_heavy
7079,23,294,16093.2,19311.9,0.8584,ai_heavy
7080,0,295,15467.6,18561.1,0.8118,ai_heavy
7081,1,295,16766.3,20119.6,0.8172,ai_heavy
7082,2,295,16467.8,19761.4,0.8244,ai_heavy
7083,3,295,16995.6,20394.7,0.8335,ai_heavy
7084,4,295,17213.2,20655.8,0.8449,ai_heavy
7085,5,295,15580.9,18697.1,0.8584,ai_heavy
7086,6,295,15630.8,18756.9,0.874,ai_heavy
7087,7,295,14911.7,17894.0,0.8911,ai_heavy
7088,8,295,16822.5,20187.0,0.9092,ai_heavy
7089,9,295,16753.6,20104.4,0.9272,ai_heavy
7090,10,295,16533.5,19840.1,0.9441,ai_heavy
7091,11,295,15924.8,19109.7,0.9588,ai_heavy
7092,12,295,16525.8,19831.0,0.9703,ai_heavy
7093,13,295,16685.5,20022.7,0.9775,ai_heavy
7094,14,295,16991.5,20389.8,0.98,ai_heavy
7095,15,295,16729.5,20075.4,0.9775,ai_heavy
7096,16,295,16900.0,20280.0,0.9703,ai_heavy
7097,17,295,16471.4,19765.6,0.9588,ai_heavy
7098,18,295,17069.4,20483.3,0.9441,ai_heavy
7099,19,295,16741.4,20089.7,0.9272,ai_heavy
7100,20,295,15788.5,18946.2,0.9092,ai_heavy
7101,21,295,16992.7,20391.3,0.8911,ai_heavy
7102,22,295,16854.9,20225.9,0.874,ai_heavy
7103,23,295,16432.9,19719.5,0.8584,ai_heavy
7104,0,296,16190.3,19428.4,0.8118,ai_heavy
7105,1,296,16872.4,20246.8,0.8172,ai_heavy
7106,2,296,15307.2,18368.6,0.8244,ai_heavy
7107,3,296,16726.1,20071.3,0.8335,ai_heavy
7108,4,296,15931.6,19118.0,0.8449,ai_heavy
7109,5,296,16739.1,20086.9,0.8584,ai_heavy
7110,6,296,16315.9,19579.1,0.874,ai_heavy
7111,7,296,15704.6,18845.5,0.8911,ai_heavy
7112,8,296,16127.6,19353.1,0.9092,ai_heavy
7113,9,296,16933.7,20320.4,0.9272,ai_heavy
7114,10,296,16381.1,19657.4,0.9441,ai_heavy
7115,11,296,16224.7,19469.6,0.9588,ai_heavy
7116,12,296,16257.8,19509.3,0.9703,ai_heavy
7117,13,296,16913.3,20296.0,0.9775,ai_heavy
7118,14,296,17473.6,20968.3,0.98,ai_heavy
7119,15,296,15527.8,18633.4,0.9775,ai_heavy
7120,16,296,17500.0,21000.0,0.9703,ai_heavy
7121,17,296,16634.0,19960.8,0.9588,ai_heavy
7122,18,296,16772.0,20126.5,0.9441,ai_heavy
7123,19,296,16215.0,19458.0,0.9272,ai_heavy
7124,20,296,16369.8,19643.7,0.9092,ai_heavy
7125,21,296,16407.1,19688.5,0.8911,ai_heavy
7126,22,296,15745.5,18894.6,0.874,ai_heavy
7127,23,296,15814.9,18977.8,0.8584,ai_heavy
7128,0,297,16625.7,19950.8,0.8118,ai_heavy
7129,1,297,15324.1,18388.9,0.8172,ai_heavy
7130,2,297,16308.8,19570.6,0.8244,ai_heavy
7131,3,297,15946.4,19135.7,0.8335,ai_heavy
7132,4,297,15696.7,18836.1,0.8449,ai_heavy
7133,5,297,17165.3,20598.4,0.8584,ai_heavy
7134,6,297,15791.6,18950.0,0.874,ai_heavy
7135,7,297,15759.8,18911.8,0.8911,ai_heavy
7136,8,297,16279.7,19535.6,0.9092,ai_heavy
7137,9,297,16051.2,19261.5,0.9272,ai_heavy
7138,10,297,16488.3,19785.9,0.9441,ai_heavy
7139,11,297,16610.0,19932.0,0.9588,ai_heavy
7140,12,297,16686.7,20024.0,0.9703,ai_heavy
7141,13,297,16531.9,19838.3,0.9775,ai_heavy
7142,14,297,16252.0,19502.3,0.98,ai_heavy
7143,15,297,16913.9,20296.7,0.9775,ai_heavy
7144,16,297,16514.5,19817.4,0.9703,ai_heavy
7145,17,297,16287.1,19544.5,0.9588,ai_heavy
7146,18,297,17217.0,20660.4,0.9441,ai_heavy
7147,19,297,16370.3,19644.3,0.9272,ai_heavy
7148,20,297,16907.8,20289.4,0.9092,ai_heavy
7149,21,297,16913.3,20295.9,0.8911,ai_heavy
7150,22,297,16885.2,20262.2,0.874,ai_heavy
7151,23,297,16542.6,19851.2,0.8584,ai_heavy
7152,0,298,16054.8,19265.8,0.8118,ai_heavy
7153,1,298,16041.7,19250.1,0.8172,ai_heavy
7154,2,298,15978.0,19173.5,0.8244,ai_heavy
7155,3,298,15077.4,18092.8,0.8335,ai_heavy
7156,4,298,16511.1,19813.3,0.8449,ai_heavy
7157,5,298,16325.4,19590.5,0.8584,ai_heavy
7158,6,298,16659.8,19991.7,0.874,ai_heavy
7159,7,298,16255.6,19506.7,0.8911,ai_heavy
7160,8,298,16698.0,20037.6,0.9092,ai_heavy
7161,9,298,15751.1,18901.3,0.9272,ai_heavy
7162,10,298,15906.8,19088.2,0.9441,ai_heavy
7163,11,298,15304.8,18365.7,0.9588,ai_heavy
7164,12,298,16503.3,19803.9,0.9703,ai_heavy
7165,13,298,16209.0,19450.8,0.9775,ai_heavy
7166,14,298,16151.7,19382.1,0.98,ai_heavy
7167,15,298,16760.2,20112.2,0.9775,ai_heavy
7168,16,298,16358.5,19630.2,0.9703,ai_heavy
7169,17,298,15822.1,18986.6,0.9588,ai_heavy
7170,18,298,17500.0,21000.0,0.9441,ai_heavy
7171,19,298,16411.8,19694.2,0.9272,ai_heavy
7172,20,298,15839.5,19007.4,0.9092,ai_heavy
7173,21,298,15985.1,19182.1,0.8911,ai_heavy
7174,22,298,16172.7,19407.3,0.874,ai_heavy
7175,23,298,16121.4,19345.7,0.8584,ai_heavy
7176,0,299,16670.3,20004.4,0.8083,ai_heavy
7177,1,299,16017.6,19221.1,0.812,ai_heavy
7178,2,299,16966.6,20359.9,0.8171,ai_heavy
7179,3,299,15884.2,19061.0,0.8235,ai_heavy
7180,4,299,16325.0,19590.0,0.8314,ai_heavy
7181,5,299,16644.7,19973.7,0.8409,ai_heavy
7182,6,299,16765.3,20118.4,0.8518,ai_heavy
7183,7,299,16862.5,20235.0,0.8638,ai_heavy
7184,8,299,16132.3,19358.8,0.8764,ai_heavy
7185,9,299,16303.4,19564.0,0.889,ai_heavy
7186,10,299,15128.8,18154.6,0.9009,ai_heavy
7187,11,299,16281.7,19538.1,0.9112,ai_heavy
7188,12,299,16941.1,20329.3,0.9192,ai_heavy
7189,13,299,16862.3,20234.8,0.9243,ai_heavy
7190,14,299,16383.5,19660.3,0.926,ai_heavy
7191,15,299,17257.5,20709.0,0.9243,ai_heavy
7192,16,299,16215.1,19458.1,0.9192,ai_heavy
7193,17,299,16026.2,19231.4,0.9112,ai_heavy
7194,18,299,16115.0,19338.0,0.9009,ai_heavy
7195,19,299,15757.0,18908.3,0.889,ai_heavy
7196,20,299,16568.7,19882.5,0.8764,ai_heavy
7197,21,299,16364.4,19637.3,0.8638,ai_heavy
7198,22,299,16481.2,19777.4,0.8518,ai_heavy
7199,23,299,15948.9,19138.6,0.8409,ai_heavy
7200,0,300,16015.6,19218.8,0.8083,ai_heavy
7201,1,300,15006.5,18007.8,0.812,ai_heavy
7202,2,300,16253.5,19504.2,0.8171,ai_heavy
7203,3,300,16140.7,19368.8,0.8235,ai_heavy
7204,4,300,15586.6,18703.9,0.8314,ai_heavy
7205,5,300,16098.9,19318.7,0.8409,ai_heavy
7206,6,300,16059.8,19271.8,0.8518,ai_heavy
7207,7,300,17082.7,20499.3,0.8638,ai_heavy
7208,8,300,15747.3,18896.7,0.8764,ai_heavy
7209,9,300,16468.2,19761.8,0.889,ai_heavy
7210,10,300,15809.7,18971.7,0.9009,ai_heavy
7211,11,300,16103.9,19324.7,0.9112,ai_heavy
7212,12,300,16540.3,19848.3,0.9192,ai_heavy
7213,13,300,16316.4,19579.7,0.9243,ai_heavy
7214,14,300,16423.2,19707.9,0.926,ai_heavy
7215,15,300,16584.4,19901.3,0.9243,ai_heavy
7216,16,300,16161.1,19393.3,0.9192,ai_heavy
7217,17,300,16812.5,20175.0,0.9112,ai_heavy
7218,18,300,16194.8,19433.7,0.9009,ai_heavy
7219,19,300,16258.3,19510.0,0.889,ai_heavy
7220,20,300,16441.3,19729.6,0.8764,ai_heavy
7221,21,300,16334.5,19601.4,0.8638,ai_heavy
7222,22,300,16497.8,19797.4,0.8518,ai_heavy
7223,23,300,16303.2,19563.8,0.8409,ai_heavy
7224,0,301,16281.0,19537.2,0.8118,ai_heavy
7225,1,301,15915.7,19098.9,0.8172,ai_heavy
7226,2,301,15579.8,18695.7,0.8244,ai_heavy
7227,3,301,15435.0,18522.0,0.8335,ai_heavy
7228,4,301,15352.5,18422.9,0.8449,ai_heavy
7229,5,301,17063.6,20476.3,0.8584,ai_heavy
7230,6,301,15178.0,18213.6,0.874,ai_heavy
7231,7,301,16897.1,20276.5,0.8911,ai_heavy
7232,8,301,15968.3,19162.0,0.9092,ai_heavy
7233,9,301,17014.9,20417.8,0.9272,ai_heavy
7234,10,301,15395.8,18475.0,0.9441,ai_heavy
7235,11,301,16416.3,19699.6,0.9588,ai_heavy
7236,12,301,17292.9,20751.4,0.9703,ai_heavy
7237,13,301,16948.6,20338.4,0.9775,ai_heavy
7238,14,301,16433.7,19720.4,0.98,ai_heavy
7239,15,301,15626.4,18751.6,0.9775,ai_heavy
7240,16,301,15912.6,19095.2,0.9703,ai_heavy
7241,17,301,17221.9,20666.3,0.9588,ai_heavy
7242,18,301,16312.9,19575.4,0.9441,ai_heavy
7243,19,301,16394.7,19673.6,0.9272,ai_heavy
7244,20,301,16510.7,19812.9,0.9092,ai_heavy
7245,21,301,15675.3,18810.3,0.8911,ai_heavy
7246,22,301,16455.8,19747.0,0.874,ai_heavy
7247,23,301,16002.6,19203.1,0.8584,ai_heavy
7248,0,302,16196.6,19435.9,0.8118,ai_heavy
7249,1,302,15793.9,18952.7,0.8172,ai_heavy
7250,2,302,15336.2,18403.5,0.8244,ai_heavy
7251,3,302,15918.9,19102.7,0.8335,ai_heavy
7252,4,302,16473.2,19767.9,0.8449,ai_heavy
7253,5,302,16398.2,19677.8,0.8584,ai_heavy
7254,6,302,16272.3,19526.7,0.874,ai_heavy
7255,7,302,16752.4,20102.9,0.8911,ai_heavy
7256,8,302,16271.5,19525.8,0.9092,ai_heavy
7257,9,302,16457.8,19749.4,0.9272,ai_heavy
7258,10,302,16247.8,19497.4,0.9441,ai_heavy
7259,11,302,17007.4,20408.9,0.9588,ai_heavy
7260,12,302,16715.0,20058.0,0.9703,ai_heavy
7261,13,302,16316.3,19579.6,0.9775,ai_heavy
7262,14,302,15860.1,19032.1,0.98,ai_heavy
7263,15,302,17143.7,20572.4,0.9775,ai_heavy
7264,16,302,16200.2,19440.2,0.9703,ai_heavy
7265,17,302,16568.7,19882.4,0.9588,ai_heavy
7266,18,302,17500.0,21000.0,0.9441,ai_heavy
7267,19,302,16825.1,20190.1,0.9272,ai_heavy
7268,20,302,17162.8,20595.4,0.9092,ai_heavy
7269,21,302,16049.5,19259.4,0.8911,ai_heavy
7270,22,302,16779.5,20135.4,0.874,ai_heavy
7271,23,302,16219.6,19463.5,0.8584,ai_heavy
7272,0,303,16231.4,19477.7,0.8118,ai_heavy
7273,1,303,17047.0,20456.4,0.8172,ai_heavy
7274,2,303,15961.3,19153.5,0.8244,ai_heavy
7275,3,303,16134.9,19361.9,0.8335,ai_heavy
7276,4,303,15724.6,18869.5,0.8449,ai_heavy
7277,5,303,16638.6,19966.3,0.8584,ai_heavy
7278,6,303,15983.7,19180.5,0.874,ai_heavy
7279,7,303,16813.4,20176.0,0.8911,ai_heavy
7280,8,303,15561.1,18673.4,0.9092,ai_heavy
7281,9,303,16700.5,20040.6,0.9272,ai_heavy
7282,10,303,16166.8,19400.1,0.9441,ai_heavy
7283,11,303,16895.3,20274.3,0.9588,ai_heavy
7284,12,303,16563.3,19876.0,0.9703,ai_heavy
7285,13,303,16327.1,19592.5,0.9775,ai_heavy
7286,14,303,16409.1,19691.0,0.98,ai_heavy
7287,15,303,16170.3,19404.3,0.9775,ai_heavy
7288,16,303,16986.5,20383.8,0.9703,ai_heavy
7289,17,303,16012.8,19215.4,0.9588,ai_heavy
7290,18,303,16353.0,19623.6,0.9441,ai_heavy
7291,19,303,16600.2,19920.3,0.9272,ai_heavy
7292,20,303,17163.9,20596.7,0.9092,ai_heavy
7293,21,303,16308.3,19570.0,0.8911,ai_heavy
7294,22,303,16138.9,19366.7,0.874,ai_heavy
7295,23,303,16339.6,19607.6,0.8584,ai_heavy
7296,0,304,15056.4,18067.7,0.8118,ai_heavy
7297,1,304,15494.7,18593.6,0.8172,ai_heavy
7298,2,304,15914.6,19097.5,0.8244,ai_heavy
7299,3,304,15780.7,18936.9,0.8335,ai_heavy
7300,4,304,15386.3,18463.6,0.8449,ai_heavy
7301,5,304,16623.6,19948.4,0.8584,ai_heavy
7302,6,304,16383.9,19660.6,0.874,ai_heavy
7303,7,304,16381.5,19657.8,0.8911,ai_heavy
7304,8,304,16030.6,19236.8,0.9092,ai_heavy
7305,9,304,16469.2,19763.0,0.9272,ai_heavy
7306,10,304,16739.5,20087.4,0.9441,ai_heavy
7307,11,304,16401.5,19681.9,0.9588,ai_heavy
7308,12,304,16791.1,20149.3,0.9703,ai_heavy
7309,13,304,16197.3,19436.8,0.9775,ai_heavy
7310,14,304,16650.2,19980.3,0.98,ai_heavy
7311,15,304,17162.3,20594.8,0.9775,ai_heavy
7312,16,304,17182.5,20619.0,0.9703,ai_heavy
7313,17,304,17191.4,20629.7,0.9588,ai_heavy
7314,18,304,16626.3,19951.6,0.9441,ai_heavy
7315,19,304,16445.6,19734.8,0.9272,ai_heavy
7316,20,304,16151.1,19381.3,0.9092,ai_heavy
7317,21,304,15428.3,18514.0,0.8911,ai_heavy
7318,22,304,15601.2,18721.5,0.874,ai_heavy
7319,23,304,16124.9,19349.9,0.8584,ai_heavy
7320,0,305,16003.0,19203.6,0.8118,ai_heavy
7321,1,305,16753.6,20104.3,0.8172,ai_heavy
7322,2,305,16730.7,20076.9,0.8244,ai_heavy
7323,3,305,15793.5,18952.2,0.8335,ai_heavy
7324,4,305,16559.3,19871.2,0.8449,ai_heavy
7325,5,305,15974.6,19169.6,0.8584,ai_heavy
7326,6,305,16590.1,19908.1,0.874,ai_heavy
7327,7,305,16707.3,20048.8,0.8911,ai_heavy
7328,8,305,16981.5,20377.8,0.9092,ai_heavy
7329,9,305,16187.2,19424.7,0.9272,ai_heavy
7330,10,305,16986.7,20384.1,0.9441,ai_heavy
7331,11,305,15604.0,18724.8,0.9588,ai_heavy
7332,12,305,17214.4,20657.3,0.9703,ai_heavy
7333,13,305,16581.1,19897.4,0.9775,ai_heavy
7334,14,305,16599.8,19919.8,0.98,ai_heavy
7335,15,305,15579.3,18695.2,0.9775,ai_heavy
7336,16,305,16376.8,19652.2,0.9703,ai_heavy
7337,17,305,17205.2,20646.3,0.9588,ai_heavy
7338,18,305,16274.1,19528.9,0.9441,ai_heavy
7339,19,305,16781.7,20138.1,0.9272,ai_heavy
7340,20,305,16388.5,19666.2,0.9092,ai_heavy
7341,21,305,16832.9,20199.5,0.8911,ai_heavy
7342,22,305,16350.6,19620.7,0.874,ai_heavy
7343,23,305,15753.5,18904.3,0.8584,ai_heavy
7344,0,306,16070.8,19284.9,0.8083,ai_heavy
7345,1,306,16827.1,20192.5,0.812,ai_heavy
7346,2,306,16312.0,19574.4,0.8171,ai_heavy
7347,3,306,16036.7,19244.1,0.8235,ai_heavy
7348,4,306,17209.6,20651.5,0.8314,ai_heavy
7349,5,306,16711.2,20053.5,0.8409,ai_heavy
7350,6,306,16581.6,19897.9,0.8518,ai_heavy
7351,7,306,16378.5,19654.2,0.8638,ai_heavy
7352,8,306,16621.4,19945.7,0.8764,ai_heavy
7353,9,306,16679.2,20015.0,0.889,ai_heavy
7354,10,306,15274.3,18329.1,0.9009,ai_heavy
7355,11,306,16572.1,19886.5,0.9112,ai_heavy
7356,12,306,16324.9,19589.9,0.9192,ai_heavy
7357,13,306,16174.3,19409.2,0.9243,ai_heavy
7358,14,306,16329.9,19595.8,0.926,ai_heavy
7359,15,306,15654.1,18784.9,0.9243,ai_heavy
7360,16,306,15516.0,18619.1,0.9192,ai_heavy
7361,17,306,16990.5,20388.6,0.9112,ai_heavy
7362,18,306,16571.2,19885.4,0.9009,ai_heavy
7363,19,306,15125.6,18150.8,0.889,ai_heavy
7364,20,306,15983.8,19180.6,0.8764,ai_heavy
7365,21,306,16652.6,19983.1,0.8638,ai_heavy
7366,22,306,16049.1,19258.9,0.8518,ai_heavy
7367,23,306,16752.8,20103.4,0.8409,ai_heavy
7368,0,307,16548.8,19858.6,0.8083,ai_heavy
7369,1,307,15402.3,18482.8,0.812,ai_heavy
7370,2,307,16003.0,19203.6,0.8171,ai_heavy
7371,3,307,15876.6,19051.9,0.8235,ai_heavy
7372,4,307,15447.0,18536.4,0.8314,ai_heavy
7373,5,307,15445.0,18534.0,0.8409,ai_heavy
7374,6,307,15793.7,18952.4,0.8518,ai_heavy
7375,7,307,15912.1,19094.5,0.8638,ai_heavy
7376,8,307,16403.2,19683.9,0.8764,ai_heavy
7377,9,307,16816.8,20180.2,0.889,ai_heavy
7378,10,307,16596.4,19915.7,0.9009,ai_heavy
7379,11,307,16746.7,20096.1,0.9112,ai_heavy
7380,12,307,16272.8,19527.4,0.9192,ai_heavy
7381,13,307,16717.6,20061.1,0.9243,ai_heavy
7382,14,307,16353.0,19623.7,0.926,ai_heavy
7383,15,307,16203.0,19443.7,0.9243,ai_heavy
7384,16,307,17337.6,20805.2,0.9192,ai_heavy
7385,17,307,15233.0,18279.6,0.9112,ai_heavy
7386,18,307,15426.0,18511.2,0.9009,ai_heavy
7387,19,307,16493.2,19791.9,0.889,ai_heavy
7388,20,307,16135.7,19362.9,0.8764,ai_heavy
7389,21,307,15524.6,18629.5,0.8638,ai_heavy
7390,22,307,15673.0,18807.5,0.8518,ai_heavy
7391,23,307,15701.7,18842.1,0.8409,ai_heavy
7392,0,308,16484.9,19781.9,0.8118,ai_heavy
7393,1,308,16657.2,19988.7,0.8172,ai_heavy
7394,2,308,16887.5,20265.1,0.8244,ai_heavy
7395,3,308,15356.9,18428.3,0.8335,ai_heavy
7396,4,308,15499.7,18599.6,0.8449,ai_heavy
7397,5,308,15508.6,18610.3,0.8584,ai_heavy
7398,6,308,16885.8,20262.9,0.874,ai_heavy
7399,7,308,16517.1,19820.5,0.8911,ai_heavy
7400,8,308,16410.9,19693.1,0.9092,ai_heavy
7401,9,308,16543.2,19851.9,0.9272,ai_heavy
7402,10,308,16457.0,19748.4,0.9441,ai_heavy
7403,11,308,15976.9,19172.2,0.9588,ai_heavy
7404,12,308,16825.2,20190.2,0.9703,ai_heavy
7405,13,308,16500.9,19801.1,0.9775,ai_heavy
7406,14,308,16003.8,19204.6,0.98,ai_heavy
7407,15,308,16879.5,20255.4,0.9775,ai_heavy
7408,16,308,16358.4,19630.1,0.9703,ai_heavy
7409,17,308,16645.8,19974.9,0.9588,ai_heavy
7410,18,308,16423.3,19707.9,0.9441,ai_heavy
7411,19,308,16869.4,20243.3,0.9272,ai_heavy
7412,20,308,16479.6,19775.5,0.9092,ai_heavy
7413,21,308,15880.4,19056.5,0.8911,ai_heavy
7414,22,308,16414.2,19697.1,0.874,ai_heavy
7415,23,308,16379.0,19654.8,0.8584,ai_heavy
7416,0,309,16301.4,19561.7,0.8118,ai_heavy
7417,1,309,16572.1,19886.5,0.8172,ai_heavy
7418,2,309,15798.4,18958.1,0.8244,ai_heavy
7419,3,309,16448.8,19738.5,0.8335,ai_heavy
7420,4,309,15326.2,18391.5,0.8449,ai_heavy
7421,5,309,16148.3,19377.9,0.8584,ai_heavy
7422,6,309,16123.2,19347.9,0.874,ai_heavy
7423,7,309,17021.4,20425.7,0.8911,ai_heavy
7424,8,309,16294.7,19553.6,0.9092,ai_heavy
7425,9,309,16729.7,20075.7,0.9272,ai_heavy
7426,10,309,15613.8,18736.6,0.9441,ai_heavy
7427,11,309,16358.5,19630.2,0.9588,ai_heavy
7428,12,309,16149.3,19379.2,0.9703,ai_heavy
7429,13,309,17500.0,21000.0,0.9775,ai_heavy
7430,14,309,16269.6,19523.5,0.98,ai_heavy
7431,15,309,16630.1,19956.1,0.9775,ai_heavy
7432,16,309,16633.0,19959.6,0.9703,ai_heavy
7433,17,309,15744.6,18893.5,0.9588,ai_heavy
7434,18,309,16224.9,19469.9,0.9441,ai_heavy
7435,19,309,16629.6,19955.5,0.9272,ai_heavy
7436,20,309,16413.6,19696.3,0.9092,ai_heavy
7437,21,309,15187.1,18224.5,0.8911,ai_heavy
7438,22,309,15980.6,19176.8,0.874,ai_heavy
7439,23,309,16702.9,20043.5,0.8584,ai_heavy
7440,0,310,16338.4,19606.1,0.8118,ai_heavy
7441,1,310,16659.9,19991.9,0.8172,ai_heavy
7442,2,310,15619.9,18743.9,0.8244,ai_heavy
7443,3,310,16745.3,20094.4,0.8335,ai_heavy
7444,4,310,16141.0,19369.2,0.8449,ai_heavy
7445,5,310,16980.7,20376.9,0.8584,ai_heavy
7446,6,310,16258.8,19510.5,0.874,ai_heavy
7447,7,310,15310.9,18373.0,0.8911,ai_heavy
7448,8,310,16788.6,20146.3,0.9092,ai_heavy
7449,9,310,16211.4,19453.7,0.9272,ai_heavy
7450,10,310,16299.0,19558.8,0.9441,ai_heavy
7451,11,310,15812.2,18974.7,0.9588,ai_heavy
7452,12,310,17376.5,20851.7,0.9703,ai_heavy
7453,13,310,16334.2,19601.0,0.9775,ai_heavy
7454,14,310,17386.1,20863.3,0.98,ai_heavy
7455,15,310,16378.9,19654.7,0.9775,ai_heavy
7456,16,310,16108.9,19330.6,0.9703,ai_heavy
7457,17,310,17187.4,20624.9,0.9588,ai_heavy
7458,18,310,16448.8,19738.6,0.9441,ai_heavy
7459,19,310,16398.7,19678.5,0.9272,ai_heavy
7460,20,310,15742.0,18890.4,0.9092,ai_heavy
7461,21,310,16088.9,19306.7,0.8911,ai_heavy
7462,22,310,16466.2,19759.5,0.874,ai_heavy
7463,23,310,15574.9,18689.9,0.8584,ai_heavy
7464,0,311,15795.5,18954.6,0.8118,ai_heavy
7465,1,311,15869.9,19043.9,0.8172,ai_heavy
7466,2,311,16127.9,19353.5,0.8244,ai_heavy
7467,3,311,16841.4,20209.7,0.8335,ai_heavy
7468,4,311,16017.1,19220.5,0.8449,ai_heavy
7469,5,311,15870.9,19045.0,0.8584,ai_heavy
7470,6,311,17500.0,21000.0,0.874,ai_heavy
7471,7,311,16100.9,19321.1,0.8911,ai_heavy
7472,8,311,16277.8,19533.4,0.9092,ai_heavy
7473,9,311,16253.7,19504.4,0.9272,ai_heavy
7474,10,311,16348.2,19617.9,0.9441,ai_heavy
7475,11,311,16571.5,19885.8,0.9588,ai_heavy
7476,12,311,17027.8,20433.3,0.9703,ai_heavy
7477,13,311,16794.7,20153.6,0.9775,ai_heavy
7478,14,311,17138.1,20565.7,0.98,ai_heavy
7479,15,311,17113.3,20536.0,0.9775,ai_heavy
7480,16,311,16673.7,20008.5,0.9703,ai_heavy
7481,17,311,16719.6,20063.5,0.9588,ai_heavy
7482,18,311,17033.4,20440.1,0.9441,ai_heavy
7483,19,311,15882.3,19058.8,0.9272,ai_heavy
7484,20,311,17500.0,21000.0,0.9092,ai_heavy
7485,21,311,16062.0,19274.4,0.8911,ai_heavy
7486,22,311,16086.0,19303.2,0.874,ai_heavy
7487,23,311,15617.4,18740.8,0.8584,ai_heavy
7488,0,312,15485.7,18582.9,0.8118,ai_heavy
7489,1,312,16542.3,19850.7,0.8172,ai_heavy
7490,2,312,17192.1,20630.5,0.8244,ai_heavy
7491,3,312,15851.2,19021.5,0.8335,ai_heavy
7492,4,312,16330.9,19597.1,0.8449,ai_heavy
7493,5,312,16313.6,19576.4,0.8584,ai_heavy
7494,6,312,16745.0,20094.0,0.874,ai_heavy
7495,7,312,17398.7,20878.4,0.8911,ai_heavy
7496,8,312,17118.5,20542.2,0.9092,ai_heavy
7497,9,312,16312.4,19574.9,0.9272,ai_heavy
7498,10,312,16746.6,20095.9,0.9441,ai_heavy
7499,11,312,16844.4,20213.3,0.9588,ai_heavy
7500,12,312,16560.1,19872.1,0.9703,ai_heavy
7501,13,312,16048.0,19257.6,0.9775,ai_heavy
7502,14,312,16203.8,19444.6,0.98,ai_heavy
7503,15,312,17165.2,20598.2,0.9775,ai_heavy
7504,16,312,17192.1,20630.5,0.9703,ai_heavy
7505,17,312,16430.0,19716.0,0.9588,ai_heavy
7506,18,312,16614.2,19937.0,0.9441,ai_heavy
7507,19,312,17020.2,20424.2,0.9272,ai_heavy
7508,20,312,15534.4,18641.3,0.9092,ai_heavy
7509,21,312,16094.4,19313.3,0.8911,ai_heavy
7510,22,312,17241.3,20689.6,0.874,ai_heavy
7511,23,312,16352.1,19622.5,0.8584,ai_heavy
7512,0,313,15500.1,18600.1,0.8083,ai_heavy
7513,1,313,16112.3,19334.8,0.812,ai_heavy
7514,2,313,16564.6,19877.5,0.8171,ai_heavy
7515,3,313,14863.5,17836.2,0.8235,ai_heavy
7516,4,313,16204.0,19444.8,0.8314,ai_heavy
7517,5,313,15969.2,19163.0,0.8409,ai_heavy
7518,6,313,15387.7,18465.3,0.8518,ai_heavy
7519,7,313,16263.9,19516.7,0.8638,ai_heavy
7520,8,313,16198.4,19438.1,0.8764,ai_heavy
7521,9,313,16294.3,19553.1,0.889,ai_heavy
7522,10,313,16173.8,19408.6,0.9009,ai_heavy
7523,11,313,15876.2,19051.5,0.9112,ai_heavy
7524,12,313,15688.1,18825.7,0.9192,ai_heavy
7525,13,313,16080.3,19296.3,0.9243,ai_heavy
7526,14,313,16849.6,20219.5,0.926,ai_heavy
7527,15,313,16535.3,19842.4,0.9243,ai_heavy
7528,16,313,16370.0,19644.0,0.9192,ai_heavy
7529,17,313,15867.2,19040.6,0.9112,ai_heavy
7530,18,313,16161.2,19393.5,0.9009,ai_heavy
7531,19,313,16666.6,20000.0,0.889,ai_heavy
7532,20,313,16511.4,19813.6,0.8764,ai_heavy
7533,21,313,15991.7,19190.1,0.8638,ai_heavy
7534,22,313,14917.0,17900.5,0.8518,ai_heavy
7535,23,313,15822.7,18987.2,0.8409,ai_heavy
7536,0,314,15811.3,18973.5,0.8083,ai_heavy
7537,1,314,15618.9,18742.7,0.812,ai_heavy
7538,2,314,15872.9,19047.4,0.8171,ai_heavy
7539,3,314,16487.2,19784.6,0.8235,ai_heavy
7540,4,314,16100.7,19320.9,0.8314,ai_heavy
7541,5,314,16629.1,19954.9,0.8409,ai_heavy
7542,6,314,15452.6,18543.2,0.8518,ai_heavy
7543,7,314,16075.5,19290.6,0.8638,ai_heavy
7544,8,314,15318.9,18382.7,0.8764,ai_heavy
7545,9,314,16097.4,19316.8,0.889,ai_heavy
7546,10,314,15831.8,18998.2,0.9009,ai_heavy
7547,11,314,17007.6,20409.1,0.9112,ai_heavy
7548,12,314,16605.7,19926.8,0.9192,ai_heavy
7549,13,314,16920.4,20304.5,0.9243,ai_heavy
7550,14,314,16214.6,19457.5,0.926,ai_heavy
7551,15,314,15918.2,19101.8,0.9243,ai_heavy
7552,16,314,15886.5,19063.8,0.9192,ai_heavy
7553,17,314,16508.5,19810.2,0.9112,ai_heavy
7554,18,314,17232.2,20678.6,0.9009,ai_heavy
7555,19,314,16507.8,19809.3,0.889,ai_heavy
7556,20,314,16082.2,19298.6,0.8764,ai_heavy
7557,21,314,16132.1,19358.6,0.8638,ai_heavy
7558,22,314,16169.8,19403.8,0.8518,ai_heavy
7559,23,314,17131.5,20557.8,0.8409,ai_heavy
7560,0,315,16649.3,19979.1,0.8118,ai_heavy
7561,1,315,16198.0,19437.6,0.8172,ai_heavy
7562,2,315,16148.8,19378.6,0.8244,ai_heavy
7563,3,315,16270.5,19524.5,0.8335,ai_heavy
7564,4,315,16402.2,19682.6,0.8449,ai_heavy
7565,5,315,16005.7,19206.8,0.8584,ai_heavy
7566,6,315,15845.5,19014.6,0.874,ai_heavy
7567,7,315,16818.0,20181.6,0.8911,ai_heavy
7568,8,315,16382.3,19658.7,0.9092,ai_heavy
7569,9,315,16897.7,20277.2,0.9272,ai_heavy
7570,10,315,17299.2,20759.1,0.9441,ai_heavy
7571,11,315,16791.1,20149.4,0.9588,ai_heavy
7572,12,315,16748.3,20097.9,0.9703,ai_heavy
7573,13,315,17500.0,21000.0,0.9775,ai_heavy
7574,14,315,16704.8,20045.7,0.98,ai_heavy
7575,15,315,16050.7,19260.9,0.9775,ai_heavy
7576,16,315,16430.3,19716.3,0.9703,ai_heavy
7577,17,315,17302.5,20763.1,0.9588,ai_heavy
7578,18,315,15845.1,19014.1,0.9441,ai_heavy
7579,19,315,16059.2,19271.0,0.9272,ai_heavy
7580,20,315,16914.9,20297.9,0.9092,ai_heavy
7581,21,315,16179.9,19415.9,0.8911,ai_heavy
7582,22,315,16203.4,19444.1,0.874,ai_heavy
7583,23,315,16728.5,20074.2,0.8584,ai_heavy
7584,0,316,15709.9,18851.8,0.8118,ai_heavy
7585,1,316,15364.5,18437.4,0.8172,ai_heavy
7586,2,316,15425.2,18510.2,0.8244,ai_heavy
7587,3,316,16407.1,19688.5,0.8335,ai_heavy
7588,4,316,16288.2,19545.8,0.8449,ai_heavy
7589,5,316,15869.9,19043.8,0.8584,ai_heavy
7590,6,316,15692.0,18830.4,0.874,ai_heavy
7591,7,316,16180.5,19416.5,0.8911,ai_heavy
7592,8,316,16919.9,20303.8,0.9092,ai_heavy
7593,9,316,16018.1,19221.7,0.9272,ai_heavy
7594,10,316,16157.4,19388.8,0.9441,ai_heavy
7595,11,316,15942.4,19130.9,0.9588,ai_heavy
7596,12,316,16387.4,19664.9,0.9703,ai_heavy
7597,13,316,16761.9,20114.3,0.9775,ai_heavy
7598,14,316,17500.0,21000.0,0.98,ai_heavy
7599,15,316,16702.0,20042.4,0.9775,ai_heavy
7600,16,316,16543.4,19852.0,0.9703,ai_heavy
7601,17,316,16960.9,20353.1,0.9588,ai_heavy
7602,18,316,16829.4,20195.3,0.9441,ai_heavy
7603,19,316,16145.3,19374.4,0.9272,ai_heavy
7604,20,316,17500.0,21000.0,0.9092,ai_heavy
7605,21,316,16300.9,19561.1,0.8911,ai_heavy
7606,22,316,16372.5,19646.9,0.874,ai_heavy
7607,23,316,16474.7,19769.6,0.8584,ai_heavy
7608,0,317,16221.7,19466.1,0.8118,ai_heavy
7609,1,317,16808.1,20169.8,0.8172,ai_heavy
7610,2,317,15811.0,18973.2,0.8244,ai_heavy
7611,3,317,16504.6,19805.5,0.8335,ai_heavy
7612,4,317,16242.3,19490.8,0.8449,ai_heavy
7613,5,317,16684.4,20021.3,0.8584,ai_heavy
7614,6,317,16152.3,19382.8,0.874,ai_heavy
7615,7,317,16141.4,19369.7,0.8911,ai_heavy
7616,8,317,16731.0,20077.2,0.9092,ai_heavy
7617,9,317,16606.5,19927.8,0.9272,ai_heavy
7618,10,317,16079.4,19295.3,0.9441,ai_heavy
7619,11,317,17200.3,20640.4,0.9588,ai_heavy
7620,12,317,16934.2,20321.0,0.9703,ai_heavy
7621,13,317,16556.7,19868.0,0.9775,ai_heavy
7622,14,317,16368.5,19642.2,0.98,ai_heavy
7623,15,317,16774.9,20129.8,0.9775,ai_heavy
7624,16,317,16898.4,20278.1,0.9703,ai_heavy
7625,17,317,15742.3,18890.7,0.9588,ai_heavy
7626,18,317,16670.9,20005.1,0.9441,ai_heavy
7627,19,317,16751.7,20102.0,0.9272,ai_heavy
7628,20,317,15216.1,18259.3,0.9092,ai_heavy
7629,21,317,16408.9,19690.7,0.8911,ai_heavy
7630,22,317,16595.9,19915.1,0.874,ai_heavy
7631,23,317,16489.0,19786.8,0.8584,ai_heavy
7632,0,318,16441.6,19729.9,0.8118,ai_heavy
7633,1,318,15914.7,19097.6,0.8172,ai_heavy
7634,2,318,15593.7,18712.4,0.8244,ai_heavy
7635,3,318,15255.0,18306.0,0.8335,ai_heavy
7636,4,318,16692.1,20030.6,0.8449,ai_heavy
7637,5,318,16548.4,19858.1,0.8584,ai_heavy
7638,6,318,16827.1,20192.5,0.874,ai_heavy
7639,7,318,15958.0,19149.6,0.8911,ai_heavy
7640,8,318,16766.3,20119.5,0.9092,ai_heavy
7641,9,318,15689.4,18827.3,0.9272,ai_heavy
7642,10,318,16055.1,19266.1,0.9441,ai_heavy
7643,11,318,16595.4,19914.5,0.9588,ai_heavy
7644,12,318,16899.7,20279.7,0.9703,ai_heavy
7645,13,318,17429.4,20915.3,0.9775,ai_heavy
7646,14,318,16482.1,19778.5,0.98,ai_heavy
7647,15,318,16162.6,19395.1,0.9775,ai_heavy
7648,16,318,16114.1,19337.0,0.9703,ai_heavy
7649,17,318,16191.8,19430.1,0.9588,ai_heavy
7650,18,318,17500.0,21000.0,0.9441,ai_heavy
7651,19,318,16803.1,20163.7,0.9272,ai_heavy
7652,20,318,16917.9,20301.5,0.9092,ai_heavy
7653,21,318,16195.9,19435.1,0.8911,ai_heavy
7654,22,318,16256.4,19507.6,0.874,ai_heavy
7655,23,318,16546.6,19855.9,0.8584,ai_heavy
7656,0,319,15811.5,18973.8,0.8118,ai_heavy
7657,1,319,15932.2,19118.6,0.8172,ai_heavy
7658,2,319,15770.0,18924.0,0.8244,ai_heavy
7659,3,319,15909.2,19091.0,0.8335,ai_heavy
7660,4,319,16186.3,19423.5,0.8449,ai_heavy
7661,5,319,15807.1,18968.5,0.8584,ai_heavy
7662,6,319,16396.6,19676.0,0.874,ai_heavy
7663,7,319,16452.1,19742.6,0.8911,ai_heavy
7664,8,319,16283.5,19540.1,0.9092,ai_heavy
7665,9,319,16022.2,19226.6,0.9272,ai_heavy
7666,10,319,16537.0,19844.4,0.9441,ai_heavy
7667,11,319,16282.5,19539.0,0.9588,ai_heavy
7668,12,319,16593.2,19911.9,0.9703,ai_heavy
7669,13,319,17140.3,20568.3,0.9775,ai_heavy
7670,14,319,15977.6,19173.2,0.98,ai_heavy
7671,15,319,17500.0,21000.0,0.9775,ai_heavy
7672,16,319,16534.0,19840.8,0.9703,ai_heavy
7673,17,319,16737.2,20084.6,0.9588,ai_heavy
7674,18,319,16112.8,19335.4,0.9441,ai_heavy
7675,19,319,16993.1,20391.7,0.9272,ai_heavy
7676,20,319,16309.8,19571.7,0.9092,ai_heavy
7677,21,319,16120.0,19344.0,0.8911,ai_heavy
7678,22,319,15976.5,19171.8,0.874,ai_heavy
7679,23,319,16076.0,19291.3,0.8584,ai_heavy
7680,0,320,16244.9,19493.9,0.8083,ai_heavy
7681,1,320,16139.1,19366.9,0.812,ai_heavy
7682,2,320,16052.9,19263.4,0.8171,ai_heavy
7683,3,320,15749.5,18899.4,0.8235,ai_heavy
7684,4,320,15746.8,18896.2,0.8314,ai_heavy
7685,5,320,15926.3,19111.6,0.8409,ai_heavy
7686,6,320,16408.5,19690.2,0.8518,ai_heavy
7687,7,320,16546.3,19855.6,0.8638,ai_heavy
7688,8,320,16654.0,19984.8,0.8764,ai_heavy
7689,9,320,16305.3,19566.4,0.889,ai_heavy
7690,10,320,16532.6,19839.2,0.9009,ai_heavy
7691,11,320,16295.3,19554.3,0.9112,ai_heavy
7692,12,320,15546.6,18655.9,0.9192,ai_heavy
7693,13,320,16314.1,19577.0,0.9243,ai_heavy
7694,14,320,16241.2,19489.5,0.926,ai_heavy
7695,15,320,15908.7,19090.4,0.9243,ai_heavy
7696,16,320,16124.8,19349.8,0.9192,ai_heavy
7697,17,320,16444.4,19733.3,0.9112,ai_heavy
7698,18,320,15788.9,18946.7,0.9009,ai_heavy
7699,19,320,15958.3,19150.0,0.889,ai_heavy
7700,20,320,17020.3,20424.4,0.8764,ai_heavy
7701,21,320,15443.9,18532.7,0.8638,ai_heavy
7702,22,320,16096.1,19315.3,0.8518,ai_heavy
7703,23,320,15584.5,18701.5,0.8409,ai_heavy
7704,0,321,15681.8,18818.2,0.8083,ai_heavy
7705,1,321,15960.6,19152.7,0.812,ai_heavy
7706,2,321,15595.9,18715.1,0.8171,ai_heavy
7707,3,321,16370.0,19644.0,0.8235,ai_heavy
7708,4,321,16772.1,20126.6,0.8314,ai_heavy
7709,5,321,16557.4,19868.9,0.8409,ai_heavy
7710,6,321,16682.5,20019.0,0.8518,ai_heavy
7711,7,321,15552.5,18663.0,0.8638,ai_heavy
7712,8,321,16146.4,19375.7,0.8764,ai_heavy
7713,9,321,16534.7,19841.6,0.889,ai_heavy
7714,10,321,16771.7,20126.1,0.9009,ai_heavy
7715,11,321,17239.5,20687.5,0.9112,ai_heavy
7716,12,321,16930.1,20316.2,0.9192,ai_heavy
7717,13,321,16862.1,20234.6,0.9243,ai_heavy
7718,14,321,17500.0,21000.0,0.926,ai_heavy
7719,15,321,16468.0,19761.6,0.9243,ai_heavy
7720,16,321,16261.8,19514.1,0.9192,ai_heavy
7721,17,321,16465.2,19758.2,0.9112,ai_heavy
7722,18,321,15895.9,19075.1,0.9009,ai_heavy
7723,19,321,16339.1,19606.9,0.889,ai_heavy
7724,20,321,15422.4,18506.9,0.8764,ai_heavy
7725,21,321,15966.3,19159.5,0.8638,ai_heavy
7726,22,321,16129.0,19354.8,0.8518,ai_heavy
7727,23,321,16609.7,19931.6,0.8409,ai_heavy
7728,0,322,16590.3,19908.3,0.8118,ai_heavy
7729,1,322,15608.0,18729.6,0.8172,ai_heavy
7730,2,322,17098.3,20518.0,0.8244,ai_heavy
7731,3,322,16197.4,19436.9,0.8335,ai_heavy
7732,4,322,16278.9,19534.7,0.8449,ai_heavy
7733,5,322,15420.1,18504.1,0.8584,ai_heavy
7734,6,322,15954.8,19145.7,0.874,ai_heavy
7735,7,322,16826.6,20192.0,0.8911,ai_heavy
7736,8,322,16454.9,19745.8,0.9092,ai_heavy
7737,9,322,16483.2,19779.8,0.9272,ai_heavy
7738,10,322,16597.4,19916.9,0.9441,ai_heavy
7739,11,322,15817.1,18980.5,0.9588,ai_heavy
7740,12,322,16522.0,19826.4,0.9703,ai_heavy
7741,13,322,17294.7,20753.6,0.9775,ai_heavy
7742,14,322,17142.9,20571.5,0.98,ai_heavy
7743,15,322,16531.3,19837.5,0.9775,ai_heavy
7744,16,322,17347.4,20816.8,0.9703,ai_heavy
7745,17,322,15908.4,19090.1,0.9588,ai_heavy
7746,18,322,16004.5,19205.5,0.9441,ai_heavy
7747,19,322,17348.6,20818.4,0.9272,ai_heavy
7748,20,322,16655.4,19986.4,0.9092,ai_heavy
7749,21,322,16171.5,19405.8,0.8911,ai_heavy
7750,22,322,16230.2,19476.2,0.874,ai_heavy
7751,23,322,15814.4,18977.3,0.8584,ai_heavy
7752,0,323,16188.3,19426.0,0.8118,ai_heavy
7753,1,323,16167.8,19401.3,0.8172,ai_heavy
7754,2,323,16105.4,19326.5,0.8244,ai_heavy
7755,3,323,15564.6,18677.5,0.8335,ai_heavy
7756,4,323,16290.9,19549.1,0.8449,ai_heavy
7757,5,323,15949.1,19139.0,0.8584,ai_heavy
7758,6,323,15776.3,18931.5,0.874,ai_heavy
7759,7,323,16932.8,20319.4,0.8911,ai_heavy
7760,8,323,17437.1,20924.6,0.9092,ai_heavy
7761,9,323,17387.6,20865.1,0.9272,ai_heavy
7762,10,323,16806.6,20167.9,0.9441,ai_heavy
7763,11,323,16401.2,19681.4,0.9588,ai_heavy
7764,12,323,16535.1,19842.1,0.9703,ai_heavy
7765,13,323,16795.5,20154.6,0.9775,ai_heavy
7766,14,323,16392.4,19670.8,0.98,ai_heavy
7767,15,323,17250.1,20700.1,0.9775,ai_heavy
7768,16,323,15558.1,18669.7,0.9703,ai_heavy
7769,17,323,16386.3,19663.5,0.9588,ai_heavy
7770,18,323,16881.3,20257.5,0.9441,ai_heavy
7771,19,323,16013.5,19216.2,0.9272,ai_heavy
7772,20,323,16253.5,19504.2,0.9092,ai_heavy
7773,21,323,16603.4,19924.1,0.8911,ai_heavy
7774,22,323,16997.7,20397.2,0.874,ai_heavy
7775,23,323,15577.5,18693.0,0.8584,ai_heavy
7776,0,324,15396.2,18475.4,0.8118,ai_heavy
7777,1,324,15616.5,18739.7,0.8172,ai_heavy
7778,2,324,15353.4,18424.1,0.8244,ai_heavy
7779,3,324,15416.2,18499.5,0.8335,ai_heavy
7780,4,324,15690.9,18829.1,0.8449,ai_heavy
7781,5,324,16806.3,20167.6,0.8584,ai_heavy
7782,6,324,16105.0,19326.0,0.874,ai_heavy
7783,7,324,16328.2,19593.9,0.8911,ai_heavy
7784,8,324,15902.2,19082.7,0.9092,ai_heavy
7785,9,324,16742.3,20090.8,0.9272,ai_heavy
7786,10,324,17412.8,20895.3,0.9441,ai_heavy
7787,11,324,16092.7,19311.2,0.9588,ai_heavy
7788,12,324,17427.4,20912.9,0.9703,ai_heavy
7789,13,324,16775.0,20130.0,0.9775,ai_heavy
7790,14,324,16610.1,19932.1,0.98,ai_heavy
7791,15,324,16792.8,20151.3,0.9775,ai_heavy
7792,16,324,16764.2,20117.0,0.9703,ai_heavy
7793,17,324,17454.0,20944.8,0.9588,ai_heavy
7794,18,324,16742.4,20090.8,0.9441,ai_heavy
7795,19,324,16696.8,20036.1,0.9272,ai_heavy
7796,20,324,16164.5,19397.4,0.9092,ai_heavy
7797,21,324,16723.5,20068.2,0.8911,ai_heavy
7798,22,324,15790.5,18948.6,0.874,ai_heavy
7799,23,324,16259.6,19511.5,0.8584,ai_heavy
7800,0,325,17443.9,20932.6,0.8118,ai_heavy
7801,1,325,14865.1,17838.2,0.8172,ai_heavy
7802,2,325,16208.4,19450.1,0.8244,ai_heavy
7803,3,325,16257.0,19508.4,0.8335,ai_heavy
7804,4,325,16051.9,19262.3,0.8449,ai_heavy
7805,5,325,16107.2,19328.6,0.8584,ai_heavy
7806,6,325,16301.7,19562.1,0.874,ai_heavy
7807,7,325,16189.5,19427.5,0.8911,ai_heavy
7808,8,325,16480.5,19776.6,0.9092,ai_heavy
7809,9,325,16189.7,19427.7,0.9272,ai_heavy
7810,10,325,17485.3,20982.3,0.9441,ai_heavy
7811,11,325,16407.9,19689.5,0.9588,ai_heavy
7812,12,325,16853.2,20223.8,0.9703,ai_heavy
7813,13,325,16260.5,19512.7,0.9775,ai_heavy
7814,14,325,17066.4,20479.7,0.98,ai_heavy
7815,15,325,16958.7,20350.5,0.9775,ai_heavy
7816,16,325,16778.5,20134.2,0.9703,ai_heavy
7817,17,325,16023.4,19228.1,0.9588,ai_heavy
7818,18,325,16113.0,19335.6,0.9441,ai_heavy
7819,19,325,17261.2,20713.4,0.9272,ai_heavy
7820,20,325,15996.5,19195.8,0.9092,ai_heavy
7821,21,325,16626.5,19951.8,0.8911,ai_heavy
7822,22,325,15796.4,18955.7,0.874,ai_heavy
7823,23,325,16696.9,20036.2,0.8584,ai_heavy
7824,0,326,15724.5,18869.4,0.8118,ai_heavy
7825,1,326,15608.2,18729.8,0.8172,ai_heavy
7826,2,326,15751.9,18902.2,0.8244,ai_heavy
7827,3,326,15857.7,19029.3,0.8335,ai_heavy
7828,4,326,16358.8,19630.5,0.8449,ai_heavy
7829,5,326,16240.3,19488.4,0.8584,ai_heavy
7830,6,326,15723.0,18867.7,0.874,ai_heavy
7831,7,326,16299.2,19559.0,0.8911,ai_heavy
7832,8,326,15809.9,18971.8,0.9092,ai_heavy
7833,9,326,16747.3,20096.7,0.9272,ai_heavy
7834,10,326,16894.0,20272.9,0.9441,ai_heavy
7835,11,326,16521.0,19825.3,0.9588,ai_heavy
7836,12,326,16705.1,20046.1,0.9703,ai_heavy
7837,13,326,17465.8,20959.0,0.9775,ai_heavy
7838,14,326,16523.2,19827.8,0.98,ai_heavy
7839,15,326,16123.5,19348.2,0.9775,ai_heavy
7840,16,326,16858.0,20229.6,0.9703,ai_heavy
7841,17,326,15971.1,19165.4,0.9588,ai_heavy
7842,18,326,16381.0,19657.2,0.9441,ai_heavy
7843,19,326,16134.8,19361.8,0.9272,ai_heavy
7844,20,326,16026.8,19232.2,0.9092,ai_heavy
7845,21,326,16190.5,19428.6,0.8911,ai_heavy
7846,22,326,16696.1,20035.3,0.874,ai_heavy
7847,23,326,16744.2,20093.0,0.8584,ai_heavy
7848,0,327,16489.4,19787.2,0.8083,ai_heavy
7849,1,327,16217.8,19461.4,0.812,ai_heavy
7850,2,327,15947.8,19137.4,0.8171,ai_heavy
7851,3,327,14954.6,17945.5,0.8235,ai_heavy
7852,4,327,16296.6,19555.9,0.8314,ai_heavy
7853,5,327,15045.3,18054.4,0.8409,ai_heavy
7854,6,327,15251.1,18301.4,0.8518,ai_heavy
7855,7,327,16145.3,19374.4,0.8638,ai_heavy
7856,8,327,16394.1,19673.0,0.8764,ai_heavy
7857,9,327,16085.4,19302.5,0.889,ai_heavy
7858,10,327,17097.5,20517.0,0.9009,ai_heavy
7859,11,327,16605.1,19926.1,0.9112,ai_heavy
7860,12,327,16281.3,19537.6,0.9192,ai_heavy
7861,13,327,17103.4,20524.1,0.9243,ai_heavy
7862,14,327,17197.4,20636.9,0.926,ai_heavy
7863,15,327,16673.0,20007.6,0.9243,ai_heavy
7864,16,327,16022.5,19227.0,0.9192,ai_heavy
7865,17,327,16107.7,19329.2,0.9112,ai_heavy
7866,18,327,15635.2,18762.2,0.9009,ai_heavy
7867,19,327,16285.3,19542.3,0.889,ai_heavy
7868,20,327,15752.7,18903.2,0.8764,ai_heavy
7869,21,327,16063.8,19276.6,0.8638,ai_heavy
7870,22,327,16311.6,19573.9,0.8518,ai_heavy
7871,23,327,15188.5,18226.2,0.8409,ai_heavy
7872,0,328,15435.3,18522.4,0.8083,ai_heavy
7873,1,328,15811.7,18974.0,0.812,ai_heavy
7874,2,328,16046.8,19256.1,0.8171,ai_heavy
7875,3,328,15854.5,19025.4,0.8235,ai_heavy
7876,4,328,15988.0,19185.6,0.8314,ai_heavy
7877,5,328,15807.5,18969.0,0.8409,ai_heavy
7878,6,328,15481.3,18577.5,0.8518,ai_heavy
7879,7,328,15963.7,19156.5,0.8638,ai_heavy
7880,8,328,16161.0,19393.2,0.8764,ai_heavy
7881,9,328,16154.2,19385.0,0.889,ai_heavy
7882,10,328,16399.4,19679.3,0.9009,ai_heavy
7883,11,328,16583.9,19900.6,0.9112,ai_heavy
7884,12,328,16739.5,20087.4,0.9192,ai_heavy
7885,13,328,16108.4,19330.1,0.9243,ai_heavy
7886,14,328,15649.6,18779.6,0.926,ai_heavy
7887,15,328,17046.9,20456.3,0.9243,ai_heavy
7888,16,328,16593.7,19912.5,0.9192,ai_heavy
7889,17,328,15909.0,19090.8,0.9112,ai_heavy
7890,18,328,16480.7,19776.9,0.9009,ai_heavy
7891,19,328,16828.5,20194.2,0.889,ai_heavy
7892,20,328,17108.8,20530.6,0.8764,ai_heavy
7893,21,328,16346.0,19615.2,0.8638,ai_heavy
7894,22,328,16699.5,20039.4,0.8518,ai_heavy
7895,23,328,15563.6,18676.3,0.8409,ai_heavy
7896,0,329,16037.8,19245.4,0.8118,ai_heavy
7897,1,329,15911.1,19093.3,0.8172,ai_heavy
7898,2,329,16261.3,19513.5,0.8244,ai_heavy
7899,3,329,16905.1,20286.1,0.8335,ai_heavy
7900,4,329,16283.7,19540.4,0.8449,ai_heavy
7901,5,329,15750.7,18900.8,0.8584,ai_heavy
7902,6,329,15641.0,18769.2,0.874,ai_heavy
7903,7,329,17118.3,20542.0,0.8911,ai_heavy
7904,8,329,16623.8,19948.6,0.9092,ai_heavy
7905,9,329,16650.9,19981.1,0.9272,ai_heavy
7906,10,329,16315.1,19578.1,0.9441,ai_heavy
7907,11,329,16665.8,19998.9,0.9588,ai_heavy
7908,12,329,16079.4,19295.3,0.9703,ai_heavy
7909,13,329,16786.3,20143.6,0.9775,ai_heavy
7910,14,329,16016.5,19219.8,0.98,ai_heavy
7911,15,329,16414.7,19697.7,0.9775,ai_heavy
7912,16,329,16250.5,19500.6,0.9703,ai_heavy
7913,17,329,14917.3,17900.8,0.9588,ai_heavy
7914,18,329,16313.6,19576.3,0.9441,ai_heavy
7915,19,329,15987.0,19184.4,0.9272,ai_heavy
7916,20,329,16268.2,19521.8,0.9092,ai_heavy
7917,21,329,16313.7,19576.5,0.8911,ai_heavy
7918,22,329,17119.4,20543.3,0.874,ai_heavy
7919,23,329,16354.7,19625.7,0.8584,ai_heavy
7920,0,330,16216.0,19459.3,0.8118,ai_heavy
7921,1,330,16311.6,19573.9,0.8172,ai_heavy
7922,2,330,16516.8,19820.2,0.8244,ai_heavy
7923,3,330,16345.4,19614.5,0.8335,ai_heavy
7924,4,330,16299.1,19559.0,0.8449,ai_heavy
7925,5,330,16552.4,19862.9,0.8584,ai_heavy
7926,6,330,15073.7,18088.4,0.874,ai_heavy
7927,7,330,17335.2,20802.3,0.8911,ai_heavy
7928,8,330,17152.3,20582.7,0.9092,ai_heavy
7929,9,330,16537.1,19844.5,0.9272,ai_heavy
7930,10,330,15786.3,18943.5,0.9441,ai_heavy
7931,11,330,17133.2,20559.9,0.9588,ai_heavy
7932,12,330,16225.1,19470.2,0.9703,ai_heavy
7933,13,330,16859.3,20231.2,0.9775,ai_heavy
7934,14,330,15962.7,19155.3,0.98,ai_heavy
7935,15,330,17500.0,21000.0,0.9775,ai_heavy
7936,16,330,15853.1,19023.7,0.9703,ai_heavy
7937,17,330,16567.1,19880.6,0.9588,ai_heavy
7938,18,330,15435.6,18522.7,0.9441,ai_heavy
7939,19,330,16409.7,19691.7,0.9272,ai_heavy
7940,20,330,16162.6,19395.1,0.9092,ai_heavy
7941,21,330,16869.4,20243.3,0.8911,ai_heavy
7942,22,330,16049.7,19259.6,0.874,ai_heavy
7943,23,330,16760.2,20112.2,0.8584,ai_heavy
7944,0,331,15561.8,18674.2,0.8118,ai_heavy
7945,1,331,15936.7,19124.0,0.8172,ai_heavy
7946,2,331,15969.4,19163.2,0.8244,ai_heavy
7947,3,331,16365.4,19638.5,0.8335,ai_heavy
7948,4,331,16341.2,19609.4,0.8449,ai_heavy
7949,5,331,16557.7,19869.3,0.8584,ai_heavy
7950,6,331,16387.3,19664.8,0.874,ai_heavy
7951,7,331,16636.5,19963.8,0.8911,ai_heavy
7952,8,331,15930.5,19116.6,0.9092,ai_heavy
7953,9,331,16621.7,19946.0,0.9272,ai_heavy
7954,10,331,17280.4,20736.5,0.9441,ai_heavy
7955,11,331,15699.7,18839.6,0.9588,ai_heavy
7956,12,331,16813.1,20175.8,0.9703,ai_heavy
7957,13,331,16930.5,20316.6,0.9775,ai_heavy
7958,14,331,17329.4,20795.3,0.98,ai_heavy
7959,15,331,16955.0,20346.0,0.9775,ai_heavy
7960,16,331,16619.9,19943.9,0.9703,ai_heavy
7961,17,331,16746.2,20095.5,0.9588,ai_heavy
7962,18,331,16121.6,19345.9,0.9441,ai_heavy
7963,19,331,16238.8,19486.6,0.9272,ai_heavy
7964,20,331,15715.5,18858.6,0.9092,ai_heavy
7965,21,331,17040.6,20448.7,0.8911,ai_heavy
7966,22,331,16476.7,19772.1,0.874,ai_heavy
7967,23,331,15761.2,18913.4,0.8584,ai_heavy
7968,0,332,16185.8,19423.0,0.8118,ai_heavy
7969,1,332,16631.6,19958.0,0.8172,ai_heavy
7970,2,332,16575.2,19890.3,0.8244,ai_heavy
7971,3,332,15676.9,18812.2,0.8335,ai_heavy
7972,4,332,14643.0,17571.6,0.8449,ai_heavy
7973,5,332,16398.8,19678.6,0.8584,ai_heavy
7974,6,332,15824.6,18989.6,0.874,ai_heavy
7975,7,332,16617.4,19940.9,0.8911,ai_heavy
7976,8,332,16838.2,20205.8,0.9092,ai_heavy
7977,9,332,16979.0,20374.8,0.9272,ai_heavy
7978,10,332,17348.0,20817.6,0.9441,ai_heavy
7979,11,332,17146.1,20575.4,0.9588,ai_heavy
7980,12,332,17439.8,20927.7,0.9703,ai_heavy
7981,13,332,17280.1,20736.1,0.9775,ai_heavy
7982,14,332,17331.9,20798.3,0.98,ai_heavy
7983,15,332,16573.3,19887.9,0.9775,ai_heavy
7984,16,332,15929.1,19115.0,0.9703,ai_heavy
7985,17,332,17500.0,21000.0,0.9588,ai_heavy
7986,18,332,16516.2,19819.5,0.9441,ai_heavy
7987,19,332,17035.7,20442.8,0.9272,ai_heavy
7988,20,332,16101.2,19321.5,0.9092,ai_heavy
7989,21,332,16784.6,20141.5,0.8911,ai_heavy
7990,22,332,15064.7,18077.7,0.874,ai_heavy
7991,23,332,16007.0,19208.4,0.8584,ai_heavy
7992,0,333,16007.7,19209.3,0.8118,ai_heavy
7993,1,333,16295.7,19554.8,0.8172,ai_heavy
7994,2,333,16613.5,19936.2,0.8244,ai_heavy
7995,3,333,15596.3,18715.6,0.8335,ai_heavy
7996,4,333,16482.5,19779.0,0.8449,ai_heavy
7997,5,333,16803.0,20163.6,0.8584,ai_heavy
7998,6,333,17401.3,20881.6,0.874,ai_heavy
7999,7,333,16658.7,19990.4,0.8911,ai_heavy
8000,8,333,16145.8,19375.0,0.9092,ai_heavy
8001,9,333,15803.2,18963.8,0.9272,ai_heavy
8002,10,333,17389.7,20867.7,0.9441,ai_heavy
8003,11,333,16898.6,20278.4,0.9588,ai_heavy
8004,12,333,16559.1,19871.0,0.9703,ai_heavy
8005,13,333,15787.2,18944.7,0.9775,ai_heavy
8006,14,333,16137.9,19365.5,0.98,ai_heavy
8007,15,333,16907.9,20289.4,0.9775,ai_heavy
8008,16,333,16745.9,20095.1,0.9703,ai_heavy
8009,17,333,15567.6,18681.1,0.9588,ai_heavy
8010,18,333,16798.0,20157.6,0.9441,ai_heavy
8011,19,333,15657.0,18788.4,0.9272,ai_heavy
8012,20,333,17036.5,20443.8,0.9092,ai_heavy
8013,21,333,16414.9,19697.9,0.8911,ai_heavy
8014,22,333,16031.1,19237.4,0.874,ai_heavy
8015,23,333,16688.0,20025.6,0.8584,ai_heavy
8016,0,334,16213.7,19456.5,0.8083,ai_heavy
8017,1,334,16694.0,20032.8,0.812,ai_heavy
8018,2,334,16110.9,19333.1,0.8171,ai_heavy
8019,3,334,16160.0,19392.0,0.8235,ai_heavy
8020,4,334,15980.8,19177.0,0.8314,ai_heavy
8021,5,334,16277.0,19532.4,0.8409,ai_heavy
8022,6,334,17009.5,20411.3,0.8518,ai_heavy
8023,7,334,15979.3,19175.2,0.8638,ai_heavy
8024,8,334,16581.2,19897.5,0.8764,ai_heavy
8025,9,334,15875.3,19050.4,0.889,ai_heavy
8026,10,334,15331.2,18397.4,0.9009,ai_heavy
8027,11,334,16480.0,19776.0,0.9112,ai_heavy
8028,12,334,16586.3,19903.6,0.9192,ai_heavy
8029,13,334,16366.3,19639.6,0.9243,ai_heavy
8030,14,334,15689.0,18826.8,0.926,ai_heavy
8031,15,334,16570.4,19884.5,0.9243,ai_heavy
8032,16,334,16535.1,19842.1,0.9192,ai_heavy
8033,17,334,15941.4,19129.6,0.9112,ai_heavy
8034,18,334,15680.9,18817.1,0.9009,ai_heavy
8035,19,334,16182.6,19419.1,0.889,ai_heavy
8036,20,334,16583.6,19900.4,0.8764,ai_heavy
8037,21,334,16426.8,19712.2,0.8638,ai_heavy
8038,22,334,15757.3,18908.8,0.8518,ai_heavy
8039,23,334,16216.0,19459.1,0.8409,ai_heavy
8040,0,335,16470.6,19764.7,0.8083,ai_heavy
8041,1,335,15491.0,18589.2,0.812,ai_heavy
8042,2,335,16102.5,19323.0,0.8171,ai_heavy
8043,3,335,16739.7,20087.6,0.8235,ai_heavy
8044,4,335,15502.3,18602.7,0.8314,ai_heavy
8045,5,335,16709.5,20051.3,0.8409,ai_heavy
8046,6,335,16971.2,20365.5,0.8518,ai_heavy
8047,7,335,16115.9,19339.0,0.8638,ai_heavy
8048,8,335,16097.7,19317.2,0.8764,ai_heavy
8049,9,335,16811.4,20173.7,0.889,ai_heavy
8050,10,335,16253.3,19504.0,0.9009,ai_heavy
8051,11,335,15221.9,18266.2,0.9112,ai_heavy
8052,12,335,16355.4,19626.5,0.9192,ai_heavy
8053,13,335,16652.2,19982.7,0.9243,ai_heavy
8054,14,335,16790.9,20149.0,0.926,ai_heavy
8055,15,335,15986.7,19184.0,0.9243,ai_heavy
8056,16,335,16271.3,19525.5,0.9192,ai_heavy
8057,17,335,16858.0,20229.7,0.9112,ai_heavy
8058,18,335,16315.1,19578.2,0.9009,ai_heavy
8059,19,335,15558.2,18669.9,0.889,ai_heavy
8060,20,335,16868.9,20242.7,0.8764,ai_heavy
8061,21,335,16119.8,19343.8,0.8638,ai_heavy
8062,22,335,16714.9,20057.8,0.8518,ai_heavy
8063,23,335,15473.5,18568.2,0.8409,ai_heavy
8064,0,336,15996.8,19196.2,0.8118,ai_heavy
8065,1,336,16318.4,19582.1,0.8172,ai_heavy
8066,2,336,16053.8,19264.5,0.8244,ai_heavy
8067,3,336,15553.3,18664.0,0.8335,ai_heavy
8068,4,336,15005.2,18006.3,0.8449,ai_heavy
8069,5,336,16947.2,20336.6,0.8584,ai_heavy
8070,6,336,16378.1,19653.8,0.874,ai_heavy
8071,7,336,16883.9,20260.7,0.8911,ai_heavy
8072,8,336,16827.6,20193.1,0.9092,ai_heavy
8073,9,336,16724.2,20069.1,0.9272,ai_heavy
8074,10,336,16326.2,19591.4,0.9441,ai_heavy
8075,11,336,16775.8,20131.0,0.9588,ai_heavy
8076,12,336,17282.2,20738.6,0.9703,ai_heavy
8077,13,336,16634.9,19961.9,0.9775,ai_heavy
8078,14,336,17500.0,21000.0,0.98,ai_heavy
8079,15,336,15847.2,19016.6,0.9775,ai_heavy
8080,16,336,15771.3,18925.5,0.9703,ai_heavy
8081,17,336,17023.0,20427.6,0.9588,ai_heavy
8082,18,336,16080.2,19296.2,0.9441,ai_heavy
8083,19,336,17437.2,20924.7,0.9272,ai_heavy
8084,20,336,17028.3,20434.0,0.9092,ai_heavy
8085,21,336,17089.8,20507.8,0.8911,ai_heavy
8086,22,336,16688.5,20026.2,0.874,ai_heavy
8087,23,336,15758.5,18910.2,0.8584,ai_heavy
8088,0,337,15255.9,18307.1,0.8118,ai_heavy
8089,1,337,16793.6,20152.3,0.8172,ai_heavy
8090,2,337,15371.7,18446.1,0.8244,ai_heavy
8091,3,337,16892.4,20270.8,0.8335,ai_heavy
8092,4,337,16487.2,19784.7,0.8449,ai_heavy
8093,5,337,16169.5,19403.4,0.8584,ai_heavy
8094,6,337,16472.8,19767.3,0.874,ai_heavy
8095,7,337,16540.6,19848.7,0.8911,ai_heavy
8096,8,337,16272.1,19526.5,0.9092,ai_heavy
8097,9,337,17132.8,20559.3,0.9272,ai_heavy
8098,10,337,17173.2,20607.9,0.9441,ai_heavy
8099,11,337,16610.1,19932.2,0.9588,ai_heavy
8100,12,337,16271.8,19526.2,0.9703,ai_heavy
8101,13,337,17243.7,20692.5,0.9775,ai_heavy
8102,14,337,15594.3,18713.2,0.98,ai_heavy
8103,15,337,16814.6,20177.5,0.9775,ai_heavy
8104,16,337,16937.7,20325.2,0.9703,ai_heavy
8105,17,337,16122.1,19346.5,0.9588,ai_heavy
8106,18,337,16966.7,20360.0,0.9441,ai_heavy
8107,19,337,16417.1,19700.5,0.9272,ai_heavy
8108,20,337,16103.5,19324.2,0.9092,ai_heavy
8109,21,337,16784.3,20141.1,0.8911,ai_heavy
8110,22,337,15727.7,18873.2,0.874,ai_heavy
8111,23,337,16629.2,19955.0,0.8584,ai_heavy
8112,0,338,15100.3,18120.4,0.8118,ai_heavy
8113,1,338,16210.4,19452.4,0.8172,ai_heavy
8114,2,338,16117.0,19340.4,0.8244,ai_heavy
8115,3,338,15864.5,19037.5,0.8335,ai_heavy
8116,4,338,16351.5,19621.7,0.8449,ai_heavy
8117,5,338,16167.9,19401.5,0.8584,ai_heavy
8118,6,338,16771.6,20125.9,0.874,ai_heavy
8119,7,338,16587.0,19904.4,0.8911,ai_heavy
8120,8,338,16593.8,19912.6,0.9092,ai_heavy
8121,9,338,16573.9,19888.7,0.9272,ai_heavy
8122,10,338,16251.6,19501.9,0.9441,ai_heavy
8123,11,338,16383.2,19659.9,0.9588,ai_heavy
8124,12,338,16693.4,20032.1,0.9703,ai_heavy
8125,13,338,16507.3,19808.8,0.9775,ai_heavy
8126,14,338,17155.2,20586.3,0.98,ai_heavy
8127,15,338,16640.1,19968.1,0.9775,ai_heavy
8128,16,338,16756.9,20108.3,0.9703,ai_heavy
8129,17,338,15837.2,19004.7,0.9588,ai_heavy
8130,18,338,16951.6,20341.9,0.9441,ai_heavy
8131,19,338,16143.6,19372.3,0.9272,ai_heavy
8132,20,338,15859.4,19031.3,0.9092,ai_heavy
8133,21,338,17118.5,20542.2,0.8911,ai_heavy
8134,22,338,16597.4,19916.9,0.874,ai_heavy
8135,23,338,16681.7,20018.0,0.8584,ai_heavy
8136,0,339,16274.0,19528.8,0.8118,ai_heavy
8137,1,339,16027.7,19233.2,0.8172,ai_heavy
8138,2,339,15960.8,19153.0,0.8244,ai_heavy
8139,3,339,16502.5,19803.1,0.8335,ai_heavy
8140,4,339,16711.7,20054.0,0.8449,ai_heavy
8141,5,339,16173.4,19408.1,0.8584,ai_heavy
8142,6,339,17268.0,20721.6,0.874,ai_heavy
8143,7,339,16216.3,19459.6,0.8911,ai_heavy
8144,8,339,15686.8,18824.2,0.9092,ai_heavy
8145,9,339,15581.5,18697.8,0.9272,ai_heavy
8146,10,339,15650.4,18780.5,0.9441,ai_heavy
8147,11,339,16327.7,19593.2,0.9588,ai_heavy
8148,12,339,16454.7,19745.7,0.9703,ai_heavy
8149,13,339,16933.4,20320.1,0.9775,ai_heavy
8150,14,339,16587.4,19904.9,0.98,ai_heavy
8151,15,339,17013.4,20416.1,0.9775,ai_heavy
8152,16,339,16592.4,19910.8,0.9703,ai_heavy
8153,17,339,16539.6,19847.6,0.9588,ai_heavy
8154,18,339,16199.5,19439.4,0.9441,ai_heavy
8155,19,339,17131.3,20557.5,0.9272,ai_heavy
8156,20,339,15619.3,18743.2,0.9092,ai_heavy
8157,21,339,16460.3,19752.4,0.8911,ai_heavy
8158,22,339,16168.6,19402.3,0.874,ai_heavy
8159,23,339,16586.7,19904.0,0.8584,ai_heavy
8160,0,340,16045.1,19254.1,0.8118,ai_heavy
8161,1,340,16076.8,19292.1,0.8172,ai_heavy
8162,2,340,15967.1,19160.5,0.8244,ai_heavy
8163,3,340,16799.6,20159.6,0.8335,ai_heavy
8164,4,340,16163.7,19396.4,0.8449,ai_heavy
8165,5,340,17164.2,20597.1,0.8584,ai_heavy
8166,6,340,16389.9,19667.9,0.874,ai_heavy
8167,7,340,16323.5,19588.2,0.8911,ai_heavy
8168,8,340,16300.1,19560.1,0.9092,ai_heavy
8169,9,340,16708.2,20049.8,0.9272,ai_heavy
8170,10,340,16194.1,19432.9,0.9441,ai_heavy
8171,11,340,16605.2,19926.3,0.9588,ai_heavy
8172,12,340,16574.1,19888.9,0.9703,ai_heavy
8173,13,340,16755.5,20106.6,0.9775,ai_heavy
8174,14,340,16776.0,20131.2,0.98,ai_heavy
8175,15,340,16793.7,20152.5,0.9775,ai_heavy
8176,16,340,16617.2,19940.7,0.9703,ai_heavy
8177,17,340,17311.1,20773.3,0.9588,ai_heavy
8178,18,340,16694.1,20032.9,0.9441,ai_heavy
8179,19,340,17500.0,21000.0,0.9272,ai_heavy
8180,20,340,16396.0,19675.2,0.9092,ai_heavy
8181,21,340,16782.2,20138.6,0.8911,ai_heavy
8182,22,340,15903.1,19083.7,0.874,ai_heavy
8183,23,340,16887.6,20265.2,0.8584,ai_heavy
8184,0,341,15704.6,18845.5,0.8083,ai_heavy
8185,1,341,16275.4,19530.5,0.812,ai_heavy
8186,2,341,15944.6,19133.5,0.8171,ai_heavy
8187,3,341,16311.2,19573.4,0.8235,ai_heavy
8188,4,341,16005.2,19206.3,0.8314,ai_heavy
8189,5,341,15767.2,18920.7,0.8409,ai_heavy
8190,6,341,16053.1,19263.8,0.8518,ai_heavy
8191,7,341,16974.3,20369.2,0.8638,ai_heavy
8192,8,341,16493.0,19791.7,0.8764,ai_heavy
8193,9,341,15675.6,18810.7,0.889,ai_heavy
8194,10,341,16881.7,20258.0,0.9009,ai_heavy
8195,11,341,15940.0,19128.0,0.9112,ai_heavy
8196,12,341,16769.9,20123.8,0.9192,ai_heavy
8197,13,341,16693.0,20031.6,0.9243,ai_heavy
8198,14,341,16729.9,20075.9,0.926,ai_heavy
8199,15,341,17333.4,20800.1,0.9243,ai_heavy
8200,16,341,15996.2,19195.5,0.9192,ai_heavy
8201,17,341,16678.2,20013.8,0.9112,ai_heavy
8202,18,341,16962.2,20354.6,0.9009,ai_heavy
8203,19,341,15991.3,19189.6,0.889,ai_heavy
8204,20,341,15901.1,19081.4,0.8764,ai_heavy
8205,21,341,16084.2,19301.1,0.8638,ai_heavy
8206,22,341,16342.7,19611.2,0.8518,ai_heavy
8207,23,341,15466.3,18559.5,0.8409,ai_heavy
8208,0,342,16309.0,19570.8,0.8083,ai_heavy
8209,1,342,15377.4,18452.9,0.812,ai_heavy
8210,2,342,16695.7,20034.8,0.8171,ai_heavy
8211,3,342,16341.0,19609.2,0.8235,ai_heavy
8212,4,342,17043.9,20452.7,0.8314,ai_heavy
8213,5,342,16473.6,19768.4,0.8409,ai_heavy
8214,6,342,16037.0,19244.4,0.8518,ai_heavy
8215,7,342,15835.3,19002.3,0.8638,ai_heavy
8216,8,342,16381.6,19657.9,0.8764,ai_heavy
8217,9,342,16291.2,19549.5,0.889,ai_heavy
8218,10,342,16926.2,20311.4,0.9009,ai_heavy
8219,11,342,15921.8,19106.1,0.9112,ai_heavy
8220,12,342,17398.6,20878.3,0.9192,ai_heavy
8221,13,342,17048.5,20458.2,0.9243,ai_heavy
8222,14,342,16325.9,19591.0,0.926,ai_heavy
8223,15,342,17306.2,20767.4,0.9243,ai_heavy
8224,16,342,16018.6,19222.4,0.9192,ai_heavy
8225,17,342,16479.1,19774.9,0.9112,ai_heavy
8226,18,342,15718.7,18862.4,0.9009,ai_heavy
8227,19,342,17209.3,20651.2,0.889,ai_heavy
8228,20,342,15461.2,18553.4,0.8764,ai_heavy
8229,21,342,15522.9,18627.5,0.8638,ai_heavy
8230,22,342,15876.8,19052.2,0.8518,ai_heavy
8231,23,342,16790.3,20148.3,0.8409,ai_heavy
8232,0,343,16515.0,19818.0,0.8118,ai_heavy
8233,1,343,16131.5,19357.8,0.8172,ai_heavy
8234,2,343,16587.9,19905.4,0.8244,ai_heavy
8235,3,343,16069.8,19283.8,0.8335,ai_heavy
8236,4,343,16367.4,19640.8,0.8449,ai_heavy
8237,5,343,17009.7,20411.6,0.8584,ai_heavy
8238,6,343,16136.9,19364.3,0.874,ai_heavy
8239,7,343,15937.8,19125.4,0.8911,ai_heavy
8240,8,343,16602.5,19923.0,0.9092,ai_heavy
8241,9,343,16794.9,20153.9,0.9272,ai_heavy
8242,10,343,16539.7,19847.7,0.9441,ai_heavy
8243,11,343,17030.6,20436.7,0.9588,ai_heavy
8244,12,343,16470.0,19764.0,0.9703,ai_heavy
8245,13,343,16657.1,19988.5,0.9775,ai_heavy
8246,14,343,16788.2,20145.9,0.98,ai_heavy
8247,15,343,16736.6,20084.0,0.9775,ai_heavy
8248,16,343,17372.0,20846.4,0.9703,ai_heavy
8249,17,343,16716.2,20059.5,0.9588,ai_heavy
8250,18,343,16334.8,19601.8,0.9441,ai_heavy
8251,19,343,16690.3,20028.4,0.9272,ai_heavy
8252,20,343,16867.0,20240.4,0.9092,ai_heavy
8253,21,343,16691.8,20030.1,0.8911,ai_heavy
8254,22,343,16607.7,19929.3,0.874,ai_heavy
8255,23,343,15478.2,18573.9,0.8584,ai_heavy
8256,0,344,14854.6,17825.5,0.8118,ai_heavy
8257,1,344,16687.5,20025.0,0.8172,ai_heavy
8258,2,344,16307.8,19569.3,0.8244,ai_heavy
8259,3,344,16115.2,19338.2,0.8335,ai_heavy
8260,4,344,16499.2,19799.0,0.8449,ai_heavy
8261,5,344,17143.6,20572.4,0.8584,ai_heavy
8262,6,344,16946.6,20335.9,0.874,ai_heavy
8263,7,344,16783.8,20140.5,0.8911,ai_heavy
8264,8,344,15936.0,19123.2,0.9092,ai_heavy
8265,9,344,16057.0,19268.4,0.9272,ai_heavy
8266,10,344,15304.9,18365.9,0.9441,ai_heavy
8267,11,344,16847.1,20216.6,0.9588,ai_heavy
8268,12,344,17121.2,20545.4,0.9703,ai_heavy
8269,13,344,17186.1,20623.3,0.9775,ai_heavy
8270,14,344,16938.1,20325.7,0.98,ai_heavy
8271,15,344,16516.9,19820.3,0.9775,ai_heavy
8272,16,344,16289.5,19547.5,0.9703,ai_heavy
8273,17,344,16123.6,19348.3,0.9588,ai_heavy
8274,18,344,16404.3,19685.1,0.9441,ai_heavy
8275,19,344,15948.1,19137.7,0.9272,ai_heavy
8276,20,344,17233.9,20680.7,0.9092,ai_heavy
8277,21,344,15675.5,18810.6,0.8911,ai_heavy
8278,22,344,16161.1,19393.3,0.874,ai_heavy
8279,23,344,15265.2,18318.2,0.8584,ai_heavy
8280,0,345,16198.0,19437.5,0.8118,ai_heavy
8281,1,345,16071.5,19285.8,0.8172,ai_heavy
8282,2,345,15923.6,19108.3,0.8244,ai_heavy
8283,3,345,15674.4,18809.3,0.8335,ai_heavy
8284,4,345,16163.7,19396.5,0.8449,ai_heavy
8285,5,345,15941.9,19130.2,0.8584,ai_heavy
8286,6,345,16190.4,19428.5,0.874,ai_heavy
8287,7,345,17270.8,20725.0,0.8911,ai_heavy
8288,8,345,16456.1,19747.3,0.9092,ai_heavy
8289,9,345,16692.7,20031.2,0.9272,ai_heavy
8290,10,345,16255.4,19506.5,0.9441,ai_heavy
8291,11,345,16143.9,19372.6,0.9588,ai_heavy
8292,12,345,16558.6,19870.4,0.9703,ai_heavy
8293,13,345,17500.0,21000.0,0.9775,ai_heavy
8294,14,345,16458.5,19750.2,0.98,ai_heavy
8295,15,345,16773.5,20128.2,0.9775,ai_heavy
8296,16,345,16158.3,19389.9,0.9703,ai_heavy
8297,17,345,15166.3,18199.6,0.9588,ai_heavy
8298,18,345,16094.5,19313.4,0.9441,ai_heavy
8299,19,345,17500.0,21000.0,0.9272,ai_heavy
8300,20,345,16663.9,19996.7,0.9092,ai_heavy
8301,21,345,17115.9,20539.1,0.8911,ai_heavy
8302,22,345,16087.6,19305.1,0.874,ai_heavy
8303,23,345,15060.7,18072.8,0.8584,ai_heavy
8304,0,346,15521.1,18625.3,0.8118,ai_heavy
8305,1,346,16264.0,19516.9,0.8172,ai_heavy
8306,2,346,16210.6,19452.7,0.8244,ai_heavy
8307,3,346,16120.6,19344.7,0.8335,ai_heavy
8308,4,346,15905.4,19086.5,0.8449,ai_heavy
8309,5,346,16663.5,19996.2,0.8584,ai_heavy
8310,6,346,16012.7,19215.2,0.874,ai_heavy
8311,7,346,16463.5,19756.2,0.8911,ai_heavy
8312,8,346,16467.4,19760.9,0.9092,ai_heavy
8313,9,346,16248.4,19498.1,0.9272,ai_heavy
8314,10,346,16049.3,19259.1,0.9441,ai_heavy
8315,11,346,16321.0,19585.2,0.9588,ai_heavy
8316,12,346,17500.0,21000.0,0.9703,ai_heavy
8317,13,346,17147.4,20576.9,0.9775,ai_heavy
8318,14,346,17109.9,20531.8,0.98,ai_heavy
8319,15,346,16202.1,19442.5,0.9775,ai_heavy
8320,16,346,15855.4,19026.5,0.9703,ai_heavy
8321,17,346,17076.8,20492.1,0.9588,ai_heavy
8322,18,346,16932.6,20319.1,0.9441,ai_heavy
8323,19,346,16497.7,19797.2,0.9272,ai_heavy
8324,20,346,16189.5,19427.4,0.9092,ai_heavy
8325,21,346,15596.4,18715.7,0.8911,ai_heavy
8326,22,346,16680.2,20016.3,0.874,ai_heavy
8327,23,346,16783.3,20139.9,0.8584,ai_heavy
8328,0,347,15728.0,18873.6,0.8118,ai_heavy
8329,1,347,15704.9,18845.9,0.8172,ai_heavy
8330,2,347,16695.1,20034.1,0.8244,ai_heavy
8331,3,347,15815.1,18978.1,0.8335,ai_heavy
8332,4,347,17025.2,20430.2,0.8449,ai_heavy
8333,5,347,16153.6,19384.3,0.8584,ai_heavy
8334,6,347,16068.6,19282.4,0.874,ai_heavy
8335,7,347,16334.9,19601.9,0.8911,ai_heavy
8336,8,347,16181.6,19417.9,0.9092,ai_heavy
8337,9,347,16985.2,20382.2,0.9272,ai_heavy
8338,10,347,16923.2,20307.8,0.9441,ai_heavy
8339,11,347,17072.6,20487.1,0.9588,ai_heavy
8340,12,347,16661.8,19994.1,0.9703,ai_heavy
8341,13,347,16366.4,19639.7,0.9775,ai_heavy
8342,14,347,16597.2,19916.6,0.98,ai_heavy
8343,15,347,16381.7,19658.0,0.9775,ai_heavy
8344,16,347,17299.1,20758.9,0.9703,ai_heavy
8345,17,347,17030.0,20436.1,0.9588,ai_heavy
8346,18,347,16439.8,19727.8,0.9441,ai_heavy
8347,19,347,15973.4,19168.1,0.9272,ai_heavy
8348,20,347,17128.3,20553.9,0.9092,ai_heavy
8349,21,347,16379.8,19655.7,0.8911,ai_heavy
8350,22,347,16193.7,19432.4,0.874,ai_heavy
8351,23,347,16960.0,20352.0,0.8584,ai_heavy
8352,0,348,15798.1,18957.8,0.8083,ai_heavy
8353,1,348,15902.2,19082.7,0.812,ai_heavy
8354,2,348,15960.8,19153.0,0.8171,ai_heavy
8355,3,348,15457.3,18548.8,0.8235,ai_heavy
8356,4,348,16271.5,19525.7,0.8314,ai_heavy
8357,5,348,15780.3,18936.3,0.8409,ai_heavy
8358,6,348,15907.9,19089.5,0.8518,ai_heavy
8359,7,348,15881.1,19057.4,0.8638,ai_heavy
8360,8,348,15978.6,19174.3,0.8764,ai_heavy
8361,9,348,15895.7,19074.8,0.889,ai_heavy
8362,10,348,16465.8,19758.9,0.9009,ai_heavy
8363,11,348,16301.6,19561.9,0.9112,ai_heavy
8364,12,348,16427.7,19713.2,0.9192,ai_heavy
8365,13,348,17500.0,21000.0,0.9243,ai_heavy
8366,14,348,16349.5,19619.4,0.926,ai_heavy
8367,15,348,16718.5,20062.2,0.9243,ai_heavy
8368,16,348,16757.7,20109.3,0.9192,ai_heavy
8369,17,348,16347.2,19616.6,0.9112,ai_heavy
8370,18,348,16478.8,19774.6,0.9009,ai_heavy
8371,19,348,16316.2,19579.4,0.889,ai_heavy
8372,20,348,16363.9,19636.7,0.8764,ai_heavy
8373,21,348,15938.5,19126.2,0.8638,ai_heavy
8374,22,348,15945.1,19134.1,0.8518,ai_heavy
8375,23,348,16157.8,19389.4,0.8409,ai_heavy
8376,0,349,15094.5,18113.4,0.8083,ai_heavy
8377,1,349,16776.4,20131.7,0.812,ai_heavy
8378,2,349,17114.0,20536.8,0.8171,ai_heavy
8379,3,349,16175.2,19410.2,0.8235,ai_heavy
8380,4,349,16440.6,19728.7,0.8314,ai_heavy
8381,5,349,16673.4,20008.0,0.8409,ai_heavy
8382,6,349,15541.8,18650.2,0.8518,ai_heavy
8383,7,349,16675.8,20011.0,0.8638,ai_heavy
8384,8,349,16057.0,19268.4,0.8764,ai_heavy
8385,9,349,17426.6,20911.9,0.889,ai_heavy
8386,10,349,16252.3,19502.7,0.9009,ai_heavy
8387,11,349,16824.3,20189.1,0.9112,ai_heavy
8388,12,349,16316.2,19579.5,0.9192,ai_heavy
8389,13,349,17500.0,21000.0,0.9243,ai_heavy
8390,14,349,16173.7,19408.4,0.926,ai_heavy
8391,15,349,16994.5,20393.4,0.9243,ai_heavy
8392,16,349,16712.4,20054.9,0.9192,ai_heavy
8393,17,349,16576.7,19892.0,0.9112,ai_heavy
8394,18,349,16456.9,19748.2,0.9009,ai_heavy
8395,19,349,15979.7,19175.7,0.889,ai_heavy
8396,20,349,15003.2,18003.8,0.8764,ai_heavy
8397,21,349,16746.9,20096.3,0.8638,ai_heavy
8398,22,349,15947.7,19137.2,0.8518,ai_heavy
8399,23,349,16716.3,20059.5,0.8409,ai_heavy
8400,0,350,16224.5,19469.4,0.8118,ai_heavy
8401,1,350,16651.4,19981.6,0.8172,ai_heavy
8402,2,350,16483.1,19779.7,0.8244,ai_heavy
8403,3,350,14933.3,17919.9,0.8335,ai_heavy
8404,4,350,16460.7,19752.8,0.8449,ai_heavy
8405,5,350,16039.5,19247.4,0.8584,ai_heavy
8406,6,350,16825.4,20190.4,0.874,ai_heavy
8407,7,350,16602.2,19922.6,0.8911,ai_heavy
8408,8,350,16667.6,20001.2,0.9092,ai_heavy
8409,9,350,16295.9,19555.0,0.9272,ai_heavy
8410,10,350,16033.8,19240.5,0.9441,ai_heavy
8411,11,350,16318.2,19581.9,0.9588,ai_heavy
8412,12,350,15675.3,18810.4,0.9703,ai_heavy
8413,13,350,16299.7,19559.7,0.9775,ai_heavy
8414,14,350,15872.4,19046.9,0.98,ai_heavy
8415,15,350,15877.9,19053.5,0.9775,ai_heavy
8416,16,350,16628.0,19953.5,0.9703,ai_heavy
8417,17,350,16797.8,20157.4,0.9588,ai_heavy
8418,18,350,16469.4,19763.2,0.9441,ai_heavy
8419,19,350,16184.2,19421.0,0.9272,ai_heavy
8420,20,350,15906.2,19087.4,0.9092,ai_heavy
8421,21,350,16157.6,19389.2,0.8911,ai_heavy
8422,22,350,15856.2,19027.4,0.874,ai_heavy
8423,23,350,16176.0,19411.2,0.8584,ai_heavy
8424,0,351,15322.3,18386.7,0.8118,ai_heavy
8425,1,351,16410.8,19692.9,0.8172,ai_heavy
8426,2,351,15822.0,18986.4,0.8244,ai_heavy
8427,3,351,16307.7,19569.2,0.8335,ai_heavy
8428,4,351,16592.7,19911.3,0.8449,ai_heavy
8429,5,351,16366.0,19639.2,0.8584,ai_heavy
8430,6,351,16646.9,19976.3,0.874,ai_heavy
8431,7,351,15301.5,18361.8,0.8911,ai_heavy
8432,8,351,16129.4,19355.3,0.9092,ai_heavy
8433,9,351,16973.8,20368.5,0.9272,ai_heavy
8434,10,351,16736.9,20084.3,0.9441,ai_heavy
8435,11,351,17449.7,20939.7,0.9588,ai_heavy
8436,12,351,17417.3,20900.8,0.9703,ai_heavy
8437,13,351,16742.7,20091.3,0.9775,ai_heavy
8438,14,351,16476.2,19771.4,0.98,ai_heavy
8439,15,351,16116.5,19339.8,0.9775,ai_heavy
8440,16,351,16333.5,19600.2,0.9703,ai_heavy
8441,17,351,16330.4,19596.5,0.9588,ai_heavy
8442,18,351,16191.7,19430.0,0.9441,ai_heavy
8443,19,351,15977.4,19172.9,0.9272,ai_heavy
8444,20,351,16568.7,19882.5,0.9092,ai_heavy
8445,21,351,17143.2,20571.8,0.8911,ai_heavy
8446,22,351,16712.3,20054.8,0.874,ai_heavy
8447,23,351,16049.8,19259.8,0.8584,ai_heavy
8448,0,352,16543.5,19852.2,0.8118,ai_heavy
8449,1,352,16239.8,19487.7,0.8172,ai_heavy
8450,2,352,16076.2,19291.4,0.8244,ai_heavy
8451,3,352,16075.7,19290.9,0.8335,ai_heavy
8452,4,352,16065.6,19278.7,0.8449,ai_heavy
8453,5,352,16523.1,19827.8,0.8584,ai_heavy
8454,6,352,16325.3,19590.3,0.874,ai_heavy
8455,7,352,15956.4,19147.7,0.8911,ai_heavy
8456,8,352,15989.9,19187.9,0.9092,ai_heavy
8457,9,352,16580.8,19897.0,0.9272,ai_heavy
8458,10,352,16697.1,20036.5,0.9441,ai_heavy
8459,11,352,16377.6,19653.1,0.9588,ai_heavy
8460,12,352,16007.3,19208.8,0.9703,ai_heavy
8461,13,352,17216.3,20659.6,0.9775,ai_heavy
8462,14,352,17118.9,20542.7,0.98,ai_heavy
8463,15,352,15604.3,18725.1,0.9775,ai_heavy
8464,16,352,17236.0,20683.2,0.9703,ai_heavy
8465,17,352,16429.3,19715.1,0.9588,ai_heavy
8466,18,352,16579.1,19894.9,0.9441,ai_heavy
8467,19,352,16991.1,20389.3,0.9272,ai_heavy
8468,20,352,17183.1,20619.7,0.9092,ai_heavy
8469,21,352,16803.7,20164.4,0.8911,ai_heavy
8470,22,352,16374.7,19649.7,0.874,ai_heavy
8471,23,352,15537.8,18645.3,0.8584,ai_heavy
8472,0,353,15079.2,18095.0,0.8118,ai_heavy
8473,1,353,16496.0,19795.3,0.8172,ai_heavy
8474,2,353,16743.9,20092.6,0.8244,ai_heavy
8475,3,353,15731.5,18877.8,0.8335,ai_heavy
8476,4,353,16031.7,19238.1,0.8449,ai_heavy
8477,5,353,15935.6,19122.8,0.8584,ai_heavy
8478,6,353,15972.4,19166.9,0.874,ai_heavy
8479,7,353,16838.9,20206.7,0.8911,ai_heavy
8480,8,353,16478.7,19774.5,0.9092,ai_heavy
8481,9,353,16317.1,19580.5,0.9272,ai_heavy
8482,10,353,17500.0,21000.0,0.9441,ai_heavy
8483,11,353,15821.5,18985.8,0.9588,ai_heavy
8484,12,353,16842.4,20210.9,0.9703,ai_heavy
8485,13,353,16071.4,19285.7,0.9775,ai_heavy
8486,14,353,16523.3,19827.9,0.98,ai_heavy
8487,15,353,16667.6,20001.1,0.9775,ai_heavy
8488,16,353,16989.9,20387.9,0.9703,ai_heavy
8489,17,353,16403.4,19684.1,0.9588,ai_heavy
8490,18,353,16303.6,19564.3,0.9441,ai_heavy
8491,19,353,16292.5,19551.0,0.9272,ai_heavy
8492,20,353,15841.1,19009.3,0.9092,ai_heavy
8493,21,353,16622.3,19946.8,0.8911,ai_heavy
8494,22,353,16394.4,19673.3,0.874,ai_heavy
8495,23,353,16418.2,19701.8,0.8584,ai_heavy
8496,0,354,16021.6,19225.9,0.8118,ai_heavy
8497,1,354,15979.6,19175.5,0.8172,ai_heavy
8498,2,354,16663.5,19996.2,0.8244,ai_heavy
8499,3,354,16619.9,19943.9,0.8335,ai_heavy
8500,4,354,16848.5,20218.2,0.8449,ai_heavy
8501,5,354,16387.7,19665.3,0.8584,ai_heavy
8502,6,354,16916.9,20300.3,0.874,ai_heavy
8503,7,354,16109.2,19331.1,0.8911,ai_heavy
8504,8,354,16272.8,19527.4,0.9092,ai_heavy
8505,9,354,17019.1,20422.9,0.9272,ai_heavy
8506,10,354,16902.2,20282.7,0.9441,ai_heavy
8507,11,354,16388.9,19666.6,0.9588,ai_heavy
8508,12,354,16050.0,19259.9,0.9703,ai_heavy
8509,13,354,16492.1,19790.5,0.9775,ai_heavy
8510,14,354,16260.6,19512.7,0.98,ai_heavy
8511,15,354,17452.1,20942.5,0.9775,ai_heavy
8512,16,354,16947.9,20337.4,0.9703,ai_heavy
8513,17,354,16153.0,19383.6,0.9588,ai_heavy
8514,18,354,15968.3,19162.0,0.9441,ai_heavy
8515,19,354,16046.4,19255.7,0.9272,ai_heavy
8516,20,354,16097.0,19316.4,0.9092,ai_heavy
8517,21,354,16231.3,19477.6,0.8911,ai_heavy
8518,22,354,16800.7,20160.9,0.874,ai_heavy
8519,23,354,15736.7,18884.0,0.8584,ai_heavy
8520,0,355,17145.6,20574.7,0.8083,ai_heavy
8521,1,355,15601.5,18721.8,0.812,ai_heavy
8522,2,355,15392.7,18471.2,0.8171,ai_heavy
8523,3,355,16908.0,20289.6,0.8235,ai_heavy
8524,4,355,16757.7,20109.2,0.8314,ai_heavy
8525,5,355,16061.3,19273.5,0.8409,ai_heavy
8526,6,355,16370.2,19644.2,0.8518,ai_heavy
8527,7,355,16421.9,19706.3,0.8638,ai_heavy
8528,8,355,16331.7,19598.1,0.8764,ai_heavy
8529,9,355,15671.8,18806.2,0.889,ai_heavy
8530,10,355,15127.6,18153.1,0.9009,ai_heavy
8531,11,355,15963.0,19155.6,0.9112,ai_heavy
8532,12,355,17297.8,20757.4,0.9192,ai_heavy
8533,13,355,17334.5,20801.4,0.9243,ai_heavy
8534,14,355,16297.1,19556.6,0.926,ai_heavy
8535,15,355,15948.6,19138.3,0.9243,ai_heavy
8536,16,355,16540.9,19849.1,0.9192,ai_heavy
8537,17,355,16593.7,19912.5,0.9112,ai_heavy
8538,18,355,16639.1,19966.9,0.9009,ai_heavy
8539,19,355,15069.9,18083.8,0.889,ai_heavy
8540,20,355,17500.0,21000.0,0.8764,ai_heavy
8541,21,355,16775.2,20130.3,0.8638,ai_heavy
8542,22,355,16088.9,19306.7,0.8518,ai_heavy
8543,23,355,15801.5,18961.8,0.8409,ai_heavy
8544,0,356,16518.8,19822.5,0.8083,ai_heavy
8545,1,356,16294.4,19553.3,0.812,ai_heavy
8546,2,356,16116.5,19339.8,0.8171,ai_heavy
8547,3,356,16314.2,19577.1,0.8235,ai_heavy
8548,4,356,16064.3,19277.1,0.8314,ai_heavy
8549,5,356,16344.3,19613.2,0.8409,ai_heavy
8550,6,356,16537.7,19845.2,0.8518,ai_heavy
8551,7,356,16391.1,19669.3,0.8638,ai_heavy
8552,8,356,16407.0,19688.4,0.8764,ai_heavy
8553,9,356,16987.4,20384.9,0.889,ai_heavy
8554,10,356,15561.4,18673.7,0.9009,ai_heavy
8555,11,356,15986.0,19183.2,0.9112,ai_heavy
8556,12,356,16417.1,19700.5,0.9192,ai_heavy
8557,13,356,16061.0,19273.2,0.9243,ai_heavy
8558,14,356,16231.0,19477.2,0.926,ai_heavy
8559,15,356,17054.9,20465.9,0.9243,ai_heavy
8560,16,356,16330.7,19596.9,0.9192,ai_heavy
8561,17,356,15479.3,18575.1,0.9112,ai_heavy
8562,18,356,16137.0,19364.4,0.9009,ai_heavy
8563,19,356,16334.5,19601.4,0.889,ai_heavy
8564,20,356,16284.4,19541.3,0.8764,ai_heavy
8565,21,356,16494.6,19793.6,0.8638,ai_heavy
8566,22,356,16415.4,19698.4,0.8518,ai_heavy
8567,23,356,16082.4,19298.8,0.8409,ai_heavy
8568,0,357,15480.5,18576.6,0.8118,ai_heavy
8569,1,357,15859.9,19031.9,0.8172,ai_heavy
8570,2,357,15795.1,18954.1,0.8244,ai_heavy
8571,3,357,15987.7,19185.3,0.8335,ai_heavy
8572,4,357,16497.7,19797.2,0.8449,ai_heavy
8573,5,357,16403.1,19683.7,0.8584,ai_heavy
8574,6,357,16659.0,19990.9,0.874,ai_heavy
8575,7,357,16124.9,19349.9,0.8911,ai_heavy
8576,8,357,17112.3,20534.8,0.9092,ai_heavy
8577,9,357,16761.7,20114.0,0.9272,ai_heavy
8578,10,357,16540.6,19848.7,0.9441,ai_heavy
8579,11,357,16832.2,20198.6,0.9588,ai_heavy
8580,12,357,16234.1,19481.0,0.9703,ai_heavy
8581,13,357,15543.8,18652.6,0.9775,ai_heavy
8582,14,357,16299.5,19559.4,0.98,ai_heavy
8583,15,357,16965.7,20358.8,0.9775,ai_heavy
8584,16,357,16609.9,19931.9,0.9703,ai_heavy
8585,17,357,16465.1,19758.1,0.9588,ai_heavy
8586,18,357,16065.8,19279.0,0.9441,ai_heavy
8587,19,357,15466.0,18559.2,0.9272,ai_heavy
8588,20,357,17071.3,20485.6,0.9092,ai_heavy
8589,21,357,16211.1,19453.4,0.8911,ai_heavy
8590,22,357,16047.7,19257.2,0.874,ai_heavy
8591,23,357,15880.0,19056.0,0.8584,ai_heavy
8592,0,358,16659.4,19991.2,0.8118,ai_heavy
8593,1,358,16497.6,19797.1,0.8172,ai_heavy
8594,2,358,15628.8,18754.5,0.8244,ai_heavy
8595,3,358,16689.0,20026.8,0.8335,ai_heavy
8596,4,358,16092.2,19310.6,0.8449,ai_heavy
8597,5,358,15909.7,19091.7,0.8584,ai_heavy
8598,6,358,16114.0,19336.8,0.874,ai_heavy
8599,7,358,15929.5,19115.4,0.8911,ai_heavy
8600,8,358,15722.7,18867.3,0.9092,ai_heavy
8601,9,358,16812.6,20175.1,0.9272,ai_heavy
8602,10,358,16375.9,19651.1,0.9441,ai_heavy
8603,11,358,16839.1,20206.9,0.9588,ai_heavy
8604,12,358,16712.8,20055.4,0.9703,ai_heavy
8605,13,358,16866.7,20240.0,0.9775,ai_heavy
8606,14,358,15582.7,18699.2,0.98,ai_heavy
8607,15,358,16162.1,19394.5,0.9775,ai_heavy
8608,16,358,16853.1,20223.7,0.9703,ai_heavy
8609,17,358,15900.6,19080.8,0.9588,ai_heavy
8610,18,358,16669.6,20003.5,0.9441,ai_heavy
8611,19,358,15744.6,18893.5,0.9272,ai_heavy
8612,20,358,16379.6,19655.5,0.9092,ai_heavy
8613,21,358,17100.8,20520.9,0.8911,ai_heavy
8614,22,358,16635.0,19961.9,0.874,ai_heavy
8615,23,358,15306.8,18368.1,0.8584,ai_heavy
8616,0,359,16463.7,19756.5,0.8118,ai_heavy
8617,1,359,16951.3,20341.5,0.8172,ai_heavy
8618,2,359,17446.4,20935.7,0.8244,ai_heavy
8619,3,359,16355.5,19626.6,0.8335,ai_heavy
8620,4,359,15501.0,18601.2,0.8449,ai_heavy
8621,5,359,16417.9,19701.5,0.8584,ai_heavy
8622,6,359,17035.6,20442.7,0.874,ai_heavy
8623,7,359,16221.3,19465.6,0.8911,ai_heavy
8624,8,359,16883.8,20260.6,0.9092,ai_heavy
8625,9,359,16016.2,19219.5,0.9272,ai_heavy
8626,10,359,16669.2,20003.1,0.9441,ai_heavy
8627,11,359,15298.1,18357.8,0.9588,ai_heavy
8628,12,359,16097.6,19317.2,0.9703,ai_heavy
8629,13,359,16590.6,19908.7,0.9775,ai_heavy
8630,14,359,16420.7,19704.8,0.98,ai_heavy
8631,15,359,15946.1,19135.4,0.9775,ai_heavy
8632,16,359,16321.7,19586.0,0.9703,ai_heavy
8633,17,359,16696.4,20035.7,0.9588,ai_heavy
8634,18,359,16442.5,19730.9,0.9441,ai_heavy
8635,19,359,16460.1,19752.1,0.9272,ai_heavy
8636,20,359,16731.0,20077.2,0.9092,ai_heavy
8637,21,359,16144.9,19373.9,0.8911,ai_heavy
8638,22,359,16920.1,20304.1,0.874,ai_heavy
8639,23,359,15725.6,18870.7,0.8584,ai_heavy
8640,0,360,16983.7,20380.5,0.8118,ai_heavy
8641,1,360,16609.3,19931.2,0.8172,ai_heavy
8642,2,360,15923.9,19108.7,0.8244,ai_heavy
8643,3,360,15985.7,19182.8,0.8335,ai_heavy
8644,4,360,16262.8,19515.3,0.8449,ai_heavy
8645,5,360,16497.7,19797.2,0.8584,ai_heavy
8646,6,360,16791.0,20149.2,0.874,ai_heavy
8647,7,360,15656.8,18788.2,0.8911,ai_heavy
8648,8,360,16586.3,19903.6,0.9092,ai_heavy
8649,9,360,15386.8,18464.2,0.9272,ai_heavy
8650,10,360,16397.4,19676.9,0.9441,ai_heavy
8651,11,360,17254.1,20704.9,0.9588,ai_heavy
8652,12,360,15865.4,19038.4,0.9703,ai_heavy
8653,13,360,15797.5,18957.0,0.9775,ai_heavy
8654,14,360,16711.6,20054.0,0.98,ai_heavy
8655,15,360,17284.3,20741.1,0.9775,ai_heavy
8656,16,360,16731.8,20078.2,0.9703,ai_heavy
8657,17,360,15588.3,18705.9,0.9588,ai_heavy
8658,18,360,15652.7,18783.2,0.9441,ai_heavy
8659,19,360,16478.2,19773.9,0.9272,ai_heavy
8660,20,360,15792.3,18950.8,0.9092,ai_heavy
8661,21,360,16379.8,19655.7,0.8911,ai_heavy
8662,22,360,16352.8,19623.3,0.874,ai_heavy
8663,23,360,15968.5,19162.2,0.8584,ai_heavy
8664,0,361,16929.2,20315.0,0.8118,ai_heavy
8665,1,361,16357.3,19628.8,0.8172,ai_heavy
8666,2,361,16680.9,20017.1,0.8244,ai_heavy
8667,3,361,16571.0,19885.2,0.8335,ai_heavy
8668,4,361,16089.8,19307.7,0.8449,ai_heavy
8669,5,361,16112.0,19334.5,0.8584,ai_heavy
8670,6,361,16112.0,19334.4,0.874,ai_heavy
8671,7,361,16646.2,19975.4,0.8911,ai_heavy
8672,8,361,16052.1,19262.5,0.9092,ai_heavy
8673,9,361,17280.3,20736.4,0.9272,ai_heavy
8674,10,361,16116.2,19339.5,0.9441,ai_heavy
8675,11,361,16639.3,19967.2,0.9588,ai_heavy
8676,12,361,16456.2,19747.4,0.9703,ai_heavy
8677,13,361,16369.2,19643.0,0.9775,ai_heavy
8678,14,361,17500.0,21000.0,0.98,ai_heavy
8679,15,361,16375.0,19650.0,0.9775,ai_heavy
8680,16,361,16418.6,19702.3,0.9703,ai_heavy
8681,17,361,16203.5,19444.2,0.9588,ai_heavy
8682,18,361,16505.4,19806.5,0.9441,ai_heavy
8683,19,361,16380.1,19656.1,0.9272,ai_heavy
8684,20,361,15821.8,18986.1,0.9092,ai_heavy
8685,21,361,16105.2,19326.2,0.8911,ai_heavy
8686,22,361,16554.5,19865.4,0.874,ai_heavy
8687,23,361,16705.9,20047.1,0.8584,ai_heavy
8688,0,362,16055.1,19266.2,0.8083,ai_heavy
8689,1,362,16084.2,19301.1,0.812,ai_heavy
8690,2,362,15898.0,19077.6,0.8171,ai_heavy
8691,3,362,15850.4,19020.4,0.8235,ai_heavy
8692,4,362,15674.1,18808.9,0.8314,ai_heavy
8693,5,362,15395.4,18474.5,0.8409,ai_heavy
8694,6,362,15843.9,19012.7,0.8518,ai_heavy
8695,7,362,16664.0,19996.8,0.8638,ai_heavy
8696,8,362,16057.9,19269.5,0.8764,ai_heavy
8697,9,362,16136.8,19364.1,0.889,ai_heavy
8698,10,362,16165.4,19398.4,0.9009,ai_heavy
8699,11,362,16989.6,20387.6,0.9112,ai_heavy
8700,12,362,15947.2,19136.6,0.9192,ai_heavy
8701,13,362,16557.0,19868.4,0.9243,ai_heavy
8702,14,362,16392.4,19670.9,0.926,ai_heavy
8703,15,362,16454.0,19744.8,0.9243,ai_heavy
8704,16,362,16524.3,19829.1,0.9192,ai_heavy
8705,17,362,16406.1,19687.4,0.9112,ai_heavy
8706,18,362,16733.4,20080.1,0.9009,ai_heavy
8707,19,362,16291.7,19550.1,0.889,ai_heavy
8708,20,362,17116.2,20539.5,0.8764,ai_heavy
8709,21,362,16245.7,19494.8,0.8638,ai_heavy
8710,22,362,15357.9,18429.5,0.8518,ai_heavy
8711,23,362,16458.9,19750.6,0.8409,ai_heavy
8712,0,363,16232.3,19478.8,0.8083,ai_heavy
8713,1,363,16071.5,19285.8,0.812,ai_heavy
8714,2,363,15946.9,19136.3,0.8171,ai_heavy
8715,3,363,15072.0,18086.4,0.8235,ai_heavy
8716,4,363,15177.4,18212.8,0.8314,ai_heavy
8717,5,363,16947.8,20337.4,0.8409,ai_heavy
8718,6,363,15900.7,19080.9,0.8518,ai_heavy
8719,7,363,16694.0,20032.8,0.8638,ai_heavy
8720,8,363,15482.8,18579.4,0.8764,ai_heavy
8721,9,363,15793.9,18952.7,0.889,ai_heavy
8722,10,363,16677.3,20012.8,0.9009,ai_heavy
8723,11,363,16327.7,19593.2,0.9112,ai_heavy
8724,12,363,16668.6,20002.4,0.9192,ai_heavy
8725,13,363,16413.8,19696.6,0.9243,ai_heavy
8726,14,363,16323.8,19588.6,0.926,ai_heavy
8727,15,363,16085.5,19302.6,0.9243,ai_heavy
8728,16,363,15816.4,18979.7,0.9192,ai_heavy
8729,17,363,17067.3,20480.7,0.9112,ai_heavy
8730,18,363,17113.1,20535.7,0.9009,ai_heavy
8731,19,363,15797.9,18957.5,0.889,ai_heavy
8732,20,363,15726.3,18871.6,0.8764,ai_heavy
8733,21,363,16054.7,19265.7,0.8638,ai_heavy
8734,22,363,16350.3,19620.4,0.8518,ai_heavy
8735,23,363,16061.5,19273.8,0.8409,ai_heavy
8736,0,364,16295.7,19554.9,0.8118,ai_heavy
8737,1,364,16048.9,19258.6,0.8172,ai_heavy
8738,2,364,16040.5,19248.6,0.8244,ai_heavy
8739,3,364,17293.0,20751.6,0.8335,ai_heavy
8740,4,364,15907.9,19089.5,0.8449,ai_heavy
8741,5,364,17003.9,20404.7,0.8584,ai_heavy
8742,6,364,16962.8,20355.4,0.874,ai_heavy
8743,7,364,16559.6,19871.5,0.8911,ai_heavy
8744,8,364,15425.5,18510.6,0.9092,ai_heavy
8745,9,364,16445.4,19734.4,0.9272,ai_heavy
8746,10,364,16230.6,19476.7,0.9441,ai_heavy
8747,11,364,16542.9,19851.5,0.9588,ai_heavy
8748,12,364,16041.7,19250.0,0.9703,ai_heavy
8749,13,364,16970.1,20364.1,0.9775,ai_heavy
8750,14,364,17092.2,20510.7,0.98,ai_heavy
8751,15,364,17176.0,20611.3,0.9775,ai_heavy
8752,16,364,16380.1,19656.1,0.9703,ai_heavy
8753,17,364,16007.5,19209.0,0.9588,ai_heavy
8754,18,364,16659.0,19990.8,0.9441,ai_heavy
8755,19,364,17295.6,20754.8,0.9272,ai_heavy
8756,20,364,16405.6,19686.7,0.9092,ai_heavy
8757,21,364,16534.2,19841.1,0.8911,ai_heavy
8758,22,364,16142.6,19371.1,0.874,ai_heavy
8759,23,364,15961.8,19154.2,0.8584,ai_heavy
