hour,hour_of_day,day_of_year,it_load_kw,facility_load_kw,utilization,scenario
0,0,0,12051.5,15064.3,0.8118,ai_heavy
1,1,0,11588.1,14485.1,0.8172,ai_heavy
2,2,0,11968.4,14960.5,0.8244,ai_heavy
3,3,0,11371.8,14214.7,0.8335,ai_heavy
4,4,0,12128.1,15160.1,0.8449,ai_heavy
5,5,0,11764.5,14705.7,0.8584,ai_heavy
6,6,0,11857.8,14822.3,0.874,ai_heavy
7,7,0,11791.6,14739.6,0.8911,ai_heavy
8,8,0,11608.7,14510.9,0.9092,ai_heavy
9,9,0,11829.0,14786.3,0.9272,ai_heavy
10,10,0,11711.7,14639.6,0.9441,ai_heavy
11,11,0,12246.4,15308.0,0.9588,ai_heavy
12,12,0,11857.8,14822.2,0.9703,ai_heavy
13,13,0,11411.0,14263.8,0.9775,ai_heavy
14,14,0,11351.0,14188.7,0.98,ai_heavy
15,15,0,11328.5,14160.6,0.9775,ai_heavy
16,16,0,12151.6,15189.5,0.9703,ai_heavy
17,17,0,11492.5,14365.6,0.9588,ai_heavy
18,18,0,11976.1,14970.2,0.9441,ai_heavy
19,19,0,11878.1,14847.6,0.9272,ai_heavy
20,20,0,11764.6,14705.7,0.9092,ai_heavy
21,21,0,11899.7,14874.7,0.8911,ai_heavy
22,22,0,11760.7,14700.9,0.874,ai_heavy
23,23,0,10720.2,13400.2,0.8584,ai_heavy
24,0,1,11447.5,14309.3,0.8118,ai_heavy
25,1,1,11719.9,14649.8,0.8172,ai_heavy
26,2,1,12159.3,15199.1,0.8244,ai_heavy
27,3,1,12197.9,15247.3,0.8335,ai_heavy
28,4,1,11161.1,13951.4,0.8449,ai_heavy
29,5,1,11546.3,14432.9,0.8584,ai_heavy
30,6,1,11155.2,13944.0,0.874,ai_heavy
31,7,1,12280.8,15351.0,0.8911,ai_heavy
32,8,1,12145.6,15182.1,0.9092,ai_heavy
33,9,1,11954.1,14942.6,0.9272,ai_heavy
34,10,1,11928.4,14910.5,0.9441,ai_heavy
35,11,1,12396.7,15495.9,0.9588,ai_heavy
36,12,1,12364.0,15455.0,0.9703,ai_heavy
37,13,1,12362.5,15453.1,0.9775,ai_heavy
38,14,1,12117.0,15146.2,0.98,ai_heavy
39,15,1,11822.2,14777.8,0.9775,ai_heavy
40,16,1,12205.0,15256.3,0.9703,ai_heavy
41,17,1,12195.1,15243.9,0.9588,ai_heavy
42,18,1,11801.4,14751.7,0.9441,ai_heavy
43,19,1,11705.0,14631.2,0.9272,ai_heavy
44,20,1,12188.2,15235.3,0.9092,ai_heavy
45,21,1,12331.6,15414.5,0.8911,ai_heavy
46,22,1,11442.0,14302.5,0.874,ai_heavy
47,23,1,11576.5,14470.7,0.8584,ai_heavy
48,0,2,11681.4,14601.7,0.8118,ai_heavy
49,1,2,11741.2,14676.5,0.8172,ai_heavy
50,2,2,11407.4,14259.2,0.8244,ai_heavy
51,3,2,12266.5,15333.1,0.8335,ai_heavy
52,4,2,11784.4,14730.5,0.8449,ai_heavy
53,5,2,11854.8,14818.5,0.8584,ai_heavy
54,6,2,12322.8,15403.5,0.874,ai_heavy
55,7,2,11587.0,14483.8,0.8911,ai_heavy
56,8,2,11756.2,14695.2,0.9092,ai_heavy
57,9,2,11384.8,14231.1,0.9272,ai_heavy
58,10,2,11807.9,14759.9,0.9441,ai_heavy
59,11,2,11372.0,14215.0,0.9588,ai_heavy
60,12,2,12198.1,15247.6,0.9703,ai_heavy
61,13,2,12097.9,15122.4,0.9775,ai_heavy
62,14,2,11853.8,14817.3,0.98,ai_heavy
63,15,2,11911.4,14889.2,0.9775,ai_heavy
64,16,2,12203.0,15253.7,0.9703,ai_heavy
65,17,2,11498.1,14372.6,0.9588,ai_heavy
66,18,2,11942.0,14927.5,0.9441,ai_heavy
67,19,2,12077.9,15097.4,0.9272,ai_heavy
68,20,2,11157.2,13946.5,0.9092,ai_heavy
69,21,2,11986.6,14983.3,0.8911,ai_heavy
70,22,2,11117.3,13896.6,0.874,ai_heavy
71,23,2,11627.6,14534.5,0.8584,ai_heavy
72,0,3,11156.2,13945.3,0.8118,ai_heavy
73,1,3,12069.2,15086.5,0.8172,ai_heavy
74,2,3,11186.7,13983.4,0.8244,ai_heavy
75,3,3,11035.7,13794.6,0.8335,ai_heavy
76,4,3,11683.6,14604.5,0.8449,ai_heavy
77,5,3,11523.9,14404.9,0.8584,ai_heavy
78,6,3,11176.8,13971.0,0.874,ai_heavy
79,7,3,11930.5,14913.2,0.8911,ai_heavy
80,8,3,11083.2,13854.0,0.9092,ai_heavy
81,9,3,11461.9,14327.4,0.9272,ai_heavy
82,10,3,11664.4,14580.6,0.9441,ai_heavy
83,11,3,12190.2,15237.7,0.9588,ai_heavy
84,12,3,12394.1,15492.6,0.9703,ai_heavy
85,13,3,12342.7,15428.3,0.9775,ai_heavy
86,14,3,11898.2,14872.8,0.98,ai_heavy
87,15,3,11077.4,13846.7,0.9775,ai_heavy
88,16,3,12070.3,15087.9,0.9703,ai_heavy
89,17,3,12428.9,15536.1,0.9588,ai_heavy
90,18,3,12308.6,15385.7,0.9441,ai_heavy
91,19,3,11993.9,14992.4,0.9272,ai_heavy
92,20,3,11366.8,14208.5,0.9092,ai_heavy
93,21,3,11560.2,14450.2,0.8911,ai_heavy
94,22,3,12384.2,15480.3,0.874,ai_heavy
95,23,3,11172.8,13966.0,0.8584,ai_heavy
96,0,4,11161.6,13952.0,0.8118,ai_heavy
97,1,4,11899.5,14874.4,0.8172,ai_heavy
98,2,4,11439.1,14298.9,0.8244,ai_heavy
99,3,4,11198.8,13998.5,0.8335,ai_heavy
100,4,4,12170.5,15213.1,0.8449,ai_heavy
101,5,4,11830.1,14787.7,0.8584,ai_heavy
102,6,4,11571.1,14463.9,0.874,ai_heavy
103,7,4,11341.5,14176.9,0.8911,ai_heavy
104,8,4,12511.5,15639.4,0.9092,ai_heavy
105,9,4,11821.0,14776.2,0.9272,ai_heavy
106,10,4,12366.8,15458.5,0.9441,ai_heavy
107,11,4,12222.8,15278.5,0.9588,ai_heavy
108,12,4,11744.0,14680.0,0.9703,ai_heavy
109,13,4,11763.5,14704.4,0.9775,ai_heavy
110,14,4,12471.8,15589.8,0.98,ai_heavy
111,15,4,12471.6,15589.5,0.9775,ai_heavy
112,16,4,11258.7,14073.3,0.9703,ai_heavy
113,17,4,12100.0,15125.1,0.9588,ai_heavy
114,18,4,11826.1,14782.6,0.9441,ai_heavy
115,19,4,11462.9,14328.7,0.9272,ai_heavy
116,20,4,11880.0,14850.0,0.9092,ai_heavy
117,21,4,11269.7,14087.2,0.8911,ai_heavy
118,22,4,11541.4,14426.7,0.874,ai_heavy
119,23,4,11389.2,14236.5,0.8584,ai_heavy
120,0,5,11378.2,14222.7,0.8083,ai_heavy
121,1,5,11535.4,14419.3,0.812,ai_heavy
122,2,5,11219.3,14024.2,0.8171,ai_heavy
123,3,5,12133.8,15167.2,0.8235,ai_heavy
124,4,5,11777.3,14721.6,0.8314,ai_heavy
125,5,5,12253.7,15317.2,0.8409,ai_heavy
126,6,5,11597.2,14496.6,0.8518,ai_heavy
127,7,5,11489.0,14361.2,0.8638,ai_heavy
128,8,5,12328.6,15410.8,0.8764,ai_heavy
129,9,5,11536.7,14420.9,0.889,ai_heavy
130,10,5,11705.1,14631.4,0.9009,ai_heavy
131,11,5,12046.9,15058.7,0.9112,ai_heavy
132,12,5,11372.3,14215.4,0.9192,ai_heavy
133,13,5,12075.1,15093.8,0.9243,ai_heavy
134,14,5,12033.8,15042.3,0.926,ai_heavy
135,15,5,12273.0,15341.2,0.9243,ai_heavy
136,16,5,12126.3,15157.8,0.9192,ai_heavy
137,17,5,12252.1,15315.1,0.9112,ai_heavy
138,18,5,11729.1,14661.4,0.9009,ai_heavy
139,19,5,11436.5,14295.6,0.889,ai_heavy
140,20,5,12452.1,15565.1,0.8764,ai_heavy
141,21,5,11146.3,13932.8,0.8638,ai_heavy
142,22,5,11154.5,13943.1,0.8518,ai_heavy
143,23,5,11824.9,14781.1,0.8409,ai_heavy
144,0,6,12114.5,15143.1,0.8083,ai_heavy
145,1,6,11625.9,14532.4,0.812,ai_heavy
146,2,6,11918.8,14898.5,0.8171,ai_heavy
147,3,6,10893.2,13616.5,0.8235,ai_heavy
148,4,6,11431.6,14289.5,0.8314,ai_heavy
149,5,6,10974.0,13717.5,0.8409,ai_heavy
150,6,6,11926.0,14907.6,0.8518,ai_heavy
151,7,6,11139.1,13923.8,0.8638,ai_heavy
152,8,6,11261.9,14077.4,0.8764,ai_heavy
153,9,6,11921.4,14901.7,0.889,ai_heavy
154,10,6,12143.0,15178.7,0.9009,ai_heavy
155,11,6,11736.0,14669.9,0.9112,ai_heavy
156,12,6,12012.9,15016.2,0.9192,ai_heavy
157,13,6,12013.5,15016.9,0.9243,ai_heavy
158,14,6,11750.4,14688.0,0.926,ai_heavy
159,15,6,11434.5,14293.1,0.9243,ai_heavy
160,16,6,12011.1,15013.8,0.9192,ai_heavy
161,17,6,12009.1,15011.4,0.9112,ai_heavy
162,18,6,12083.7,15104.6,0.9009,ai_heavy
163,19,6,11850.3,14812.8,0.889,ai_heavy
164,20,6,11300.3,14125.4,0.8764,ai_heavy
165,21,6,11923.2,14904.0,0.8638,ai_heavy
166,22,6,11652.7,14565.9,0.8518,ai_heavy
167,23,6,11459.3,14324.2,0.8409,ai_heavy
168,0,7,11457.5,14321.9,0.8118,ai_heavy
169,1,7,11332.6,14165.8,0.8172,ai_heavy
170,2,7,11898.0,14872.5,0.8244,ai_heavy
171,3,7,11116.5,13895.6,0.8335,ai_heavy
172,4,7,11290.2,14112.7,0.8449,ai_heavy
173,5,7,11553.7,14442.1,0.8584,ai_heavy
174,6,7,12271.8,15339.8,0.874,ai_heavy
175,7,7,12116.8,15145.9,0.8911,ai_heavy
176,8,7,11207.2,14009.0,0.9092,ai_heavy
177,9,7,12309.2,15386.5,0.9272,ai_heavy
178,10,7,12349.8,15437.2,0.9441,ai_heavy
179,11,7,11484.5,14355.6,0.9588,ai_heavy
180,12,7,11028.0,13785.0,0.9703,ai_heavy
181,13,7,11921.5,14901.9,0.9775,ai_heavy
182,14,7,12355.7,15444.6,0.98,ai_heavy
183,15,7,12517.7,15647.2,0.9775,ai_heavy
184,16,7,11618.8,14523.4,0.9703,ai_heavy
185,17,7,12529.4,15661.7,0.9588,ai_heavy
186,18,7,11076.0,13844.9,0.9441,ai_heavy
187,19,7,11699.0,14623.8,0.9272,ai_heavy
188,20,7,11639.9,14549.9,0.9092,ai_heavy
189,21,7,12151.3,15189.1,0.8911,ai_heavy
190,22,7,12161.1,15201.3,0.874,ai_heavy
191,23,7,12002.8,15003.5,0.8584,ai_heavy
192,0,8,11091.3,13864.2,0.8118,ai_heavy
193,1,8,11871.8,14839.7,0.8172,ai_heavy
194,2,8,11766.0,14707.5,0.8244,ai_heavy
195,3,8,11028.3,13785.4,0.8335,ai_heavy
196,4,8,10915.4,13644.3,0.8449,ai_heavy
197,5,8,12032.1,15040.1,0.8584,ai_heavy
198,6,8,11641.9,14552.4,0.874,ai_heavy
199,7,8,11292.4,14115.5,0.8911,ai_heavy
200,8,8,11713.9,14642.3,0.9092,ai_heavy
201,9,8,11958.8,14948.5,0.9272,ai_heavy
202,10,8,11839.8,14799.7,0.9441,ai_heavy
203,11,8,11349.5,14186.8,0.9588,ai_heavy
204,12,8,12600.0,15750.0,0.9703,ai_heavy
205,13,8,12307.3,15384.2,0.9775,ai_heavy
206,14,8,11832.9,14791.2,0.98,ai_heavy
207,15,8,11841.6,14802.0,0.9775,ai_heavy
208,16,8,12059.1,15073.9,0.9703,ai_heavy
209,17,8,11500.3,14375.4,0.9588,ai_heavy
210,18,8,11984.2,14980.2,0.9441,ai_heavy
211,19,8,11357.4,14196.7,0.9272,ai_heavy
212,20,8,11762.5,14703.2,0.9092,ai_heavy
213,21,8,11333.5,14166.9,0.8911,ai_heavy
214,22,8,11312.5,14140.7,0.874,ai_heavy
215,23,8,12244.8,15306.1,0.8584,ai_heavy
216,0,9,11580.2,14475.3,0.8118,ai_heavy
217,1,9,11644.3,14555.4,0.8172,ai_heavy
218,2,9,10889.7,13612.1,0.8244,ai_heavy
219,3,9,11402.5,14253.1,0.8335,ai_heavy
220,4,9,11798.0,14747.6,0.8449,ai_heavy
221,5,9,11736.7,14670.9,0.8584,ai_heavy
222,6,9,10948.8,13686.0,0.874,ai_heavy
223,7,9,11818.3,14772.8,0.8911,ai_heavy
224,8,9,11917.1,14896.4,0.9092,ai_heavy
225,9,9,12285.2,15356.5,0.9272,ai_heavy
226,10,9,11636.0,14544.9,0.9441,ai_heavy
227,11,9,11103.0,13878.8,0.9588,ai_heavy
228,12,9,11573.7,14467.1,0.9703,ai_heavy
229,13,9,11554.2,14442.7,0.9775,ai_heavy
230,14,9,12217.4,15271.7,0.98,ai_heavy
231,15,9,10973.7,13717.1,0.9775,ai_heavy
232,16,9,11770.0,14712.5,0.9703,ai_heavy
233,17,9,12412.9,15516.1,0.9588,ai_heavy
234,18,9,11871.8,14839.8,0.9441,ai_heavy
235,19,9,12147.7,15184.7,0.9272,ai_heavy
236,20,9,11206.9,14008.6,0.9092,ai_heavy
237,21,9,11180.8,13976.0,0.8911,ai_heavy
238,22,9,12209.9,15262.3,0.874,ai_heavy
239,23,9,11704.2,14630.2,0.8584,ai_heavy
240,0,10,11595.5,14494.4,0.8118,ai_heavy
241,1,10,11184.1,13980.1,0.8172,ai_heavy
242,2,10,11624.0,14530.1,0.8244,ai_heavy
243,3,10,11211.3,14014.1,0.8335,ai_heavy
244,4,10,12051.4,15064.2,0.8449,ai_heavy
245,5,10,12600.0,15750.0,0.8584,ai_heavy
246,6,10,11875.1,14843.9,0.874,ai_heavy
247,7,10,11521.5,14401.9,0.8911,ai_heavy
248,8,10,10891.5,13614.4,0.9092,ai_heavy
249,9,10,11231.8,14039.8,0.9272,ai_heavy
250,10,10,12422.9,15528.7,0.9441,ai_heavy
251,11,10,11536.2,14420.2,0.9588,ai_heavy
252,12,10,11797.7,14747.1,0.9703,ai_heavy
253,13,10,12182.3,15227.8,0.9775,ai_heavy
254,14,10,12484.7,15605.9,0.98,ai_heavy
255,15,10,11875.9,14844.8,0.9775,ai_heavy
256,16,10,11785.6,14732.0,0.9703,ai_heavy
257,17,10,11929.3,14911.6,0.9588,ai_heavy
258,18,10,11645.8,14557.2,0.9441,ai_heavy
259,19,10,11626.0,14532.5,0.9272,ai_heavy
260,20,10,11933.1,14916.4,0.9092,ai_heavy
261,21,10,11810.6,14763.2,0.8911,ai_heavy
262,22,10,12453.7,15567.1,0.874,ai_heavy
263,23,10,11822.4,14778.0,0.8584,ai_heavy
264,0,11,11958.9,14948.6,0.8118,ai_heavy
265,1,11,11200.4,14000.5,0.8172,ai_heavy
266,2,11,11771.6,14714.5,0.8244,ai_heavy
267,3,11,11358.6,14198.3,0.8335,ai_heavy
268,4,11,11775.1,14718.9,0.8449,ai_heavy
269,5,11,11909.8,14887.2,0.8584,ai_heavy
270,6,11,11722.7,14653.3,0.874,ai_heavy
271,7,11,12593.5,15741.9,0.8911,ai_heavy
272,8,11,12292.4,15365.5,0.9092,ai_heavy
273,9,11,12247.4,15309.3,0.9272,ai_heavy
274,10,11,12141.4,15176.8,0.9441,ai_heavy
275,11,11,12533.4,15666.8,0.9588,ai_heavy
276,12,11,11416.1,14270.2,0.9703,ai_heavy
277,13,11,12438.5,15548.2,0.9775,ai_heavy
278,14,11,11597.7,14497.2,0.98,ai_heavy
279,15,11,11745.1,14681.4,0.9775,ai_heavy
280,16,11,12131.4,15164.2,0.9703,ai_heavy
281,17,11,12344.1,15430.1,0.9588,ai_heavy
282,18,11,11458.5,14323.1,0.9441,ai_heavy
283,19,11,11647.7,14559.7,0.9272,ai_heavy
284,20,11,11822.0,14777.5,0.9092,ai_heavy
285,21,11,11679.6,14599.5,0.8911,ai_heavy
286,22,11,12005.1,15006.3,0.874,ai_heavy
287,23,11,12600.0,15750.0,0.8584,ai_heavy
288,0,12,11696.7,14620.9,0.8083,ai_heavy
289,1,12,11305.2,14131.5,0.812,ai_heavy
290,2,12,11121.8,13902.3,0.8171,ai_heavy
291,3,12,11473.9,14342.3,0.8235,ai_heavy
292,4,12,11278.2,14097.7,0.8314,ai_heavy
293,5,12,11790.8,14738.5,0.8409,ai_heavy
294,6,12,11811.2,14764.0,0.8518,ai_heavy
295,7,12,11519.0,14398.7,0.8638,ai_heavy
296,8,12,12408.2,15510.2,0.8764,ai_heavy
297,9,12,11481.3,14351.6,0.889,ai_heavy
298,10,12,11725.9,14657.4,0.9009,ai_heavy
299,11,12,12018.3,15022.9,0.9112,ai_heavy
300,12,12,12127.0,15158.7,0.9192,ai_heavy
301,13,12,12275.9,15344.9,0.9243,ai_heavy
302,14,12,11978.9,14973.6,0.926,ai_heavy
303,15,12,12195.5,15244.4,0.9243,ai_heavy
304,16,12,11575.2,14469.1,0.9192,ai_heavy
305,17,12,12117.0,15146.2,0.9112,ai_heavy
306,18,12,12087.5,15109.4,0.9009,ai_heavy
307,19,12,12273.2,15341.5,0.889,ai_heavy
308,20,12,11124.7,13905.8,0.8764,ai_heavy
309,21,12,11363.4,14204.2,0.8638,ai_heavy
310,22,12,11941.0,14926.2,0.8518,ai_heavy
311,23,12,10702.8,13378.6,0.8409,ai_heavy
312,0,13,11721.9,14652.3,0.8083,ai_heavy
313,1,13,11927.7,14909.7,0.812,ai_heavy
314,2,13,11371.8,14214.8,0.8171,ai_heavy
315,3,13,11437.4,14296.7,0.8235,ai_heavy
316,4,13,11231.5,14039.4,0.8314,ai_heavy
317,5,13,11445.8,14307.2,0.8409,ai_heavy
318,6,13,11481.0,14351.3,0.8518,ai_heavy
319,7,13,11442.0,14302.5,0.8638,ai_heavy
320,8,13,11451.7,14314.6,0.8764,ai_heavy
321,9,13,11644.9,14556.1,0.889,ai_heavy
322,10,13,11668.1,14585.2,0.9009,ai_heavy
323,11,13,12455.2,15569.0,0.9112,ai_heavy
324,12,13,11671.2,14589.0,0.9192,ai_heavy
325,13,13,11944.8,14931.0,0.9243,ai_heavy
326,14,13,11622.2,14527.7,0.926,ai_heavy
327,15,13,11613.7,14517.1,0.9243,ai_heavy
328,16,13,11207.0,14008.8,0.9192,ai_heavy
329,17,13,11236.3,14045.4,0.9112,ai_heavy
330,18,13,11342.0,14177.5,0.9009,ai_heavy
331,19,13,11805.0,14756.3,0.889,ai_heavy
332,20,13,12088.9,15111.1,0.8764,ai_heavy
333,21,13,11055.2,13819.0,0.8638,ai_heavy
334,22,13,11461.3,14326.6,0.8518,ai_heavy
335,23,13,11150.9,13938.6,0.8409,ai_heavy
336,0,14,11468.0,14335.0,0.8118,ai_heavy
337,1,14,11945.8,14932.2,0.8172,ai_heavy
338,2,14,11433.6,14292.0,0.8244,ai_heavy
339,3,14,11593.9,14492.4,0.8335,ai_heavy
340,4,14,12145.1,15181.3,0.8449,ai_heavy
341,5,14,11829.0,14786.3,0.8584,ai_heavy
342,6,14,11438.3,14297.8,0.874,ai_heavy
343,7,14,11801.3,14751.6,0.8911,ai_heavy
344,8,14,11494.8,14368.5,0.9092,ai_heavy
345,9,14,11978.9,14973.6,0.9272,ai_heavy
346,10,14,12052.8,15066.0,0.9441,ai_heavy
347,11,14,11415.5,14269.3,0.9588,ai_heavy
348,12,14,11993.1,14991.4,0.9703,ai_heavy
349,13,14,11905.2,14881.6,0.9775,ai_heavy
350,14,14,12148.5,15185.6,0.98,ai_heavy
351,15,14,12245.4,15306.7,0.9775,ai_heavy
352,16,14,12101.3,15126.7,0.9703,ai_heavy
353,17,14,11795.4,14744.3,0.9588,ai_heavy
354,18,14,12201.6,15252.0,0.9441,ai_heavy
355,19,14,11519.8,14399.7,0.9272,ai_heavy
356,20,14,11320.5,14150.6,0.9092,ai_heavy
357,21,14,10619.4,13274.2,0.8911,ai_heavy
358,22,14,11680.5,14600.7,0.874,ai_heavy
359,23,14,11381.2,14226.4,0.8584,ai_heavy
360,0,15,11697.6,14622.0,0.8118,ai_heavy
361,1,15,10887.9,13609.9,0.8172,ai_heavy
362,2,15,11364.0,14205.0,0.8244,ai_heavy
363,3,15,11774.3,14717.8,0.8335,ai_heavy
364,4,15,11277.5,14096.9,0.8449,ai_heavy
365,5,15,11812.0,14765.0,0.8584,ai_heavy
366,6,15,11509.6,14386.9,0.874,ai_heavy
367,7,15,11733.7,14667.1,0.8911,ai_heavy
368,8,15,11997.9,14997.4,0.9092,ai_heavy
369,9,15,12167.8,15209.7,0.9272,ai_heavy
370,10,15,11902.2,14877.8,0.9441,ai_heavy
371,11,15,11613.0,14516.3,0.9588,ai_heavy
372,12,15,11766.5,14708.1,0.9703,ai_heavy
373,13,15,12175.7,15219.6,0.9775,ai_heavy
374,14,15,11587.0,14483.7,0.98,ai_heavy
375,15,15,11883.6,14854.5,0.9775,ai_heavy
376,16,15,11792.3,14740.4,0.9703,ai_heavy
377,17,15,11866.8,14833.5,0.9588,ai_heavy
378,18,15,11509.9,14387.4,0.9441,ai_heavy
379,19,15,11172.4,13965.5,0.9272,ai_heavy
380,20,15,11971.6,14964.5,0.9092,ai_heavy
381,21,15,12085.0,15106.2,0.8911,ai_heavy
382,22,15,11075.8,13844.8,0.874,ai_heavy
383,23,15,11797.9,14747.4,0.8584,ai_heavy
384,0,16,11935.3,14919.2,0.8118,ai_heavy
385,1,16,11779.2,14724.0,0.8172,ai_heavy
386,2,16,11444.1,14305.2,0.8244,ai_heavy
387,3,16,11281.8,14102.3,0.8335,ai_heavy
388,4,16,11665.3,14581.6,0.8449,ai_heavy
389,5,16,11755.5,14694.4,0.8584,ai_heavy
390,6,16,11738.8,14673.5,0.874,ai_heavy
391,7,16,11681.8,14602.2,0.8911,ai_heavy
392,8,16,11404.6,14255.8,0.9092,ai_heavy
393,9,16,11979.6,14974.6,0.9272,ai_heavy
394,10,16,12036.9,15046.2,0.9441,ai_heavy
395,11,16,11975.4,14969.3,0.9588,ai_heavy
396,12,16,11970.2,14962.7,0.9703,ai_heavy
397,13,16,12549.3,15686.6,0.9775,ai_heavy
398,14,16,11729.3,14661.6,0.98,ai_heavy
399,15,16,12406.7,15508.4,0.9775,ai_heavy
400,16,16,11667.7,14584.7,0.9703,ai_heavy
401,17,16,12299.7,15374.7,0.9588,ai_heavy
402,18,16,12308.4,15385.6,0.9441,ai_heavy
403,19,16,11725.6,14657.0,0.9272,ai_heavy
404,20,16,12374.8,15468.5,0.9092,ai_heavy
405,21,16,11910.5,14888.2,0.8911,ai_heavy
406,22,16,11397.1,14246.4,0.874,ai_heavy
407,23,16,11537.8,14422.2,0.8584,ai_heavy
408,0,17,11952.5,14940.6,0.8118,ai_heavy
409,1,17,11892.7,14865.9,0.8172,ai_heavy
410,2,17,11221.2,14026.4,0.8244,ai_heavy
411,3,17,11562.0,14452.4,0.8335,ai_heavy
412,4,17,11708.1,14635.1,0.8449,ai_heavy
413,5,17,11491.1,14363.8,0.8584,ai_heavy
414,6,17,12533.1,15666.4,0.874,ai_heavy
415,7,17,11827.6,14784.5,0.8911,ai_heavy
416,8,17,11765.6,14707.0,0.9092,ai_heavy
417,9,17,12252.3,15315.3,0.9272,ai_heavy
418,10,17,11739.2,14674.0,0.9441,ai_heavy
419,11,17,12263.5,15329.3,0.9588,ai_heavy
420,12,17,11333.5,14166.9,0.9703,ai_heavy
421,13,17,11784.8,14731.0,0.9775,ai_heavy
422,14,17,12329.4,15411.7,0.98,ai_heavy
423,15,17,12510.2,15637.7,0.9775,ai_heavy
424,16,17,11653.7,14567.1,0.9703,ai_heavy
425,17,17,11585.9,14482.4,0.9588,ai_heavy
426,18,17,12071.3,15089.2,0.9441,ai_heavy
427,19,17,11608.5,14510.7,0.9272,ai_heavy
428,20,17,11692.5,14615.6,0.9092,ai_heavy
429,21,17,12054.1,15067.6,0.8911,ai_heavy
430,22,17,11514.1,14392.6,0.874,ai_heavy
431,23,17,10980.7,13725.9,0.8584,ai_heavy
432,0,18,11108.5,13885.6,0.8118,ai_heavy
433,1,18,11575.7,14469.7,0.8172,ai_heavy
434,2,18,10941.1,13676.4,0.8244,ai_heavy
435,3,18,11507.0,14383.7,0.8335,ai_heavy
436,4,18,11151.0,13938.8,0.8449,ai_heavy
437,5,18,12242.8,15303.5,0.8584,ai_heavy
438,6,18,12465.5,15581.8,0.874,ai_heavy
439,7,18,11372.4,14215.5,0.8911,ai_heavy
440,8,18,11878.3,14847.8,0.9092,ai_heavy
441,9,18,11488.8,14361.0,0.9272,ai_heavy
442,10,18,11759.1,14698.9,0.9441,ai_heavy
443,11,18,12547.7,15684.7,0.9588,ai_heavy
444,12,18,11763.4,14704.3,0.9703,ai_heavy
445,13,18,11844.9,14806.1,0.9775,ai_heavy
446,14,18,11615.2,14519.0,0.98,ai_heavy
447,15,18,12358.2,15447.8,0.9775,ai_heavy
448,16,18,10762.5,13453.1,0.9703,ai_heavy
449,17,18,11745.6,14682.0,0.9588,ai_heavy
450,18,18,11852.9,14816.2,0.9441,ai_heavy
451,19,18,11595.0,14493.8,0.9272,ai_heavy
452,20,18,12092.8,15116.1,0.9092,ai_heavy
453,21,18,12168.8,15211.0,0.8911,ai_heavy
454,22,18,11209.3,14011.6,0.874,ai_heavy
455,23,18,12401.6,15502.0,0.8584,ai_heavy
456,0,19,11058.2,13822.7,0.8083,ai_heavy
457,1,19,12007.1,15008.9,0.812,ai_heavy
458,2,19,11623.9,14529.9,0.8171,ai_heavy
459,3,19,11411.8,14264.8,0.8235,ai_heavy
460,4,19,11463.0,14328.7,0.8314,ai_heavy
461,5,19,11616.0,14520.0,0.8409,ai_heavy
462,6,19,11726.1,14657.6,0.8518,ai_heavy
463,7,19,11358.8,14198.5,0.8638,ai_heavy
464,8,19,11628.6,14535.8,0.8764,ai_heavy
465,9,19,11468.9,14336.1,0.889,ai_heavy
466,10,19,11339.1,14173.9,0.9009,ai_heavy
467,11,19,11503.1,14378.8,0.9112,ai_heavy
468,12,19,11403.4,14254.3,0.9192,ai_heavy
469,13,19,11673.8,14592.2,0.9243,ai_heavy
470,14,19,11980.3,14975.4,0.926,ai_heavy
471,15,19,11865.6,14832.0,0.9243,ai_heavy
472,16,19,12510.5,15638.1,0.9192,ai_heavy
473,17,19,11010.2,13762.8,0.9112,ai_heavy
474,18,19,11933.8,14917.2,0.9009,ai_heavy
475,19,19,11742.6,14678.3,0.889,ai_heavy
476,20,19,11997.4,14996.7,0.8764,ai_heavy
477,21,19,11932.4,14915.5,0.8638,ai_heavy
478,22,19,11595.5,14494.4,0.8518,ai_heavy
479,23,19,11687.9,14609.9,0.8409,ai_heavy
480,0,20,11293.5,14116.9,0.8083,ai_heavy
481,1,20,11773.0,14716.3,0.812,ai_heavy
482,2,20,10919.6,13649.5,0.8171,ai_heavy
483,3,20,11857.0,14821.2,0.8235,ai_heavy
484,4,20,11597.5,14496.8,0.8314,ai_heavy
485,5,20,11457.8,14322.3,0.8409,ai_heavy
486,6,20,11571.9,14464.9,0.8518,ai_heavy
487,7,20,11625.5,14531.9,0.8638,ai_heavy
488,8,20,12166.6,15208.3,0.8764,ai_heavy
489,9,20,12600.0,15750.0,0.889,ai_heavy
490,10,20,12198.8,15248.4,0.9009,ai_heavy
491,11,20,11592.2,14490.3,0.9112,ai_heavy
492,12,20,12034.1,15042.6,0.9192,ai_heavy
493,13,20,12061.6,15077.0,0.9243,ai_heavy
494,14,20,11498.6,14373.2,0.926,ai_heavy
495,15,20,11375.6,14219.5,0.9243,ai_heavy
496,16,20,11788.5,14735.6,0.9192,ai_heavy
497,17,20,12077.9,15097.4,0.9112,ai_heavy
498,18,20,11199.1,13998.8,0.9009,ai_heavy
499,19,20,11486.4,14358.1,0.889,ai_heavy
500,20,20,11912.0,14890.0,0.8764,ai_heavy
501,21,20,11695.9,14619.9,0.8638,ai_heavy
502,22,20,12148.3,15185.4,0.8518,ai_heavy
503,23,20,11135.4,13919.2,0.8409,ai_heavy
504,0,21,12375.4,15469.2,0.8118,ai_heavy
505,1,21,11038.3,13797.9,0.8172,ai_heavy
506,2,21,10883.5,13604.4,0.8244,ai_heavy
507,3,21,11589.9,14487.4,0.8335,ai_heavy
508,4,21,11241.0,14051.2,0.8449,ai_heavy
509,5,21,11655.2,14569.0,0.8584,ai_heavy
510,6,21,11679.3,14599.1,0.874,ai_heavy
511,7,21,11676.3,14595.4,0.8911,ai_heavy
512,8,21,11489.6,14362.0,0.9092,ai_heavy
513,9,21,11983.2,14979.0,0.9272,ai_heavy
514,10,21,11756.3,14695.3,0.9441,ai_heavy
515,11,21,12297.8,15372.3,0.9588,ai_heavy
516,12,21,11865.9,14832.4,0.9703,ai_heavy
517,13,21,11601.6,14502.0,0.9775,ai_heavy
518,14,21,11348.0,14185.0,0.98,ai_heavy
519,15,21,11885.7,14857.1,0.9775,ai_heavy
520,16,21,11476.2,14345.2,0.9703,ai_heavy
521,17,21,11421.6,14277.0,0.9588,ai_heavy
522,18,21,12057.1,15071.4,0.9441,ai_heavy
523,19,21,11198.8,13998.5,0.9272,ai_heavy
524,20,21,12286.9,15358.6,0.9092,ai_heavy
525,21,21,11801.5,14751.9,0.8911,ai_heavy
526,22,21,11689.8,14612.2,0.874,ai_heavy
527,23,21,11306.5,14133.1,0.8584,ai_heavy
528,0,22,11824.8,14781.0,0.8118,ai_heavy
529,1,22,11571.3,14464.1,0.8172,ai_heavy
530,2,22,11350.5,14188.1,0.8244,ai_heavy
531,3,22,11680.1,14600.1,0.8335,ai_heavy
532,4,22,11049.5,13811.9,0.8449,ai_heavy
533,5,22,11096.3,13870.3,0.8584,ai_heavy
534,6,22,11311.8,14139.8,0.874,ai_heavy
535,7,22,11868.4,14835.5,0.8911,ai_heavy
536,8,22,11786.3,14732.9,0.9092,ai_heavy
537,9,22,12201.9,15252.4,0.9272,ai_heavy
538,10,22,11541.7,14427.1,0.9441,ai_heavy
539,11,22,12108.9,15136.2,0.9588,ai_heavy
540,12,22,11889.7,14862.1,0.9703,ai_heavy
541,13,22,11609.4,14511.7,0.9775,ai_heavy
542,14,22,12091.4,15114.2,0.98,ai_heavy
543,15,22,11923.7,14904.7,0.9775,ai_heavy
544,16,22,11705.3,14631.6,0.9703,ai_heavy
545,17,22,11918.7,14898.4,0.9588,ai_heavy
546,18,22,11823.1,14778.9,0.9441,ai_heavy
547,19,22,11775.1,14718.9,0.9272,ai_heavy
548,20,22,11641.6,14552.0,0.9092,ai_heavy
549,21,22,11285.5,14106.8,0.8911,ai_heavy
550,22,22,11731.4,14664.3,0.874,ai_heavy
551,23,22,11387.7,14234.7,0.8584,ai_heavy
552,0,23,11205.8,14007.3,0.8118,ai_heavy
553,1,23,11488.7,14360.9,0.8172,ai_heavy
554,2,23,11844.2,14805.3,0.8244,ai_heavy
555,3,23,11675.1,14593.9,0.8335,ai_heavy
556,4,23,11451.6,14314.5,0.8449,ai_heavy
557,5,23,11468.7,14335.9,0.8584,ai_heavy
558,6,23,11928.4,14910.5,0.874,ai_heavy
559,7,23,10900.8,13625.9,0.8911,ai_heavy
560,8,23,12069.4,15086.8,0.9092,ai_heavy
561,9,23,11164.6,13955.7,0.9272,ai_heavy
562,10,23,11365.3,14206.6,0.9441,ai_heavy
563,11,23,11720.1,14650.1,0.9588,ai_heavy
564,12,23,12600.0,15750.0,0.9703,ai_heavy
565,13,23,12548.6,15685.8,0.9775,ai_heavy
566,14,23,12206.5,15258.2,0.98,ai_heavy
567,15,23,12075.2,15094.0,0.9775,ai_heavy
568,16,23,11263.9,14079.9,0.9703,ai_heavy
569,17,23,11959.7,14949.6,0.9588,ai_heavy
570,18,23,11673.7,14592.1,0.9441,ai_heavy
571,19,23,11539.8,14424.8,0.9272,ai_heavy
572,20,23,11842.2,14802.8,0.9092,ai_heavy
573,21,23,11579.3,14474.1,0.8911,ai_heavy
574,22,23,12010.4,15013.0,0.874,ai_heavy
575,23,23,10991.0,13738.8,0.8584,ai_heavy
576,0,24,11585.7,14482.1,0.8118,ai_heavy
577,1,24,11267.1,14083.9,0.8172,ai_heavy
578,2,24,11446.6,14308.2,0.8244,ai_heavy
579,3,24,11716.6,14645.7,0.8335,ai_heavy
580,4,24,11247.0,14058.7,0.8449,ai_heavy
581,5,24,11726.2,14657.8,0.8584,ai_heavy
582,6,24,11630.6,14538.2,0.874,ai_heavy
583,7,24,11512.5,14390.6,0.8911,ai_heavy
584,8,24,11621.1,14526.3,0.9092,ai_heavy
585,9,24,11774.8,14718.5,0.9272,ai_heavy
586,10,24,11595.9,14494.8,0.9441,ai_heavy
587,11,24,11906.2,14882.8,0.9588,ai_heavy
588,12,24,11830.9,14788.6,0.9703,ai_heavy
589,13,24,11728.3,14660.4,0.9775,ai_heavy
590,14,24,12523.3,15654.1,0.98,ai_heavy
591,15,24,12096.2,15120.3,0.9775,ai_heavy
592,16,24,11793.5,14741.8,0.9703,ai_heavy
593,17,24,11955.8,14944.7,0.9588,ai_heavy
594,18,24,11503.6,14379.6,0.9441,ai_heavy
595,19,24,11674.6,14593.3,0.9272,ai_heavy
596,20,24,11674.3,14592.9,0.9092,ai_heavy
597,21,24,11306.0,14132.4,0.8911,ai_heavy
598,22,24,11841.2,14801.5,0.874,ai_heavy
599,23,24,11491.7,14364.7,0.8584,ai_heavy
600,0,25,11436.4,14295.5,0.8118,ai_heavy
601,1,25,11374.8,14218.5,0.8172,ai_heavy
602,2,25,12600.0,15750.0,0.8244,ai_heavy
603,3,25,11379.7,14224.6,0.8335,ai_heavy
604,4,25,10914.8,13643.5,0.8449,ai_heavy
605,5,25,11108.7,13885.8,0.8584,ai_heavy
606,6,25,11971.8,14964.7,0.874,ai_heavy
607,7,25,12216.2,15270.2,0.8911,ai_heavy
608,8,25,11546.4,14433.0,0.9092,ai_heavy
609,9,25,12283.5,15354.4,0.9272,ai_heavy
610,10,25,12133.3,15166.7,0.9441,ai_heavy
611,11,25,11836.0,14795.1,0.9588,ai_heavy
612,12,25,11837.2,14796.5,0.9703,ai_heavy
613,13,25,12012.2,15015.3,0.9775,ai_heavy
614,14,25,12267.9,15334.8,0.98,ai_heavy
615,15,25,12089.8,15112.2,0.9775,ai_heavy
616,16,25,11688.2,14610.2,0.9703,ai_heavy
617,17,25,11841.5,14801.9,0.9588,ai_heavy
618,18,25,12574.8,15718.4,0.9441,ai_heavy
619,19,25,11918.8,14898.5,0.9272,ai_heavy
620,20,25,12094.9,15118.6,0.9092,ai_heavy
621,21,25,11935.5,14919.4,0.8911,ai_heavy
622,22,25,11801.2,14751.4,0.874,ai_heavy
623,23,25,11706.8,14633.5,0.8584,ai_heavy
624,0,26,11862.4,14828.0,0.8083,ai_heavy
625,1,26,11809.4,14761.8,0.812,ai_heavy
626,2,26,11663.5,14579.4,0.8171,ai_heavy
627,3,26,11345.8,14182.2,0.8235,ai_heavy
628,4,26,11739.8,14674.7,0.8314,ai_heavy
629,5,26,11604.3,14505.4,0.8409,ai_heavy
630,6,26,11545.4,14431.8,0.8518,ai_heavy
631,7,26,12600.0,15750.0,0.8638,ai_heavy
632,8,26,11170.1,13962.7,0.8764,ai_heavy
633,9,26,12077.9,15097.4,0.889,ai_heavy
634,10,26,11463.5,14329.4,0.9009,ai_heavy
635,11,26,11838.6,14798.3,0.9112,ai_heavy
636,12,26,12600.0,15750.0,0.9192,ai_heavy
637,13,26,11481.4,14351.8,0.9243,ai_heavy
638,14,26,11570.0,14462.5,0.926,ai_heavy
639,15,26,11816.6,14770.7,0.9243,ai_heavy
640,16,26,11510.7,14388.4,0.9192,ai_heavy
641,17,26,12104.9,15131.2,0.9112,ai_heavy
642,18,26,11579.4,14474.2,0.9009,ai_heavy
643,19,26,11970.7,14963.4,0.889,ai_heavy
644,20,26,11243.9,14054.8,0.8764,ai_heavy
645,21,26,11048.1,13810.1,0.8638,ai_heavy
646,22,26,11573.2,14466.5,0.8518,ai_heavy
647,23,26,11080.6,13850.7,0.8409,ai_heavy
648,0,27,12077.5,15096.9,0.8083,ai_heavy
649,1,27,11029.7,13787.1,0.812,ai_heavy
650,2,27,11211.7,14014.6,0.8171,ai_heavy
651,3,27,11730.7,14663.4,0.8235,ai_heavy
652,4,27,11401.4,14251.7,0.8314,ai_heavy
653,5,27,11098.1,13872.6,0.8409,ai_heavy
654,6,27,12366.4,15458.0,0.8518,ai_heavy
655,7,27,11330.3,14162.8,0.8638,ai_heavy
656,8,27,11641.9,14552.3,0.8764,ai_heavy
657,9,27,11666.7,14583.3,0.889,ai_heavy
658,10,27,12018.9,15023.6,0.9009,ai_heavy
659,11,27,11955.8,14944.7,0.9112,ai_heavy
660,12,27,11517.9,14397.4,0.9192,ai_heavy
661,13,27,11707.2,14634.0,0.9243,ai_heavy
662,14,27,11746.3,14682.9,0.926,ai_heavy
663,15,27,12088.4,15110.5,0.9243,ai_heavy
664,16,27,11396.9,14246.2,0.9192,ai_heavy
665,17,27,12506.1,15632.7,0.9112,ai_heavy
666,18,27,11500.1,14375.1,0.9009,ai_heavy
667,19,27,11737.3,14671.6,0.889,ai_heavy
668,20,27,11303.3,14129.1,0.8764,ai_heavy
669,21,27,11226.4,14033.0,0.8638,ai_heavy
670,22,27,11347.5,14184.4,0.8518,ai_heavy
671,23,27,11289.2,14111.5,0.8409,ai_heavy
672,0,28,11416.0,14270.0,0.8118,ai_heavy
673,1,28,11232.4,14040.5,0.8172,ai_heavy
674,2,28,11830.8,14788.5,0.8244,ai_heavy
675,3,28,11337.7,14172.2,0.8335,ai_heavy
676,4,28,11325.0,14156.2,0.8449,ai_heavy
677,5,28,11531.2,14414.0,0.8584,ai_heavy
678,6,28,12053.8,15067.3,0.874,ai_heavy
679,7,28,11821.0,14776.2,0.8911,ai_heavy
680,8,28,11752.2,14690.3,0.9092,ai_heavy
681,9,28,11321.1,14151.3,0.9272,ai_heavy
682,10,28,11462.4,14328.0,0.9441,ai_heavy
683,11,28,11447.2,14309.0,0.9588,ai_heavy
684,12,28,12398.2,15497.7,0.9703,ai_heavy
685,13,28,12137.6,15171.9,0.9775,ai_heavy
686,14,28,11644.2,14555.3,0.98,ai_heavy
687,15,28,11745.1,14681.4,0.9775,ai_heavy
688,16,28,11635.1,14543.8,0.9703,ai_heavy
689,17,28,11587.4,14484.2,0.9588,ai_heavy
690,18,28,12033.2,15041.5,0.9441,ai_heavy
691,19,28,11727.6,14659.5,0.9272,ai_heavy
692,20,28,12523.4,15654.3,0.9092,ai_heavy
693,21,28,12185.8,15232.3,0.8911,ai_heavy
694,22,28,12165.0,15206.2,0.874,ai_heavy
695,23,28,11903.8,14879.7,0.8584,ai_heavy
696,0,29,11413.1,14266.4,0.8118,ai_heavy
697,1,29,11779.8,14724.8,0.8172,ai_heavy
698,2,29,11467.7,14334.7,0.8244,ai_heavy
699,3,29,12178.3,15222.9,0.8335,ai_heavy
700,4,29,11778.2,14722.7,0.8449,ai_heavy
701,5,29,11760.6,14700.7,0.8584,ai_heavy
702,6,29,11749.8,14687.2,0.874,ai_heavy
703,7,29,12358.5,15448.1,0.8911,ai_heavy
704,8,29,11280.5,14100.6,0.9092,ai_heavy
705,9,29,12482.0,15602.5,0.9272,ai_heavy
706,10,29,11803.0,14753.7,0.9441,ai_heavy
707,11,29,11401.6,14251.9,0.9588,ai_heavy
708,12,29,11661.2,14576.5,0.9703,ai_heavy
709,13,29,11355.7,14194.6,0.9775,ai_heavy
710,14,29,12187.6,15234.5,0.98,ai_heavy
711,15,29,11575.2,14469.1,0.9775,ai_heavy
712,16,29,11990.8,14988.5,0.9703,ai_heavy
713,17,29,12308.7,15385.9,0.9588,ai_heavy
714,18,29,11630.0,14537.5,0.9441,ai_heavy
715,19,29,11734.5,14668.1,0.9272,ai_heavy
716,20,29,11326.6,14158.2,0.9092,ai_heavy
717,21,29,11608.4,14510.5,0.8911,ai_heavy
718,22,29,12600.0,15750.0,0.874,ai_heavy
719,23,29,11941.1,14926.3,0.8584,ai_heavy
720,0,30,11467.9,14334.8,0.8118,ai_heavy
721,1,30,11359.9,14199.9,0.8172,ai_heavy
722,2,30,11574.2,14467.7,0.8244,ai_heavy
723,3,30,11655.8,14569.7,0.8335,ai_heavy
724,4,30,11490.7,14363.4,0.8449,ai_heavy
725,5,30,11854.3,14817.9,0.8584,ai_heavy
726,6,30,11370.4,14212.9,0.874,ai_heavy
727,7,30,11407.6,14259.5,0.8911,ai_heavy
728,8,30,11918.4,14898.0,0.9092,ai_heavy
729,9,30,11414.9,14268.6,0.9272,ai_heavy
730,10,30,12128.9,15161.1,0.9441,ai_heavy
731,11,30,11898.6,14873.3,0.9588,ai_heavy
732,12,30,11276.2,14095.3,0.9703,ai_heavy
733,13,30,11986.6,14983.3,0.9775,ai_heavy
734,14,30,11348.9,14186.1,0.98,ai_heavy
735,15,30,12195.9,15244.9,0.9775,ai_heavy
736,16,30,11841.4,14801.8,0.9703,ai_heavy
737,17,30,12564.8,15705.9,0.9588,ai_heavy
738,18,30,12250.7,15313.4,0.9441,ai_heavy
739,19,30,11453.2,14316.5,0.9272,ai_heavy
740,20,30,11072.9,13841.1,0.9092,ai_heavy
741,21,30,11479.2,14349.0,0.8911,ai_heavy
742,22,30,11276.3,14095.4,0.874,ai_heavy
743,23,30,12307.9,15384.8,0.8584,ai_heavy
744,0,31,11556.1,14445.1,0.8118,ai_heavy
745,1,31,11896.3,14870.4,0.8172,ai_heavy
746,2,31,11489.9,14362.4,0.8244,ai_heavy
747,3,31,11547.9,14434.8,0.8335,ai_heavy
748,4,31,11625.6,14532.0,0.8449,ai_heavy
749,5,31,12056.1,15070.1,0.8584,ai_heavy
750,6,31,11814.6,14768.2,0.874,ai_heavy
751,7,31,11372.7,14215.9,0.8911,ai_heavy
752,8,31,12361.2,15451.5,0.9092,ai_heavy
753,9,31,11725.7,14657.2,0.9272,ai_heavy
754,10,31,11707.1,14633.8,0.9441,ai_heavy
755,11,31,10893.3,13616.6,0.9588,ai_heavy
756,12,31,12157.5,15196.9,0.9703,ai_heavy
757,13,31,11983.6,14979.5,0.9775,ai_heavy
758,14,31,11989.0,14986.3,0.98,ai_heavy
759,15,31,11803.0,14753.8,0.9775,ai_heavy
760,16,31,11724.6,14655.7,0.9703,ai_heavy
761,17,31,11771.7,14714.7,0.9588,ai_heavy
762,18,31,12034.2,15042.7,0.9441,ai_heavy
763,19,31,12056.5,15070.6,0.9272,ai_heavy
764,20,31,11705.8,14632.2,0.9092,ai_heavy
765,21,31,12079.6,15099.5,0.8911,ai_heavy
766,22,31,11677.4,14596.8,0.874,ai_heavy
767,23,31,11492.2,14365.3,0.8584,ai_heavy
768,0,32,11628.5,14535.6,0.8118,ai_heavy
769,1,32,11100.3,13875.4,0.8172,ai_heavy
770,2,32,11669.9,14587.4,0.8244,ai_heavy
771,3,32,11073.3,13841.6,0.8335,ai_heavy
772,4,32,11278.2,14097.8,0.8449,ai_heavy
773,5,32,10962.1,13702.6,0.8584,ai_heavy
774,6,32,11643.7,14554.6,0.874,ai_heavy
775,7,32,12312.4,15390.5,0.8911,ai_heavy
776,8,32,11746.1,14682.6,0.9092,ai_heavy
777,9,32,12058.0,15072.6,0.9272,ai_heavy
778,10,32,12600.0,15750.0,0.9441,ai_heavy
779,11,32,12048.0,15060.0,0.9588,ai_heavy
780,12,32,11656.6,14570.7,0.9703,ai_heavy
781,13,32,11722.5,14653.1,0.9775,ai_heavy
782,14,32,11953.4,14941.8,0.98,ai_heavy
783,15,32,11720.5,14650.7,0.9775,ai_heavy
784,16,32,11730.7,14663.4,0.9703,ai_heavy
785,17,32,12255.6,15319.4,0.9588,ai_heavy
786,18,32,12234.7,15293.3,0.9441,ai_heavy
787,19,32,11245.2,14056.5,0.9272,ai_heavy
788,20,32,11498.1,14372.7,0.9092,ai_heavy
789,21,32,11581.8,14477.2,0.8911,ai_heavy
790,22,32,11915.5,14894.4,0.874,ai_heavy
791,23,32,12068.9,15086.1,0.8584,ai_heavy
792,0,33,12487.7,15609.7,0.8083,ai_heavy
793,1,33,11398.7,14248.4,0.812,ai_heavy
794,2,33,11427.6,14284.5,0.8171,ai_heavy
795,3,33,11791.5,14739.4,0.8235,ai_heavy
796,4,33,11368.0,14210.0,0.8314,ai_heavy
797,5,33,11578.5,14473.2,0.8409,ai_heavy
798,6,33,11508.1,14385.1,0.8518,ai_heavy
799,7,33,10762.6,13453.2,0.8638,ai_heavy
800,8,33,11754.1,14692.7,0.8764,ai_heavy
801,9,33,11676.1,14595.1,0.889,ai_heavy
802,10,33,12216.9,15271.1,0.9009,ai_heavy
803,11,33,11794.1,14742.7,0.9112,ai_heavy
804,12,33,11366.3,14207.9,0.9192,ai_heavy
805,13,33,11731.2,14664.0,0.9243,ai_heavy
806,14,33,11084.9,13856.1,0.926,ai_heavy
807,15,33,11393.3,14241.6,0.9243,ai_heavy
808,16,33,12036.1,15045.1,0.9192,ai_heavy
809,17,33,11704.7,14630.9,0.9112,ai_heavy
810,18,33,12093.8,15117.2,0.9009,ai_heavy
811,19,33,11047.6,13809.5,0.889,ai_heavy
812,20,33,11625.6,14532.1,0.8764,ai_heavy
813,21,33,11514.7,14393.3,0.8638,ai_heavy
814,22,33,11987.4,14984.2,0.8518,ai_heavy
815,23,33,11862.4,14828.0,0.8409,ai_heavy
816,0,34,11773.9,14717.4,0.8083,ai_heavy
817,1,34,12094.8,15118.5,0.812,ai_heavy
818,2,34,11444.1,14305.1,0.8171,ai_heavy
819,3,34,12051.0,15063.8,0.8235,ai_heavy
820,4,34,11242.0,14052.5,0.8314,ai_heavy
821,5,34,11250.7,14063.3,0.8409,ai_heavy
822,6,34,11916.4,14895.5,0.8518,ai_heavy
823,7,34,11154.0,13942.5,0.8638,ai_heavy
824,8,34,11912.1,14890.1,0.8764,ai_heavy
825,9,34,11776.0,14720.0,0.889,ai_heavy
826,10,34,12146.5,15183.1,0.9009,ai_heavy
827,11,34,11771.2,14714.0,0.9112,ai_heavy
828,12,34,11830.8,14788.5,0.9192,ai_heavy
829,13,34,12003.4,15004.3,0.9243,ai_heavy
830,14,34,11591.7,14489.7,0.926,ai_heavy
831,15,34,11572.3,14465.4,0.9243,ai_heavy
832,16,34,11979.0,14973.8,0.9192,ai_heavy
833,17,34,11781.8,14727.3,0.9112,ai_heavy
834,18,34,11624.3,14530.4,0.9009,ai_heavy
835,19,34,11711.2,14639.0,0.889,ai_heavy
836,20,34,12271.0,15338.8,0.8764,ai_heavy
837,21,34,11526.0,14407.5,0.8638,ai_heavy
838,22,34,11488.2,14360.2,0.8518,ai_heavy
839,23,34,11032.1,13790.1,0.8409,ai_heavy
840,0,35,11545.0,14431.2,0.8118,ai_heavy
841,1,35,11800.3,14750.4,0.8172,ai_heavy
842,2,35,11879.7,14849.7,0.8244,ai_heavy
843,3,35,11648.2,14560.2,0.8335,ai_heavy
844,4,35,11970.7,14963.4,0.8449,ai_heavy
845,5,35,11924.7,14905.9,0.8584,ai_heavy
846,6,35,12096.0,15120.0,0.874,ai_heavy
847,7,35,12092.1,15115.1,0.8911,ai_heavy
848,8,35,12342.7,15428.3,0.9092,ai_heavy
849,9,35,11769.4,14711.8,0.9272,ai_heavy
850,10,35,11396.7,14245.9,0.9441,ai_heavy
851,11,35,12140.7,15175.9,0.9588,ai_heavy
852,12,35,12209.8,15262.3,0.9703,ai_heavy
853,13,35,12510.1,15637.6,0.9775,ai_heavy
854,14,35,12412.7,15515.8,0.98,ai_heavy
855,15,35,12600.0,15750.0,0.9775,ai_heavy
856,16,35,12152.3,15190.4,0.9703,ai_heavy
857,17,35,11985.4,14981.8,0.9588,ai_heavy
858,18,35,11376.1,14220.1,0.9441,ai_heavy
859,19,35,11939.0,14923.7,0.9272,ai_heavy
860,20,35,11592.1,14490.1,0.9092,ai_heavy
861,21,35,11819.8,14774.7,0.8911,ai_heavy
862,22,35,11724.3,14655.4,0.874,ai_heavy
863,23,35,11833.9,14792.3,0.8584,ai_heavy
864,0,36,11525.9,14407.4,0.8118,ai_heavy
865,1,36,11896.9,14871.1,0.8172,ai_heavy
866,2,36,10642.2,13302.8,0.8244,ai_heavy
867,3,36,11676.6,14595.8,0.8335,ai_heavy
868,4,36,12056.8,15071.0,0.8449,ai_heavy
869,5,36,12323.4,15404.2,0.8584,ai_heavy
870,6,36,11962.2,14952.7,0.874,ai_heavy
871,7,36,12339.0,15423.7,0.8911,ai_heavy
872,8,36,11847.2,14809.0,0.9092,ai_heavy
873,9,36,11830.7,14788.3,0.9272,ai_heavy
874,10,36,12057.8,15072.2,0.9441,ai_heavy
875,11,36,11902.6,14878.2,0.9588,ai_heavy
876,12,36,11650.4,14563.0,0.9703,ai_heavy
877,13,36,11762.7,14703.4,0.9775,ai_heavy
878,14,36,11554.4,14443.0,0.98,ai_heavy
879,15,36,12136.8,15171.0,0.9775,ai_heavy
880,16,36,11934.5,14918.1,0.9703,ai_heavy
881,17,36,11775.0,14718.8,0.9588,ai_heavy
882,18,36,11667.5,14584.4,0.9441,ai_heavy
883,19,36,12008.9,15011.1,0.9272,ai_heavy
884,20,36,12063.5,15079.3,0.9092,ai_heavy
885,21,36,11346.9,14183.7,0.8911,ai_heavy
886,22,36,11253.0,14066.2,0.874,ai_heavy
887,23,36,12002.9,15003.6,0.8584,ai_heavy
888,0,37,11082.8,13853.5,0.8118,ai_heavy
889,1,37,11762.4,14702.9,0.8172,ai_heavy
890,2,37,12151.2,15188.9,0.8244,ai_heavy
891,3,37,12174.5,15218.1,0.8335,ai_heavy
892,4,37,11894.6,14868.3,0.8449,ai_heavy
893,5,37,11916.9,14896.1,0.8584,ai_heavy
894,6,37,12495.9,15619.9,0.874,ai_heavy
895,7,37,10922.7,13653.4,0.8911,ai_heavy
896,8,37,11623.3,14529.1,0.9092,ai_heavy
897,9,37,12130.8,15163.5,0.9272,ai_heavy
898,10,37,11749.2,14686.5,0.9441,ai_heavy
899,11,37,12346.4,15433.1,0.9588,ai_heavy
900,12,37,11916.4,14895.4,0.9703,ai_heavy
901,13,37,11994.6,14993.3,0.9775,ai_heavy
902,14,37,11854.7,14818.4,0.98,ai_heavy
903,15,37,11760.1,14700.1,0.9775,ai_heavy
904,16,37,11734.6,14668.3,0.9703,ai_heavy
905,17,37,12000.5,15000.7,0.9588,ai_heavy
906,18,37,11593.5,14491.8,0.9441,ai_heavy
907,19,37,12167.9,15209.9,0.9272,ai_heavy
908,20,37,12018.5,15023.1,0.9092,ai_heavy
909,21,37,12132.7,15165.8,0.8911,ai_heavy
910,22,37,11308.7,14135.9,0.874,ai_heavy
911,23,37,11073.8,13842.3,0.8584,ai_heavy
912,0,38,11558.2,14447.8,0.8118,ai_heavy
913,1,38,12578.7,15723.3,0.8172,ai_heavy
914,2,38,12029.2,15036.5,0.8244,ai_heavy
915,3,38,11417.3,14271.7,0.8335,ai_heavy
916,4,38,11785.2,14731.5,0.8449,ai_heavy
917,5,38,11923.4,14904.3,0.8584,ai_heavy
918,6,38,11224.6,14030.8,0.874,ai_heavy
919,7,38,12227.9,15284.8,0.8911,ai_heavy
920,8,38,11728.3,14660.3,0.9092,ai_heavy
921,9,38,11797.5,14746.8,0.9272,ai_heavy
922,10,38,11877.7,14847.2,0.9441,ai_heavy
923,11,38,12312.4,15390.5,0.9588,ai_heavy
924,12,38,11660.1,14575.2,0.9703,ai_heavy
925,13,38,11335.6,14169.5,0.9775,ai_heavy
926,14,38,12069.0,15086.3,0.98,ai_heavy
927,15,38,11214.9,14018.6,0.9775,ai_heavy
928,16,38,11822.7,14778.3,0.9703,ai_heavy
929,17,38,12327.6,15409.4,0.9588,ai_heavy
930,18,38,12075.5,15094.3,0.9441,ai_heavy
931,19,38,12199.6,15249.5,0.9272,ai_heavy
932,20,38,12006.8,15008.6,0.9092,ai_heavy
933,21,38,12594.6,15743.2,0.8911,ai_heavy
934,22,38,11498.6,14373.2,0.874,ai_heavy
935,23,38,11808.1,14760.1,0.8584,ai_heavy
936,0,39,11407.7,14259.7,0.8118,ai_heavy
937,1,39,11904.5,14880.6,0.8172,ai_heavy
938,2,39,11567.6,14459.5,0.8244,ai_heavy
939,3,39,12209.2,15261.4,0.8335,ai_heavy
940,4,39,11451.7,14314.6,0.8449,ai_heavy
941,5,39,12161.3,15201.7,0.8584,ai_heavy
942,6,39,11913.4,14891.8,0.874,ai_heavy
943,7,39,11733.8,14667.3,0.8911,ai_heavy
944,8,39,11979.3,14974.1,0.9092,ai_heavy
945,9,39,11922.4,14903.0,0.9272,ai_heavy
946,10,39,11996.0,14995.0,0.9441,ai_heavy
947,11,39,11829.8,14787.3,0.9588,ai_heavy
948,12,39,11679.3,14599.2,0.9703,ai_heavy
949,13,39,11827.3,14784.1,0.9775,ai_heavy
950,14,39,11349.6,14187.0,0.98,ai_heavy
951,15,39,12249.2,15311.5,0.9775,ai_heavy
952,16,39,11488.4,14360.4,0.9703,ai_heavy
953,17,39,11826.0,14782.5,0.9588,ai_heavy
954,18,39,12100.0,15125.0,0.9441,ai_heavy
955,19,39,12127.5,15159.4,0.9272,ai_heavy
956,20,39,11159.9,13949.9,0.9092,ai_heavy
957,21,39,11712.9,14641.1,0.8911,ai_heavy
958,22,39,11866.6,14833.3,0.874,ai_heavy
959,23,39,11687.0,14608.7,0.8584,ai_heavy
960,0,40,12017.2,15021.4,0.8083,ai_heavy
961,1,40,11275.2,14094.0,0.812,ai_heavy
962,2,40,10860.6,13575.7,0.8171,ai_heavy
963,3,40,11868.6,14835.7,0.8235,ai_heavy
964,4,40,11418.5,14273.2,0.8314,ai_heavy
965,5,40,11014.3,13767.9,0.8409,ai_heavy
966,6,40,11597.8,14497.2,0.8518,ai_heavy
967,7,40,12112.5,15140.7,0.8638,ai_heavy
968,8,40,11267.0,14083.8,0.8764,ai_heavy
969,9,40,12563.1,15703.9,0.889,ai_heavy
970,10,40,11472.3,14340.4,0.9009,ai_heavy
971,11,40,11823.0,14778.7,0.9112,ai_heavy
972,12,40,11378.9,14223.7,0.9192,ai_heavy
973,13,40,11837.5,14796.9,0.9243,ai_heavy
974,14,40,11779.4,14724.2,0.926,ai_heavy
975,15,40,11294.5,14118.1,0.9243,ai_heavy
976,16,40,12600.0,15750.0,0.9192,ai_heavy
977,17,40,11617.0,14521.2,0.9112,ai_heavy
978,18,40,11593.5,14491.9,0.9009,ai_heavy
979,19,40,12081.7,15102.1,0.889,ai_heavy
980,20,40,12348.2,15435.3,0.8764,ai_heavy
981,21,40,12076.0,15095.0,0.8638,ai_heavy
982,22,40,11233.3,14041.6,0.8518,ai_heavy
983,23,40,11702.3,14627.9,0.8409,ai_heavy
984,0,41,10899.4,13624.3,0.8083,ai_heavy
985,1,41,11872.9,14841.1,0.812,ai_heavy
986,2,41,11004.2,13755.3,0.8171,ai_heavy
987,3,41,11307.7,14134.7,0.8235,ai_heavy
988,4,41,11604.4,14505.5,0.8314,ai_heavy
989,5,41,11783.0,14728.7,0.8409,ai_heavy
990,6,41,11562.0,14452.5,0.8518,ai_heavy
991,7,41,12213.6,15267.0,0.8638,ai_heavy
992,8,41,11964.9,14956.2,0.8764,ai_heavy
993,9,41,11967.4,14959.3,0.889,ai_heavy
994,10,41,11334.1,14167.6,0.9009,ai_heavy
995,11,41,12393.4,15491.7,0.9112,ai_heavy
996,12,41,11526.4,14407.9,0.9192,ai_heavy
997,13,41,12439.1,15548.8,0.9243,ai_heavy
998,14,41,12544.3,15680.4,0.926,ai_heavy
999,15,41,12004.6,15005.8,0.9243,ai_heavy
1000,16,41,12176.6,15220.7,0.9192,ai_heavy
1001,17,41,10701.6,13377.0,0.9112,ai_heavy
1002,18,41,11699.2,14624.1,0.9009,ai_heavy
1003,19,41,12128.5,15160.7,0.889,ai_heavy
1004,20,41,12035.6,15044.5,0.8764,ai_heavy
1005,21,41,11253.8,14067.3,0.8638,ai_heavy
1006,22,41,11550.5,14438.2,0.8518,ai_heavy
1007,23,41,10743.0,13428.7,0.8409,ai_heavy
1008,0,42,11702.9,14628.6,0.8118,ai_heavy
1009,1,42,10918.4,13648.1,0.8172,ai_heavy
1010,2,42,11982.0,14977.5,0.8244,ai_heavy
1011,3,42,12022.4,15028.0,0.8335,ai_heavy
1012,4,42,11471.4,14339.3,0.8449,ai_heavy
1013,5,42,11851.2,14814.0,0.8584,ai_heavy
1014,6,42,11628.9,14536.2,0.874,ai_heavy
1015,7,42,11830.5,14788.1,0.8911,ai_heavy
1016,8,42,11381.8,14227.2,0.9092,ai_heavy
1017,9,42,12050.6,15063.2,0.9272,ai_heavy
1018,10,42,11284.9,14106.1,0.9441,ai_heavy
1019,11,42,11250.2,14062.8,0.9588,ai_heavy
1020,12,42,11886.8,14858.5,0.9703,ai_heavy
1021,13,42,11871.7,14839.6,0.9775,ai_heavy
1022,14,42,12050.8,15063.6,0.98,ai_heavy
1023,15,42,11714.6,14643.2,0.9775,ai_heavy
1024,16,42,12600.0,15750.0,0.9703,ai_heavy
1025,17,42,11961.1,14951.3,0.9588,ai_heavy
1026,18,42,11952.2,14940.2,0.9441,ai_heavy
1027,19,42,11899.6,14874.5,0.9272,ai_heavy
1028,20,42,12142.1,15177.7,0.9092,ai_heavy
1029,21,42,11948.2,14935.3,0.8911,ai_heavy
1030,22,42,11860.4,14825.5,0.874,ai_heavy
1031,23,42,11926.4,14908.0,0.8584,ai_heavy
1032,0,43,10926.9,13658.7,0.8118,ai_heavy
1033,1,43,10951.9,13689.9,0.8172,ai_heavy
1034,2,43,11562.6,14453.2,0.8244,ai_heavy
1035,3,43,11541.6,14427.0,0.8335,ai_heavy
1036,4,43,11839.4,14799.3,0.8449,ai_heavy
1037,5,43,11675.8,14594.7,0.8584,ai_heavy
1038,6,43,11909.5,14886.9,0.874,ai_heavy
1039,7,43,11306.4,14133.0,0.8911,ai_heavy
1040,8,43,11783.7,14729.6,0.9092,ai_heavy
1041,9,43,11353.7,14192.1,0.9272,ai_heavy
1042,10,43,12007.0,15008.8,0.9441,ai_heavy
1043,11,43,11233.0,14041.2,0.9588,ai_heavy
1044,12,43,12055.1,15068.9,0.9703,ai_heavy
1045,13,43,11420.9,14276.1,0.9775,ai_heavy
1046,14,43,11815.7,14769.6,0.98,ai_heavy
1047,15,43,12268.2,15335.2,0.9775,ai_heavy
1048,16,43,12011.8,15014.8,0.9703,ai_heavy
1049,17,43,11316.0,14145.0,0.9588,ai_heavy
1050,18,43,11629.8,14537.3,0.9441,ai_heavy
1051,19,43,11296.8,14121.0,0.9272,ai_heavy
1052,20,43,11188.2,13985.2,0.9092,ai_heavy
1053,21,43,11786.7,14733.4,0.8911,ai_heavy
1054,22,43,11901.9,14877.4,0.874,ai_heavy
1055,23,43,11823.0,14778.7,0.8584,ai_heavy
1056,0,44,11768.7,14710.8,0.8118,ai_heavy
1057,1,44,11568.1,14460.2,0.8172,ai_heavy
1058,2,44,11494.0,14367.4,0.8244,ai_heavy
1059,3,44,11236.7,14045.9,0.8335,ai_heavy
1060,4,44,11483.4,14354.2,0.8449,ai_heavy
1061,5,44,11206.2,14007.7,0.8584,ai_heavy
1062,6,44,11408.4,14260.5,0.874,ai_heavy
1063,7,44,11776.6,14720.8,0.8911,ai_heavy
1064,8,44,11745.8,14682.3,0.9092,ai_heavy
1065,9,44,12600.0,15750.0,0.9272,ai_heavy
1066,10,44,11390.1,14237.6,0.9441,ai_heavy
1067,11,44,11859.0,14823.8,0.9588,ai_heavy
1068,12,44,11420.9,14276.1,0.9703,ai_heavy
1069,13,44,11808.4,14760.5,0.9775,ai_heavy
1070,14,44,11828.7,14785.9,0.98,ai_heavy
1071,15,44,12250.2,15312.8,0.9775,ai_heavy
1072,16,44,11769.5,14711.9,0.9703,ai_heavy
1073,17,44,11835.4,14794.2,0.9588,ai_heavy
1074,18,44,11716.0,14645.1,0.9441,ai_heavy
1075,19,44,11332.4,14165.5,0.9272,ai_heavy
1076,20,44,11556.9,14446.1,0.9092,ai_heavy
1077,21,44,11610.7,14513.4,0.8911,ai_heavy
1078,22,44,11731.1,14663.9,0.874,ai_heavy
1079,23,44,11864.4,14830.5,0.8584,ai_heavy
1080,0,45,11478.3,14347.9,0.8118,ai_heavy
1081,1,45,11484.7,14355.9,0.8172,ai_heavy
1082,2,45,10990.7,13738.4,0.8244,ai_heavy
1083,3,45,11798.5,14748.1,0.8335,ai_heavy
1084,4,45,11394.1,14242.6,0.8449,ai_heavy
1085,5,45,11930.3,14912.9,0.8584,ai_heavy
1086,6,45,12167.4,15209.3,0.874,ai_heavy
1087,7,45,11679.1,14598.8,0.8911,ai_heavy
1088,8,45,11425.6,14282.0,0.9092,ai_heavy
1089,9,45,11823.7,14779.6,0.9272,ai_heavy
1090,10,45,11993.4,14991.8,0.9441,ai_heavy
1091,11,45,11791.0,14738.8,0.9588,ai_heavy
1092,12,45,11728.6,14660.7,0.9703,ai_heavy
1093,13,45,12149.4,15186.7,0.9775,ai_heavy
1094,14,45,12131.6,15164.5,0.98,ai_heavy
1095,15,45,11823.3,14779.1,0.9775,ai_heavy
1096,16,45,11338.4,14173.0,0.9703,ai_heavy
1097,17,45,12066.7,15083.4,0.9588,ai_heavy
1098,18,45,11596.0,14495.1,0.9441,ai_heavy
1099,19,45,11905.7,14882.1,0.9272,ai_heavy
1100,20,45,11840.9,14801.2,0.9092,ai_heavy
1101,21,45,11079.7,13849.6,0.8911,ai_heavy
1102,22,45,11733.6,14667.0,0.874,ai_heavy
1103,23,45,11848.9,14811.1,0.8584,ai_heavy
1104,0,46,11780.6,14725.8,0.8118,ai_heavy
1105,1,46,11613.0,14516.3,0.8172,ai_heavy
1106,2,46,10901.6,13627.0,0.8244,ai_heavy
1107,3,46,12055.3,15069.1,0.8335,ai_heavy
1108,4,46,11780.5,14725.6,0.8449,ai_heavy
1109,5,46,11247.5,14059.4,0.8584,ai_heavy
1110,6,46,11428.5,14285.7,0.874,ai_heavy
1111,7,46,11826.7,14783.4,0.8911,ai_heavy
1112,8,46,12027.9,15034.8,0.9092,ai_heavy
1113,9,46,11656.5,14570.6,0.9272,ai_heavy
1114,10,46,12163.2,15204.0,0.9441,ai_heavy
1115,11,46,11263.5,14079.4,0.9588,ai_heavy
1116,12,46,11557.3,14446.7,0.9703,ai_heavy
1117,13,46,11207.5,14009.3,0.9775,ai_heavy
1118,14,46,11631.4,14539.2,0.98,ai_heavy
1119,15,46,12487.9,15609.9,0.9775,ai_heavy
1120,16,46,12600.0,15750.0,0.9703,ai_heavy
1121,17,46,11987.5,14984.4,0.9588,ai_heavy
1122,18,46,11641.9,14552.4,0.9441,ai_heavy
1123,19,46,11751.0,14688.7,0.9272,ai_heavy
1124,20,46,11954.9,14943.6,0.9092,ai_heavy
1125,21,46,11194.5,13993.2,0.8911,ai_heavy
1126,22,46,11504.1,14380.2,0.874,ai_heavy
1127,23,46,12171.0,15213.8,0.8584,ai_heavy
1128,0,47,11189.0,13986.2,0.8083,ai_heavy
1129,1,47,11300.4,14125.5,0.812,ai_heavy
1130,2,47,11576.5,14470.6,0.8171,ai_heavy
1131,3,47,11685.3,14606.7,0.8235,ai_heavy
1132,4,47,11387.9,14234.9,0.8314,ai_heavy
1133,5,47,11654.6,14568.2,0.8409,ai_heavy
1134,6,47,11865.7,14832.2,0.8518,ai_heavy
1135,7,47,12368.7,15460.8,0.8638,ai_heavy
1136,8,47,11666.5,14583.1,0.8764,ai_heavy
1137,9,47,11725.8,14657.3,0.889,ai_heavy
1138,10,47,12307.3,15384.2,0.9009,ai_heavy
1139,11,47,11597.9,14497.4,0.9112,ai_heavy
1140,12,47,11341.7,14177.1,0.9192,ai_heavy
1141,13,47,11911.5,14889.4,0.9243,ai_heavy
1142,14,47,12208.7,15260.8,0.926,ai_heavy
1143,15,47,11950.8,14938.5,0.9243,ai_heavy
1144,16,47,11776.5,14720.7,0.9192,ai_heavy
1145,17,47,11279.8,14099.8,0.9112,ai_heavy
1146,18,47,11747.5,14684.4,0.9009,ai_heavy
1147,19,47,12174.7,15218.3,0.889,ai_heavy
1148,20,47,11277.3,14096.6,0.8764,ai_heavy
1149,21,47,11595.5,14494.4,0.8638,ai_heavy
1150,22,47,11517.7,14397.2,0.8518,ai_heavy
1151,23,47,11384.3,14230.4,0.8409,ai_heavy
1152,0,48,11637.3,14546.6,0.8083,ai_heavy
1153,1,48,11713.9,14642.4,0.812,ai_heavy
1154,2,48,11722.2,14652.7,0.8171,ai_heavy
1155,3,48,11247.4,14059.2,0.8235,ai_heavy
1156,4,48,11032.4,13790.6,0.8314,ai_heavy
1157,5,48,11719.2,14649.1,0.8409,ai_heavy
1158,6,48,11476.3,14345.4,0.8518,ai_heavy
1159,7,48,12325.5,15406.9,0.8638,ai_heavy
1160,8,48,12372.9,15466.1,0.8764,ai_heavy
1161,9,48,12441.5,15551.9,0.889,ai_heavy
1162,10,48,11436.2,14295.2,0.9009,ai_heavy
1163,11,48,11993.6,14992.0,0.9112,ai_heavy
1164,12,48,12119.5,15149.4,0.9192,ai_heavy
1165,13,48,12091.7,15114.7,0.9243,ai_heavy
1166,14,48,11701.1,14626.4,0.926,ai_heavy
1167,15,48,12276.5,15345.6,0.9243,ai_heavy
1168,16,48,11811.1,14763.8,0.9192,ai_heavy
1169,17,48,11837.5,14796.9,0.9112,ai_heavy
1170,18,48,11225.2,14031.5,0.9009,ai_heavy
1171,19,48,11967.4,14959.3,0.889,ai_heavy
1172,20,48,11619.3,14524.2,0.8764,ai_heavy
1173,21,48,11844.2,14805.2,0.8638,ai_heavy
1174,22,48,11735.4,14669.3,0.8518,ai_heavy
1175,23,48,11690.8,14613.5,0.8409,ai_heavy
1176,0,49,11543.8,14429.8,0.8118,ai_heavy
1177,1,49,11845.4,14806.7,0.8172,ai_heavy
1178,2,49,11519.9,14399.8,0.8244,ai_heavy
1179,3,49,11103.6,13879.5,0.8335,ai_heavy
1180,4,49,11835.7,14794.6,0.8449,ai_heavy
1181,5,49,11385.5,14231.9,0.8584,ai_heavy
1182,6,49,11240.1,14050.2,0.874,ai_heavy
1183,7,49,11385.1,14231.3,0.8911,ai_heavy
1184,8,49,11887.7,14859.6,0.9092,ai_heavy
1185,9,49,11795.4,14744.2,0.9272,ai_heavy
1186,10,49,11109.9,13887.3,0.9441,ai_heavy
1187,11,49,11766.7,14708.4,0.9588,ai_heavy
1188,12,49,12348.9,15436.2,0.9703,ai_heavy
1189,13,49,11785.6,14732.0,0.9775,ai_heavy
1190,14,49,11893.9,14867.3,0.98,ai_heavy
1191,15,49,12321.2,15401.5,0.9775,ai_heavy
1192,16,49,12215.2,15268.9,0.9703,ai_heavy
1193,17,49,12268.6,15335.7,0.9588,ai_heavy
1194,18,49,10882.0,13602.5,0.9441,ai_heavy
1195,19,49,12444.8,15556.1,0.9272,ai_heavy
1196,20,49,12012.5,15015.6,0.9092,ai_heavy
1197,21,49,12600.0,15750.0,0.8911,ai_heavy
1198,22,49,11430.4,14288.1,0.874,ai_heavy
1199,23,49,11051.4,13814.3,0.8584,ai_heavy
1200,0,50,11562.2,14452.7,0.8118,ai_heavy
1201,1,50,11476.7,14345.9,0.8172,ai_heavy
1202,2,50,11816.3,14770.3,0.8244,ai_heavy
1203,3,50,11984.9,14981.1,0.8335,ai_heavy
1204,4,50,11606.6,14508.2,0.8449,ai_heavy
1205,5,50,11584.5,14480.6,0.8584,ai_heavy
1206,6,50,11888.7,14860.9,0.874,ai_heavy
1207,7,50,11654.9,14568.7,0.8911,ai_heavy
1208,8,50,11667.2,14584.1,0.9092,ai_heavy
1209,9,50,12197.7,15247.1,0.9272,ai_heavy
1210,10,50,12317.8,15397.3,0.9441,ai_heavy
1211,11,50,12290.8,15363.5,0.9588,ai_heavy
1212,12,50,11870.2,14837.8,0.9703,ai_heavy
1213,13,50,11180.4,13975.6,0.9775,ai_heavy
1214,14,50,11900.1,14875.1,0.98,ai_heavy
1215,15,50,11675.7,14594.6,0.9775,ai_heavy
1216,16,50,11884.0,14855.0,0.9703,ai_heavy
1217,17,50,11664.1,14580.1,0.9588,ai_heavy
1218,18,50,11861.9,14827.4,0.9441,ai_heavy
1219,19,50,11460.8,14326.0,0.9272,ai_heavy
1220,20,50,11334.6,14168.2,0.9092,ai_heavy
1221,21,50,12176.1,15220.1,0.8911,ai_heavy
1222,22,50,11364.7,14205.8,0.874,ai_heavy
1223,23,50,11668.9,14586.1,0.8584,ai_heavy
1224,0,51,11890.7,14863.4,0.8118,ai_heavy
1225,1,51,11889.7,14862.1,0.8172,ai_heavy
1226,2,51,11865.3,14831.7,0.8244,ai_heavy
1227,3,51,11715.9,14644.9,0.8335,ai_heavy
1228,4,51,11889.8,14862.2,0.8449,ai_heavy
1229,5,51,12149.4,15186.8,0.8584,ai_heavy
1230,6,51,11854.4,14818.0,0.874,ai_heavy
1231,7,51,11097.9,13872.4,0.8911,ai_heavy
1232,8,51,11600.6,14500.7,0.9092,ai_heavy
1233,9,51,12076.8,15096.0,0.9272,ai_heavy
1234,10,51,11646.0,14557.5,0.9441,ai_heavy
1235,11,51,12482.3,15602.8,0.9588,ai_heavy
1236,12,51,11907.8,14884.8,0.9703,ai_heavy
1237,13,51,11977.9,14972.4,0.9775,ai_heavy
1238,14,51,12356.5,15445.7,0.98,ai_heavy
1239,15,51,11881.9,14852.3,0.9775,ai_heavy
1240,16,51,11993.5,14991.9,0.9703,ai_heavy
1241,17,51,12224.8,15281.0,0.9588,ai_heavy
1242,18,51,11345.0,14181.3,0.9441,ai_heavy
1243,19,51,11728.4,14660.5,0.9272,ai_heavy
1244,20,51,12080.7,15100.8,0.9092,ai_heavy
1245,21,51,11768.4,14710.5,0.8911,ai_heavy
1246,22,51,12220.4,15275.5,0.874,ai_heavy
1247,23,51,11117.1,13896.3,0.8584,ai_heavy
1248,0,52,10973.6,13717.0,0.8118,ai_heavy
1249,1,52,11839.5,14799.4,0.8172,ai_heavy
1250,2,52,11890.0,14862.5,0.8244,ai_heavy
1251,3,52,11543.1,14428.9,0.8335,ai_heavy
1252,4,52,11776.8,14721.0,0.8449,ai_heavy
1253,5,52,11929.6,14912.0,0.8584,ai_heavy
1254,6,52,11419.4,14274.2,0.874,ai_heavy
1255,7,52,11496.2,14370.3,0.8911,ai_heavy
1256,8,52,11854.6,14818.2,0.9092,ai_heavy
1257,9,52,12150.5,15188.1,0.9272,ai_heavy
1258,10,52,11454.1,14317.6,0.9441,ai_heavy
1259,11,52,11833.0,14791.3,0.9588,ai_heavy
1260,12,52,11843.0,14803.8,0.9703,ai_heavy
1261,13,52,12097.2,15121.5,0.9775,ai_heavy
1262,14,52,11950.1,14937.6,0.98,ai_heavy
1263,15,52,11751.7,14689.7,0.9775,ai_heavy
1264,16,52,12377.3,15471.6,0.9703,ai_heavy
1265,17,52,11711.1,14638.9,0.9588,ai_heavy
1266,18,52,11765.3,14706.6,0.9441,ai_heavy
1267,19,52,11264.8,14081.0,0.9272,ai_heavy
1268,20,52,11535.1,14418.9,0.9092,ai_heavy
1269,21,52,11927.1,14908.9,0.8911,ai_heavy
1270,22,52,11817.7,14772.2,0.874,ai_heavy
1271,23,52,11878.6,14848.3,0.8584,ai_heavy
1272,0,53,11750.8,14688.5,0.8118,ai_heavy
1273,1,53,12297.1,15371.3,0.8172,ai_heavy
1274,2,53,11329.0,14161.2,0.8244,ai_heavy
1275,3,53,11046.4,13808.0,0.8335,ai_heavy
1276,4,53,11270.3,14087.8,0.8449,ai_heavy
1277,5,53,11422.4,14278.0,0.8584,ai_heavy
1278,6,53,11363.0,14203.8,0.874,ai_heavy
1279,7,53,11778.3,14722.8,0.8911,ai_heavy
1280,8,53,12230.4,15288.0,0.9092,ai_heavy
1281,9,53,12376.0,15470.1,0.9272,ai_heavy
1282,10,53,12048.8,15061.1,0.9441,ai_heavy
1283,11,53,12600.0,15750.0,0.9588,ai_heavy
1284,12,53,11802.9,14753.6,0.9703,ai_heavy
1285,13,53,11362.3,14202.8,0.9775,ai_heavy
1286,14,53,12330.9,15413.6,0.98,ai_heavy
1287,15,53,11288.4,14110.5,0.9775,ai_heavy
1288,16,53,11660.2,14575.3,0.9703,ai_heavy
1289,17,53,12089.4,15111.8,0.9588,ai_heavy
1290,18,53,11832.8,14791.0,0.9441,ai_heavy
1291,19,53,11761.9,14702.3,0.9272,ai_heavy
1292,20,53,11369.9,14212.4,0.9092,ai_heavy
1293,21,53,11741.5,14676.8,0.8911,ai_heavy
1294,22,53,12057.6,15072.0,0.874,ai_heavy
1295,23,53,11675.7,14594.7,0.8584,ai_heavy
1296,0,54,11263.7,14079.6,0.8083,ai_heavy
1297,1,54,11127.5,13909.4,0.812,ai_heavy
1298,2,54,11290.8,14113.6,0.8171,ai_heavy
1299,3,54,11723.3,14654.1,0.8235,ai_heavy
1300,4,54,11725.1,14656.4,0.8314,ai_heavy
1301,5,54,11348.5,14185.6,0.8409,ai_heavy
1302,6,54,10880.3,13600.4,0.8518,ai_heavy
1303,7,54,11828.5,14785.6,0.8638,ai_heavy
1304,8,54,11395.4,14244.3,0.8764,ai_heavy
1305,9,54,11983.0,14978.8,0.889,ai_heavy
1306,10,54,11501.2,14376.4,0.9009,ai_heavy
1307,11,54,11442.7,14303.4,0.9112,ai_heavy
1308,12,54,11865.2,14831.5,0.9192,ai_heavy
1309,13,54,12600.0,15750.0,0.9243,ai_heavy
1310,14,54,12092.6,15115.7,0.926,ai_heavy
1311,15,54,11871.1,14838.9,0.9243,ai_heavy
1312,16,54,11938.1,14922.6,0.9192,ai_heavy
1313,17,54,11172.7,13965.9,0.9112,ai_heavy
1314,18,54,11371.9,14214.8,0.9009,ai_heavy
1315,19,54,10856.0,13570.0,0.889,ai_heavy
1316,20,54,12318.6,15398.2,0.8764,ai_heavy
1317,21,54,12216.5,15270.7,0.8638,ai_heavy
1318,22,54,11790.5,14738.2,0.8518,ai_heavy
1319,23,54,11674.9,14593.6,0.8409,ai_heavy
1320,0,55,11013.7,13767.1,0.8083,ai_heavy
1321,1,55,11484.1,14355.2,0.812,ai_heavy
1322,2,55,12194.1,15242.7,0.8171,ai_heavy
1323,3,55,11632.6,14540.8,0.8235,ai_heavy
1324,4,55,11408.9,14261.2,0.8314,ai_heavy
1325,5,55,11014.4,13768.1,0.8409,ai_heavy
1326,6,55,12135.8,15169.7,0.8518,ai_heavy
1327,7,55,11656.7,14570.9,0.8638,ai_heavy
1328,8,55,11093.6,13867.1,0.8764,ai_heavy
1329,9,55,11414.8,14268.5,0.889,ai_heavy
1330,10,55,11317.1,14146.3,0.9009,ai_heavy
1331,11,55,11745.6,14682.0,0.9112,ai_heavy
1332,12,55,11884.4,14855.5,0.9192,ai_heavy
1333,13,55,11644.3,14555.4,0.9243,ai_heavy
1334,14,55,12102.5,15128.2,0.926,ai_heavy
1335,15,55,11850.7,14813.4,0.9243,ai_heavy
1336,16,55,12187.3,15234.1,0.9192,ai_heavy
1337,17,55,11665.8,14582.3,0.9112,ai_heavy
1338,18,55,12600.0,15750.0,0.9009,ai_heavy
1339,19,55,11541.5,14426.9,0.889,ai_heavy
1340,20,55,11393.5,14241.8,0.8764,ai_heavy
1341,21,55,11321.6,14152.0,0.8638,ai_heavy
1342,22,55,11579.5,14474.3,0.8518,ai_heavy
1343,23,55,11027.9,13784.9,0.8409,ai_heavy
1344,0,56,11661.8,14577.3,0.8118,ai_heavy
1345,1,56,10910.8,13638.5,0.8172,ai_heavy
1346,2,56,11645.2,14556.5,0.8244,ai_heavy
1347,3,56,11139.8,13924.7,0.8335,ai_heavy
1348,4,56,11503.9,14379.9,0.8449,ai_heavy
1349,5,56,11880.4,14850.5,0.8584,ai_heavy
1350,6,56,12514.2,15642.8,0.874,ai_heavy
1351,7,56,11365.4,14206.8,0.8911,ai_heavy
1352,8,56,11734.3,14667.9,0.9092,ai_heavy
1353,9,56,11572.8,14466.0,0.9272,ai_heavy
1354,10,56,11559.5,14449.4,0.9441,ai_heavy
1355,11,56,11648.4,14560.5,0.9588,ai_heavy
1356,12,56,12225.4,15281.7,0.9703,ai_heavy
1357,13,56,11772.5,14715.6,0.9775,ai_heavy
1358,14,56,12600.0,15750.0,0.98,ai_heavy
1359,15,56,12096.5,15120.6,0.9775,ai_heavy
1360,16,56,11568.9,14461.2,0.9703,ai_heavy
1361,17,56,11772.8,14715.9,0.9588,ai_heavy
1362,18,56,11583.8,14479.7,0.9441,ai_heavy
1363,19,56,12113.6,15142.0,0.9272,ai_heavy
1364,20,56,11208.0,14009.9,0.9092,ai_heavy
1365,21,56,11272.8,14091.0,0.8911,ai_heavy
1366,22,56,11497.4,14371.8,0.874,ai_heavy
1367,23,56,11907.8,14884.8,0.8584,ai_heavy
1368,0,57,11987.3,14984.1,0.8118,ai_heavy
1369,1,57,12051.6,15064.5,0.8172,ai_heavy
1370,2,57,11773.2,14716.5,0.8244,ai_heavy
1371,3,57,11581.6,14477.0,0.8335,ai_heavy
1372,4,57,11914.4,14893.0,0.8449,ai_heavy
1373,5,57,11268.1,14085.1,0.8584,ai_heavy
1374,6,57,11057.4,13821.8,0.874,ai_heavy
1375,7,57,11899.1,14873.9,0.8911,ai_heavy
1376,8,57,11431.8,14289.8,0.9092,ai_heavy
1377,9,57,11806.5,14758.1,0.9272,ai_heavy
1378,10,57,11911.9,14889.8,0.9441,ai_heavy
1379,11,57,11992.3,14990.4,0.9588,ai_heavy
1380,12,57,12266.1,15332.6,0.9703,ai_heavy
1381,13,57,12245.6,15307.0,0.9775,ai_heavy
1382,14,57,12023.1,15028.9,0.98,ai_heavy
1383,15,57,11789.0,14736.2,0.9775,ai_heavy
1384,16,57,11969.0,14961.3,0.9703,ai_heavy
1385,17,57,11690.8,14613.5,0.9588,ai_heavy
1386,18,57,11799.3,14749.2,0.9441,ai_heavy
1387,19,57,12600.0,15750.0,0.9272,ai_heavy
1388,20,57,11851.9,14814.9,0.9092,ai_heavy
1389,21,57,11903.9,14879.9,0.8911,ai_heavy
1390,22,57,11457.4,14321.8,0.874,ai_heavy
1391,23,57,12025.8,15032.3,0.8584,ai_heavy
1392,0,58,11823.3,14779.2,0.8118,ai_heavy
1393,1,58,11838.7,14798.4,0.8172,ai_heavy
1394,2,58,11663.7,14579.6,0.8244,ai_heavy
1395,3,58,11970.7,14963.3,0.8335,ai_heavy
1396,4,58,12081.0,15101.2,0.8449,ai_heavy
1397,5,58,11767.8,14709.8,0.8584,ai_heavy
1398,6,58,11664.9,14581.1,0.874,ai_heavy
1399,7,58,12060.5,15075.6,0.8911,ai_heavy
1400,8,58,11467.8,14334.7,0.9092,ai_heavy
1401,9,58,11574.8,14468.6,0.9272,ai_heavy
1402,10,58,11850.3,14812.9,0.9441,ai_heavy
1403,11,58,11281.8,14102.3,0.9588,ai_heavy
1404,12,58,12226.6,15283.3,0.9703,ai_heavy
1405,13,58,11602.3,14502.8,0.9775,ai_heavy
1406,14,58,11784.1,14730.2,0.98,ai_heavy
1407,15,58,11870.9,14838.7,0.9775,ai_heavy
1408,16,58,11944.5,14930.6,0.9703,ai_heavy
1409,17,58,11781.0,14726.2,0.9588,ai_heavy
1410,18,58,11845.3,14806.6,0.9441,ai_heavy
1411,19,58,11808.5,14760.6,0.9272,ai_heavy
1412,20,58,11629.4,14536.7,0.9092,ai_heavy
1413,21,58,11472.8,14341.0,0.8911,ai_heavy
1414,22,58,12084.9,15106.2,0.874,ai_heavy
1415,23,58,10932.1,13665.1,0.8584,ai_heavy
1416,0,59,11488.3,14360.4,0.8118,ai_heavy
1417,1,59,11409.5,14261.9,0.8172,ai_heavy
1418,2,59,11734.6,14668.3,0.8244,ai_heavy
1419,3,59,11103.9,13879.9,0.8335,ai_heavy
1420,4,59,11462.5,14328.2,0.8449,ai_heavy
1421,5,59,11632.9,14541.1,0.8584,ai_heavy
1422,6,59,12080.9,15101.2,0.874,ai_heavy
1423,7,59,11862.3,14827.9,0.8911,ai_heavy
1424,8,59,11369.0,14211.2,0.9092,ai_heavy
1425,9,59,11656.6,14570.8,0.9272,ai_heavy
1426,10,59,12184.8,15231.0,0.9441,ai_heavy
1427,11,59,11474.9,14343.6,0.9588,ai_heavy
1428,12,59,11902.3,14877.9,0.9703,ai_heavy
1429,13,59,11944.1,14930.2,0.9775,ai_heavy
1430,14,59,11814.9,14768.6,0.98,ai_heavy
1431,15,59,12600.0,15750.0,0.9775,ai_heavy
1432,16,59,11782.7,14728.4,0.9703,ai_heavy
1433,17,59,12064.3,15080.4,0.9588,ai_heavy
1434,18,59,11596.4,14495.5,0.9441,ai_heavy
1435,19,59,12016.9,15021.2,0.9272,ai_heavy
1436,20,59,12095.4,15119.3,0.9092,ai_heavy
1437,21,59,11538.1,14422.6,0.8911,ai_heavy
1438,22,59,11686.0,14607.4,0.874,ai_heavy
1439,23,59,11355.3,14194.2,0.8584,ai_heavy
1440,0,60,11162.8,13953.5,0.8118,ai_heavy
1441,1,60,11932.2,14915.3,0.8172,ai_heavy
1442,2,60,11396.4,14245.5,0.8244,ai_heavy
1443,3,60,10769.8,13462.2,0.8335,ai_heavy
1444,4,60,12253.3,15316.7,0.8449,ai_heavy
1445,5,60,11388.0,14235.0,0.8584,ai_heavy
1446,6,60,11618.6,14523.3,0.874,ai_heavy
1447,7,60,12323.5,15404.3,0.8911,ai_heavy
1448,8,60,11737.3,14671.7,0.9092,ai_heavy
1449,9,60,11771.7,14714.6,0.9272,ai_heavy
1450,10,60,11431.9,14289.9,0.9441,ai_heavy
1451,11,60,11319.9,14149.9,0.9588,ai_heavy
1452,12,60,11870.9,14838.6,0.9703,ai_heavy
1453,13,60,12077.4,15096.8,0.9775,ai_heavy
1454,14,60,12062.8,15078.5,0.98,ai_heavy
1455,15,60,11774.9,14718.6,0.9775,ai_heavy
1456,16,60,11937.7,14922.1,0.9703,ai_heavy
1457,17,60,11247.6,14059.5,0.9588,ai_heavy
1458,18,60,12033.1,15041.4,0.9441,ai_heavy
1459,19,60,11886.9,14858.7,0.9272,ai_heavy
1460,20,60,12485.4,15606.8,0.9092,ai_heavy
1461,21,60,11747.9,14684.9,0.8911,ai_heavy
1462,22,60,11374.1,14217.7,0.874,ai_heavy
1463,23,60,11651.0,14563.7,0.8584,ai_heavy
1464,0,61,11437.8,14297.2,0.8083,ai_heavy
1465,1,61,11711.0,14638.7,0.812,ai_heavy
1466,2,61,11581.2,14476.5,0.8171,ai_heavy
1467,3,61,11149.0,13936.2,0.8235,ai_heavy
1468,4,61,11036.0,13795.0,0.8314,ai_heavy
1469,5,61,11719.4,14649.3,0.8409,ai_heavy
1470,6,61,12136.7,15170.9,0.8518,ai_heavy
1471,7,61,11709.1,14636.4,0.8638,ai_heavy
1472,8,61,11996.6,14995.7,0.8764,ai_heavy
1473,9,61,12097.1,15121.3,0.889,ai_heavy
1474,10,61,11862.3,14827.8,0.9009,ai_heavy
1475,11,61,11504.1,14380.1,0.9112,ai_heavy
1476,12,61,11880.1,14850.1,0.9192,ai_heavy
1477,13,61,12250.9,15313.6,0.9243,ai_heavy
1478,14,61,12014.8,15018.6,0.926,ai_heavy
1479,15,61,12088.2,15110.2,0.9243,ai_heavy
1480,16,61,11647.0,14558.8,0.9192,ai_heavy
1481,17,61,11720.6,14650.8,0.9112,ai_heavy
1482,18,61,11726.2,14657.7,0.9009,ai_heavy
1483,19,61,11722.3,14652.8,0.889,ai_heavy
1484,20,61,12121.2,15151.5,0.8764,ai_heavy
1485,21,61,10858.7,13573.4,0.8638,ai_heavy
1486,22,61,11663.9,14579.9,0.8518,ai_heavy
1487,23,61,11600.0,14500.0,0.8409,ai_heavy
1488,0,62,11076.1,13845.1,0.8083,ai_heavy
1489,1,62,11793.2,14741.5,0.812,ai_heavy
1490,2,62,11320.4,14150.5,0.8171,ai_heavy
1491,3,62,11462.8,14328.5,0.8235,ai_heavy
1492,4,62,12249.2,15311.5,0.8314,ai_heavy
1493,5,62,11980.0,14975.0,0.8409,ai_heavy
1494,6,62,11854.1,14817.6,0.8518,ai_heavy
1495,7,62,11814.7,14768.4,0.8638,ai_heavy
1496,8,62,11653.0,14566.2,0.8764,ai_heavy
1497,9,62,12444.5,15555.7,0.889,ai_heavy
1498,10,62,12051.3,15064.1,0.9009,ai_heavy
1499,11,62,11527.0,14408.8,0.9112,ai_heavy
1500,12,62,11314.8,14143.5,0.9192,ai_heavy
1501,13,62,12023.8,15029.8,0.9243,ai_heavy
1502,14,62,11807.0,14758.8,0.926,ai_heavy
1503,15,62,11316.0,14144.9,0.9243,ai_heavy
1504,16,62,11962.8,14953.5,0.9192,ai_heavy
1505,17,62,11697.0,14621.3,0.9112,ai_heavy
1506,18,62,11955.4,14944.3,0.9009,ai_heavy
1507,19,62,11895.9,14869.9,0.889,ai_heavy
1508,20,62,11497.1,14371.4,0.8764,ai_heavy
1509,21,62,11903.1,14878.8,0.8638,ai_heavy
1510,22,62,11479.1,14348.9,0.8518,ai_heavy
1511,23,62,11476.7,14345.9,0.8409,ai_heavy
1512,0,63,11375.1,14218.9,0.8118,ai_heavy
1513,1,63,11964.9,14956.1,0.8172,ai_heavy
1514,2,63,11491.5,14364.3,0.8244,ai_heavy
1515,3,63,12088.5,15110.6,0.8335,ai_heavy
1516,4,63,12259.7,15324.6,0.8449,ai_heavy
1517,5,63,11410.1,14262.7,0.8584,ai_heavy
1518,6,63,10679.4,13349.3,0.874,ai_heavy
1519,7,63,12113.3,15141.6,0.8911,ai_heavy
1520,8,63,11666.5,14583.2,0.9092,ai_heavy
1521,9,63,11522.2,14402.8,0.9272,ai_heavy
1522,10,63,11659.6,14574.6,0.9441,ai_heavy
1523,11,63,11755.6,14694.5,0.9588,ai_heavy
1524,12,63,12394.7,15493.4,0.9703,ai_heavy
1525,13,63,12004.7,15005.9,0.9775,ai_heavy
1526,14,63,12413.5,15516.9,0.98,ai_heavy
1527,15,63,12124.5,15155.7,0.9775,ai_heavy
1528,16,63,11819.8,14774.7,0.9703,ai_heavy
1529,17,63,11764.3,14705.4,0.9588,ai_heavy
1530,18,63,12069.2,15086.6,0.9441,ai_heavy
1531,19,63,12120.8,15151.0,0.9272,ai_heavy
1532,20,63,12140.0,15175.0,0.9092,ai_heavy
1533,21,63,11653.1,14566.4,0.8911,ai_heavy
1534,22,63,11766.7,14708.4,0.874,ai_heavy
1535,23,63,11873.2,14841.5,0.8584,ai_heavy
1536,0,64,11426.5,14283.2,0.8118,ai_heavy
1537,1,64,11178.3,13972.8,0.8172,ai_heavy
1538,2,64,11308.7,14135.9,0.8244,ai_heavy
1539,3,64,11526.5,14408.1,0.8335,ai_heavy
1540,4,64,11868.2,14835.3,0.8449,ai_heavy
1541,5,64,12109.5,15136.8,0.8584,ai_heavy
1542,6,64,11229.0,14036.2,0.874,ai_heavy
1543,7,64,11534.8,14418.5,0.8911,ai_heavy
1544,8,64,11660.9,14576.2,0.9092,ai_heavy
1545,9,64,12111.7,15139.6,0.9272,ai_heavy
1546,10,64,11681.2,14601.5,0.9441,ai_heavy
1547,11,64,11750.2,14687.8,0.9588,ai_heavy
1548,12,64,11425.1,14281.3,0.9703,ai_heavy
1549,13,64,12120.7,15150.8,0.9775,ai_heavy
1550,14,64,11895.3,14869.2,0.98,ai_heavy
1551,15,64,11713.0,14641.2,0.9775,ai_heavy
1552,16,64,11837.6,14796.9,0.9703,ai_heavy
1553,17,64,12306.2,15382.7,0.9588,ai_heavy
1554,18,64,11511.5,14389.3,0.9441,ai_heavy
1555,19,64,11530.9,14413.7,0.9272,ai_heavy
1556,20,64,12230.3,15287.9,0.9092,ai_heavy
1557,21,64,11772.0,14715.0,0.8911,ai_heavy
1558,22,64,11940.3,14925.4,0.874,ai_heavy
1559,23,64,11809.4,14761.7,0.8584,ai_heavy
1560,0,65,11547.4,14434.3,0.8118,ai_heavy
1561,1,65,11451.4,14314.2,0.8172,ai_heavy
1562,2,65,11878.1,14847.6,0.8244,ai_heavy
1563,3,65,12015.3,15019.1,0.8335,ai_heavy
1564,4,65,12015.5,15019.4,0.8449,ai_heavy
1565,5,65,11253.8,14067.2,0.8584,ai_heavy
1566,6,65,12163.4,15204.2,0.874,ai_heavy
1567,7,65,11619.1,14523.9,0.8911,ai_heavy
1568,8,65,11520.5,14400.6,0.9092,ai_heavy
1569,9,65,11769.5,14711.9,0.9272,ai_heavy
1570,10,65,12165.2,15206.5,0.9441,ai_heavy
1571,11,65,12096.7,15120.9,0.9588,ai_heavy
1572,12,65,11839.0,14798.8,0.9703,ai_heavy
1573,13,65,12247.6,15309.5,0.9775,ai_heavy
1574,14,65,12003.4,15004.2,0.98,ai_heavy
1575,15,65,11742.0,14677.5,0.9775,ai_heavy
1576,16,65,11677.0,14596.3,0.9703,ai_heavy
1577,17,65,12050.2,15062.8,0.9588,ai_heavy
1578,18,65,11839.9,14799.9,0.9441,ai_heavy
1579,19,65,11341.5,14176.9,0.9272,ai_heavy
1580,20,65,12087.0,15108.8,0.9092,ai_heavy
1581,21,65,11576.0,14470.0,0.8911,ai_heavy
1582,22,65,12264.2,15330.3,0.874,ai_heavy
1583,23,65,11177.6,13972.0,0.8584,ai_heavy
1584,0,66,11497.0,14371.3,0.8118,ai_heavy
1585,1,66,11329.3,14161.6,0.8172,ai_heavy
1586,2,66,11249.9,14062.3,0.8244,ai_heavy
1587,3,66,11440.9,14301.1,0.8335,ai_heavy
1588,4,66,12255.2,15318.9,0.8449,ai_heavy
1589,5,66,11718.9,14648.7,0.8584,ai_heavy
1590,6,66,11427.1,14283.9,0.874,ai_heavy
1591,7,66,11100.9,13876.2,0.8911,ai_heavy
1592,8,66,11178.8,13973.4,0.9092,ai_heavy
1593,9,66,11639.3,14549.1,0.9272,ai_heavy
1594,10,66,11643.6,14554.5,0.9441,ai_heavy
1595,11,66,11823.7,14779.6,0.9588,ai_heavy
1596,12,66,11117.2,13896.5,0.9703,ai_heavy
1597,13,66,11914.5,14893.2,0.9775,ai_heavy
1598,14,66,12321.7,15402.2,0.98,ai_heavy
1599,15,66,12529.1,15661.3,0.9775,ai_heavy
1600,16,66,11252.4,14065.5,0.9703,ai_heavy
1601,17,66,11617.5,14521.9,0.9588,ai_heavy
1602,18,66,11565.1,14456.4,0.9441,ai_heavy
1603,19,66,11881.4,14851.7,0.9272,ai_heavy
1604,20,66,11356.1,14195.2,0.9092,ai_heavy
1605,21,66,12338.0,15422.5,0.8911,ai_heavy
1606,22,66,11720.4,14650.6,0.874,ai_heavy
1607,23,66,11625.6,14532.0,0.8584,ai_heavy
1608,0,67,12112.0,15140.0,0.8118,ai_heavy
1609,1,67,11566.7,14458.4,0.8172,ai_heavy
1610,2,67,11728.2,14660.2,0.8244,ai_heavy
1611,3,67,11348.9,14186.2,0.8335,ai_heavy
1612,4,67,11158.6,13948.2,0.8449,ai_heavy
1613,5,67,11455.1,14318.8,0.8584,ai_heavy
1614,6,67,12473.1,15591.4,0.874,ai_heavy
1615,7,67,11968.3,14960.4,0.8911,ai_heavy
1616,8,67,11884.6,14855.7,0.9092,ai_heavy
1617,9,67,11483.1,14353.9,0.9272,ai_heavy
1618,10,67,12193.7,15242.2,0.9441,ai_heavy
1619,11,67,11418.9,14273.6,0.9588,ai_heavy
1620,12,67,11369.6,14212.0,0.9703,ai_heavy
1621,13,67,11747.1,14683.8,0.9775,ai_heavy
1622,14,67,12600.0,15750.0,0.98,ai_heavy
1623,15,67,12600.0,15750.0,0.9775,ai_heavy
1624,16,67,11768.9,14711.2,0.9703,ai_heavy
1625,17,67,11662.9,14578.7,0.9588,ai_heavy
1626,18,67,11285.2,14106.5,0.9441,ai_heavy
1627,19,67,11857.3,14821.7,0.9272,ai_heavy
1628,20,67,11844.8,14806.0,0.9092,ai_heavy
1629,21,67,12023.5,15029.3,0.8911,ai_heavy
1630,22,67,12025.0,15031.2,0.874,ai_heavy
1631,23,67,11599.6,14499.5,0.8584,ai_heavy
1632,0,68,11744.1,14680.1,0.8083,ai_heavy
1633,1,68,11317.2,14146.5,0.812,ai_heavy
1634,2,68,11758.3,14697.9,0.8171,ai_heavy
1635,3,68,11410.6,14263.3,0.8235,ai_heavy
1636,4,68,11765.5,14706.9,0.8314,ai_heavy
1637,5,68,11759.8,14699.7,0.8409,ai_heavy
1638,6,68,11677.3,14596.6,0.8518,ai_heavy
1639,7,68,11959.7,14949.7,0.8638,ai_heavy
1640,8,68,11159.1,13948.9,0.8764,ai_heavy
1641,9,68,11365.3,14206.6,0.889,ai_heavy
1642,10,68,11672.7,14590.9,0.9009,ai_heavy
1643,11,68,11281.6,14102.0,0.9112,ai_heavy
1644,12,68,11666.7,14583.4,0.9192,ai_heavy
1645,13,68,11689.9,14612.4,0.9243,ai_heavy
1646,14,68,12291.5,15364.4,0.926,ai_heavy
1647,15,68,11873.3,14841.7,0.9243,ai_heavy
1648,16,68,12175.7,15219.6,0.9192,ai_heavy
1649,17,68,11898.9,14873.6,0.9112,ai_heavy
1650,18,68,11579.0,14473.7,0.9009,ai_heavy
1651,19,68,11787.4,14734.3,0.889,ai_heavy
1652,20,68,11967.1,14958.9,0.8764,ai_heavy
1653,21,68,12099.5,15124.4,0.8638,ai_heavy
1654,22,68,11607.0,14508.7,0.8518,ai_heavy
1655,23,68,11053.0,13816.3,0.8409,ai_heavy
1656,0,69,10956.1,13695.1,0.8083,ai_heavy
1657,1,69,11447.0,14308.7,0.812,ai_heavy
1658,2,69,10760.3,13450.4,0.8171,ai_heavy
1659,3,69,12210.9,15263.6,0.8235,ai_heavy
1660,4,69,11813.4,14766.7,0.8314,ai_heavy
1661,5,69,11406.0,14257.5,0.8409,ai_heavy
1662,6,69,11265.3,14081.6,0.8518,ai_heavy
1663,7,69,12041.6,15052.0,0.8638,ai_heavy
1664,8,69,11319.6,14149.5,0.8764,ai_heavy
1665,9,69,11381.7,14227.1,0.889,ai_heavy
1666,10,69,11497.7,14372.1,0.9009,ai_heavy
1667,11,69,11832.6,14790.7,0.9112,ai_heavy
1668,12,69,12030.9,15038.6,0.9192,ai_heavy
1669,13,69,12245.8,15307.2,0.9243,ai_heavy
1670,14,69,12197.6,15247.0,0.926,ai_heavy
1671,15,69,11823.0,14778.8,0.9243,ai_heavy
1672,16,69,12172.5,15215.6,0.9192,ai_heavy
1673,17,69,11554.8,14443.5,0.9112,ai_heavy
1674,18,69,11125.2,13906.6,0.9009,ai_heavy
1675,19,69,11504.0,14380.0,0.889,ai_heavy
1676,20,69,11427.6,14284.5,0.8764,ai_heavy
1677,21,69,11459.8,14324.8,0.8638,ai_heavy
1678,22,69,11317.8,14147.3,0.8518,ai_heavy
1679,23,69,11466.9,14333.6,0.8409,ai_heavy
1680,0,70,11774.7,14718.4,0.8118,ai_heavy
1681,1,70,12167.8,15209.7,0.8172,ai_heavy
1682,2,70,10989.2,13736.4,0.8244,ai_heavy
1683,3,70,11161.9,13952.4,0.8335,ai_heavy
1684,4,70,11360.7,14200.9,0.8449,ai_heavy
1685,5,70,11936.8,14921.0,0.8584,ai_heavy
1686,6,70,11633.2,14541.5,0.874,ai_heavy
1687,7,70,11490.1,14362.7,0.8911,ai_heavy
1688,8,70,12040.9,15051.2,0.9092,ai_heavy
1689,9,70,12169.1,15211.3,0.9272,ai_heavy
1690,10,70,11862.6,14828.2,0.9441,ai_heavy
1691,11,70,11612.2,14515.3,0.9588,ai_heavy
1692,12,70,12027.2,15034.0,0.9703,ai_heavy
1693,13,70,11863.8,14829.7,0.9775,ai_heavy
1694,14,70,11866.8,14833.5,0.98,ai_heavy
1695,15,70,11763.7,14704.7,0.9775,ai_heavy
1696,16,70,12261.5,15326.9,0.9703,ai_heavy
1697,17,70,11992.9,14991.2,0.9588,ai_heavy
1698,18,70,12238.1,15297.6,0.9441,ai_heavy
1699,19,70,12303.9,15379.9,0.9272,ai_heavy
1700,20,70,11949.8,14937.2,0.9092,ai_heavy
1701,21,70,11566.8,14458.5,0.8911,ai_heavy
1702,22,70,12070.5,15088.1,0.874,ai_heavy
1703,23,70,11831.8,14789.7,0.8584,ai_heavy
1704,0,71,12462.5,15578.1,0.8118,ai_heavy
1705,1,71,11679.9,14599.9,0.8172,ai_heavy
1706,2,71,11831.6,14789.5,0.8244,ai_heavy
1707,3,71,11711.6,14639.5,0.8335,ai_heavy
1708,4,71,11602.4,14503.0,0.8449,ai_heavy
1709,5,71,11578.2,14472.7,0.8584,ai_heavy
1710,6,71,11808.5,14760.6,0.874,ai_heavy
1711,7,71,11928.9,14911.1,0.8911,ai_heavy
1712,8,71,12195.7,15244.6,0.9092,ai_heavy
1713,9,71,11939.2,14924.1,0.9272,ai_heavy
1714,10,71,11704.4,14630.6,0.9441,ai_heavy
1715,11,71,11787.0,14733.7,0.9588,ai_heavy
1716,12,71,11456.9,14321.2,0.9703,ai_heavy
1717,13,71,12542.8,15678.5,0.9775,ai_heavy
1718,14,71,11759.1,14698.9,0.98,ai_heavy
1719,15,71,12294.1,15367.7,0.9775,ai_heavy
1720,16,71,12029.4,15036.8,0.9703,ai_heavy
1721,17,71,12012.2,15015.2,0.9588,ai_heavy
1722,18,71,11827.4,14784.3,0.9441,ai_heavy
1723,19,71,11550.1,14437.6,0.9272,ai_heavy
1724,20,71,11445.0,14306.2,0.9092,ai_heavy
1725,21,71,12354.3,15442.9,0.8911,ai_heavy
1726,22,71,11745.2,14681.5,0.874,ai_heavy
1727,23,71,12062.7,15078.3,0.8584,ai_heavy
1728,0,72,12040.0,15049.9,0.8118,ai_heavy
1729,1,72,11429.6,14287.1,0.8172,ai_heavy
1730,2,72,11736.2,14670.3,0.8244,ai_heavy
1731,3,72,11626.1,14532.7,0.8335,ai_heavy
1732,4,72,11233.0,14041.3,0.8449,ai_heavy
1733,5,72,11603.8,14504.8,0.8584,ai_heavy
1734,6,72,11911.5,14889.3,0.874,ai_heavy
1735,7,72,11569.4,14461.8,0.8911,ai_heavy
1736,8,72,11672.6,14590.7,0.9092,ai_heavy
1737,9,72,11768.1,14710.1,0.9272,ai_heavy
1738,10,72,12600.0,15750.0,0.9441,ai_heavy
1739,11,72,11248.7,14060.9,0.9588,ai_heavy
1740,12,72,12110.0,15137.5,0.9703,ai_heavy
1741,13,72,11856.6,14820.7,0.9775,ai_heavy
1742,14,72,11723.5,14654.3,0.98,ai_heavy
1743,15,72,11847.8,14809.7,0.9775,ai_heavy
1744,16,72,12169.3,15211.6,0.9703,ai_heavy
1745,17,72,12162.4,15203.1,0.9588,ai_heavy
1746,18,72,11935.5,14919.4,0.9441,ai_heavy
1747,19,72,12217.4,15271.8,0.9272,ai_heavy
1748,20,72,12236.2,15295.2,0.9092,ai_heavy
1749,21,72,12032.9,15041.2,0.8911,ai_heavy
1750,22,72,11513.4,14391.7,0.874,ai_heavy
1751,23,72,11841.8,14802.3,0.8584,ai_heavy
1752,0,73,11732.8,14666.0,0.8118,ai_heavy
1753,1,73,11289.1,14111.4,0.8172,ai_heavy
1754,2,73,11043.4,13804.2,0.8244,ai_heavy
1755,3,73,10905.9,13632.4,0.8335,ai_heavy
1756,4,73,11661.4,14576.8,0.8449,ai_heavy
1757,5,73,11773.1,14716.3,0.8584,ai_heavy
1758,6,73,11290.2,14112.7,0.874,ai_heavy
1759,7,73,12113.8,15142.3,0.8911,ai_heavy
1760,8,73,11841.3,14801.6,0.9092,ai_heavy
1761,9,73,12308.5,15385.7,0.9272,ai_heavy
1762,10,73,12001.2,15001.5,0.9441,ai_heavy
1763,11,73,11522.9,14403.6,0.9588,ai_heavy
1764,12,73,12094.5,15118.1,0.9703,ai_heavy
1765,13,73,12187.6,15234.5,0.9775,ai_heavy
1766,14,73,11756.8,14696.0,0.98,ai_heavy
1767,15,73,11430.5,14288.1,0.9775,ai_heavy
1768,16,73,11966.3,14957.9,0.9703,ai_heavy
1769,17,73,11546.3,14432.9,0.9588,ai_heavy
1770,18,73,12268.4,15335.5,0.9441,ai_heavy
1771,19,73,11685.1,14606.4,0.9272,ai_heavy
1772,20,73,12397.3,15496.7,0.9092,ai_heavy
1773,21,73,10996.8,13746.0,0.8911,ai_heavy
1774,22,73,11752.5,14690.6,0.874,ai_heavy
1775,23,73,12169.1,15211.4,0.8584,ai_heavy
1776,0,74,11250.9,14063.7,0.8118,ai_heavy
1777,1,74,11517.0,14396.3,0.8172,ai_heavy
1778,2,74,11448.9,14311.1,0.8244,ai_heavy
1779,3,74,11372.3,14215.4,0.8335,ai_heavy
1780,4,74,11722.4,14653.0,0.8449,ai_heavy
1781,5,74,11215.3,14019.1,0.8584,ai_heavy
1782,6,74,11666.2,14582.7,0.874,ai_heavy
1783,7,74,11927.1,14908.9,0.8911,ai_heavy
1784,8,74,11711.4,14639.3,0.9092,ai_heavy
1785,9,74,11474.7,14343.3,0.9272,ai_heavy
1786,10,74,12236.1,15295.1,0.9441,ai_heavy
1787,11,74,12164.5,15205.6,0.9588,ai_heavy
1788,12,74,11557.8,14447.2,0.9703,ai_heavy
1789,13,74,11483.6,14354.4,0.9775,ai_heavy
1790,14,74,11611.8,14514.8,0.98,ai_heavy
1791,15,74,12142.8,15178.5,0.9775,ai_heavy
1792,16,74,12029.1,15036.3,0.9703,ai_heavy
1793,17,74,12185.9,15232.3,0.9588,ai_heavy
1794,18,74,11753.1,14691.4,0.9441,ai_heavy
1795,19,74,11501.5,14376.8,0.9272,ai_heavy
1796,20,74,12112.4,15140.5,0.9092,ai_heavy
1797,21,74,11550.3,14437.8,0.8911,ai_heavy
1798,22,74,11770.7,14713.3,0.874,ai_heavy
1799,23,74,11126.2,13907.7,0.8584,ai_heavy
1800,0,75,11353.9,14192.4,0.8083,ai_heavy
1801,1,75,11910.3,14887.8,0.812,ai_heavy
1802,2,75,11323.2,14154.1,0.8171,ai_heavy
1803,3,75,11870.0,14837.6,0.8235,ai_heavy
1804,4,75,10793.9,13492.4,0.8314,ai_heavy
1805,5,75,11432.6,14290.7,0.8409,ai_heavy
1806,6,75,11593.3,14491.6,0.8518,ai_heavy
1807,7,75,12291.9,15364.9,0.8638,ai_heavy
1808,8,75,11300.1,14125.1,0.8764,ai_heavy
1809,9,75,11976.7,14970.8,0.889,ai_heavy
1810,10,75,12141.2,15176.5,0.9009,ai_heavy
1811,11,75,11537.0,14421.2,0.9112,ai_heavy
1812,12,75,11678.6,14598.2,0.9192,ai_heavy
1813,13,75,11873.0,14841.3,0.9243,ai_heavy
1814,14,75,11301.2,14126.5,0.926,ai_heavy
1815,15,75,11661.4,14576.7,0.9243,ai_heavy
1816,16,75,12263.1,15328.8,0.9192,ai_heavy
1817,17,75,11977.1,14971.4,0.9112,ai_heavy
1818,18,75,11712.7,14640.9,0.9009,ai_heavy
1819,19,75,11780.2,14725.2,0.889,ai_heavy
1820,20,75,11914.9,14893.6,0.8764,ai_heavy
1821,21,75,11952.0,14940.0,0.8638,ai_heavy
1822,22,75,11458.7,14323.4,0.8518,ai_heavy
1823,23,75,12163.1,15203.8,0.8409,ai_heavy
1824,0,76,12007.5,15009.4,0.8083,ai_heavy
1825,1,76,11795.1,14743.8,0.812,ai_heavy
1826,2,76,11279.3,14099.1,0.8171,ai_heavy
1827,3,76,11232.3,14040.4,0.8235,ai_heavy
1828,4,76,11491.8,14364.8,0.8314,ai_heavy
1829,5,76,11648.9,14561.1,0.8409,ai_heavy
1830,6,76,11035.0,13793.7,0.8518,ai_heavy
1831,7,76,11854.6,14818.3,0.8638,ai_heavy
1832,8,76,12163.1,15203.9,0.8764,ai_heavy
1833,9,76,11943.4,14929.2,0.889,ai_heavy
1834,10,76,11529.4,14411.8,0.9009,ai_heavy
1835,11,76,11511.2,14389.0,0.9112,ai_heavy
1836,12,76,11917.2,14896.4,0.9192,ai_heavy
1837,13,76,11768.4,14710.5,0.9243,ai_heavy
1838,14,76,11984.0,14980.0,0.926,ai_heavy
1839,15,76,12036.2,15045.2,0.9243,ai_heavy
1840,16,76,12197.8,15247.2,0.9192,ai_heavy
1841,17,76,11391.7,14239.6,0.9112,ai_heavy
1842,18,76,11846.3,14807.9,0.9009,ai_heavy
1843,19,76,11612.3,14515.4,0.889,ai_heavy
1844,20,76,11676.2,14595.2,0.8764,ai_heavy
1845,21,76,11984.2,14980.3,0.8638,ai_heavy
1846,22,76,11993.4,14991.8,0.8518,ai_heavy
1847,23,76,12115.5,15144.4,0.8409,ai_heavy
1848,0,77,11707.3,14634.1,0.8118,ai_heavy
1849,1,77,11534.1,14417.6,0.8172,ai_heavy
1850,2,77,11501.1,14376.4,0.8244,ai_heavy
1851,3,77,11006.2,13757.8,0.8335,ai_heavy
1852,4,77,12104.7,15130.9,0.8449,ai_heavy
1853,5,77,11556.1,14445.1,0.8584,ai_heavy
1854,6,77,11882.8,14853.5,0.874,ai_heavy
1855,7,77,11984.5,14980.6,0.8911,ai_heavy
1856,8,77,11347.1,14183.9,0.9092,ai_heavy
1857,9,77,11502.0,14377.4,0.9272,ai_heavy
1858,10,77,12420.1,15525.2,0.9441,ai_heavy
1859,11,77,12007.4,15009.3,0.9588,ai_heavy
1860,12,77,11722.6,14653.3,0.9703,ai_heavy
1861,13,77,11902.1,14877.6,0.9775,ai_heavy
1862,14,77,12342.7,15428.4,0.98,ai_heavy
1863,15,77,12282.3,15352.8,0.9775,ai_heavy
1864,16,77,11405.7,14257.1,0.9703,ai_heavy
1865,17,77,12487.3,15609.2,0.9588,ai_heavy
1866,18,77,12213.3,15266.6,0.9441,ai_heavy
1867,19,77,11775.5,14719.4,0.9272,ai_heavy
1868,20,77,11366.0,14207.6,0.9092,ai_heavy
1869,21,77,12116.7,15145.8,0.8911,ai_heavy
1870,22,77,11872.5,14840.6,0.874,ai_heavy
1871,23,77,11158.4,13948.0,0.8584,ai_heavy
1872,0,78,11479.2,14349.0,0.8118,ai_heavy
1873,1,78,12600.0,15750.0,0.8172,ai_heavy
1874,2,78,11594.7,14493.4,0.8244,ai_heavy
1875,3,78,11352.0,14190.0,0.8335,ai_heavy
1876,4,78,11285.0,14106.2,0.8449,ai_heavy
1877,5,78,12289.1,15361.4,0.8584,ai_heavy
1878,6,78,12002.9,15003.6,0.874,ai_heavy
1879,7,78,12241.2,15301.5,0.8911,ai_heavy
1880,8,78,11875.2,14844.0,0.9092,ai_heavy
1881,9,78,12274.7,15343.3,0.9272,ai_heavy
1882,10,78,11567.2,14459.0,0.9441,ai_heavy
1883,11,78,11961.8,14952.2,0.9588,ai_heavy
1884,12,78,12033.2,15041.5,0.9703,ai_heavy
1885,13,78,12442.9,15553.6,0.9775,ai_heavy
1886,14,78,12067.5,15084.4,0.98,ai_heavy
1887,15,78,11723.2,14654.0,0.9775,ai_heavy
1888,16,78,11953.4,14941.7,0.9703,ai_heavy
1889,17,78,11305.0,14131.3,0.9588,ai_heavy
1890,18,78,11042.8,13803.5,0.9441,ai_heavy
1891,19,78,12124.7,15155.8,0.9272,ai_heavy
1892,20,78,11655.0,14568.7,0.9092,ai_heavy
1893,21,78,11653.2,14566.4,0.8911,ai_heavy
1894,22,78,11997.0,14996.2,0.874,ai_heavy
1895,23,78,12157.8,15197.2,0.8584,ai_heavy
1896,0,79,11745.0,14681.3,0.8118,ai_heavy
1897,1,79,12241.6,15302.1,0.8172,ai_heavy
1898,2,79,11763.8,14704.7,0.8244,ai_heavy
1899,3,79,11715.7,14644.7,0.8335,ai_heavy
1900,4,79,11720.9,14651.2,0.8449,ai_heavy
1901,5,79,11218.7,14023.4,0.8584,ai_heavy
1902,6,79,12040.9,15051.1,0.874,ai_heavy
1903,7,79,10883.6,13604.5,0.8911,ai_heavy
1904,8,79,11580.2,14475.2,0.9092,ai_heavy
1905,9,79,11837.8,14797.2,0.9272,ai_heavy
1906,10,79,11588.1,14485.1,0.9441,ai_heavy
1907,11,79,11742.4,14678.0,0.9588,ai_heavy
1908,12,79,12588.8,15736.0,0.9703,ai_heavy
1909,13,79,12343.1,15428.9,0.9775,ai_heavy
1910,14,79,11707.3,14634.1,0.98,ai_heavy
1911,15,79,11779.1,14723.9,0.9775,ai_heavy
1912,16,79,11473.4,14341.7,0.9703,ai_heavy
1913,17,79,12155.5,15194.3,0.9588,ai_heavy
1914,18,79,11780.3,14725.4,0.9441,ai_heavy
1915,19,79,11131.8,13914.7,0.9272,ai_heavy
1916,20,79,11823.1,14778.9,0.9092,ai_heavy
1917,21,79,11899.9,14874.9,0.8911,ai_heavy
1918,22,79,12043.4,15054.2,0.874,ai_heavy
1919,23,79,11643.1,14553.8,0.8584,ai_heavy
1920,0,80,11430.4,14288.1,0.8118,ai_heavy
1921,1,80,12261.8,15327.3,0.8172,ai_heavy
1922,2,80,11591.3,14489.1,0.8244,ai_heavy
1923,3,80,11861.1,14826.4,0.8335,ai_heavy
1924,4,80,11448.7,14310.8,0.8449,ai_heavy
1925,5,80,11910.3,14887.8,0.8584,ai_heavy
1926,6,80,11194.0,13992.5,0.874,ai_heavy
1927,7,80,11582.5,14478.1,0.8911,ai_heavy
1928,8,80,11360.2,14200.2,0.9092,ai_heavy
1929,9,80,11614.9,14518.7,0.9272,ai_heavy
1930,10,80,12314.5,15393.2,0.9441,ai_heavy
1931,11,80,11685.0,14606.3,0.9588,ai_heavy
1932,12,80,12187.5,15234.4,0.9703,ai_heavy
1933,13,80,12491.2,15614.0,0.9775,ai_heavy
1934,14,80,11943.3,14929.1,0.98,ai_heavy
1935,15,80,12303.6,15379.5,0.9775,ai_heavy
1936,16,80,12120.5,15150.7,0.9703,ai_heavy
1937,17,80,11945.3,14931.6,0.9588,ai_heavy
1938,18,80,12136.4,15170.6,0.9441,ai_heavy
1939,19,80,12482.6,15603.3,0.9272,ai_heavy
1940,20,80,11562.1,14452.6,0.9092,ai_heavy
1941,21,80,11407.3,14259.1,0.8911,ai_heavy
1942,22,80,11347.7,14184.6,0.874,ai_heavy
1943,23,80,12016.9,15021.1,0.8584,ai_heavy
1944,0,81,11951.3,14939.2,0.8118,ai_heavy
1945,1,81,11385.8,14232.3,0.8172,ai_heavy
1946,2,81,10846.4,13558.0,0.8244,ai_heavy
1947,3,81,11375.4,14219.3,0.8335,ai_heavy
1948,4,81,11828.3,14785.4,0.8449,ai_heavy
1949,5,81,11645.4,14556.7,0.8584,ai_heavy
1950,6,81,11768.5,14710.6,0.874,ai_heavy
1951,7,81,11560.9,14451.1,0.8911,ai_heavy
1952,8,81,12146.1,15182.6,0.9092,ai_heavy
1953,9,81,11951.4,14939.3,0.9272,ai_heavy
1954,10,81,12078.1,15097.6,0.9441,ai_heavy
1955,11,81,11960.5,14950.6,0.9588,ai_heavy
1956,12,81,12118.1,15147.6,0.9703,ai_heavy
1957,13,81,12111.8,15139.7,0.9775,ai_heavy
1958,14,81,11620.4,14525.5,0.98,ai_heavy
1959,15,81,12081.1,15101.4,0.9775,ai_heavy
1960,16,81,12213.7,15267.2,0.9703,ai_heavy
1961,17,81,12316.2,15395.3,0.9588,ai_heavy
1962,18,81,12017.4,15021.8,0.9441,ai_heavy
1963,19,81,11487.1,14358.9,0.9272,ai_heavy
1964,20,81,11500.6,14375.7,0.9092,ai_heavy
1965,21,81,11591.9,14489.9,0.8911,ai_heavy
1966,22,81,11771.7,14714.6,0.874,ai_heavy
1967,23,81,11626.0,14532.4,0.8584,ai_heavy
1968,0,82,11162.0,13952.4,0.8083,ai_heavy
1969,1,82,11168.4,13960.5,0.812,ai_heavy
1970,2,82,10843.4,13554.2,0.8171,ai_heavy
1971,3,82,10502.6,13128.2,0.8235,ai_heavy
1972,4,82,11559.6,14449.5,0.8314,ai_heavy
1973,5,82,12437.1,15546.4,0.8409,ai_heavy
1974,6,82,12281.4,15351.7,0.8518,ai_heavy
1975,7,82,11338.5,14173.1,0.8638,ai_heavy
1976,8,82,11763.5,14704.4,0.8764,ai_heavy
1977,9,82,11224.5,14030.6,0.889,ai_heavy
1978,10,82,11304.9,14131.1,0.9009,ai_heavy
1979,11,82,11368.6,14210.7,0.9112,ai_heavy
1980,12,82,11731.0,14663.8,0.9192,ai_heavy
1981,13,82,11758.1,14697.6,0.9243,ai_heavy
1982,14,82,11916.5,14895.6,0.926,ai_heavy
1983,15,82,12058.0,15072.5,0.9243,ai_heavy
1984,16,82,11691.5,14614.4,0.9192,ai_heavy
1985,17,82,11805.0,14756.3,0.9112,ai_heavy
1986,18,82,11381.9,14227.4,0.9009,ai_heavy
1987,19,82,11266.8,14083.5,0.889,ai_heavy
1988,20,82,11184.2,13980.3,0.8764,ai_heavy
1989,21,82,11908.8,14886.0,0.8638,ai_heavy
1990,22,82,11535.1,14418.9,0.8518,ai_heavy
1991,23,82,10975.0,13718.8,0.8409,ai_heavy
1992,0,83,11529.5,14411.9,0.8083,ai_heavy
1993,1,83,11127.1,13908.9,0.812,ai_heavy
1994,2,83,12148.3,15185.4,0.8171,ai_heavy
1995,3,83,11385.7,14232.1,0.8235,ai_heavy
1996,4,83,11842.8,14803.5,0.8314,ai_heavy
1997,5,83,12007.6,15009.5,0.8409,ai_heavy
1998,6,83,11319.4,14149.2,0.8518,ai_heavy
1999,7,83,11707.9,14634.9,0.8638,ai_heavy
2000,8,83,11905.3,14881.6,0.8764,ai_heavy
2001,9,83,11781.0,14726.3,0.889,ai_heavy
2002,10,83,11895.6,14869.5,0.9009,ai_heavy
2003,11,83,11321.8,14152.3,0.9112,ai_heavy
2004,12,83,12007.2,15009.0,0.9192,ai_heavy
2005,13,83,11650.3,14562.9,0.9243,ai_heavy
2006,14,83,11950.8,14938.5,0.926,ai_heavy
2007,15,83,12149.1,15186.3,0.9243,ai_heavy
2008,16,83,12047.9,15059.9,0.9192,ai_heavy
2009,17,83,11915.6,14894.5,0.9112,ai_heavy
2010,18,83,11994.8,14993.5,0.9009,ai_heavy
2011,19,83,11982.8,14978.5,0.889,ai_heavy
2012,20,83,12236.2,15295.3,0.8764,ai_heavy
2013,21,83,11669.4,14586.7,0.8638,ai_heavy
2014,22,83,11710.5,14638.2,0.8518,ai_heavy
2015,23,83,11952.9,14941.1,0.8409,ai_heavy
2016,0,84,11389.6,14237.0,0.8118,ai_heavy
2017,1,84,11108.7,13885.9,0.8172,ai_heavy
2018,2,84,11760.5,14700.6,0.8244,ai_heavy
2019,3,84,11538.7,14423.4,0.8335,ai_heavy
2020,4,84,11215.5,14019.3,0.8449,ai_heavy
2021,5,84,11844.0,14805.0,0.8584,ai_heavy
2022,6,84,12207.7,15259.6,0.874,ai_heavy
2023,7,84,11171.0,13963.8,0.8911,ai_heavy
2024,8,84,12149.0,15186.2,0.9092,ai_heavy
2025,9,84,10929.3,13661.6,0.9272,ai_heavy
2026,10,84,11726.7,14658.4,0.9441,ai_heavy
2027,11,84,12561.0,15701.2,0.9588,ai_heavy
2028,12,84,11812.9,14766.2,0.9703,ai_heavy
2029,13,84,11979.6,14974.5,0.9775,ai_heavy
2030,14,84,12226.8,15283.5,0.98,ai_heavy
2031,15,84,11332.2,14165.2,0.9775,ai_heavy
2032,16,84,11956.2,14945.3,0.9703,ai_heavy
2033,17,84,11926.6,14908.3,0.9588,ai_heavy
2034,18,84,12532.4,15665.5,0.9441,ai_heavy
2035,19,84,11391.1,14238.9,0.9272,ai_heavy
2036,20,84,11652.5,14565.7,0.9092,ai_heavy
2037,21,84,11418.2,14272.7,0.8911,ai_heavy
2038,22,84,11341.9,14177.4,0.874,ai_heavy
2039,23,84,12063.4,15079.3,0.8584,ai_heavy
2040,0,85,11568.9,14461.2,0.8118,ai_heavy
2041,1,85,11379.4,14224.3,0.8172,ai_heavy
2042,2,85,11409.0,14261.2,0.8244,ai_heavy
2043,3,85,11414.3,14267.8,0.8335,ai_heavy
2044,4,85,11471.6,14339.5,0.8449,ai_heavy
2045,5,85,11226.1,14032.6,0.8584,ai_heavy
2046,6,85,11614.3,14517.9,0.874,ai_heavy
2047,7,85,11618.7,14523.4,0.8911,ai_heavy
2048,8,85,11519.5,14399.4,0.9092,ai_heavy
2049,9,85,11884.7,14855.8,0.9272,ai_heavy
2050,10,85,11954.7,14943.4,0.9441,ai_heavy
2051,11,85,11704.9,14631.2,0.9588,ai_heavy
2052,12,85,11878.9,14848.6,0.9703,ai_heavy
2053,13,85,12600.0,15750.0,0.9775,ai_heavy
2054,14,85,12600.0,15750.0,0.98,ai_heavy
2055,15,85,11569.6,14462.0,0.9775,ai_heavy
2056,16,85,11603.1,14503.9,0.9703,ai_heavy
2057,17,85,11525.4,14406.7,0.9588,ai_heavy
2058,18,85,12245.7,15307.1,0.9441,ai_heavy
2059,19,85,11688.2,14610.3,0.9272,ai_heavy
2060,20,85,11872.2,14840.3,0.9092,ai_heavy
2061,21,85,12448.9,15561.1,0.8911,ai_heavy
2062,22,85,11701.5,14626.9,0.874,ai_heavy
2063,23,85,11916.0,14895.0,0.8584,ai_heavy
2064,0,86,11740.2,14675.2,0.8118,ai_heavy
2065,1,86,11368.1,14210.1,0.8172,ai_heavy
2066,2,86,11957.2,14946.6,0.8244,ai_heavy
2067,3,86,11314.5,14143.1,0.8335,ai_heavy
2068,4,86,12104.8,15131.0,0.8449,ai_heavy
2069,5,86,11463.1,14328.9,0.8584,ai_heavy
2070,6,86,11537.3,14421.6,0.874,ai_heavy
2071,7,86,11361.7,14202.2,0.8911,ai_heavy
2072,8,86,11460.6,14325.8,0.9092,ai_heavy
2073,9,86,11678.2,14597.7,0.9272,ai_heavy
2074,10,86,11003.5,13754.4,0.9441,ai_heavy
2075,11,86,11820.4,14775.5,0.9588,ai_heavy
2076,12,86,11748.6,14685.8,0.9703,ai_heavy
2077,13,86,12230.5,15288.2,0.9775,ai_heavy
2078,14,86,12104.9,15131.1,0.98,ai_heavy
2079,15,86,11693.8,14617.2,0.9775,ai_heavy
2080,16,86,11766.3,14707.9,0.9703,ai_heavy
2081,17,86,11819.9,14774.9,0.9588,ai_heavy
2082,18,86,12398.4,15498.0,0.9441,ai_heavy
2083,19,86,11537.8,14422.3,0.9272,ai_heavy
2084,20,86,11532.9,14416.2,0.9092,ai_heavy
2085,21,86,11347.6,14184.5,0.8911,ai_heavy
2086,22,86,11184.7,13980.9,0.874,ai_heavy
2087,23,86,11776.2,14720.3,0.8584,ai_heavy
2088,0,87,11630.0,14537.6,0.8118,ai_heavy
2089,1,87,12017.6,15022.0,0.8172,ai_heavy
2090,2,87,11951.1,14938.8,0.8244,ai_heavy
2091,3,87,12445.4,15556.8,0.8335,ai_heavy
2092,4,87,11611.2,14514.0,0.8449,ai_heavy
2093,5,87,11577.5,14471.9,0.8584,ai_heavy
2094,6,87,11248.6,14060.7,0.874,ai_heavy
2095,7,87,11990.7,14988.4,0.8911,ai_heavy
2096,8,87,11829.4,14786.7,0.9092,ai_heavy
2097,9,87,12060.8,15076.0,0.9272,ai_heavy
2098,10,87,11463.7,14329.6,0.9441,ai_heavy
2099,11,87,12029.3,15036.6,0.9588,ai_heavy
2100,12,87,12003.9,15004.9,0.9703,ai_heavy
2101,13,87,11997.2,14996.5,0.9775,ai_heavy
2102,14,87,11708.2,14635.2,0.98,ai_heavy
2103,15,87,12373.7,15467.1,0.9775,ai_heavy
2104,16,87,12600.0,15750.0,0.9703,ai_heavy
2105,17,87,11507.2,14384.0,0.9588,ai_heavy
2106,18,87,12125.8,15157.3,0.9441,ai_heavy
2107,19,87,10808.3,13510.4,0.9272,ai_heavy
2108,20,87,12023.9,15029.9,0.9092,ai_heavy
2109,21,87,11086.3,13857.9,0.8911,ai_heavy
2110,22,87,11520.8,14401.0,0.874,ai_heavy
2111,23,87,11209.1,14011.4,0.8584,ai_heavy
2112,0,88,11484.9,14356.1,0.8118,ai_heavy
2113,1,88,11863.5,14829.4,0.8172,ai_heavy
2114,2,88,10943.3,13679.1,0.8244,ai_heavy
2115,3,88,11485.2,14356.6,0.8335,ai_heavy
2116,4,88,11457.8,14322.3,0.8449,ai_heavy
2117,5,88,12222.2,15277.8,0.8584,ai_heavy
2118,6,88,11856.8,14821.0,0.874,ai_heavy
2119,7,88,11330.5,14163.1,0.8911,ai_heavy
2120,8,88,11620.8,14526.0,0.9092,ai_heavy
2121,9,88,12381.9,15477.4,0.9272,ai_heavy
2122,10,88,12123.6,15154.6,0.9441,ai_heavy
2123,11,88,11575.8,14469.7,0.9588,ai_heavy
2124,12,88,11834.9,14793.6,0.9703,ai_heavy
2125,13,88,11863.1,14828.9,0.9775,ai_heavy
2126,14,88,11760.3,14700.4,0.98,ai_heavy
2127,15,88,11334.4,14168.0,0.9775,ai_heavy
2128,16,88,11687.9,14609.9,0.9703,ai_heavy
2129,17,88,12399.8,15499.8,0.9588,ai_heavy
2130,18,88,11733.6,14666.9,0.9441,ai_heavy
2131,19,88,11793.0,14741.2,0.9272,ai_heavy
2132,20,88,11837.2,14796.5,0.9092,ai_heavy
2133,21,88,12526.8,15658.6,0.8911,ai_heavy
2134,22,88,11708.3,14635.3,0.874,ai_heavy
2135,23,88,12051.7,15064.6,0.8584,ai_heavy
2136,0,89,11344.1,14180.1,0.8083,ai_heavy
2137,1,89,11470.2,14337.8,0.812,ai_heavy
2138,2,89,11576.3,14470.3,0.8171,ai_heavy
2139,3,89,11317.8,14147.3,0.8235,ai_heavy
2140,4,89,11534.6,14418.2,0.8314,ai_heavy
2141,5,89,11937.5,14921.9,0.8409,ai_heavy
2142,6,89,11373.4,14216.8,0.8518,ai_heavy
2143,7,89,11681.3,14601.6,0.8638,ai_heavy
2144,8,89,11959.8,14949.8,0.8764,ai_heavy
2145,9,89,11450.0,14312.5,0.889,ai_heavy
2146,10,89,12154.8,15193.5,0.9009,ai_heavy
2147,11,89,11818.0,14772.5,0.9112,ai_heavy
2148,12,89,11752.4,14690.5,0.9192,ai_heavy
2149,13,89,11110.5,13888.1,0.9243,ai_heavy
2150,14,89,11694.3,14617.9,0.926,ai_heavy
2151,15,89,11954.6,14943.2,0.9243,ai_heavy
2152,16,89,12429.3,15536.7,0.9192,ai_heavy
2153,17,89,11993.1,14991.4,0.9112,ai_heavy
2154,18,89,12165.7,15207.1,0.9009,ai_heavy
2155,19,89,11314.5,14143.1,0.889,ai_heavy
2156,20,89,11666.3,14582.8,0.8764,ai_heavy
2157,21,89,12109.1,15136.4,0.8638,ai_heavy
2158,22,89,11342.9,14178.6,0.8518,ai_heavy
2159,23,89,11964.4,14955.5,0.8409,ai_heavy
2160,0,90,11805.5,14756.9,0.8083,ai_heavy
2161,1,90,11655.5,14569.3,0.812,ai_heavy
2162,2,90,11457.8,14322.2,0.8171,ai_heavy
2163,3,90,11244.1,14055.1,0.8235,ai_heavy
2164,4,90,12223.6,15279.6,0.8314,ai_heavy
2165,5,90,11848.1,14810.2,0.8409,ai_heavy
2166,6,90,11772.3,14715.4,0.8518,ai_heavy
2167,7,90,11536.6,14420.8,0.8638,ai_heavy
2168,8,90,11724.1,14655.2,0.8764,ai_heavy
2169,9,90,11798.4,14748.0,0.889,ai_heavy
2170,10,90,11909.3,14886.6,0.9009,ai_heavy
2171,11,90,12052.0,15065.0,0.9112,ai_heavy
2172,12,90,11533.7,14417.1,0.9192,ai_heavy
2173,13,90,11302.6,14128.2,0.9243,ai_heavy
2174,14,90,11856.7,14820.9,0.926,ai_heavy
2175,15,90,11203.1,14003.8,0.9243,ai_heavy
2176,16,90,11696.2,14620.3,0.9192,ai_heavy
2177,17,90,11612.1,14515.1,0.9112,ai_heavy
2178,18,90,11941.7,14927.1,0.9009,ai_heavy
2179,19,90,12438.6,15548.3,0.889,ai_heavy
2180,20,90,11027.6,13784.6,0.8764,ai_heavy
2181,21,90,12478.3,15597.8,0.8638,ai_heavy
2182,22,90,11571.7,14464.7,0.8518,ai_heavy
2183,23,90,11749.0,14686.3,0.8409,ai_heavy
2184,0,91,11069.0,13836.3,0.8118,ai_heavy
2185,1,91,11918.4,14898.0,0.8172,ai_heavy
2186,2,91,11603.4,14504.3,0.8244,ai_heavy
2187,3,91,11589.0,14486.3,0.8335,ai_heavy
2188,4,91,10960.7,13700.8,0.8449,ai_heavy
2189,5,91,11694.6,14618.2,0.8584,ai_heavy
2190,6,91,12002.2,15002.7,0.874,ai_heavy
2191,7,91,11662.0,14577.5,0.8911,ai_heavy
2192,8,91,12202.7,15253.4,0.9092,ai_heavy
2193,9,91,12231.7,15289.6,0.9272,ai_heavy
2194,10,91,11641.0,14551.2,0.9441,ai_heavy
2195,11,91,12473.3,15591.7,0.9588,ai_heavy
2196,12,91,11946.6,14933.3,0.9703,ai_heavy
2197,13,91,11965.2,14956.5,0.9775,ai_heavy
2198,14,91,11988.7,14985.9,0.98,ai_heavy
2199,15,91,11972.2,14965.3,0.9775,ai_heavy
2200,16,91,10989.1,13736.3,0.9703,ai_heavy
2201,17,91,11837.5,14796.8,0.9588,ai_heavy
2202,18,91,11383.6,14229.5,0.9441,ai_heavy
2203,19,91,12406.8,15508.5,0.9272,ai_heavy
2204,20,91,12348.3,15435.4,0.9092,ai_heavy
2205,21,91,12045.5,15056.8,0.8911,ai_heavy
2206,22,91,11621.4,14526.8,0.874,ai_heavy
2207,23,91,11315.9,14144.8,0.8584,ai_heavy
2208,0,92,11331.6,14164.6,0.8118,ai_heavy
2209,1,92,12246.7,15308.4,0.8172,ai_heavy
2210,2,92,11348.3,14185.4,0.8244,ai_heavy
2211,3,92,10790.0,13487.5,0.8335,ai_heavy
2212,4,92,11996.7,14995.8,0.8449,ai_heavy
2213,5,92,12194.0,15242.5,0.8584,ai_heavy
2214,6,92,12287.8,15359.8,0.874,ai_heavy
2215,7,92,12111.1,15138.9,0.8911,ai_heavy
2216,8,92,12212.4,15265.4,0.9092,ai_heavy
2217,9,92,11848.4,14810.5,0.9272,ai_heavy
2218,10,92,11129.9,13912.4,0.9441,ai_heavy
2219,11,92,11913.7,14892.1,0.9588,ai_heavy
2220,12,92,12152.9,15191.1,0.9703,ai_heavy
2221,13,92,11898.9,14873.6,0.9775,ai_heavy
2222,14,92,11888.4,14860.4,0.98,ai_heavy
2223,15,92,11601.8,14502.3,0.9775,ai_heavy
2224,16,92,11571.9,14464.9,0.9703,ai_heavy
2225,17,92,12560.1,15700.2,0.9588,ai_heavy
2226,18,92,12536.7,15670.9,0.9441,ai_heavy
2227,19,92,11828.7,14785.9,0.9272,ai_heavy
2228,20,92,11887.0,14858.8,0.9092,ai_heavy
2229,21,92,11399.7,14249.6,0.8911,ai_heavy
2230,22,92,11930.8,14913.5,0.874,ai_heavy
2231,23,92,12284.7,15355.9,0.8584,ai_heavy
2232,0,93,11029.4,13786.7,0.8118,ai_heavy
2233,1,93,11733.3,14666.7,0.8172,ai_heavy
2234,2,93,11776.4,14720.5,0.8244,ai_heavy
2235,3,93,11794.2,14742.8,0.8335,ai_heavy
2236,4,93,12210.6,15263.2,0.8449,ai_heavy
2237,5,93,12381.5,15476.8,0.8584,ai_heavy
2238,6,93,11623.2,14529.0,0.874,ai_heavy
2239,7,93,11982.5,14978.1,0.8911,ai_heavy
2240,8,93,11817.3,14771.6,0.9092,ai_heavy
2241,9,93,11605.3,14506.6,0.9272,ai_heavy
2242,10,93,11965.7,14957.1,0.9441,ai_heavy
2243,11,93,12143.5,15179.4,0.9588,ai_heavy
2244,12,93,12008.1,15010.1,0.9703,ai_heavy
2245,13,93,11631.6,14539.4,0.9775,ai_heavy
2246,14,93,11787.0,14733.7,0.98,ai_heavy
2247,15,93,11784.0,14730.0,0.9775,ai_heavy
2248,16,93,11628.9,14536.1,0.9703,ai_heavy
2249,17,93,12015.7,15019.6,0.9588,ai_heavy
2250,18,93,12018.2,15022.7,0.9441,ai_heavy
2251,19,93,12177.3,15221.6,0.9272,ai_heavy
2252,20,93,11484.2,14355.2,0.9092,ai_heavy
2253,21,93,11541.8,14427.2,0.8911,ai_heavy
2254,22,93,12251.1,15313.8,0.874,ai_heavy
2255,23,93,11611.2,14513.9,0.8584,ai_heavy
2256,0,94,11570.1,14462.7,0.8118,ai_heavy
2257,1,94,11511.5,14389.4,0.8172,ai_heavy
2258,2,94,11982.9,14978.7,0.8244,ai_heavy
2259,3,94,12018.6,15023.3,0.8335,ai_heavy
2260,4,94,12025.7,15032.1,0.8449,ai_heavy
2261,5,94,11678.0,14597.6,0.8584,ai_heavy
2262,6,94,11398.8,14248.5,0.874,ai_heavy
2263,7,94,12423.6,15529.5,0.8911,ai_heavy
2264,8,94,12090.3,15112.9,0.9092,ai_heavy
2265,9,94,11667.6,14584.5,0.9272,ai_heavy
2266,10,94,12376.3,15470.3,0.9441,ai_heavy
2267,11,94,11712.4,14640.5,0.9588,ai_heavy
2268,12,94,12435.3,15544.2,0.9703,ai_heavy
2269,13,94,12477.2,15596.5,0.9775,ai_heavy
2270,14,94,11622.8,14528.4,0.98,ai_heavy
2271,15,94,12155.9,15194.9,0.9775,ai_heavy
2272,16,94,12210.4,15263.0,0.9703,ai_heavy
2273,17,94,12600.0,15750.0,0.9588,ai_heavy
2274,18,94,11605.0,14506.2,0.9441,ai_heavy
2275,19,94,12338.0,15422.5,0.9272,ai_heavy
2276,20,94,11793.6,14742.0,0.9092,ai_heavy
2277,21,94,11307.9,14134.8,0.8911,ai_heavy
2278,22,94,11663.0,14578.8,0.874,ai_heavy
2279,23,94,11669.6,14587.0,0.8584,ai_heavy
2280,0,95,11192.5,13990.6,0.8118,ai_heavy
2281,1,95,11680.7,14600.8,0.8172,ai_heavy
2282,2,95,11922.0,14902.5,0.8244,ai_heavy
2283,3,95,11693.4,14616.8,0.8335,ai_heavy
2284,4,95,11447.9,14309.8,0.8449,ai_heavy
2285,5,95,11616.8,14521.0,0.8584,ai_heavy
2286,6,95,11703.6,14629.5,0.874,ai_heavy
2287,7,95,11821.8,14777.3,0.8911,ai_heavy
2288,8,95,12179.9,15224.9,0.9092,ai_heavy
2289,9,95,11926.1,14907.7,0.9272,ai_heavy
2290,10,95,11369.8,14212.3,0.9441,ai_heavy
2291,11,95,11702.9,14628.6,0.9588,ai_heavy
2292,12,95,11989.9,14987.3,0.9703,ai_heavy
2293,13,95,12350.3,15437.9,0.9775,ai_heavy
2294,14,95,12418.6,15523.3,0.98,ai_heavy
2295,15,95,12583.5,15729.3,0.9775,ai_heavy
2296,16,95,11977.2,14971.5,0.9703,ai_heavy
2297,17,95,12176.3,15220.4,0.9588,ai_heavy
2298,18,95,11351.4,14189.2,0.9441,ai_heavy
2299,19,95,11982.2,14977.8,0.9272,ai_heavy
2300,20,95,11407.2,14259.0,0.9092,ai_heavy
2301,21,95,11723.2,14654.0,0.8911,ai_heavy
2302,22,95,12600.0,15750.0,0.874,ai_heavy
2303,23,95,11775.0,14718.8,0.8584,ai_heavy
2304,0,96,11252.0,14065.0,0.8083,ai_heavy
2305,1,96,11701.6,14627.0,0.812,ai_heavy
2306,2,96,11392.4,14240.5,0.8171,ai_heavy
2307,3,96,11253.0,14066.2,0.8235,ai_heavy
2308,4,96,12337.8,15422.2,0.8314,ai_heavy
2309,5,96,11999.9,14999.8,0.8409,ai_heavy
2310,6,96,11774.0,14717.5,0.8518,ai_heavy
2311,7,96,11544.0,14430.0,0.8638,ai_heavy
2312,8,96,11601.6,14502.1,0.8764,ai_heavy
2313,9,96,12283.6,15354.5,0.889,ai_heavy
2314,10,96,11876.3,14845.4,0.9009,ai_heavy
2315,11,96,10701.6,13377.0,0.9112,ai_heavy
2316,12,96,12600.0,15750.0,0.9192,ai_heavy
2317,13,96,11887.7,14859.6,0.9243,ai_heavy
2318,14,96,11948.7,14935.8,0.926,ai_heavy
2319,15,96,12208.2,15260.3,0.9243,ai_heavy
2320,16,96,11975.8,14969.8,0.9192,ai_heavy
2321,17,96,12056.4,15070.5,0.9112,ai_heavy
2322,18,96,11618.5,14523.1,0.9009,ai_heavy
2323,19,96,11307.2,14134.0,0.889,ai_heavy
2324,20,96,11809.3,14761.6,0.8764,ai_heavy
2325,21,96,12183.0,15228.7,0.8638,ai_heavy
2326,22,96,11426.7,14283.4,0.8518,ai_heavy
2327,23,96,11373.8,14217.2,0.8409,ai_heavy
2328,0,97,11974.5,14968.1,0.8083,ai_heavy
2329,1,97,11401.6,14252.0,0.812,ai_heavy
2330,2,97,11429.4,14286.7,0.8171,ai_heavy
2331,3,97,11457.2,14321.5,0.8235,ai_heavy
2332,4,97,11582.9,14478.6,0.8314,ai_heavy
2333,5,97,11078.8,13848.5,0.8409,ai_heavy
2334,6,97,11464.7,14330.8,0.8518,ai_heavy
2335,7,97,11762.0,14702.5,0.8638,ai_heavy
2336,8,97,11789.3,14736.6,0.8764,ai_heavy
2337,9,97,12148.2,15185.3,0.889,ai_heavy
2338,10,97,12417.5,15521.8,0.9009,ai_heavy
2339,11,97,12327.3,15409.1,0.9112,ai_heavy
2340,12,97,12135.0,15168.7,0.9192,ai_heavy
2341,13,97,11770.0,14712.5,0.9243,ai_heavy
2342,14,97,11605.8,14507.2,0.926,ai_heavy
2343,15,97,11829.1,14786.4,0.9243,ai_heavy
2344,16,97,12018.4,15023.0,0.9192,ai_heavy
2345,17,97,12083.0,15103.7,0.9112,ai_heavy
2346,18,97,11988.1,14985.1,0.9009,ai_heavy
2347,19,97,11697.7,14622.1,0.889,ai_heavy
2348,20,97,11987.3,14984.1,0.8764,ai_heavy
2349,21,97,12123.1,15153.9,0.8638,ai_heavy
2350,22,97,11960.9,14951.1,0.8518,ai_heavy
2351,23,97,11616.6,14520.7,0.8409,ai_heavy
2352,0,98,11270.5,14088.1,0.8118,ai_heavy
2353,1,98,11274.6,14093.2,0.8172,ai_heavy
2354,2,98,11352.2,14190.2,0.8244,ai_heavy
2355,3,98,11700.0,14625.0,0.8335,ai_heavy
2356,4,98,11818.5,14773.1,0.8449,ai_heavy
2357,5,98,11173.6,13967.0,0.8584,ai_heavy
2358,6,98,11528.2,14410.2,0.874,ai_heavy
2359,7,98,11831.0,14788.7,0.8911,ai_heavy
2360,8,98,11469.3,14336.7,0.9092,ai_heavy
2361,9,98,11983.6,14979.5,0.9272,ai_heavy
2362,10,98,11759.8,14699.8,0.9441,ai_heavy
2363,11,98,11645.4,14556.7,0.9588,ai_heavy
2364,12,98,11949.5,14936.9,0.9703,ai_heavy
2365,13,98,12088.0,15110.0,0.9775,ai_heavy
2366,14,98,11648.9,14561.2,0.98,ai_heavy
2367,15,98,11860.4,14825.5,0.9775,ai_heavy
2368,16,98,12097.8,15122.3,0.9703,ai_heavy
2369,17,98,11631.6,14539.4,0.9588,ai_heavy
2370,18,98,11279.0,14098.7,0.9441,ai_heavy
2371,19,98,11284.3,14105.4,0.9272,ai_heavy
2372,20,98,11639.6,14549.5,0.9092,ai_heavy
2373,21,98,11280.7,14100.9,0.8911,ai_heavy
2374,22,98,11583.1,14478.8,0.874,ai_heavy
2375,23,98,12251.6,15314.5,0.8584,ai_heavy
2376,0,99,11081.6,13852.0,0.8118,ai_heavy
2377,1,99,11474.2,14342.7,0.8172,ai_heavy
2378,2,99,12330.3,15412.9,0.8244,ai_heavy
2379,3,99,11752.6,14690.8,0.8335,ai_heavy
2380,4,99,11508.7,14385.8,0.8449,ai_heavy
2381,5,99,11613.8,14517.3,0.8584,ai_heavy
2382,6,99,11855.9,14819.9,0.874,ai_heavy
2383,7,99,12342.8,15428.5,0.8911,ai_heavy
2384,8,99,11599.7,14499.7,0.9092,ai_heavy
2385,9,99,11560.8,14451.0,0.9272,ai_heavy
2386,10,99,11378.3,14222.9,0.9441,ai_heavy
2387,11,99,11940.5,14925.7,0.9588,ai_heavy
2388,12,99,11427.3,14284.2,0.9703,ai_heavy
2389,13,99,11781.2,14726.5,0.9775,ai_heavy
2390,14,99,11627.3,14534.2,0.98,ai_heavy
2391,15,99,12332.4,15415.5,0.9775,ai_heavy
2392,16,99,11748.5,14685.6,0.9703,ai_heavy
2393,17,99,12045.5,15056.8,0.9588,ai_heavy
2394,18,99,11298.1,14122.6,0.9441,ai_heavy
2395,19,99,11876.3,14845.4,0.9272,ai_heavy
2396,20,99,11362.0,14202.5,0.9092,ai_heavy
2397,21,99,11595.3,14494.1,0.8911,ai_heavy
2398,22,99,12481.6,15602.0,0.874,ai_heavy
2399,23,99,11995.1,14993.8,0.8584,ai_heavy
2400,0,100,11515.2,14393.9,0.8118,ai_heavy
2401,1,100,12600.0,15750.0,0.8172,ai_heavy
2402,2,100,11270.8,14088.5,0.8244,ai_heavy
2403,3,100,12016.3,15020.4,0.8335,ai_heavy
2404,4,100,11102.0,13877.4,0.8449,ai_heavy
2405,5,100,11583.4,14479.2,0.8584,ai_heavy
2406,6,100,11231.9,14039.8,0.874,ai_heavy
2407,7,100,11835.9,14794.9,0.8911,ai_heavy
2408,8,100,11807.3,14759.1,0.9092,ai_heavy
2409,9,100,11720.5,14650.6,0.9272,ai_heavy
2410,10,100,12258.1,15322.7,0.9441,ai_heavy
2411,11,100,11701.2,14626.5,0.9588,ai_heavy
2412,12,100,12047.4,15059.3,0.9703,ai_heavy
2413,13,100,12241.5,15301.9,0.9775,ai_heavy
2414,14,100,11421.3,14276.7,0.98,ai_heavy
2415,15,100,11679.1,14598.9,0.9775,ai_heavy
2416,16,100,11949.7,14937.1,0.9703,ai_heavy
2417,17,100,12128.7,15160.9,0.9588,ai_heavy
2418,18,100,12375.3,15469.2,0.9441,ai_heavy
2419,19,100,11753.0,14691.3,0.9272,ai_heavy
2420,20,100,11675.6,14594.4,0.9092,ai_heavy
2421,21,100,11437.8,14297.3,0.8911,ai_heavy
2422,22,100,11821.0,14776.3,0.874,ai_heavy
2423,23,100,11564.7,14455.9,0.8584,ai_heavy
2424,0,101,11464.7,14330.8,0.8118,ai_heavy
2425,1,101,11539.7,14424.6,0.8172,ai_heavy
2426,2,101,11780.8,14726.0,0.8244,ai_heavy
2427,3,101,11414.1,14267.6,0.8335,ai_heavy
2428,4,101,11367.5,14209.3,0.8449,ai_heavy
2429,5,101,11819.9,14774.8,0.8584,ai_heavy
2430,6,101,10642.7,13303.3,0.874,ai_heavy
2431,7,101,11532.6,14415.7,0.8911,ai_heavy
2432,8,101,11380.3,14225.4,0.9092,ai_heavy
2433,9,101,12256.7,15320.8,0.9272,ai_heavy
2434,10,101,11712.3,14640.3,0.9441,ai_heavy
2435,11,101,11703.5,14629.3,0.9588,ai_heavy
2436,12,101,11913.0,14891.3,0.9703,ai_heavy
2437,13,101,11734.0,14667.5,0.9775,ai_heavy
2438,14,101,11808.8,14761.0,0.98,ai_heavy
2439,15,101,11982.2,14977.7,0.9775,ai_heavy
2440,16,101,11779.4,14724.2,0.9703,ai_heavy
2441,17,101,11750.4,14688.0,0.9588,ai_heavy
2442,18,101,11509.6,14387.0,0.9441,ai_heavy
2443,19,101,11420.2,14275.2,0.9272,ai_heavy
2444,20,101,11808.9,14761.1,0.9092,ai_heavy
2445,21,101,11853.3,14816.6,0.8911,ai_heavy
2446,22,101,11203.7,14004.6,0.874,ai_heavy
2447,23,101,11934.8,14918.5,0.8584,ai_heavy
2448,0,102,11824.6,14780.8,0.8118,ai_heavy
2449,1,102,11910.7,14888.3,0.8172,ai_heavy
2450,2,102,11693.3,14616.6,0.8244,ai_heavy
2451,3,102,11832.4,14790.5,0.8335,ai_heavy
2452,4,102,12399.8,15499.8,0.8449,ai_heavy
2453,5,102,11563.2,14454.0,0.8584,ai_heavy
2454,6,102,11338.0,14172.5,0.874,ai_heavy
2455,7,102,11204.7,14005.9,0.8911,ai_heavy
2456,8,102,12408.3,15510.4,0.9092,ai_heavy
2457,9,102,12457.4,15571.7,0.9272,ai_heavy
2458,10,102,11540.0,14425.1,0.9441,ai_heavy
2459,11,102,11644.0,14555.0,0.9588,ai_heavy
2460,12,102,11814.5,14768.1,0.9703,ai_heavy
2461,13,102,12386.2,15482.7,0.9775,ai_heavy
2462,14,102,11491.6,14364.5,0.98,ai_heavy
2463,15,102,11242.5,14053.1,0.9775,ai_heavy
2464,16,102,12600.0,15750.0,0.9703,ai_heavy
2465,17,102,12015.3,15019.1,0.9588,ai_heavy
2466,18,102,12031.1,15038.8,0.9441,ai_heavy
2467,19,102,11756.9,14696.1,0.9272,ai_heavy
2468,20,102,11952.2,14940.2,0.9092,ai_heavy
2469,21,102,11211.7,14014.7,0.8911,ai_heavy
2470,22,102,11409.9,14262.3,0.874,ai_heavy
2471,23,102,11705.6,14631.9,0.8584,ai_heavy
2472,0,103,10764.4,13455.5,0.8083,ai_heavy
2473,1,103,11455.3,14319.1,0.812,ai_heavy
2474,2,103,11445.5,14306.9,0.8171,ai_heavy
2475,3,103,11481.7,14352.1,0.8235,ai_heavy
2476,4,103,11413.7,14267.1,0.8314,ai_heavy
2477,5,103,11280.3,14100.4,0.8409,ai_heavy
2478,6,103,11016.2,13770.3,0.8518,ai_heavy
2479,7,103,11732.0,14665.0,0.8638,ai_heavy
2480,8,103,11605.4,14506.7,0.8764,ai_heavy
2481,9,103,11256.0,14069.9,0.889,ai_heavy
2482,10,103,11790.2,14737.7,0.9009,ai_heavy
2483,11,103,11687.9,14609.8,0.9112,ai_heavy
2484,12,103,11647.6,14559.4,0.9192,ai_heavy
2485,13,103,11057.8,13822.2,0.9243,ai_heavy
2486,14,103,12069.1,15086.4,0.926,ai_heavy
2487,15,103,11385.4,14231.8,0.9243,ai_heavy
2488,16,103,11833.3,14791.7,0.9192,ai_heavy
2489,17,103,11506.3,14382.8,0.9112,ai_heavy
2490,18,103,11630.9,14538.6,0.9009,ai_heavy
2491,19,103,12146.2,15182.7,0.889,ai_heavy
2492,20,103,11897.6,14872.0,0.8764,ai_heavy
2493,21,103,12077.3,15096.6,0.8638,ai_heavy
2494,22,103,11768.7,14710.9,0.8518,ai_heavy
2495,23,103,11765.9,14707.4,0.8409,ai_heavy
2496,0,104,10934.1,13667.7,0.8083,ai_heavy
2497,1,104,11450.1,14312.6,0.812,ai_heavy
2498,2,104,11493.8,14367.3,0.8171,ai_heavy
2499,3,104,12012.3,15015.3,0.8235,ai_heavy
2500,4,104,11429.3,14286.6,0.8314,ai_heavy
2501,5,104,11720.1,14650.1,0.8409,ai_heavy
2502,6,104,11732.1,14665.2,0.8518,ai_heavy
2503,7,104,12087.0,15108.7,0.8638,ai_heavy
2504,8,104,11663.8,14579.8,0.8764,ai_heavy
2505,9,104,12031.9,15039.9,0.889,ai_heavy
2506,10,104,11166.2,13957.7,0.9009,ai_heavy
2507,11,104,11221.2,14026.5,0.9112,ai_heavy
2508,12,104,11001.9,13752.3,0.9192,ai_heavy
2509,13,104,12101.5,15126.9,0.9243,ai_heavy
2510,14,104,12065.9,15082.3,0.926,ai_heavy
2511,15,104,12140.9,15176.1,0.9243,ai_heavy
2512,16,104,11570.9,14463.6,0.9192,ai_heavy
2513,17,104,11592.8,14491.0,0.9112,ai_heavy
2514,18,104,11725.4,14656.7,0.9009,ai_heavy
2515,19,104,12248.8,15311.0,0.889,ai_heavy
2516,20,104,12305.9,15382.4,0.8764,ai_heavy
2517,21,104,11959.5,14949.3,0.8638,ai_heavy
2518,22,104,11768.9,14711.2,0.8518,ai_heavy
2519,23,104,12093.5,15116.9,0.8409,ai_heavy
2520,0,105,11471.0,14338.7,0.8118,ai_heavy
2521,1,105,11436.6,14295.7,0.8172,ai_heavy
2522,2,105,11544.1,14430.2,0.8244,ai_heavy
2523,3,105,11269.6,14086.9,0.8335,ai_heavy
2524,4,105,11575.9,14469.9,0.8449,ai_heavy
2525,5,105,11277.6,14097.0,0.8584,ai_heavy
2526,6,105,12065.1,15081.4,0.874,ai_heavy
2527,7,105,11936.8,14921.1,0.8911,ai_heavy
2528,8,105,12293.0,15366.2,0.9092,ai_heavy
2529,9,105,11251.4,14064.3,0.9272,ai_heavy
2530,10,105,12546.4,15683.0,0.9441,ai_heavy
2531,11,105,11342.2,14177.7,0.9588,ai_heavy
2532,12,105,11501.5,14376.9,0.9703,ai_heavy
2533,13,105,11724.9,14656.1,0.9775,ai_heavy
2534,14,105,12422.1,15527.7,0.98,ai_heavy
2535,15,105,12028.2,15035.3,0.9775,ai_heavy
2536,16,105,11843.2,14804.0,0.9703,ai_heavy
2537,17,105,11620.7,14525.8,0.9588,ai_heavy
2538,18,105,11379.3,14224.2,0.9441,ai_heavy
2539,19,105,12231.6,15289.5,0.9272,ai_heavy
2540,20,105,12069.9,15087.4,0.9092,ai_heavy
2541,21,105,12221.8,15277.3,0.8911,ai_heavy
2542,22,105,11844.5,14805.6,0.874,ai_heavy
2543,23,105,10743.8,13429.8,0.8584,ai_heavy
2544,0,106,11128.1,13910.1,0.8118,ai_heavy
2545,1,106,11733.7,14667.1,0.8172,ai_heavy
2546,2,106,11460.5,14325.6,0.8244,ai_heavy
2547,3,106,11415.8,14269.8,0.8335,ai_heavy
2548,4,106,11251.9,14064.8,0.8449,ai_heavy
2549,5,106,12000.5,15000.6,0.8584,ai_heavy
2550,6,106,11865.4,14831.7,0.874,ai_heavy
2551,7,106,11921.9,14902.3,0.8911,ai_heavy
2552,8,106,11563.4,14454.3,0.9092,ai_heavy
2553,9,106,11892.2,14865.3,0.9272,ai_heavy
2554,10,106,11392.9,14241.2,0.9441,ai_heavy
2555,11,106,11857.3,14821.7,0.9588,ai_heavy
2556,12,106,11025.7,13782.1,0.9703,ai_heavy
2557,13,106,11385.3,14231.7,0.9775,ai_heavy
2558,14,106,11837.6,14797.0,0.98,ai_heavy
2559,15,106,12600.0,15750.0,0.9775,ai_heavy
2560,16,106,11285.9,14107.4,0.9703,ai_heavy
2561,17,106,11459.6,14324.5,0.9588,ai_heavy
2562,18,106,11946.5,14933.1,0.9441,ai_heavy
2563,19,106,12457.6,15572.0,0.9272,ai_heavy
2564,20,106,11859.0,14823.7,0.9092,ai_heavy
2565,21,106,11992.7,14990.8,0.8911,ai_heavy
2566,22,106,11586.6,14483.3,0.874,ai_heavy
2567,23,106,11490.0,14362.5,0.8584,ai_heavy
2568,0,107,11588.2,14485.2,0.8118,ai_heavy
2569,1,107,11343.7,14179.7,0.8172,ai_heavy
2570,2,107,11840.8,14801.0,0.8244,ai_heavy
2571,3,107,11051.0,13813.7,0.8335,ai_heavy
2572,4,107,11947.7,14934.7,0.8449,ai_heavy
2573,5,107,11682.5,14603.1,0.8584,ai_heavy
2574,6,107,11629.8,14537.2,0.874,ai_heavy
2575,7,107,11166.3,13957.9,0.8911,ai_heavy
2576,8,107,11441.0,14301.2,0.9092,ai_heavy
2577,9,107,12255.0,15318.8,0.9272,ai_heavy
2578,10,107,11795.0,14743.7,0.9441,ai_heavy
2579,11,107,12003.1,15003.9,0.9588,ai_heavy
2580,12,107,11615.6,14519.6,0.9703,ai_heavy
2581,13,107,11937.0,14921.2,0.9775,ai_heavy
2582,14,107,11461.2,14326.4,0.98,ai_heavy
2583,15,107,11983.2,14979.0,0.9775,ai_heavy
2584,16,107,12063.1,15078.9,0.9703,ai_heavy
2585,17,107,12018.2,15022.8,0.9588,ai_heavy
2586,18,107,11547.5,14434.4,0.9441,ai_heavy
2587,19,107,11708.3,14635.3,0.9272,ai_heavy
2588,20,107,11977.4,14971.8,0.9092,ai_heavy
2589,21,107,11670.8,14588.5,0.8911,ai_heavy
2590,22,107,11604.3,14505.3,0.874,ai_heavy
2591,23,107,12335.1,15418.8,0.8584,ai_heavy
2592,0,108,11229.9,14037.4,0.8118,ai_heavy
2593,1,108,11947.4,14934.2,0.8172,ai_heavy
2594,2,108,11187.6,13984.4,0.8244,ai_heavy
2595,3,108,11838.5,14798.2,0.8335,ai_heavy
2596,4,108,11884.3,14855.3,0.8449,ai_heavy
2597,5,108,11490.1,14362.6,0.8584,ai_heavy
2598,6,108,11277.6,14097.0,0.874,ai_heavy
2599,7,108,11051.0,13813.7,0.8911,ai_heavy
2600,8,108,11570.0,14462.4,0.9092,ai_heavy
2601,9,108,12016.4,15020.5,0.9272,ai_heavy
2602,10,108,11485.6,14356.9,0.9441,ai_heavy
2603,11,108,11938.3,14922.9,0.9588,ai_heavy
2604,12,108,11402.0,14252.5,0.9703,ai_heavy
2605,13,108,11863.6,14829.4,0.9775,ai_heavy
2606,14,108,11541.9,14427.3,0.98,ai_heavy
2607,15,108,11919.4,14899.3,0.9775,ai_heavy
2608,16,108,11751.1,14688.9,0.9703,ai_heavy
2609,17,108,11478.6,14348.3,0.9588,ai_heavy
2610,18,108,11634.7,14543.3,0.9441,ai_heavy
2611,19,108,11498.1,14372.6,0.9272,ai_heavy
2612,20,108,11322.8,14153.5,0.9092,ai_heavy
2613,21,108,12126.8,15158.5,0.8911,ai_heavy
2614,22,108,11578.7,14473.4,0.874,ai_heavy
2615,23,108,10897.8,13622.3,0.8584,ai_heavy
2616,0,109,11343.5,14179.4,0.8118,ai_heavy
2617,1,109,11889.8,14862.3,0.8172,ai_heavy
2618,2,109,11324.3,14155.4,0.8244,ai_heavy
2619,3,109,12132.1,15165.2,0.8335,ai_heavy
2620,4,109,11338.0,14172.4,0.8449,ai_heavy
2621,5,109,11845.0,14806.2,0.8584,ai_heavy
2622,6,109,12069.2,15086.5,0.874,ai_heavy
2623,7,109,11903.9,14879.9,0.8911,ai_heavy
2624,8,109,11301.4,14126.8,0.9092,ai_heavy
2625,9,109,11495.2,14369.0,0.9272,ai_heavy
2626,10,109,12285.9,15357.4,0.9441,ai_heavy
2627,11,109,11616.4,14520.5,0.9588,ai_heavy
2628,12,109,12279.6,15349.6,0.9703,ai_heavy
2629,13,109,11793.2,14741.5,0.9775,ai_heavy
2630,14,109,12003.9,15004.9,0.98,ai_heavy
2631,15,109,11450.6,14313.2,0.9775,ai_heavy
2632,16,109,11712.7,14640.9,0.9703,ai_heavy
2633,17,109,11591.1,14488.9,0.9588,ai_heavy
2634,18,109,11949.6,14937.0,0.9441,ai_heavy
2635,19,109,11862.7,14828.4,0.9272,ai_heavy
2636,20,109,11951.1,14938.8,0.9092,ai_heavy
2637,21,109,11572.4,14465.5,0.8911,ai_heavy
2638,22,109,11378.5,14223.1,0.874,ai_heavy
2639,23,109,11732.7,14665.9,0.8584,ai_heavy
2640,0,110,11194.6,13993.2,0.8083,ai_heavy
2641,1,110,11934.2,14917.8,0.812,ai_heavy
2642,2,110,11532.1,14415.2,0.8171,ai_heavy
2643,3,110,11473.6,14341.9,0.8235,ai_heavy
2644,4,110,11766.4,14708.0,0.8314,ai_heavy
2645,5,110,11601.1,14501.4,0.8409,ai_heavy
2646,6,110,11073.6,13842.0,0.8518,ai_heavy
2647,7,110,11309.3,14136.7,0.8638,ai_heavy
2648,8,110,12082.4,15103.0,0.8764,ai_heavy
2649,9,110,11769.9,14712.4,0.889,ai_heavy
2650,10,110,11174.4,13968.0,0.9009,ai_heavy
2651,11,110,11916.8,14896.0,0.9112,ai_heavy
2652,12,110,11612.7,14515.9,0.9192,ai_heavy
2653,13,110,11512.6,14390.8,0.9243,ai_heavy
2654,14,110,11420.6,14275.8,0.926,ai_heavy
2655,15,110,12177.4,15221.8,0.9243,ai_heavy
2656,16,110,11114.5,13893.1,0.9192,ai_heavy
2657,17,110,11495.9,14369.9,0.9112,ai_heavy
2658,18,110,11810.5,14763.1,0.9009,ai_heavy
2659,19,110,12296.3,15370.3,0.889,ai_heavy
2660,20,110,11905.4,14881.8,0.8764,ai_heavy
2661,21,110,11384.8,14231.0,0.8638,ai_heavy
2662,22,110,12187.9,15234.8,0.8518,ai_heavy
2663,23,110,11155.0,13943.8,0.8409,ai_heavy
2664,0,111,11643.3,14554.2,0.8083,ai_heavy
2665,1,111,11729.4,14661.7,0.812,ai_heavy
2666,2,111,11266.0,14082.5,0.8171,ai_heavy
2667,3,111,11829.4,14786.8,0.8235,ai_heavy
2668,4,111,11426.6,14283.3,0.8314,ai_heavy
2669,5,111,11870.2,14837.8,0.8409,ai_heavy
2670,6,111,11010.1,13762.6,0.8518,ai_heavy
2671,7,111,11798.7,14748.3,0.8638,ai_heavy
2672,8,111,11566.0,14457.6,0.8764,ai_heavy
2673,9,111,12145.3,15181.6,0.889,ai_heavy
2674,10,111,11752.6,14690.7,0.9009,ai_heavy
2675,11,111,12234.1,15292.7,0.9112,ai_heavy
2676,12,111,11990.8,14988.5,0.9192,ai_heavy
2677,13,111,11777.5,14721.9,0.9243,ai_heavy
2678,14,111,12106.3,15132.9,0.926,ai_heavy
2679,15,111,12104.4,15130.5,0.9243,ai_heavy
2680,16,111,11978.1,14972.6,0.9192,ai_heavy
2681,17,111,10981.3,13726.6,0.9112,ai_heavy
2682,18,111,11421.2,14276.5,0.9009,ai_heavy
2683,19,111,12227.8,15284.8,0.889,ai_heavy
2684,20,111,11269.6,14087.0,0.8764,ai_heavy
2685,21,111,11990.5,14988.2,0.8638,ai_heavy
2686,22,111,11900.2,14875.2,0.8518,ai_heavy
2687,23,111,11374.6,14218.2,0.8409,ai_heavy
2688,0,112,10867.8,13584.7,0.8118,ai_heavy
2689,1,112,11374.8,14218.5,0.8172,ai_heavy
2690,2,112,12311.5,15389.3,0.8244,ai_heavy
2691,3,112,11309.8,14137.2,0.8335,ai_heavy
2692,4,112,11359.7,14199.7,0.8449,ai_heavy
2693,5,112,11319.5,14149.4,0.8584,ai_heavy
2694,6,112,12131.7,15164.7,0.874,ai_heavy
2695,7,112,11659.7,14574.6,0.8911,ai_heavy
2696,8,112,11566.1,14457.7,0.9092,ai_heavy
2697,9,112,12331.3,15414.1,0.9272,ai_heavy
2698,10,112,12075.6,15094.5,0.9441,ai_heavy
2699,11,112,11575.4,14469.3,0.9588,ai_heavy
2700,12,112,11492.5,14365.6,0.9703,ai_heavy
2701,13,112,12362.5,15453.1,0.9775,ai_heavy
2702,14,112,11959.2,14949.0,0.98,ai_heavy
2703,15,112,11392.2,14240.2,0.9775,ai_heavy
2704,16,112,11292.2,14115.3,0.9703,ai_heavy
2705,17,112,11505.2,14381.4,0.9588,ai_heavy
2706,18,112,11427.9,14284.9,0.9441,ai_heavy
2707,19,112,11103.5,13879.4,0.9272,ai_heavy
2708,20,112,11398.7,14248.3,0.9092,ai_heavy
2709,21,112,11421.4,14276.8,0.8911,ai_heavy
2710,22,112,11542.7,14428.4,0.874,ai_heavy
2711,23,112,12261.4,15326.7,0.8584,ai_heavy
2712,0,113,11467.1,14333.9,0.8118,ai_heavy
2713,1,113,11514.1,14392.6,0.8172,ai_heavy
2714,2,113,11766.1,14707.6,0.8244,ai_heavy
2715,3,113,11527.8,14409.7,0.8335,ai_heavy
2716,4,113,11776.7,14720.9,0.8449,ai_heavy
2717,5,113,11767.0,14708.7,0.8584,ai_heavy
2718,6,113,11748.2,14685.3,0.874,ai_heavy
2719,7,113,12600.0,15750.0,0.8911,ai_heavy
2720,8,113,12109.7,15137.1,0.9092,ai_heavy
2721,9,113,11445.7,14307.2,0.9272,ai_heavy
2722,10,113,12001.1,15001.4,0.9441,ai_heavy
2723,11,113,11621.0,14526.2,0.9588,ai_heavy
2724,12,113,12090.2,15112.7,0.9703,ai_heavy
2725,13,113,11454.5,14318.1,0.9775,ai_heavy
2726,14,113,11556.0,14444.9,0.98,ai_heavy
2727,15,113,12070.7,15088.3,0.9775,ai_heavy
2728,16,113,12287.5,15359.4,0.9703,ai_heavy
2729,17,113,12083.2,15104.0,0.9588,ai_heavy
2730,18,113,12173.4,15216.8,0.9441,ai_heavy
2731,19,113,11962.3,14952.9,0.9272,ai_heavy
2732,20,113,11848.5,14810.6,0.9092,ai_heavy
2733,21,113,11567.8,14459.7,0.8911,ai_heavy
2734,22,113,11990.6,14988.3,0.874,ai_heavy
2735,23,113,12027.5,15034.4,0.8584,ai_heavy
2736,0,114,11537.8,14422.2,0.8118,ai_heavy
2737,1,114,11531.7,14414.6,0.8172,ai_heavy
2738,2,114,12142.3,15177.9,0.8244,ai_heavy
2739,3,114,11603.3,14504.2,0.8335,ai_heavy
2740,4,114,11663.4,14579.3,0.8449,ai_heavy
2741,5,114,11838.3,14797.8,0.8584,ai_heavy
2742,6,114,11670.8,14588.5,0.874,ai_heavy
2743,7,114,11456.2,14320.3,0.8911,ai_heavy
2744,8,114,11921.1,14901.4,0.9092,ai_heavy
2745,9,114,11815.9,14769.9,0.9272,ai_heavy
2746,10,114,12525.3,15656.6,0.9441,ai_heavy
2747,11,114,12185.3,15231.6,0.9588,ai_heavy
2748,12,114,11717.3,14646.6,0.9703,ai_heavy
2749,13,114,12208.7,15260.9,0.9775,ai_heavy
2750,14,114,12063.6,15079.5,0.98,ai_heavy
2751,15,114,12416.7,15520.9,0.9775,ai_heavy
2752,16,114,11742.7,14678.4,0.9703,ai_heavy
2753,17,114,11971.1,14963.9,0.9588,ai_heavy
2754,18,114,11834.0,14792.5,0.9441,ai_heavy
2755,19,114,11850.4,14813.0,0.9272,ai_heavy
2756,20,114,11474.4,14343.1,0.9092,ai_heavy
2757,21,114,11948.2,14935.2,0.8911,ai_heavy
2758,22,114,11851.9,14814.9,0.874,ai_heavy
2759,23,114,12118.7,15148.3,0.8584,ai_heavy
2760,0,115,11556.2,14445.3,0.8118,ai_heavy
2761,1,115,11429.3,14286.6,0.8172,ai_heavy
2762,2,115,11863.4,14829.3,0.8244,ai_heavy
2763,3,115,11333.8,14167.3,0.8335,ai_heavy
2764,4,115,12015.8,15019.8,0.8449,ai_heavy
2765,5,115,12047.8,15059.8,0.8584,ai_heavy
2766,6,115,12146.7,15183.3,0.874,ai_heavy
2767,7,115,11878.0,14847.5,0.8911,ai_heavy
2768,8,115,11615.4,14519.3,0.9092,ai_heavy
2769,9,115,11868.4,14835.5,0.9272,ai_heavy
2770,10,115,12004.6,15005.8,0.9441,ai_heavy
2771,11,115,11703.7,14629.6,0.9588,ai_heavy
2772,12,115,12407.6,15509.5,0.9703,ai_heavy
2773,13,115,12155.3,15194.1,0.9775,ai_heavy
2774,14,115,11633.3,14541.6,0.98,ai_heavy
2775,15,115,12600.0,15750.0,0.9775,ai_heavy
2776,16,115,11965.3,14956.6,0.9703,ai_heavy
2777,17,115,11513.0,14391.2,0.9588,ai_heavy
2778,18,115,11573.6,14467.0,0.9441,ai_heavy
2779,19,115,12357.6,15447.0,0.9272,ai_heavy
2780,20,115,12432.8,15541.0,0.9092,ai_heavy
2781,21,115,12101.0,15126.2,0.8911,ai_heavy
2782,22,115,12168.4,15210.6,0.874,ai_heavy
2783,23,115,12094.6,15118.3,0.8584,ai_heavy
2784,0,116,11752.8,14691.0,0.8118,ai_heavy
2785,1,116,11686.5,14608.1,0.8172,ai_heavy
2786,2,116,11776.7,14720.9,0.8244,ai_heavy
2787,3,116,11866.8,14833.5,0.8335,ai_heavy
2788,4,116,11378.1,14222.7,0.8449,ai_heavy
2789,5,116,11925.0,14906.2,0.8584,ai_heavy
2790,6,116,12217.4,15271.7,0.874,ai_heavy
2791,7,116,11672.6,14590.7,0.8911,ai_heavy
2792,8,116,11676.7,14595.9,0.9092,ai_heavy
2793,9,116,11998.8,14998.5,0.9272,ai_heavy
2794,10,116,11637.9,14547.4,0.9441,ai_heavy
2795,11,116,11433.5,14291.8,0.9588,ai_heavy
2796,12,116,12341.2,15426.5,0.9703,ai_heavy
2797,13,116,11785.8,14732.2,0.9775,ai_heavy
2798,14,116,11959.8,14949.8,0.98,ai_heavy
2799,15,116,11728.7,14660.9,0.9775,ai_heavy
2800,16,116,12387.4,15484.3,0.9703,ai_heavy
2801,17,116,12208.4,15260.5,0.9588,ai_heavy
2802,18,116,11783.5,14729.4,0.9441,ai_heavy
2803,19,116,11410.9,14263.6,0.9272,ai_heavy
2804,20,116,11664.8,14581.0,0.9092,ai_heavy
2805,21,116,11946.2,14932.7,0.8911,ai_heavy
2806,22,116,11771.4,14714.3,0.874,ai_heavy
2807,23,116,11706.9,14633.7,0.8584,ai_heavy
2808,0,117,11624.7,14530.9,0.8083,ai_heavy
2809,1,117,11823.4,14779.2,0.812,ai_heavy
2810,2,117,11557.4,14446.7,0.8171,ai_heavy
2811,3,117,11743.3,14679.2,0.8235,ai_heavy
2812,4,117,11261.9,14077.4,0.8314,ai_heavy
2813,5,117,12518.6,15648.2,0.8409,ai_heavy
2814,6,117,11554.0,14442.5,0.8518,ai_heavy
2815,7,117,11752.6,14690.8,0.8638,ai_heavy
2816,8,117,11909.8,14887.3,0.8764,ai_heavy
2817,9,117,11595.7,14494.6,0.889,ai_heavy
2818,10,117,11770.9,14713.6,0.9009,ai_heavy
2819,11,117,11790.7,14738.3,0.9112,ai_heavy
2820,12,117,11487.0,14358.8,0.9192,ai_heavy
2821,13,117,11978.3,14972.9,0.9243,ai_heavy
2822,14,117,11241.7,14052.1,0.926,ai_heavy
2823,15,117,12444.4,15555.5,0.9243,ai_heavy
2824,16,117,12091.9,15114.8,0.9192,ai_heavy
2825,17,117,12018.3,15022.9,0.9112,ai_heavy
2826,18,117,11155.0,13943.7,0.9009,ai_heavy
2827,19,117,11461.2,14326.5,0.889,ai_heavy
2828,20,117,12198.9,15248.7,0.8764,ai_heavy
2829,21,117,12600.0,15750.0,0.8638,ai_heavy
2830,22,117,12070.9,15088.6,0.8518,ai_heavy
2831,23,117,11989.4,14986.8,0.8409,ai_heavy
2832,0,118,11733.3,14666.6,0.8083,ai_heavy
2833,1,118,11266.3,14082.8,0.812,ai_heavy
2834,2,118,11917.4,14896.7,0.8171,ai_heavy
2835,3,118,11204.1,14005.2,0.8235,ai_heavy
2836,4,118,11184.0,13980.0,0.8314,ai_heavy
2837,5,118,11183.5,13979.3,0.8409,ai_heavy
2838,6,118,11994.3,14992.9,0.8518,ai_heavy
2839,7,118,11661.2,14576.5,0.8638,ai_heavy
2840,8,118,11746.3,14682.8,0.8764,ai_heavy
2841,9,118,11734.9,14668.7,0.889,ai_heavy
2842,10,118,11370.7,14213.3,0.9009,ai_heavy
2843,11,118,11554.9,14443.6,0.9112,ai_heavy
2844,12,118,11591.1,14488.8,0.9192,ai_heavy
2845,13,118,11324.3,14155.4,0.9243,ai_heavy
2846,14,118,11647.9,14559.9,0.926,ai_heavy
2847,15,118,11439.3,14299.1,0.9243,ai_heavy
2848,16,118,12015.6,15019.5,0.9192,ai_heavy
2849,17,118,12026.0,15032.5,0.9112,ai_heavy
2850,18,118,11311.4,14139.2,0.9009,ai_heavy
2851,19,118,11635.9,14544.8,0.889,ai_heavy
2852,20,118,12362.9,15453.6,0.8764,ai_heavy
2853,21,118,11337.6,14172.0,0.8638,ai_heavy
2854,22,118,11802.4,14753.0,0.8518,ai_heavy
2855,23,118,11664.5,14580.7,0.8409,ai_heavy
2856,0,119,11938.7,14923.4,0.8118,ai_heavy
2857,1,119,11674.9,14593.6,0.8172,ai_heavy
2858,2,119,11439.1,14298.8,0.8244,ai_heavy
2859,3,119,11633.7,14542.1,0.8335,ai_heavy
2860,4,119,11665.4,14581.8,0.8449,ai_heavy
2861,5,119,11636.6,14545.8,0.8584,ai_heavy
2862,6,119,11241.9,14052.4,0.874,ai_heavy
2863,7,119,12183.3,15229.1,0.8911,ai_heavy
2864,8,119,12164.6,15205.7,0.9092,ai_heavy
2865,9,119,11459.1,14323.8,0.9272,ai_heavy
2866,10,119,11762.2,14702.7,0.9441,ai_heavy
2867,11,119,11823.3,14779.2,0.9588,ai_heavy
2868,12,119,11516.5,14395.6,0.9703,ai_heavy
2869,13,119,11278.3,14097.9,0.9775,ai_heavy
2870,14,119,11712.7,14640.9,0.98,ai_heavy
2871,15,119,11819.6,14774.6,0.9775,ai_heavy
2872,16,119,11414.6,14268.3,0.9703,ai_heavy
2873,17,119,11966.9,14958.6,0.9588,ai_heavy
2874,18,119,12283.3,15354.2,0.9441,ai_heavy
2875,19,119,12128.5,15160.6,0.9272,ai_heavy
2876,20,119,11742.7,14678.3,0.9092,ai_heavy
2877,21,119,11096.8,13871.0,0.8911,ai_heavy
2878,22,119,11956.5,14945.6,0.874,ai_heavy
2879,23,119,11720.0,14650.0,0.8584,ai_heavy
2880,0,120,11706.8,14633.6,0.8118,ai_heavy
2881,1,120,12244.4,15305.5,0.8172,ai_heavy
2882,2,120,11302.2,14127.8,0.8244,ai_heavy
2883,3,120,10609.1,13261.4,0.8335,ai_heavy
2884,4,120,11269.3,14086.6,0.8449,ai_heavy
2885,5,120,11838.9,14798.6,0.8584,ai_heavy
2886,6,120,11714.6,14643.3,0.874,ai_heavy
2887,7,120,11316.9,14146.2,0.8911,ai_heavy
2888,8,120,11285.4,14106.8,0.9092,ai_heavy
2889,9,120,11703.8,14629.7,0.9272,ai_heavy
2890,10,120,11425.6,14282.0,0.9441,ai_heavy
2891,11,120,12089.6,15112.0,0.9588,ai_heavy
2892,12,120,11783.2,14729.0,0.9703,ai_heavy
2893,13,120,11722.6,14653.3,0.9775,ai_heavy
2894,14,120,11681.3,14601.6,0.98,ai_heavy
2895,15,120,12041.7,15052.1,0.9775,ai_heavy
2896,16,120,11945.7,14932.1,0.9703,ai_heavy
2897,17,120,11975.8,14969.8,0.9588,ai_heavy
2898,18,120,11933.4,14916.8,0.9441,ai_heavy
2899,19,120,11804.0,14755.0,0.9272,ai_heavy
2900,20,120,11422.1,14277.7,0.9092,ai_heavy
2901,21,120,11487.9,14359.9,0.8911,ai_heavy
2902,22,120,11566.6,14458.2,0.874,ai_heavy
2903,23,120,12391.7,15489.6,0.8584,ai_heavy
2904,0,121,11091.9,13864.9,0.8118,ai_heavy
2905,1,121,11426.8,14283.5,0.8172,ai_heavy
2906,2,121,11623.2,14529.0,0.8244,ai_heavy
2907,3,121,11504.8,14381.0,0.8335,ai_heavy
2908,4,121,12012.0,15015.0,0.8449,ai_heavy
2909,5,121,11560.8,14450.9,0.8584,ai_heavy
2910,6,121,11622.8,14528.5,0.874,ai_heavy
2911,7,121,12032.3,15040.4,0.8911,ai_heavy
2912,8,121,12427.8,15534.7,0.9092,ai_heavy
2913,9,121,12329.1,15411.4,0.9272,ai_heavy
2914,10,121,11820.6,14775.8,0.9441,ai_heavy
2915,11,121,11886.0,14857.5,0.9588,ai_heavy
2916,12,121,11947.2,14933.9,0.9703,ai_heavy
2917,13,121,12000.1,15000.1,0.9775,ai_heavy
2918,14,121,11649.3,14561.7,0.98,ai_heavy
2919,15,121,12283.1,15353.9,0.9775,ai_heavy
2920,16,121,12004.4,15005.5,0.9703,ai_heavy
2921,17,121,11887.7,14859.6,0.9588,ai_heavy
2922,18,121,11416.6,14270.8,0.9441,ai_heavy
2923,19,121,11851.7,14814.7,0.9272,ai_heavy
2924,20,121,11118.0,13897.5,0.9092,ai_heavy
2925,21,121,11540.3,14425.4,0.8911,ai_heavy
2926,22,121,11507.4,14384.3,0.874,ai_heavy
2927,23,121,11769.2,14711.5,0.8584,ai_heavy
2928,0,122,12211.6,15264.5,0.8118,ai_heavy
2929,1,122,11770.8,14713.5,0.8172,ai_heavy
2930,2,122,12092.6,15115.7,0.8244,ai_heavy
2931,3,122,11835.2,14794.0,0.8335,ai_heavy
2932,4,122,12029.8,15037.2,0.8449,ai_heavy
2933,5,122,12318.9,15398.6,0.8584,ai_heavy
2934,6,122,11448.2,14310.2,0.874,ai_heavy
2935,7,122,11464.4,14330.5,0.8911,ai_heavy
2936,8,122,12024.0,15030.0,0.9092,ai_heavy
2937,9,122,11828.3,14785.4,0.9272,ai_heavy
2938,10,122,11947.7,14934.7,0.9441,ai_heavy
2939,11,122,11814.9,14768.6,0.9588,ai_heavy
2940,12,122,11717.0,14646.3,0.9703,ai_heavy
2941,13,122,12528.3,15660.4,0.9775,ai_heavy
2942,14,122,11558.8,14448.5,0.98,ai_heavy
2943,15,122,12193.4,15241.8,0.9775,ai_heavy
2944,16,122,12118.1,15147.6,0.9703,ai_heavy
2945,17,122,11339.8,14174.8,0.9588,ai_heavy
2946,18,122,11573.4,14466.8,0.9441,ai_heavy
2947,19,122,11594.5,14493.1,0.9272,ai_heavy
2948,20,122,11987.1,14983.9,0.9092,ai_heavy
2949,21,122,11615.9,14519.9,0.8911,ai_heavy
2950,22,122,11675.1,14593.9,0.874,ai_heavy
2951,23,122,11158.5,13948.1,0.8584,ai_heavy
2952,0,123,12366.3,15457.9,0.8118,ai_heavy
2953,1,123,11597.0,14496.2,0.8172,ai_heavy
2954,2,123,11762.5,14703.1,0.8244,ai_heavy
2955,3,123,11422.1,14277.7,0.8335,ai_heavy
2956,4,123,11409.2,14261.5,0.8449,ai_heavy
2957,5,123,12338.3,15422.9,0.8584,ai_heavy
2958,6,123,11032.1,13790.1,0.874,ai_heavy
2959,7,123,11843.5,14804.3,0.8911,ai_heavy
2960,8,123,11359.1,14198.8,0.9092,ai_heavy
2961,9,123,11685.9,14607.4,0.9272,ai_heavy
2962,10,123,11642.1,14552.6,0.9441,ai_heavy
2963,11,123,11551.6,14439.5,0.9588,ai_heavy
2964,12,123,11943.1,14928.9,0.9703,ai_heavy
2965,13,123,11027.0,13783.7,0.9775,ai_heavy
2966,14,123,11840.1,14800.1,0.98,ai_heavy
2967,15,123,11915.0,14893.8,0.9775,ai_heavy
2968,16,123,11443.9,14304.9,0.9703,ai_heavy
2969,17,123,12444.1,15555.1,0.9588,ai_heavy
2970,18,123,11657.6,14572.0,0.9441,ai_heavy
2971,19,123,11745.4,14681.7,0.9272,ai_heavy
2972,20,123,11578.0,14472.6,0.9092,ai_heavy
2973,21,123,11716.5,14645.7,0.8911,ai_heavy
2974,22,123,12164.5,15205.7,0.874,ai_heavy
2975,23,123,12534.5,15668.1,0.8584,ai_heavy
2976,0,124,11809.8,14762.2,0.8083,ai_heavy
2977,1,124,11937.5,14921.9,0.812,ai_heavy
2978,2,124,12167.8,15209.7,0.8171,ai_heavy
2979,3,124,11673.4,14591.8,0.8235,ai_heavy
2980,4,124,12152.2,15190.3,0.8314,ai_heavy
2981,5,124,11904.1,14880.2,0.8409,ai_heavy
2982,6,124,11703.5,14629.4,0.8518,ai_heavy
2983,7,124,11804.1,14755.1,0.8638,ai_heavy
2984,8,124,11070.9,13838.7,0.8764,ai_heavy
2985,9,124,11843.2,14804.0,0.889,ai_heavy
2986,10,124,11223.1,14028.9,0.9009,ai_heavy
2987,11,124,11217.2,14021.5,0.9112,ai_heavy
2988,12,124,11879.2,14849.1,0.9192,ai_heavy
2989,13,124,11427.6,14284.5,0.9243,ai_heavy
2990,14,124,11824.3,14780.4,0.926,ai_heavy
2991,15,124,11871.9,14839.8,0.9243,ai_heavy
2992,16,124,11875.8,14844.7,0.9192,ai_heavy
2993,17,124,11472.3,14340.4,0.9112,ai_heavy
2994,18,124,12085.4,15106.7,0.9009,ai_heavy
2995,19,124,11708.9,14636.1,0.889,ai_heavy
2996,20,124,11865.8,14832.2,0.8764,ai_heavy
2997,21,124,11262.0,14077.5,0.8638,ai_heavy
2998,22,124,11590.9,14488.6,0.8518,ai_heavy
2999,23,124,12010.5,15013.1,0.8409,ai_heavy
3000,0,125,11887.6,14859.5,0.8083,ai_heavy
3001,1,125,11283.7,14104.6,0.812,ai_heavy
3002,2,125,11382.5,14228.1,0.8171,ai_heavy
3003,3,125,11243.2,14054.1,0.8235,ai_heavy
3004,4,125,11377.0,14221.2,0.8314,ai_heavy
3005,5,125,11139.7,13924.6,0.8409,ai_heavy
3006,6,125,11604.9,14506.1,0.8518,ai_heavy
3007,7,125,11903.2,14879.0,0.8638,ai_heavy
3008,8,125,11435.0,14293.8,0.8764,ai_heavy
3009,9,125,11708.4,14635.5,0.889,ai_heavy
3010,10,125,11690.2,14612.8,0.9009,ai_heavy
3011,11,125,12165.5,15206.8,0.9112,ai_heavy
3012,12,125,11594.2,14492.8,0.9192,ai_heavy
3013,13,125,11618.8,14523.4,0.9243,ai_heavy
3014,14,125,11526.7,14408.3,0.926,ai_heavy
3015,15,125,11419.3,14274.1,0.9243,ai_heavy
3016,16,125,11998.4,14998.0,0.9192,ai_heavy
3017,17,125,11744.4,14680.5,0.9112,ai_heavy
3018,18,125,11787.4,14734.3,0.9009,ai_heavy
3019,19,125,12189.3,15236.6,0.889,ai_heavy
3020,20,125,12178.8,15223.5,0.8764,ai_heavy
3021,21,125,11104.4,13880.5,0.8638,ai_heavy
3022,22,125,11879.7,14849.6,0.8518,ai_heavy
3023,23,125,11706.4,14633.0,0.8409,ai_heavy
3024,0,126,11399.6,14249.5,0.8118,ai_heavy
3025,1,126,11686.0,14607.6,0.8172,ai_heavy
3026,2,126,10988.8,13736.0,0.8244,ai_heavy
3027,3,126,12119.9,15149.9,0.8335,ai_heavy
3028,4,126,11816.8,14771.0,0.8449,ai_heavy
3029,5,126,11365.9,14207.3,0.8584,ai_heavy
3030,6,126,11499.6,14374.5,0.874,ai_heavy
3031,7,126,11145.2,13931.4,0.8911,ai_heavy
3032,8,126,11676.4,14595.6,0.9092,ai_heavy
3033,9,126,11658.3,14572.9,0.9272,ai_heavy
3034,10,126,11397.4,14246.8,0.9441,ai_heavy
3035,11,126,12181.1,15226.3,0.9588,ai_heavy
3036,12,126,12387.4,15484.3,0.9703,ai_heavy
3037,13,126,11937.6,14922.0,0.9775,ai_heavy
3038,14,126,11843.6,14804.5,0.98,ai_heavy
3039,15,126,12103.3,15129.1,0.9775,ai_heavy
3040,16,126,11923.4,14904.3,0.9703,ai_heavy
3041,17,126,11517.2,14396.6,0.9588,ai_heavy
3042,18,126,11636.9,14546.1,0.9441,ai_heavy
3043,19,126,11724.4,14655.5,0.9272,ai_heavy
3044,20,126,11875.2,14844.0,0.9092,ai_heavy
3045,21,126,11748.6,14685.7,0.8911,ai_heavy
3046,22,126,11779.0,14723.8,0.874,ai_heavy
3047,23,126,11135.0,13918.7,0.8584,ai_heavy
3048,0,127,11790.4,14738.0,0.8118,ai_heavy
3049,1,127,11573.5,14466.8,0.8172,ai_heavy
3050,2,127,12476.5,15595.6,0.8244,ai_heavy
3051,3,127,11475.4,14344.3,0.8335,ai_heavy
3052,4,127,11750.0,14687.4,0.8449,ai_heavy
3053,5,127,12600.0,15750.0,0.8584,ai_heavy
3054,6,127,11773.3,14716.6,0.874,ai_heavy
3055,7,127,11721.4,14651.8,0.8911,ai_heavy
3056,8,127,11438.5,14298.1,0.9092,ai_heavy
3057,9,127,12372.0,15465.0,0.9272,ai_heavy
3058,10,127,11456.5,14320.7,0.9441,ai_heavy
3059,11,127,12056.2,15070.3,0.9588,ai_heavy
3060,12,127,11760.9,14701.2,0.9703,ai_heavy
3061,13,127,11879.5,14849.4,0.9775,ai_heavy
3062,14,127,11442.6,14303.2,0.98,ai_heavy
3063,15,127,12428.8,15536.0,0.9775,ai_heavy
3064,16,127,11831.0,14788.8,0.9703,ai_heavy
3065,17,127,11469.8,14337.2,0.9588,ai_heavy
3066,18,127,12315.3,15394.2,0.9441,ai_heavy
3067,19,127,11650.7,14563.4,0.9272,ai_heavy
3068,20,127,11905.8,14882.2,0.9092,ai_heavy
3069,21,127,12041.7,15052.2,0.8911,ai_heavy
3070,22,127,11871.6,14839.5,0.874,ai_heavy
3071,23,127,10899.8,13624.7,0.8584,ai_heavy
3072,0,128,11800.8,14751.0,0.8118,ai_heavy
3073,1,128,11537.4,14421.7,0.8172,ai_heavy
3074,2,128,11474.6,14343.3,0.8244,ai_heavy
3075,3,128,11572.5,14465.6,0.8335,ai_heavy
3076,4,128,11074.9,13843.7,0.8449,ai_heavy
3077,5,128,11736.0,14670.0,0.8584,ai_heavy
3078,6,128,11226.0,14032.6,0.874,ai_heavy
3079,7,128,11644.6,14555.7,0.8911,ai_heavy
3080,8,128,11842.7,14803.4,0.9092,ai_heavy
3081,9,128,12210.8,15263.5,0.9272,ai_heavy
3082,10,128,11577.4,14471.8,0.9441,ai_heavy
3083,11,128,12422.1,15527.6,0.9588,ai_heavy
3084,12,128,12269.3,15336.7,0.9703,ai_heavy
3085,13,128,11793.5,14741.9,0.9775,ai_heavy
3086,14,128,11555.6,14444.5,0.98,ai_heavy
3087,15,128,11429.9,14287.4,0.9775,ai_heavy
3088,16,128,12027.7,15034.6,0.9703,ai_heavy
3089,17,128,11640.4,14550.5,0.9588,ai_heavy
3090,18,128,12296.3,15370.4,0.9441,ai_heavy
3091,19,128,11588.5,14485.6,0.9272,ai_heavy
3092,20,128,11469.0,14336.2,0.9092,ai_heavy
3093,21,128,11827.6,14784.5,0.8911,ai_heavy
3094,22,128,11464.3,14330.3,0.874,ai_heavy
3095,23,128,11671.7,14589.7,0.8584,ai_heavy
3096,0,129,11901.6,14877.0,0.8118,ai_heavy
3097,1,129,11613.0,14516.2,0.8172,ai_heavy
3098,2,129,11631.1,14538.8,0.8244,ai_heavy
3099,3,129,11681.9,14602.4,0.8335,ai_heavy
3100,4,129,11045.9,13807.4,0.8449,ai_heavy
3101,5,129,11805.9,14757.4,0.8584,ai_heavy
3102,6,129,11761.3,14701.7,0.874,ai_heavy
3103,7,129,12059.9,15074.9,0.8911,ai_heavy
3104,8,129,12001.7,15002.1,0.9092,ai_heavy
3105,9,129,11758.0,14697.5,0.9272,ai_heavy
3106,10,129,12236.9,15296.1,0.9441,ai_heavy
3107,11,129,11799.2,14749.0,0.9588,ai_heavy
3108,12,129,12018.9,15023.6,0.9703,ai_heavy
3109,13,129,11835.9,14794.8,0.9775,ai_heavy
3110,14,129,12118.8,15148.5,0.98,ai_heavy
3111,15,129,11812.4,14765.6,0.9775,ai_heavy
3112,16,129,12520.1,15650.1,0.9703,ai_heavy
3113,17,129,12600.0,15750.0,0.9588,ai_heavy
3114,18,129,12180.5,15225.6,0.9441,ai_heavy
3115,19,129,12376.6,15470.8,0.9272,ai_heavy
3116,20,129,11243.2,14054.0,0.9092,ai_heavy
3117,21,129,11244.4,14055.5,0.8911,ai_heavy
3118,22,129,11592.2,14490.3,0.874,ai_heavy
3119,23,129,11683.2,14604.0,0.8584,ai_heavy
3120,0,130,11490.9,14363.7,0.8118,ai_heavy
3121,1,130,11002.2,13752.7,0.8172,ai_heavy
3122,2,130,11989.4,14986.7,0.8244,ai_heavy
3123,3,130,12360.8,15451.0,0.8335,ai_heavy
3124,4,130,12084.2,15105.3,0.8449,ai_heavy
3125,5,130,12048.7,15060.9,0.8584,ai_heavy
3126,6,130,11784.6,14730.7,0.874,ai_heavy
3127,7,130,11448.2,14310.3,0.8911,ai_heavy
3128,8,130,11813.1,14766.4,0.9092,ai_heavy
3129,9,130,12576.9,15721.1,0.9272,ai_heavy
3130,10,130,11743.9,14679.9,0.9441,ai_heavy
3131,11,130,11741.2,14676.5,0.9588,ai_heavy
3132,12,130,12326.8,15408.4,0.9703,ai_heavy
3133,13,130,12368.1,15460.1,0.9775,ai_heavy
3134,14,130,11649.1,14561.4,0.98,ai_heavy
3135,15,130,11853.7,14817.1,0.9775,ai_heavy
3136,16,130,11750.8,14688.5,0.9703,ai_heavy
3137,17,130,11928.6,14910.7,0.9588,ai_heavy
3138,18,130,12262.3,15327.8,0.9441,ai_heavy
3139,19,130,11544.3,14430.4,0.9272,ai_heavy
3140,20,130,12172.8,15216.0,0.9092,ai_heavy
3141,21,130,11781.1,14726.4,0.8911,ai_heavy
3142,22,130,12522.0,15652.5,0.874,ai_heavy
3143,23,130,11780.4,14725.4,0.8584,ai_heavy
3144,0,131,11517.8,14397.2,0.8083,ai_heavy
3145,1,131,11759.5,14699.4,0.812,ai_heavy
3146,2,131,11454.9,14318.6,0.8171,ai_heavy
3147,3,131,10962.9,13703.6,0.8235,ai_heavy
3148,4,131,11521.8,14402.2,0.8314,ai_heavy
3149,5,131,11538.3,14422.9,0.8409,ai_heavy
3150,6,131,11096.5,13870.7,0.8518,ai_heavy
3151,7,131,11655.7,14569.6,0.8638,ai_heavy
3152,8,131,10984.6,13730.8,0.8764,ai_heavy
3153,9,131,11617.9,14522.4,0.889,ai_heavy
3154,10,131,11854.1,14817.6,0.9009,ai_heavy
3155,11,131,11826.5,14783.1,0.9112,ai_heavy
3156,12,131,11665.3,14581.6,0.9192,ai_heavy
3157,13,131,11792.4,14740.5,0.9243,ai_heavy
3158,14,131,11548.6,14435.8,0.926,ai_heavy
3159,15,131,11826.6,14783.3,0.9243,ai_heavy
3160,16,131,11831.5,14789.4,0.9192,ai_heavy
3161,17,131,11473.7,14342.1,0.9112,ai_heavy
3162,18,131,11862.6,14828.2,0.9009,ai_heavy
3163,19,131,11832.4,14790.5,0.889,ai_heavy
3164,20,131,11652.4,14565.5,0.8764,ai_heavy
3165,21,131,12529.7,15662.1,0.8638,ai_heavy
3166,22,131,11604.0,14505.0,0.8518,ai_heavy
3167,23,131,11530.3,14412.9,0.8409,ai_heavy
3168,0,132,11405.0,14256.3,0.8083,ai_heavy
3169,1,132,11223.5,14029.3,0.812,ai_heavy
3170,2,132,11810.0,14762.5,0.8171,ai_heavy
3171,3,132,11348.4,14185.5,0.8235,ai_heavy
3172,4,132,11407.8,14259.7,0.8314,ai_heavy
3173,5,132,11440.0,14300.0,0.8409,ai_heavy
3174,6,132,11308.9,14136.1,0.8518,ai_heavy
3175,7,132,11067.6,13834.6,0.8638,ai_heavy
3176,8,132,11548.2,14435.2,0.8764,ai_heavy
3177,9,132,12047.9,15059.9,0.889,ai_heavy
3178,10,132,11837.6,14797.0,0.9009,ai_heavy
3179,11,132,12344.3,15430.3,0.9112,ai_heavy
3180,12,132,12077.0,15096.2,0.9192,ai_heavy
3181,13,132,12008.6,15010.8,0.9243,ai_heavy
3182,14,132,12494.8,15618.5,0.926,ai_heavy
3183,15,132,11788.3,14735.4,0.9243,ai_heavy
3184,16,132,11833.3,14791.6,0.9192,ai_heavy
3185,17,132,11788.1,14735.2,0.9112,ai_heavy
3186,18,132,12313.1,15391.4,0.9009,ai_heavy
3187,19,132,11741.2,14676.5,0.889,ai_heavy
3188,20,132,11483.1,14353.8,0.8764,ai_heavy
3189,21,132,11887.2,14859.0,0.8638,ai_heavy
3190,22,132,11367.9,14209.8,0.8518,ai_heavy
3191,23,132,11813.8,14767.3,0.8409,ai_heavy
3192,0,133,11703.2,14629.0,0.8118,ai_heavy
3193,1,133,11506.5,14383.2,0.8172,ai_heavy
3194,2,133,11785.7,14732.1,0.8244,ai_heavy
3195,3,133,11092.2,13865.3,0.8335,ai_heavy
3196,4,133,11693.9,14617.4,0.8449,ai_heavy
3197,5,133,11506.7,14383.4,0.8584,ai_heavy
3198,6,133,12600.0,15750.0,0.874,ai_heavy
3199,7,133,11800.2,14750.2,0.8911,ai_heavy
3200,8,133,11576.6,14470.7,0.9092,ai_heavy
3201,9,133,11340.5,14175.6,0.9272,ai_heavy
3202,10,133,12334.1,15417.6,0.9441,ai_heavy
3203,11,133,11778.7,14723.4,0.9588,ai_heavy
3204,12,133,11647.2,14559.0,0.9703,ai_heavy
3205,13,133,12067.9,15084.9,0.9775,ai_heavy
3206,14,133,12186.2,15232.7,0.98,ai_heavy
3207,15,133,12174.6,15218.3,0.9775,ai_heavy
3208,16,133,11937.5,14921.9,0.9703,ai_heavy
3209,17,133,11960.6,14950.7,0.9588,ai_heavy
3210,18,133,11951.9,14939.9,0.9441,ai_heavy
3211,19,133,11949.0,14936.3,0.9272,ai_heavy
3212,20,133,11937.7,14922.2,0.9092,ai_heavy
3213,21,133,12130.9,15163.6,0.8911,ai_heavy
3214,22,133,11725.0,14656.2,0.874,ai_heavy
3215,23,133,11382.8,14228.5,0.8584,ai_heavy
3216,0,134,11509.6,14387.1,0.8118,ai_heavy
3217,1,134,11834.0,14792.5,0.8172,ai_heavy
3218,2,134,10967.9,13709.9,0.8244,ai_heavy
3219,3,134,10990.2,13737.7,0.8335,ai_heavy
3220,4,134,11957.6,14947.0,0.8449,ai_heavy
3221,5,134,12200.9,15251.1,0.8584,ai_heavy
3222,6,134,11260.9,14076.1,0.874,ai_heavy
3223,7,134,11780.7,14725.8,0.8911,ai_heavy
3224,8,134,11646.2,14557.7,0.9092,ai_heavy
3225,9,134,11737.1,14671.3,0.9272,ai_heavy
3226,10,134,11978.1,14972.6,0.9441,ai_heavy
3227,11,134,11442.0,14302.5,0.9588,ai_heavy
3228,12,134,11534.2,14417.7,0.9703,ai_heavy
3229,13,134,11839.4,14799.3,0.9775,ai_heavy
3230,14,134,11901.1,14876.3,0.98,ai_heavy
3231,15,134,11543.8,14429.8,0.9775,ai_heavy
3232,16,134,12213.1,15266.3,0.9703,ai_heavy
3233,17,134,11754.6,14693.2,0.9588,ai_heavy
3234,18,134,11719.1,14648.8,0.9441,ai_heavy
3235,19,134,11930.0,14912.4,0.9272,ai_heavy
3236,20,134,11741.9,14677.4,0.9092,ai_heavy
3237,21,134,12040.4,15050.5,0.8911,ai_heavy
3238,22,134,11377.4,14221.7,0.874,ai_heavy
3239,23,134,11179.6,13974.5,0.8584,ai_heavy
3240,0,135,11452.3,14315.3,0.8118,ai_heavy
3241,1,135,11593.2,14491.5,0.8172,ai_heavy
3242,2,135,11157.6,13947.0,0.8244,ai_heavy
3243,3,135,11127.1,13908.9,0.8335,ai_heavy
3244,4,135,11700.7,14625.8,0.8449,ai_heavy
3245,5,135,11403.5,14254.3,0.8584,ai_heavy
3246,6,135,11195.1,13993.9,0.874,ai_heavy
3247,7,135,12085.4,15106.8,0.8911,ai_heavy
3248,8,135,11564.1,14455.1,0.9092,ai_heavy
3249,9,135,12237.7,15297.1,0.9272,ai_heavy
3250,10,135,11879.4,14849.3,0.9441,ai_heavy
3251,11,135,12009.0,15011.2,0.9588,ai_heavy
3252,12,135,11854.7,14818.4,0.9703,ai_heavy
3253,13,135,10995.7,13744.7,0.9775,ai_heavy
3254,14,135,11545.6,14431.9,0.98,ai_heavy
3255,15,135,11902.3,14877.9,0.9775,ai_heavy
3256,16,135,12061.0,15076.2,0.9703,ai_heavy
3257,17,135,11264.6,14080.7,0.9588,ai_heavy
3258,18,135,11850.2,14812.7,0.9441,ai_heavy
3259,19,135,11431.4,14289.2,0.9272,ai_heavy
3260,20,135,11870.4,14838.0,0.9092,ai_heavy
3261,21,135,11738.4,14673.0,0.8911,ai_heavy
3262,22,135,11966.2,14957.8,0.874,ai_heavy
3263,23,135,12042.2,15052.7,0.8584,ai_heavy
3264,0,136,11718.9,14648.6,0.8118,ai_heavy
3265,1,136,11871.0,14838.7,0.8172,ai_heavy
3266,2,136,11467.2,14334.0,0.8244,ai_heavy
3267,3,136,12593.8,15742.2,0.8335,ai_heavy
3268,4,136,11211.5,14014.4,0.8449,ai_heavy
3269,5,136,11484.0,14355.0,0.8584,ai_heavy
3270,6,136,12021.7,15027.1,0.874,ai_heavy
3271,7,136,12010.5,15013.1,0.8911,ai_heavy
3272,8,136,11959.8,14949.8,0.9092,ai_heavy
3273,9,136,12069.3,15086.6,0.9272,ai_heavy
3274,10,136,11127.4,13909.2,0.9441,ai_heavy
3275,11,136,12471.3,15589.1,0.9588,ai_heavy
3276,12,136,11857.5,14821.8,0.9703,ai_heavy
3277,13,136,12393.9,15492.4,0.9775,ai_heavy
3278,14,136,11224.0,14030.0,0.98,ai_heavy
3279,15,136,12039.4,15049.2,0.9775,ai_heavy
3280,16,136,11728.8,14660.9,0.9703,ai_heavy
3281,17,136,12108.0,15135.0,0.9588,ai_heavy
3282,18,136,11982.2,14977.7,0.9441,ai_heavy
3283,19,136,11959.5,14949.4,0.9272,ai_heavy
3284,20,136,11413.0,14266.3,0.9092,ai_heavy
3285,21,136,11725.2,14656.5,0.8911,ai_heavy
3286,22,136,11641.9,14552.4,0.874,ai_heavy
3287,23,136,11842.1,14802.7,0.8584,ai_heavy
3288,0,137,11902.8,14878.5,0.8118,ai_heavy
3289,1,137,11624.5,14530.7,0.8172,ai_heavy
3290,2,137,11145.3,13931.6,0.8244,ai_heavy
3291,3,137,11647.9,14559.9,0.8335,ai_heavy
3292,4,137,12548.6,15685.7,0.8449,ai_heavy
3293,5,137,12244.9,15306.2,0.8584,ai_heavy
3294,6,137,10660.7,13325.9,0.874,ai_heavy
3295,7,137,11767.6,14709.5,0.8911,ai_heavy
3296,8,137,12117.1,15146.4,0.9092,ai_heavy
3297,9,137,11764.9,14706.2,0.9272,ai_heavy
3298,10,137,11705.4,14631.8,0.9441,ai_heavy
3299,11,137,11808.4,14760.5,0.9588,ai_heavy
3300,12,137,12128.1,15160.1,0.9703,ai_heavy
3301,13,137,11535.8,14419.7,0.9775,ai_heavy
3302,14,137,12379.5,15474.3,0.98,ai_heavy
3303,15,137,11927.3,14909.2,0.9775,ai_heavy
3304,16,137,11595.8,14494.7,0.9703,ai_heavy
3305,17,137,12305.2,15381.5,0.9588,ai_heavy
3306,18,137,11319.1,14148.9,0.9441,ai_heavy
3307,19,137,11632.6,14540.8,0.9272,ai_heavy
3308,20,137,11585.3,14481.6,0.9092,ai_heavy
3309,21,137,12500.7,15625.9,0.8911,ai_heavy
3310,22,137,11464.6,14330.8,0.874,ai_heavy
3311,23,137,10914.4,13643.0,0.8584,ai_heavy
3312,0,138,11349.8,14187.2,0.8083,ai_heavy
3313,1,138,11718.2,14647.7,0.812,ai_heavy
3314,2,138,11844.1,14805.1,0.8171,ai_heavy
3315,3,138,12378.3,15472.8,0.8235,ai_heavy
3316,4,138,12095.4,15119.2,0.8314,ai_heavy
3317,5,138,11693.3,14616.6,0.8409,ai_heavy
3318,6,138,11341.6,14177.0,0.8518,ai_heavy
3319,7,138,12250.4,15313.0,0.8638,ai_heavy
3320,8,138,11581.3,14476.7,0.8764,ai_heavy
3321,9,138,11508.5,14385.7,0.889,ai_heavy
3322,10,138,11620.8,14526.1,0.9009,ai_heavy
3323,11,138,11349.2,14186.5,0.9112,ai_heavy
3324,12,138,11646.1,14557.7,0.9192,ai_heavy
3325,13,138,11740.1,14675.1,0.9243,ai_heavy
3326,14,138,12086.1,15107.6,0.926,ai_heavy
3327,15,138,11685.1,14606.4,0.9243,ai_heavy
3328,16,138,11361.8,14202.3,0.9192,ai_heavy
3329,17,138,11224.8,14031.0,0.9112,ai_heavy
3330,18,138,11842.1,14802.6,0.9009,ai_heavy
3331,19,138,11765.9,14707.4,0.889,ai_heavy
3332,20,138,11516.1,14395.1,0.8764,ai_heavy
3333,21,138,11517.5,14396.8,0.8638,ai_heavy
3334,22,138,11789.0,14736.3,0.8518,ai_heavy
3335,23,138,12112.8,15141.0,0.8409,ai_heavy
3336,0,139,11281.0,14101.3,0.8083,ai_heavy
3337,1,139,11591.0,14488.8,0.812,ai_heavy
3338,2,139,11904.6,14880.7,0.8171,ai_heavy
3339,3,139,11317.1,14146.4,0.8235,ai_heavy
3340,4,139,11600.1,14500.1,0.8314,ai_heavy
3341,5,139,11614.5,14518.1,0.8409,ai_heavy
3342,6,139,11194.8,13993.5,0.8518,ai_heavy
3343,7,139,11740.3,14675.4,0.8638,ai_heavy
3344,8,139,11721.9,14652.4,0.8764,ai_heavy
3345,9,139,11935.9,14919.8,0.889,ai_heavy
3346,10,139,11349.1,14186.3,0.9009,ai_heavy
3347,11,139,11795.7,14744.7,0.9112,ai_heavy
3348,12,139,12300.5,15375.6,0.9192,ai_heavy
3349,13,139,12559.6,15699.5,0.9243,ai_heavy
3350,14,139,12281.0,15351.3,0.926,ai_heavy
3351,15,139,11405.3,14256.6,0.9243,ai_heavy
3352,16,139,11970.7,14963.4,0.9192,ai_heavy
3353,17,139,11621.3,14526.6,0.9112,ai_heavy
3354,18,139,11868.3,14835.4,0.9009,ai_heavy
3355,19,139,11468.4,14335.5,0.889,ai_heavy
3356,20,139,11108.8,13886.1,0.8764,ai_heavy
3357,21,139,11560.6,14450.7,0.8638,ai_heavy
3358,22,139,11905.8,14882.3,0.8518,ai_heavy
3359,23,139,11728.2,14660.2,0.8409,ai_heavy
3360,0,140,11699.4,14624.3,0.8118,ai_heavy
3361,1,140,11647.4,14559.2,0.8172,ai_heavy
3362,2,140,11729.6,14662.1,0.8244,ai_heavy
3363,3,140,11794.9,14743.6,0.8335,ai_heavy
3364,4,140,11541.1,14426.4,0.8449,ai_heavy
3365,5,140,11697.8,14622.2,0.8584,ai_heavy
3366,6,140,12317.3,15396.6,0.874,ai_heavy
3367,7,140,11795.3,14744.1,0.8911,ai_heavy
3368,8,140,11802.5,14753.2,0.9092,ai_heavy
3369,9,140,11866.2,14832.7,0.9272,ai_heavy
3370,10,140,11791.7,14739.6,0.9441,ai_heavy
3371,11,140,11748.2,14685.3,0.9588,ai_heavy
3372,12,140,12005.1,15006.4,0.9703,ai_heavy
3373,13,140,11766.1,14707.7,0.9775,ai_heavy
3374,14,140,11901.0,14876.3,0.98,ai_heavy
3375,15,140,11664.1,14580.1,0.9775,ai_heavy
3376,16,140,11969.1,14961.4,0.9703,ai_heavy
3377,17,140,12112.3,15140.4,0.9588,ai_heavy
3378,18,140,11793.8,14742.3,0.9441,ai_heavy
3379,19,140,11116.9,13896.1,0.9272,ai_heavy
3380,20,140,11996.2,14995.3,0.9092,ai_heavy
3381,21,140,11787.6,14734.5,0.8911,ai_heavy
3382,22,140,11356.4,14195.5,0.874,ai_heavy
3383,23,140,11939.4,14924.3,0.8584,ai_heavy
3384,0,141,11074.7,13843.4,0.8118,ai_heavy
3385,1,141,11935.2,14919.0,0.8172,ai_heavy
3386,2,141,11569.1,14461.3,0.8244,ai_heavy
3387,3,141,10820.2,13525.2,0.8335,ai_heavy
3388,4,141,11699.3,14624.1,0.8449,ai_heavy
3389,5,141,11526.6,14408.2,0.8584,ai_heavy
3390,6,141,11509.6,14387.0,0.874,ai_heavy
3391,7,141,11485.3,14356.7,0.8911,ai_heavy
3392,8,141,11742.5,14678.1,0.9092,ai_heavy
3393,9,141,11657.5,14571.8,0.9272,ai_heavy
3394,10,141,11208.1,14010.2,0.9441,ai_heavy
3395,11,141,12358.0,15447.5,0.9588,ai_heavy
3396,12,141,11843.0,14803.7,0.9703,ai_heavy
3397,13,141,11685.0,14606.3,0.9775,ai_heavy
3398,14,141,11548.6,14435.7,0.98,ai_heavy
3399,15,141,12223.6,15279.5,0.9775,ai_heavy
3400,16,141,11465.7,14332.1,0.9703,ai_heavy
3401,17,141,11951.6,14939.4,0.9588,ai_heavy
3402,18,141,11661.4,14576.8,0.9441,ai_heavy
3403,19,141,11643.2,14554.0,0.9272,ai_heavy
3404,20,141,11397.2,14246.5,0.9092,ai_heavy
3405,21,141,11526.7,14408.4,0.8911,ai_heavy
3406,22,141,11708.3,14635.3,0.874,ai_heavy
3407,23,141,11751.1,14688.9,0.8584,ai_heavy
3408,0,142,11287.2,14109.1,0.8118,ai_heavy
3409,1,142,11540.7,14425.9,0.8172,ai_heavy
3410,2,142,11897.9,14872.4,0.8244,ai_heavy
3411,3,142,11031.3,13789.2,0.8335,ai_heavy
3412,4,142,11634.8,14543.5,0.8449,ai_heavy
3413,5,142,11335.9,14169.9,0.8584,ai_heavy
3414,6,142,11335.5,14169.4,0.874,ai_heavy
3415,7,142,11837.2,14796.5,0.8911,ai_heavy
3416,8,142,11594.7,14493.3,0.9092,ai_heavy
3417,9,142,11397.8,14247.3,0.9272,ai_heavy
3418,10,142,12340.8,15426.0,0.9441,ai_heavy
3419,11,142,12232.3,15290.4,0.9588,ai_heavy
3420,12,142,11238.8,14048.6,0.9703,ai_heavy
3421,13,142,11418.9,14273.7,0.9775,ai_heavy
3422,14,142,12166.0,15207.5,0.98,ai_heavy
3423,15,142,11845.3,14806.6,0.9775,ai_heavy
3424,16,142,12467.5,15584.4,0.9703,ai_heavy
3425,17,142,12123.8,15154.8,0.9588,ai_heavy
3426,18,142,11975.9,14969.9,0.9441,ai_heavy
3427,19,142,11467.0,14333.7,0.9272,ai_heavy
3428,20,142,11961.3,14951.6,0.9092,ai_heavy
3429,21,142,11295.7,14119.7,0.8911,ai_heavy
3430,22,142,12163.5,15204.4,0.874,ai_heavy
3431,23,142,11816.5,14770.6,0.8584,ai_heavy
3432,0,143,11273.6,14092.1,0.8118,ai_heavy
3433,1,143,11851.6,14814.5,0.8172,ai_heavy
3434,2,143,12368.3,15460.4,0.8244,ai_heavy
3435,3,143,11534.7,14418.3,0.8335,ai_heavy
3436,4,143,11829.2,14786.5,0.8449,ai_heavy
3437,5,143,11517.6,14397.0,0.8584,ai_heavy
3438,6,143,11735.1,14668.9,0.874,ai_heavy
3439,7,143,11214.2,14017.7,0.8911,ai_heavy
3440,8,143,11787.3,14734.1,0.9092,ai_heavy
3441,9,143,11845.1,14806.4,0.9272,ai_heavy
3442,10,143,12509.9,15637.3,0.9441,ai_heavy
3443,11,143,11262.7,14078.4,0.9588,ai_heavy
3444,12,143,11829.9,14787.4,0.9703,ai_heavy
3445,13,143,12409.1,15511.3,0.9775,ai_heavy
3446,14,143,11866.5,14833.1,0.98,ai_heavy
3447,15,143,11886.0,14857.5,0.9775,ai_heavy
3448,16,143,11632.2,14540.3,0.9703,ai_heavy
3449,17,143,11570.7,14463.3,0.9588,ai_heavy
3450,18,143,11219.1,14023.9,0.9441,ai_heavy
3451,19,143,11606.3,14507.9,0.9272,ai_heavy
3452,20,143,11437.6,14297.0,0.9092,ai_heavy
3453,21,143,11786.9,14733.6,0.8911,ai_heavy
3454,22,143,11428.6,14285.7,0.874,ai_heavy
3455,23,143,11500.9,14376.1,0.8584,ai_heavy
3456,0,144,11402.9,14253.6,0.8118,ai_heavy
3457,1,144,11555.6,14444.4,0.8172,ai_heavy
3458,2,144,11405.3,14256.6,0.8244,ai_heavy
3459,3,144,11240.6,14050.8,0.8335,ai_heavy
3460,4,144,11667.0,14583.7,0.8449,ai_heavy
3461,5,144,12042.4,15053.0,0.8584,ai_heavy
3462,6,144,11750.3,14687.8,0.874,ai_heavy
3463,7,144,11530.4,14413.0,0.8911,ai_heavy
3464,8,144,11743.9,14679.9,0.9092,ai_heavy
3465,9,144,11101.9,13877.4,0.9272,ai_heavy
3466,10,144,11819.6,14774.5,0.9441,ai_heavy
3467,11,144,11760.7,14700.9,0.9588,ai_heavy
3468,12,144,11596.3,14495.4,0.9703,ai_heavy
3469,13,144,11677.8,14597.3,0.9775,ai_heavy
3470,14,144,11806.1,14757.6,0.98,ai_heavy
3471,15,144,12303.1,15378.9,0.9775,ai_heavy
3472,16,144,12321.3,15401.6,0.9703,ai_heavy
3473,17,144,11572.3,14465.3,0.9588,ai_heavy
3474,18,144,11684.8,14606.0,0.9441,ai_heavy
3475,19,144,11654.8,14568.5,0.9272,ai_heavy
3476,20,144,12073.7,15092.2,0.9092,ai_heavy
3477,21,144,11796.5,14745.7,0.8911,ai_heavy
3478,22,144,11737.7,14672.2,0.874,ai_heavy
3479,23,144,11856.5,14820.6,0.8584,ai_heavy
3480,0,145,11344.7,14180.9,0.8083,ai_heavy
3481,1,145,12033.2,15041.5,0.812,ai_heavy
3482,2,145,11571.3,14464.1,0.8171,ai_heavy
3483,3,145,11289.4,14111.7,0.8235,ai_heavy
3484,4,145,11525.6,14407.0,0.8314,ai_heavy
3485,5,145,12057.5,15071.8,0.8409,ai_heavy
3486,6,145,11504.6,14380.7,0.8518,ai_heavy
3487,7,145,12014.0,15017.6,0.8638,ai_heavy
3488,8,145,11491.1,14363.9,0.8764,ai_heavy
3489,9,145,11470.7,14338.3,0.889,ai_heavy
3490,10,145,12001.0,15001.2,0.9009,ai_heavy
3491,11,145,11483.0,14353.8,0.9112,ai_heavy
3492,12,145,12102.4,15127.9,0.9192,ai_heavy
3493,13,145,11947.5,14934.4,0.9243,ai_heavy
3494,14,145,11516.9,14396.1,0.926,ai_heavy
3495,15,145,11797.4,14746.8,0.9243,ai_heavy
3496,16,145,11616.5,14520.6,0.9192,ai_heavy
3497,17,145,11915.7,14894.6,0.9112,ai_heavy
3498,18,145,12434.6,15543.2,0.9009,ai_heavy
3499,19,145,11609.8,14512.2,0.889,ai_heavy
3500,20,145,11898.4,14872.9,0.8764,ai_heavy
3501,21,145,11689.9,14612.3,0.8638,ai_heavy
3502,22,145,11661.6,14577.0,0.8518,ai_heavy
3503,23,145,11570.1,14462.6,0.8409,ai_heavy
3504,0,146,11254.2,14067.8,0.8083,ai_heavy
3505,1,146,11676.4,14595.5,0.812,ai_heavy
3506,2,146,11471.7,14339.6,0.8171,ai_heavy
3507,3,146,11272.4,14090.5,0.8235,ai_heavy
3508,4,146,11958.6,14948.3,0.8314,ai_heavy
3509,5,146,11662.3,14577.8,0.8409,ai_heavy
3510,6,146,11573.5,14466.8,0.8518,ai_heavy
3511,7,146,12150.9,15188.6,0.8638,ai_heavy
3512,8,146,11065.8,13832.2,0.8764,ai_heavy
3513,9,146,12188.6,15235.8,0.889,ai_heavy
3514,10,146,11457.3,14321.7,0.9009,ai_heavy
3515,11,146,11867.0,14833.8,0.9112,ai_heavy
3516,12,146,11602.5,14503.2,0.9192,ai_heavy
3517,13,146,11495.4,14369.3,0.9243,ai_heavy
3518,14,146,12293.0,15366.3,0.926,ai_heavy
3519,15,146,12481.1,15601.4,0.9243,ai_heavy
3520,16,146,11732.5,14665.7,0.9192,ai_heavy
3521,17,146,11910.9,14888.6,0.9112,ai_heavy
3522,18,146,11788.2,14735.3,0.9009,ai_heavy
3523,19,146,12349.9,15437.3,0.889,ai_heavy
3524,20,146,10968.4,13710.5,0.8764,ai_heavy
3525,21,146,11813.4,14766.8,0.8638,ai_heavy
3526,22,146,11399.0,14248.8,0.8518,ai_heavy
3527,23,146,10805.9,13507.4,0.8409,ai_heavy
3528,0,147,11434.7,14293.3,0.8118,ai_heavy
3529,1,147,12213.9,15267.3,0.8172,ai_heavy
3530,2,147,11360.9,14201.1,0.8244,ai_heavy
3531,3,147,11885.9,14857.4,0.8335,ai_heavy
3532,4,147,12055.5,15069.4,0.8449,ai_heavy
3533,5,147,11664.3,14580.4,0.8584,ai_heavy
3534,6,147,11747.5,14684.3,0.874,ai_heavy
3535,7,147,11140.5,13925.6,0.8911,ai_heavy
3536,8,147,11534.2,14417.8,0.9092,ai_heavy
3537,9,147,12151.5,15189.4,0.9272,ai_heavy
3538,10,147,11890.9,14863.6,0.9441,ai_heavy
3539,11,147,12034.9,15043.6,0.9588,ai_heavy
3540,12,147,11978.1,14972.6,0.9703,ai_heavy
3541,13,147,12600.0,15750.0,0.9775,ai_heavy
3542,14,147,11798.8,14748.5,0.98,ai_heavy
3543,15,147,12522.8,15653.5,0.9775,ai_heavy
3544,16,147,11978.2,14972.8,0.9703,ai_heavy
3545,17,147,12508.7,15635.9,0.9588,ai_heavy
3546,18,147,11433.1,14291.4,0.9441,ai_heavy
3547,19,147,11895.2,14869.0,0.9272,ai_heavy
3548,20,147,11648.3,14560.3,0.9092,ai_heavy
3549,21,147,11794.4,14743.0,0.8911,ai_heavy
3550,22,147,12134.4,15168.0,0.874,ai_heavy
3551,23,147,11801.4,14751.7,0.8584,ai_heavy
3552,0,148,11982.9,14978.6,0.8118,ai_heavy
3553,1,148,11339.6,14174.5,0.8172,ai_heavy
3554,2,148,11302.9,14128.7,0.8244,ai_heavy
3555,3,148,11616.1,14520.1,0.8335,ai_heavy
3556,4,148,11623.5,14529.4,0.8449,ai_heavy
3557,5,148,11603.7,14504.6,0.8584,ai_heavy
3558,6,148,11368.5,14210.7,0.874,ai_heavy
3559,7,148,12167.6,15209.5,0.8911,ai_heavy
3560,8,148,11659.2,14574.0,0.9092,ai_heavy
3561,9,148,12335.7,15419.7,0.9272,ai_heavy
3562,10,148,11873.8,14842.3,0.9441,ai_heavy
3563,11,148,12135.3,15169.1,0.9588,ai_heavy
3564,12,148,12130.0,15162.6,0.9703,ai_heavy
3565,13,148,11652.0,14564.9,0.9775,ai_heavy
3566,14,148,12084.9,15106.1,0.98,ai_heavy
3567,15,148,12600.0,15750.0,0.9775,ai_heavy
3568,16,148,12020.5,15025.6,0.9703,ai_heavy
3569,17,148,12225.6,15282.0,0.9588,ai_heavy
3570,18,148,12116.1,15145.2,0.9441,ai_heavy
3571,19,148,11938.6,14923.3,0.9272,ai_heavy
3572,20,148,11853.4,14816.8,0.9092,ai_heavy
3573,21,148,11938.1,14922.6,0.8911,ai_heavy
3574,22,148,11973.2,14966.5,0.874,ai_heavy
3575,23,148,11195.4,13994.3,0.8584,ai_heavy
3576,0,149,11645.4,14556.8,0.8118,ai_heavy
3577,1,149,11508.4,14385.5,0.8172,ai_heavy
3578,2,149,11452.9,14316.1,0.8244,ai_heavy
3579,3,149,12061.9,15077.3,0.8335,ai_heavy
3580,4,149,11381.1,14226.3,0.8449,ai_heavy
3581,5,149,11180.5,13975.6,0.8584,ai_heavy
3582,6,149,11984.6,14980.7,0.874,ai_heavy
3583,7,149,11244.8,14056.0,0.8911,ai_heavy
3584,8,149,11105.7,13882.1,0.9092,ai_heavy
3585,9,149,12152.0,15190.0,0.9272,ai_heavy
3586,10,149,11925.8,14907.2,0.9441,ai_heavy
3587,11,149,12072.5,15090.7,0.9588,ai_heavy
3588,12,149,11772.1,14715.1,0.9703,ai_heavy
3589,13,149,11451.2,14314.0,0.9775,ai_heavy
3590,14,149,11528.0,14410.0,0.98,ai_heavy
3591,15,149,11849.8,14812.3,0.9775,ai_heavy
3592,16,149,11475.0,14343.8,0.9703,ai_heavy
3593,17,149,12013.4,15016.7,0.9588,ai_heavy
3594,18,149,11704.6,14630.7,0.9441,ai_heavy
3595,19,149,11895.3,14869.1,0.9272,ai_heavy
3596,20,149,11842.3,14802.9,0.9092,ai_heavy
3597,21,149,11881.6,14852.0,0.8911,ai_heavy
3598,22,149,11880.6,14850.7,0.874,ai_heavy
3599,23,149,11548.4,14435.4,0.8584,ai_heavy
3600,0,150,11623.5,14529.4,0.8118,ai_heavy
3601,1,150,11654.2,14567.8,0.8172,ai_heavy
3602,2,150,10744.6,13430.7,0.8244,ai_heavy
3603,3,150,11835.7,14794.6,0.8335,ai_heavy
3604,4,150,11689.4,14611.7,0.8449,ai_heavy
3605,5,150,11866.2,14832.7,0.8584,ai_heavy
3606,6,150,11253.3,14066.6,0.874,ai_heavy
3607,7,150,11634.0,14542.5,0.8911,ai_heavy
3608,8,150,11401.5,14251.8,0.9092,ai_heavy
3609,9,150,12093.9,15117.4,0.9272,ai_heavy
3610,10,150,11368.9,14211.2,0.9441,ai_heavy
3611,11,150,11572.1,14465.1,0.9588,ai_heavy
3612,12,150,12121.7,15152.1,0.9703,ai_heavy
3613,13,150,11721.8,14652.3,0.9775,ai_heavy
3614,14,150,11620.3,14525.4,0.98,ai_heavy
3615,15,150,12272.4,15340.5,0.9775,ai_heavy
3616,16,150,12269.6,15337.0,0.9703,ai_heavy
3617,17,150,12161.6,15202.0,0.9588,ai_heavy
3618,18,150,12171.5,15214.3,0.9441,ai_heavy
3619,19,150,11747.5,14684.3,0.9272,ai_heavy
3620,20,150,11715.1,14643.9,0.9092,ai_heavy
3621,21,150,11516.9,14396.1,0.8911,ai_heavy
3622,22,150,11764.1,14705.1,0.874,ai_heavy
3623,23,150,11483.9,14354.9,0.8584,ai_heavy
3624,0,151,11409.5,14261.9,0.8118,ai_heavy
3625,1,151,11780.5,14725.7,0.8172,ai_heavy
3626,2,151,12000.8,15001.0,0.8244,ai_heavy
3627,3,151,11749.2,14686.5,0.8335,ai_heavy
3628,4,151,12263.4,15329.3,0.8449,ai_heavy
3629,5,151,11421.8,14277.2,0.8584,ai_heavy
3630,6,151,11059.7,13824.7,0.874,ai_heavy
3631,7,151,11997.1,14996.3,0.8911,ai_heavy
3632,8,151,11514.5,14393.2,0.9092,ai_heavy
3633,9,151,11732.5,14665.6,0.9272,ai_heavy
3634,10,151,11239.1,14048.9,0.9441,ai_heavy
3635,11,151,11582.6,14478.2,0.9588,ai_heavy
3636,12,151,11392.8,14241.0,0.9703,ai_heavy
3637,13,151,11791.7,14739.7,0.9775,ai_heavy
3638,14,151,11811.7,14764.6,0.98,ai_heavy
3639,15,151,11979.6,14974.5,0.9775,ai_heavy
3640,16,151,12374.2,15467.7,0.9703,ai_heavy
3641,17,151,12145.4,15181.8,0.9588,ai_heavy
3642,18,151,11291.7,14114.6,0.9441,ai_heavy
3643,19,151,12045.4,15056.8,0.9272,ai_heavy
3644,20,151,11827.0,14783.7,0.9092,ai_heavy
3645,21,151,11710.8,14638.5,0.8911,ai_heavy
3646,22,151,11697.2,14621.5,0.874,ai_heavy
3647,23,151,11740.3,14675.4,0.8584,ai_heavy
3648,0,152,11311.6,14139.5,0.8083,ai_heavy
3649,1,152,11497.0,14371.2,0.812,ai_heavy
3650,2,152,11982.9,14978.6,0.8171,ai_heavy
3651,3,152,11342.2,14177.8,0.8235,ai_heavy
3652,4,152,11246.9,14058.7,0.8314,ai_heavy
3653,5,152,11606.2,14507.7,0.8409,ai_heavy
3654,6,152,11258.0,14072.5,0.8518,ai_heavy
3655,7,152,11077.6,13846.9,0.8638,ai_heavy
3656,8,152,11589.8,14487.3,0.8764,ai_heavy
3657,9,152,12250.6,15313.2,0.889,ai_heavy
3658,10,152,11754.5,14693.1,0.9009,ai_heavy
3659,11,152,11855.4,14819.2,0.9112,ai_heavy
3660,12,152,11056.1,13820.2,0.9192,ai_heavy
3661,13,152,11978.2,14972.7,0.9243,ai_heavy
3662,14,152,11860.0,14825.0,0.926,ai_heavy
3663,15,152,11586.9,14483.7,0.9243,ai_heavy
3664,16,152,11874.7,14843.4,0.9192,ai_heavy
3665,17,152,11852.4,14815.5,0.9112,ai_heavy
3666,18,152,11394.0,14242.6,0.9009,ai_heavy
3667,19,152,11857.2,14821.5,0.889,ai_heavy
3668,20,152,12131.4,15164.3,0.8764,ai_heavy
3669,21,152,11601.4,14501.8,0.8638,ai_heavy
3670,22,152,11349.9,14187.4,0.8518,ai_heavy
3671,23,152,11565.8,14457.2,0.8409,ai_heavy
3672,0,153,11847.5,14809.4,0.8083,ai_heavy
3673,1,153,11134.9,13918.6,0.812,ai_heavy
3674,2,153,11772.8,14715.9,0.8171,ai_heavy
3675,3,153,11351.2,14189.0,0.8235,ai_heavy
3676,4,153,11689.8,14612.2,0.8314,ai_heavy
3677,5,153,11430.9,14288.6,0.8409,ai_heavy
3678,6,153,11455.0,14318.7,0.8518,ai_heavy
3679,7,153,12215.0,15268.8,0.8638,ai_heavy
3680,8,153,11215.8,14019.7,0.8764,ai_heavy
3681,9,153,11911.3,14889.1,0.889,ai_heavy
3682,10,153,12379.3,15474.2,0.9009,ai_heavy
3683,11,153,12034.7,15043.4,0.9112,ai_heavy
3684,12,153,11339.3,14174.1,0.9192,ai_heavy
3685,13,153,11368.2,14210.3,0.9243,ai_heavy
3686,14,153,11560.2,14450.2,0.926,ai_heavy
3687,15,153,11878.8,14848.5,0.9243,ai_heavy
3688,16,153,11891.0,14863.7,0.9192,ai_heavy
3689,17,153,11342.3,14177.9,0.9112,ai_heavy
3690,18,153,11460.0,14325.0,0.9009,ai_heavy
3691,19,153,11454.5,14318.2,0.889,ai_heavy
3692,20,153,11647.3,14559.2,0.8764,ai_heavy
3693,21,153,12376.8,15471.0,0.8638,ai_heavy
3694,22,153,11327.0,14158.7,0.8518,ai_heavy
3695,23,153,11286.9,14108.7,0.8409,ai_heavy
3696,0,154,11166.7,13958.4,0.8118,ai_heavy
3697,1,154,11792.9,14741.2,0.8172,ai_heavy
3698,2,154,11574.6,14468.3,0.8244,ai_heavy
3699,3,154,11298.3,14122.9,0.8335,ai_heavy
3700,4,154,11510.4,14388.0,0.8449,ai_heavy
3701,5,154,11391.7,14239.6,0.8584,ai_heavy
3702,6,154,11809.1,14761.3,0.874,ai_heavy
3703,7,154,12600.0,15750.0,0.8911,ai_heavy
3704,8,154,11982.3,14977.8,0.9092,ai_heavy
3705,9,154,11796.6,14745.8,0.9272,ai_heavy
3706,10,154,11632.5,14540.6,0.9441,ai_heavy
3707,11,154,11424.0,14280.0,0.9588,ai_heavy
3708,12,154,12193.0,15241.3,0.9703,ai_heavy
3709,13,154,12190.9,15238.6,0.9775,ai_heavy
3710,14,154,11786.1,14732.6,0.98,ai_heavy
3711,15,154,12382.3,15477.8,0.9775,ai_heavy
3712,16,154,11938.0,14922.5,0.9703,ai_heavy
3713,17,154,12180.4,15225.5,0.9588,ai_heavy
3714,18,154,11974.7,14968.4,0.9441,ai_heavy
3715,19,154,11766.8,14708.5,0.9272,ai_heavy
3716,20,154,11449.8,14312.3,0.9092,ai_heavy
3717,21,154,11694.0,14617.5,0.8911,ai_heavy
3718,22,154,12000.9,15001.1,0.874,ai_heavy
3719,23,154,11490.9,14363.6,0.8584,ai_heavy
3720,0,155,11712.2,14640.2,0.8118,ai_heavy
3721,1,155,11196.4,13995.5,0.8172,ai_heavy
3722,2,155,11860.2,14825.3,0.8244,ai_heavy
3723,3,155,11719.5,14649.3,0.8335,ai_heavy
3724,4,155,11217.4,14021.7,0.8449,ai_heavy
3725,5,155,11590.3,14487.9,0.8584,ai_heavy
3726,6,155,12032.2,15040.3,0.874,ai_heavy
3727,7,155,11301.6,14127.0,0.8911,ai_heavy
3728,8,155,11408.8,14260.9,0.9092,ai_heavy
3729,9,155,11805.0,14756.2,0.9272,ai_heavy
3730,10,155,12600.0,15750.0,0.9441,ai_heavy
3731,11,155,11663.5,14579.4,0.9588,ai_heavy
3732,12,155,12107.7,15134.6,0.9703,ai_heavy
3733,13,155,12040.6,15050.8,0.9775,ai_heavy
3734,14,155,11741.8,14677.3,0.98,ai_heavy
3735,15,155,12005.1,15006.4,0.9775,ai_heavy
3736,16,155,11770.2,14712.7,0.9703,ai_heavy
3737,17,155,11775.9,14719.9,0.9588,ai_heavy
3738,18,155,11277.7,14097.2,0.9441,ai_heavy
3739,19,155,11821.0,14776.2,0.9272,ai_heavy
3740,20,155,12105.4,15131.8,0.9092,ai_heavy
3741,21,155,11765.5,14706.9,0.8911,ai_heavy
3742,22,155,12088.1,15110.1,0.874,ai_heavy
3743,23,155,11871.9,14839.9,0.8584,ai_heavy
3744,0,156,11539.0,14423.8,0.8118,ai_heavy
3745,1,156,11354.3,14192.9,0.8172,ai_heavy
3746,2,156,11419.9,14274.9,0.8244,ai_heavy
3747,3,156,11098.3,13872.8,0.8335,ai_heavy
3748,4,156,11543.8,14429.7,0.8449,ai_heavy
3749,5,156,11719.9,14649.8,0.8584,ai_heavy
3750,6,156,12307.5,15384.4,0.874,ai_heavy
3751,7,156,11931.4,14914.3,0.8911,ai_heavy
3752,8,156,11481.6,14352.0,0.9092,ai_heavy
3753,9,156,11318.8,14148.5,0.9272,ai_heavy
3754,10,156,11795.7,14744.7,0.9441,ai_heavy
3755,11,156,12193.6,15242.0,0.9588,ai_heavy
3756,12,156,11851.5,14814.3,0.9703,ai_heavy
3757,13,156,12141.6,15177.1,0.9775,ai_heavy
3758,14,156,11888.2,14860.3,0.98,ai_heavy
3759,15,156,12204.4,15255.5,0.9775,ai_heavy
3760,16,156,11358.8,14198.4,0.9703,ai_heavy
3761,17,156,12476.6,15595.7,0.9588,ai_heavy
3762,18,156,11473.1,14341.4,0.9441,ai_heavy
3763,19,156,12111.3,15139.2,0.9272,ai_heavy
3764,20,156,11691.2,14614.0,0.9092,ai_heavy
3765,21,156,11704.5,14630.6,0.8911,ai_heavy
3766,22,156,11620.5,14525.6,0.874,ai_heavy
3767,23,156,11758.2,14697.8,0.8584,ai_heavy
3768,0,157,11718.4,14647.9,0.8118,ai_heavy
3769,1,157,11939.7,14924.6,0.8172,ai_heavy
3770,2,157,12078.5,15098.1,0.8244,ai_heavy
3771,3,157,11726.0,14657.5,0.8335,ai_heavy
3772,4,157,12235.3,15294.1,0.8449,ai_heavy
3773,5,157,11701.3,14626.6,0.8584,ai_heavy
3774,6,157,12083.5,15104.4,0.874,ai_heavy
3775,7,157,11896.3,14870.4,0.8911,ai_heavy
3776,8,157,11593.3,14491.6,0.9092,ai_heavy
3777,9,157,11894.0,14867.4,0.9272,ai_heavy
3778,10,157,12048.4,15060.5,0.9441,ai_heavy
3779,11,157,11892.2,14865.3,0.9588,ai_heavy
3780,12,157,12078.2,15097.8,0.9703,ai_heavy
3781,13,157,12257.6,15321.9,0.9775,ai_heavy
3782,14,157,11944.8,14931.0,0.98,ai_heavy
3783,15,157,10892.2,13615.3,0.9775,ai_heavy
3784,16,157,12531.1,15663.9,0.9703,ai_heavy
3785,17,157,11797.4,14746.8,0.9588,ai_heavy
3786,18,157,11576.1,14470.1,0.9441,ai_heavy
3787,19,157,11430.7,14288.4,0.9272,ai_heavy
3788,20,157,11668.5,14585.6,0.9092,ai_heavy
3789,21,157,11547.0,14433.7,0.8911,ai_heavy
3790,22,157,11446.4,14307.9,0.874,ai_heavy
3791,23,157,11430.0,14287.4,0.8584,ai_heavy
3792,0,158,11743.4,14679.2,0.8118,ai_heavy
3793,1,158,12277.2,15346.4,0.8172,ai_heavy
3794,2,158,11874.3,14842.9,0.8244,ai_heavy
3795,3,158,12001.5,15001.8,0.8335,ai_heavy
3796,4,158,11505.3,14381.6,0.8449,ai_heavy
3797,5,158,11705.4,14631.7,0.8584,ai_heavy
3798,6,158,11854.9,14818.7,0.874,ai_heavy
3799,7,158,11512.9,14391.1,0.8911,ai_heavy
3800,8,158,11636.9,14546.2,0.9092,ai_heavy
3801,9,158,12132.9,15166.1,0.9272,ai_heavy
3802,10,158,12257.5,15321.9,0.9441,ai_heavy
3803,11,158,11927.8,14909.7,0.9588,ai_heavy
3804,12,158,11502.7,14378.3,0.9703,ai_heavy
3805,13,158,11841.4,14801.8,0.9775,ai_heavy
3806,14,158,11436.3,14295.4,0.98,ai_heavy
3807,15,158,11974.3,14967.9,0.9775,ai_heavy
3808,16,158,12021.9,15027.3,0.9703,ai_heavy
3809,17,158,11807.0,14758.8,0.9588,ai_heavy
3810,18,158,11955.3,14944.2,0.9441,ai_heavy
3811,19,158,11977.6,14972.0,0.9272,ai_heavy
3812,20,158,11878.3,14847.9,0.9092,ai_heavy
3813,21,158,11321.9,14152.4,0.8911,ai_heavy
3814,22,158,11616.2,14520.3,0.874,ai_heavy
3815,23,158,11812.2,14765.3,0.8584,ai_heavy
3816,0,159,12098.5,15123.1,0.8083,ai_heavy
3817,1,159,11465.9,14332.4,0.812,ai_heavy
3818,2,159,11763.1,14703.9,0.8171,ai_heavy
3819,3,159,11892.2,14865.2,0.8235,ai_heavy
3820,4,159,11537.1,14421.3,0.8314,ai_heavy
3821,5,159,12028.3,15035.4,0.8409,ai_heavy
3822,6,159,12073.5,15091.9,0.8518,ai_heavy
3823,7,159,12165.0,15206.3,0.8638,ai_heavy
3824,8,159,11871.9,14839.9,0.8764,ai_heavy
3825,9,159,12571.6,15714.5,0.889,ai_heavy
3826,10,159,11550.9,14438.6,0.9009,ai_heavy
3827,11,159,12543.6,15679.5,0.9112,ai_heavy
3828,12,159,12083.1,15103.9,0.9192,ai_heavy
3829,13,159,12298.2,15372.7,0.9243,ai_heavy
3830,14,159,11713.3,14641.6,0.926,ai_heavy
3831,15,159,12122.3,15152.9,0.9243,ai_heavy
3832,16,159,12316.5,15395.7,0.9192,ai_heavy
3833,17,159,11407.5,14259.4,0.9112,ai_heavy
3834,18,159,11710.4,14638.0,0.9009,ai_heavy
3835,19,159,10986.2,13732.7,0.889,ai_heavy
3836,20,159,11648.2,14560.2,0.8764,ai_heavy
3837,21,159,11395.3,14244.2,0.8638,ai_heavy
3838,22,159,11577.1,14471.4,0.8518,ai_heavy
3839,23,159,12600.0,15750.0,0.8409,ai_heavy
3840,0,160,12146.7,15183.3,0.8083,ai_heavy
3841,1,160,11061.0,13826.2,0.812,ai_heavy
3842,2,160,11764.8,14706.0,0.8171,ai_heavy
3843,3,160,11864.6,14830.8,0.8235,ai_heavy
3844,4,160,11487.9,14359.8,0.8314,ai_heavy
3845,5,160,11689.9,14612.4,0.8409,ai_heavy
3846,6,160,11749.7,14687.1,0.8518,ai_heavy
3847,7,160,11209.4,14011.7,0.8638,ai_heavy
3848,8,160,11348.5,14185.6,0.8764,ai_heavy
3849,9,160,11801.0,14751.3,0.889,ai_heavy
3850,10,160,11803.2,14754.0,0.9009,ai_heavy
3851,11,160,11541.5,14426.9,0.9112,ai_heavy
3852,12,160,11529.4,14411.8,0.9192,ai_heavy
3853,13,160,11790.9,14738.7,0.9243,ai_heavy
3854,14,160,12141.3,15176.6,0.926,ai_heavy
3855,15,160,11795.6,14744.6,0.9243,ai_heavy
3856,16,160,12385.9,15482.4,0.9192,ai_heavy
3857,17,160,11546.0,14432.5,0.9112,ai_heavy
3858,18,160,11836.3,14795.3,0.9009,ai_heavy
3859,19,160,11615.6,14519.5,0.889,ai_heavy
3860,20,160,11917.4,14896.7,0.8764,ai_heavy
3861,21,160,11407.4,14259.2,0.8638,ai_heavy
3862,22,160,12327.0,15408.8,0.8518,ai_heavy
3863,23,160,11038.0,13797.5,0.8409,ai_heavy
3864,0,161,12154.6,15193.2,0.8118,ai_heavy
3865,1,161,11603.5,14504.4,0.8172,ai_heavy
3866,2,161,11781.1,14726.3,0.8244,ai_heavy
3867,3,161,12075.3,15094.1,0.8335,ai_heavy
3868,4,161,11936.4,14920.6,0.8449,ai_heavy
3869,5,161,11413.2,14266.5,0.8584,ai_heavy
3870,6,161,11915.9,14894.9,0.874,ai_heavy
3871,7,161,12403.3,15504.1,0.8911,ai_heavy
3872,8,161,11473.7,14342.1,0.9092,ai_heavy
3873,9,161,12581.4,15726.8,0.9272,ai_heavy
3874,10,161,12006.6,15008.3,0.9441,ai_heavy
3875,11,161,11749.0,14686.2,0.9588,ai_heavy
3876,12,161,11610.7,14513.4,0.9703,ai_heavy
3877,13,161,11867.4,14834.2,0.9775,ai_heavy
3878,14,161,11252.0,14065.1,0.98,ai_heavy
3879,15,161,11798.6,14748.2,0.9775,ai_heavy
3880,16,161,11836.3,14795.4,0.9703,ai_heavy
3881,17,161,11520.0,14400.0,0.9588,ai_heavy
3882,18,161,12135.6,15169.5,0.9441,ai_heavy
3883,19,161,11752.0,14690.0,0.9272,ai_heavy
3884,20,161,11562.6,14453.3,0.9092,ai_heavy
3885,21,161,11630.6,14538.3,0.8911,ai_heavy
3886,22,161,11829.9,14787.3,0.874,ai_heavy
3887,23,161,11694.4,14618.0,0.8584,ai_heavy
3888,0,162,11316.6,14145.7,0.8118,ai_heavy
3889,1,162,11615.9,14519.9,0.8172,ai_heavy
3890,2,162,11571.4,14464.2,0.8244,ai_heavy
3891,3,162,11213.6,14017.0,0.8335,ai_heavy
3892,4,162,11536.3,14420.4,0.8449,ai_heavy
3893,5,162,11871.5,14839.4,0.8584,ai_heavy
3894,6,162,11906.1,14882.6,0.874,ai_heavy
3895,7,162,11664.2,14580.3,0.8911,ai_heavy
3896,8,162,12026.8,15033.5,0.9092,ai_heavy
3897,9,162,11481.9,14352.3,0.9272,ai_heavy
3898,10,162,11531.4,14414.2,0.9441,ai_heavy
3899,11,162,11814.0,14767.5,0.9588,ai_heavy
3900,12,162,12466.4,15583.0,0.9703,ai_heavy
3901,13,162,12005.9,15007.4,0.9775,ai_heavy
3902,14,162,11854.5,14818.1,0.98,ai_heavy
3903,15,162,12500.8,15626.1,0.9775,ai_heavy
3904,16,162,11827.7,14784.7,0.9703,ai_heavy
3905,17,162,12600.0,15750.0,0.9588,ai_heavy
3906,18,162,11687.2,14609.0,0.9441,ai_heavy
3907,19,162,11470.6,14338.2,0.9272,ai_heavy
3908,20,162,11728.6,14660.8,0.9092,ai_heavy
3909,21,162,11657.5,14571.9,0.8911,ai_heavy
3910,22,162,11421.5,14276.9,0.874,ai_heavy
3911,23,162,12579.6,15724.5,0.8584,ai_heavy
3912,0,163,11670.2,14587.7,0.8118,ai_heavy
3913,1,163,11733.5,14666.8,0.8172,ai_heavy
3914,2,163,11428.4,14285.5,0.8244,ai_heavy
3915,3,163,11409.2,14261.6,0.8335,ai_heavy
3916,4,163,11995.1,14993.8,0.8449,ai_heavy
3917,5,163,11082.1,13852.6,0.8584,ai_heavy
3918,6,163,11303.8,14129.8,0.874,ai_heavy
3919,7,163,11658.1,14572.7,0.8911,ai_heavy
3920,8,163,12265.2,15331.5,0.9092,ai_heavy
3921,9,163,11696.7,14620.9,0.9272,ai_heavy
3922,10,163,12017.5,15021.8,0.9441,ai_heavy
3923,11,163,11913.6,14892.0,0.9588,ai_heavy
3924,12,163,12394.4,15493.0,0.9703,ai_heavy
3925,13,163,11379.4,14224.2,0.9775,ai_heavy
3926,14,163,12217.1,15271.4,0.98,ai_heavy
3927,15,163,11876.1,14845.1,0.9775,ai_heavy
3928,16,163,12261.5,15326.8,0.9703,ai_heavy
3929,17,163,11611.1,14513.9,0.9588,ai_heavy
3930,18,163,11878.0,14847.4,0.9441,ai_heavy
3931,19,163,11793.3,14741.6,0.9272,ai_heavy
3932,20,163,11433.0,14291.2,0.9092,ai_heavy
3933,21,163,11294.1,14117.6,0.8911,ai_heavy
3934,22,163,11501.3,14376.7,0.874,ai_heavy
3935,23,163,11714.2,14642.8,0.8584,ai_heavy
3936,0,164,11297.2,14121.5,0.8118,ai_heavy
3937,1,164,11457.7,14322.1,0.8172,ai_heavy
3938,2,164,10933.4,13666.7,0.8244,ai_heavy
3939,3,164,11481.4,14351.7,0.8335,ai_heavy
3940,4,164,11994.4,14993.0,0.8449,ai_heavy
3941,5,164,11915.6,14894.5,0.8584,ai_heavy
3942,6,164,11674.6,14593.3,0.874,ai_heavy
3943,7,164,11831.1,14788.9,0.8911,ai_heavy
3944,8,164,11494.6,14368.2,0.9092,ai_heavy
3945,9,164,12406.1,15507.7,0.9272,ai_heavy
3946,10,164,12600.0,15750.0,0.9441,ai_heavy
3947,11,164,11962.6,14953.2,0.9588,ai_heavy
3948,12,164,12600.0,15750.0,0.9703,ai_heavy
3949,13,164,11703.6,14629.5,0.9775,ai_heavy
3950,14,164,11504.6,14380.7,0.98,ai_heavy
3951,15,164,11693.0,14616.3,0.9775,ai_heavy
3952,16,164,11851.9,14814.8,0.9703,ai_heavy
3953,17,164,12600.0,15750.0,0.9588,ai_heavy
3954,18,164,11769.2,14711.4,0.9441,ai_heavy
3955,19,164,11524.6,14405.7,0.9272,ai_heavy
3956,20,164,11469.8,14337.2,0.9092,ai_heavy
3957,21,164,12147.0,15183.7,0.8911,ai_heavy
3958,22,164,12055.4,15069.2,0.874,ai_heavy
3959,23,164,11498.8,14373.5,0.8584,ai_heavy
3960,0,165,10909.2,13636.5,0.8118,ai_heavy
3961,1,165,11180.5,13975.6,0.8172,ai_heavy
3962,2,165,12187.4,15234.3,0.8244,ai_heavy
3963,3,165,11850.4,14813.0,0.8335,ai_heavy
3964,4,165,11659.9,14574.9,0.8449,ai_heavy
3965,5,165,12323.0,15403.7,0.8584,ai_heavy
3966,6,165,12392.8,15491.0,0.874,ai_heavy
3967,7,165,11732.6,14665.8,0.8911,ai_heavy
3968,8,165,11781.3,14726.6,0.9092,ai_heavy
3969,9,165,11623.1,14528.8,0.9272,ai_heavy
3970,10,165,11767.9,14709.9,0.9441,ai_heavy
3971,11,165,11372.9,14216.2,0.9588,ai_heavy
3972,12,165,11397.0,14246.3,0.9703,ai_heavy
3973,13,165,11330.0,14162.4,0.9775,ai_heavy
3974,14,165,12342.0,15427.5,0.98,ai_heavy
3975,15,165,11387.7,14234.7,0.9775,ai_heavy
3976,16,165,12600.0,15750.0,0.9703,ai_heavy
3977,17,165,11642.9,14553.6,0.9588,ai_heavy
3978,18,165,12487.9,15609.9,0.9441,ai_heavy
3979,19,165,11700.1,14625.1,0.9272,ai_heavy
3980,20,165,11233.6,14042.0,0.9092,ai_heavy
3981,21,165,12197.6,15247.0,0.8911,ai_heavy
3982,22,165,12197.4,15246.8,0.874,ai_heavy
3983,23,165,11351.6,14189.5,0.8584,ai_heavy
3984,0,166,11436.4,14295.6,0.8083,ai_heavy
3985,1,166,11246.1,14057.6,0.812,ai_heavy
3986,2,166,11530.1,14412.6,0.8171,ai_heavy
3987,3,166,11624.4,14530.5,0.8235,ai_heavy
3988,4,166,11483.2,14354.0,0.8314,ai_heavy
3989,5,166,10993.2,13741.5,0.8409,ai_heavy
3990,6,166,11450.1,14312.7,0.8518,ai_heavy
3991,7,166,11927.8,14909.8,0.8638,ai_heavy
3992,8,166,11637.4,14546.8,0.8764,ai_heavy
3993,9,166,11625.0,14531.3,0.889,ai_heavy
3994,10,166,11439.5,14299.4,0.9009,ai_heavy
3995,11,166,11576.4,14470.5,0.9112,ai_heavy
3996,12,166,12310.1,15387.7,0.9192,ai_heavy
3997,13,166,11418.5,14273.1,0.9243,ai_heavy
3998,14,166,12082.6,15103.2,0.926,ai_heavy
3999,15,166,11839.5,14799.3,0.9243,ai_heavy
4000,16,166,11897.6,14872.1,0.9192,ai_heavy
4001,17,166,11533.1,14416.4,0.9112,ai_heavy
4002,18,166,11643.9,14554.9,0.9009,ai_heavy
4003,19,166,11738.3,14672.9,0.889,ai_heavy
4004,20,166,11527.9,14409.9,0.8764,ai_heavy
4005,21,166,11797.4,14746.8,0.8638,ai_heavy
4006,22,166,11813.1,14766.4,0.8518,ai_heavy
4007,23,166,12385.6,15482.0,0.8409,ai_heavy
4008,0,167,11647.8,14559.7,0.8083,ai_heavy
4009,1,167,10897.0,13621.3,0.812,ai_heavy
4010,2,167,11975.7,14969.6,0.8171,ai_heavy
4011,3,167,11516.1,14395.1,0.8235,ai_heavy
4012,4,167,12306.0,15382.5,0.8314,ai_heavy
4013,5,167,12140.8,15176.0,0.8409,ai_heavy
4014,6,167,11476.6,14345.7,0.8518,ai_heavy
4015,7,167,11934.3,14917.8,0.8638,ai_heavy
4016,8,167,11502.2,14377.7,0.8764,ai_heavy
4017,9,167,11741.3,14676.6,0.889,ai_heavy
4018,10,167,12006.7,15008.4,0.9009,ai_heavy
4019,11,167,12185.9,15232.4,0.9112,ai_heavy
4020,12,167,12128.1,15160.1,0.9192,ai_heavy
4021,13,167,11849.4,14811.7,0.9243,ai_heavy
4022,14,167,12600.0,15750.0,0.926,ai_heavy
4023,15,167,11693.3,14616.6,0.9243,ai_heavy
4024,16,167,11241.4,14051.8,0.9192,ai_heavy
4025,17,167,11291.7,14114.7,0.9112,ai_heavy
4026,18,167,12288.5,15360.6,0.9009,ai_heavy
4027,19,167,11713.4,14641.7,0.889,ai_heavy
4028,20,167,11766.7,14708.4,0.8764,ai_heavy
4029,21,167,11491.2,14364.0,0.8638,ai_heavy
4030,22,167,11494.9,14368.7,0.8518,ai_heavy
4031,23,167,11353.2,14191.4,0.8409,ai_heavy
4032,0,168,11723.1,14653.8,0.8118,ai_heavy
4033,1,168,11538.5,14423.1,0.8172,ai_heavy
4034,2,168,11740.2,14675.3,0.8244,ai_heavy
4035,3,168,11728.7,14660.9,0.8335,ai_heavy
4036,4,168,11488.3,14360.4,0.8449,ai_heavy
4037,5,168,11158.1,13947.6,0.8584,ai_heavy
4038,6,168,11162.3,13952.9,0.874,ai_heavy
4039,7,168,12600.0,15750.0,0.8911,ai_heavy
4040,8,168,12310.2,15387.7,0.9092,ai_heavy
4041,9,168,12305.3,15381.6,0.9272,ai_heavy
4042,10,168,11629.1,14536.3,0.9441,ai_heavy
4043,11,168,11907.1,14883.9,0.9588,ai_heavy
4044,12,168,11638.6,14548.3,0.9703,ai_heavy
4045,13,168,11477.1,14346.4,0.9775,ai_heavy
4046,14,168,11742.1,14677.6,0.98,ai_heavy
4047,15,168,12422.7,15528.4,0.9775,ai_heavy
4048,16,168,12231.4,15289.2,0.9703,ai_heavy
4049,17,168,11557.3,14446.6,0.9588,ai_heavy
4050,18,168,11757.2,14696.5,0.9441,ai_heavy
4051,19,168,12095.5,15119.4,0.9272,ai_heavy
4052,20,168,11585.6,14482.0,0.9092,ai_heavy
4053,21,168,11773.3,14716.6,0.8911,ai_heavy
4054,22,168,11846.3,14807.8,0.874,ai_heavy
4055,23,168,11805.6,14757.0,0.8584,ai_heavy
4056,0,169,11647.8,14559.8,0.8118,ai_heavy
4057,1,169,11345.3,14181.7,0.8172,ai_heavy
4058,2,169,11397.4,14246.8,0.8244,ai_heavy
4059,3,169,11215.6,14019.5,0.8335,ai_heavy
4060,4,169,11091.9,13864.9,0.8449,ai_heavy
4061,5,169,11628.6,14535.7,0.8584,ai_heavy
4062,6,169,11991.8,14989.7,0.874,ai_heavy
4063,7,169,11258.9,14073.6,0.8911,ai_heavy
4064,8,169,11884.0,14855.0,0.9092,ai_heavy
4065,9,169,12108.1,15135.1,0.9272,ai_heavy
4066,10,169,11215.2,14019.1,0.9441,ai_heavy
4067,11,169,11807.1,14758.9,0.9588,ai_heavy
4068,12,169,12519.6,15649.5,0.9703,ai_heavy
4069,13,169,12145.2,15181.5,0.9775,ai_heavy
4070,14,169,11282.5,14103.1,0.98,ai_heavy
4071,15,169,12183.4,15229.2,0.9775,ai_heavy
4072,16,169,11662.8,14578.5,0.9703,ai_heavy
4073,17,169,12150.6,15188.2,0.9588,ai_heavy
4074,18,169,11623.5,14529.4,0.9441,ai_heavy
4075,19,169,11810.8,14763.5,0.9272,ai_heavy
4076,20,169,11597.4,14496.7,0.9092,ai_heavy
4077,21,169,11746.4,14683.0,0.8911,ai_heavy
4078,22,169,11506.0,14382.4,0.874,ai_heavy
4079,23,169,11590.5,14488.1,0.8584,ai_heavy
4080,0,170,11152.0,13940.0,0.8118,ai_heavy
4081,1,170,11742.6,14678.3,0.8172,ai_heavy
4082,2,170,11649.9,14562.4,0.8244,ai_heavy
4083,3,170,11047.4,13809.2,0.8335,ai_heavy
4084,4,170,11983.7,14979.6,0.8449,ai_heavy
4085,5,170,11607.0,14508.8,0.8584,ai_heavy
4086,6,170,11762.0,14702.5,0.874,ai_heavy
4087,7,170,12014.7,15018.3,0.8911,ai_heavy
4088,8,170,11903.5,14879.4,0.9092,ai_heavy
4089,9,170,12243.2,15303.9,0.9272,ai_heavy
4090,10,170,11764.8,14706.0,0.9441,ai_heavy
4091,11,170,12273.1,15341.4,0.9588,ai_heavy
4092,12,170,11974.4,14968.0,0.9703,ai_heavy
4093,13,170,12129.3,15161.7,0.9775,ai_heavy
4094,14,170,12097.9,15122.4,0.98,ai_heavy
4095,15,170,12392.1,15490.1,0.9775,ai_heavy
4096,16,170,12188.6,15235.8,0.9703,ai_heavy
4097,17,170,11745.5,14681.9,0.9588,ai_heavy
4098,18,170,11640.9,14551.2,0.9441,ai_heavy
4099,19,170,11812.0,14765.0,0.9272,ai_heavy
4100,20,170,11518.7,14398.4,0.9092,ai_heavy
4101,21,170,11374.5,14218.2,0.8911,ai_heavy
4102,22,170,10957.9,13697.4,0.874,ai_heavy
4103,23,170,11126.4,13908.0,0.8584,ai_heavy
4104,0,171,12248.2,15310.3,0.8118,ai_heavy
4105,1,171,11344.4,14180.5,0.8172,ai_heavy
4106,2,171,12250.8,15313.5,0.8244,ai_heavy
4107,3,171,11750.9,14688.6,0.8335,ai_heavy
4108,4,171,11619.7,14524.6,0.8449,ai_heavy
4109,5,171,11143.4,13929.3,0.8584,ai_heavy
4110,6,171,11706.8,14633.5,0.874,ai_heavy
4111,7,171,12412.0,15515.0,0.8911,ai_heavy
4112,8,171,12338.3,15422.9,0.9092,ai_heavy
4113,9,171,11927.0,14908.7,0.9272,ai_heavy
4114,10,171,11460.3,14325.3,0.9441,ai_heavy
4115,11,171,11561.9,14452.4,0.9588,ai_heavy
4116,12,171,11625.3,14531.6,0.9703,ai_heavy
4117,13,171,12405.5,15506.9,0.9775,ai_heavy
4118,14,171,12538.3,15672.9,0.98,ai_heavy
4119,15,171,12017.6,15022.0,0.9775,ai_heavy
4120,16,171,11822.0,14777.5,0.9703,ai_heavy
4121,17,171,12456.8,15571.0,0.9588,ai_heavy
4122,18,171,11520.8,14401.0,0.9441,ai_heavy
4123,19,171,11848.0,14810.0,0.9272,ai_heavy
4124,20,171,11951.2,14939.0,0.9092,ai_heavy
4125,21,171,11441.3,14301.6,0.8911,ai_heavy
4126,22,171,11481.9,14352.3,0.874,ai_heavy
4127,23,171,11418.9,14273.6,0.8584,ai_heavy
4128,0,172,12051.0,15063.7,0.8118,ai_heavy
4129,1,172,12236.9,15296.1,0.8172,ai_heavy
4130,2,172,11628.9,14536.1,0.8244,ai_heavy
4131,3,172,11517.0,14396.3,0.8335,ai_heavy
4132,4,172,11427.6,14284.5,0.8449,ai_heavy
4133,5,172,11669.4,14586.7,0.8584,ai_heavy
4134,6,172,11511.9,14389.9,0.874,ai_heavy
4135,7,172,11711.1,14638.8,0.8911,ai_heavy
4136,8,172,11933.6,14917.0,0.9092,ai_heavy
4137,9,172,11685.8,14607.2,0.9272,ai_heavy
4138,10,172,11801.8,14752.2,0.9441,ai_heavy
4139,11,172,11837.5,14796.8,0.9588,ai_heavy
4140,12,172,11816.8,14771.0,0.9703,ai_heavy
4141,13,172,11789.2,14736.5,0.9775,ai_heavy
4142,14,172,12226.5,15283.2,0.98,ai_heavy
4143,15,172,11312.7,14140.9,0.9775,ai_heavy
4144,16,172,12493.9,15617.4,0.9703,ai_heavy
4145,17,172,11952.1,14940.1,0.9588,ai_heavy
4146,18,172,12086.5,15108.1,0.9441,ai_heavy
4147,19,172,12087.0,15108.7,0.9272,ai_heavy
4148,20,172,11537.1,14421.4,0.9092,ai_heavy
4149,21,172,11423.1,14278.9,0.8911,ai_heavy
4150,22,172,11342.7,14178.3,0.874,ai_heavy
4151,23,172,11582.3,14477.8,0.8584,ai_heavy
4152,0,173,11793.7,14742.1,0.8083,ai_heavy
4153,1,173,11357.7,14197.2,0.812,ai_heavy
4154,2,173,11783.0,14728.7,0.8171,ai_heavy
4155,3,173,10763.8,13454.8,0.8235,ai_heavy
4156,4,173,11471.3,14339.1,0.8314,ai_heavy
4157,5,173,12034.9,15043.6,0.8409,ai_heavy
4158,6,173,11593.4,14491.8,0.8518,ai_heavy
4159,7,173,11390.7,14238.4,0.8638,ai_heavy
4160,8,173,11480.1,14350.1,0.8764,ai_heavy
4161,9,173,10673.8,13342.3,0.889,ai_heavy
4162,10,173,11410.9,14263.6,0.9009,ai_heavy
4163,11,173,12166.2,15207.8,0.9112,ai_heavy
4164,12,173,11604.5,14505.6,0.9192,ai_heavy
4165,13,173,11658.0,14572.5,0.9243,ai_heavy
4166,14,173,10999.5,13749.4,0.926,ai_heavy
4167,15,173,11244.3,14055.4,0.9243,ai_heavy
4168,16,173,12232.6,15290.7,0.9192,ai_heavy
4169,17,173,12010.6,15013.2,0.9112,ai_heavy
4170,18,173,11310.0,14137.5,0.9009,ai_heavy
4171,19,173,11518.3,14397.8,0.889,ai_heavy
4172,20,173,11700.6,14625.7,0.8764,ai_heavy
4173,21,173,11262.1,14077.6,0.8638,ai_heavy
4174,22,173,10952.6,13690.7,0.8518,ai_heavy
4175,23,173,11572.2,14465.2,0.8409,ai_heavy
4176,0,174,11749.8,14687.3,0.8083,ai_heavy
4177,1,174,11765.5,14706.8,0.812,ai_heavy
4178,2,174,11875.7,14844.7,0.8171,ai_heavy
4179,3,174,11046.9,13808.6,0.8235,ai_heavy
4180,4,174,11625.7,14532.1,0.8314,ai_heavy
4181,5,174,11534.1,14417.6,0.8409,ai_heavy
4182,6,174,11622.7,14528.4,0.8518,ai_heavy
4183,7,174,11607.1,14508.8,0.8638,ai_heavy
4184,8,174,11478.8,14348.5,0.8764,ai_heavy
4185,9,174,10677.5,13346.8,0.889,ai_heavy
4186,10,174,12178.3,15222.8,0.9009,ai_heavy
4187,11,174,11908.9,14886.2,0.9112,ai_heavy
4188,12,174,11285.0,14106.2,0.9192,ai_heavy
4189,13,174,11990.6,14988.2,0.9243,ai_heavy
4190,14,174,11668.1,14585.2,0.926,ai_heavy
4191,15,174,11674.2,14592.7,0.9243,ai_heavy
4192,16,174,11538.6,14423.3,0.9192,ai_heavy
4193,17,174,11982.1,14977.7,0.9112,ai_heavy
4194,18,174,11485.7,14357.1,0.9009,ai_heavy
4195,19,174,11354.0,14192.5,0.889,ai_heavy
4196,20,174,12108.4,15135.5,0.8764,ai_heavy
4197,21,174,11618.6,14523.3,0.8638,ai_heavy
4198,22,174,11601.7,14502.1,0.8518,ai_heavy
4199,23,174,11869.3,14836.6,0.8409,ai_heavy
4200,0,175,11328.2,14160.2,0.8118,ai_heavy
4201,1,175,11409.8,14262.2,0.8172,ai_heavy
4202,2,175,11695.3,14619.1,0.8244,ai_heavy
4203,3,175,11073.6,13842.0,0.8335,ai_heavy
4204,4,175,11714.2,14642.8,0.8449,ai_heavy
4205,5,175,11404.2,14255.2,0.8584,ai_heavy
4206,6,175,12005.6,15007.0,0.874,ai_heavy
4207,7,175,11937.9,14922.4,0.8911,ai_heavy
4208,8,175,11934.1,14917.6,0.9092,ai_heavy
4209,9,175,11259.3,14074.2,0.9272,ai_heavy
4210,10,175,11832.5,14790.6,0.9441,ai_heavy
4211,11,175,11483.3,14354.1,0.9588,ai_heavy
4212,12,175,11917.2,14896.6,0.9703,ai_heavy
4213,13,175,11117.5,13896.9,0.9775,ai_heavy
4214,14,175,11400.7,14250.8,0.98,ai_heavy
4215,15,175,12373.6,15467.0,0.9775,ai_heavy
4216,16,175,12062.5,15078.2,0.9703,ai_heavy
4217,17,175,11777.4,14721.7,0.9588,ai_heavy
4218,18,175,11545.7,14432.1,0.9441,ai_heavy
4219,19,175,11444.9,14306.1,0.9272,ai_heavy
4220,20,175,11858.3,14822.8,0.9092,ai_heavy
4221,21,175,11624.2,14530.2,0.8911,ai_heavy
4222,22,175,12248.3,15310.3,0.874,ai_heavy
4223,23,175,11604.1,14505.1,0.8584,ai_heavy
4224,0,176,11580.0,14475.1,0.8118,ai_heavy
4225,1,176,11090.2,13862.8,0.8172,ai_heavy
4226,2,176,11463.6,14329.5,0.8244,ai_heavy
4227,3,176,11672.1,14590.1,0.8335,ai_heavy
4228,4,176,11506.9,14383.6,0.8449,ai_heavy
4229,5,176,11498.7,14373.4,0.8584,ai_heavy
4230,6,176,11820.0,14774.9,0.874,ai_heavy
4231,7,176,12279.0,15348.8,0.8911,ai_heavy
4232,8,176,11838.7,14798.4,0.9092,ai_heavy
4233,9,176,12235.7,15294.6,0.9272,ai_heavy
4234,10,176,12090.6,15113.3,0.9441,ai_heavy
4235,11,176,12290.9,15363.7,0.9588,ai_heavy
4236,12,176,11712.2,14640.3,0.9703,ai_heavy
4237,13,176,11873.2,14841.5,0.9775,ai_heavy
4238,14,176,11880.5,14850.6,0.98,ai_heavy
4239,15,176,12143.2,15179.0,0.9775,ai_heavy
4240,16,176,12214.1,15267.6,0.9703,ai_heavy
4241,17,176,11948.4,14935.5,0.9588,ai_heavy
4242,18,176,12181.4,15226.8,0.9441,ai_heavy
4243,19,176,11629.7,14537.1,0.9272,ai_heavy
4244,20,176,12100.6,15125.7,0.9092,ai_heavy
4245,21,176,12103.2,15129.0,0.8911,ai_heavy
4246,22,176,11943.1,14928.8,0.874,ai_heavy
4247,23,176,11715.7,14644.6,0.8584,ai_heavy
4248,0,177,11807.1,14758.8,0.8118,ai_heavy
4249,1,177,11261.9,14077.4,0.8172,ai_heavy
4250,2,177,11658.0,14572.5,0.8244,ai_heavy
4251,3,177,11715.1,14643.9,0.8335,ai_heavy
4252,4,177,11172.9,13966.1,0.8449,ai_heavy
4253,5,177,11834.9,14793.6,0.8584,ai_heavy
4254,6,177,11266.6,14083.3,0.874,ai_heavy
4255,7,177,11594.5,14493.1,0.8911,ai_heavy
4256,8,177,11801.5,14751.9,0.9092,ai_heavy
4257,9,177,11570.3,14462.9,0.9272,ai_heavy
4258,10,177,11898.7,14873.3,0.9441,ai_heavy
4259,11,177,11927.5,14909.3,0.9588,ai_heavy
4260,12,177,11636.9,14546.1,0.9703,ai_heavy
4261,13,177,12151.0,15188.7,0.9775,ai_heavy
4262,14,177,11679.2,14599.0,0.98,ai_heavy
4263,15,177,12600.0,15750.0,0.9775,ai_heavy
4264,16,177,11891.3,14864.1,0.9703,ai_heavy
4265,17,177,11485.4,14356.8,0.9588,ai_heavy
4266,18,177,11518.8,14398.5,0.9441,ai_heavy
4267,19,177,12236.9,15296.1,0.9272,ai_heavy
4268,20,177,11642.8,14553.5,0.9092,ai_heavy
4269,21,177,11264.7,14080.9,0.8911,ai_heavy
4270,22,177,12004.9,15006.2,0.874,ai_heavy
4271,23,177,11523.3,14404.1,0.8584,ai_heavy
4272,0,178,11786.3,14732.9,0.8118,ai_heavy
4273,1,178,11897.1,14871.4,0.8172,ai_heavy
4274,2,178,11684.4,14605.5,0.8244,ai_heavy
4275,3,178,12445.0,15556.2,0.8335,ai_heavy
4276,4,178,11034.9,13793.6,0.8449,ai_heavy
4277,5,178,11382.4,14228.0,0.8584,ai_heavy
4278,6,178,11615.3,14519.1,0.874,ai_heavy
4279,7,178,12542.0,15677.5,0.8911,ai_heavy
4280,8,178,12423.3,15529.1,0.9092,ai_heavy
4281,9,178,12287.0,15358.7,0.9272,ai_heavy
4282,10,178,11586.5,14483.1,0.9441,ai_heavy
4283,11,178,11661.8,14577.2,0.9588,ai_heavy
4284,12,178,11633.9,14542.4,0.9703,ai_heavy
4285,13,178,11666.6,14583.2,0.9775,ai_heavy
4286,14,178,12488.5,15610.6,0.98,ai_heavy
4287,15,178,11860.0,14825.0,0.9775,ai_heavy
4288,16,178,11890.5,14863.2,0.9703,ai_heavy
4289,17,178,12180.2,15225.3,0.9588,ai_heavy
4290,18,178,11276.9,14096.2,0.9441,ai_heavy
4291,19,178,11848.3,14810.4,0.9272,ai_heavy
4292,20,178,11399.6,14249.5,0.9092,ai_heavy
4293,21,178,11641.5,14551.9,0.8911,ai_heavy
4294,22,178,11499.2,14374.0,0.874,ai_heavy
4295,23,178,11445.4,14306.8,0.8584,ai_heavy
4296,0,179,11637.9,14547.4,0.8118,ai_heavy
4297,1,179,11649.1,14561.3,0.8172,ai_heavy
4298,2,179,11512.6,14390.7,0.8244,ai_heavy
4299,3,179,11739.6,14674.5,0.8335,ai_heavy
4300,4,179,11333.8,14167.2,0.8449,ai_heavy
4301,5,179,11907.3,14884.2,0.8584,ai_heavy
4302,6,179,11632.8,14540.9,0.874,ai_heavy
4303,7,179,11574.8,14468.6,0.8911,ai_heavy
4304,8,179,11506.4,14383.0,0.9092,ai_heavy
4305,9,179,11744.0,14680.0,0.9272,ai_heavy
4306,10,179,12535.4,15669.2,0.9441,ai_heavy
4307,11,179,11881.1,14851.4,0.9588,ai_heavy
4308,12,179,11520.8,14401.1,0.9703,ai_heavy
4309,13,179,12276.7,15345.9,0.9775,ai_heavy
4310,14,179,11784.0,14730.0,0.98,ai_heavy
4311,15,179,12049.1,15061.4,0.9775,ai_heavy
4312,16,179,11713.7,14642.1,0.9703,ai_heavy
4313,17,179,12361.1,15451.4,0.9588,ai_heavy
4314,18,179,11658.9,14573.6,0.9441,ai_heavy
4315,19,179,12325.7,15407.2,0.9272,ai_heavy
4316,20,179,11416.4,14270.5,0.9092,ai_heavy
4317,21,179,11642.1,14552.6,0.8911,ai_heavy
4318,22,179,12196.8,15246.0,0.874,ai_heavy
4319,23,179,11727.6,14659.5,0.8584,ai_heavy
4320,0,180,12338.5,15423.2,0.8083,ai_heavy
4321,1,180,11466.9,14333.6,0.812,ai_heavy
4322,2,180,11661.1,14576.4,0.8171,ai_heavy
4323,3,180,12249.2,15311.5,0.8235,ai_heavy
4324,4,180,11078.4,13848.0,0.8314,ai_heavy
4325,5,180,11056.4,13820.5,0.8409,ai_heavy
4326,6,180,11375.1,14218.9,0.8518,ai_heavy
4327,7,180,11966.3,14957.9,0.8638,ai_heavy
4328,8,180,11145.2,13931.6,0.8764,ai_heavy
4329,9,180,11950.6,14938.3,0.889,ai_heavy
4330,10,180,11954.0,14942.5,0.9009,ai_heavy
4331,11,180,12504.8,15631.0,0.9112,ai_heavy
4332,12,180,12181.4,15226.7,0.9192,ai_heavy
4333,13,180,11951.9,14939.9,0.9243,ai_heavy
4334,14,180,12309.1,15386.3,0.926,ai_heavy
4335,15,180,12013.9,15017.4,0.9243,ai_heavy
4336,16,180,11647.9,14559.9,0.9192,ai_heavy
4337,17,180,11387.3,14234.1,0.9112,ai_heavy
4338,18,180,11567.1,14458.8,0.9009,ai_heavy
4339,19,180,11726.2,14657.8,0.889,ai_heavy
4340,20,180,11772.3,14715.4,0.8764,ai_heavy
4341,21,180,10933.0,13666.3,0.8638,ai_heavy
4342,22,180,11576.5,14470.6,0.8518,ai_heavy
4343,23,180,11637.7,14547.1,0.8409,ai_heavy
4344,0,181,11741.1,14676.4,0.8083,ai_heavy
4345,1,181,12124.4,15155.5,0.812,ai_heavy
4346,2,181,11636.4,14545.4,0.8171,ai_heavy
4347,3,181,11270.7,14088.4,0.8235,ai_heavy
4348,4,181,10972.5,13715.7,0.8314,ai_heavy
4349,5,181,11867.4,14834.2,0.8409,ai_heavy
4350,6,181,11349.4,14186.7,0.8518,ai_heavy
4351,7,181,11985.1,14981.3,0.8638,ai_heavy
4352,8,181,12201.8,15252.2,0.8764,ai_heavy
4353,9,181,11196.5,13995.6,0.889,ai_heavy
4354,10,181,11963.6,14954.5,0.9009,ai_heavy
4355,11,181,12249.5,15311.9,0.9112,ai_heavy
4356,12,181,12172.0,15215.0,0.9192,ai_heavy
4357,13,181,11079.2,13849.0,0.9243,ai_heavy
4358,14,181,11524.0,14404.9,0.926,ai_heavy
4359,15,181,11368.7,14210.9,0.9243,ai_heavy
4360,16,181,11996.4,14995.5,0.9192,ai_heavy
4361,17,181,11938.4,14923.0,0.9112,ai_heavy
4362,18,181,10815.6,13519.5,0.9009,ai_heavy
4363,19,181,11634.4,14543.0,0.889,ai_heavy
4364,20,181,11992.1,14990.2,0.8764,ai_heavy
4365,21,181,11733.1,14666.4,0.8638,ai_heavy
4366,22,181,11704.3,14630.4,0.8518,ai_heavy
4367,23,181,11500.4,14375.5,0.8409,ai_heavy
4368,0,182,11192.5,13990.6,0.8118,ai_heavy
4369,1,182,11566.4,14457.9,0.8172,ai_heavy
4370,2,182,11607.1,14508.9,0.8244,ai_heavy
4371,3,182,11824.8,14780.9,0.8335,ai_heavy
4372,4,182,11880.2,14850.2,0.8449,ai_heavy
4373,5,182,11698.8,14623.5,0.8584,ai_heavy
4374,6,182,12089.6,15112.1,0.874,ai_heavy
4375,7,182,11613.2,14516.5,0.8911,ai_heavy
4376,8,182,11276.8,14096.0,0.9092,ai_heavy
4377,9,182,11998.9,14998.7,0.9272,ai_heavy
4378,10,182,11914.3,14892.8,0.9441,ai_heavy
4379,11,182,12081.2,15101.5,0.9588,ai_heavy
4380,12,182,11477.9,14347.3,0.9703,ai_heavy
4381,13,182,12589.3,15736.6,0.9775,ai_heavy
4382,14,182,12208.0,15260.0,0.98,ai_heavy
4383,15,182,11844.2,14805.2,0.9775,ai_heavy
4384,16,182,11595.6,14494.5,0.9703,ai_heavy
4385,17,182,12288.4,15360.5,0.9588,ai_heavy
4386,18,182,11477.0,14346.2,0.9441,ai_heavy
4387,19,182,12600.0,15750.0,0.9272,ai_heavy
4388,20,182,11570.6,14463.3,0.9092,ai_heavy
4389,21,182,12351.5,15439.4,0.8911,ai_heavy
4390,22,182,11640.4,14550.5,0.874,ai_heavy
4391,23,182,12222.1,15277.6,0.8584,ai_heavy
4392,0,183,11304.8,14131.0,0.8118,ai_heavy
4393,1,183,11578.8,14473.5,0.8172,ai_heavy
4394,2,183,11868.8,14836.0,0.8244,ai_heavy
4395,3,183,11841.1,14801.3,0.8335,ai_heavy
4396,4,183,12021.3,15026.6,0.8449,ai_heavy
4397,5,183,11498.1,14372.6,0.8584,ai_heavy
4398,6,183,11734.9,14668.7,0.874,ai_heavy
4399,7,183,12185.1,15231.4,0.8911,ai_heavy
4400,8,183,11538.1,14422.6,0.9092,ai_heavy
4401,9,183,12032.8,15041.0,0.9272,ai_heavy
4402,10,183,11791.2,14739.0,0.9441,ai_heavy
4403,11,183,11977.2,14971.5,0.9588,ai_heavy
4404,12,183,11960.7,14950.9,0.9703,ai_heavy
4405,13,183,11664.9,14581.1,0.9775,ai_heavy
4406,14,183,11859.7,14824.6,0.98,ai_heavy
4407,15,183,11999.3,14999.2,0.9775,ai_heavy
4408,16,183,11893.7,14867.1,0.9703,ai_heavy
4409,17,183,12465.3,15581.7,0.9588,ai_heavy
4410,18,183,12228.9,15286.1,0.9441,ai_heavy
4411,19,183,11932.6,14915.7,0.9272,ai_heavy
4412,20,183,11517.6,14397.0,0.9092,ai_heavy
4413,21,183,11454.9,14318.6,0.8911,ai_heavy
4414,22,183,12398.3,15497.8,0.874,ai_heavy
4415,23,183,11315.2,14144.0,0.8584,ai_heavy
4416,0,184,11599.2,14499.0,0.8118,ai_heavy
4417,1,184,11697.6,14622.0,0.8172,ai_heavy
4418,2,184,11480.8,14351.0,0.8244,ai_heavy
4419,3,184,11261.4,14076.7,0.8335,ai_heavy
4420,4,184,11363.0,14203.8,0.8449,ai_heavy
4421,5,184,11477.4,14346.8,0.8584,ai_heavy
4422,6,184,11456.0,14320.0,0.874,ai_heavy
4423,7,184,12213.1,15266.4,0.8911,ai_heavy
4424,8,184,11784.2,14730.3,0.9092,ai_heavy
4425,9,184,11643.7,14554.7,0.9272,ai_heavy
4426,10,184,11907.4,14884.2,0.9441,ai_heavy
4427,11,184,12142.2,15177.8,0.9588,ai_heavy
4428,12,184,11807.1,14758.9,0.9703,ai_heavy
4429,13,184,12270.7,15338.4,0.9775,ai_heavy
4430,14,184,11497.4,14371.7,0.98,ai_heavy
4431,15,184,12367.2,15459.0,0.9775,ai_heavy
4432,16,184,11927.2,14909.0,0.9703,ai_heavy
4433,17,184,11886.6,14858.2,0.9588,ai_heavy
4434,18,184,11622.5,14528.1,0.9441,ai_heavy
4435,19,184,11393.9,14242.4,0.9272,ai_heavy
4436,20,184,11198.1,13997.6,0.9092,ai_heavy
4437,21,184,11476.5,14345.6,0.8911,ai_heavy
4438,22,184,11911.5,14889.4,0.874,ai_heavy
4439,23,184,11332.2,14165.3,0.8584,ai_heavy
4440,0,185,11022.7,13778.4,0.8118,ai_heavy
4441,1,185,11256.7,14070.9,0.8172,ai_heavy
4442,2,185,11455.2,14319.0,0.8244,ai_heavy
4443,3,185,11490.1,14362.6,0.8335,ai_heavy
4444,4,185,11592.0,14490.0,0.8449,ai_heavy
4445,5,185,12030.2,15037.8,0.8584,ai_heavy
4446,6,185,12143.8,15179.8,0.874,ai_heavy
4447,7,185,12451.9,15564.9,0.8911,ai_heavy
4448,8,185,11212.9,14016.1,0.9092,ai_heavy
4449,9,185,11525.9,14407.4,0.9272,ai_heavy
4450,10,185,12118.0,15147.5,0.9441,ai_heavy
4451,11,185,11741.6,14677.0,0.9588,ai_heavy
4452,12,185,12238.5,15298.2,0.9703,ai_heavy
4453,13,185,12021.6,15027.0,0.9775,ai_heavy
4454,14,185,12519.5,15649.4,0.98,ai_heavy
4455,15,185,12321.1,15401.4,0.9775,ai_heavy
4456,16,185,12310.2,15387.7,0.9703,ai_heavy
4457,17,185,11756.6,14695.8,0.9588,ai_heavy
4458,18,185,11834.6,14793.2,0.9441,ai_heavy
4459,19,185,11721.3,14651.6,0.9272,ai_heavy
4460,20,185,11255.0,14068.7,0.9092,ai_heavy
4461,21,185,12263.9,15329.8,0.8911,ai_heavy
4462,22,185,11966.9,14958.6,0.874,ai_heavy
4463,23,185,11548.0,14435.0,0.8584,ai_heavy
4464,0,186,12012.1,15015.1,0.8118,ai_heavy
4465,1,186,11353.4,14191.8,0.8172,ai_heavy
4466,2,186,10949.9,13687.4,0.8244,ai_heavy
4467,3,186,11961.3,14951.7,0.8335,ai_heavy
4468,4,186,11190.7,13988.3,0.8449,ai_heavy
4469,5,186,11600.2,14500.3,0.8584,ai_heavy
4470,6,186,11777.5,14721.9,0.874,ai_heavy
4471,7,186,11881.1,14851.4,0.8911,ai_heavy
4472,8,186,12087.5,15109.4,0.9092,ai_heavy
4473,9,186,12035.8,15044.7,0.9272,ai_heavy
4474,10,186,12065.1,15081.3,0.9441,ai_heavy
4475,11,186,11621.3,14526.7,0.9588,ai_heavy
4476,12,186,12035.8,15044.7,0.9703,ai_heavy
4477,13,186,11407.8,14259.7,0.9775,ai_heavy
4478,14,186,12513.4,15641.7,0.98,ai_heavy
4479,15,186,11444.7,14305.9,0.9775,ai_heavy
4480,16,186,11806.4,14758.1,0.9703,ai_heavy
4481,17,186,11432.7,14290.9,0.9588,ai_heavy
4482,18,186,11609.3,14511.6,0.9441,ai_heavy
4483,19,186,11834.4,14793.0,0.9272,ai_heavy
4484,20,186,11600.5,14500.6,0.9092,ai_heavy
4485,21,186,12148.5,15185.6,0.8911,ai_heavy
4486,22,186,11784.8,14731.0,0.874,ai_heavy
4487,23,186,11506.7,14383.4,0.8584,ai_heavy
4488,0,187,11505.1,14381.4,0.8083,ai_heavy
4489,1,187,11983.2,14979.0,0.812,ai_heavy
4490,2,187,11887.4,14859.3,0.8171,ai_heavy
4491,3,187,11191.1,13988.8,0.8235,ai_heavy
4492,4,187,11368.5,14210.7,0.8314,ai_heavy
4493,5,187,11793.3,14741.7,0.8409,ai_heavy
4494,6,187,11776.7,14720.9,0.8518,ai_heavy
4495,7,187,11313.2,14141.5,0.8638,ai_heavy
4496,8,187,11974.0,14967.5,0.8764,ai_heavy
4497,9,187,11426.6,14283.2,0.889,ai_heavy
4498,10,187,12228.4,15285.5,0.9009,ai_heavy
4499,11,187,11979.5,14974.4,0.9112,ai_heavy
4500,12,187,11409.8,14262.3,0.9192,ai_heavy
4501,13,187,11635.1,14543.9,0.9243,ai_heavy
4502,14,187,11633.0,14541.2,0.926,ai_heavy
4503,15,187,11879.5,14849.3,0.9243,ai_heavy
4504,16,187,11738.6,14673.3,0.9192,ai_heavy
4505,17,187,11387.0,14233.7,0.9112,ai_heavy
4506,18,187,11275.9,14094.8,0.9009,ai_heavy
4507,19,187,11933.7,14917.1,0.889,ai_heavy
4508,20,187,11811.4,14764.2,0.8764,ai_heavy
4509,21,187,11718.3,14647.8,0.8638,ai_heavy
4510,22,187,11747.9,14684.8,0.8518,ai_heavy
4511,23,187,11411.8,14264.8,0.8409,ai_heavy
4512,0,188,11615.1,14518.9,0.8083,ai_heavy
4513,1,188,12440.6,15550.7,0.812,ai_heavy
4514,2,188,11979.7,14974.6,0.8171,ai_heavy
4515,3,188,11486.7,14358.3,0.8235,ai_heavy
4516,4,188,11423.3,14279.1,0.8314,ai_heavy
4517,5,188,10629.9,13287.4,0.8409,ai_heavy
4518,6,188,12026.8,15033.5,0.8518,ai_heavy
4519,7,188,11956.9,14946.2,0.8638,ai_heavy
4520,8,188,11519.8,14399.7,0.8764,ai_heavy
4521,9,188,11236.1,14045.1,0.889,ai_heavy
4522,10,188,11360.2,14200.3,0.9009,ai_heavy
4523,11,188,11949.4,14936.8,0.9112,ai_heavy
4524,12,188,11779.3,14724.1,0.9192,ai_heavy
4525,13,188,12068.1,15085.1,0.9243,ai_heavy
4526,14,188,11857.5,14821.9,0.926,ai_heavy
4527,15,188,12165.7,15207.1,0.9243,ai_heavy
4528,16,188,11941.9,14927.3,0.9192,ai_heavy
4529,17,188,12085.4,15106.7,0.9112,ai_heavy
4530,18,188,11030.3,13787.9,0.9009,ai_heavy
4531,19,188,11305.6,14132.0,0.889,ai_heavy
4532,20,188,11582.8,14478.5,0.8764,ai_heavy
4533,21,188,12059.6,15074.5,0.8638,ai_heavy
4534,22,188,12310.6,15388.3,0.8518,ai_heavy
4535,23,188,11570.4,14463.0,0.8409,ai_heavy
4536,0,189,11347.6,14184.5,0.8118,ai_heavy
4537,1,189,10893.6,13617.0,0.8172,ai_heavy
4538,2,189,11889.2,14861.5,0.8244,ai_heavy
4539,3,189,11418.8,14273.5,0.8335,ai_heavy
4540,4,189,12600.0,15750.0,0.8449,ai_heavy
4541,5,189,11409.9,14262.4,0.8584,ai_heavy
4542,6,189,12444.4,15555.5,0.874,ai_heavy
4543,7,189,12009.0,15011.2,0.8911,ai_heavy
4544,8,189,11423.9,14279.8,0.9092,ai_heavy
4545,9,189,11912.0,14890.0,0.9272,ai_heavy
4546,10,189,12143.9,15179.9,0.9441,ai_heavy
4547,11,189,11823.3,14779.1,0.9588,ai_heavy
4548,12,189,12230.4,15288.0,0.9703,ai_heavy
4549,13,189,12239.8,15299.8,0.9775,ai_heavy
4550,14,189,12167.0,15208.8,0.98,ai_heavy
4551,15,189,11941.5,14926.9,0.9775,ai_heavy
4552,16,189,11509.9,14387.4,0.9703,ai_heavy
4553,17,189,11876.3,14845.4,0.9588,ai_heavy
4554,18,189,11932.0,14915.0,0.9441,ai_heavy
4555,19,189,11163.9,13954.8,0.9272,ai_heavy
4556,20,189,11847.3,14809.1,0.9092,ai_heavy
4557,21,189,11711.2,14638.9,0.8911,ai_heavy
4558,22,189,11249.8,14062.3,0.874,ai_heavy
4559,23,189,11552.2,14440.2,0.8584,ai_heavy
4560,0,190,11451.5,14314.4,0.8118,ai_heavy
4561,1,190,12242.3,15302.9,0.8172,ai_heavy
4562,2,190,11665.5,14581.9,0.8244,ai_heavy
4563,3,190,11971.3,14964.2,0.8335,ai_heavy
4564,4,190,11595.9,14494.9,0.8449,ai_heavy
4565,5,190,11012.8,13765.9,0.8584,ai_heavy
4566,6,190,11941.3,14926.6,0.874,ai_heavy
4567,7,190,11513.4,14391.7,0.8911,ai_heavy
4568,8,190,11668.8,14586.0,0.9092,ai_heavy
4569,9,190,11456.0,14319.9,0.9272,ai_heavy
4570,10,190,11895.2,14869.0,0.9441,ai_heavy
4571,11,190,12284.1,15355.1,0.9588,ai_heavy
4572,12,190,12264.3,15330.3,0.9703,ai_heavy
4573,13,190,12515.9,15644.9,0.9775,ai_heavy
4574,14,190,12572.8,15716.0,0.98,ai_heavy
4575,15,190,11214.1,14017.6,0.9775,ai_heavy
4576,16,190,11503.2,14379.0,0.9703,ai_heavy
4577,17,190,11258.0,14072.5,0.9588,ai_heavy
4578,18,190,12094.3,15117.9,0.9441,ai_heavy
4579,19,190,11583.7,14479.6,0.9272,ai_heavy
4580,20,190,11614.5,14518.1,0.9092,ai_heavy
4581,21,190,11668.9,14586.2,0.8911,ai_heavy
4582,22,190,11839.5,14799.4,0.874,ai_heavy
4583,23,190,11148.8,13936.0,0.8584,ai_heavy
4584,0,191,11123.1,13903.9,0.8118,ai_heavy
4585,1,191,11572.7,14465.9,0.8172,ai_heavy
4586,2,191,12005.8,15007.2,0.8244,ai_heavy
4587,3,191,11601.6,14502.0,0.8335,ai_heavy
4588,4,191,11360.7,14200.8,0.8449,ai_heavy
4589,5,191,10916.7,13645.9,0.8584,ai_heavy
4590,6,191,12039.7,15049.6,0.874,ai_heavy
4591,7,191,11486.0,14357.4,0.8911,ai_heavy
4592,8,191,11381.7,14227.1,0.9092,ai_heavy
4593,9,191,11220.9,14026.1,0.9272,ai_heavy
4594,10,191,11356.8,14196.0,0.9441,ai_heavy
4595,11,191,11560.4,14450.6,0.9588,ai_heavy
4596,12,191,11845.0,14806.2,0.9703,ai_heavy
4597,13,191,11514.2,14392.7,0.9775,ai_heavy
4598,14,191,12019.8,15024.7,0.98,ai_heavy
4599,15,191,11859.1,14823.8,0.9775,ai_heavy
4600,16,191,12600.0,15750.0,0.9703,ai_heavy
4601,17,191,11295.0,14118.8,0.9588,ai_heavy
4602,18,191,11926.8,14908.5,0.9441,ai_heavy
4603,19,191,11891.4,14864.2,0.9272,ai_heavy
4604,20,191,11423.0,14278.8,0.9092,ai_heavy
4605,21,191,11778.8,14723.5,0.8911,ai_heavy
4606,22,191,11975.4,14969.3,0.874,ai_heavy
4607,23,191,11702.5,14628.2,0.8584,ai_heavy
4608,0,192,12039.8,15049.8,0.8118,ai_heavy
4609,1,192,10816.3,13520.3,0.8172,ai_heavy
4610,2,192,11296.2,14120.2,0.8244,ai_heavy
4611,3,192,12124.2,15155.3,0.8335,ai_heavy
4612,4,192,11955.4,14944.3,0.8449,ai_heavy
4613,5,192,11858.0,14822.4,0.8584,ai_heavy
4614,6,192,12138.2,15172.8,0.874,ai_heavy
4615,7,192,11070.0,13837.4,0.8911,ai_heavy
4616,8,192,12068.8,15086.0,0.9092,ai_heavy
4617,9,192,12207.4,15259.2,0.9272,ai_heavy
4618,10,192,11634.7,14543.4,0.9441,ai_heavy
4619,11,192,12600.0,15750.0,0.9588,ai_heavy
4620,12,192,12000.7,15000.9,0.9703,ai_heavy
4621,13,192,11161.5,13951.8,0.9775,ai_heavy
4622,14,192,12089.9,15112.4,0.98,ai_heavy
4623,15,192,11689.4,14611.7,0.9775,ai_heavy
4624,16,192,12347.4,15434.3,0.9703,ai_heavy
4625,17,192,12099.4,15124.2,0.9588,ai_heavy
4626,18,192,11656.4,14570.5,0.9441,ai_heavy
4627,19,192,12362.8,15453.6,0.9272,ai_heavy
4628,20,192,12119.7,15149.6,0.9092,ai_heavy
4629,21,192,11453.5,14316.9,0.8911,ai_heavy
4630,22,192,11651.8,14564.7,0.874,ai_heavy
4631,23,192,11849.7,14812.1,0.8584,ai_heavy
4632,0,193,11433.4,14291.7,0.8118,ai_heavy
4633,1,193,11456.2,14320.2,0.8172,ai_heavy
4634,2,193,11601.8,14502.2,0.8244,ai_heavy
4635,3,193,11239.2,14049.0,0.8335,ai_heavy
4636,4,193,10857.5,13571.9,0.8449,ai_heavy
4637,5,193,11752.5,14690.6,0.8584,ai_heavy
4638,6,193,11006.7,13758.4,0.874,ai_heavy
4639,7,193,11395.4,14244.2,0.8911,ai_heavy
4640,8,193,11161.0,13951.2,0.9092,ai_heavy
4641,9,193,11244.6,14055.8,0.9272,ai_heavy
4642,10,193,12021.1,15026.4,0.9441,ai_heavy
4643,11,193,11824.3,14780.4,0.9588,ai_heavy
4644,12,193,11838.0,14797.4,0.9703,ai_heavy
4645,13,193,11475.7,14344.7,0.9775,ai_heavy
4646,14,193,11718.0,14647.5,0.98,ai_heavy
4647,15,193,12082.3,15102.9,0.9775,ai_heavy
4648,16,193,11911.8,14889.7,0.9703,ai_heavy
4649,17,193,12197.5,15246.9,0.9588,ai_heavy
4650,18,193,12212.9,15266.1,0.9441,ai_heavy
4651,19,193,11740.1,14675.2,0.9272,ai_heavy
4652,20,193,11132.5,13915.6,0.9092,ai_heavy
4653,21,193,11478.7,14348.3,0.8911,ai_heavy
4654,22,193,11670.9,14588.6,0.874,ai_heavy
4655,23,193,11396.9,14246.2,0.8584,ai_heavy
4656,0,194,11185.9,13982.4,0.8083,ai_heavy
4657,1,194,11584.4,14480.5,0.812,ai_heavy
4658,2,194,12415.6,15519.5,0.8171,ai_heavy
4659,3,194,11417.2,14271.5,0.8235,ai_heavy
4660,4,194,11604.5,14505.7,0.8314,ai_heavy
4661,5,194,11170.0,13962.6,0.8409,ai_heavy
4662,6,194,12087.9,15109.9,0.8518,ai_heavy
4663,7,194,11987.8,14984.8,0.8638,ai_heavy
4664,8,194,11993.9,14992.4,0.8764,ai_heavy
4665,9,194,12219.3,15274.1,0.889,ai_heavy
4666,10,194,11617.2,14521.5,0.9009,ai_heavy
4667,11,194,11685.2,14606.5,0.9112,ai_heavy
4668,12,194,12416.8,15521.0,0.9192,ai_heavy
4669,13,194,12047.2,15059.0,0.9243,ai_heavy
4670,14,194,11039.4,13799.3,0.926,ai_heavy
4671,15,194,11984.1,14980.1,0.9243,ai_heavy
4672,16,194,11604.8,14506.0,0.9192,ai_heavy
4673,17,194,12109.9,15137.4,0.9112,ai_heavy
4674,18,194,11912.2,14890.2,0.9009,ai_heavy
4675,19,194,11127.3,13909.1,0.889,ai_heavy
4676,20,194,11805.3,14756.6,0.8764,ai_heavy
4677,21,194,11755.1,14693.9,0.8638,ai_heavy
4678,22,194,11780.3,14725.3,0.8518,ai_heavy
4679,23,194,11828.5,14785.6,0.8409,ai_heavy
4680,0,195,12069.8,15087.2,0.8083,ai_heavy
4681,1,195,11703.7,14629.7,0.812,ai_heavy
4682,2,195,11579.9,14474.8,0.8171,ai_heavy
4683,3,195,11986.0,14982.5,0.8235,ai_heavy
4684,4,195,12386.4,15483.0,0.8314,ai_heavy
4685,5,195,11946.9,14933.7,0.8409,ai_heavy
4686,6,195,11725.3,14656.6,0.8518,ai_heavy
4687,7,195,11832.9,14791.1,0.8638,ai_heavy
4688,8,195,11800.8,14751.0,0.8764,ai_heavy
4689,9,195,11746.9,14683.6,0.889,ai_heavy
4690,10,195,12532.5,15665.6,0.9009,ai_heavy
4691,11,195,11527.2,14409.0,0.9112,ai_heavy
4692,12,195,12220.1,15275.2,0.9192,ai_heavy
4693,13,195,11778.1,14722.7,0.9243,ai_heavy
4694,14,195,11301.6,14127.0,0.926,ai_heavy
4695,15,195,11756.0,14695.0,0.9243,ai_heavy
4696,16,195,11617.2,14521.5,0.9192,ai_heavy
4697,17,195,11996.5,14995.7,0.9112,ai_heavy
4698,18,195,11800.3,14750.4,0.9009,ai_heavy
4699,19,195,11380.4,14225.5,0.889,ai_heavy
4700,20,195,12227.6,15284.5,0.8764,ai_heavy
4701,21,195,12063.3,15079.1,0.8638,ai_heavy
4702,22,195,12207.7,15259.6,0.8518,ai_heavy
4703,23,195,11710.4,14638.0,0.8409,ai_heavy
4704,0,196,11547.3,14434.1,0.8118,ai_heavy
4705,1,196,11816.5,14770.7,0.8172,ai_heavy
4706,2,196,11388.2,14235.3,0.8244,ai_heavy
4707,3,196,11655.8,14569.7,0.8335,ai_heavy
4708,4,196,11575.7,14469.6,0.8449,ai_heavy
4709,5,196,11157.3,13946.6,0.8584,ai_heavy
4710,6,196,11749.9,14687.4,0.874,ai_heavy
4711,7,196,11589.9,14487.4,0.8911,ai_heavy
4712,8,196,11701.7,14627.1,0.9092,ai_heavy
4713,9,196,11958.7,14948.4,0.9272,ai_heavy
4714,10,196,12322.4,15403.0,0.9441,ai_heavy
4715,11,196,11600.6,14500.8,0.9588,ai_heavy
4716,12,196,11810.0,14762.5,0.9703,ai_heavy
4717,13,196,11673.2,14591.5,0.9775,ai_heavy
4718,14,196,11655.5,14569.4,0.98,ai_heavy
4719,15,196,11734.3,14667.9,0.9775,ai_heavy
4720,16,196,11860.1,14825.2,0.9703,ai_heavy
4721,17,196,12112.9,15141.2,0.9588,ai_heavy
4722,18,196,11983.4,14979.2,0.9441,ai_heavy
4723,19,196,11454.6,14318.2,0.9272,ai_heavy
4724,20,196,12245.1,15306.4,0.9092,ai_heavy
4725,21,196,12078.0,15097.5,0.8911,ai_heavy
4726,22,196,11388.7,14235.9,0.874,ai_heavy
4727,23,196,12097.3,15121.6,0.8584,ai_heavy
4728,0,197,11673.1,14591.3,0.8118,ai_heavy
4729,1,197,11518.0,14397.5,0.8172,ai_heavy
4730,2,197,11713.5,14641.9,0.8244,ai_heavy
4731,3,197,11601.5,14501.9,0.8335,ai_heavy
4732,4,197,11827.3,14784.2,0.8449,ai_heavy
4733,5,197,11734.3,14667.9,0.8584,ai_heavy
4734,6,197,11586.7,14483.3,0.874,ai_heavy
4735,7,197,11031.5,13789.3,0.8911,ai_heavy
4736,8,197,11973.9,14967.4,0.9092,ai_heavy
4737,9,197,11697.0,14621.3,0.9272,ai_heavy
4738,10,197,12146.3,15182.9,0.9441,ai_heavy
4739,11,197,12075.7,15094.6,0.9588,ai_heavy
4740,12,197,11806.0,14757.5,0.9703,ai_heavy
4741,13,197,12314.1,15392.6,0.9775,ai_heavy
4742,14,197,12026.7,15033.3,0.98,ai_heavy
4743,15,197,12006.0,15007.6,0.9775,ai_heavy
4744,16,197,11881.0,14851.3,0.9703,ai_heavy
4745,17,197,12504.9,15631.2,0.9588,ai_heavy
4746,18,197,11615.3,14519.1,0.9441,ai_heavy
4747,19,197,11715.1,14643.9,0.9272,ai_heavy
4748,20,197,11349.9,14187.4,0.9092,ai_heavy
4749,21,197,12001.3,15001.7,0.8911,ai_heavy
4750,22,197,11500.7,14375.9,0.874,ai_heavy
4751,23,197,11504.2,14380.3,0.8584,ai_heavy
4752,0,198,11380.4,14225.5,0.8118,ai_heavy
4753,1,198,11594.1,14492.6,0.8172,ai_heavy
4754,2,198,11154.2,13942.7,0.8244,ai_heavy
4755,3,198,10829.1,13536.4,0.8335,ai_heavy
4756,4,198,11796.8,14746.0,0.8449,ai_heavy
4757,5,198,10928.9,13661.1,0.8584,ai_heavy
4758,6,198,12005.1,15006.4,0.874,ai_heavy
4759,7,198,12294.4,15368.0,0.8911,ai_heavy
4760,8,198,11729.4,14661.7,0.9092,ai_heavy
4761,9,198,12290.8,15363.5,0.9272,ai_heavy
4762,10,198,11860.6,14825.8,0.9441,ai_heavy
4763,11,198,12474.8,15593.5,0.9588,ai_heavy
4764,12,198,11767.2,14708.9,0.9703,ai_heavy
4765,13,198,11099.8,13874.7,0.9775,ai_heavy
4766,14,198,11924.5,14905.7,0.98,ai_heavy
4767,15,198,12559.6,15699.5,0.9775,ai_heavy
4768,16,198,12121.9,15152.4,0.9703,ai_heavy
4769,17,198,11719.7,14649.6,0.9588,ai_heavy
4770,18,198,11986.4,14983.0,0.9441,ai_heavy
4771,19,198,12174.3,15217.9,0.9272,ai_heavy
4772,20,198,11757.2,14696.5,0.9092,ai_heavy
4773,21,198,12600.0,15750.0,0.8911,ai_heavy
4774,22,198,11523.5,14404.3,0.874,ai_heavy
4775,23,198,12019.7,15024.6,0.8584,ai_heavy
4776,0,199,11823.9,14779.9,0.8118,ai_heavy
4777,1,199,11329.3,14161.7,0.8172,ai_heavy
4778,2,199,11441.4,14301.8,0.8244,ai_heavy
4779,3,199,11965.1,14956.3,0.8335,ai_heavy
4780,4,199,11687.6,14609.5,0.8449,ai_heavy
4781,5,199,11787.1,14733.9,0.8584,ai_heavy
4782,6,199,11130.7,13913.4,0.874,ai_heavy
4783,7,199,11976.4,14970.5,0.8911,ai_heavy
4784,8,199,11889.1,14861.3,0.9092,ai_heavy
4785,9,199,11807.0,14758.7,0.9272,ai_heavy
4786,10,199,11997.8,14997.2,0.9441,ai_heavy
4787,11,199,11757.6,14697.0,0.9588,ai_heavy
4788,12,199,11718.6,14648.2,0.9703,ai_heavy
4789,13,199,11860.7,14825.9,0.9775,ai_heavy
4790,14,199,11786.7,14733.4,0.98,ai_heavy
4791,15,199,12600.0,15750.0,0.9775,ai_heavy
4792,16,199,12256.8,15321.0,0.9703,ai_heavy
4793,17,199,11557.9,14447.3,0.9588,ai_heavy
4794,18,199,12594.4,15742.9,0.9441,ai_heavy
4795,19,199,11676.0,14595.0,0.9272,ai_heavy
4796,20,199,11797.9,14747.4,0.9092,ai_heavy
4797,21,199,12061.5,15076.9,0.8911,ai_heavy
4798,22,199,11013.4,13766.7,0.874,ai_heavy
4799,23,199,11585.8,14482.2,0.8584,ai_heavy
4800,0,200,11360.9,14201.1,0.8118,ai_heavy
4801,1,200,11643.5,14554.3,0.8172,ai_heavy
4802,2,200,11717.7,14647.1,0.8244,ai_heavy
4803,3,200,11583.5,14479.4,0.8335,ai_heavy
4804,4,200,11593.9,14492.3,0.8449,ai_heavy
4805,5,200,12041.6,15052.0,0.8584,ai_heavy
4806,6,200,11811.0,14763.8,0.874,ai_heavy
4807,7,200,11759.9,14699.8,0.8911,ai_heavy
4808,8,200,11839.8,14799.7,0.9092,ai_heavy
4809,9,200,12481.2,15601.5,0.9272,ai_heavy
4810,10,200,11930.8,14913.4,0.9441,ai_heavy
4811,11,200,11720.0,14650.0,0.9588,ai_heavy
4812,12,200,11247.2,14059.0,0.9703,ai_heavy
4813,13,200,11433.4,14291.8,0.9775,ai_heavy
4814,14,200,11785.7,14732.2,0.98,ai_heavy
4815,15,200,11908.5,14885.7,0.9775,ai_heavy
4816,16,200,11731.6,14664.5,0.9703,ai_heavy
4817,17,200,12029.1,15036.4,0.9588,ai_heavy
4818,18,200,11666.8,14583.5,0.9441,ai_heavy
4819,19,200,11505.1,14381.4,0.9272,ai_heavy
4820,20,200,12004.1,15005.1,0.9092,ai_heavy
4821,21,200,12227.8,15284.7,0.8911,ai_heavy
4822,22,200,11316.4,14145.5,0.874,ai_heavy
4823,23,200,11754.1,14692.6,0.8584,ai_heavy
4824,0,201,10891.2,13614.0,0.8083,ai_heavy
4825,1,201,11048.8,13811.0,0.812,ai_heavy
4826,2,201,11367.5,14209.4,0.8171,ai_heavy
4827,3,201,11981.4,14976.8,0.8235,ai_heavy
4828,4,201,11334.4,14168.0,0.8314,ai_heavy
4829,5,201,11343.0,14178.8,0.8409,ai_heavy
4830,6,201,11665.8,14582.3,0.8518,ai_heavy
4831,7,201,11694.3,14617.9,0.8638,ai_heavy
4832,8,201,11435.0,14293.7,0.8764,ai_heavy
4833,9,201,12439.9,15549.9,0.889,ai_heavy
4834,10,201,11674.4,14593.0,0.9009,ai_heavy
4835,11,201,11832.4,14790.5,0.9112,ai_heavy
4836,12,201,11668.5,14585.7,0.9192,ai_heavy
4837,13,201,11978.8,14973.5,0.9243,ai_heavy
4838,14,201,12265.0,15331.3,0.926,ai_heavy
4839,15,201,12412.8,15516.1,0.9243,ai_heavy
4840,16,201,11540.8,14426.0,0.9192,ai_heavy
4841,17,201,12181.6,15227.0,0.9112,ai_heavy
4842,18,201,11962.2,14952.7,0.9009,ai_heavy
4843,19,201,12083.6,15104.5,0.889,ai_heavy
4844,20,201,11678.6,14598.2,0.8764,ai_heavy
4845,21,201,11615.7,14519.7,0.8638,ai_heavy
4846,22,201,11980.3,14975.4,0.8518,ai_heavy
4847,23,201,11960.7,14950.9,0.8409,ai_heavy
4848,0,202,12094.0,15117.5,0.8083,ai_heavy
4849,1,202,11629.1,14536.3,0.812,ai_heavy
4850,2,202,11534.8,14418.5,0.8171,ai_heavy
4851,3,202,10731.9,13414.8,0.8235,ai_heavy
4852,4,202,11044.5,13805.7,0.8314,ai_heavy
4853,5,202,11490.2,14362.7,0.8409,ai_heavy
4854,6,202,11268.3,14085.4,0.8518,ai_heavy
4855,7,202,11966.6,14958.2,0.8638,ai_heavy
4856,8,202,11250.6,14063.2,0.8764,ai_heavy
4857,9,202,11563.8,14454.7,0.889,ai_heavy
4858,10,202,11605.0,14506.2,0.9009,ai_heavy
4859,11,202,12218.4,15273.0,0.9112,ai_heavy
4860,12,202,11595.4,14494.2,0.9192,ai_heavy
4861,13,202,11983.2,14979.0,0.9243,ai_heavy
4862,14,202,11896.3,14870.3,0.926,ai_heavy
4863,15,202,12143.2,15178.9,0.9243,ai_heavy
4864,16,202,12112.2,15140.2,0.9192,ai_heavy
4865,17,202,11780.4,14725.5,0.9112,ai_heavy
4866,18,202,11169.2,13961.5,0.9009,ai_heavy
4867,19,202,11658.7,14573.4,0.889,ai_heavy
4868,20,202,11703.8,14629.8,0.8764,ai_heavy
4869,21,202,11781.5,14726.9,0.8638,ai_heavy
4870,22,202,11395.4,14244.2,0.8518,ai_heavy
4871,23,202,12025.7,15032.1,0.8409,ai_heavy
4872,0,203,11564.4,14455.5,0.8118,ai_heavy
4873,1,203,11252.7,14065.9,0.8172,ai_heavy
4874,2,203,11429.7,14287.1,0.8244,ai_heavy
4875,3,203,12282.2,15352.7,0.8335,ai_heavy
4876,4,203,11869.0,14836.2,0.8449,ai_heavy
4877,5,203,12035.8,15044.7,0.8584,ai_heavy
4878,6,203,11339.4,14174.3,0.874,ai_heavy
4879,7,203,11502.6,14378.2,0.8911,ai_heavy
4880,8,203,11546.5,14433.1,0.9092,ai_heavy
4881,9,203,11895.1,14868.8,0.9272,ai_heavy
4882,10,203,11807.3,14759.1,0.9441,ai_heavy
4883,11,203,11728.9,14661.1,0.9588,ai_heavy
4884,12,203,11800.1,14750.2,0.9703,ai_heavy
4885,13,203,11662.8,14578.5,0.9775,ai_heavy
4886,14,203,11888.7,14860.9,0.98,ai_heavy
4887,15,203,12346.4,15433.0,0.9775,ai_heavy
4888,16,203,11388.9,14236.1,0.9703,ai_heavy
4889,17,203,12027.4,15034.3,0.9588,ai_heavy
4890,18,203,12360.7,15450.9,0.9441,ai_heavy
4891,19,203,11764.6,14705.8,0.9272,ai_heavy
4892,20,203,11600.4,14500.6,0.9092,ai_heavy
4893,21,203,12070.9,15088.7,0.8911,ai_heavy
4894,22,203,11359.5,14199.4,0.874,ai_heavy
4895,23,203,11660.8,14576.0,0.8584,ai_heavy
4896,0,204,11199.1,13998.8,0.8118,ai_heavy
4897,1,204,10923.0,13653.8,0.8172,ai_heavy
4898,2,204,11536.2,14420.2,0.8244,ai_heavy
4899,3,204,11170.4,13963.0,0.8335,ai_heavy
4900,4,204,11633.0,14541.2,0.8449,ai_heavy
4901,5,204,12059.1,15073.8,0.8584,ai_heavy
4902,6,204,12356.3,15445.4,0.874,ai_heavy
4903,7,204,11778.2,14722.8,0.8911,ai_heavy
4904,8,204,12147.9,15184.9,0.9092,ai_heavy
4905,9,204,11971.2,14964.0,0.9272,ai_heavy
4906,10,204,11732.9,14666.1,0.9441,ai_heavy
4907,11,204,11216.3,14020.4,0.9588,ai_heavy
4908,12,204,12512.6,15640.7,0.9703,ai_heavy
4909,13,204,11571.4,14464.2,0.9775,ai_heavy
4910,14,204,12449.1,15561.3,0.98,ai_heavy
4911,15,204,12139.8,15174.7,0.9775,ai_heavy
4912,16,204,11581.1,14476.4,0.9703,ai_heavy
4913,17,204,12015.1,15018.9,0.9588,ai_heavy
4914,18,204,12600.0,15750.0,0.9441,ai_heavy
4915,19,204,12374.6,15468.3,0.9272,ai_heavy
4916,20,204,11606.2,14507.7,0.9092,ai_heavy
4917,21,204,11494.4,14368.0,0.8911,ai_heavy
4918,22,204,11740.3,14675.4,0.874,ai_heavy
4919,23,204,11610.8,14513.5,0.8584,ai_heavy
4920,0,205,11975.7,14969.7,0.8118,ai_heavy
4921,1,205,11829.0,14786.3,0.8172,ai_heavy
4922,2,205,11000.7,13750.8,0.8244,ai_heavy
4923,3,205,11770.2,14712.8,0.8335,ai_heavy
4924,4,205,11574.5,14468.1,0.8449,ai_heavy
4925,5,205,11681.7,14602.2,0.8584,ai_heavy
4926,6,205,11792.6,14740.7,0.874,ai_heavy
4927,7,205,12167.7,15209.6,0.8911,ai_heavy
4928,8,205,12133.2,15166.6,0.9092,ai_heavy
4929,9,205,11563.6,14454.5,0.9272,ai_heavy
4930,10,205,11848.4,14810.5,0.9441,ai_heavy
4931,11,205,11743.5,14679.4,0.9588,ai_heavy
4932,12,205,11328.5,14160.6,0.9703,ai_heavy
4933,13,205,11908.2,14885.2,0.9775,ai_heavy
4934,14,205,12600.0,15750.0,0.98,ai_heavy
4935,15,205,11333.8,14167.2,0.9775,ai_heavy
4936,16,205,11921.8,14902.3,0.9703,ai_heavy
4937,17,205,11883.7,14854.6,0.9588,ai_heavy
4938,18,205,11971.7,14964.7,0.9441,ai_heavy
4939,19,205,11488.0,14360.0,0.9272,ai_heavy
4940,20,205,11283.5,14104.4,0.9092,ai_heavy
4941,21,205,11259.5,14074.4,0.8911,ai_heavy
4942,22,205,12172.5,15215.7,0.874,ai_heavy
4943,23,205,11324.7,14155.9,0.8584,ai_heavy
4944,0,206,11386.4,14233.1,0.8118,ai_heavy
4945,1,206,12302.9,15378.7,0.8172,ai_heavy
4946,2,206,11333.7,14167.2,0.8244,ai_heavy
4947,3,206,11729.7,14662.1,0.8335,ai_heavy
4948,4,206,12008.4,15010.5,0.8449,ai_heavy
4949,5,206,12024.3,15030.4,0.8584,ai_heavy
4950,6,206,11237.6,14047.0,0.874,ai_heavy
4951,7,206,11493.9,14367.4,0.8911,ai_heavy
4952,8,206,11894.4,14868.0,0.9092,ai_heavy
4953,9,206,12514.2,15642.8,0.9272,ai_heavy
4954,10,206,11598.1,14497.6,0.9441,ai_heavy
4955,11,206,11727.4,14659.3,0.9588,ai_heavy
4956,12,206,12080.6,15100.8,0.9703,ai_heavy
4957,13,206,12169.5,15211.9,0.9775,ai_heavy
4958,14,206,12197.1,15246.4,0.98,ai_heavy
4959,15,206,11644.0,14555.0,0.9775,ai_heavy
4960,16,206,11740.0,14675.0,0.9703,ai_heavy
4961,17,206,11980.7,14975.8,0.9588,ai_heavy
4962,18,206,12318.8,15398.4,0.9441,ai_heavy
4963,19,206,11745.0,14681.3,0.9272,ai_heavy
4964,20,206,11779.6,14724.5,0.9092,ai_heavy
4965,21,206,11383.8,14229.7,0.8911,ai_heavy
4966,22,206,12359.4,15449.3,0.874,ai_heavy
4967,23,206,11722.7,14653.4,0.8584,ai_heavy
4968,0,207,11933.4,14916.8,0.8118,ai_heavy
4969,1,207,11582.7,14478.3,0.8172,ai_heavy
4970,2,207,11618.6,14523.3,0.8244,ai_heavy
4971,3,207,11087.9,13859.8,0.8335,ai_heavy
4972,4,207,10886.2,13607.7,0.8449,ai_heavy
4973,5,207,12107.0,15133.7,0.8584,ai_heavy
4974,6,207,11732.6,14665.7,0.874,ai_heavy
4975,7,207,11818.0,14772.5,0.8911,ai_heavy
4976,8,207,11345.8,14182.2,0.9092,ai_heavy
4977,9,207,11509.2,14386.4,0.9272,ai_heavy
4978,10,207,12247.5,15309.4,0.9441,ai_heavy
4979,11,207,12525.1,15656.4,0.9588,ai_heavy
4980,12,207,11708.1,14635.1,0.9703,ai_heavy
4981,13,207,12188.1,15235.1,0.9775,ai_heavy
4982,14,207,12021.3,15026.7,0.98,ai_heavy
4983,15,207,11904.2,14880.2,0.9775,ai_heavy
4984,16,207,12593.3,15741.6,0.9703,ai_heavy
4985,17,207,11741.9,14677.3,0.9588,ai_heavy
4986,18,207,12311.1,15388.8,0.9441,ai_heavy
4987,19,207,11965.0,14956.3,0.9272,ai_heavy
4988,20,207,11781.5,14726.9,0.9092,ai_heavy
4989,21,207,12228.7,15285.9,0.8911,ai_heavy
4990,22,207,11807.0,14758.8,0.874,ai_heavy
4991,23,207,11635.0,14543.7,0.8584,ai_heavy
4992,0,208,12029.4,15036.8,0.8083,ai_heavy
4993,1,208,11993.4,14991.8,0.812,ai_heavy
4994,2,208,11989.2,14986.5,0.8171,ai_heavy
4995,3,208,10235.5,12794.4,0.8235,ai_heavy
4996,4,208,11758.8,14698.5,0.8314,ai_heavy
4997,5,208,11701.7,14627.1,0.8409,ai_heavy
4998,6,208,11641.0,14551.3,0.8518,ai_heavy
4999,7,208,11895.0,14868.7,0.8638,ai_heavy
5000,8,208,11802.4,14753.0,0.8764,ai_heavy
5001,9,208,11979.1,14973.8,0.889,ai_heavy
5002,10,208,11673.5,14591.9,0.9009,ai_heavy
5003,11,208,12322.2,15402.8,0.9112,ai_heavy
5004,12,208,12086.9,15108.6,0.9192,ai_heavy
5005,13,208,12015.2,15019.0,0.9243,ai_heavy
5006,14,208,12002.0,15002.5,0.926,ai_heavy
5007,15,208,12233.2,15291.6,0.9243,ai_heavy
5008,16,208,12172.9,15216.1,0.9192,ai_heavy
5009,17,208,11752.3,14690.4,0.9112,ai_heavy
5010,18,208,12117.7,15147.1,0.9009,ai_heavy
5011,19,208,11801.7,14752.1,0.889,ai_heavy
5012,20,208,12384.3,15480.4,0.8764,ai_heavy
5013,21,208,12066.0,15082.5,0.8638,ai_heavy
5014,22,208,11434.5,14293.1,0.8518,ai_heavy
5015,23,208,12440.7,15550.9,0.8409,ai_heavy
5016,0,209,10822.9,13528.7,0.8083,ai_heavy
5017,1,209,11781.2,14726.5,0.812,ai_heavy
5018,2,209,11330.2,14162.7,0.8171,ai_heavy
5019,3,209,12241.2,15301.5,0.8235,ai_heavy
5020,4,209,11693.5,14616.9,0.8314,ai_heavy
5021,5,209,11350.8,14188.5,0.8409,ai_heavy
5022,6,209,11560.0,14450.1,0.8518,ai_heavy
5023,7,209,11431.1,14288.9,0.8638,ai_heavy
5024,8,209,11603.4,14504.3,0.8764,ai_heavy
5025,9,209,11624.6,14530.7,0.889,ai_heavy
5026,10,209,11502.9,14378.6,0.9009,ai_heavy
5027,11,209,11887.7,14859.7,0.9112,ai_heavy
5028,12,209,11949.5,14936.9,0.9192,ai_heavy
5029,13,209,11469.4,14336.8,0.9243,ai_heavy
5030,14,209,11238.5,14048.1,0.926,ai_heavy
5031,15,209,11933.1,14916.3,0.9243,ai_heavy
5032,16,209,11999.4,14999.2,0.9192,ai_heavy
5033,17,209,12050.5,15063.2,0.9112,ai_heavy
5034,18,209,11962.7,14953.3,0.9009,ai_heavy
5035,19,209,12294.3,15367.8,0.889,ai_heavy
5036,20,209,12061.1,15076.4,0.8764,ai_heavy
5037,21,209,12600.0,15750.0,0.8638,ai_heavy
5038,22,209,12600.0,15750.0,0.8518,ai_heavy
5039,23,209,11014.4,13768.0,0.8409,ai_heavy
5040,0,210,10797.7,13497.2,0.8118,ai_heavy
5041,1,210,11569.7,14462.1,0.8172,ai_heavy
5042,2,210,11764.3,14705.4,0.8244,ai_heavy
5043,3,210,11584.0,14480.0,0.8335,ai_heavy
5044,4,210,11882.7,14853.3,0.8449,ai_heavy
5045,5,210,11574.1,14467.7,0.8584,ai_heavy
5046,6,210,11461.5,14326.8,0.874,ai_heavy
5047,7,210,11554.0,14442.5,0.8911,ai_heavy
5048,8,210,11716.7,14645.9,0.9092,ai_heavy
5049,9,210,12129.0,15161.2,0.9272,ai_heavy
5050,10,210,11696.0,14619.9,0.9441,ai_heavy
5051,11,210,11800.5,14750.6,0.9588,ai_heavy
5052,12,210,12134.5,15168.2,0.9703,ai_heavy
5053,13,210,11876.1,14845.2,0.9775,ai_heavy
5054,14,210,12353.6,15442.1,0.98,ai_heavy
5055,15,210,11617.8,14522.3,0.9775,ai_heavy
5056,16,210,11523.7,14404.6,0.9703,ai_heavy
5057,17,210,12012.5,15015.6,0.9588,ai_heavy
5058,18,210,12013.2,15016.5,0.9441,ai_heavy
5059,19,210,11522.7,14403.3,0.9272,ai_heavy
5060,20,210,12262.6,15328.2,0.9092,ai_heavy
5061,21,210,12423.5,15529.4,0.8911,ai_heavy
5062,22,210,11484.7,14355.9,0.874,ai_heavy
5063,23,210,12189.4,15236.7,0.8584,ai_heavy
5064,0,211,10733.6,13417.0,0.8118,ai_heavy
5065,1,211,11945.9,14932.3,0.8172,ai_heavy
5066,2,211,11290.8,14113.5,0.8244,ai_heavy
5067,3,211,11950.4,14938.0,0.8335,ai_heavy
5068,4,211,11301.4,14126.8,0.8449,ai_heavy
5069,5,211,11644.8,14556.0,0.8584,ai_heavy
5070,6,211,11420.7,14275.9,0.874,ai_heavy
5071,7,211,11669.9,14587.4,0.8911,ai_heavy
5072,8,211,12434.6,15543.2,0.9092,ai_heavy
5073,9,211,11791.3,14739.2,0.9272,ai_heavy
5074,10,211,12600.0,15750.0,0.9441,ai_heavy
5075,11,211,11765.9,14707.4,0.9588,ai_heavy
5076,12,211,12464.4,15580.5,0.9703,ai_heavy
5077,13,211,11364.7,14205.9,0.9775,ai_heavy
5078,14,211,11850.5,14813.1,0.98,ai_heavy
5079,15,211,11755.2,14694.0,0.9775,ai_heavy
5080,16,211,12480.8,15601.0,0.9703,ai_heavy
5081,17,211,11969.9,14962.3,0.9588,ai_heavy
5082,18,211,11125.7,13907.2,0.9441,ai_heavy
5083,19,211,11364.7,14205.9,0.9272,ai_heavy
5084,20,211,11429.4,14286.7,0.9092,ai_heavy
5085,21,211,12074.4,15093.0,0.8911,ai_heavy
5086,22,211,11987.8,14984.8,0.874,ai_heavy
5087,23,211,11563.6,14454.5,0.8584,ai_heavy
5088,0,212,11369.5,14211.8,0.8118,ai_heavy
5089,1,212,11821.0,14776.2,0.8172,ai_heavy
5090,2,212,11196.3,13995.4,0.8244,ai_heavy
5091,3,212,11769.9,14712.3,0.8335,ai_heavy
5092,4,212,11767.1,14708.8,0.8449,ai_heavy
5093,5,212,11572.6,14465.8,0.8584,ai_heavy
5094,6,212,11844.8,14806.0,0.874,ai_heavy
5095,7,212,11781.2,14726.6,0.8911,ai_heavy
5096,8,212,11963.4,14954.2,0.9092,ai_heavy
5097,9,212,11356.2,14195.2,0.9272,ai_heavy
5098,10,212,12088.1,15110.1,0.9441,ai_heavy
5099,11,212,12270.3,15337.9,0.9588,ai_heavy
5100,12,212,12045.3,15056.6,0.9703,ai_heavy
5101,13,212,12162.9,15203.6,0.9775,ai_heavy
5102,14,212,11913.8,14892.2,0.98,ai_heavy
5103,15,212,12266.9,15333.6,0.9775,ai_heavy
5104,16,212,11953.8,14942.2,0.9703,ai_heavy
5105,17,212,11493.8,14367.2,0.9588,ai_heavy
5106,18,212,12161.3,15201.7,0.9441,ai_heavy
5107,19,212,11249.7,14062.1,0.9272,ai_heavy
5108,20,212,11887.5,14859.3,0.9092,ai_heavy
5109,21,212,11609.9,14512.4,0.8911,ai_heavy
5110,22,212,11547.8,14434.7,0.874,ai_heavy
5111,23,212,11729.0,14661.2,0.8584,ai_heavy
5112,0,213,11313.7,14142.1,0.8118,ai_heavy
5113,1,213,11750.1,14687.6,0.8172,ai_heavy
5114,2,213,11608.7,14510.9,0.8244,ai_heavy
5115,3,213,11395.4,14244.3,0.8335,ai_heavy
5116,4,213,12104.2,15130.3,0.8449,ai_heavy
5117,5,213,11740.4,14675.5,0.8584,ai_heavy
5118,6,213,11926.7,14908.3,0.874,ai_heavy
5119,7,213,12244.4,15305.5,0.8911,ai_heavy
5120,8,213,12282.6,15353.3,0.9092,ai_heavy
5121,9,213,12035.4,15044.2,0.9272,ai_heavy
5122,10,213,11761.5,14701.9,0.9441,ai_heavy
5123,11,213,11393.1,14241.4,0.9588,ai_heavy
5124,12,213,12004.4,15005.5,0.9703,ai_heavy
5125,13,213,12339.7,15424.6,0.9775,ai_heavy
5126,14,213,12080.3,15100.3,0.98,ai_heavy
5127,15,213,10712.8,13391.0,0.9775,ai_heavy
5128,16,213,12241.8,15302.3,0.9703,ai_heavy
5129,17,213,12236.4,15295.4,0.9588,ai_heavy
5130,18,213,11762.0,14702.5,0.9441,ai_heavy
5131,19,213,12180.4,15225.5,0.9272,ai_heavy
5132,20,213,12009.5,15011.9,0.9092,ai_heavy
5133,21,213,11503.7,14379.7,0.8911,ai_heavy
5134,22,213,12151.6,15189.5,0.874,ai_heavy
5135,23,213,11225.0,14031.3,0.8584,ai_heavy
5136,0,214,11539.8,14424.8,0.8118,ai_heavy
5137,1,214,11517.8,14397.2,0.8172,ai_heavy
5138,2,214,11302.0,14127.5,0.8244,ai_heavy
5139,3,214,11716.3,14645.3,0.8335,ai_heavy
5140,4,214,12094.5,15118.1,0.8449,ai_heavy
5141,5,214,12105.5,15131.9,0.8584,ai_heavy
5142,6,214,11959.3,14949.1,0.874,ai_heavy
5143,7,214,11147.7,13934.6,0.8911,ai_heavy
5144,8,214,11315.0,14143.8,0.9092,ai_heavy
5145,9,214,11888.6,14860.8,0.9272,ai_heavy
5146,10,214,11857.1,14821.4,0.9441,ai_heavy
5147,11,214,11725.8,14657.3,0.9588,ai_heavy
5148,12,214,12600.0,15750.0,0.9703,ai_heavy
5149,13,214,11985.3,14981.7,0.9775,ai_heavy
5150,14,214,12147.7,15184.6,0.98,ai_heavy
5151,15,214,12301.5,15376.8,0.9775,ai_heavy
5152,16,214,11950.1,14937.6,0.9703,ai_heavy
5153,17,214,12600.0,15750.0,0.9588,ai_heavy
5154,18,214,11534.4,14418.0,0.9441,ai_heavy
5155,19,214,11614.6,14518.2,0.9272,ai_heavy
5156,20,214,11454.1,14317.6,0.9092,ai_heavy
5157,21,214,12295.9,15369.9,0.8911,ai_heavy
5158,22,214,11986.8,14983.5,0.874,ai_heavy
5159,23,214,11478.3,14347.8,0.8584,ai_heavy
5160,0,215,11252.0,14065.0,0.8083,ai_heavy
5161,1,215,12040.5,15050.6,0.812,ai_heavy
5162,2,215,11697.5,14621.8,0.8171,ai_heavy
5163,3,215,12077.2,15096.5,0.8235,ai_heavy
5164,4,215,11584.6,14480.7,0.8314,ai_heavy
5165,5,215,11806.2,14757.7,0.8409,ai_heavy
5166,6,215,11758.2,14697.7,0.8518,ai_heavy
5167,7,215,11462.6,14328.2,0.8638,ai_heavy
5168,8,215,11660.2,14575.2,0.8764,ai_heavy
5169,9,215,11323.2,14154.0,0.889,ai_heavy
5170,10,215,11942.5,14928.2,0.9009,ai_heavy
5171,11,215,12061.5,15076.9,0.9112,ai_heavy
5172,12,215,12161.7,15202.2,0.9192,ai_heavy
5173,13,215,12059.2,15074.0,0.9243,ai_heavy
5174,14,215,11781.4,14726.7,0.926,ai_heavy
5175,15,215,12373.2,15466.5,0.9243,ai_heavy
5176,16,215,12127.1,15158.8,0.9192,ai_heavy
5177,17,215,12283.4,15354.3,0.9112,ai_heavy
5178,18,215,12280.5,15350.6,0.9009,ai_heavy
5179,19,215,11696.1,14620.1,0.889,ai_heavy
5180,20,215,11847.1,14808.9,0.8764,ai_heavy
5181,21,215,11952.7,14940.9,0.8638,ai_heavy
5182,22,215,11251.5,14064.3,0.8518,ai_heavy
5183,23,215,11234.6,14043.2,0.8409,ai_heavy
5184,0,216,11101.1,13876.4,0.8083,ai_heavy
5185,1,216,11522.7,14403.4,0.812,ai_heavy
5186,2,216,11456.2,14320.2,0.8171,ai_heavy
5187,3,216,11087.9,13859.8,0.8235,ai_heavy
5188,4,216,11657.5,14571.9,0.8314,ai_heavy
5189,5,216,11594.4,14493.0,0.8409,ai_heavy
5190,6,216,12066.5,15083.1,0.8518,ai_heavy
5191,7,216,12386.7,15483.4,0.8638,ai_heavy
5192,8,216,11871.2,14839.0,0.8764,ai_heavy
5193,9,216,11495.0,14368.7,0.889,ai_heavy
5194,10,216,11996.4,14995.5,0.9009,ai_heavy
5195,11,216,11795.5,14744.4,0.9112,ai_heavy
5196,12,216,11725.8,14657.3,0.9192,ai_heavy
5197,13,216,11517.2,14396.5,0.9243,ai_heavy
5198,14,216,11662.1,14577.7,0.926,ai_heavy
5199,15,216,11759.7,14699.6,0.9243,ai_heavy
5200,16,216,12095.8,15119.8,0.9192,ai_heavy
5201,17,216,11973.0,14966.2,0.9112,ai_heavy
5202,18,216,12412.6,15515.7,0.9009,ai_heavy
5203,19,216,11977.9,14972.3,0.889,ai_heavy
5204,20,216,11859.9,14824.9,0.8764,ai_heavy
5205,21,216,11574.0,14467.5,0.8638,ai_heavy
5206,22,216,11290.5,14113.1,0.8518,ai_heavy
5207,23,216,11428.9,14286.2,0.8409,ai_heavy
5208,0,217,11317.0,14146.2,0.8118,ai_heavy
5209,1,217,10683.2,13354.0,0.8172,ai_heavy
5210,2,217,11238.3,14047.9,0.8244,ai_heavy
5211,3,217,12168.5,15210.7,0.8335,ai_heavy
5212,4,217,11765.7,14707.1,0.8449,ai_heavy
5213,5,217,11536.9,14421.2,0.8584,ai_heavy
5214,6,217,11845.1,14806.4,0.874,ai_heavy
5215,7,217,11057.0,13821.2,0.8911,ai_heavy
5216,8,217,11887.2,14859.0,0.9092,ai_heavy
5217,9,217,12283.0,15353.8,0.9272,ai_heavy
5218,10,217,11826.1,14782.7,0.9441,ai_heavy
5219,11,217,11270.9,14088.6,0.9588,ai_heavy
5220,12,217,11782.3,14727.9,0.9703,ai_heavy
5221,13,217,12405.9,15507.4,0.9775,ai_heavy
5222,14,217,12045.9,15057.4,0.98,ai_heavy
5223,15,217,11439.0,14298.8,0.9775,ai_heavy
5224,16,217,12600.0,15750.0,0.9703,ai_heavy
5225,17,217,11456.0,14319.9,0.9588,ai_heavy
5226,18,217,11782.8,14728.5,0.9441,ai_heavy
5227,19,217,11461.5,14326.9,0.9272,ai_heavy
5228,20,217,11421.1,14276.4,0.9092,ai_heavy
5229,21,217,11585.9,14482.4,0.8911,ai_heavy
5230,22,217,11928.5,14910.7,0.874,ai_heavy
5231,23,217,12120.5,15150.6,0.8584,ai_heavy
5232,0,218,11425.8,14282.2,0.8118,ai_heavy
5233,1,218,11221.6,14027.0,0.8172,ai_heavy
5234,2,218,11755.4,14694.3,0.8244,ai_heavy
5235,3,218,11787.4,14734.2,0.8335,ai_heavy
5236,4,218,11720.9,14651.2,0.8449,ai_heavy
5237,5,218,11765.3,14706.6,0.8584,ai_heavy
5238,6,218,11665.6,14582.0,0.874,ai_heavy
5239,7,218,11779.9,14724.8,0.8911,ai_heavy
5240,8,218,11723.2,14654.0,0.9092,ai_heavy
5241,9,218,12209.5,15261.8,0.9272,ai_heavy
5242,10,218,12600.0,15750.0,0.9441,ai_heavy
5243,11,218,11967.9,14959.8,0.9588,ai_heavy
5244,12,218,11928.1,14910.1,0.9703,ai_heavy
5245,13,218,12039.1,15048.9,0.9775,ai_heavy
5246,14,218,11717.3,14646.6,0.98,ai_heavy
5247,15,218,12221.6,15277.0,0.9775,ai_heavy
5248,16,218,12088.3,15110.4,0.9703,ai_heavy
5249,17,218,11753.6,14691.9,0.9588,ai_heavy
5250,18,218,12190.5,15238.1,0.9441,ai_heavy
5251,19,218,11836.4,14795.5,0.9272,ai_heavy
5252,20,218,11444.4,14305.5,0.9092,ai_heavy
5253,21,218,11869.2,14836.4,0.8911,ai_heavy
5254,22,218,11788.4,14735.5,0.874,ai_heavy
5255,23,218,12004.9,15006.2,0.8584,ai_heavy
5256,0,219,11848.1,14810.1,0.8118,ai_heavy
5257,1,219,11534.4,14418.0,0.8172,ai_heavy
5258,2,219,11424.9,14281.1,0.8244,ai_heavy
5259,3,219,11611.1,14513.8,0.8335,ai_heavy
5260,4,219,11763.9,14704.8,0.8449,ai_heavy
5261,5,219,11838.1,14797.6,0.8584,ai_heavy
5262,6,219,11811.0,14763.8,0.874,ai_heavy
5263,7,219,11713.3,14641.6,0.8911,ai_heavy
5264,8,219,12140.0,15175.0,0.9092,ai_heavy
5265,9,219,11590.3,14487.9,0.9272,ai_heavy
5266,10,219,12600.0,15750.0,0.9441,ai_heavy
5267,11,219,12176.2,15220.3,0.9588,ai_heavy
5268,12,219,11526.9,14408.6,0.9703,ai_heavy
5269,13,219,12013.8,15017.2,0.9775,ai_heavy
5270,14,219,12230.3,15287.9,0.98,ai_heavy
5271,15,219,11822.2,14777.7,0.9775,ai_heavy
5272,16,219,11395.3,14244.1,0.9703,ai_heavy
5273,17,219,11532.6,14415.8,0.9588,ai_heavy
5274,18,219,12062.3,15077.9,0.9441,ai_heavy
5275,19,219,11206.9,14008.7,0.9272,ai_heavy
5276,20,219,11274.9,14093.7,0.9092,ai_heavy
5277,21,219,11934.4,14918.0,0.8911,ai_heavy
5278,22,219,11627.0,14533.8,0.874,ai_heavy
5279,23,219,11425.2,14281.5,0.8584,ai_heavy
5280,0,220,11388.1,14235.1,0.8118,ai_heavy
5281,1,220,11061.7,13827.1,0.8172,ai_heavy
5282,2,220,11757.4,14696.8,0.8244,ai_heavy
5283,3,220,11329.5,14161.9,0.8335,ai_heavy
5284,4,220,11450.0,14312.5,0.8449,ai_heavy
5285,5,220,11790.1,14737.7,0.8584,ai_heavy
5286,6,220,11615.0,14518.8,0.874,ai_heavy
5287,7,220,11497.0,14371.2,0.8911,ai_heavy
5288,8,220,11084.0,13854.9,0.9092,ai_heavy
5289,9,220,11960.0,14950.0,0.9272,ai_heavy
5290,10,220,11897.4,14871.7,0.9441,ai_heavy
5291,11,220,11718.9,14648.7,0.9588,ai_heavy
5292,12,220,11559.1,14448.9,0.9703,ai_heavy
5293,13,220,11952.0,14940.0,0.9775,ai_heavy
5294,14,220,12125.5,15156.9,0.98,ai_heavy
5295,15,220,11982.4,14978.0,0.9775,ai_heavy
5296,16,220,12516.7,15645.9,0.9703,ai_heavy
5297,17,220,12155.4,15194.2,0.9588,ai_heavy
5298,18,220,11831.1,14788.8,0.9441,ai_heavy
5299,19,220,12091.6,15114.6,0.9272,ai_heavy
5300,20,220,11804.7,14755.8,0.9092,ai_heavy
5301,21,220,11761.2,14701.5,0.8911,ai_heavy
5302,22,220,12160.4,15200.5,0.874,ai_heavy
5303,23,220,11354.4,14193.0,0.8584,ai_heavy
5304,0,221,11567.8,14459.7,0.8118,ai_heavy
5305,1,221,11985.3,14981.6,0.8172,ai_heavy
5306,2,221,11696.4,14620.5,0.8244,ai_heavy
5307,3,221,11481.9,14352.4,0.8335,ai_heavy
5308,4,221,11041.4,13801.7,0.8449,ai_heavy
5309,5,221,10874.0,13592.5,0.8584,ai_heavy
5310,6,221,12434.2,15542.8,0.874,ai_heavy
5311,7,221,11854.0,14817.5,0.8911,ai_heavy
5312,8,221,11580.9,14476.2,0.9092,ai_heavy
5313,9,221,11953.7,14942.1,0.9272,ai_heavy
5314,10,221,11531.8,14414.8,0.9441,ai_heavy
5315,11,221,11785.4,14731.8,0.9588,ai_heavy
5316,12,221,11593.7,14492.1,0.9703,ai_heavy
5317,13,221,11440.8,14301.1,0.9775,ai_heavy
5318,14,221,11198.4,13998.0,0.98,ai_heavy
5319,15,221,11374.8,14218.4,0.9775,ai_heavy
5320,16,221,12296.0,15370.0,0.9703,ai_heavy
5321,17,221,11551.3,14439.1,0.9588,ai_heavy
5322,18,221,12059.7,15074.7,0.9441,ai_heavy
5323,19,221,12169.1,15211.4,0.9272,ai_heavy
5324,20,221,11793.3,14741.7,0.9092,ai_heavy
5325,21,221,11640.1,14550.1,0.8911,ai_heavy
5326,22,221,11751.9,14689.8,0.874,ai_heavy
5327,23,221,11522.9,14403.6,0.8584,ai_heavy
5328,0,222,11968.6,14960.7,0.8083,ai_heavy
5329,1,222,12211.0,15263.7,0.812,ai_heavy
5330,2,222,12075.2,15094.0,0.8171,ai_heavy
5331,3,222,10839.0,13548.8,0.8235,ai_heavy
5332,4,222,11453.4,14316.7,0.8314,ai_heavy
5333,5,222,11629.2,14536.5,0.8409,ai_heavy
5334,6,222,11815.1,14768.9,0.8518,ai_heavy
5335,7,222,11076.0,13845.0,0.8638,ai_heavy
5336,8,222,11098.3,13872.9,0.8764,ai_heavy
5337,9,222,12200.6,15250.8,0.889,ai_heavy
5338,10,222,11570.7,14463.4,0.9009,ai_heavy
5339,11,222,11266.0,14082.5,0.9112,ai_heavy
5340,12,222,11419.9,14274.8,0.9192,ai_heavy
5341,13,222,11961.3,14951.6,0.9243,ai_heavy
5342,14,222,11535.0,14418.7,0.926,ai_heavy
5343,15,222,11908.5,14885.6,0.9243,ai_heavy
5344,16,222,11464.1,14330.1,0.9192,ai_heavy
5345,17,222,11175.2,13968.9,0.9112,ai_heavy
5346,18,222,12271.0,15338.7,0.9009,ai_heavy
5347,19,222,11880.6,14850.7,0.889,ai_heavy
5348,20,222,11593.6,14492.0,0.8764,ai_heavy
5349,21,222,11498.6,14373.2,0.8638,ai_heavy
5350,22,222,12165.3,15206.7,0.8518,ai_heavy
5351,23,222,11834.1,14792.6,0.8409,ai_heavy
5352,0,223,11948.8,14936.0,0.8083,ai_heavy
5353,1,223,11357.8,14197.2,0.812,ai_heavy
5354,2,223,11589.5,14486.9,0.8171,ai_heavy
5355,3,223,11726.7,14658.4,0.8235,ai_heavy
5356,4,223,11414.0,14267.5,0.8314,ai_heavy
5357,5,223,11594.4,14493.0,0.8409,ai_heavy
5358,6,223,11449.2,14311.5,0.8518,ai_heavy
5359,7,223,11821.1,14776.4,0.8638,ai_heavy
5360,8,223,11246.6,14058.2,0.8764,ai_heavy
5361,9,223,11941.8,14927.3,0.889,ai_heavy
5362,10,223,11877.8,14847.2,0.9009,ai_heavy
5363,11,223,11720.3,14650.3,0.9112,ai_heavy
5364,12,223,11970.2,14962.7,0.9192,ai_heavy
5365,13,223,11693.3,14616.7,0.9243,ai_heavy
5366,14,223,11589.1,14486.3,0.926,ai_heavy
5367,15,223,12015.6,15019.5,0.9243,ai_heavy
5368,16,223,12018.9,15023.6,0.9192,ai_heavy
5369,17,223,11612.7,14515.9,0.9112,ai_heavy
5370,18,223,11558.7,14448.4,0.9009,ai_heavy
5371,19,223,11675.9,14594.9,0.889,ai_heavy
5372,20,223,11516.9,14396.1,0.8764,ai_heavy
5373,21,223,12215.7,15269.7,0.8638,ai_heavy
5374,22,223,11763.9,14704.8,0.8518,ai_heavy
5375,23,223,11632.8,14541.0,0.8409,ai_heavy
5376,0,224,11236.2,14045.3,0.8118,ai_heavy
5377,1,224,11828.8,14786.0,0.8172,ai_heavy
5378,2,224,11376.4,14220.5,0.8244,ai_heavy
5379,3,224,11383.1,14228.9,0.8335,ai_heavy
5380,4,224,11906.8,14883.4,0.8449,ai_heavy
5381,5,224,11804.3,14755.4,0.8584,ai_heavy
5382,6,224,10826.1,13532.6,0.874,ai_heavy
5383,7,224,11689.7,14612.1,0.8911,ai_heavy
5384,8,224,11831.9,14789.8,0.9092,ai_heavy
5385,9,224,11709.1,14636.4,0.9272,ai_heavy
5386,10,224,11926.4,14908.0,0.9441,ai_heavy
5387,11,224,11257.4,14071.8,0.9588,ai_heavy
5388,12,224,10917.2,13646.5,0.9703,ai_heavy
5389,13,224,11597.8,14497.2,0.9775,ai_heavy
5390,14,224,12054.4,15068.0,0.98,ai_heavy
5391,15,224,10791.5,13489.4,0.9775,ai_heavy
5392,16,224,11628.5,14535.7,0.9703,ai_heavy
5393,17,224,11217.1,14021.3,0.9588,ai_heavy
5394,18,224,11782.9,14728.6,0.9441,ai_heavy
5395,19,224,12524.5,15655.6,0.9272,ai_heavy
5396,20,224,11710.7,14638.3,0.9092,ai_heavy
5397,21,224,11707.4,14634.2,0.8911,ai_heavy
5398,22,224,11999.9,14999.8,0.874,ai_heavy
5399,23,224,11676.2,14595.3,0.8584,ai_heavy
5400,0,225,11485.1,14356.4,0.8118,ai_heavy
5401,1,225,11894.0,14867.5,0.8172,ai_heavy
5402,2,225,11753.1,14691.3,0.8244,ai_heavy
5403,3,225,11711.0,14638.7,0.8335,ai_heavy
5404,4,225,11588.6,14485.7,0.8449,ai_heavy
5405,5,225,11547.6,14434.5,0.8584,ai_heavy
5406,6,225,12027.2,15034.0,0.874,ai_heavy
5407,7,225,11626.7,14533.4,0.8911,ai_heavy
5408,8,225,12222.9,15278.6,0.9092,ai_heavy
5409,9,225,11458.0,14322.5,0.9272,ai_heavy
5410,10,225,12379.8,15474.8,0.9441,ai_heavy
5411,11,225,12072.3,15090.3,0.9588,ai_heavy
5412,12,225,11583.8,14479.7,0.9703,ai_heavy
5413,13,225,12129.8,15162.3,0.9775,ai_heavy
5414,14,225,11720.0,14650.0,0.98,ai_heavy
5415,15,225,11959.4,14949.2,0.9775,ai_heavy
5416,16,225,11756.3,14695.3,0.9703,ai_heavy
5417,17,225,11856.2,14820.3,0.9588,ai_heavy
5418,18,225,12204.5,15255.6,0.9441,ai_heavy
5419,19,225,12013.7,15017.1,0.9272,ai_heavy
5420,20,225,11389.5,14236.9,0.9092,ai_heavy
5421,21,225,11368.9,14211.1,0.8911,ai_heavy
5422,22,225,11800.2,14750.3,0.874,ai_heavy
5423,23,225,11788.9,14736.1,0.8584,ai_heavy
5424,0,226,11325.8,14157.2,0.8118,ai_heavy
5425,1,226,12124.7,15155.9,0.8172,ai_heavy
5426,2,226,11871.8,14839.8,0.8244,ai_heavy
5427,3,226,11392.6,14240.7,0.8335,ai_heavy
5428,4,226,11384.9,14231.1,0.8449,ai_heavy
5429,5,226,11589.0,14486.2,0.8584,ai_heavy
5430,6,226,11588.6,14485.8,0.874,ai_heavy
5431,7,226,12187.9,15234.9,0.8911,ai_heavy
5432,8,226,12135.6,15169.5,0.9092,ai_heavy
5433,9,226,11842.1,14802.6,0.9272,ai_heavy
5434,10,226,12110.7,15138.3,0.9441,ai_heavy
5435,11,226,12197.6,15247.0,0.9588,ai_heavy
5436,12,226,11951.3,14939.1,0.9703,ai_heavy
5437,13,226,12091.7,15114.6,0.9775,ai_heavy
5438,14,226,12166.3,15207.8,0.98,ai_heavy
5439,15,226,12122.2,15152.7,0.9775,ai_heavy
5440,16,226,11651.7,14564.6,0.9703,ai_heavy
5441,17,226,11661.7,14577.1,0.9588,ai_heavy
5442,18,226,11766.5,14708.1,0.9441,ai_heavy
5443,19,226,11578.9,14473.6,0.9272,ai_heavy
5444,20,226,11266.5,14083.2,0.9092,ai_heavy
5445,21,226,11983.4,14979.3,0.8911,ai_heavy
5446,22,226,11826.8,14783.5,0.874,ai_heavy
5447,23,226,11199.9,13999.9,0.8584,ai_heavy
5448,0,227,11476.1,14345.2,0.8118,ai_heavy
5449,1,227,11508.3,14385.4,0.8172,ai_heavy
5450,2,227,11652.3,14565.3,0.8244,ai_heavy
5451,3,227,11233.6,14042.0,0.8335,ai_heavy
5452,4,227,11164.3,13955.4,0.8449,ai_heavy
5453,5,227,11850.7,14813.3,0.8584,ai_heavy
5454,6,227,11166.5,13958.1,0.874,ai_heavy
5455,7,227,11663.3,14579.1,0.8911,ai_heavy
5456,8,227,11672.2,14590.2,0.9092,ai_heavy
5457,9,227,11785.9,14732.4,0.9272,ai_heavy
5458,10,227,11959.3,14949.1,0.9441,ai_heavy
5459,11,227,12474.6,15593.2,0.9588,ai_heavy
5460,12,227,11358.0,14197.4,0.9703,ai_heavy
5461,13,227,12261.6,15327.0,0.9775,ai_heavy
5462,14,227,11052.4,13815.4,0.98,ai_heavy
5463,15,227,12446.9,15558.7,0.9775,ai_heavy
5464,16,227,11199.3,13999.1,0.9703,ai_heavy
5465,17,227,12600.0,15750.0,0.9588,ai_heavy
5466,18,227,11730.5,14663.1,0.9441,ai_heavy
5467,19,227,12287.6,15359.5,0.9272,ai_heavy
5468,20,227,12170.9,15213.6,0.9092,ai_heavy
5469,21,227,11591.5,14489.3,0.8911,ai_heavy
5470,22,227,11578.8,14473.5,0.874,ai_heavy
5471,23,227,11375.7,14219.6,0.8584,ai_heavy
5472,0,228,11832.7,14790.9,0.8118,ai_heavy
5473,1,228,11425.3,14281.6,0.8172,ai_heavy
5474,2,228,11304.3,14130.3,0.8244,ai_heavy
5475,3,228,11797.6,14747.0,0.8335,ai_heavy
5476,4,228,11323.8,14154.8,0.8449,ai_heavy
5477,5,228,11553.6,14442.0,0.8584,ai_heavy
5478,6,228,11742.8,14678.5,0.874,ai_heavy
5479,7,228,11518.9,14398.6,0.8911,ai_heavy
5480,8,228,11613.6,14517.1,0.9092,ai_heavy
5481,9,228,12374.4,15468.0,0.9272,ai_heavy
5482,10,228,11796.5,14745.7,0.9441,ai_heavy
5483,11,228,11775.3,14719.1,0.9588,ai_heavy
5484,12,228,11867.8,14834.7,0.9703,ai_heavy
5485,13,228,12110.3,15137.8,0.9775,ai_heavy
5486,14,228,11582.5,14478.1,0.98,ai_heavy
5487,15,228,12100.5,15125.6,0.9775,ai_heavy
5488,16,228,12022.0,15027.5,0.9703,ai_heavy
5489,17,228,11265.0,14081.2,0.9588,ai_heavy
5490,18,228,12508.2,15635.2,0.9441,ai_heavy
5491,19,228,12348.1,15435.1,0.9272,ai_heavy
5492,20,228,11504.4,14380.5,0.9092,ai_heavy
5493,21,228,11349.8,14187.2,0.8911,ai_heavy
5494,22,228,11785.2,14731.6,0.874,ai_heavy
5495,23,228,11169.6,13962.0,0.8584,ai_heavy
5496,0,229,12024.2,15030.2,0.8083,ai_heavy
5497,1,229,11397.7,14247.2,0.812,ai_heavy
5498,2,229,12134.9,15168.7,0.8171,ai_heavy
5499,3,229,11300.4,14125.4,0.8235,ai_heavy
5500,4,229,11566.5,14458.1,0.8314,ai_heavy
5501,5,229,12069.8,15087.2,0.8409,ai_heavy
5502,6,229,11540.2,14425.3,0.8518,ai_heavy
5503,7,229,11776.6,14720.8,0.8638,ai_heavy
5504,8,229,12094.7,15118.4,0.8764,ai_heavy
5505,9,229,11544.5,14430.6,0.889,ai_heavy
5506,10,229,11322.6,14153.3,0.9009,ai_heavy
5507,11,229,11276.2,14095.2,0.9112,ai_heavy
5508,12,229,12017.6,15022.0,0.9192,ai_heavy
5509,13,229,11960.7,14950.8,0.9243,ai_heavy
5510,14,229,12203.5,15254.4,0.926,ai_heavy
5511,15,229,11725.6,14657.0,0.9243,ai_heavy
5512,16,229,11304.0,14129.9,0.9192,ai_heavy
5513,17,229,10959.9,13699.8,0.9112,ai_heavy
5514,18,229,12600.0,15750.0,0.9009,ai_heavy
5515,19,229,11925.9,14907.4,0.889,ai_heavy
5516,20,229,11758.9,14698.6,0.8764,ai_heavy
5517,21,229,11778.9,14723.7,0.8638,ai_heavy
5518,22,229,11152.8,13941.0,0.8518,ai_heavy
5519,23,229,11350.4,14188.1,0.8409,ai_heavy
5520,0,230,12155.5,15194.4,0.8083,ai_heavy
5521,1,230,11788.5,14735.6,0.812,ai_heavy
5522,2,230,11306.8,14133.5,0.8171,ai_heavy
5523,3,230,11160.5,13950.6,0.8235,ai_heavy
5524,4,230,11426.0,14282.5,0.8314,ai_heavy
5525,5,230,11517.7,14397.1,0.8409,ai_heavy
5526,6,230,12369.6,15462.0,0.8518,ai_heavy
5527,7,230,11615.3,14519.1,0.8638,ai_heavy
5528,8,230,11292.9,14116.1,0.8764,ai_heavy
5529,9,230,11719.7,14649.6,0.889,ai_heavy
5530,10,230,11861.4,14826.8,0.9009,ai_heavy
5531,11,230,11339.2,14174.0,0.9112,ai_heavy
5532,12,230,11953.4,14941.8,0.9192,ai_heavy
5533,13,230,12251.6,15314.4,0.9243,ai_heavy
5534,14,230,11876.0,14845.1,0.926,ai_heavy
5535,15,230,11540.1,14425.1,0.9243,ai_heavy
5536,16,230,11623.5,14529.4,0.9192,ai_heavy
5537,17,230,11205.4,14006.7,0.9112,ai_heavy
5538,18,230,11720.8,14651.0,0.9009,ai_heavy
5539,19,230,11849.8,14812.3,0.889,ai_heavy
5540,20,230,11395.8,14244.8,0.8764,ai_heavy
5541,21,230,12361.0,15451.3,0.8638,ai_heavy
5542,22,230,11930.2,14912.7,0.8518,ai_heavy
5543,23,230,11002.3,13752.9,0.8409,ai_heavy
5544,0,231,10945.1,13681.4,0.8118,ai_heavy
5545,1,231,11230.7,14038.3,0.8172,ai_heavy
5546,2,231,12136.0,15169.9,0.8244,ai_heavy
5547,3,231,11920.8,14901.0,0.8335,ai_heavy
5548,4,231,12203.9,15254.9,0.8449,ai_heavy
5549,5,231,11672.3,14590.4,0.8584,ai_heavy
5550,6,231,11631.6,14539.5,0.874,ai_heavy
5551,7,231,11305.7,14132.1,0.8911,ai_heavy
5552,8,231,11911.1,14888.9,0.9092,ai_heavy
5553,9,231,11760.0,14700.0,0.9272,ai_heavy
5554,10,231,11785.7,14732.1,0.9441,ai_heavy
5555,11,231,12481.5,15601.9,0.9588,ai_heavy
5556,12,231,11885.2,14856.5,0.9703,ai_heavy
5557,13,231,12424.4,15530.6,0.9775,ai_heavy
5558,14,231,11383.7,14229.7,0.98,ai_heavy
5559,15,231,12600.0,15750.0,0.9775,ai_heavy
5560,16,231,11796.8,14746.0,0.9703,ai_heavy
5561,17,231,12156.3,15195.3,0.9588,ai_heavy
5562,18,231,12177.7,15222.2,0.9441,ai_heavy
5563,19,231,11653.1,14566.4,0.9272,ai_heavy
5564,20,231,12077.1,15096.4,0.9092,ai_heavy
5565,21,231,12052.2,15065.2,0.8911,ai_heavy
5566,22,231,11454.7,14318.4,0.874,ai_heavy
5567,23,231,11423.2,14279.1,0.8584,ai_heavy
5568,0,232,11575.4,14469.2,0.8118,ai_heavy
5569,1,232,11532.2,14415.2,0.8172,ai_heavy
5570,2,232,12073.4,15091.7,0.8244,ai_heavy
5571,3,232,11855.2,14819.0,0.8335,ai_heavy
5572,4,232,11612.4,14515.6,0.8449,ai_heavy
5573,5,232,11880.9,14851.1,0.8584,ai_heavy
5574,6,232,10986.5,13733.1,0.874,ai_heavy
5575,7,232,11528.5,14410.6,0.8911,ai_heavy
5576,8,232,11889.3,14861.6,0.9092,ai_heavy
5577,9,232,12225.5,15281.8,0.9272,ai_heavy
5578,10,232,11940.4,14925.5,0.9441,ai_heavy
5579,11,232,12424.5,15530.6,0.9588,ai_heavy
5580,12,232,12241.1,15301.4,0.9703,ai_heavy
5581,13,232,11772.4,14715.5,0.9775,ai_heavy
5582,14,232,11903.0,14878.7,0.98,ai_heavy
5583,15,232,12093.8,15117.2,0.9775,ai_heavy
5584,16,232,11769.9,14712.3,0.9703,ai_heavy
5585,17,232,12450.5,15563.2,0.9588,ai_heavy
5586,18,232,11474.5,14343.1,0.9441,ai_heavy
5587,19,232,11941.8,14927.3,0.9272,ai_heavy
5588,20,232,12047.5,15059.4,0.9092,ai_heavy
5589,21,232,11634.8,14543.5,0.8911,ai_heavy
5590,22,232,11516.0,14394.9,0.874,ai_heavy
5591,23,232,11642.1,14552.6,0.8584,ai_heavy
5592,0,233,11841.3,14801.6,0.8118,ai_heavy
5593,1,233,11398.7,14248.4,0.8172,ai_heavy
5594,2,233,11217.4,14021.7,0.8244,ai_heavy
5595,3,233,12011.2,15014.0,0.8335,ai_heavy
5596,4,233,11776.4,14720.5,0.8449,ai_heavy
5597,5,233,12021.6,15026.9,0.8584,ai_heavy
5598,6,233,11971.8,14964.8,0.874,ai_heavy
5599,7,233,12513.4,15641.7,0.8911,ai_heavy
5600,8,233,12181.8,15227.2,0.9092,ai_heavy
5601,9,233,11572.7,14465.8,0.9272,ai_heavy
5602,10,233,12036.7,15045.9,0.9441,ai_heavy
5603,11,233,11704.6,14630.8,0.9588,ai_heavy
5604,12,233,11767.9,14709.9,0.9703,ai_heavy
5605,13,233,11441.1,14301.4,0.9775,ai_heavy
5606,14,233,11850.6,14813.3,0.98,ai_heavy
5607,15,233,12142.7,15178.4,0.9775,ai_heavy
5608,16,233,11906.8,14883.5,0.9703,ai_heavy
5609,17,233,11511.1,14388.9,0.9588,ai_heavy
5610,18,233,11327.0,14158.7,0.9441,ai_heavy
5611,19,233,12579.1,15723.9,0.9272,ai_heavy
5612,20,233,11902.5,14878.1,0.9092,ai_heavy
5613,21,233,11454.9,14318.6,0.8911,ai_heavy
5614,22,233,11867.3,14834.1,0.874,ai_heavy
5615,23,233,12435.1,15543.9,0.8584,ai_heavy
5616,0,234,11774.9,14718.6,0.8118,ai_heavy
5617,1,234,10604.7,13255.9,0.8172,ai_heavy
5618,2,234,12511.1,15638.9,0.8244,ai_heavy
5619,3,234,10966.3,13707.9,0.8335,ai_heavy
5620,4,234,11565.1,14456.4,0.8449,ai_heavy
5621,5,234,11272.0,14090.0,0.8584,ai_heavy
5622,6,234,11445.3,14306.6,0.874,ai_heavy
5623,7,234,11845.5,14806.9,0.8911,ai_heavy
5624,8,234,11055.1,13818.9,0.9092,ai_heavy
5625,9,234,11797.6,14747.0,0.9272,ai_heavy
5626,10,234,12277.8,15347.3,0.9441,ai_heavy
5627,11,234,11602.6,14503.2,0.9588,ai_heavy
5628,12,234,11432.8,14291.0,0.9703,ai_heavy
5629,13,234,11897.5,14871.8,0.9775,ai_heavy
5630,14,234,11831.9,14789.8,0.98,ai_heavy
5631,15,234,11734.0,14667.6,0.9775,ai_heavy
5632,16,234,11505.1,14381.4,0.9703,ai_heavy
5633,17,234,12089.1,15111.4,0.9588,ai_heavy
5634,18,234,12081.2,15101.5,0.9441,ai_heavy
5635,19,234,11451.5,14314.3,0.9272,ai_heavy
5636,20,234,11459.6,14324.5,0.9092,ai_heavy
5637,21,234,11793.4,14741.7,0.8911,ai_heavy
5638,22,234,11366.3,14207.9,0.874,ai_heavy
5639,23,234,11731.3,14664.1,0.8584,ai_heavy
5640,0,235,12068.8,15086.0,0.8118,ai_heavy
5641,1,235,11551.5,14439.4,0.8172,ai_heavy
5642,2,235,11167.1,13958.8,0.8244,ai_heavy
5643,3,235,11747.0,14683.8,0.8335,ai_heavy
5644,4,235,11575.0,14468.8,0.8449,ai_heavy
5645,5,235,11616.2,14520.2,0.8584,ai_heavy
5646,6,235,11872.1,14840.1,0.874,ai_heavy
5647,7,235,11988.8,14986.0,0.8911,ai_heavy
5648,8,235,11800.0,14750.0,0.9092,ai_heavy
5649,9,235,11808.1,14760.1,0.9272,ai_heavy
5650,10,235,12600.0,15750.0,0.9441,ai_heavy
5651,11,235,12332.4,15415.5,0.9588,ai_heavy
5652,12,235,12228.8,15286.0,0.9703,ai_heavy
5653,13,235,11994.4,14993.0,0.9775,ai_heavy
5654,14,235,11592.5,14490.7,0.98,ai_heavy
5655,15,235,12351.5,15439.3,0.9775,ai_heavy
5656,16,235,11982.1,14977.6,0.9703,ai_heavy
5657,17,235,11697.6,14622.0,0.9588,ai_heavy
5658,18,235,11782.7,14728.4,0.9441,ai_heavy
5659,19,235,11486.8,14358.4,0.9272,ai_heavy
5660,20,235,12161.4,15201.7,0.9092,ai_heavy
5661,21,235,11985.9,14982.4,0.8911,ai_heavy
5662,22,235,11768.9,14711.2,0.874,ai_heavy
5663,23,235,11653.8,14567.2,0.8584,ai_heavy
5664,0,236,11315.5,14144.4,0.8083,ai_heavy
5665,1,236,10821.5,13526.8,0.812,ai_heavy
5666,2,236,11081.4,13851.7,0.8171,ai_heavy
5667,3,236,11328.8,14161.0,0.8235,ai_heavy
5668,4,236,11294.6,14118.3,0.8314,ai_heavy
5669,5,236,11728.7,14660.8,0.8409,ai_heavy
5670,6,236,11936.9,14921.1,0.8518,ai_heavy
5671,7,236,11636.3,14545.3,0.8638,ai_heavy
5672,8,236,12205.8,15257.3,0.8764,ai_heavy
5673,9,236,11464.6,14330.8,0.889,ai_heavy
5674,10,236,11720.2,14650.3,0.9009,ai_heavy
5675,11,236,11774.2,14717.7,0.9112,ai_heavy
5676,12,236,12197.9,15247.4,0.9192,ai_heavy
5677,13,236,11860.3,14825.4,0.9243,ai_heavy
5678,14,236,11874.2,14842.8,0.926,ai_heavy
5679,15,236,11235.8,14044.8,0.9243,ai_heavy
5680,16,236,11492.0,14365.1,0.9192,ai_heavy
5681,17,236,12179.9,15224.9,0.9112,ai_heavy
5682,18,236,11035.4,13794.3,0.9009,ai_heavy
5683,19,236,12213.4,15266.7,0.889,ai_heavy
5684,20,236,11886.4,14858.0,0.8764,ai_heavy
5685,21,236,11419.3,14274.2,0.8638,ai_heavy
5686,22,236,11362.3,14202.9,0.8518,ai_heavy
5687,23,236,12289.1,15361.4,0.8409,ai_heavy
5688,0,237,12040.5,15050.6,0.8083,ai_heavy
5689,1,237,11518.8,14398.5,0.812,ai_heavy
5690,2,237,11618.6,14523.3,0.8171,ai_heavy
5691,3,237,11362.3,14202.9,0.8235,ai_heavy
5692,4,237,11652.4,14565.6,0.8314,ai_heavy
5693,5,237,11392.6,14240.8,0.8409,ai_heavy
5694,6,237,11625.8,14532.2,0.8518,ai_heavy
5695,7,237,12315.7,15394.6,0.8638,ai_heavy
5696,8,237,11677.2,14596.5,0.8764,ai_heavy
5697,9,237,11371.2,14214.0,0.889,ai_heavy
5698,10,237,11285.7,14107.1,0.9009,ai_heavy
5699,11,237,11837.2,14796.5,0.9112,ai_heavy
5700,12,237,11541.3,14426.6,0.9192,ai_heavy
5701,13,237,11910.2,14887.8,0.9243,ai_heavy
5702,14,237,11252.2,14065.3,0.926,ai_heavy
5703,15,237,12067.6,15084.5,0.9243,ai_heavy
5704,16,237,11435.3,14294.1,0.9192,ai_heavy
5705,17,237,11808.6,14760.7,0.9112,ai_heavy
5706,18,237,11648.7,14560.8,0.9009,ai_heavy
5707,19,237,12345.6,15432.0,0.889,ai_heavy
5708,20,237,11771.1,14713.8,0.8764,ai_heavy
5709,21,237,12363.1,15453.8,0.8638,ai_heavy
5710,22,237,11849.2,14811.6,0.8518,ai_heavy
5711,23,237,12124.9,15156.2,0.8409,ai_heavy
5712,0,238,11487.3,14359.1,0.8118,ai_heavy
5713,1,238,11692.2,14615.3,0.8172,ai_heavy
5714,2,238,12012.7,15015.9,0.8244,ai_heavy
5715,3,238,11925.7,14907.1,0.8335,ai_heavy
5716,4,238,11822.4,14778.0,0.8449,ai_heavy
5717,5,238,11553.9,14442.4,0.8584,ai_heavy
5718,6,238,11649.4,14561.8,0.874,ai_heavy
5719,7,238,12146.1,15182.7,0.8911,ai_heavy
5720,8,238,12263.4,15329.3,0.9092,ai_heavy
5721,9,238,11619.2,14524.0,0.9272,ai_heavy
5722,10,238,11604.4,14505.5,0.9441,ai_heavy
5723,11,238,11580.8,14476.0,0.9588,ai_heavy
5724,12,238,12227.4,15284.2,0.9703,ai_heavy
5725,13,238,11614.2,14517.8,0.9775,ai_heavy
5726,14,238,12246.4,15308.0,0.98,ai_heavy
5727,15,238,12143.0,15178.7,0.9775,ai_heavy
5728,16,238,11735.3,14669.2,0.9703,ai_heavy
5729,17,238,12462.2,15577.7,0.9588,ai_heavy
5730,18,238,11348.6,14185.7,0.9441,ai_heavy
5731,19,238,12418.6,15523.2,0.9272,ai_heavy
5732,20,238,11900.2,14875.3,0.9092,ai_heavy
5733,21,238,11014.7,13768.3,0.8911,ai_heavy
5734,22,238,12264.2,15330.2,0.874,ai_heavy
5735,23,238,12009.1,15011.3,0.8584,ai_heavy
5736,0,239,11411.2,14264.0,0.8118,ai_heavy
5737,1,239,11237.4,14046.7,0.8172,ai_heavy
5738,2,239,11043.5,13804.4,0.8244,ai_heavy
5739,3,239,12451.8,15564.7,0.8335,ai_heavy
5740,4,239,11314.7,14143.3,0.8449,ai_heavy
5741,5,239,11226.4,14033.0,0.8584,ai_heavy
5742,6,239,11799.2,14749.1,0.874,ai_heavy
5743,7,239,11168.1,13960.2,0.8911,ai_heavy
5744,8,239,11440.4,14300.5,0.9092,ai_heavy
5745,9,239,12182.7,15228.4,0.9272,ai_heavy
5746,10,239,12034.6,15043.2,0.9441,ai_heavy
5747,11,239,11765.7,14707.2,0.9588,ai_heavy
5748,12,239,11937.0,14921.2,0.9703,ai_heavy
5749,13,239,11788.8,14736.0,0.9775,ai_heavy
5750,14,239,11931.0,14913.7,0.98,ai_heavy
5751,15,239,11674.3,14592.9,0.9775,ai_heavy
5752,16,239,11722.8,14653.5,0.9703,ai_heavy
5753,17,239,11685.6,14607.0,0.9588,ai_heavy
5754,18,239,11610.8,14513.5,0.9441,ai_heavy
5755,19,239,12200.1,15250.1,0.9272,ai_heavy
5756,20,239,12059.8,15074.8,0.9092,ai_heavy
5757,21,239,11416.7,14270.9,0.8911,ai_heavy
5758,22,239,11285.7,14107.2,0.874,ai_heavy
5759,23,239,11613.7,14517.1,0.8584,ai_heavy
5760,0,240,12307.1,15383.9,0.8118,ai_heavy
5761,1,240,11215.5,14019.4,0.8172,ai_heavy
5762,2,240,11533.0,14416.2,0.8244,ai_heavy
5763,3,240,11641.4,14551.7,0.8335,ai_heavy
5764,4,240,11599.1,14498.9,0.8449,ai_heavy
5765,5,240,11508.3,14385.4,0.8584,ai_heavy
5766,6,240,12110.8,15138.5,0.874,ai_heavy
5767,7,240,11905.4,14881.8,0.8911,ai_heavy
5768,8,240,12086.6,15108.2,0.9092,ai_heavy
5769,9,240,12038.8,15048.5,0.9272,ai_heavy
5770,10,240,12187.6,15234.5,0.9441,ai_heavy
5771,11,240,12469.5,15586.9,0.9588,ai_heavy
5772,12,240,12406.8,15508.5,0.9703,ai_heavy
5773,13,240,12600.0,15750.0,0.9775,ai_heavy
5774,14,240,12389.7,15487.2,0.98,ai_heavy
5775,15,240,11707.4,14634.3,0.9775,ai_heavy
5776,16,240,12233.7,15292.1,0.9703,ai_heavy
5777,17,240,12157.4,15196.8,0.9588,ai_heavy
5778,18,240,12553.0,15691.3,0.9441,ai_heavy
5779,19,240,11486.4,14358.0,0.9272,ai_heavy
5780,20,240,11984.8,14981.0,0.9092,ai_heavy
5781,21,240,11505.3,14381.6,0.8911,ai_heavy
5782,22,240,11885.1,14856.4,0.874,ai_heavy
5783,23,240,11593.6,14492.0,0.8584,ai_heavy
5784,0,241,11726.0,14657.5,0.8118,ai_heavy
5785,1,241,11082.7,13853.3,0.8172,ai_heavy
5786,2,241,11864.8,14831.0,0.8244,ai_heavy
5787,3,241,11682.2,14602.8,0.8335,ai_heavy
5788,4,241,11690.2,14612.7,0.8449,ai_heavy
5789,5,241,12351.4,15439.3,0.8584,ai_heavy
5790,6,241,11570.8,14463.6,0.874,ai_heavy
5791,7,241,11865.9,14832.3,0.8911,ai_heavy
5792,8,241,11822.9,14778.7,0.9092,ai_heavy
5793,9,241,11899.9,14874.9,0.9272,ai_heavy
5794,10,241,12600.0,15750.0,0.9441,ai_heavy
5795,11,241,11926.5,14908.1,0.9588,ai_heavy
5796,12,241,11727.4,14659.3,0.9703,ai_heavy
5797,13,241,12600.0,15750.0,0.9775,ai_heavy
5798,14,241,11842.9,14803.6,0.98,ai_heavy
5799,15,241,11372.1,14215.1,0.9775,ai_heavy
5800,16,241,11665.3,14581.6,0.9703,ai_heavy
5801,17,241,11458.5,14323.2,0.9588,ai_heavy
5802,18,241,11228.3,14035.4,0.9441,ai_heavy
5803,19,241,11700.8,14626.0,0.9272,ai_heavy
5804,20,241,11762.6,14703.3,0.9092,ai_heavy
5805,21,241,12161.2,15201.5,0.8911,ai_heavy
5806,22,241,11926.2,14907.7,0.874,ai_heavy
5807,23,241,11873.1,14841.4,0.8584,ai_heavy
5808,0,242,11249.9,14062.4,0.8118,ai_heavy
5809,1,242,11879.5,14849.4,0.8172,ai_heavy
5810,2,242,12072.7,15090.9,0.8244,ai_heavy
5811,3,242,11747.9,14684.9,0.8335,ai_heavy
5812,4,242,11784.5,14730.7,0.8449,ai_heavy
5813,5,242,11226.0,14032.5,0.8584,ai_heavy
5814,6,242,12075.4,15094.3,0.874,ai_heavy
5815,7,242,12372.8,15465.9,0.8911,ai_heavy
5816,8,242,11901.7,14877.1,0.9092,ai_heavy
5817,9,242,11618.7,14523.4,0.9272,ai_heavy
5818,10,242,11811.6,14764.5,0.9441,ai_heavy
5819,11,242,11753.6,14692.0,0.9588,ai_heavy
5820,12,242,11801.4,14751.8,0.9703,ai_heavy
5821,13,242,12179.6,15224.6,0.9775,ai_heavy
5822,14,242,12053.4,15066.8,0.98,ai_heavy
5823,15,242,12307.2,15384.0,0.9775,ai_heavy
5824,16,242,12063.2,15079.0,0.9703,ai_heavy
5825,17,242,11595.1,14493.9,0.9588,ai_heavy
5826,18,242,11691.0,14613.7,0.9441,ai_heavy
5827,19,242,11629.9,14537.4,0.9272,ai_heavy
5828,20,242,11721.5,14651.9,0.9092,ai_heavy
5829,21,242,12377.7,15472.1,0.8911,ai_heavy
5830,22,242,12391.6,15489.5,0.874,ai_heavy
5831,23,242,11961.6,14952.0,0.8584,ai_heavy
5832,0,243,11592.5,14490.7,0.8083,ai_heavy
5833,1,243,11088.0,13860.0,0.812,ai_heavy
5834,2,243,11648.3,14560.3,0.8171,ai_heavy
5835,3,243,11312.3,14140.4,0.8235,ai_heavy
5836,4,243,12173.2,15216.5,0.8314,ai_heavy
5837,5,243,11067.5,13834.3,0.8409,ai_heavy
5838,6,243,11787.6,14734.5,0.8518,ai_heavy
5839,7,243,11374.9,14218.7,0.8638,ai_heavy
5840,8,243,11707.5,14634.4,0.8764,ai_heavy
5841,9,243,11974.9,14968.7,0.889,ai_heavy
5842,10,243,12128.9,15161.1,0.9009,ai_heavy
5843,11,243,11770.7,14713.4,0.9112,ai_heavy
5844,12,243,12080.6,15100.8,0.9192,ai_heavy
5845,13,243,11587.8,14484.8,0.9243,ai_heavy
5846,14,243,11914.0,14892.4,0.926,ai_heavy
5847,15,243,12178.2,15222.8,0.9243,ai_heavy
5848,16,243,11928.6,14910.7,0.9192,ai_heavy
5849,17,243,11604.9,14506.2,0.9112,ai_heavy
5850,18,243,11669.6,14587.0,0.9009,ai_heavy
5851,19,243,12098.1,15122.6,0.889,ai_heavy
5852,20,243,11327.2,14159.0,0.8764,ai_heavy
5853,21,243,11350.4,14188.0,0.8638,ai_heavy
5854,22,243,11863.5,14829.4,0.8518,ai_heavy
5855,23,243,11474.5,14343.2,0.8409,ai_heavy
5856,0,244,11047.8,13809.8,0.8083,ai_heavy
5857,1,244,12028.7,15035.8,0.812,ai_heavy
5858,2,244,11190.2,13987.7,0.8171,ai_heavy
5859,3,244,11517.6,14397.0,0.8235,ai_heavy
5860,4,244,11389.8,14237.3,0.8314,ai_heavy
5861,5,244,11523.9,14404.8,0.8409,ai_heavy
5862,6,244,11344.0,14179.9,0.8518,ai_heavy
5863,7,244,11931.6,14914.5,0.8638,ai_heavy
5864,8,244,11749.8,14687.2,0.8764,ai_heavy
5865,9,244,12086.8,15108.5,0.889,ai_heavy
5866,10,244,11553.0,14441.3,0.9009,ai_heavy
5867,11,244,12546.8,15683.5,0.9112,ai_heavy
5868,12,244,11136.0,13920.0,0.9192,ai_heavy
5869,13,244,11260.6,14075.7,0.9243,ai_heavy
5870,14,244,12448.8,15561.1,0.926,ai_heavy
5871,15,244,11990.9,14988.6,0.9243,ai_heavy
5872,16,244,11931.9,14914.8,0.9192,ai_heavy
5873,17,244,11944.8,14931.0,0.9112,ai_heavy
5874,18,244,11969.7,14962.2,0.9009,ai_heavy
5875,19,244,11845.9,14807.4,0.889,ai_heavy
5876,20,244,11371.5,14214.4,0.8764,ai_heavy
5877,21,244,11968.0,14960.0,0.8638,ai_heavy
5878,22,244,11884.2,14855.2,0.8518,ai_heavy
5879,23,244,12126.0,15157.5,0.8409,ai_heavy
5880,0,245,12171.5,15214.4,0.8118,ai_heavy
5881,1,245,11687.0,14608.8,0.8172,ai_heavy
5882,2,245,11162.2,13952.8,0.8244,ai_heavy
5883,3,245,12227.9,15284.8,0.8335,ai_heavy
5884,4,245,11281.6,14102.0,0.8449,ai_heavy
5885,5,245,11787.1,14733.8,0.8584,ai_heavy
5886,6,245,11615.0,14518.8,0.874,ai_heavy
5887,7,245,11593.5,14491.9,0.8911,ai_heavy
5888,8,245,12057.7,15072.2,0.9092,ai_heavy
5889,9,245,11916.4,14895.5,0.9272,ai_heavy
5890,10,245,12052.0,15065.0,0.9441,ai_heavy
5891,11,245,11612.4,14515.5,0.9588,ai_heavy
5892,12,245,11868.1,14835.2,0.9703,ai_heavy
5893,13,245,11671.6,14589.5,0.9775,ai_heavy
5894,14,245,11881.8,14852.3,0.98,ai_heavy
5895,15,245,11904.8,14881.0,0.9775,ai_heavy
5896,16,245,12590.5,15738.2,0.9703,ai_heavy
5897,17,245,11811.1,14763.8,0.9588,ai_heavy
5898,18,245,11112.4,13890.5,0.9441,ai_heavy
5899,19,245,12324.7,15405.9,0.9272,ai_heavy
5900,20,245,11946.3,14932.9,0.9092,ai_heavy
5901,21,245,11699.1,14623.9,0.8911,ai_heavy
5902,22,245,11551.6,14439.5,0.874,ai_heavy
5903,23,245,11337.3,14171.6,0.8584,ai_heavy
5904,0,246,12231.8,15289.7,0.8118,ai_heavy
5905,1,246,11590.3,14487.9,0.8172,ai_heavy
5906,2,246,10984.8,13731.0,0.8244,ai_heavy
5907,3,246,11724.6,14655.8,0.8335,ai_heavy
5908,4,246,12058.1,15072.6,0.8449,ai_heavy
5909,5,246,11723.5,14654.4,0.8584,ai_heavy
5910,6,246,11388.6,14235.7,0.874,ai_heavy
5911,7,246,11396.1,14245.1,0.8911,ai_heavy
5912,8,246,11463.1,14328.9,0.9092,ai_heavy
5913,9,246,12369.7,15462.1,0.9272,ai_heavy
5914,10,246,11843.8,14804.7,0.9441,ai_heavy
5915,11,246,11304.2,14130.3,0.9588,ai_heavy
5916,12,246,12067.9,15084.9,0.9703,ai_heavy
5917,13,246,11997.9,14997.4,0.9775,ai_heavy
5918,14,246,11792.2,14740.3,0.98,ai_heavy
5919,15,246,11581.7,14477.1,0.9775,ai_heavy
5920,16,246,11549.7,14437.1,0.9703,ai_heavy
5921,17,246,12291.8,15364.7,0.9588,ai_heavy
5922,18,246,11957.4,14946.8,0.9441,ai_heavy
5923,19,246,11999.5,14999.4,0.9272,ai_heavy
5924,20,246,11874.0,14842.5,0.9092,ai_heavy
5925,21,246,11860.7,14825.9,0.8911,ai_heavy
5926,22,246,11540.7,14425.9,0.874,ai_heavy
5927,23,246,11596.7,14495.9,0.8584,ai_heavy
5928,0,247,11963.7,14954.6,0.8118,ai_heavy
5929,1,247,12063.4,15079.2,0.8172,ai_heavy
5930,2,247,11164.1,13955.1,0.8244,ai_heavy
5931,3,247,11537.9,14422.4,0.8335,ai_heavy
5932,4,247,11930.0,14912.5,0.8449,ai_heavy
5933,5,247,12327.6,15409.5,0.8584,ai_heavy
5934,6,247,12330.9,15413.6,0.874,ai_heavy
5935,7,247,11464.9,14331.1,0.8911,ai_heavy
5936,8,247,12238.4,15297.9,0.9092,ai_heavy
5937,9,247,11850.4,14813.1,0.9272,ai_heavy
5938,10,247,12241.2,15301.5,0.9441,ai_heavy
5939,11,247,12185.2,15231.5,0.9588,ai_heavy
5940,12,247,11478.0,14347.6,0.9703,ai_heavy
5941,13,247,12144.5,15180.6,0.9775,ai_heavy
5942,14,247,12313.8,15392.3,0.98,ai_heavy
5943,15,247,11940.2,14925.2,0.9775,ai_heavy
5944,16,247,11842.3,14802.8,0.9703,ai_heavy
5945,17,247,11342.4,14178.1,0.9588,ai_heavy
5946,18,247,12112.7,15140.9,0.9441,ai_heavy
5947,19,247,11903.7,14879.7,0.9272,ai_heavy
5948,20,247,11461.4,14326.7,0.9092,ai_heavy
5949,21,247,11630.5,14538.1,0.8911,ai_heavy
5950,22,247,11759.4,14699.3,0.874,ai_heavy
5951,23,247,11473.2,14341.5,0.8584,ai_heavy
5952,0,248,11560.6,14450.8,0.8118,ai_heavy
5953,1,248,10964.8,13705.9,0.8172,ai_heavy
5954,2,248,12058.2,15072.7,0.8244,ai_heavy
5955,3,248,11616.0,14520.0,0.8335,ai_heavy
5956,4,248,11253.2,14066.5,0.8449,ai_heavy
5957,5,248,10807.7,13509.6,0.8584,ai_heavy
5958,6,248,12066.5,15083.2,0.874,ai_heavy
5959,7,248,11941.9,14927.4,0.8911,ai_heavy
5960,8,248,11862.0,14827.5,0.9092,ai_heavy
5961,9,248,12136.1,15170.2,0.9272,ai_heavy
5962,10,248,12175.8,15219.8,0.9441,ai_heavy
5963,11,248,11973.1,14966.4,0.9588,ai_heavy
5964,12,248,11839.5,14799.3,0.9703,ai_heavy
5965,13,248,11797.9,14747.3,0.9775,ai_heavy
5966,14,248,12104.1,15130.2,0.98,ai_heavy
5967,15,248,12448.1,15560.1,0.9775,ai_heavy
5968,16,248,11893.6,14867.0,0.9703,ai_heavy
5969,17,248,12431.0,15538.7,0.9588,ai_heavy
5970,18,248,12002.1,15002.7,0.9441,ai_heavy
5971,19,248,11964.7,14955.9,0.9272,ai_heavy
5972,20,248,12600.0,15750.0,0.9092,ai_heavy
5973,21,248,12327.6,15409.5,0.8911,ai_heavy
5974,22,248,12294.6,15368.3,0.874,ai_heavy
5975,23,248,11389.5,14236.9,0.8584,ai_heavy
5976,0,249,12319.9,15399.9,0.8118,ai_heavy
5977,1,249,11543.7,14429.7,0.8172,ai_heavy
5978,2,249,11509.9,14387.4,0.8244,ai_heavy
5979,3,249,10858.4,13573.0,0.8335,ai_heavy
5980,4,249,11750.9,14688.7,0.8449,ai_heavy
5981,5,249,11289.5,14111.9,0.8584,ai_heavy
5982,6,249,11848.5,14810.7,0.874,ai_heavy
5983,7,249,11336.0,14170.0,0.8911,ai_heavy
5984,8,249,12423.2,15529.0,0.9092,ai_heavy
5985,9,249,12025.4,15031.7,0.9272,ai_heavy
5986,10,249,12600.0,15750.0,0.9441,ai_heavy
5987,11,249,11538.4,14423.0,0.9588,ai_heavy
5988,12,249,12484.9,15606.1,0.9703,ai_heavy
5989,13,249,11301.3,14126.6,0.9775,ai_heavy
5990,14,249,12027.8,15034.8,0.98,ai_heavy
5991,15,249,11721.0,14651.3,0.9775,ai_heavy
5992,16,249,11770.1,14712.6,0.9703,ai_heavy
5993,17,249,11719.3,14649.1,0.9588,ai_heavy
5994,18,249,11543.6,14429.5,0.9441,ai_heavy
5995,19,249,11382.6,14228.2,0.9272,ai_heavy
5996,20,249,11631.0,14538.8,0.9092,ai_heavy
5997,21,249,11786.2,14732.7,0.8911,ai_heavy
5998,22,249,12113.8,15142.2,0.874,ai_heavy
5999,23,249,11772.1,14715.2,0.8584,ai_heavy
6000,0,250,11955.6,14944.5,0.8083,ai_heavy
6001,1,250,11047.6,13809.4,0.812,ai_heavy
6002,2,250,11421.6,14277.0,0.8171,ai_heavy
6003,3,250,11834.1,14792.6,0.8235,ai_heavy
6004,4,250,11725.0,14656.3,0.8314,ai_heavy
6005,5,250,11327.3,14159.1,0.8409,ai_heavy
6006,6,250,11979.8,14974.7,0.8518,ai_heavy
6007,7,250,11495.1,14368.9,0.8638,ai_heavy
6008,8,250,11437.7,14297.2,0.8764,ai_heavy
6009,9,250,11911.9,14889.8,0.889,ai_heavy
6010,10,250,11770.3,14712.8,0.9009,ai_heavy
6011,11,250,11607.2,14509.0,0.9112,ai_heavy
6012,12,250,11613.6,14517.0,0.9192,ai_heavy
6013,13,250,11443.3,14304.2,0.9243,ai_heavy
6014,14,250,11686.4,14608.0,0.926,ai_heavy
6015,15,250,12212.9,15266.2,0.9243,ai_heavy
6016,16,250,11897.6,14871.9,0.9192,ai_heavy
6017,17,250,12131.3,15164.1,0.9112,ai_heavy
6018,18,250,11950.3,14937.9,0.9009,ai_heavy
6019,19,250,11524.7,14405.9,0.889,ai_heavy
6020,20,250,11131.4,13914.3,0.8764,ai_heavy
6021,21,250,11356.5,14195.6,0.8638,ai_heavy
6022,22,250,11418.6,14273.2,0.8518,ai_heavy
6023,23,250,11366.6,14208.2,0.8409,ai_heavy
6024,0,251,11891.3,14864.2,0.8083,ai_heavy
6025,1,251,11896.8,14871.0,0.812,ai_heavy
6026,2,251,12339.8,15424.7,0.8171,ai_heavy
6027,3,251,11321.4,14151.8,0.8235,ai_heavy
6028,4,251,12161.7,15202.1,0.8314,ai_heavy
6029,5,251,12182.8,15228.5,0.8409,ai_heavy
6030,6,251,11572.0,14465.0,0.8518,ai_heavy
6031,7,251,11847.2,14809.1,0.8638,ai_heavy
6032,8,251,12146.7,15183.4,0.8764,ai_heavy
6033,9,251,11719.6,14649.5,0.889,ai_heavy
6034,10,251,11719.9,14649.9,0.9009,ai_heavy
6035,11,251,11570.3,14462.8,0.9112,ai_heavy
6036,12,251,10974.7,13718.4,0.9192,ai_heavy
6037,13,251,11847.8,14809.7,0.9243,ai_heavy
6038,14,251,11575.0,14468.7,0.926,ai_heavy
6039,15,251,11441.4,14301.7,0.9243,ai_heavy
6040,16,251,11960.5,14950.6,0.9192,ai_heavy
6041,17,251,11278.8,14098.5,0.9112,ai_heavy
6042,18,251,12052.7,15065.8,0.9009,ai_heavy
6043,19,251,11910.7,14888.3,0.889,ai_heavy
6044,20,251,11570.2,14462.8,0.8764,ai_heavy
6045,21,251,11659.1,14573.9,0.8638,ai_heavy
6046,22,251,11237.1,14046.4,0.8518,ai_heavy
6047,23,251,11889.5,14861.8,0.8409,ai_heavy
6048,0,252,11624.7,14530.8,0.8118,ai_heavy
6049,1,252,11663.2,14579.0,0.8172,ai_heavy
6050,2,252,11763.5,14704.4,0.8244,ai_heavy
6051,3,252,11386.7,14233.4,0.8335,ai_heavy
6052,4,252,11106.7,13883.4,0.8449,ai_heavy
6053,5,252,12003.9,15004.8,0.8584,ai_heavy
6054,6,252,11947.0,14933.8,0.874,ai_heavy
6055,7,252,11556.6,14445.8,0.8911,ai_heavy
6056,8,252,11932.1,14915.2,0.9092,ai_heavy
6057,9,252,12276.1,15345.1,0.9272,ai_heavy
6058,10,252,12274.7,15343.4,0.9441,ai_heavy
6059,11,252,11702.1,14627.6,0.9588,ai_heavy
6060,12,252,11397.6,14247.0,0.9703,ai_heavy
6061,13,252,11475.3,14344.1,0.9775,ai_heavy
6062,14,252,11841.4,14801.8,0.98,ai_heavy
6063,15,252,12471.5,15589.4,0.9775,ai_heavy
6064,16,252,11669.7,14587.1,0.9703,ai_heavy
6065,17,252,11690.8,14613.4,0.9588,ai_heavy
6066,18,252,11649.6,14562.0,0.9441,ai_heavy
6067,19,252,11640.9,14551.2,0.9272,ai_heavy
6068,20,252,11783.5,14729.4,0.9092,ai_heavy
6069,21,252,11294.2,14117.8,0.8911,ai_heavy
6070,22,252,12085.9,15107.4,0.874,ai_heavy
6071,23,252,11618.0,14522.6,0.8584,ai_heavy
6072,0,253,12419.4,15524.3,0.8118,ai_heavy
6073,1,253,11164.9,13956.1,0.8172,ai_heavy
6074,2,253,12141.8,15177.2,0.8244,ai_heavy
6075,3,253,12095.1,15118.9,0.8335,ai_heavy
6076,4,253,11493.3,14366.6,0.8449,ai_heavy
6077,5,253,11530.4,14413.1,0.8584,ai_heavy
6078,6,253,11381.6,14227.1,0.874,ai_heavy
6079,7,253,11424.7,14280.9,0.8911,ai_heavy
6080,8,253,11787.3,14734.1,0.9092,ai_heavy
6081,9,253,11837.0,14796.2,0.9272,ai_heavy
6082,10,253,11298.7,14123.4,0.9441,ai_heavy
6083,11,253,12600.0,15750.0,0.9588,ai_heavy
6084,12,253,11837.6,14796.9,0.9703,ai_heavy
6085,13,253,11970.9,14963.6,0.9775,ai_heavy
6086,14,253,11728.6,14660.8,0.98,ai_heavy
6087,15,253,11851.7,14814.6,0.9775,ai_heavy
6088,16,253,11802.3,14752.9,0.9703,ai_heavy
6089,17,253,11902.7,14878.3,0.9588,ai_heavy
6090,18,253,11864.1,14830.1,0.9441,ai_heavy
6091,19,253,12115.3,15144.1,0.9272,ai_heavy
6092,20,253,11867.8,14834.8,0.9092,ai_heavy
6093,21,253,11993.4,14991.8,0.8911,ai_heavy
6094,22,253,11701.7,14627.1,0.874,ai_heavy
6095,23,253,11749.7,14687.1,0.8584,ai_heavy
6096,0,254,11476.0,14345.0,0.8118,ai_heavy
6097,1,254,11920.5,14900.7,0.8172,ai_heavy
6098,2,254,11701.2,14626.5,0.8244,ai_heavy
6099,3,254,11555.4,14444.2,0.8335,ai_heavy
6100,4,254,11571.4,14464.3,0.8449,ai_heavy
6101,5,254,11630.5,14538.1,0.8584,ai_heavy
6102,6,254,11715.9,14644.8,0.874,ai_heavy
6103,7,254,11725.4,14656.8,0.8911,ai_heavy
6104,8,254,11589.9,14487.3,0.9092,ai_heavy
6105,9,254,12101.1,15126.4,0.9272,ai_heavy
6106,10,254,12164.1,15205.2,0.9441,ai_heavy
6107,11,254,12540.7,15675.9,0.9588,ai_heavy
6108,12,254,11714.4,14643.0,0.9703,ai_heavy
6109,13,254,12186.3,15232.8,0.9775,ai_heavy
6110,14,254,11268.6,14085.7,0.98,ai_heavy
6111,15,254,12244.5,15305.7,0.9775,ai_heavy
6112,16,254,11409.1,14261.4,0.9703,ai_heavy
6113,17,254,11552.2,14440.2,0.9588,ai_heavy
6114,18,254,11987.6,14984.5,0.9441,ai_heavy
6115,19,254,11609.1,14511.3,0.9272,ai_heavy
6116,20,254,11519.3,14399.1,0.9092,ai_heavy
6117,21,254,11574.4,14468.0,0.8911,ai_heavy
6118,22,254,11961.4,14951.7,0.874,ai_heavy
6119,23,254,11342.2,14177.7,0.8584,ai_heavy
6120,0,255,11540.9,14426.1,0.8118,ai_heavy
6121,1,255,11440.8,14301.0,0.8172,ai_heavy
6122,2,255,11874.1,14842.6,0.8244,ai_heavy
6123,3,255,11905.8,14882.2,0.8335,ai_heavy
6124,4,255,10996.3,13745.4,0.8449,ai_heavy
6125,5,255,12034.6,15043.2,0.8584,ai_heavy
6126,6,255,11490.7,14363.4,0.874,ai_heavy
6127,7,255,11828.5,14785.7,0.8911,ai_heavy
6128,8,255,11455.4,14319.3,0.9092,ai_heavy
6129,9,255,11961.4,14951.7,0.9272,ai_heavy
6130,10,255,12600.0,15750.0,0.9441,ai_heavy
6131,11,255,11949.1,14936.4,0.9588,ai_heavy
6132,12,255,11765.9,14707.3,0.9703,ai_heavy
6133,13,255,11864.2,14830.2,0.9775,ai_heavy
6134,14,255,11426.4,14283.0,0.98,ai_heavy
6135,15,255,12466.7,15583.4,0.9775,ai_heavy
6136,16,255,12042.4,15053.0,0.9703,ai_heavy
6137,17,255,11529.1,14411.4,0.9588,ai_heavy
6138,18,255,11507.4,14384.2,0.9441,ai_heavy
6139,19,255,11835.1,14793.8,0.9272,ai_heavy
6140,20,255,12117.0,15146.3,0.9092,ai_heavy
6141,21,255,11339.7,14174.6,0.8911,ai_heavy
6142,22,255,12096.1,15120.2,0.874,ai_heavy
6143,23,255,11636.7,14545.8,0.8584,ai_heavy
6144,0,256,11237.1,14046.4,0.8118,ai_heavy
6145,1,256,11409.9,14262.4,0.8172,ai_heavy
6146,2,256,12196.9,15246.2,0.8244,ai_heavy
6147,3,256,11126.9,13908.7,0.8335,ai_heavy
6148,4,256,11381.5,14226.9,0.8449,ai_heavy
6149,5,256,12002.2,15002.8,0.8584,ai_heavy
6150,6,256,11781.2,14726.5,0.874,ai_heavy
6151,7,256,11466.5,14333.1,0.8911,ai_heavy
6152,8,256,12128.6,15160.8,0.9092,ai_heavy
6153,9,256,12188.9,15236.1,0.9272,ai_heavy
6154,10,256,11987.3,14984.1,0.9441,ai_heavy
6155,11,256,11685.0,14606.3,0.9588,ai_heavy
6156,12,256,11766.4,14708.0,0.9703,ai_heavy
6157,13,256,12049.4,15061.8,0.9775,ai_heavy
6158,14,256,11482.7,14353.4,0.98,ai_heavy
6159,15,256,12423.3,15529.1,0.9775,ai_heavy
6160,16,256,12539.0,15673.7,0.9703,ai_heavy
6161,17,256,11819.4,14774.3,0.9588,ai_heavy
6162,18,256,11996.1,14995.1,0.9441,ai_heavy
6163,19,256,12250.5,15313.1,0.9272,ai_heavy
6164,20,256,12479.0,15598.8,0.9092,ai_heavy
6165,21,256,12293.9,15367.4,0.8911,ai_heavy
6166,22,256,11095.7,13869.6,0.874,ai_heavy
6167,23,256,11558.3,14447.9,0.8584,ai_heavy
6168,0,257,11724.9,14656.1,0.8083,ai_heavy
6169,1,257,11388.8,14236.0,0.812,ai_heavy
6170,2,257,12190.8,15238.5,0.8171,ai_heavy
6171,3,257,12153.3,15191.6,0.8235,ai_heavy
6172,4,257,11321.4,14151.8,0.8314,ai_heavy
6173,5,257,11571.1,14463.8,0.8409,ai_heavy
6174,6,257,11391.2,14239.0,0.8518,ai_heavy
6175,7,257,11612.9,14516.1,0.8638,ai_heavy
6176,8,257,11631.6,14539.5,0.8764,ai_heavy
6177,9,257,12076.4,15095.6,0.889,ai_heavy
6178,10,257,11454.4,14318.0,0.9009,ai_heavy
6179,11,257,10866.5,13583.1,0.9112,ai_heavy
6180,12,257,11242.4,14053.0,0.9192,ai_heavy
6181,13,257,11458.1,14322.6,0.9243,ai_heavy
6182,14,257,11594.2,14492.7,0.926,ai_heavy
6183,15,257,11889.2,14861.5,0.9243,ai_heavy
6184,16,257,11428.3,14285.4,0.9192,ai_heavy
6185,17,257,11363.7,14204.7,0.9112,ai_heavy
6186,18,257,11440.0,14299.9,0.9009,ai_heavy
6187,19,257,11347.4,14184.3,0.889,ai_heavy
6188,20,257,11516.0,14395.0,0.8764,ai_heavy
6189,21,257,11472.0,14340.0,0.8638,ai_heavy
6190,22,257,11894.1,14867.6,0.8518,ai_heavy
6191,23,257,11282.5,14103.2,0.8409,ai_heavy
6192,0,258,11427.5,14284.3,0.8083,ai_heavy
6193,1,258,11371.2,14214.0,0.812,ai_heavy
6194,2,258,11852.7,14815.9,0.8171,ai_heavy
6195,3,258,11533.3,14416.6,0.8235,ai_heavy
6196,4,258,11971.3,14964.2,0.8314,ai_heavy
6197,5,258,11225.7,14032.2,0.8409,ai_heavy
6198,6,258,11636.0,14544.9,0.8518,ai_heavy
6199,7,258,11479.5,14349.3,0.8638,ai_heavy
6200,8,258,11280.1,14100.1,0.8764,ai_heavy
6201,9,258,11716.6,14645.7,0.889,ai_heavy
6202,10,258,12379.9,15474.9,0.9009,ai_heavy
6203,11,258,11490.5,14363.1,0.9112,ai_heavy
6204,12,258,11765.7,14707.2,0.9192,ai_heavy
6205,13,258,11357.3,14196.7,0.9243,ai_heavy
6206,14,258,11309.1,14136.4,0.926,ai_heavy
6207,15,258,11543.5,14429.4,0.9243,ai_heavy
6208,16,258,11651.5,14564.3,0.9192,ai_heavy
6209,17,258,11648.7,14560.9,0.9112,ai_heavy
6210,18,258,11688.3,14610.4,0.9009,ai_heavy
6211,19,258,11159.8,13949.7,0.889,ai_heavy
6212,20,258,11490.9,14363.6,0.8764,ai_heavy
6213,21,258,11857.1,14821.4,0.8638,ai_heavy
6214,22,258,11178.4,13973.0,0.8518,ai_heavy
6215,23,258,11503.8,14379.8,0.8409,ai_heavy
6216,0,259,11661.2,14576.6,0.8118,ai_heavy
6217,1,259,11300.7,14125.9,0.8172,ai_heavy
6218,2,259,11707.7,14634.7,0.8244,ai_heavy
6219,3,259,11080.6,13850.8,0.8335,ai_heavy
6220,4,259,11947.2,14934.0,0.8449,ai_heavy
6221,5,259,11796.8,14746.0,0.8584,ai_heavy
6222,6,259,11724.7,14655.9,0.874,ai_heavy
6223,7,259,12141.6,15177.0,0.8911,ai_heavy
6224,8,259,11671.0,14588.8,0.9092,ai_heavy
6225,9,259,11610.4,14513.0,0.9272,ai_heavy
6226,10,259,12358.0,15447.5,0.9441,ai_heavy
6227,11,259,12561.1,15701.3,0.9588,ai_heavy
6228,12,259,11682.2,14602.8,0.9703,ai_heavy
6229,13,259,11906.6,14883.3,0.9775,ai_heavy
6230,14,259,12327.9,15409.9,0.98,ai_heavy
6231,15,259,11919.4,14899.2,0.9775,ai_heavy
6232,16,259,12143.2,15179.1,0.9703,ai_heavy
6233,17,259,12182.4,15228.0,0.9588,ai_heavy
6234,18,259,11669.0,14586.3,0.9441,ai_heavy
6235,19,259,11978.4,14973.0,0.9272,ai_heavy
6236,20,259,11785.3,14731.6,0.9092,ai_heavy
6237,21,259,11316.5,14145.6,0.8911,ai_heavy
6238,22,259,11357.6,14197.0,0.874,ai_heavy
6239,23,259,11440.4,14300.4,0.8584,ai_heavy
6240,0,260,11881.7,14852.1,0.8118,ai_heavy
6241,1,260,11906.0,14882.5,0.8172,ai_heavy
6242,2,260,11849.7,14812.2,0.8244,ai_heavy
6243,3,260,11763.8,14704.7,0.8335,ai_heavy
6244,4,260,11781.1,14726.4,0.8449,ai_heavy
6245,5,260,11765.9,14707.4,0.8584,ai_heavy
6246,6,260,11848.3,14810.4,0.874,ai_heavy
6247,7,260,11912.8,14891.0,0.8911,ai_heavy
6248,8,260,11290.8,14113.5,0.9092,ai_heavy
6249,9,260,11549.2,14436.5,0.9272,ai_heavy
6250,10,260,11502.9,14378.6,0.9441,ai_heavy
6251,11,260,12299.1,15373.9,0.9588,ai_heavy
6252,12,260,12522.5,15653.1,0.9703,ai_heavy
6253,13,260,11170.0,13962.4,0.9775,ai_heavy
6254,14,260,12514.3,15642.9,0.98,ai_heavy
6255,15,260,11978.5,14973.1,0.9775,ai_heavy
6256,16,260,12292.9,15366.1,0.9703,ai_heavy
6257,17,260,12084.6,15105.7,0.9588,ai_heavy
6258,18,260,12382.2,15477.7,0.9441,ai_heavy
6259,19,260,11904.1,14880.1,0.9272,ai_heavy
6260,20,260,11305.3,14131.7,0.9092,ai_heavy
6261,21,260,11708.0,14635.0,0.8911,ai_heavy
6262,22,260,11886.2,14857.8,0.874,ai_heavy
6263,23,260,11593.1,14491.4,0.8584,ai_heavy
6264,0,261,11787.8,14734.7,0.8118,ai_heavy
6265,1,261,11549.5,14436.8,0.8172,ai_heavy
6266,2,261,11382.0,14227.5,0.8244,ai_heavy
6267,3,261,11232.2,14040.2,0.8335,ai_heavy
6268,4,261,11500.2,14375.3,0.8449,ai_heavy
6269,5,261,11740.4,14675.4,0.8584,ai_heavy
6270,6,261,11017.1,13771.4,0.874,ai_heavy
6271,7,261,11470.4,14338.0,0.8911,ai_heavy
6272,8,261,11081.4,13851.7,0.9092,ai_heavy
6273,9,261,11610.6,14513.3,0.9272,ai_heavy
6274,10,261,12295.6,15369.5,0.9441,ai_heavy
6275,11,261,11480.1,14350.2,0.9588,ai_heavy
6276,12,261,12182.1,15227.6,0.9703,ai_heavy
6277,13,261,12600.0,15750.0,0.9775,ai_heavy
6278,14,261,12474.4,15593.0,0.98,ai_heavy
6279,15,261,11995.2,14994.1,0.9775,ai_heavy
6280,16,261,12237.7,15297.1,0.9703,ai_heavy
6281,17,261,11414.6,14268.2,0.9588,ai_heavy
6282,18,261,11309.0,14136.3,0.9441,ai_heavy
6283,19,261,11839.8,14799.8,0.9272,ai_heavy
6284,20,261,11928.4,14910.5,0.9092,ai_heavy
6285,21,261,12130.9,15163.6,0.8911,ai_heavy
6286,22,261,11505.4,14381.8,0.874,ai_heavy
6287,23,261,11736.4,14670.6,0.8584,ai_heavy
6288,0,262,11614.9,14518.6,0.8118,ai_heavy
6289,1,262,11526.7,14408.3,0.8172,ai_heavy
6290,2,262,11563.8,14454.8,0.8244,ai_heavy
6291,3,262,11312.8,14140.9,0.8335,ai_heavy
6292,4,262,11734.7,14668.3,0.8449,ai_heavy
6293,5,262,11737.0,14671.3,0.8584,ai_heavy
6294,6,262,11550.6,14438.3,0.874,ai_heavy
6295,7,262,11979.9,14974.8,0.8911,ai_heavy
6296,8,262,12150.9,15188.7,0.9092,ai_heavy
6297,9,262,12070.0,15087.5,0.9272,ai_heavy
6298,10,262,11498.1,14372.6,0.9441,ai_heavy
6299,11,262,11939.3,14924.1,0.9588,ai_heavy
6300,12,262,11604.2,14505.3,0.9703,ai_heavy
6301,13,262,11982.0,14977.5,0.9775,ai_heavy
6302,14,262,11627.8,14534.7,0.98,ai_heavy
6303,15,262,12405.2,15506.4,0.9775,ai_heavy
6304,16,262,12210.8,15263.5,0.9703,ai_heavy
6305,17,262,12315.5,15394.3,0.9588,ai_heavy
6306,18,262,12243.8,15304.7,0.9441,ai_heavy
6307,19,262,11733.6,14667.0,0.9272,ai_heavy
6308,20,262,11637.0,14546.2,0.9092,ai_heavy
6309,21,262,12359.0,15448.7,0.8911,ai_heavy
6310,22,262,11647.2,14559.0,0.874,ai_heavy
6311,23,262,11194.6,13993.2,0.8584,ai_heavy
6312,0,263,11909.1,14886.3,0.8118,ai_heavy
6313,1,263,11622.2,14527.7,0.8172,ai_heavy
6314,2,263,12112.6,15140.7,0.8244,ai_heavy
6315,3,263,11695.1,14618.9,0.8335,ai_heavy
6316,4,263,11630.0,14537.6,0.8449,ai_heavy
6317,5,263,12203.0,15253.7,0.8584,ai_heavy
6318,6,263,11164.9,13956.2,0.874,ai_heavy
6319,7,263,11539.0,14423.8,0.8911,ai_heavy
6320,8,263,11473.7,14342.1,0.9092,ai_heavy
6321,9,263,11050.6,13813.3,0.9272,ai_heavy
6322,10,263,12180.2,15225.2,0.9441,ai_heavy
6323,11,263,11704.6,14630.8,0.9588,ai_heavy
6324,12,263,12254.5,15318.1,0.9703,ai_heavy
6325,13,263,12086.8,15108.6,0.9775,ai_heavy
6326,14,263,12170.9,15213.6,0.98,ai_heavy
6327,15,263,11784.2,14730.2,0.9775,ai_heavy
6328,16,263,11656.9,14571.1,0.9703,ai_heavy
6329,17,263,11935.8,14919.7,0.9588,ai_heavy
6330,18,263,12196.6,15245.7,0.9441,ai_heavy
6331,19,263,11811.8,14764.7,0.9272,ai_heavy
6332,20,263,11539.2,14424.1,0.9092,ai_heavy
6333,21,263,11322.8,14153.5,0.8911,ai_heavy
6334,22,263,11776.9,14721.1,0.874,ai_heavy
6335,23,263,11474.8,14343.5,0.8584,ai_heavy
6336,0,264,11526.5,14408.1,0.8083,ai_heavy
6337,1,264,11477.4,14346.7,0.812,ai_heavy
6338,2,264,11417.6,14272.0,0.8171,ai_heavy
6339,3,264,11689.0,14611.3,0.8235,ai_heavy
6340,4,264,11798.6,14748.2,0.8314,ai_heavy
6341,5,264,12313.3,15391.6,0.8409,ai_heavy
6342,6,264,11918.2,14897.7,0.8518,ai_heavy
6343,7,264,12239.8,15299.7,0.8638,ai_heavy
6344,8,264,11423.2,14279.0,0.8764,ai_heavy
6345,9,264,11176.5,13970.6,0.889,ai_heavy
6346,10,264,11763.0,14703.7,0.9009,ai_heavy
6347,11,264,12095.7,15119.7,0.9112,ai_heavy
6348,12,264,12059.3,15074.2,0.9192,ai_heavy
6349,13,264,12252.4,15315.5,0.9243,ai_heavy
6350,14,264,10926.9,13658.6,0.926,ai_heavy
6351,15,264,12267.2,15334.0,0.9243,ai_heavy
6352,16,264,11929.8,14912.2,0.9192,ai_heavy
6353,17,264,11246.0,14057.5,0.9112,ai_heavy
6354,18,264,12023.5,15029.4,0.9009,ai_heavy
6355,19,264,11800.0,14750.1,0.889,ai_heavy
6356,20,264,11844.8,14806.0,0.8764,ai_heavy
6357,21,264,12031.4,15039.3,0.8638,ai_heavy
6358,22,264,11803.6,14754.5,0.8518,ai_heavy
6359,23,264,11114.0,13892.4,0.8409,ai_heavy
6360,0,265,11501.8,14377.3,0.8083,ai_heavy
6361,1,265,10999.2,13749.0,0.812,ai_heavy
6362,2,265,11797.2,14746.5,0.8171,ai_heavy
6363,3,265,12072.9,15091.1,0.8235,ai_heavy
6364,4,265,11173.3,13966.6,0.8314,ai_heavy
6365,5,265,11393.5,14241.9,0.8409,ai_heavy
6366,6,265,11344.7,14180.9,0.8518,ai_heavy
6367,7,265,11522.2,14402.8,0.8638,ai_heavy
6368,8,265,11855.7,14819.7,0.8764,ai_heavy
6369,9,265,11584.3,14480.4,0.889,ai_heavy
6370,10,265,11998.5,14998.1,0.9009,ai_heavy
6371,11,265,12169.1,15211.4,0.9112,ai_heavy
6372,12,265,12201.3,15251.6,0.9192,ai_heavy
6373,13,265,11426.2,14282.7,0.9243,ai_heavy
6374,14,265,12318.6,15398.2,0.926,ai_heavy
6375,15,265,12342.8,15428.5,0.9243,ai_heavy
6376,16,265,12361.1,15451.3,0.9192,ai_heavy
6377,17,265,11736.4,14670.5,0.9112,ai_heavy
6378,18,265,11502.7,14378.3,0.9009,ai_heavy
6379,19,265,11393.7,14242.1,0.889,ai_heavy
6380,20,265,11323.7,14154.7,0.8764,ai_heavy
6381,21,265,11685.4,14606.7,0.8638,ai_heavy
6382,22,265,11949.6,14937.0,0.8518,ai_heavy
6383,23,265,12083.5,15104.4,0.8409,ai_heavy
6384,0,266,11391.3,14239.1,0.8118,ai_heavy
6385,1,266,11558.8,14448.6,0.8172,ai_heavy
6386,2,266,11552.8,14441.0,0.8244,ai_heavy
6387,3,266,11389.2,14236.5,0.8335,ai_heavy
6388,4,266,11893.9,14867.4,0.8449,ai_heavy
6389,5,266,11795.8,14744.7,0.8584,ai_heavy
6390,6,266,11755.0,14693.7,0.874,ai_heavy
6391,7,266,11871.5,14839.4,0.8911,ai_heavy
6392,8,266,12005.1,15006.4,0.9092,ai_heavy
6393,9,266,12044.5,15055.6,0.9272,ai_heavy
6394,10,266,11570.7,14463.4,0.9441,ai_heavy
6395,11,266,12223.8,15279.7,0.9588,ai_heavy
6396,12,266,12021.8,15027.3,0.9703,ai_heavy
6397,13,266,11791.6,14739.5,0.9775,ai_heavy
6398,14,266,12037.2,15046.5,0.98,ai_heavy
6399,15,266,12070.9,15088.6,0.9775,ai_heavy
6400,16,266,12317.6,15397.0,0.9703,ai_heavy
6401,17,266,11530.1,14412.6,0.9588,ai_heavy
6402,18,266,12341.1,15426.3,0.9441,ai_heavy
6403,19,266,11837.9,14797.3,0.9272,ai_heavy
6404,20,266,11608.5,14510.6,0.9092,ai_heavy
6405,21,266,11556.1,14445.2,0.8911,ai_heavy
6406,22,266,11353.5,14191.9,0.874,ai_heavy
6407,23,266,11059.3,13824.1,0.8584,ai_heavy
6408,0,267,11794.6,14743.3,0.8118,ai_heavy
6409,1,267,12260.0,15325.0,0.8172,ai_heavy
6410,2,267,11026.6,13783.3,0.8244,ai_heavy
6411,3,267,11279.4,14099.3,0.8335,ai_heavy
6412,4,267,11899.4,14874.3,0.8449,ai_heavy
6413,5,267,11652.8,14566.0,0.8584,ai_heavy
6414,6,267,11998.2,14997.7,0.874,ai_heavy
6415,7,267,11709.4,14636.8,0.8911,ai_heavy
6416,8,267,11582.1,14477.7,0.9092,ai_heavy
6417,9,267,11749.5,14686.9,0.9272,ai_heavy
6418,10,267,11021.1,13776.3,0.9441,ai_heavy
6419,11,267,11495.4,14369.2,0.9588,ai_heavy
6420,12,267,12269.8,15337.3,0.9703,ai_heavy
6421,13,267,12374.6,15468.2,0.9775,ai_heavy
6422,14,267,12457.4,15571.8,0.98,ai_heavy
6423,15,267,12105.4,15131.8,0.9775,ai_heavy
6424,16,267,11123.0,13903.7,0.9703,ai_heavy
6425,17,267,11676.9,14596.2,0.9588,ai_heavy
6426,18,267,12341.0,15426.2,0.9441,ai_heavy
6427,19,267,12405.6,15507.1,0.9272,ai_heavy
6428,20,267,12269.3,15336.7,0.9092,ai_heavy
6429,21,267,11662.0,14577.5,0.8911,ai_heavy
6430,22,267,11246.4,14057.9,0.874,ai_heavy
6431,23,267,11654.5,14568.2,0.8584,ai_heavy
6432,0,268,11564.8,14456.0,0.8118,ai_heavy
6433,1,268,12115.8,15144.7,0.8172,ai_heavy
6434,2,268,11668.2,14585.2,0.8244,ai_heavy
6435,3,268,11616.3,14520.3,0.8335,ai_heavy
6436,4,268,11662.7,14578.4,0.8449,ai_heavy
6437,5,268,11808.7,14760.9,0.8584,ai_heavy
6438,6,268,11925.1,14906.4,0.874,ai_heavy
6439,7,268,11490.0,14362.5,0.8911,ai_heavy
6440,8,268,11413.5,14266.8,0.9092,ai_heavy
6441,9,268,12316.0,15395.0,0.9272,ai_heavy
6442,10,268,11284.9,14106.2,0.9441,ai_heavy
6443,11,268,12488.6,15610.7,0.9588,ai_heavy
6444,12,268,11246.6,14058.2,0.9703,ai_heavy
6445,13,268,11737.9,14672.3,0.9775,ai_heavy
6446,14,268,12301.7,15377.1,0.98,ai_heavy
6447,15,268,11947.5,14934.4,0.9775,ai_heavy
6448,16,268,11459.3,14324.1,0.9703,ai_heavy
6449,17,268,12056.0,15070.0,0.9588,ai_heavy
6450,18,268,11893.1,14866.4,0.9441,ai_heavy
6451,19,268,11753.0,14691.2,0.9272,ai_heavy
6452,20,268,11566.8,14458.5,0.9092,ai_heavy
6453,21,268,11733.1,14666.3,0.8911,ai_heavy
6454,22,268,11500.8,14376.0,0.874,ai_heavy
6455,23,268,12521.0,15651.2,0.8584,ai_heavy
6456,0,269,11476.4,14345.6,0.8118,ai_heavy
6457,1,269,11442.5,14303.2,0.8172,ai_heavy
6458,2,269,11400.7,14250.9,0.8244,ai_heavy
6459,3,269,12229.4,15286.7,0.8335,ai_heavy
6460,4,269,11064.8,13831.0,0.8449,ai_heavy
6461,5,269,11794.6,14743.2,0.8584,ai_heavy
6462,6,269,11621.1,14526.4,0.874,ai_heavy
6463,7,269,11243.7,14054.7,0.8911,ai_heavy
6464,8,269,11497.8,14372.3,0.9092,ai_heavy
6465,9,269,11942.1,14927.7,0.9272,ai_heavy
6466,10,269,11561.5,14451.8,0.9441,ai_heavy
6467,11,269,11996.4,14995.5,0.9588,ai_heavy
6468,12,269,12549.3,15686.7,0.9703,ai_heavy
6469,13,269,12008.5,15010.7,0.9775,ai_heavy
6470,14,269,11432.0,14290.0,0.98,ai_heavy
6471,15,269,11643.9,14554.9,0.9775,ai_heavy
6472,16,269,11828.3,14785.4,0.9703,ai_heavy
6473,17,269,11777.9,14722.4,0.9588,ai_heavy
6474,18,269,11923.4,14904.2,0.9441,ai_heavy
6475,19,269,11940.5,14925.7,0.9272,ai_heavy
6476,20,269,12399.4,15499.3,0.9092,ai_heavy
6477,21,269,11744.0,14679.9,0.8911,ai_heavy
6478,22,269,11300.6,14125.7,0.874,ai_heavy
6479,23,269,12072.6,15090.8,0.8584,ai_heavy
6480,0,270,11997.7,14997.1,0.8118,ai_heavy
6481,1,270,11653.0,14566.2,0.8172,ai_heavy
6482,2,270,11503.3,14379.2,0.8244,ai_heavy
6483,3,270,11827.3,14784.1,0.8335,ai_heavy
6484,4,270,11563.3,14454.2,0.8449,ai_heavy
6485,5,270,10949.1,13686.4,0.8584,ai_heavy
6486,6,270,11903.0,14878.8,0.874,ai_heavy
6487,7,270,12059.7,15074.6,0.8911,ai_heavy
6488,8,270,12297.1,15371.3,0.9092,ai_heavy
6489,9,270,11570.3,14462.9,0.9272,ai_heavy
6490,10,270,11949.8,14937.3,0.9441,ai_heavy
6491,11,270,11992.2,14990.2,0.9588,ai_heavy
6492,12,270,11961.0,14951.2,0.9703,ai_heavy
6493,13,270,11988.6,14985.7,0.9775,ai_heavy
6494,14,270,11966.5,14958.1,0.98,ai_heavy
6495,15,270,12023.3,15029.1,0.9775,ai_heavy
6496,16,270,12195.5,15244.4,0.9703,ai_heavy
6497,17,270,12339.5,15424.4,0.9588,ai_heavy
6498,18,270,11600.0,14499.9,0.9441,ai_heavy
6499,19,270,11768.5,14710.6,0.9272,ai_heavy
6500,20,270,11638.0,14547.5,0.9092,ai_heavy
6501,21,270,11545.9,14432.4,0.8911,ai_heavy
6502,22,270,11137.7,13922.1,0.874,ai_heavy
6503,23,270,11677.2,14596.5,0.8584,ai_heavy
6504,0,271,11717.5,14646.9,0.8083,ai_heavy
6505,1,271,11506.4,14383.0,0.812,ai_heavy
6506,2,271,11568.8,14461.0,0.8171,ai_heavy
6507,3,271,11732.4,14665.5,0.8235,ai_heavy
6508,4,271,12096.8,15121.0,0.8314,ai_heavy
6509,5,271,11481.3,14351.6,0.8409,ai_heavy
6510,6,271,11243.6,14054.5,0.8518,ai_heavy
6511,7,271,11649.6,14562.0,0.8638,ai_heavy
6512,8,271,12372.6,15465.7,0.8764,ai_heavy
6513,9,271,11331.5,14164.3,0.889,ai_heavy
6514,10,271,11997.6,14997.0,0.9009,ai_heavy
6515,11,271,12201.8,15252.3,0.9112,ai_heavy
6516,12,271,10972.7,13715.9,0.9192,ai_heavy
6517,13,271,11968.3,14960.3,0.9243,ai_heavy
6518,14,271,12040.9,15051.2,0.926,ai_heavy
6519,15,271,11728.0,14659.9,0.9243,ai_heavy
6520,16,271,11581.9,14477.3,0.9192,ai_heavy
6521,17,271,11583.2,14479.0,0.9112,ai_heavy
6522,18,271,11652.1,14565.1,0.9009,ai_heavy
6523,19,271,11633.9,14542.4,0.889,ai_heavy
6524,20,271,11538.4,14423.0,0.8764,ai_heavy
6525,21,271,11560.6,14450.7,0.8638,ai_heavy
6526,22,271,12069.5,15086.9,0.8518,ai_heavy
6527,23,271,11204.1,14005.1,0.8409,ai_heavy
6528,0,272,10945.3,13681.6,0.8083,ai_heavy
6529,1,272,11978.7,14973.4,0.812,ai_heavy
6530,2,272,11505.2,14381.6,0.8171,ai_heavy
6531,3,272,11452.0,14315.0,0.8235,ai_heavy
6532,4,272,11566.8,14458.5,0.8314,ai_heavy
6533,5,272,11700.7,14625.9,0.8409,ai_heavy
6534,6,272,11470.0,14337.5,0.8518,ai_heavy
6535,7,272,11858.6,14823.2,0.8638,ai_heavy
6536,8,272,11372.8,14216.0,0.8764,ai_heavy
6537,9,272,11634.0,14542.6,0.889,ai_heavy
6538,10,272,10986.2,13732.8,0.9009,ai_heavy
6539,11,272,12206.9,15258.6,0.9112,ai_heavy
6540,12,272,11748.5,14685.6,0.9192,ai_heavy
6541,13,272,12060.4,15075.6,0.9243,ai_heavy
6542,14,272,11995.9,14994.9,0.926,ai_heavy
6543,15,272,12017.8,15022.2,0.9243,ai_heavy
6544,16,272,11808.2,14760.2,0.9192,ai_heavy
6545,17,272,11929.5,14911.9,0.9112,ai_heavy
6546,18,272,11428.7,14285.9,0.9009,ai_heavy
6547,19,272,11327.8,14159.8,0.889,ai_heavy
6548,20,272,11675.3,14594.1,0.8764,ai_heavy
6549,21,272,11443.1,14303.8,0.8638,ai_heavy
6550,22,272,12151.5,15189.4,0.8518,ai_heavy
6551,23,272,11758.6,14698.2,0.8409,ai_heavy
6552,0,273,11311.2,14139.0,0.8118,ai_heavy
6553,1,273,11478.0,14347.5,0.8172,ai_heavy
6554,2,273,11635.2,14544.1,0.8244,ai_heavy
6555,3,273,11586.8,14483.5,0.8335,ai_heavy
6556,4,273,11731.9,14664.9,0.8449,ai_heavy
6557,5,273,11692.8,14616.0,0.8584,ai_heavy
6558,6,273,11216.8,14021.0,0.874,ai_heavy
6559,7,273,10987.4,13734.2,0.8911,ai_heavy
6560,8,273,11655.4,14569.2,0.9092,ai_heavy
6561,9,273,12028.6,15035.7,0.9272,ai_heavy
6562,10,273,11740.2,14675.3,0.9441,ai_heavy
6563,11,273,12345.3,15431.6,0.9588,ai_heavy
6564,12,273,11913.7,14892.1,0.9703,ai_heavy
6565,13,273,12433.8,15542.3,0.9775,ai_heavy
6566,14,273,12366.3,15457.8,0.98,ai_heavy
6567,15,273,12324.2,15405.2,0.9775,ai_heavy
6568,16,273,11499.7,14374.6,0.9703,ai_heavy
6569,17,273,11909.8,14887.3,0.9588,ai_heavy
6570,18,273,12304.7,15380.8,0.9441,ai_heavy
6571,19,273,11926.3,14907.9,0.9272,ai_heavy
6572,20,273,11983.5,14979.4,0.9092,ai_heavy
6573,21,273,11256.2,14070.3,0.8911,ai_heavy
6574,22,273,12379.0,15473.7,0.874,ai_heavy
6575,23,273,11391.7,14239.6,0.8584,ai_heavy
6576,0,274,10868.0,13585.0,0.8118,ai_heavy
6577,1,274,11450.4,14313.0,0.8172,ai_heavy
6578,2,274,10738.1,13422.6,0.8244,ai_heavy
6579,3,274,11232.5,14040.6,0.8335,ai_heavy
6580,4,274,12530.2,15662.8,0.8449,ai_heavy
6581,5,274,11535.7,14419.6,0.8584,ai_heavy
6582,6,274,11203.8,14004.7,0.874,ai_heavy
6583,7,274,11754.2,14692.7,0.8911,ai_heavy
6584,8,274,11470.0,14337.5,0.9092,ai_heavy
6585,9,274,12136.4,15170.6,0.9272,ai_heavy
6586,10,274,11552.5,14440.7,0.9441,ai_heavy
6587,11,274,12000.4,15000.5,0.9588,ai_heavy
6588,12,274,11519.9,14399.9,0.9703,ai_heavy
6589,13,274,12600.0,15750.0,0.9775,ai_heavy
6590,14,274,12133.8,15167.2,0.98,ai_heavy
6591,15,274,11895.2,14869.0,0.9775,ai_heavy
6592,16,274,11825.6,14782.0,0.9703,ai_heavy
6593,17,274,11706.0,14632.5,0.9588,ai_heavy
6594,18,274,11598.3,14497.9,0.9441,ai_heavy
6595,19,274,11549.8,14437.3,0.9272,ai_heavy
6596,20,274,12381.0,15476.2,0.9092,ai_heavy
6597,21,274,11550.6,14438.2,0.8911,ai_heavy
6598,22,274,10957.4,13696.8,0.874,ai_heavy
6599,23,274,11260.6,14075.7,0.8584,ai_heavy
6600,0,275,11881.4,14851.8,0.8118,ai_heavy
6601,1,275,11484.7,14355.9,0.8172,ai_heavy
6602,2,275,11542.4,14428.0,0.8244,ai_heavy
6603,3,275,12017.9,15022.4,0.8335,ai_heavy
6604,4,275,11365.7,14207.1,0.8449,ai_heavy
6605,5,275,11890.1,14862.7,0.8584,ai_heavy
6606,6,275,11470.6,14338.3,0.874,ai_heavy
6607,7,275,11948.2,14935.2,0.8911,ai_heavy
6608,8,275,11649.2,14561.4,0.9092,ai_heavy
6609,9,275,11743.9,14679.9,0.9272,ai_heavy
6610,10,275,12161.3,15201.6,0.9441,ai_heavy
6611,11,275,12170.8,15213.5,0.9588,ai_heavy
6612,12,275,11871.2,14839.0,0.9703,ai_heavy
6613,13,275,11778.4,14722.9,0.9775,ai_heavy
6614,14,275,12526.6,15658.3,0.98,ai_heavy
6615,15,275,12158.6,15198.3,0.9775,ai_heavy
6616,16,275,11790.4,14738.1,0.9703,ai_heavy
6617,17,275,11670.5,14588.1,0.9588,ai_heavy
6618,18,275,12234.2,15292.8,0.9441,ai_heavy
6619,19,275,11870.6,14838.2,0.9272,ai_heavy
6620,20,275,11729.6,14662.0,0.9092,ai_heavy
6621,21,275,11785.8,14732.2,0.8911,ai_heavy
6622,22,275,11823.8,14779.7,0.874,ai_heavy
6623,23,275,11648.9,14561.1,0.8584,ai_heavy
6624,0,276,11977.1,14971.4,0.8118,ai_heavy
6625,1,276,12009.5,15011.9,0.8172,ai_heavy
6626,2,276,11773.9,14717.4,0.8244,ai_heavy
6627,3,276,12089.3,15111.6,0.8335,ai_heavy
6628,4,276,11640.0,14550.0,0.8449,ai_heavy
6629,5,276,11910.4,14888.0,0.8584,ai_heavy
6630,6,276,12057.9,15072.4,0.874,ai_heavy
6631,7,276,12104.3,15130.4,0.8911,ai_heavy
6632,8,276,12111.4,15139.2,0.9092,ai_heavy
6633,9,276,12053.6,15067.1,0.9272,ai_heavy
6634,10,276,12566.2,15707.7,0.9441,ai_heavy
6635,11,276,11711.0,14638.7,0.9588,ai_heavy
6636,12,276,11874.9,14843.6,0.9703,ai_heavy
6637,13,276,11870.5,14838.1,0.9775,ai_heavy
6638,14,276,11821.2,14776.5,0.98,ai_heavy
6639,15,276,11234.6,14043.2,0.9775,ai_heavy
6640,16,276,12422.5,15528.2,0.9703,ai_heavy
6641,17,276,11537.3,14421.6,0.9588,ai_heavy
6642,18,276,11929.7,14912.2,0.9441,ai_heavy
6643,19,276,11325.0,14156.3,0.9272,ai_heavy
6644,20,276,12007.0,15008.7,0.9092,ai_heavy
6645,21,276,11468.5,14335.7,0.8911,ai_heavy
6646,22,276,11306.3,14132.8,0.874,ai_heavy
6647,23,276,11736.8,14671.0,0.8584,ai_heavy
6648,0,277,11316.7,14145.8,0.8118,ai_heavy
6649,1,277,11373.0,14216.2,0.8172,ai_heavy
6650,2,277,11648.7,14560.9,0.8244,ai_heavy
6651,3,277,11889.1,14861.4,0.8335,ai_heavy
6652,4,277,11351.3,14189.1,0.8449,ai_heavy
6653,5,277,11321.8,14152.2,0.8584,ai_heavy
6654,6,277,11713.4,14641.8,0.874,ai_heavy
6655,7,277,11935.3,14919.1,0.8911,ai_heavy
6656,8,277,12304.7,15380.9,0.9092,ai_heavy
6657,9,277,11449.4,14311.8,0.9272,ai_heavy
6658,10,277,11756.0,14695.1,0.9441,ai_heavy
6659,11,277,12323.6,15404.5,0.9588,ai_heavy
6660,12,277,12600.0,15750.0,0.9703,ai_heavy
6661,13,277,11591.4,14489.3,0.9775,ai_heavy
6662,14,277,11688.3,14610.3,0.98,ai_heavy
6663,15,277,12084.0,15105.0,0.9775,ai_heavy
6664,16,277,11723.7,14654.6,0.9703,ai_heavy
6665,17,277,11632.6,14540.7,0.9588,ai_heavy
6666,18,277,11956.3,14945.4,0.9441,ai_heavy
6667,19,277,12379.5,15474.4,0.9272,ai_heavy
6668,20,277,11324.4,14155.5,0.9092,ai_heavy
6669,21,277,12273.2,15341.5,0.8911,ai_heavy
6670,22,277,11503.3,14379.2,0.874,ai_heavy
6671,23,277,11789.8,14737.2,0.8584,ai_heavy
6672,0,278,12102.7,15128.3,0.8083,ai_heavy
6673,1,278,11673.0,14591.3,0.812,ai_heavy
6674,2,278,11468.6,14335.8,0.8171,ai_heavy
6675,3,278,11836.6,14795.7,0.8235,ai_heavy
6676,4,278,11545.2,14431.5,0.8314,ai_heavy
6677,5,278,11809.6,14762.0,0.8409,ai_heavy
6678,6,278,11581.7,14477.1,0.8518,ai_heavy
6679,7,278,11983.1,14978.8,0.8638,ai_heavy
6680,8,278,11221.0,14026.3,0.8764,ai_heavy
6681,9,278,11383.4,14229.2,0.889,ai_heavy
6682,10,278,11270.7,14088.3,0.9009,ai_heavy
6683,11,278,11772.2,14715.3,0.9112,ai_heavy
6684,12,278,11268.9,14086.2,0.9192,ai_heavy
6685,13,278,11577.4,14471.7,0.9243,ai_heavy
6686,14,278,11433.9,14292.4,0.926,ai_heavy
6687,15,278,12347.6,15434.5,0.9243,ai_heavy
6688,16,278,11459.9,14324.9,0.9192,ai_heavy
6689,17,278,11337.1,14171.3,0.9112,ai_heavy
6690,18,278,11855.8,14819.7,0.9009,ai_heavy
6691,19,278,12334.5,15418.1,0.889,ai_heavy
6692,20,278,11670.1,14587.6,0.8764,ai_heavy
6693,21,278,11667.7,14584.6,0.8638,ai_heavy
6694,22,278,12104.5,15130.6,0.8518,ai_heavy
6695,23,278,11934.1,14917.6,0.8409,ai_heavy
6696,0,279,11698.8,14623.5,0.8083,ai_heavy
6697,1,279,11358.2,14197.8,0.812,ai_heavy
6698,2,279,11730.2,14662.7,0.8171,ai_heavy
6699,3,279,11113.9,13892.4,0.8235,ai_heavy
6700,4,279,11388.4,14235.5,0.8314,ai_heavy
6701,5,279,12127.1,15158.8,0.8409,ai_heavy
6702,6,279,12108.4,15135.5,0.8518,ai_heavy
6703,7,279,11834.6,14793.2,0.8638,ai_heavy
6704,8,279,11033.0,13791.2,0.8764,ai_heavy
6705,9,279,11314.8,14143.5,0.889,ai_heavy
6706,10,279,11528.2,14410.3,0.9009,ai_heavy
6707,11,279,11731.5,14664.3,0.9112,ai_heavy
6708,12,279,11367.9,14209.8,0.9192,ai_heavy
6709,13,279,11735.4,14669.3,0.9243,ai_heavy
6710,14,279,12453.9,15567.4,0.926,ai_heavy
6711,15,279,11964.9,14956.2,0.9243,ai_heavy
6712,16,279,11888.4,14860.6,0.9192,ai_heavy
6713,17,279,11432.2,14290.3,0.9112,ai_heavy
6714,18,279,11189.5,13986.8,0.9009,ai_heavy
6715,19,279,11307.8,14134.7,0.889,ai_heavy
6716,20,279,11120.8,13901.0,0.8764,ai_heavy
6717,21,279,11707.6,14634.5,0.8638,ai_heavy
6718,22,279,11787.4,14734.3,0.8518,ai_heavy
6719,23,279,11291.0,14113.7,0.8409,ai_heavy
6720,0,280,11611.0,14513.7,0.8118,ai_heavy
6721,1,280,12082.3,15102.8,0.8172,ai_heavy
6722,2,280,12269.6,15337.0,0.8244,ai_heavy
6723,3,280,11878.8,14848.5,0.8335,ai_heavy
6724,4,280,11576.0,14470.0,0.8449,ai_heavy
6725,5,280,11927.1,14908.9,0.8584,ai_heavy
6726,6,280,12179.9,15224.8,0.874,ai_heavy
6727,7,280,11038.0,13797.5,0.8911,ai_heavy
6728,8,280,12311.6,15389.5,0.9092,ai_heavy
6729,9,280,11636.4,14545.5,0.9272,ai_heavy
6730,10,280,11678.8,14598.5,0.9441,ai_heavy
6731,11,280,11777.0,14721.2,0.9588,ai_heavy
6732,12,280,12045.0,15056.3,0.9703,ai_heavy
6733,13,280,11549.1,14436.4,0.9775,ai_heavy
6734,14,280,11851.1,14813.8,0.98,ai_heavy
6735,15,280,12135.7,15169.6,0.9775,ai_heavy
6736,16,280,12008.7,15010.8,0.9703,ai_heavy
6737,17,280,12039.7,15049.6,0.9588,ai_heavy
6738,18,280,11753.9,14692.4,0.9441,ai_heavy
6739,19,280,12075.8,15094.8,0.9272,ai_heavy
6740,20,280,12161.0,15201.3,0.9092,ai_heavy
6741,21,280,12096.4,15120.5,0.8911,ai_heavy
6742,22,280,11855.3,14819.1,0.874,ai_heavy
6743,23,280,11997.4,14996.8,0.8584,ai_heavy
6744,0,281,11861.8,14827.2,0.8118,ai_heavy
6745,1,281,12501.5,15626.9,0.8172,ai_heavy
6746,2,281,12012.5,15015.6,0.8244,ai_heavy
6747,3,281,11579.5,14474.4,0.8335,ai_heavy
6748,4,281,11318.8,14148.4,0.8449,ai_heavy
6749,5,281,11577.3,14471.7,0.8584,ai_heavy
6750,6,281,11588.7,14485.8,0.874,ai_heavy
6751,7,281,11925.5,14906.8,0.8911,ai_heavy
6752,8,281,11539.8,14424.8,0.9092,ai_heavy
6753,9,281,12252.7,15315.9,0.9272,ai_heavy
6754,10,281,11374.5,14218.1,0.9441,ai_heavy
6755,11,281,11320.7,14150.9,0.9588,ai_heavy
6756,12,281,11882.1,14852.6,0.9703,ai_heavy
6757,13,281,11645.4,14556.7,0.9775,ai_heavy
6758,14,281,11502.0,14377.5,0.98,ai_heavy
6759,15,281,11719.1,14648.8,0.9775,ai_heavy
6760,16,281,11657.9,14572.4,0.9703,ai_heavy
6761,17,281,11907.3,14884.2,0.9588,ai_heavy
6762,18,281,11648.3,14560.4,0.9441,ai_heavy
6763,19,281,11638.3,14547.9,0.9272,ai_heavy
6764,20,281,11785.8,14732.2,0.9092,ai_heavy
6765,21,281,12102.6,15128.3,0.8911,ai_heavy
6766,22,281,12221.6,15277.0,0.874,ai_heavy
6767,23,281,11720.5,14650.6,0.8584,ai_heavy
6768,0,282,11637.9,14547.4,0.8118,ai_heavy
6769,1,282,11508.7,14385.9,0.8172,ai_heavy
6770,2,282,11756.3,14695.4,0.8244,ai_heavy
6771,3,282,11746.4,14683.0,0.8335,ai_heavy
6772,4,282,12099.9,15124.9,0.8449,ai_heavy
6773,5,282,11007.6,13759.5,0.8584,ai_heavy
6774,6,282,11622.8,14528.5,0.874,ai_heavy
6775,7,282,11864.8,14831.0,0.8911,ai_heavy
6776,8,282,11778.2,14722.7,0.9092,ai_heavy
6777,9,282,11496.3,14370.4,0.9272,ai_heavy
6778,10,282,11406.6,14258.2,0.9441,ai_heavy
6779,11,282,12191.7,15239.6,0.9588,ai_heavy
6780,12,282,11659.5,14574.4,0.9703,ai_heavy
6781,13,282,11318.4,14148.0,0.9775,ai_heavy
6782,14,282,12260.4,15325.5,0.98,ai_heavy
6783,15,282,12111.9,15139.9,0.9775,ai_heavy
6784,16,282,11889.0,14861.2,0.9703,ai_heavy
6785,17,282,11577.1,14471.4,0.9588,ai_heavy
6786,18,282,11828.9,14786.1,0.9441,ai_heavy
6787,19,282,12261.0,15326.3,0.9272,ai_heavy
6788,20,282,11216.5,14020.6,0.9092,ai_heavy
6789,21,282,11194.2,13992.7,0.8911,ai_heavy
6790,22,282,11484.7,14355.9,0.874,ai_heavy
6791,23,282,11659.4,14574.3,0.8584,ai_heavy
6792,0,283,11387.6,14234.5,0.8118,ai_heavy
6793,1,283,11795.4,14744.3,0.8172,ai_heavy
6794,2,283,11967.6,14959.4,0.8244,ai_heavy
6795,3,283,11707.6,14634.4,0.8335,ai_heavy
6796,4,283,11832.7,14790.9,0.8449,ai_heavy
6797,5,283,11764.0,14705.0,0.8584,ai_heavy
6798,6,283,11708.5,14635.6,0.874,ai_heavy
6799,7,283,11289.5,14111.8,0.8911,ai_heavy
6800,8,283,11423.9,14279.9,0.9092,ai_heavy
6801,9,283,11350.2,14187.8,0.9272,ai_heavy
6802,10,283,11816.4,14770.5,0.9441,ai_heavy
6803,11,283,11986.7,14983.3,0.9588,ai_heavy
6804,12,283,11411.7,14264.7,0.9703,ai_heavy
6805,13,283,11973.4,14966.8,0.9775,ai_heavy
6806,14,283,11639.4,14549.2,0.98,ai_heavy
6807,15,283,11564.2,14455.2,0.9775,ai_heavy
6808,16,283,11706.6,14633.3,0.9703,ai_heavy
6809,17,283,11503.6,14379.5,0.9588,ai_heavy
6810,18,283,12085.3,15106.6,0.9441,ai_heavy
6811,19,283,11770.0,14712.5,0.9272,ai_heavy
6812,20,283,12075.8,15094.7,0.9092,ai_heavy
6813,21,283,11589.0,14486.2,0.8911,ai_heavy
6814,22,283,11562.7,14453.4,0.874,ai_heavy
6815,23,283,12324.5,15405.7,0.8584,ai_heavy
6816,0,284,10996.8,13746.0,0.8118,ai_heavy
6817,1,284,12018.2,15022.8,0.8172,ai_heavy
6818,2,284,12164.2,15205.3,0.8244,ai_heavy
6819,3,284,11877.2,14846.5,0.8335,ai_heavy
6820,4,284,11521.7,14402.1,0.8449,ai_heavy
6821,5,284,12168.2,15210.3,0.8584,ai_heavy
6822,6,284,11592.2,14490.2,0.874,ai_heavy
6823,7,284,11496.6,14370.7,0.8911,ai_heavy
6824,8,284,11650.2,14562.7,0.9092,ai_heavy
6825,9,284,11627.3,14534.1,0.9272,ai_heavy
6826,10,284,11532.2,14415.2,0.9441,ai_heavy
6827,11,284,12300.1,15375.1,0.9588,ai_heavy
6828,12,284,11653.6,14567.0,0.9703,ai_heavy
6829,13,284,11936.8,14921.0,0.9775,ai_heavy
6830,14,284,11435.5,14294.3,0.98,ai_heavy
6831,15,284,11958.4,14948.0,0.9775,ai_heavy
6832,16,284,11516.7,14395.9,0.9703,ai_heavy
6833,17,284,11482.1,14352.7,0.9588,ai_heavy
6834,18,284,11830.4,14787.9,0.9441,ai_heavy
6835,19,284,12204.7,15255.9,0.9272,ai_heavy
6836,20,284,11943.2,14929.0,0.9092,ai_heavy
6837,21,284,11924.7,14905.8,0.8911,ai_heavy
6838,22,284,11659.5,14574.4,0.874,ai_heavy
6839,23,284,11551.2,14439.1,0.8584,ai_heavy
6840,0,285,11825.5,14781.9,0.8083,ai_heavy
6841,1,285,11364.9,14206.1,0.812,ai_heavy
6842,2,285,11861.6,14827.0,0.8171,ai_heavy
6843,3,285,12016.5,15020.7,0.8235,ai_heavy
6844,4,285,11312.6,14140.7,0.8314,ai_heavy
6845,5,285,11385.5,14231.8,0.8409,ai_heavy
6846,6,285,11462.4,14328.0,0.8518,ai_heavy
6847,7,285,11167.2,13959.0,0.8638,ai_heavy
6848,8,285,11545.9,14432.4,0.8764,ai_heavy
6849,9,285,12198.7,15248.4,0.889,ai_heavy
6850,10,285,11399.0,14248.7,0.9009,ai_heavy
6851,11,285,12261.0,15326.3,0.9112,ai_heavy
6852,12,285,11657.3,14571.7,0.9192,ai_heavy
6853,13,285,12572.6,15715.7,0.9243,ai_heavy
6854,14,285,11584.9,14481.2,0.926,ai_heavy
6855,15,285,11771.7,14714.6,0.9243,ai_heavy
6856,16,285,11488.4,14360.5,0.9192,ai_heavy
6857,17,285,11548.9,14436.1,0.9112,ai_heavy
6858,18,285,12240.5,15300.7,0.9009,ai_heavy
6859,19,285,11907.5,14884.4,0.889,ai_heavy
6860,20,285,12072.3,15090.3,0.8764,ai_heavy
6861,21,285,11220.3,14025.3,0.8638,ai_heavy
6862,22,285,11882.1,14852.7,0.8518,ai_heavy
6863,23,285,11288.9,14111.1,0.8409,ai_heavy
6864,0,286,11087.9,13859.9,0.8083,ai_heavy
6865,1,286,11643.0,14553.8,0.812,ai_heavy
6866,2,286,11651.2,14564.1,0.8171,ai_heavy
6867,3,286,11605.5,14506.8,0.8235,ai_heavy
6868,4,286,11855.3,14819.2,0.8314,ai_heavy
6869,5,286,11932.4,14915.6,0.8409,ai_heavy
6870,6,286,12167.0,15208.8,0.8518,ai_heavy
6871,7,286,11264.1,14080.2,0.8638,ai_heavy
6872,8,286,12238.5,15298.2,0.8764,ai_heavy
6873,9,286,12403.3,15504.1,0.889,ai_heavy
6874,10,286,11638.8,14548.5,0.9009,ai_heavy
6875,11,286,11201.9,14002.4,0.9112,ai_heavy
6876,12,286,11320.7,14150.9,0.9192,ai_heavy
6877,13,286,11659.0,14573.7,0.9243,ai_heavy
6878,14,286,12541.5,15676.8,0.926,ai_heavy
6879,15,286,11828.8,14786.0,0.9243,ai_heavy
6880,16,286,11592.2,14490.3,0.9192,ai_heavy
6881,17,286,11549.7,14437.2,0.9112,ai_heavy
6882,18,286,11301.1,14126.4,0.9009,ai_heavy
6883,19,286,12048.4,15060.5,0.889,ai_heavy
6884,20,286,11678.5,14598.1,0.8764,ai_heavy
6885,21,286,12417.1,15521.4,0.8638,ai_heavy
6886,22,286,11872.8,14841.0,0.8518,ai_heavy
6887,23,286,11917.2,14896.5,0.8409,ai_heavy
6888,0,287,11475.7,14344.7,0.8118,ai_heavy
6889,1,287,11193.5,13991.9,0.8172,ai_heavy
6890,2,287,11285.3,14106.6,0.8244,ai_heavy
6891,3,287,11133.5,13916.9,0.8335,ai_heavy
6892,4,287,11954.9,14943.6,0.8449,ai_heavy
6893,5,287,11534.0,14417.5,0.8584,ai_heavy
6894,6,287,12039.6,15049.5,0.874,ai_heavy
6895,7,287,11793.2,14741.4,0.8911,ai_heavy
6896,8,287,11683.9,14604.9,0.9092,ai_heavy
6897,9,287,11414.6,14268.2,0.9272,ai_heavy
6898,10,287,11976.7,14970.8,0.9441,ai_heavy
6899,11,287,11825.6,14782.0,0.9588,ai_heavy
6900,12,287,12253.3,15316.7,0.9703,ai_heavy
6901,13,287,11691.0,14613.7,0.9775,ai_heavy
6902,14,287,12174.1,15217.7,0.98,ai_heavy
6903,15,287,12535.5,15669.4,0.9775,ai_heavy
6904,16,287,12028.0,15035.0,0.9703,ai_heavy
6905,17,287,12184.1,15230.2,0.9588,ai_heavy
6906,18,287,12072.9,15091.1,0.9441,ai_heavy
6907,19,287,12503.3,15629.1,0.9272,ai_heavy
6908,20,287,11918.9,14898.6,0.9092,ai_heavy
6909,21,287,11991.9,14989.9,0.8911,ai_heavy
6910,22,287,11692.4,14615.5,0.874,ai_heavy
6911,23,287,11397.7,14247.1,0.8584,ai_heavy
6912,0,288,11140.7,13925.9,0.8118,ai_heavy
6913,1,288,12012.1,15015.1,0.8172,ai_heavy
6914,2,288,11238.4,14048.0,0.8244,ai_heavy
6915,3,288,11870.3,14837.8,0.8335,ai_heavy
6916,4,288,11782.3,14727.8,0.8449,ai_heavy
6917,5,288,11990.0,14987.5,0.8584,ai_heavy
6918,6,288,11524.4,14405.5,0.874,ai_heavy
6919,7,288,11466.6,14333.3,0.8911,ai_heavy
6920,8,288,11921.3,14901.6,0.9092,ai_heavy
6921,9,288,11725.9,14657.4,0.9272,ai_heavy
6922,10,288,11430.9,14288.7,0.9441,ai_heavy
6923,11,288,12596.0,15745.0,0.9588,ai_heavy
6924,12,288,11647.2,14559.0,0.9703,ai_heavy
6925,13,288,11591.3,14489.1,0.9775,ai_heavy
6926,14,288,11866.4,14833.0,0.98,ai_heavy
6927,15,288,12396.4,15495.6,0.9775,ai_heavy
6928,16,288,11154.9,13943.7,0.9703,ai_heavy
6929,17,288,12321.5,15401.9,0.9588,ai_heavy
6930,18,288,11544.7,14430.9,0.9441,ai_heavy
6931,19,288,11923.5,14904.4,0.9272,ai_heavy
6932,20,288,11548.4,14435.5,0.9092,ai_heavy
6933,21,288,12447.1,15558.9,0.8911,ai_heavy
6934,22,288,11748.9,14686.2,0.874,ai_heavy
6935,23,288,11420.9,14276.1,0.8584,ai_heavy
6936,0,289,11455.3,14319.1,0.8118,ai_heavy
6937,1,289,11603.4,14504.3,0.8172,ai_heavy
6938,2,289,11650.8,14563.5,0.8244,ai_heavy
6939,3,289,11763.3,14704.1,0.8335,ai_heavy
6940,4,289,11636.5,14545.7,0.8449,ai_heavy
6941,5,289,11186.7,13983.3,0.8584,ai_heavy
6942,6,289,11585.7,14482.1,0.874,ai_heavy
6943,7,289,11959.0,14948.8,0.8911,ai_heavy
6944,8,289,11550.6,14438.2,0.9092,ai_heavy
6945,9,289,12068.4,15085.5,0.9272,ai_heavy
6946,10,289,11880.6,14850.7,0.9441,ai_heavy
6947,11,289,11826.0,14782.4,0.9588,ai_heavy
6948,12,289,12357.8,15447.3,0.9703,ai_heavy
6949,13,289,11324.4,14155.5,0.9775,ai_heavy
6950,14,289,11711.0,14638.8,0.98,ai_heavy
6951,15,289,12389.1,15486.4,0.9775,ai_heavy
6952,16,289,12585.4,15731.8,0.9703,ai_heavy
6953,17,289,12600.0,15750.0,0.9588,ai_heavy
6954,18,289,11887.2,14859.0,0.9441,ai_heavy
6955,19,289,11992.1,14990.2,0.9272,ai_heavy
6956,20,289,12076.5,15095.7,0.9092,ai_heavy
6957,21,289,12194.6,15243.2,0.8911,ai_heavy
6958,22,289,11815.1,14768.9,0.874,ai_heavy
6959,23,289,11993.0,14991.2,0.8584,ai_heavy
6960,0,290,11719.1,14648.9,0.8118,ai_heavy
6961,1,290,11753.6,14692.0,0.8172,ai_heavy
6962,2,290,11269.7,14087.1,0.8244,ai_heavy
6963,3,290,11495.8,14369.7,0.8335,ai_heavy
6964,4,290,11454.5,14318.2,0.8449,ai_heavy
6965,5,290,11252.6,14065.7,0.8584,ai_heavy
6966,6,290,11125.2,13906.5,0.874,ai_heavy
6967,7,290,11596.0,14495.0,0.8911,ai_heavy
6968,8,290,11694.2,14617.7,0.9092,ai_heavy
6969,9,290,11866.9,14833.6,0.9272,ai_heavy
6970,10,290,12067.2,15083.9,0.9441,ai_heavy
6971,11,290,11970.9,14963.6,0.9588,ai_heavy
6972,12,290,11838.5,14798.1,0.9703,ai_heavy
6973,13,290,11619.4,14524.2,0.9775,ai_heavy
6974,14,290,12267.7,15334.6,0.98,ai_heavy
6975,15,290,11910.9,14888.6,0.9775,ai_heavy
6976,16,290,11775.2,14719.0,0.9703,ai_heavy
6977,17,290,11837.1,14796.4,0.9588,ai_heavy
6978,18,290,11608.4,14510.4,0.9441,ai_heavy
6979,19,290,11641.3,14551.6,0.9272,ai_heavy
6980,20,290,11588.6,14485.7,0.9092,ai_heavy
6981,21,290,11644.0,14555.0,0.8911,ai_heavy
6982,22,290,11935.4,14919.3,0.874,ai_heavy
6983,23,290,11811.3,14764.1,0.8584,ai_heavy
6984,0,291,12096.1,15120.1,0.8118,ai_heavy
6985,1,291,11993.0,14991.2,0.8172,ai_heavy
6986,2,291,12269.2,15336.5,0.8244,ai_heavy
6987,3,291,11805.2,14756.5,0.8335,ai_heavy
6988,4,291,11826.6,14783.3,0.8449,ai_heavy
6989,5,291,11498.1,14372.6,0.8584,ai_heavy
6990,6,291,11995.2,14994.0,0.874,ai_heavy
6991,7,291,11514.1,14392.6,0.8911,ai_heavy
6992,8,291,11267.5,14084.4,0.9092,ai_heavy
6993,9,291,12371.3,15464.1,0.9272,ai_heavy
6994,10,291,11424.5,14280.6,0.9441,ai_heavy
6995,11,291,12060.4,15075.5,0.9588,ai_heavy
6996,12,291,11615.4,14519.2,0.9703,ai_heavy
6997,13,291,12351.2,15439.0,0.9775,ai_heavy
6998,14,291,12406.1,15507.6,0.98,ai_heavy
6999,15,291,12137.1,15171.3,0.9775,ai_heavy
7000,16,291,12376.5,15470.7,0.9703,ai_heavy
7001,17,291,11906.3,14882.9,0.9588,ai_heavy
7002,18,291,12600.0,15750.0,0.9441,ai_heavy
7003,19,291,12094.4,15118.1,0.9272,ai_heavy
7004,20,291,11469.0,14336.3,0.9092,ai_heavy
7005,21,291,11769.8,14712.2,0.8911,ai_heavy
7006,22,291,11651.6,14564.5,0.874,ai_heavy
7007,23,291,11581.1,14476.3,0.8584,ai_heavy
7008,0,292,10977.1,13721.4,0.8083,ai_heavy
7009,1,292,11694.4,14618.0,0.812,ai_heavy
7010,2,292,11090.8,13863.5,0.8171,ai_heavy
7011,3,292,10709.1,13386.3,0.8235,ai_heavy
7012,4,292,11485.7,14357.2,0.8314,ai_heavy
7013,5,292,11364.0,14205.1,0.8409,ai_heavy
7014,6,292,11352.0,14190.0,0.8518,ai_heavy
7015,7,292,10593.8,13242.3,0.8638,ai_heavy
7016,8,292,11411.9,14264.9,0.8764,ai_heavy
7017,9,292,11679.2,14599.0,0.889,ai_heavy
7018,10,292,11544.2,14430.3,0.9009,ai_heavy
7019,11,292,11929.2,14911.5,0.9112,ai_heavy
7020,12,292,12304.4,15380.5,0.9192,ai_heavy
7021,13,292,12005.9,15007.4,0.9243,ai_heavy
7022,14,292,12191.0,15238.8,0.926,ai_heavy
7023,15,292,12216.2,15270.2,0.9243,ai_heavy
7024,16,292,11449.9,14312.4,0.9192,ai_heavy
7025,17,292,11947.5,14934.4,0.9112,ai_heavy
7026,18,292,12119.4,15149.3,0.9009,ai_heavy
7027,19,292,11586.8,14483.5,0.889,ai_heavy
7028,20,292,11433.1,14291.3,0.8764,ai_heavy
7029,21,292,11867.2,14834.0,0.8638,ai_heavy
7030,22,292,11135.2,13919.1,0.8518,ai_heavy
7031,23,292,11248.2,14060.2,0.8409,ai_heavy
7032,0,293,11320.3,14150.4,0.8083,ai_heavy
7033,1,293,11716.4,14645.5,0.812,ai_heavy
7034,2,293,11647.9,14559.9,0.8171,ai_heavy
7035,3,293,11945.8,14932.2,0.8235,ai_heavy
7036,4,293,11284.6,14105.7,0.8314,ai_heavy
7037,5,293,11287.4,14109.3,0.8409,ai_heavy
7038,6,293,11836.4,14795.5,0.8518,ai_heavy
7039,7,293,11401.4,14251.8,0.8638,ai_heavy
7040,8,293,11498.8,14373.5,0.8764,ai_heavy
7041,9,293,11086.4,13858.0,0.889,ai_heavy
7042,10,293,11870.8,14838.5,0.9009,ai_heavy
7043,11,293,12337.5,15421.8,0.9112,ai_heavy
7044,12,293,11446.2,14307.8,0.9192,ai_heavy
7045,13,293,12185.2,15231.4,0.9243,ai_heavy
7046,14,293,11805.8,14757.2,0.926,ai_heavy
7047,15,293,11196.6,13995.8,0.9243,ai_heavy
7048,16,293,11493.9,14367.4,0.9192,ai_heavy
7049,17,293,11453.8,14317.3,0.9112,ai_heavy
7050,18,293,11656.3,14570.4,0.9009,ai_heavy
7051,19,293,11888.1,14860.1,0.889,ai_heavy
7052,20,293,12360.4,15450.5,0.8764,ai_heavy
7053,21,293,11179.8,13974.7,0.8638,ai_heavy
7054,22,293,11483.7,14354.7,0.8518,ai_heavy
7055,23,293,11315.2,14144.0,0.8409,ai_heavy
7056,0,294,11120.0,13900.0,0.8118,ai_heavy
7057,1,294,11605.4,14506.8,0.8172,ai_heavy
7058,2,294,11589.5,14486.9,0.8244,ai_heavy
7059,3,294,10978.7,13723.4,0.8335,ai_heavy
7060,4,294,11643.4,14554.2,0.8449,ai_heavy
7061,5,294,11246.8,14058.5,0.8584,ai_heavy
7062,6,294,11709.3,14636.6,0.874,ai_heavy
7063,7,294,12192.6,15240.7,0.8911,ai_heavy
7064,8,294,11951.2,14939.0,0.9092,ai_heavy
7065,9,294,11892.6,14865.8,0.9272,ai_heavy
7066,10,294,11681.0,14601.2,0.9441,ai_heavy
7067,11,294,11927.6,14909.5,0.9588,ai_heavy
7068,12,294,12132.0,15165.0,0.9703,ai_heavy
7069,13,294,12113.8,15142.2,0.9775,ai_heavy
7070,14,294,11917.6,14897.0,0.98,ai_heavy
7071,15,294,12025.3,15031.6,0.9775,ai_heavy
7072,16,294,11459.2,14324.0,0.9703,ai_heavy
7073,17,294,11641.5,14551.8,0.9588,ai_heavy
7074,18,294,12121.2,15151.5,0.9441,ai_heavy
7075,19,294,12128.5,15160.6,0.9272,ai_heavy
7076,20,294,11820.6,14775.7,0.9092,ai_heavy
7077,21,294,12266.4,15333.0,0.8911,ai_heavy
7078,22,294,11883.6,14854.4,0.874,ai_heavy
7079,23,294,11587.1,14483.9,0.8584,ai_heavy
7080,0,295,11136.7,13920.9,0.8118,ai_heavy
7081,1,295,12071.8,15089.7,0.8172,ai_heavy
7082,2,295,11856.8,14821.0,0.8244,ai_heavy
7083,3,295,12236.8,15296.0,0.8335,ai_heavy
7084,4,295,12393.5,15491.9,0.8449,ai_heavy
7085,5,295,11218.2,14022.8,0.8584,ai_heavy
7086,6,295,11254.2,14067.7,0.874,ai_heavy
7087,7,295,10736.4,13420.5,0.8911,ai_heavy
7088,8,295,12112.2,15140.3,0.9092,ai_heavy
7089,9,295,12062.6,15078.3,0.9272,ai_heavy
7090,10,295,11904.1,14880.1,0.9441,ai_heavy
7091,11,295,11465.8,14332.3,0.9588,ai_heavy
7092,12,295,11898.6,14873.2,0.9703,ai_heavy
7093,13,295,12013.6,15017.0,0.9775,ai_heavy
7094,14,295,12233.9,15292.4,0.98,ai_heavy
7095,15,295,12045.2,15056.5,0.9775,ai_heavy
7096,16,295,12168.0,15210.0,0.9703,ai_heavy
7097,17,295,11859.4,14824.2,0.9588,ai_heavy
7098,18,295,12290.0,15362.5,0.9441,ai_heavy
7099,19,295,12053.8,15067.3,0.9272,ai_heavy
7100,20,295,11367.7,14209.7,0.9092,ai_heavy
7101,21,295,12234.8,15293.5,0.8911,ai_heavy
7102,22,295,12135.5,15169.4,0.874,ai_heavy
7103,23,295,11831.7,14789.6,0.8584,ai_heavy
7104,0,296,11657.0,14571.3,0.8118,ai_heavy
7105,1,296,12148.1,15185.1,0.8172,ai_heavy
7106,2,296,11021.1,13776.4,0.8244,ai_heavy
7107,3,296,12042.8,15053.5,0.8335,ai_heavy
7108,4,296,11470.8,14338.5,0.8449,ai_heavy
7109,5,296,12052.1,15065.2,0.8584,ai_heavy
7110,6,296,11747.4,14684.3,0.874,ai_heavy
7111,7,296,11307.3,14134.1,0.8911,ai_heavy
7112,8,296,11611.9,14514.9,0.9092,ai_heavy
7113,9,296,12192.2,15240.3,0.9272,ai_heavy
7114,10,296,11794.4,14743.0,0.9441,ai_heavy
7115,11,296,11681.8,14602.2,0.9588,ai_heavy
7116,12,296,11705.6,14632.0,0.9703,ai_heavy
7117,13,296,12177.6,15222.0,0.9775,ai_heavy
7118,14,296,12581.0,15726.2,0.98,ai_heavy
7119,15,296,11180.1,13975.1,0.9775,ai_heavy
7120,16,296,12600.0,15750.0,0.9703,ai_heavy
7121,17,296,11976.5,14970.6,0.9588,ai_heavy
7122,18,296,12075.9,15094.8,0.9441,ai_heavy
7123,19,296,11674.8,14593.5,0.9272,ai_heavy
7124,20,296,11786.2,14732.8,0.9092,ai_heavy
7125,21,296,11813.1,14766.4,0.8911,ai_heavy
7126,22,296,11336.8,14171.0,0.874,ai_heavy
7127,23,296,11386.7,14233.4,0.8584,ai_heavy
7128,0,297,11970.5,14963.1,0.8118,ai_heavy
7129,1,297,11033.4,13791.7,0.8172,ai_heavy
7130,2,297,11742.3,14677.9,0.8244,ai_heavy
7131,3,297,11481.4,14351.8,0.8335,ai_heavy
7132,4,297,11301.6,14127.0,0.8449,ai_heavy
7133,5,297,12359.0,15448.8,0.8584,ai_heavy
7134,6,297,11370.0,14212.5,0.874,ai_heavy
7135,7,297,11347.1,14183.8,0.8911,ai_heavy
7136,8,297,11721.4,14651.7,0.9092,ai_heavy
7137,9,297,11556.9,14446.1,0.9272,ai_heavy
7138,10,297,11871.5,14839.4,0.9441,ai_heavy
7139,11,297,11959.2,14949.0,0.9588,ai_heavy
7140,12,297,12014.4,15018.0,0.9703,ai_heavy
7141,13,297,11903.0,14878.7,0.9775,ai_heavy
7142,14,297,11701.4,14626.8,0.98,ai_heavy
7143,15,297,12178.0,15222.5,0.9775,ai_heavy
7144,16,297,11890.5,14863.1,0.9703,ai_heavy
7145,17,297,11726.7,14658.4,0.9588,ai_heavy
7146,18,297,12396.3,15495.3,0.9441,ai_heavy
7147,19,297,11786.6,14733.2,0.9272,ai_heavy
7148,20,297,12173.6,15217.0,0.9092,ai_heavy
7149,21,297,12177.6,15221.9,0.8911,ai_heavy
7150,22,297,12157.3,15196.7,0.874,ai_heavy
7151,23,297,11910.7,14888.4,0.8584,ai_heavy
7152,0,298,11559.5,14449.3,0.8118,ai_heavy
7153,1,298,11550.0,14437.6,0.8172,ai_heavy
7154,2,298,11504.1,14380.2,0.8244,ai_heavy
7155,3,298,10855.7,13569.6,0.8335,ai_heavy
7156,4,298,11888.0,14860.0,0.8449,ai_heavy
7157,5,298,11754.3,14692.9,0.8584,ai_heavy
7158,6,298,11995.0,14993.8,0.874,ai_heavy
7159,7,298,11704.0,14630.1,0.8911,ai_heavy
7160,8,298,12022.6,15028.2,0.9092,ai_heavy
7161,9,298,11340.8,14176.0,0.9272,ai_heavy
7162,10,298,11452.9,14316.2,0.9441,ai_heavy
7163,11,298,11019.4,13774.3,0.9588,ai_heavy
7164,12,298,11882.4,14852.9,0.9703,ai_heavy
7165,13,298,11670.5,14588.1,0.9775,ai_heavy
7166,14,298,11629.3,14536.6,0.98,ai_heavy
7167,15,298,12067.3,15084.2,0.9775,ai_heavy
7168,16,298,11778.1,14722.7,0.9703,ai_heavy
7169,17,298,11391.9,14239.9,0.9588,ai_heavy
7170,18,298,12600.0,15750.0,0.9441,ai_heavy
7171,19,298,11816.5,14770.6,0.9272,ai_heavy
7172,20,298,11404.4,14255.5,0.9092,ai_heavy
7173,21,298,11509.2,14386.6,0.8911,ai_heavy
7174,22,298,11644.4,14555.5,0.874,ai_heavy
7175,23,298,11607.4,14509.2,0.8584,ai_heavy
7176,0,299,12002.6,15003.3,0.8083,ai_heavy
7177,1,299,11532.7,14415.8,0.812,ai_heavy
7178,2,299,12216.0,15269.9,0.8171,ai_heavy
7179,3,299,11436.6,14295.8,0.8235,ai_heavy
7180,4,299,11754.0,14692.5,0.8314,ai_heavy
7181,5,299,11984.2,14980.3,0.8409,ai_heavy
7182,6,299,12071.0,15088.8,0.8518,ai_heavy
7183,7,299,12141.0,15176.3,0.8638,ai_heavy
7184,8,299,11615.3,14519.1,0.8764,ai_heavy
7185,9,299,11738.4,14673.0,0.889,ai_heavy
7186,10,299,10892.7,13615.9,0.9009,ai_heavy
7187,11,299,11722.9,14653.6,0.9112,ai_heavy
7188,12,299,12197.6,15247.0,0.9192,ai_heavy
7189,13,299,12140.9,15176.1,0.9243,ai_heavy
7190,14,299,11796.2,14745.2,0.926,ai_heavy
7191,15,299,12425.4,15531.8,0.9243,ai_heavy
7192,16,299,11674.8,14593.6,0.9192,ai_heavy
7193,17,299,11538.8,14423.6,0.9112,ai_heavy
7194,18,299,11602.8,14503.5,0.9009,ai_heavy
7195,19,299,11345.0,14181.3,0.889,ai_heavy
7196,20,299,11929.5,14911.9,0.8764,ai_heavy
7197,21,299,11782.4,14728.0,0.8638,ai_heavy
7198,22,299,11866.5,14833.1,0.8518,ai_heavy
7199,23,299,11483.2,14354.0,0.8409,ai_heavy
7200,0,300,11531.3,14414.1,0.8083,ai_heavy
7201,1,300,10804.7,13505.9,0.812,ai_heavy
7202,2,300,11702.5,14628.1,0.8171,ai_heavy
7203,3,300,11621.3,14526.6,0.8235,ai_heavy
7204,4,300,11222.4,14027.9,0.8314,ai_heavy
7205,5,300,11591.2,14489.0,0.8409,ai_heavy
7206,6,300,11563.1,14453.8,0.8518,ai_heavy
7207,7,300,12299.6,15374.5,0.8638,ai_heavy
7208,8,300,11338.0,14172.5,0.8764,ai_heavy
7209,9,300,11857.1,14821.3,0.889,ai_heavy
7210,10,300,11383.0,14228.8,0.9009,ai_heavy
7211,11,300,11594.8,14493.5,0.9112,ai_heavy
7212,12,300,11909.0,14886.2,0.9192,ai_heavy
7213,13,300,11747.8,14684.8,0.9243,ai_heavy
7214,14,300,11824.7,14780.9,0.926,ai_heavy
7215,15,300,11940.8,14926.0,0.9243,ai_heavy
7216,16,300,11636.0,14545.0,0.9192,ai_heavy
7217,17,300,12105.0,15131.2,0.9112,ai_heavy
7218,18,300,11660.2,14575.3,0.9009,ai_heavy
7219,19,300,11706.0,14632.5,0.889,ai_heavy
7220,20,300,11837.8,14797.2,0.8764,ai_heavy
7221,21,300,11760.8,14701.0,0.8638,ai_heavy
7222,22,300,11878.4,14848.0,0.8518,ai_heavy
7223,23,300,11738.3,14672.9,0.8409,ai_heavy
7224,0,301,11722.3,14652.9,0.8118,ai_heavy
7225,1,301,11459.3,14324.2,0.8172,ai_heavy
7226,2,301,11217.4,14021.8,0.8244,ai_heavy
7227,3,301,11113.2,13891.5,0.8335,ai_heavy
7228,4,301,11053.8,13817.2,0.8449,ai_heavy
7229,5,301,12285.8,15357.3,0.8584,ai_heavy
7230,6,301,10928.1,13660.2,0.874,ai_heavy
7231,7,301,12165.9,15207.4,0.8911,ai_heavy
7232,8,301,11497.2,14371.5,0.9092,ai_heavy
7233,9,301,12250.7,15313.4,0.9272,ai_heavy
7234,10,301,11085.0,13856.2,0.9441,ai_heavy
7235,11,301,11819.8,14774.7,0.9588,ai_heavy
7236,12,301,12450.9,15563.6,0.9703,ai_heavy
7237,13,301,12203.0,15253.8,0.9775,ai_heavy
7238,14,301,11832.3,14790.3,0.98,ai_heavy
7239,15,301,11251.0,14063.7,0.9775,ai_heavy
7240,16,301,11457.1,14321.4,0.9703,ai_heavy
7241,17,301,12399.8,15499.7,0.9588,ai_heavy
7242,18,301,11745.3,14681.6,0.9441,ai_heavy
7243,19,301,11804.2,14755.2,0.9272,ai_heavy
7244,20,301,11887.7,14859.7,0.9092,ai_heavy
7245,21,301,11286.2,14107.8,0.8911,ai_heavy
7246,22,301,11848.2,14810.2,0.874,ai_heavy
7247,23,301,11521.9,14402.3,0.8584,ai_heavy
7248,0,302,11661.5,14576.9,0.8118,ai_heavy
7249,1,302,11371.6,14214.5,0.8172,ai_heavy
7250,2,302,11042.1,13802.6,0.8244,ai_heavy
7251,3,302,11461.6,14327.0,0.8335,ai_heavy
7252,4,302,11860.7,14825.9,0.8449,ai_heavy
7253,5,302,11806.7,14758.4,0.8584,ai_heavy
7254,6,302,11716.0,14645.0,0.874,ai_heavy
7255,7,302,12061.7,15077.2,0.8911,ai_heavy
7256,8,302,11715.5,14644.3,0.9092,ai_heavy
7257,9,302,11849.6,14812.0,0.9272,ai_heavy
7258,10,302,11698.4,14623.0,0.9441,ai_heavy
7259,11,302,12245.3,15306.7,0.9588,ai_heavy
7260,12,302,12034.8,15043.5,0.9703,ai_heavy
7261,13,302,11747.8,14684.7,0.9775,ai_heavy
7262,14,302,11419.2,14274.0,0.98,ai_heavy
7263,15,302,12343.4,15429.3,0.9775,ai_heavy
7264,16,302,11664.1,14580.2,0.9703,ai_heavy
7265,17,302,11929.4,14911.8,0.9588,ai_heavy
7266,18,302,12600.0,15750.0,0.9441,ai_heavy
7267,19,302,12114.1,15142.6,0.9272,ai_heavy
7268,20,302,12357.2,15446.5,0.9092,ai_heavy
7269,21,302,11555.7,14444.6,0.8911,ai_heavy
7270,22,302,12081.2,15101.5,0.874,ai_heavy
7271,23,302,11678.1,14597.6,0.8584,ai_heavy
7272,0,303,11686.6,14608.3,0.8118,ai_heavy
7273,1,303,12273.9,15342.3,0.8172,ai_heavy
7274,2,303,11492.1,14365.2,0.8244,ai_heavy
7275,3,303,11617.2,14521.5,0.8335,ai_heavy
7276,4,303,11321.7,14152.1,0.8449,ai_heavy
7277,5,303,11979.8,14974.7,0.8584,ai_heavy
7278,6,303,11508.3,14385.4,0.874,ai_heavy
7279,7,303,12105.6,15132.0,0.8911,ai_heavy
7280,8,303,11204.0,14005.0,0.9092,ai_heavy
7281,9,303,12024.3,15030.4,0.9272,ai_heavy
7282,10,303,11640.1,14550.1,0.9441,ai_heavy
7283,11,303,12164.6,15205.7,0.9588,ai_heavy
7284,12,303,11925.6,14907.0,0.9703,ai_heavy
7285,13,303,11755.5,14694.4,0.9775,ai_heavy
7286,14,303,11814.6,14768.2,0.98,ai_heavy
7287,15,303,11642.6,14553.2,0.9775,ai_heavy
7288,16,303,12230.3,15287.9,0.9703,ai_heavy
7289,17,303,11529.2,14411.5,0.9588,ai_heavy
7290,18,303,11774.2,14717.7,0.9441,ai_heavy
7291,19,303,11952.2,14940.2,0.9272,ai_heavy
7292,20,303,12358.0,15447.6,0.9092,ai_heavy
7293,21,303,11742.0,14677.5,0.8911,ai_heavy
7294,22,303,11620.0,14525.0,0.874,ai_heavy
7295,23,303,11764.5,14705.7,0.8584,ai_heavy
7296,0,304,10840.6,13550.8,0.8118,ai_heavy
7297,1,304,11156.1,13945.2,0.8172,ai_heavy
7298,2,304,11458.5,14323.1,0.8244,ai_heavy
7299,3,304,11362.1,14202.7,0.8335,ai_heavy
7300,4,304,11078.2,13847.7,0.8449,ai_heavy
7301,5,304,11969.0,14961.3,0.8584,ai_heavy
7302,6,304,11796.4,14745.5,0.874,ai_heavy
7303,7,304,11794.7,14743.4,0.8911,ai_heavy
7304,8,304,11542.1,14427.6,0.9092,ai_heavy
7305,9,304,11857.8,14822.3,0.9272,ai_heavy
7306,10,304,12052.5,15065.6,0.9441,ai_heavy
7307,11,304,11809.1,14761.4,0.9588,ai_heavy
7308,12,304,12089.6,15111.9,0.9703,ai_heavy
7309,13,304,11662.1,14577.6,0.9775,ai_heavy
7310,14,304,11988.2,14985.2,0.98,ai_heavy
7311,15,304,12356.9,15446.1,0.9775,ai_heavy
7312,16,304,12371.4,15464.2,0.9703,ai_heavy
7313,17,304,12377.8,15472.3,0.9588,ai_heavy
7314,18,304,11971.0,14963.7,0.9441,ai_heavy
7315,19,304,11840.9,14801.1,0.9272,ai_heavy
7316,20,304,11628.8,14536.0,0.9092,ai_heavy
7317,21,304,11108.4,13885.5,0.8911,ai_heavy
7318,22,304,11232.9,14041.1,0.874,ai_heavy
7319,23,304,11609.9,14512.4,0.8584,ai_heavy
7320,0,305,11522.1,14402.7,0.8118,ai_heavy
7321,1,305,12062.6,15078.2,0.8172,ai_heavy
7322,2,305,12046.1,15057.6,0.8244,ai_heavy
7323,3,305,11371.3,14214.2,0.8335,ai_heavy
7324,4,305,11922.7,14903.4,0.8449,ai_heavy
7325,5,305,11501.7,14377.2,0.8584,ai_heavy
7326,6,305,11944.9,14931.1,0.874,ai_heavy
7327,7,305,12029.3,15036.6,0.8911,ai_heavy
7328,8,305,12226.7,15283.4,0.9092,ai_heavy
7329,9,305,11654.8,14568.5,0.9272,ai_heavy
7330,10,305,12230.4,15288.1,0.9441,ai_heavy
7331,11,305,11234.9,14043.6,0.9588,ai_heavy
7332,12,305,12394.4,15493.0,0.9703,ai_heavy
7333,13,305,11938.4,14923.0,0.9775,ai_heavy
7334,14,305,11951.9,14939.8,0.98,ai_heavy
7335,15,305,11217.1,14021.4,0.9775,ai_heavy
7336,16,305,11791.3,14739.2,0.9703,ai_heavy
7337,17,305,12387.8,15484.7,0.9588,ai_heavy
7338,18,305,11717.3,14646.7,0.9441,ai_heavy
7339,19,305,12082.8,15103.6,0.9272,ai_heavy
7340,20,305,11799.7,14749.6,0.9092,ai_heavy
7341,21,305,12119.7,15149.6,0.8911,ai_heavy
7342,22,305,11772.4,14715.5,0.874,ai_heavy
7343,23,305,11342.6,14178.2,0.8584,ai_heavy
7344,0,306,11570.9,14463.7,0.8083,ai_heavy
7345,1,306,12115.5,15144.4,0.812,ai_heavy
7346,2,306,11744.7,14680.8,0.8171,ai_heavy
7347,3,306,11546.4,14433.1,0.8235,ai_heavy
7348,4,306,12390.9,15488.6,0.8314,ai_heavy
7349,5,306,12032.1,15040.1,0.8409,ai_heavy
7350,6,306,11938.7,14923.4,0.8518,ai_heavy
7351,7,306,11792.5,14740.6,0.8638,ai_heavy
7352,8,306,11967.4,14959.2,0.8764,ai_heavy
7353,9,306,12009.0,15011.2,0.889,ai_heavy
7354,10,306,10997.5,13746.8,0.9009,ai_heavy
7355,11,306,11931.9,14914.9,0.9112,ai_heavy
7356,12,306,11753.9,14692.4,0.9192,ai_heavy
7357,13,306,11645.5,14556.9,0.9243,ai_heavy
7358,14,306,11757.5,14696.9,0.926,ai_heavy
7359,15,306,11270.9,14088.7,0.9243,ai_heavy
7360,16,306,11171.5,13964.4,0.9192,ai_heavy
7361,17,306,12233.2,15291.5,0.9112,ai_heavy
7362,18,306,11931.3,14914.1,0.9009,ai_heavy
7363,19,306,10890.5,13613.1,0.889,ai_heavy
7364,20,306,11508.3,14385.4,0.8764,ai_heavy
7365,21,306,11989.9,14987.3,0.8638,ai_heavy
7366,22,306,11555.3,14444.2,0.8518,ai_heavy
7367,23,306,12062.0,15077.5,0.8409,ai_heavy
7368,0,307,11915.2,14894.0,0.8083,ai_heavy
7369,1,307,11089.7,13862.1,0.812,ai_heavy
7370,2,307,11522.1,14402.7,0.8171,ai_heavy
7371,3,307,11431.2,14289.0,0.8235,ai_heavy
7372,4,307,11121.8,13902.3,0.8314,ai_heavy
7373,5,307,11120.4,13900.5,0.8409,ai_heavy
7374,6,307,11371.4,14214.3,0.8518,ai_heavy
7375,7,307,11456.7,14320.9,0.8638,ai_heavy
7376,8,307,11810.3,14762.9,0.8764,ai_heavy
7377,9,307,12108.1,15135.2,0.889,ai_heavy
7378,10,307,11949.4,14936.8,0.9009,ai_heavy
7379,11,307,12057.7,15072.1,0.9112,ai_heavy
7380,12,307,11716.4,14645.5,0.9192,ai_heavy
7381,13,307,12036.6,15045.8,0.9243,ai_heavy
7382,14,307,11774.2,14717.7,0.926,ai_heavy
7383,15,307,11666.2,14582.7,0.9243,ai_heavy
7384,16,307,12483.1,15603.9,0.9192,ai_heavy
7385,17,307,10967.8,13709.7,0.9112,ai_heavy
7386,18,307,11106.7,13883.4,0.9009,ai_heavy
7387,19,307,11875.1,14843.9,0.889,ai_heavy
7388,20,307,11617.7,14522.2,0.8764,ai_heavy
7389,21,307,11177.7,13972.1,0.8638,ai_heavy
7390,22,307,11284.5,14105.7,0.8518,ai_heavy
7391,23,307,11305.3,14131.6,0.8409,ai_heavy
7392,0,308,11869.1,14836.4,0.8118,ai_heavy
7393,1,308,11993.2,14991.5,0.8172,ai_heavy
7394,2,308,12159.0,15198.8,0.8244,ai_heavy
7395,3,308,11057.0,13821.2,0.8335,ai_heavy
7396,4,308,11159.7,13949.7,0.8449,ai_heavy
7397,5,308,11166.2,13957.7,0.8584,ai_heavy
7398,6,308,12157.7,15197.2,0.874,ai_heavy
7399,7,308,11892.3,14865.4,0.8911,ai_heavy
7400,8,308,11815.8,14769.8,0.9092,ai_heavy
7401,9,308,11911.1,14888.9,0.9272,ai_heavy
7402,10,308,11849.1,14811.3,0.9441,ai_heavy
7403,11,308,11503.3,14379.2,0.9588,ai_heavy
7404,12,308,12114.1,15142.6,0.9703,ai_heavy
7405,13,308,11880.7,14850.8,0.9775,ai_heavy
7406,14,308,11522.8,14403.5,0.98,ai_heavy
7407,15,308,12153.2,15191.5,0.9775,ai_heavy
7408,16,308,11778.0,14722.6,0.9703,ai_heavy
7409,17,308,11984.9,14981.2,0.9588,ai_heavy
7410,18,308,11824.8,14781.0,0.9441,ai_heavy
7411,19,308,12146.0,15182.5,0.9272,ai_heavy
7412,20,308,11865.3,14831.7,0.9092,ai_heavy
7413,21,308,11433.9,14292.4,0.8911,ai_heavy
7414,22,308,11818.2,14772.8,0.874,ai_heavy
7415,23,308,11792.9,14741.1,0.8584,ai_heavy
7416,0,309,11737.0,14671.3,0.8118,ai_heavy
7417,1,309,11931.9,14914.9,0.8172,ai_heavy
7418,2,309,11374.8,14218.6,0.8244,ai_heavy
7419,3,309,11843.1,14803.9,0.8335,ai_heavy
7420,4,309,11034.9,13793.6,0.8449,ai_heavy
7421,5,309,11626.7,14533.4,0.8584,ai_heavy
7422,6,309,11608.7,14510.9,0.874,ai_heavy
7423,7,309,12255.4,15319.3,0.8911,ai_heavy
7424,8,309,11732.2,14665.2,0.9092,ai_heavy
7425,9,309,12045.4,15056.8,0.9272,ai_heavy
7426,10,309,11241.9,14052.4,0.9441,ai_heavy
7427,11,309,11778.1,14722.6,0.9588,ai_heavy
7428,12,309,11627.5,14534.4,0.9703,ai_heavy
7429,13,309,12600.0,15750.0,0.9775,ai_heavy
7430,14,309,11714.1,14642.6,0.98,ai_heavy
7431,15,309,11973.7,14967.1,0.9775,ai_heavy
7432,16,309,11975.7,14969.7,0.9703,ai_heavy
7433,17,309,11336.1,14170.1,0.9588,ai_heavy
7434,18,309,11682.0,14602.5,0.9441,ai_heavy
7435,19,309,11973.3,14966.6,0.9272,ai_heavy
7436,20,309,11817.8,14772.2,0.9092,ai_heavy
7437,21,309,10934.7,13668.4,0.8911,ai_heavy
7438,22,309,11506.1,14382.6,0.874,ai_heavy
7439,23,309,12026.1,15032.6,0.8584,ai_heavy
7440,0,310,11763.7,14704.6,0.8118,ai_heavy
7441,1,310,11995.1,14993.9,0.8172,ai_heavy
7442,2,310,11246.3,14057.9,0.8244,ai_heavy
7443,3,310,12056.6,15070.8,0.8335,ai_heavy
7444,4,310,11621.5,14526.9,0.8449,ai_heavy
7445,5,310,12226.1,15282.7,0.8584,ai_heavy
7446,6,310,11706.3,14632.9,0.874,ai_heavy
7447,7,310,11023.8,13779.8,0.8911,ai_heavy
7448,8,310,12087.8,15109.7,0.9092,ai_heavy
7449,9,310,11672.2,14590.3,0.9272,ai_heavy
7450,10,310,11735.3,14669.1,0.9441,ai_heavy
7451,11,310,11384.8,14231.0,0.9588,ai_heavy
7452,12,310,12511.0,15638.8,0.9703,ai_heavy
7453,13,310,11760.6,14700.8,0.9775,ai_heavy
7454,14,310,12518.0,15647.5,0.98,ai_heavy
7455,15,310,11792.8,14741.0,0.9775,ai_heavy
7456,16,310,11598.4,14498.0,0.9703,ai_heavy
7457,17,310,12374.9,15468.7,0.9588,ai_heavy
7458,18,310,11843.2,14803.9,0.9441,ai_heavy
7459,19,310,11807.1,14758.8,0.9272,ai_heavy
7460,20,310,11334.3,14167.8,0.9092,ai_heavy
7461,21,310,11584.0,14480.0,0.8911,ai_heavy
7462,22,310,11855.7,14819.6,0.874,ai_heavy
7463,23,310,11213.9,14017.4,0.8584,ai_heavy
7464,0,311,11372.7,14215.9,0.8118,ai_heavy
7465,1,311,11426.3,14282.9,0.8172,ai_heavy
7466,2,311,11612.1,14515.1,0.8244,ai_heavy
7467,3,311,12125.8,15157.3,0.8335,ai_heavy
7468,4,311,11532.3,14415.4,0.8449,ai_heavy
7469,5,311,11427.0,14283.8,0.8584,ai_heavy
7470,6,311,12600.0,15750.0,0.874,ai_heavy
7471,7,311,11592.6,14490.8,0.8911,ai_heavy
7472,8,311,11720.0,14650.1,0.9092,ai_heavy
7473,9,311,11702.6,14628.3,0.9272,ai_heavy
7474,10,311,11770.7,14713.4,0.9441,ai_heavy
7475,11,311,11931.5,14914.3,0.9588,ai_heavy
7476,12,311,12260.0,15325.0,0.9703,ai_heavy
7477,13,311,12092.2,15115.2,0.9775,ai_heavy
7478,14,311,12339.4,15424.3,0.98,ai_heavy
7479,15,311,12321.6,15402.0,0.9775,ai_heavy
7480,16,311,12005.1,15006.4,0.9703,ai_heavy
7481,17,311,12038.1,15047.6,0.9588,ai_heavy
7482,18,311,12264.1,15330.1,0.9441,ai_heavy
7483,19,311,11435.3,14294.1,0.9272,ai_heavy
7484,20,311,12600.0,15750.0,0.9092,ai_heavy
7485,21,311,11564.7,14455.8,0.8911,ai_heavy
7486,22,311,11581.9,14477.4,0.874,ai_heavy
7487,23,311,11244.5,14055.6,0.8584,ai_heavy
7488,0,312,11149.7,13937.2,0.8118,ai_heavy
7489,1,312,11910.4,14888.0,0.8172,ai_heavy
7490,2,312,12378.3,15472.9,0.8244,ai_heavy
7491,3,312,11412.9,14266.1,0.8335,ai_heavy
7492,4,312,11758.3,14697.8,0.8449,ai_heavy
7493,5,312,11745.8,14682.3,0.8584,ai_heavy
7494,6,312,12056.4,15070.5,0.874,ai_heavy
7495,7,312,12527.1,15658.8,0.8911,ai_heavy
7496,8,312,12325.3,15406.7,0.9092,ai_heavy
7497,9,312,11744.9,14681.2,0.9272,ai_heavy
7498,10,312,12057.6,15071.9,0.9441,ai_heavy
7499,11,312,12128.0,15160.0,0.9588,ai_heavy
7500,12,312,11923.2,14904.1,0.9703,ai_heavy
7501,13,312,11554.6,14443.2,0.9775,ai_heavy
7502,14,312,11666.8,14583.5,0.98,ai_heavy
7503,15,312,12358.9,15448.6,0.9775,ai_heavy
7504,16,312,12378.3,15472.9,0.9703,ai_heavy
7505,17,312,11829.6,14787.0,0.9588,ai_heavy
7506,18,312,11962.2,14952.8,0.9441,ai_heavy
7507,19,312,12254.5,15318.2,0.9272,ai_heavy
7508,20,312,11184.8,13981.0,0.9092,ai_heavy
7509,21,312,11588.0,14485.0,0.8911,ai_heavy
7510,22,312,12413.7,15517.2,0.874,ai_heavy
7511,23,312,11773.5,14716.9,0.8584,ai_heavy
7512,0,313,11160.1,13950.1,0.8083,ai_heavy
7513,1,313,11600.9,14501.1,0.812,ai_heavy
7514,2,313,11926.5,14908.1,0.8171,ai_heavy
7515,3,313,10701.7,13377.2,0.8235,ai_heavy
7516,4,313,11666.9,14583.6,0.8314,ai_heavy
7517,5,313,11497.8,14372.3,0.8409,ai_heavy
7518,6,313,11079.2,13849.0,0.8518,ai_heavy
7519,7,313,11710.0,14637.5,0.8638,ai_heavy
7520,8,313,11662.9,14578.6,0.8764,ai_heavy
7521,9,313,11731.9,14664.8,0.889,ai_heavy
7522,10,313,11645.1,14556.4,0.9009,ai_heavy
7523,11,313,11430.9,14288.6,0.9112,ai_heavy
7524,12,313,11295.4,14119.3,0.9192,ai_heavy
7525,13,313,11577.8,14472.2,0.9243,ai_heavy
7526,14,313,12131.7,15164.6,0.926,ai_heavy
7527,15,313,11905.4,14881.8,0.9243,ai_heavy
7528,16,313,11786.4,14733.0,0.9192,ai_heavy
7529,17,313,11424.4,14280.5,0.9112,ai_heavy
7530,18,313,11636.1,14545.1,0.9009,ai_heavy
7531,19,313,12000.0,15000.0,0.889,ai_heavy
7532,20,313,11888.2,14860.2,0.8764,ai_heavy
7533,21,313,11514.1,14392.6,0.8638,ai_heavy
7534,22,313,10740.3,13425.3,0.8518,ai_heavy
7535,23,313,11392.3,14240.4,0.8409,ai_heavy
7536,0,314,11384.1,14230.1,0.8083,ai_heavy
7537,1,314,11245.6,14057.0,0.812,ai_heavy
7538,2,314,11428.5,14285.6,0.8171,ai_heavy
7539,3,314,11870.8,14838.4,0.8235,ai_heavy
7540,4,314,11592.5,14490.7,0.8314,ai_heavy
7541,5,314,11973.0,14966.2,0.8409,ai_heavy
7542,6,314,11125.9,13907.4,0.8518,ai_heavy
7543,7,314,11574.4,14468.0,0.8638,ai_heavy
7544,8,314,11029.6,13787.0,0.8764,ai_heavy
7545,9,314,11590.1,14487.6,0.889,ai_heavy
7546,10,314,11398.9,14248.7,0.9009,ai_heavy
7547,11,314,12245.5,15306.8,0.9112,ai_heavy
7548,12,314,11956.1,14945.1,0.9192,ai_heavy
7549,13,314,12182.7,15228.4,0.9243,ai_heavy
7550,14,314,11674.5,14593.1,0.926,ai_heavy
7551,15,314,11461.1,14326.4,0.9243,ai_heavy
7552,16,314,11438.3,14297.9,0.9192,ai_heavy
7553,17,314,11886.1,14857.6,0.9112,ai_heavy
7554,18,314,12407.2,15508.9,0.9009,ai_heavy
7555,19,314,11885.6,14857.0,0.889,ai_heavy
7556,20,314,11579.2,14474.0,0.8764,ai_heavy
7557,21,314,11615.1,14518.9,0.8638,ai_heavy
7558,22,314,11642.3,14552.8,0.8518,ai_heavy
7559,23,314,12334.7,15418.3,0.8409,ai_heavy
7560,0,315,11987.5,14984.4,0.8118,ai_heavy
7561,1,315,11662.5,14578.2,0.8172,ai_heavy
7562,2,315,11627.2,14533.9,0.8244,ai_heavy
7563,3,315,11714.7,14643.4,0.8335,ai_heavy
7564,4,315,11809.6,14762.0,0.8449,ai_heavy
7565,5,315,11524.1,14405.1,0.8584,ai_heavy
7566,6,315,11408.8,14260.9,0.874,ai_heavy
7567,7,315,12109.0,15136.2,0.8911,ai_heavy
7568,8,315,11795.2,14744.1,0.9092,ai_heavy
7569,9,315,12166.3,15207.9,0.9272,ai_heavy
7570,10,315,12455.4,15569.3,0.9441,ai_heavy
7571,11,315,12089.6,15112.0,0.9588,ai_heavy
7572,12,315,12058.8,15073.5,0.9703,ai_heavy
7573,13,315,12600.0,15750.0,0.9775,ai_heavy
7574,14,315,12027.4,15034.3,0.98,ai_heavy
7575,15,315,11556.5,14445.6,0.9775,ai_heavy
7576,16,315,11829.8,14787.2,0.9703,ai_heavy
7577,17,315,12457.8,15572.3,0.9588,ai_heavy
7578,18,315,11408.4,14260.6,0.9441,ai_heavy
7579,19,315,11562.6,14453.3,0.9272,ai_heavy
7580,20,315,12178.7,15223.4,0.9092,ai_heavy
7581,21,315,11649.6,14562.0,0.8911,ai_heavy
7582,22,315,11666.4,14583.1,0.874,ai_heavy
7583,23,315,12044.5,15055.6,0.8584,ai_heavy
7584,0,316,11311.1,14138.9,0.8118,ai_heavy
7585,1,316,11062.4,13828.0,0.8172,ai_heavy
7586,2,316,11106.1,13882.7,0.8244,ai_heavy
7587,3,316,11813.1,14766.4,0.8335,ai_heavy
7588,4,316,11727.5,14659.4,0.8449,ai_heavy
7589,5,316,11426.3,14282.9,0.8584,ai_heavy
7590,6,316,11298.2,14122.8,0.874,ai_heavy
7591,7,316,11649.9,14562.4,0.8911,ai_heavy
7592,8,316,12182.3,15227.9,0.9092,ai_heavy
7593,9,316,11533.0,14416.3,0.9272,ai_heavy
7594,10,316,11633.3,14541.6,0.9441,ai_heavy
7595,11,316,11478.6,14348.2,0.9588,ai_heavy
7596,12,316,11798.9,14748.7,0.9703,ai_heavy
7597,13,316,12068.6,15085.7,0.9775,ai_heavy
7598,14,316,12600.0,15750.0,0.98,ai_heavy
7599,15,316,12025.4,15031.8,0.9775,ai_heavy
7600,16,316,11911.2,14889.0,0.9703,ai_heavy
7601,17,316,12211.9,15264.8,0.9588,ai_heavy
7602,18,316,12117.2,15146.5,0.9441,ai_heavy
7603,19,316,11624.6,14530.8,0.9272,ai_heavy
7604,20,316,12600.0,15750.0,0.9092,ai_heavy
7605,21,316,11736.7,14670.8,0.8911,ai_heavy
7606,22,316,11788.2,14735.2,0.874,ai_heavy
7607,23,316,11861.7,14827.2,0.8584,ai_heavy
7608,0,317,11679.6,14599.5,0.8118,ai_heavy
7609,1,317,12101.9,15127.3,0.8172,ai_heavy
7610,2,317,11383.9,14229.9,0.8244,ai_heavy
7611,3,317,11883.3,14854.1,0.8335,ai_heavy
7612,4,317,11694.5,14618.1,0.8449,ai_heavy
7613,5,317,12012.8,15015.9,0.8584,ai_heavy
7614,6,317,11629.7,14537.1,0.874,ai_heavy
7615,7,317,11621.8,14527.2,0.8911,ai_heavy
7616,8,317,12046.3,15057.9,0.9092,ai_heavy
7617,9,317,11956.7,14945.9,0.9272,ai_heavy
7618,10,317,11577.2,14471.5,0.9441,ai_heavy
7619,11,317,12384.2,15480.3,0.9588,ai_heavy
7620,12,317,12192.6,15240.8,0.9703,ai_heavy
7621,13,317,11920.8,14901.0,0.9775,ai_heavy
7622,14,317,11785.3,14731.6,0.98,ai_heavy
7623,15,317,12077.9,15097.4,0.9775,ai_heavy
7624,16,317,12166.8,15208.5,0.9703,ai_heavy
7625,17,317,11334.4,14168.1,0.9588,ai_heavy
7626,18,317,12003.0,15003.8,0.9441,ai_heavy
7627,19,317,12061.2,15076.5,0.9272,ai_heavy
7628,20,317,10955.6,13694.5,0.9092,ai_heavy
7629,21,317,11814.4,14768.0,0.8911,ai_heavy
7630,22,317,11949.1,14936.3,0.874,ai_heavy
7631,23,317,11872.1,14840.1,0.8584,ai_heavy
7632,0,318,11838.0,14797.5,0.8118,ai_heavy
7633,1,318,11458.6,14323.2,0.8172,ai_heavy
7634,2,318,11227.5,14034.3,0.8244,ai_heavy
7635,3,318,10983.6,13729.5,0.8335,ai_heavy
7636,4,318,12018.3,15022.9,0.8449,ai_heavy
7637,5,318,11914.9,14893.6,0.8584,ai_heavy
7638,6,318,12115.5,15144.4,0.874,ai_heavy
7639,7,318,11489.8,14362.2,0.8911,ai_heavy
7640,8,318,12071.7,15089.7,0.9092,ai_heavy
7641,9,318,11296.4,14120.4,0.9272,ai_heavy
7642,10,318,11559.7,14449.6,0.9441,ai_heavy
7643,11,318,11948.7,14935.9,0.9588,ai_heavy
7644,12,318,12167.8,15209.8,0.9703,ai_heavy
7645,13,318,12549.2,15686.5,0.9775,ai_heavy
7646,14,318,11867.1,14833.9,0.98,ai_heavy
7647,15,318,11637.1,14546.4,0.9775,ai_heavy
7648,16,318,11602.2,14502.7,0.9703,ai_heavy
7649,17,318,11658.1,14572.6,0.9588,ai_heavy
7650,18,318,12600.0,15750.0,0.9441,ai_heavy
7651,19,318,12098.2,15122.8,0.9272,ai_heavy
7652,20,318,12180.9,15226.1,0.9092,ai_heavy
7653,21,318,11661.1,14576.3,0.8911,ai_heavy
7654,22,318,11704.6,14630.7,0.874,ai_heavy
7655,23,318,11913.5,14891.9,0.8584,ai_heavy
7656,0,319,11384.3,14230.3,0.8118,ai_heavy
7657,1,319,11471.1,14338.9,0.8172,ai_heavy
7658,2,319,11354.4,14193.0,0.8244,ai_heavy
7659,3,319,11454.6,14318.2,0.8335,ai_heavy
7660,4,319,11654.1,14567.7,0.8449,ai_heavy
7661,5,319,11381.1,14226.4,0.8584,ai_heavy
7662,6,319,11805.6,14757.0,0.874,ai_heavy
7663,7,319,11845.5,14806.9,0.8911,ai_heavy
7664,8,319,11724.1,14655.1,0.9092,ai_heavy
7665,9,319,11536.0,14420.0,0.9272,ai_heavy
7666,10,319,11906.6,14883.3,0.9441,ai_heavy
7667,11,319,11723.4,14654.3,0.9588,ai_heavy
7668,12,319,11947.1,14933.9,0.9703,ai_heavy
7669,13,319,12341.0,15426.2,0.9775,ai_heavy
7670,14,319,11503.9,14379.9,0.98,ai_heavy
7671,15,319,12600.0,15750.0,0.9775,ai_heavy
7672,16,319,11904.5,14880.6,0.9703,ai_heavy
7673,17,319,12050.8,15063.5,0.9588,ai_heavy
7674,18,319,11601.2,14501.5,0.9441,ai_heavy
7675,19,319,12235.0,15293.7,0.9272,ai_heavy
7676,20,319,11743.0,14678.8,0.9092,ai_heavy
7677,21,319,11606.4,14508.0,0.8911,ai_heavy
7678,22,319,11503.1,14378.8,0.874,ai_heavy
7679,23,319,11574.8,14468.4,0.8584,ai_heavy
7680,0,320,11696.4,14620.4,0.8083,ai_heavy
7681,1,320,11620.1,14525.2,0.812,ai_heavy
7682,2,320,11558.1,14447.6,0.8171,ai_heavy
7683,3,320,11339.6,14174.5,0.8235,ai_heavy
7684,4,320,11337.7,14172.1,0.8314,ai_heavy
7685,5,320,11467.0,14333.7,0.8409,ai_heavy
7686,6,320,11814.1,14767.7,0.8518,ai_heavy
7687,7,320,11913.4,14891.7,0.8638,ai_heavy
7688,8,320,11990.9,14988.6,0.8764,ai_heavy
7689,9,320,11739.8,14674.8,0.889,ai_heavy
7690,10,320,11903.5,14879.4,0.9009,ai_heavy
7691,11,320,11732.6,14665.8,0.9112,ai_heavy
7692,12,320,11193.6,13992.0,0.9192,ai_heavy
7693,13,320,11746.2,14682.7,0.9243,ai_heavy
7694,14,320,11693.7,14617.1,0.926,ai_heavy
7695,15,320,11454.2,14317.8,0.9243,ai_heavy
7696,16,320,11609.9,14512.3,0.9192,ai_heavy
7697,17,320,11840.0,14800.0,0.9112,ai_heavy
7698,18,320,11368.0,14210.0,0.9009,ai_heavy
7699,19,320,11490.0,14362.5,0.889,ai_heavy
7700,20,320,12254.6,15318.3,0.8764,ai_heavy
7701,21,320,11119.6,13899.5,0.8638,ai_heavy
7702,22,320,11589.2,14486.5,0.8518,ai_heavy
7703,23,320,11220.9,14026.1,0.8409,ai_heavy
7704,0,321,11290.9,14113.6,0.8083,ai_heavy
7705,1,321,11491.6,14364.5,0.812,ai_heavy
7706,2,321,11229.1,14036.3,0.8171,ai_heavy
7707,3,321,11786.4,14733.0,0.8235,ai_heavy
7708,4,321,12075.9,15094.9,0.8314,ai_heavy
7709,5,321,11921.3,14901.7,0.8409,ai_heavy
7710,6,321,12011.4,15014.3,0.8518,ai_heavy
7711,7,321,11197.8,13997.2,0.8638,ai_heavy
7712,8,321,11625.4,14531.8,0.8764,ai_heavy
7713,9,321,11905.0,14881.2,0.889,ai_heavy
7714,10,321,12075.7,15094.6,0.9009,ai_heavy
7715,11,321,12412.5,15515.6,0.9112,ai_heavy
7716,12,321,12189.7,15237.1,0.9192,ai_heavy
7717,13,321,12140.7,15175.9,0.9243,ai_heavy
7718,14,321,12600.0,15750.0,0.926,ai_heavy
7719,15,321,11856.9,14821.2,0.9243,ai_heavy
7720,16,321,11708.5,14635.6,0.9192,ai_heavy
7721,17,321,11854.9,14818.7,0.9112,ai_heavy
7722,18,321,11445.0,14306.3,0.9009,ai_heavy
7723,19,321,11764.2,14705.2,0.889,ai_heavy
7724,20,321,11104.1,13880.2,0.8764,ai_heavy
7725,21,321,11495.7,14369.7,0.8638,ai_heavy
7726,22,321,11612.9,14516.1,0.8518,ai_heavy
7727,23,321,11959.0,14948.7,0.8409,ai_heavy
7728,0,322,11945.0,14931.3,0.8118,ai_heavy
7729,1,322,11237.7,14047.2,0.8172,ai_heavy
7730,2,322,12310.8,15388.5,0.8244,ai_heavy
7731,3,322,11662.1,14577.7,0.8335,ai_heavy
7732,4,322,11720.8,14651.0,0.8449,ai_heavy
7733,5,322,11102.5,13878.1,0.8584,ai_heavy
7734,6,322,11487.4,14359.3,0.874,ai_heavy
7735,7,322,12115.2,15144.0,0.8911,ai_heavy
7736,8,322,11847.5,14809.4,0.9092,ai_heavy
7737,9,322,11867.9,14834.9,0.9272,ai_heavy
7738,10,322,11950.2,14937.7,0.9441,ai_heavy
7739,11,322,11388.3,14235.4,0.9588,ai_heavy
7740,12,322,11895.9,14869.8,0.9703,ai_heavy
7741,13,322,12452.2,15565.2,0.9775,ai_heavy
7742,14,322,12342.9,15428.6,0.98,ai_heavy
7743,15,322,11902.5,14878.1,0.9775,ai_heavy
7744,16,322,12490.1,15612.6,0.9703,ai_heavy
7745,17,322,11454.1,14317.6,0.9588,ai_heavy
7746,18,322,11523.3,14404.1,0.9441,ai_heavy
7747,19,322,12491.0,15613.8,0.9272,ai_heavy
7748,20,322,11991.9,14989.8,0.9092,ai_heavy
7749,21,322,11643.5,14554.3,0.8911,ai_heavy
7750,22,322,11685.7,14607.2,0.874,ai_heavy
7751,23,322,11386.4,14233.0,0.8584,ai_heavy
7752,0,323,11655.6,14569.5,0.8118,ai_heavy
7753,1,323,11640.8,14551.0,0.8172,ai_heavy
7754,2,323,11595.9,14494.9,0.8244,ai_heavy
7755,3,323,11206.5,14008.1,0.8335,ai_heavy
7756,4,323,11729.5,14661.8,0.8449,ai_heavy
7757,5,323,11483.4,14354.2,0.8584,ai_heavy
7758,6,323,11358.9,14198.7,0.874,ai_heavy
7759,7,323,12191.6,15239.5,0.8911,ai_heavy
7760,8,323,12554.7,15693.4,0.9092,ai_heavy
7761,9,323,12519.1,15648.8,0.9272,ai_heavy
7762,10,323,12100.8,15126.0,0.9441,ai_heavy
7763,11,323,11808.9,14761.1,0.9588,ai_heavy
7764,12,323,11905.3,14881.6,0.9703,ai_heavy
7765,13,323,12092.8,15116.0,0.9775,ai_heavy
7766,14,323,11802.5,14753.1,0.98,ai_heavy
7767,15,323,12420.1,15525.1,0.9775,ai_heavy
7768,16,323,11201.8,14002.3,0.9703,ai_heavy
7769,17,323,11798.1,14747.6,0.9588,ai_heavy
7770,18,323,12154.5,15193.1,0.9441,ai_heavy
7771,19,323,11529.7,14412.1,0.9272,ai_heavy
7772,20,323,11702.5,14628.2,0.9092,ai_heavy
7773,21,323,11954.4,14943.1,0.8911,ai_heavy
7774,22,323,12238.3,15297.9,0.874,ai_heavy
7775,23,323,11215.8,14019.7,0.8584,ai_heavy
7776,0,324,11085.2,13856.6,0.8118,ai_heavy
7777,1,324,11243.8,14054.8,0.8172,ai_heavy
7778,2,324,11054.4,13818.1,0.8244,ai_heavy
7779,3,324,11099.7,13874.6,0.8335,ai_heavy
7780,4,324,11297.5,14121.8,0.8449,ai_heavy
7781,5,324,12100.5,15125.7,0.8584,ai_heavy
7782,6,324,11595.6,14494.5,0.874,ai_heavy
7783,7,324,11756.3,14695.4,0.8911,ai_heavy
7784,8,324,11449.6,14312.0,0.9092,ai_heavy
7785,9,324,12054.5,15068.1,0.9272,ai_heavy
7786,10,324,12537.2,15671.5,0.9441,ai_heavy
7787,11,324,11586.7,14483.4,0.9588,ai_heavy
7788,12,324,12547.7,15684.7,0.9703,ai_heavy
7789,13,324,12078.0,15097.5,0.9775,ai_heavy
7790,14,324,11959.2,14949.1,0.98,ai_heavy
7791,15,324,12090.8,15113.5,0.9775,ai_heavy
7792,16,324,12070.2,15087.8,0.9703,ai_heavy
7793,17,324,12566.9,15708.6,0.9588,ai_heavy
7794,18,324,12054.5,15068.1,0.9441,ai_heavy
7795,19,324,12021.7,15027.1,0.9272,ai_heavy
7796,20,324,11638.4,14548.0,0.9092,ai_heavy
7797,21,324,12040.9,15051.2,0.8911,ai_heavy
7798,22,324,11369.2,14211.4,0.874,ai_heavy
7799,23,324,11706.9,14633.6,0.8584,ai_heavy
7800,0,325,12559.6,15699.5,0.8118,ai_heavy
7801,1,325,10702.9,13378.6,0.8172,ai_heavy
7802,2,325,11670.1,14587.6,0.8244,ai_heavy
7803,3,325,11705.1,14631.3,0.8335,ai_heavy
7804,4,325,11557.4,14446.7,0.8449,ai_heavy
7805,5,325,11597.1,14496.4,0.8584,ai_heavy
7806,6,325,11737.3,14671.6,0.874,ai_heavy
7807,7,325,11656.5,14570.6,0.8911,ai_heavy
7808,8,325,11866.0,14832.5,0.9092,ai_heavy
7809,9,325,11656.6,14570.7,0.9272,ai_heavy
7810,10,325,12589.4,15736.8,0.9441,ai_heavy
7811,11,325,11813.7,14767.1,0.9588,ai_heavy
7812,12,325,12134.3,15167.9,0.9703,ai_heavy
7813,13,325,11707.6,14634.5,0.9775,ai_heavy
7814,14,325,12287.8,15359.8,0.98,ai_heavy
7815,15,325,12210.3,15262.9,0.9775,ai_heavy
7816,16,325,12080.5,15100.6,0.9703,ai_heavy
7817,17,325,11536.8,14421.0,0.9588,ai_heavy
7818,18,325,11601.4,14501.7,0.9441,ai_heavy
7819,19,325,12428.0,15535.1,0.9272,ai_heavy
7820,20,325,11517.5,14396.9,0.9092,ai_heavy
7821,21,325,11971.1,14963.9,0.8911,ai_heavy
7822,22,325,11373.4,14216.8,0.874,ai_heavy
7823,23,325,12021.7,15027.2,0.8584,ai_heavy
7824,0,326,11321.6,14152.1,0.8118,ai_heavy
7825,1,326,11237.9,14047.4,0.8172,ai_heavy
7826,2,326,11341.3,14176.7,0.8244,ai_heavy
7827,3,326,11417.6,14272.0,0.8335,ai_heavy
7828,4,326,11778.3,14722.9,0.8449,ai_heavy
7829,5,326,11693.0,14616.3,0.8584,ai_heavy
7830,6,326,11320.6,14150.7,0.874,ai_heavy
7831,7,326,11735.4,14669.3,0.8911,ai_heavy
7832,8,326,11383.1,14228.9,0.9092,ai_heavy
7833,9,326,12058.0,15072.5,0.9272,ai_heavy
7834,10,326,12163.7,15204.6,0.9441,ai_heavy
7835,11,326,11895.2,14868.9,0.9588,ai_heavy
7836,12,326,12027.7,15034.6,0.9703,ai_heavy
7837,13,326,12575.4,15719.2,0.9775,ai_heavy
7838,14,326,11896.7,14870.9,0.98,ai_heavy
7839,15,326,11608.9,14511.2,0.9775,ai_heavy
7840,16,326,12137.7,15172.2,0.9703,ai_heavy
7841,17,326,11499.2,14374.0,0.9588,ai_heavy
7842,18,326,11794.3,14742.9,0.9441,ai_heavy
7843,19,326,11617.1,14521.3,0.9272,ai_heavy
7844,20,326,11539.3,14424.1,0.9092,ai_heavy
7845,21,326,11657.1,14571.4,0.8911,ai_heavy
7846,22,326,12021.2,15026.5,0.874,ai_heavy
7847,23,326,12055.8,15069.7,0.8584,ai_heavy
7848,0,327,11872.3,14840.4,0.8083,ai_heavy
7849,1,327,11676.8,14596.1,0.812,ai_heavy
7850,2,327,11482.4,14353.0,0.8171,ai_heavy
7851,3,327,10767.3,13459.2,0.8235,ai_heavy
7852,4,327,11733.5,14666.9,0.8314,ai_heavy
7853,5,327,10832.6,13540.8,0.8409,ai_heavy
7854,6,327,10980.8,13726.0,0.8518,ai_heavy
7855,7,327,11624.6,14530.8,0.8638,ai_heavy
7856,8,327,11803.8,14754.7,0.8764,ai_heavy
7857,9,327,11581.5,14476.8,0.889,ai_heavy
7858,10,327,12310.2,15387.7,0.9009,ai_heavy
7859,11,327,11955.7,14944.6,0.9112,ai_heavy
7860,12,327,11722.5,14653.2,0.9192,ai_heavy
7861,13,327,12314.5,15393.1,0.9243,ai_heavy
7862,14,327,12382.2,15477.7,0.926,ai_heavy
7863,15,327,12004.6,15005.7,0.9243,ai_heavy
7864,16,327,11536.2,14420.3,0.9192,ai_heavy
7865,17,327,11597.5,14496.9,0.9112,ai_heavy
7866,18,327,11257.3,14071.7,0.9009,ai_heavy
7867,19,327,11725.4,14656.8,0.889,ai_heavy
7868,20,327,11341.9,14177.4,0.8764,ai_heavy
7869,21,327,11566.0,14457.5,0.8638,ai_heavy
7870,22,327,11744.3,14680.4,0.8518,ai_heavy
7871,23,327,10935.7,13669.7,0.8409,ai_heavy
7872,0,328,11113.4,13891.8,0.8083,ai_heavy
7873,1,328,11384.4,14230.5,0.812,ai_heavy
7874,2,328,11553.7,14442.1,0.8171,ai_heavy
7875,3,328,11415.2,14269.0,0.8235,ai_heavy
7876,4,328,11511.3,14389.2,0.8314,ai_heavy
7877,5,328,11381.4,14226.7,0.8409,ai_heavy
7878,6,328,11146.5,13933.1,0.8518,ai_heavy
7879,7,328,11493.9,14367.4,0.8638,ai_heavy
7880,8,328,11635.9,14544.9,0.8764,ai_heavy
7881,9,328,11631.0,14538.8,0.889,ai_heavy
7882,10,328,11807.6,14759.4,0.9009,ai_heavy
7883,11,328,11940.4,14925.5,0.9112,ai_heavy
7884,12,328,12052.5,15065.6,0.9192,ai_heavy
7885,13,328,11598.1,14497.6,0.9243,ai_heavy
7886,14,328,11267.7,14084.7,0.926,ai_heavy
7887,15,328,12273.8,15342.2,0.9243,ai_heavy
7888,16,328,11947.5,14934.4,0.9192,ai_heavy
7889,17,328,11454.5,14318.1,0.9112,ai_heavy
7890,18,328,11866.1,14832.7,0.9009,ai_heavy
7891,19,328,12116.5,15145.6,0.889,ai_heavy
7892,20,328,12318.3,15397.9,0.8764,ai_heavy
7893,21,328,11769.1,14711.4,0.8638,ai_heavy
7894,22,328,12023.7,15029.6,0.8518,ai_heavy
7895,23,328,11205.8,14007.2,0.8409,ai_heavy
7896,0,329,11547.2,14434.0,0.8118,ai_heavy
7897,1,329,11456.0,14320.0,0.8172,ai_heavy
7898,2,329,11708.1,14635.1,0.8244,ai_heavy
7899,3,329,12171.7,15214.6,0.8335,ai_heavy
7900,4,329,11724.3,14655.3,0.8449,ai_heavy
7901,5,329,11340.5,14175.6,0.8584,ai_heavy
7902,6,329,11261.5,14076.9,0.874,ai_heavy
7903,7,329,12325.2,15406.5,0.8911,ai_heavy
7904,8,329,11969.2,14961.5,0.9092,ai_heavy
7905,9,329,11988.7,14985.8,0.9272,ai_heavy
7906,10,329,11746.9,14683.6,0.9441,ai_heavy
7907,11,329,11999.4,14999.2,0.9588,ai_heavy
7908,12,329,11577.2,14471.5,0.9703,ai_heavy
7909,13,329,12086.2,15107.7,0.9775,ai_heavy
7910,14,329,11531.9,14414.9,0.98,ai_heavy
7911,15,329,11818.6,14773.3,0.9775,ai_heavy
7912,16,329,11700.3,14625.4,0.9703,ai_heavy
7913,17,329,10740.5,13425.6,0.9588,ai_heavy
7914,18,329,11745.8,14682.2,0.9441,ai_heavy
7915,19,329,11510.6,14388.3,0.9272,ai_heavy
7916,20,329,11713.1,14641.3,0.9092,ai_heavy
7917,21,329,11745.9,14682.3,0.8911,ai_heavy
7918,22,329,12326.0,15407.5,0.874,ai_heavy
7919,23,329,11775.4,14719.3,0.8584,ai_heavy
7920,0,330,11675.6,14594.4,0.8118,ai_heavy
7921,1,330,11744.3,14680.4,0.8172,ai_heavy
7922,2,330,11892.1,14865.1,0.8244,ai_heavy
7923,3,330,11768.7,14710.9,0.8335,ai_heavy
7924,4,330,11735.4,14669.2,0.8449,ai_heavy
7925,5,330,11917.7,14897.2,0.8584,ai_heavy
7926,6,330,10853.0,13566.3,0.874,ai_heavy
7927,7,330,12481.4,15601.7,0.8911,ai_heavy
7928,8,330,12349.6,15437.0,0.9092,ai_heavy
7929,9,330,11906.7,14883.4,0.9272,ai_heavy
7930,10,330,11366.1,14207.7,0.9441,ai_heavy
7931,11,330,12335.9,15419.9,0.9588,ai_heavy
7932,12,330,11682.1,14602.6,0.9703,ai_heavy
7933,13,330,12138.7,15173.4,0.9775,ai_heavy
7934,14,330,11493.2,14366.4,0.98,ai_heavy
7935,15,330,12600.0,15750.0,0.9775,ai_heavy
7936,16,330,11414.2,14267.8,0.9703,ai_heavy
7937,17,330,11928.3,14910.4,0.9588,ai_heavy
7938,18,330,11113.6,13892.0,0.9441,ai_heavy
7939,19,330,11815.0,14768.8,0.9272,ai_heavy
7940,20,330,11637.1,14546.3,0.9092,ai_heavy
7941,21,330,12146.0,15182.5,0.8911,ai_heavy
7942,22,330,11555.8,14444.7,0.874,ai_heavy
7943,23,330,12067.3,15084.2,0.8584,ai_heavy
7944,0,331,11204.5,14005.7,0.8118,ai_heavy
7945,1,331,11474.4,14343.0,0.8172,ai_heavy
7946,2,331,11497.9,14372.4,0.8244,ai_heavy
7947,3,331,11783.1,14728.8,0.8335,ai_heavy
7948,4,331,11765.6,14707.0,0.8449,ai_heavy
7949,5,331,11921.6,14902.0,0.8584,ai_heavy
7950,6,331,11798.9,14748.6,0.874,ai_heavy
7951,7,331,11978.3,14972.9,0.8911,ai_heavy
7952,8,331,11470.0,14337.5,0.9092,ai_heavy
7953,9,331,11967.6,14959.5,0.9272,ai_heavy
7954,10,331,12441.9,15552.4,0.9441,ai_heavy
7955,11,331,11303.8,14129.7,0.9588,ai_heavy
7956,12,331,12105.5,15131.8,0.9703,ai_heavy
7957,13,331,12190.0,15237.5,0.9775,ai_heavy
7958,14,331,12477.2,15596.5,0.98,ai_heavy
7959,15,331,12207.6,15259.5,0.9775,ai_heavy
7960,16,331,11966.3,14957.9,0.9703,ai_heavy
7961,17,331,12057.3,15071.6,0.9588,ai_heavy
7962,18,331,11607.5,14509.4,0.9441,ai_heavy
7963,19,331,11692.0,14614.9,0.9272,ai_heavy
7964,20,331,11315.1,14143.9,0.9092,ai_heavy
7965,21,331,12269.2,15336.5,0.8911,ai_heavy
7966,22,331,11863.2,14829.0,0.874,ai_heavy
7967,23,331,11348.0,14185.1,0.8584,ai_heavy
7968,0,332,11653.8,14567.2,0.8118,ai_heavy
7969,1,332,11974.8,14968.5,0.8172,ai_heavy
7970,2,332,11934.2,14917.7,0.8244,ai_heavy
7971,3,332,11287.3,14109.2,0.8335,ai_heavy
7972,4,332,10543.0,13178.7,0.8449,ai_heavy
7973,5,332,11807.2,14758.9,0.8584,ai_heavy
7974,6,332,11393.7,14242.2,0.874,ai_heavy
7975,7,332,11964.6,14955.7,0.8911,ai_heavy
7976,8,332,12123.5,15154.4,0.9092,ai_heavy
7977,9,332,12224.9,15281.1,0.9272,ai_heavy
7978,10,332,12490.5,15613.2,0.9441,ai_heavy
7979,11,332,12345.2,15431.5,0.9588,ai_heavy
7980,12,332,12556.6,15695.8,0.9703,ai_heavy
7981,13,332,12441.7,15552.1,0.9775,ai_heavy
7982,14,332,12479.0,15598.7,0.98,ai_heavy
7983,15,332,11932.7,14915.9,0.9775,ai_heavy
7984,16,332,11469.0,14336.2,0.9703,ai_heavy
7985,17,332,12600.0,15750.0,0.9588,ai_heavy
7986,18,332,11891.7,14864.6,0.9441,ai_heavy
7987,19,332,12265.7,15332.1,0.9272,ai_heavy
7988,20,332,11592.9,14491.1,0.9092,ai_heavy
7989,21,332,12084.9,15106.1,0.8911,ai_heavy
7990,22,332,10846.6,13558.2,0.874,ai_heavy
7991,23,332,11525.1,14406.3,0.8584,ai_heavy
7992,0,333,11525.6,14406.9,0.8118,ai_heavy
7993,1,333,11732.9,14666.1,0.8172,ai_heavy
7994,2,333,11961.7,14952.1,0.8244,ai_heavy
7995,3,333,11229.4,14036.7,0.8335,ai_heavy
7996,4,333,11867.4,14834.3,0.8449,ai_heavy
7997,5,333,12098.2,15122.7,0.8584,ai_heavy
7998,6,333,12528.9,15661.2,0.874,ai_heavy
7999,7,333,11994.3,14992.8,0.8911,ai_heavy
8000,8,333,11625.0,14531.2,0.9092,ai_heavy
8001,9,333,11378.3,14222.9,0.9272,ai_heavy
8002,10,333,12520.6,15650.8,0.9441,ai_heavy
8003,11,333,12167.0,15208.8,0.9588,ai_heavy
8004,12,333,11922.6,14903.2,0.9703,ai_heavy
8005,13,333,11366.8,14208.5,0.9775,ai_heavy
8006,14,333,11619.3,14524.1,0.98,ai_heavy
8007,15,333,12173.7,15217.1,0.9775,ai_heavy
8008,16,333,12057.1,15071.3,0.9703,ai_heavy
8009,17,333,11208.7,14010.8,0.9588,ai_heavy
8010,18,333,12094.5,15118.2,0.9441,ai_heavy
8011,19,333,11273.0,14091.3,0.9272,ai_heavy
8012,20,333,12266.3,15332.9,0.9092,ai_heavy
8013,21,333,11818.8,14773.4,0.8911,ai_heavy
8014,22,333,11542.4,14428.0,0.874,ai_heavy
8015,23,333,12015.4,15019.2,0.8584,ai_heavy
8016,0,334,11673.9,14592.4,0.8083,ai_heavy
8017,1,334,12019.7,15024.6,0.812,ai_heavy
8018,2,334,11599.8,14499.8,0.8171,ai_heavy
8019,3,334,11635.2,14544.0,0.8235,ai_heavy
8020,4,334,11506.2,14382.8,0.8314,ai_heavy
8021,5,334,11719.5,14649.3,0.8409,ai_heavy
8022,6,334,12246.8,15308.5,0.8518,ai_heavy
8023,7,334,11505.1,14381.4,0.8638,ai_heavy
8024,8,334,11938.5,14923.1,0.8764,ai_heavy
8025,9,334,11430.2,14287.8,0.889,ai_heavy
8026,10,334,11038.4,13798.1,0.9009,ai_heavy
8027,11,334,11865.6,14832.0,0.9112,ai_heavy
8028,12,334,11942.2,14927.7,0.9192,ai_heavy
8029,13,334,11783.7,14729.7,0.9243,ai_heavy
8030,14,334,11296.1,14120.1,0.926,ai_heavy
8031,15,334,11930.7,14913.4,0.9243,ai_heavy
8032,16,334,11905.3,14881.6,0.9192,ai_heavy
8033,17,334,11477.8,14347.2,0.9112,ai_heavy
8034,18,334,11290.2,14112.8,0.9009,ai_heavy
8035,19,334,11651.5,14564.3,0.889,ai_heavy
8036,20,334,11940.2,14925.3,0.8764,ai_heavy
8037,21,334,11827.3,14784.1,0.8638,ai_heavy
8038,22,334,11345.3,14181.6,0.8518,ai_heavy
8039,23,334,11675.5,14594.4,0.8409,ai_heavy
8040,0,335,11858.8,14823.5,0.8083,ai_heavy
8041,1,335,11153.5,13941.9,0.812,ai_heavy
8042,2,335,11593.8,14492.3,0.8171,ai_heavy
8043,3,335,12052.6,15065.7,0.8235,ai_heavy
8044,4,335,11161.6,13952.0,0.8314,ai_heavy
8045,5,335,12030.8,15038.5,0.8409,ai_heavy
8046,6,335,12219.3,15274.1,0.8518,ai_heavy
8047,7,335,11603.4,14504.3,0.8638,ai_heavy
8048,8,335,11590.3,14487.9,0.8764,ai_heavy
8049,9,335,12104.2,15130.3,0.889,ai_heavy
8050,10,335,11702.4,14628.0,0.9009,ai_heavy
8051,11,335,10959.7,13699.7,0.9112,ai_heavy
8052,12,335,11775.9,14719.9,0.9192,ai_heavy
8053,13,335,11989.6,14987.0,0.9243,ai_heavy
8054,14,335,12089.4,15111.8,0.926,ai_heavy
8055,15,335,11510.4,14388.0,0.9243,ai_heavy
8056,16,335,11715.3,14644.1,0.9192,ai_heavy
8057,17,335,12137.8,15172.2,0.9112,ai_heavy
8058,18,335,11746.9,14683.6,0.9009,ai_heavy
8059,19,335,11201.9,14002.4,0.889,ai_heavy
8060,20,335,12145.6,15182.1,0.8764,ai_heavy
8061,21,335,11606.3,14507.8,0.8638,ai_heavy
8062,22,335,12034.7,15043.4,0.8518,ai_heavy
8063,23,335,11140.9,13926.2,0.8409,ai_heavy
8064,0,336,11517.7,14397.2,0.8118,ai_heavy
8065,1,336,11749.2,14686.6,0.8172,ai_heavy
8066,2,336,11558.7,14448.4,0.8244,ai_heavy
8067,3,336,11198.4,13998.0,0.8335,ai_heavy
8068,4,336,10803.8,13504.7,0.8449,ai_heavy
8069,5,336,12202.0,15252.5,0.8584,ai_heavy
8070,6,336,11792.3,14740.3,0.874,ai_heavy
8071,7,336,12156.4,15195.5,0.8911,ai_heavy
8072,8,336,12115.9,15144.8,0.9092,ai_heavy
8073,9,336,12041.5,15051.8,0.9272,ai_heavy
8074,10,336,11754.8,14693.6,0.9441,ai_heavy
8075,11,336,12078.6,15098.3,0.9588,ai_heavy
8076,12,336,12443.2,15554.0,0.9703,ai_heavy
8077,13,336,11977.1,14971.4,0.9775,ai_heavy
8078,14,336,12600.0,15750.0,0.98,ai_heavy
8079,15,336,11410.0,14262.5,0.9775,ai_heavy
8080,16,336,11355.3,14194.1,0.9703,ai_heavy
8081,17,336,12256.6,15320.7,0.9588,ai_heavy
8082,18,336,11577.7,14472.2,0.9441,ai_heavy
8083,19,336,12554.8,15693.5,0.9272,ai_heavy
8084,20,336,12260.4,15325.5,0.9092,ai_heavy
8085,21,336,12304.7,15380.8,0.8911,ai_heavy
8086,22,336,12015.7,15019.7,0.874,ai_heavy
8087,23,336,11346.1,14182.7,0.8584,ai_heavy
8088,0,337,10984.2,13730.3,0.8118,ai_heavy
8089,1,337,12091.4,15114.3,0.8172,ai_heavy
8090,2,337,11067.6,13834.6,0.8244,ai_heavy
8091,3,337,12162.5,15203.1,0.8335,ai_heavy
8092,4,337,11870.8,14838.5,0.8449,ai_heavy
8093,5,337,11642.1,14552.6,0.8584,ai_heavy
8094,6,337,11860.4,14825.5,0.874,ai_heavy
8095,7,337,11909.2,14886.5,0.8911,ai_heavy
8096,8,337,11715.9,14644.9,0.9092,ai_heavy
8097,9,337,12335.6,15419.5,0.9272,ai_heavy
8098,10,337,12364.7,15455.9,0.9441,ai_heavy
8099,11,337,11959.3,14949.1,0.9588,ai_heavy
8100,12,337,11715.7,14644.6,0.9703,ai_heavy
8101,13,337,12415.5,15519.3,0.9775,ai_heavy
8102,14,337,11227.9,14034.9,0.98,ai_heavy
8103,15,337,12106.5,15133.1,0.9775,ai_heavy
8104,16,337,12195.1,15243.9,0.9703,ai_heavy
8105,17,337,11607.9,14509.9,0.9588,ai_heavy
8106,18,337,12216.0,15270.0,0.9441,ai_heavy
8107,19,337,11820.3,14775.3,0.9272,ai_heavy
8108,20,337,11594.5,14493.1,0.9092,ai_heavy
8109,21,337,12084.7,15105.8,0.8911,ai_heavy
8110,22,337,11323.9,14154.9,0.874,ai_heavy
8111,23,337,11973.0,14966.3,0.8584,ai_heavy
8112,0,338,10872.2,13590.3,0.8118,ai_heavy
8113,1,338,11671.5,14589.3,0.8172,ai_heavy
8114,2,338,11604.2,14505.3,0.8244,ai_heavy
8115,3,338,11422.5,14278.1,0.8335,ai_heavy
8116,4,338,11773.0,14716.3,0.8449,ai_heavy
8117,5,338,11640.9,14551.1,0.8584,ai_heavy
8118,6,338,12075.5,15094.4,0.874,ai_heavy
8119,7,338,11942.6,14928.3,0.8911,ai_heavy
8120,8,338,11947.6,14934.4,0.9092,ai_heavy
8121,9,338,11933.2,14916.5,0.9272,ai_heavy
8122,10,338,11701.1,14626.4,0.9441,ai_heavy
8123,11,338,11795.9,14744.9,0.9588,ai_heavy
8124,12,338,12019.3,15024.1,0.9703,ai_heavy
8125,13,338,11885.3,14856.6,0.9775,ai_heavy
8126,14,338,12351.8,15439.7,0.98,ai_heavy
8127,15,338,11980.9,14976.1,0.9775,ai_heavy
8128,16,338,12065.0,15081.3,0.9703,ai_heavy
8129,17,338,11402.8,14253.5,0.9588,ai_heavy
8130,18,338,12205.1,15256.4,0.9441,ai_heavy
8131,19,338,11623.4,14529.2,0.9272,ai_heavy
8132,20,338,11418.8,14273.5,0.9092,ai_heavy
8133,21,338,12325.3,15406.6,0.8911,ai_heavy
8134,22,338,11950.1,14937.7,0.874,ai_heavy
8135,23,338,12010.8,15013.5,0.8584,ai_heavy
8136,0,339,11717.3,14646.6,0.8118,ai_heavy
8137,1,339,11539.9,14424.9,0.8172,ai_heavy
8138,2,339,11491.8,14364.7,0.8244,ai_heavy
8139,3,339,11881.8,14852.3,0.8335,ai_heavy
8140,4,339,12032.4,15040.5,0.8449,ai_heavy
8141,5,339,11644.9,14556.1,0.8584,ai_heavy
8142,6,339,12432.9,15541.2,0.874,ai_heavy
8143,7,339,11675.7,14594.7,0.8911,ai_heavy
8144,8,339,11294.5,14118.1,0.9092,ai_heavy
8145,9,339,11218.7,14023.4,0.9272,ai_heavy
8146,10,339,11268.3,14085.4,0.9441,ai_heavy
8147,11,339,11755.9,14694.9,0.9588,ai_heavy
8148,12,339,11847.4,14809.2,0.9703,ai_heavy
8149,13,339,12192.0,15240.1,0.9775,ai_heavy
8150,14,339,11942.9,14928.7,0.98,ai_heavy
8151,15,339,12249.7,15312.1,0.9775,ai_heavy
8152,16,339,11946.5,14933.1,0.9703,ai_heavy
8153,17,339,11908.5,14885.7,0.9588,ai_heavy
8154,18,339,11663.6,14579.5,0.9441,ai_heavy
8155,19,339,12334.5,15418.1,0.9272,ai_heavy
8156,20,339,11245.9,14057.4,0.9092,ai_heavy
8157,21,339,11851.4,14814.3,0.8911,ai_heavy
8158,22,339,11641.4,14551.7,0.874,ai_heavy
8159,23,339,11942.4,14928.0,0.8584,ai_heavy
8160,0,340,11552.5,14440.6,0.8118,ai_heavy
8161,1,340,11575.3,14469.1,0.8172,ai_heavy
8162,2,340,11496.3,14370.4,0.8244,ai_heavy
8163,3,340,12095.7,15119.7,0.8335,ai_heavy
8164,4,340,11637.9,14547.3,0.8449,ai_heavy
8165,5,340,12358.2,15447.8,0.8584,ai_heavy
8166,6,340,11800.8,14751.0,0.874,ai_heavy
8167,7,340,11752.9,14691.2,0.8911,ai_heavy
8168,8,340,11736.1,14670.1,0.9092,ai_heavy
8169,9,340,12029.9,15037.4,0.9272,ai_heavy
8170,10,340,11659.8,14574.7,0.9441,ai_heavy
8171,11,340,11955.8,14944.7,0.9588,ai_heavy
8172,12,340,11933.4,14916.7,0.9703,ai_heavy
8173,13,340,12064.0,15080.0,0.9775,ai_heavy
8174,14,340,12078.7,15098.4,0.98,ai_heavy
8175,15,340,12091.5,15114.3,0.9775,ai_heavy
8176,16,340,11964.4,14955.5,0.9703,ai_heavy
8177,17,340,12464.0,15580.0,0.9588,ai_heavy
8178,18,340,12019.7,15024.7,0.9441,ai_heavy
8179,19,340,12600.0,15750.0,0.9272,ai_heavy
8180,20,340,11805.1,14756.4,0.9092,ai_heavy
8181,21,340,12083.1,15103.9,0.8911,ai_heavy
8182,22,340,11450.2,14312.8,0.874,ai_heavy
8183,23,340,12159.1,15198.9,0.8584,ai_heavy
8184,0,341,11307.3,14134.1,0.8083,ai_heavy
8185,1,341,11718.3,14647.9,0.812,ai_heavy
8186,2,341,11480.1,14350.1,0.8171,ai_heavy
8187,3,341,11744.0,14680.1,0.8235,ai_heavy
8188,4,341,11523.8,14404.7,0.8314,ai_heavy
8189,5,341,11352.4,14190.5,0.8409,ai_heavy
8190,6,341,11558.3,14447.8,0.8518,ai_heavy
8191,7,341,12221.5,15276.9,0.8638,ai_heavy
8192,8,341,11875.0,14843.7,0.8764,ai_heavy
8193,9,341,11286.4,14108.0,0.889,ai_heavy
8194,10,341,12154.8,15193.5,0.9009,ai_heavy
8195,11,341,11476.8,14346.0,0.9112,ai_heavy
8196,12,341,12074.3,15092.9,0.9192,ai_heavy
8197,13,341,12019.0,15023.7,0.9243,ai_heavy
8198,14,341,12045.5,15056.9,0.926,ai_heavy
8199,15,341,12480.1,15600.1,0.9243,ai_heavy
8200,16,341,11517.3,14396.6,0.9192,ai_heavy
8201,17,341,12008.3,15010.3,0.9112,ai_heavy
8202,18,341,12212.8,15266.0,0.9009,ai_heavy
8203,19,341,11513.8,14392.2,0.889,ai_heavy
8204,20,341,11448.8,14311.0,0.8764,ai_heavy
8205,21,341,11580.6,14475.8,0.8638,ai_heavy
8206,22,341,11766.7,14708.4,0.8518,ai_heavy
8207,23,341,11135.7,13919.6,0.8409,ai_heavy
8208,0,342,11742.5,14678.1,0.8083,ai_heavy
8209,1,342,11071.8,13839.7,0.812,ai_heavy
8210,2,342,12020.9,15026.1,0.8171,ai_heavy
8211,3,342,11765.5,14706.9,0.8235,ai_heavy
8212,4,342,12271.6,15339.5,0.8314,ai_heavy
8213,5,342,11861.0,14826.3,0.8409,ai_heavy
8214,6,342,11546.7,14433.3,0.8518,ai_heavy
8215,7,342,11401.4,14251.8,0.8638,ai_heavy
8216,8,342,11794.8,14743.4,0.8764,ai_heavy
8217,9,342,11729.7,14662.1,0.889,ai_heavy
8218,10,342,12186.8,15233.6,0.9009,ai_heavy
8219,11,342,11463.7,14329.6,0.9112,ai_heavy
8220,12,342,12527.0,15658.7,0.9192,ai_heavy
8221,13,342,12274.9,15343.6,0.9243,ai_heavy
8222,14,342,11754.6,14693.3,0.926,ai_heavy
8223,15,342,12460.4,15575.5,0.9243,ai_heavy
8224,16,342,11533.4,14416.8,0.9192,ai_heavy
8225,17,342,11864.9,14831.2,0.9112,ai_heavy
8226,18,342,11317.4,14146.8,0.9009,ai_heavy
8227,19,342,12390.7,15488.4,0.889,ai_heavy
8228,20,342,11132.1,13915.1,0.8764,ai_heavy
8229,21,342,11176.5,13970.6,0.8638,ai_heavy
8230,22,342,11431.3,14289.1,0.8518,ai_heavy
8231,23,342,12089.0,15111.2,0.8409,ai_heavy
8232,0,343,11890.8,14863.5,0.8118,ai_heavy
8233,1,343,11614.7,14518.3,0.8172,ai_heavy
8234,2,343,11943.3,14929.1,0.8244,ai_heavy
8235,3,343,11570.3,14462.8,0.8335,ai_heavy
8236,4,343,11784.5,14730.6,0.8449,ai_heavy
8237,5,343,12247.0,15308.7,0.8584,ai_heavy
8238,6,343,11618.6,14523.2,0.874,ai_heavy
8239,7,343,11475.2,14344.0,0.8911,ai_heavy
8240,8,343,11953.8,14942.3,0.9092,ai_heavy
8241,9,343,12092.4,15115.4,0.9272,ai_heavy
8242,10,343,11908.6,14885.7,0.9441,ai_heavy
8243,11,343,12262.0,15327.5,0.9588,ai_heavy
8244,12,343,11858.4,14823.0,0.9703,ai_heavy
8245,13,343,11993.1,14991.4,0.9775,ai_heavy
8246,14,343,12087.5,15109.4,0.98,ai_heavy
8247,15,343,12050.4,15063.0,0.9775,ai_heavy
8248,16,343,12507.8,15634.8,0.9703,ai_heavy
8249,17,343,12035.7,15044.6,0.9588,ai_heavy
8250,18,343,11761.1,14701.3,0.9441,ai_heavy
8251,19,343,12017.0,15021.3,0.9272,ai_heavy
8252,20,343,12144.2,15180.3,0.9092,ai_heavy
8253,21,343,12018.1,15022.6,0.8911,ai_heavy
8254,22,343,11957.6,14947.0,0.874,ai_heavy
8255,23,343,11144.3,13930.4,0.8584,ai_heavy
8256,0,344,10695.3,13369.1,0.8118,ai_heavy
8257,1,344,12015.0,15018.8,0.8172,ai_heavy
8258,2,344,11741.6,14677.0,0.8244,ai_heavy
8259,3,344,11602.9,14503.7,0.8335,ai_heavy
8260,4,344,11879.4,14849.3,0.8449,ai_heavy
8261,5,344,12343.4,15429.3,0.8584,ai_heavy
8262,6,344,12201.5,15251.9,0.874,ai_heavy
8263,7,344,12084.3,15105.4,0.8911,ai_heavy
8264,8,344,11473.9,14342.4,0.9092,ai_heavy
8265,9,344,11561.1,14451.3,0.9272,ai_heavy
8266,10,344,11019.5,13774.4,0.9441,ai_heavy
8267,11,344,12129.9,15162.4,0.9588,ai_heavy
8268,12,344,12327.2,15409.0,0.9703,ai_heavy
8269,13,344,12374.0,15467.5,0.9775,ai_heavy
8270,14,344,12195.4,15244.3,0.98,ai_heavy
8271,15,344,11892.2,14865.2,0.9775,ai_heavy
8272,16,344,11728.5,14660.6,0.9703,ai_heavy
8273,17,344,11609.0,14511.2,0.9588,ai_heavy
8274,18,344,11811.1,14763.8,0.9441,ai_heavy
8275,19,344,11482.6,14353.3,0.9272,ai_heavy
8276,20,344,12408.4,15510.5,0.9092,ai_heavy
8277,21,344,11286.4,14108.0,0.8911,ai_heavy
8278,22,344,11636.0,14545.0,0.874,ai_heavy
8279,23,344,10990.9,13738.7,0.8584,ai_heavy
8280,0,345,11662.5,14578.2,0.8118,ai_heavy
8281,1,345,11571.5,14464.3,0.8172,ai_heavy
8282,2,345,11465.0,14331.2,0.8244,ai_heavy
8283,3,345,11285.6,14106.9,0.8335,ai_heavy
8284,4,345,11637.9,14547.4,0.8449,ai_heavy
8285,5,345,11478.1,14347.7,0.8584,ai_heavy
8286,6,345,11657.1,14571.4,0.874,ai_heavy
8287,7,345,12435.0,15543.7,0.8911,ai_heavy
8288,8,345,11848.4,14810.4,0.9092,ai_heavy
8289,9,345,12018.7,15023.4,0.9272,ai_heavy
8290,10,345,11703.9,14629.9,0.9441,ai_heavy
8291,11,345,11623.6,14529.5,0.9588,ai_heavy
8292,12,345,11922.2,14902.8,0.9703,ai_heavy
8293,13,345,12600.0,15750.0,0.9775,ai_heavy
8294,14,345,11850.1,14812.7,0.98,ai_heavy
8295,15,345,12076.9,15096.2,0.9775,ai_heavy
8296,16,345,11633.9,14542.4,0.9703,ai_heavy
8297,17,345,10919.8,13649.7,0.9588,ai_heavy
8298,18,345,11588.0,14485.0,0.9441,ai_heavy
8299,19,345,12600.0,15750.0,0.9272,ai_heavy
8300,20,345,11998.0,14997.5,0.9092,ai_heavy
8301,21,345,12323.5,15404.3,0.8911,ai_heavy
8302,22,345,11583.1,14478.8,0.874,ai_heavy
8303,23,345,10843.7,13554.6,0.8584,ai_heavy
8304,0,346,11175.2,13969.0,0.8118,ai_heavy
8305,1,346,11710.1,14637.6,0.8172,ai_heavy
8306,2,346,11671.6,14589.5,0.8244,ai_heavy
8307,3,346,11606.8,14508.5,0.8335,ai_heavy
8308,4,346,11451.9,14314.9,0.8449,ai_heavy
8309,5,346,11997.7,14997.1,0.8584,ai_heavy
8310,6,346,11529.1,14411.4,0.874,ai_heavy
8311,7,346,11853.7,14817.2,0.8911,ai_heavy
8312,8,346,11856.5,14820.7,0.9092,ai_heavy
8313,9,346,11698.9,14623.6,0.9272,ai_heavy
8314,10,346,11555.5,14444.3,0.9441,ai_heavy
8315,11,346,11751.1,14688.9,0.9588,ai_heavy
8316,12,346,12600.0,15750.0,0.9703,ai_heavy
8317,13,346,12346.1,15432.6,0.9775,ai_heavy
8318,14,346,12319.1,15398.9,0.98,ai_heavy
8319,15,346,11665.5,14581.9,0.9775,ai_heavy
8320,16,346,11415.9,14269.8,0.9703,ai_heavy
8321,17,346,12295.3,15369.1,0.9588,ai_heavy
8322,18,346,12191.4,15239.3,0.9441,ai_heavy
8323,19,346,11878.3,14847.9,0.9272,ai_heavy
8324,20,346,11656.4,14570.5,0.9092,ai_heavy
8325,21,346,11229.4,14036.8,0.8911,ai_heavy
8326,22,346,12009.8,15012.2,0.874,ai_heavy
8327,23,346,12084.0,15105.0,0.8584,ai_heavy
8328,0,347,11324.2,14155.2,0.8118,ai_heavy
8329,1,347,11307.5,14134.4,0.8172,ai_heavy
8330,2,347,12020.5,15025.6,0.8244,ai_heavy
8331,3,347,11386.9,14233.6,0.8335,ai_heavy
8332,4,347,12258.1,15322.6,0.8449,ai_heavy
8333,5,347,11630.6,14538.2,0.8584,ai_heavy
8334,6,347,11569.4,14461.8,0.874,ai_heavy
8335,7,347,11761.2,14701.5,0.8911,ai_heavy
8336,8,347,11650.7,14563.4,0.9092,ai_heavy
8337,9,347,12229.3,15286.7,0.9272,ai_heavy
8338,10,347,12184.7,15230.9,0.9441,ai_heavy
8339,11,347,12292.3,15365.4,0.9588,ai_heavy
8340,12,347,11996.5,14995.6,0.9703,ai_heavy
8341,13,347,11783.8,14729.8,0.9775,ai_heavy
8342,14,347,11949.9,14937.4,0.98,ai_heavy
8343,15,347,11794.8,14743.5,0.9775,ai_heavy
8344,16,347,12455.4,15569.2,0.9703,ai_heavy
8345,17,347,12261.6,15327.0,0.9588,ai_heavy
8346,18,347,11836.7,14795.9,0.9441,ai_heavy
8347,19,347,11500.8,14376.1,0.9272,ai_heavy
8348,20,347,12332.3,15415.4,0.9092,ai_heavy
8349,21,347,11793.4,14741.8,0.8911,ai_heavy
8350,22,347,11659.5,14574.3,0.874,ai_heavy
8351,23,347,12211.2,15264.0,0.8584,ai_heavy
8352,0,348,11374.7,14218.3,0.8083,ai_heavy
8353,1,348,11449.6,14312.0,0.812,ai_heavy
8354,2,348,11491.8,14364.7,0.8171,ai_heavy
8355,3,348,11129.3,13911.6,0.8235,ai_heavy
8356,4,348,11715.4,14644.3,0.8314,ai_heavy
8357,5,348,11361.8,14202.2,0.8409,ai_heavy
8358,6,348,11453.7,14317.1,0.8518,ai_heavy
8359,7,348,11434.4,14293.0,0.8638,ai_heavy
8360,8,348,11504.6,14380.7,0.8764,ai_heavy
8361,9,348,11444.9,14306.1,0.889,ai_heavy
8362,10,348,11855.4,14819.2,0.9009,ai_heavy
8363,11,348,11737.2,14671.4,0.9112,ai_heavy
8364,12,348,11827.9,14784.9,0.9192,ai_heavy
8365,13,348,12600.0,15750.0,0.9243,ai_heavy
8366,14,348,11771.6,14714.6,0.926,ai_heavy
8367,15,348,12037.3,15046.7,0.9243,ai_heavy
8368,16,348,12065.6,15082.0,0.9192,ai_heavy
8369,17,348,11770.0,14712.4,0.9112,ai_heavy
8370,18,348,11864.8,14830.9,0.9009,ai_heavy
8371,19,348,11747.6,14684.5,0.889,ai_heavy
8372,20,348,11782.0,14727.5,0.8764,ai_heavy
8373,21,348,11475.7,14344.7,0.8638,ai_heavy
8374,22,348,11480.4,14350.5,0.8518,ai_heavy
8375,23,348,11633.6,14542.0,0.8409,ai_heavy
8376,0,349,10868.0,13585.0,0.8083,ai_heavy
8377,1,349,12079.0,15098.8,0.812,ai_heavy
8378,2,349,12322.1,15402.6,0.8171,ai_heavy
8379,3,349,11646.1,14557.7,0.8235,ai_heavy
8380,4,349,11837.2,14796.5,0.8314,ai_heavy
8381,5,349,12004.8,15006.0,0.8409,ai_heavy
8382,6,349,11190.1,13987.6,0.8518,ai_heavy
8383,7,349,12006.6,15008.2,0.8638,ai_heavy
8384,8,349,11561.0,14451.3,0.8764,ai_heavy
8385,9,349,12547.2,15684.0,0.889,ai_heavy
8386,10,349,11701.6,14627.0,0.9009,ai_heavy
8387,11,349,12113.5,15141.8,0.9112,ai_heavy
8388,12,349,11747.7,14684.6,0.9192,ai_heavy
8389,13,349,12600.0,15750.0,0.9243,ai_heavy
8390,14,349,11645.1,14556.3,0.926,ai_heavy
8391,15,349,12236.0,15295.0,0.9243,ai_heavy
8392,16,349,12033.0,15041.2,0.9192,ai_heavy
8393,17,349,11935.2,14919.0,0.9112,ai_heavy
8394,18,349,11848.9,14811.2,0.9009,ai_heavy
8395,19,349,11505.4,14381.8,0.889,ai_heavy
8396,20,349,10802.3,13502.9,0.8764,ai_heavy
8397,21,349,12057.8,15072.2,0.8638,ai_heavy
8398,22,349,11482.3,14352.9,0.8518,ai_heavy
8399,23,349,12035.7,15044.6,0.8409,ai_heavy
8400,0,350,11681.7,14602.1,0.8118,ai_heavy
8401,1,350,11989.0,14986.2,0.8172,ai_heavy
8402,2,350,11867.8,14834.7,0.8244,ai_heavy
8403,3,350,10752.0,13440.0,0.8335,ai_heavy
8404,4,350,11851.7,14814.6,0.8449,ai_heavy
8405,5,350,11548.4,14435.5,0.8584,ai_heavy
8406,6,350,12114.3,15142.8,0.874,ai_heavy
8407,7,350,11953.6,14942.0,0.8911,ai_heavy
8408,8,350,12000.7,15000.9,0.9092,ai_heavy
8409,9,350,11733.0,14666.3,0.9272,ai_heavy
8410,10,350,11544.3,14430.4,0.9441,ai_heavy
8411,11,350,11749.1,14686.4,0.9588,ai_heavy
8412,12,350,11286.2,14107.8,0.9703,ai_heavy
8413,13,350,11735.8,14669.7,0.9775,ai_heavy
8414,14,350,11428.2,14285.2,0.98,ai_heavy
8415,15,350,11432.1,14290.1,0.9775,ai_heavy
8416,16,350,11972.1,14965.2,0.9703,ai_heavy
8417,17,350,12094.4,15118.0,0.9588,ai_heavy
8418,18,350,11857.9,14822.4,0.9441,ai_heavy
8419,19,350,11652.6,14565.8,0.9272,ai_heavy
8420,20,350,11452.4,14315.6,0.9092,ai_heavy
8421,21,350,11633.5,14541.9,0.8911,ai_heavy
8422,22,350,11416.4,14270.5,0.874,ai_heavy
8423,23,350,11646.7,14558.4,0.8584,ai_heavy
8424,0,351,11032.0,13790.0,0.8118,ai_heavy
8425,1,351,11815.8,14769.7,0.8172,ai_heavy
8426,2,351,11391.9,14239.8,0.8244,ai_heavy
8427,3,351,11741.5,14676.9,0.8335,ai_heavy
8428,4,351,11946.8,14933.5,0.8449,ai_heavy
8429,5,351,11783.5,14729.4,0.8584,ai_heavy
8430,6,351,11985.8,14982.2,0.874,ai_heavy
8431,7,351,11017.1,13771.3,0.8911,ai_heavy
8432,8,351,11613.2,14516.5,0.9092,ai_heavy
8433,9,351,12221.1,15276.4,0.9272,ai_heavy
8434,10,351,12050.6,15063.2,0.9441,ai_heavy
8435,11,351,12563.8,15704.8,0.9588,ai_heavy
8436,12,351,12540.5,15675.6,0.9703,ai_heavy
8437,13,351,12054.8,15068.5,0.9775,ai_heavy
8438,14,351,11862.8,14828.6,0.98,ai_heavy
8439,15,351,11603.9,14504.8,0.9775,ai_heavy
8440,16,351,11760.1,14700.2,0.9703,ai_heavy
8441,17,351,11757.9,14697.4,0.9588,ai_heavy
8442,18,351,11658.0,14572.5,0.9441,ai_heavy
8443,19,351,11503.7,14379.7,0.9272,ai_heavy
8444,20,351,11929.5,14911.8,0.9092,ai_heavy
8445,21,351,12343.1,15428.9,0.8911,ai_heavy
8446,22,351,12032.9,15041.1,0.874,ai_heavy
8447,23,351,11555.9,14444.8,0.8584,ai_heavy
8448,0,352,11911.3,14889.2,0.8118,ai_heavy
8449,1,352,11692.6,14615.8,0.8172,ai_heavy
8450,2,352,11574.9,14468.6,0.8244,ai_heavy
8451,3,352,11574.5,14468.2,0.8335,ai_heavy
8452,4,352,11567.2,14459.0,0.8449,ai_heavy
8453,5,352,11896.7,14870.8,0.8584,ai_heavy
8454,6,352,11754.2,14692.8,0.874,ai_heavy
8455,7,352,11488.6,14360.8,0.8911,ai_heavy
8456,8,352,11512.8,14390.9,0.9092,ai_heavy
8457,9,352,11938.2,14922.8,0.9272,ai_heavy
8458,10,352,12021.9,15027.4,0.9441,ai_heavy
8459,11,352,11791.9,14739.9,0.9588,ai_heavy
8460,12,352,11525.3,14406.6,0.9703,ai_heavy
8461,13,352,12395.8,15494.7,0.9775,ai_heavy
8462,14,352,12325.6,15407.0,0.98,ai_heavy
8463,15,352,11235.1,14043.8,0.9775,ai_heavy
8464,16,352,12409.9,15512.4,0.9703,ai_heavy
8465,17,352,11829.1,14786.4,0.9588,ai_heavy
8466,18,352,11936.9,14921.2,0.9441,ai_heavy
8467,19,352,12233.6,15292.0,0.9272,ai_heavy
8468,20,352,12371.8,15464.8,0.9092,ai_heavy
8469,21,352,12098.6,15123.3,0.8911,ai_heavy
8470,22,352,11789.8,14737.2,0.874,ai_heavy
8471,23,352,11187.2,13984.0,0.8584,ai_heavy
8472,0,353,10857.0,13571.3,0.8118,ai_heavy
8473,1,353,11877.2,14846.4,0.8172,ai_heavy
8474,2,353,12055.6,15069.5,0.8244,ai_heavy
8475,3,353,11326.7,14158.4,0.8335,ai_heavy
8476,4,353,11542.8,14428.6,0.8449,ai_heavy
8477,5,353,11473.7,14342.1,0.8584,ai_heavy
8478,6,353,11500.1,14375.2,0.874,ai_heavy
8479,7,353,12124.0,15155.0,0.8911,ai_heavy
8480,8,353,11864.7,14830.9,0.9092,ai_heavy
8481,9,353,11748.3,14685.4,0.9272,ai_heavy
8482,10,353,12600.0,15750.0,0.9441,ai_heavy
8483,11,353,11391.5,14239.3,0.9588,ai_heavy
8484,12,353,12126.5,15158.2,0.9703,ai_heavy
8485,13,353,11571.4,14464.3,0.9775,ai_heavy
8486,14,353,11896.7,14870.9,0.98,ai_heavy
8487,15,353,12000.7,15000.8,0.9775,ai_heavy
8488,16,353,12232.7,15290.9,0.9703,ai_heavy
8489,17,353,11810.4,14763.0,0.9588,ai_heavy
8490,18,353,11738.6,14673.3,0.9441,ai_heavy
8491,19,353,11730.6,14663.2,0.9272,ai_heavy
8492,20,353,11405.6,14257.0,0.9092,ai_heavy
8493,21,353,11968.1,14960.1,0.8911,ai_heavy
8494,22,353,11804.0,14754.9,0.874,ai_heavy
8495,23,353,11821.1,14776.3,0.8584,ai_heavy
8496,0,354,11535.6,14419.5,0.8118,ai_heavy
8497,1,354,11505.3,14381.7,0.8172,ai_heavy
8498,2,354,11997.7,14997.2,0.8244,ai_heavy
8499,3,354,11966.4,14957.9,0.8335,ai_heavy
8500,4,354,12130.9,15163.7,0.8449,ai_heavy
8501,5,354,11799.2,14749.0,0.8584,ai_heavy
8502,6,354,12180.2,15225.2,0.874,ai_heavy
8503,7,354,11598.7,14498.3,0.8911,ai_heavy
8504,8,354,11716.4,14645.6,0.9092,ai_heavy
8505,9,354,12253.8,15317.2,0.9272,ai_heavy
8506,10,354,12169.6,15212.0,0.9441,ai_heavy
8507,11,354,11800.0,14750.0,0.9588,ai_heavy
8508,12,354,11556.0,14445.0,0.9703,ai_heavy
8509,13,354,11874.3,14842.9,0.9775,ai_heavy
8510,14,354,11707.6,14634.5,0.98,ai_heavy
8511,15,354,12565.5,15706.9,0.9775,ai_heavy
8512,16,354,12202.5,15253.1,0.9703,ai_heavy
8513,17,354,11630.2,14537.7,0.9588,ai_heavy
8514,18,354,11497.2,14371.5,0.9441,ai_heavy
8515,19,354,11553.4,14441.8,0.9272,ai_heavy
8516,20,354,11589.9,14487.3,0.9092,ai_heavy
8517,21,354,11686.5,14608.2,0.8911,ai_heavy
8518,22,354,12096.5,15120.7,0.874,ai_heavy
8519,23,354,11330.4,14163.0,0.8584,ai_heavy
8520,0,355,12344.8,15431.0,0.8083,ai_heavy
8521,1,355,11233.1,14041.3,0.812,ai_heavy
8522,2,355,11082.7,13853.4,0.8171,ai_heavy
8523,3,355,12173.8,15217.2,0.8235,ai_heavy
8524,4,355,12065.5,15081.9,0.8314,ai_heavy
8525,5,355,11564.1,14455.1,0.8409,ai_heavy
8526,6,355,11786.5,14733.2,0.8518,ai_heavy
8527,7,355,11823.8,14779.7,0.8638,ai_heavy
8528,8,355,11758.9,14698.6,0.8764,ai_heavy
8529,9,355,11283.7,14104.6,0.889,ai_heavy
8530,10,355,10891.8,13614.8,0.9009,ai_heavy
8531,11,355,11493.4,14366.7,0.9112,ai_heavy
8532,12,355,12454.4,15568.0,0.9192,ai_heavy
8533,13,355,12480.9,15601.1,0.9243,ai_heavy
8534,14,355,11733.9,14667.4,0.926,ai_heavy
8535,15,355,11483.0,14353.7,0.9243,ai_heavy
8536,16,355,11909.5,14886.8,0.9192,ai_heavy
8537,17,355,11947.5,14934.4,0.9112,ai_heavy
8538,18,355,11980.2,14975.2,0.9009,ai_heavy
8539,19,355,10850.3,13562.9,0.889,ai_heavy
8540,20,355,12600.0,15750.0,0.8764,ai_heavy
8541,21,355,12078.2,15097.7,0.8638,ai_heavy
8542,22,355,11584.0,14480.0,0.8518,ai_heavy
8543,23,355,11377.1,14221.4,0.8409,ai_heavy
8544,0,356,11893.5,14866.9,0.8083,ai_heavy
8545,1,356,11732.0,14665.0,0.812,ai_heavy
8546,2,356,11603.9,14504.9,0.8171,ai_heavy
8547,3,356,11746.2,14682.8,0.8235,ai_heavy
8548,4,356,11566.3,14457.8,0.8314,ai_heavy
8549,5,356,11767.9,14709.9,0.8409,ai_heavy
8550,6,356,11907.1,14883.9,0.8518,ai_heavy
8551,7,356,11801.6,14752.0,0.8638,ai_heavy
8552,8,356,11813.0,14766.3,0.8764,ai_heavy
8553,9,356,12230.9,15288.7,0.889,ai_heavy
8554,10,356,11204.2,14005.3,0.9009,ai_heavy
8555,11,356,11509.9,14387.4,0.9112,ai_heavy
8556,12,356,11820.3,14775.4,0.9192,ai_heavy
8557,13,356,11563.9,14454.9,0.9243,ai_heavy
8558,14,356,11686.3,14607.9,0.926,ai_heavy
8559,15,356,12279.5,15349.4,0.9243,ai_heavy
8560,16,356,11758.1,14697.7,0.9192,ai_heavy
8561,17,356,11145.1,13931.4,0.9112,ai_heavy
8562,18,356,11618.6,14523.3,0.9009,ai_heavy
8563,19,356,11760.8,14701.0,0.889,ai_heavy
8564,20,356,11724.8,14656.0,0.8764,ai_heavy
8565,21,356,11876.1,14845.2,0.8638,ai_heavy
8566,22,356,11819.1,14773.8,0.8518,ai_heavy
8567,23,356,11579.3,14474.1,0.8409,ai_heavy
8568,0,357,11145.9,13932.4,0.8118,ai_heavy
8569,1,357,11419.1,14273.9,0.8172,ai_heavy
8570,2,357,11372.5,14215.6,0.8244,ai_heavy
8571,3,357,11511.2,14388.9,0.8335,ai_heavy
8572,4,357,11878.3,14847.9,0.8449,ai_heavy
8573,5,357,11810.2,14762.8,0.8584,ai_heavy
8574,6,357,11994.5,14993.1,0.874,ai_heavy
8575,7,357,11609.9,14512.4,0.8911,ai_heavy
8576,8,357,12320.9,15401.1,0.9092,ai_heavy
8577,9,357,12068.4,15085.5,0.9272,ai_heavy
8578,10,357,11909.2,14886.5,0.9441,ai_heavy
8579,11,357,12119.2,15149.0,0.9588,ai_heavy
8580,12,357,11688.6,14610.7,0.9703,ai_heavy
8581,13,357,11191.6,13989.5,0.9775,ai_heavy
8582,14,357,11735.6,14669.6,0.98,ai_heavy
8583,15,357,12215.3,15269.1,0.9775,ai_heavy
8584,16,357,11959.1,14948.9,0.9703,ai_heavy
8585,17,357,11854.8,14818.6,0.9588,ai_heavy
8586,18,357,11567.4,14459.2,0.9441,ai_heavy
8587,19,357,11135.5,13919.4,0.9272,ai_heavy
8588,20,357,12291.3,15364.2,0.9092,ai_heavy
8589,21,357,11672.0,14590.0,0.8911,ai_heavy
8590,22,357,11554.3,14442.9,0.874,ai_heavy
8591,23,357,11433.6,14292.0,0.8584,ai_heavy
8592,0,358,11994.7,14993.4,0.8118,ai_heavy
8593,1,358,11878.3,14847.8,0.8172,ai_heavy
8594,2,358,11252.7,14065.9,0.8244,ai_heavy
8595,3,358,12016.1,15020.1,0.8335,ai_heavy
8596,4,358,11586.4,14483.0,0.8449,ai_heavy
8597,5,358,11455.0,14318.8,0.8584,ai_heavy
8598,6,358,11602.1,14502.6,0.874,ai_heavy
8599,7,358,11469.3,14336.6,0.8911,ai_heavy
8600,8,358,11320.4,14150.5,0.9092,ai_heavy
8601,9,358,12105.1,15131.4,0.9272,ai_heavy
8602,10,358,11790.7,14738.4,0.9441,ai_heavy
8603,11,358,12124.1,15155.2,0.9588,ai_heavy
8604,12,358,12033.2,15041.5,0.9703,ai_heavy
8605,13,358,12144.0,15180.0,0.9775,ai_heavy
8606,14,358,11219.5,14024.4,0.98,ai_heavy
8607,15,358,11636.7,14545.9,0.9775,ai_heavy
8608,16,358,12134.2,15167.8,0.9703,ai_heavy
8609,17,358,11448.5,14310.6,0.9588,ai_heavy
8610,18,358,12002.1,15002.6,0.9441,ai_heavy
8611,19,358,11336.1,14170.1,0.9272,ai_heavy
8612,20,358,11793.3,14741.6,0.9092,ai_heavy
8613,21,358,12312.6,15390.7,0.8911,ai_heavy
8614,22,358,11977.2,14971.5,0.874,ai_heavy
8615,23,358,11020.9,13776.1,0.8584,ai_heavy
8616,0,359,11853.9,14817.4,0.8118,ai_heavy
8617,1,359,12204.9,15256.1,0.8172,ai_heavy
8618,2,359,12561.4,15701.8,0.8244,ai_heavy
8619,3,359,11775.9,14719.9,0.8335,ai_heavy
8620,4,359,11160.7,13950.9,0.8449,ai_heavy
8621,5,359,11820.9,14776.1,0.8584,ai_heavy
8622,6,359,12265.6,15332.0,0.874,ai_heavy
8623,7,359,11679.3,14599.2,0.8911,ai_heavy
8624,8,359,12156.3,15195.4,0.9092,ai_heavy
8625,9,359,11531.7,14414.6,0.9272,ai_heavy
8626,10,359,12001.9,15002.3,0.9441,ai_heavy
8627,11,359,11014.7,13768.3,0.9588,ai_heavy
8628,12,359,11590.3,14487.9,0.9703,ai_heavy
8629,13,359,11945.2,14931.5,0.9775,ai_heavy
8630,14,359,11822.9,14778.6,0.98,ai_heavy
8631,15,359,11481.2,14351.5,0.9775,ai_heavy
8632,16,359,11751.6,14689.5,0.9703,ai_heavy
8633,17,359,12021.4,15026.8,0.9588,ai_heavy
8634,18,359,11838.6,14798.2,0.9441,ai_heavy
8635,19,359,11851.3,14814.1,0.9272,ai_heavy
8636,20,359,12046.3,15057.9,0.9092,ai_heavy
8637,21,359,11624.4,14530.4,0.8911,ai_heavy
8638,22,359,12182.4,15228.1,0.874,ai_heavy
8639,23,359,11322.4,14153.0,0.8584,ai_heavy
8640,0,360,12228.3,15285.4,0.8118,ai_heavy
8641,1,360,11958.7,14948.4,0.8172,ai_heavy
8642,2,360,11465.2,14331.5,0.8244,ai_heavy
8643,3,360,11509.7,14387.1,0.8335,ai_heavy
8644,4,360,11709.2,14636.5,0.8449,ai_heavy
8645,5,360,11878.3,14847.9,0.8584,ai_heavy
8646,6,360,12089.5,15111.9,0.874,ai_heavy
8647,7,360,11272.9,14091.1,0.8911,ai_heavy
8648,8,360,11942.2,14927.7,0.9092,ai_heavy
8649,9,360,11078.5,13848.1,0.9272,ai_heavy
8650,10,360,11806.1,14757.7,0.9441,ai_heavy
8651,11,360,12422.9,15528.6,0.9588,ai_heavy
8652,12,360,11423.1,14278.8,0.9703,ai_heavy
8653,13,360,11374.2,14217.7,0.9775,ai_heavy
8654,14,360,12032.4,15040.5,0.98,ai_heavy
8655,15,360,12444.7,15555.8,0.9775,ai_heavy
8656,16,360,12046.9,15058.6,0.9703,ai_heavy
8657,17,360,11223.5,14029.4,0.9588,ai_heavy
8658,18,360,11269.9,14087.4,0.9441,ai_heavy
8659,19,360,11864.3,14830.4,0.9272,ai_heavy
8660,20,360,11370.5,14213.1,0.9092,ai_heavy
8661,21,360,11793.4,14741.8,0.8911,ai_heavy
8662,22,360,11774.0,14717.5,0.874,ai_heavy
8663,23,360,11497.3,14371.6,0.8584,ai_heavy
8664,0,361,12189.0,15236.3,0.8118,ai_heavy
8665,1,361,11777.3,14721.6,0.8172,ai_heavy
8666,2,361,12010.2,15012.8,0.8244,ai_heavy
8667,3,361,11931.1,14913.9,0.8335,ai_heavy
8668,4,361,11584.6,14480.8,0.8449,ai_heavy
8669,5,361,11600.7,14500.8,0.8584,ai_heavy
8670,6,361,11600.6,14500.8,0.874,ai_heavy
8671,7,361,11985.3,14981.6,0.8911,ai_heavy
8672,8,361,11557.5,14446.9,0.9092,ai_heavy
8673,9,361,12441.8,15552.3,0.9272,ai_heavy
8674,10,361,11603.7,14504.6,0.9441,ai_heavy
8675,11,361,11980.3,14975.4,0.9588,ai_heavy
8676,12,361,11848.4,14810.6,0.9703,ai_heavy
8677,13,361,11785.8,14732.3,0.9775,ai_heavy
8678,14,361,12600.0,15750.0,0.98,ai_heavy
8679,15,361,11790.0,14737.5,0.9775,ai_heavy
8680,16,361,11821.4,14776.7,0.9703,ai_heavy
8681,17,361,11666.5,14583.2,0.9588,ai_heavy
8682,18,361,11883.9,14854.9,0.9441,ai_heavy
8683,19,361,11793.7,14742.1,0.9272,ai_heavy
8684,20,361,11391.7,14239.6,0.9092,ai_heavy
8685,21,361,11595.7,14494.7,0.8911,ai_heavy
8686,22,361,11919.3,14899.1,0.874,ai_heavy
8687,23,361,12028.3,15035.3,0.8584,ai_heavy
8688,0,362,11559.7,14449.6,0.8083,ai_heavy
8689,1,362,11580.7,14475.8,0.812,ai_heavy
8690,2,362,11446.6,14308.2,0.8171,ai_heavy
8691,3,362,11412.3,14265.3,0.8235,ai_heavy
8692,4,362,11285.4,14106.7,0.8314,ai_heavy
8693,5,362,11084.7,13855.9,0.8409,ai_heavy
8694,6,362,11407.6,14259.5,0.8518,ai_heavy
8695,7,362,11998.1,14997.6,0.8638,ai_heavy
8696,8,362,11561.7,14452.2,0.8764,ai_heavy
8697,9,362,11618.5,14523.1,0.889,ai_heavy
8698,10,362,11639.1,14548.8,0.9009,ai_heavy
8699,11,362,12232.5,15290.7,0.9112,ai_heavy
8700,12,362,11482.0,14352.4,0.9192,ai_heavy
8701,13,362,11921.0,14901.3,0.9243,ai_heavy
8702,14,362,11802.5,14753.2,0.926,ai_heavy
8703,15,362,11846.9,14808.6,0.9243,ai_heavy
8704,16,362,11897.5,14871.9,0.9192,ai_heavy
8705,17,362,11812.4,14765.5,0.9112,ai_heavy
8706,18,362,12048.1,15060.1,0.9009,ai_heavy
8707,19,362,11730.0,14662.6,0.889,ai_heavy
8708,20,362,12323.7,15404.6,0.8764,ai_heavy
8709,21,362,11696.9,14621.1,0.8638,ai_heavy
8710,22,362,11057.7,13822.1,0.8518,ai_heavy
8711,23,362,11850.4,14813.0,0.8409,ai_heavy
8712,0,363,11687.3,14609.1,0.8083,ai_heavy
8713,1,363,11571.5,14464.4,0.812,ai_heavy
8714,2,363,11481.8,14352.2,0.8171,ai_heavy
8715,3,363,10851.9,13564.8,0.8235,ai_heavy
8716,4,363,10927.7,13659.6,0.8314,ai_heavy
8717,5,363,12202.4,15253.0,0.8409,ai_heavy
8718,6,363,11448.5,14310.7,0.8518,ai_heavy
8719,7,363,12019.7,15024.6,0.8638,ai_heavy
8720,8,363,11147.6,13934.6,0.8764,ai_heavy
8721,9,363,11371.6,14214.5,0.889,ai_heavy
8722,10,363,12007.7,15009.6,0.9009,ai_heavy
8723,11,363,11755.9,14694.9,0.9112,ai_heavy
8724,12,363,12001.4,15001.8,0.9192,ai_heavy
8725,13,363,11817.9,14772.4,0.9243,ai_heavy
8726,14,363,11753.2,14691.4,0.926,ai_heavy
8727,15,363,11581.6,14477.0,0.9243,ai_heavy
8728,16,363,11387.8,14234.8,0.9192,ai_heavy
8729,17,363,12288.4,15360.5,0.9112,ai_heavy
8730,18,363,12321.4,15401.8,0.9009,ai_heavy
8731,19,363,11374.5,14218.1,0.889,ai_heavy
8732,20,363,11322.9,14153.7,0.8764,ai_heavy
8733,21,363,11559.4,14449.3,0.8638,ai_heavy
8734,22,363,11772.2,14715.3,0.8518,ai_heavy
8735,23,363,11564.3,14455.4,0.8409,ai_heavy
8736,0,364,11732.9,14666.1,0.8118,ai_heavy
8737,1,364,11555.2,14444.0,0.8172,ai_heavy
8738,2,364,11549.1,14436.4,0.8244,ai_heavy
8739,3,364,12451.0,15563.7,0.8335,ai_heavy
8740,4,364,11453.7,14317.1,0.8449,ai_heavy
8741,5,364,12242.8,15303.5,0.8584,ai_heavy
8742,6,364,12213.2,15266.5,0.874,ai_heavy
8743,7,364,11922.9,14903.6,0.8911,ai_heavy
8744,8,364,11106.3,13882.9,0.9092,ai_heavy
8745,9,364,11840.7,14800.8,0.9272,ai_heavy
8746,10,364,11686.0,14607.5,0.9441,ai_heavy
8747,11,364,11910.9,14888.6,0.9588,ai_heavy
8748,12,364,11550.0,14437.5,0.9703,ai_heavy
8749,13,364,12218.4,15273.1,0.9775,ai_heavy
8750,14,364,12306.4,15383.0,0.98,ai_heavy
8751,15,364,12366.8,15458.4,0.9775,ai_heavy
8752,16,364,11793.7,14742.1,0.9703,ai_heavy
8753,17,364,11525.4,14406.7,0.9588,ai_heavy
8754,18,364,11994.5,14993.1,0.9441,ai_heavy
8755,19,364,12452.9,15566.1,0.9272,ai_heavy
8756,20,364,11812.0,14765.0,0.9092,ai_heavy
8757,21,364,11904.6,14880.8,0.8911,ai_heavy
8758,22,364,11622.7,14528.3,0.874,ai_heavy
8759,23,364,11492.5,14365.6,0.8584,ai_heavy
