hour,hour_of_day,day_of_year,it_load_kw,facility_load_kw,utilization,scenario
0,0,0,12013.5,14416.2,0.4829,cloud_heavy
1,1,0,11666.7,14000.0,0.4978,cloud_heavy
2,2,0,12500.4,15000.5,0.5177,cloud_heavy
3,3,0,12811.3,15373.5,0.5431,cloud_heavy
4,4,0,12003.9,14404.6,0.5747,cloud_heavy
5,5,0,12585.2,15102.2,0.6123,cloud_heavy
6,6,0,13546.7,16256.0,0.6556,cloud_heavy
7,7,0,13801.1,16561.4,0.7032,cloud_heavy
8,8,0,14387.4,17264.9,0.7533,cloud_heavy
9,9,0,14475.4,17370.5,0.8033,cloud_heavy
10,10,0,15692.2,18830.6,0.8504,cloud_heavy
11,11,0,16030.8,19236.9,0.8912,cloud_heavy
12,12,0,15989.0,19186.9,0.923,cloud_heavy
13,13,0,16688.6,20026.4,0.9431,cloud_heavy
14,14,0,16433.5,19720.3,0.95,cloud_heavy
15,15,0,15726.6,18871.9,0.9431,cloud_heavy
16,16,0,16134.0,19360.8,0.923,cloud_heavy
17,17,0,15214.6,18257.5,0.8912,cloud_heavy
18,18,0,15691.7,18830.1,0.8504,cloud_heavy
19,19,0,14833.4,17800.0,0.8033,cloud_heavy
20,20,0,14314.8,17177.8,0.7533,cloud_heavy
21,21,0,13648.7,16378.4,0.7032,cloud_heavy
22,22,0,13989.9,16787.8,0.6556,cloud_heavy
23,23,0,13036.1,15643.3,0.6123,cloud_heavy
24,0,1,11751.7,14102.1,0.4829,cloud_heavy
25,1,1,11915.2,14298.2,0.4978,cloud_heavy
26,2,1,12420.4,14904.5,0.5177,cloud_heavy
27,3,1,12596.3,15115.6,0.5431,cloud_heavy
28,4,1,12908.0,15489.6,0.5747,cloud_heavy
29,5,1,13266.1,15919.3,0.6123,cloud_heavy
30,6,1,14362.0,17234.3,0.6556,cloud_heavy
31,7,1,13763.5,16516.1,0.7032,cloud_heavy
32,8,1,14173.4,17008.1,0.7533,cloud_heavy
33,9,1,14492.9,17391.5,0.8033,cloud_heavy
34,10,1,15571.3,18685.6,0.8504,cloud_heavy
35,11,1,16195.8,19435.0,0.8912,cloud_heavy
36,12,1,15902.9,19083.5,0.923,cloud_heavy
37,13,1,15735.9,18883.0,0.9431,cloud_heavy
38,14,1,15805.4,18966.5,0.95,cloud_heavy
39,15,1,16457.8,19749.4,0.9431,cloud_heavy
40,16,1,16313.3,19575.9,0.923,cloud_heavy
41,17,1,15920.5,19104.6,0.8912,cloud_heavy
42,18,1,14983.6,17980.3,0.8504,cloud_heavy
43,19,1,14959.1,17950.9,0.8033,cloud_heavy
44,20,1,14445.0,17334.0,0.7533,cloud_heavy
45,21,1,14024.7,16829.7,0.7032,cloud_heavy
46,22,1,13847.7,16617.3,0.6556,cloud_heavy
47,23,1,13184.7,15821.6,0.6123,cloud_heavy
48,0,2,12147.2,14576.6,0.4829,cloud_heavy
49,1,2,12066.8,14480.2,0.4978,cloud_heavy
50,2,2,12331.2,14797.5,0.5177,cloud_heavy
51,3,2,12695.7,15234.8,0.5431,cloud_heavy
52,4,2,12192.8,14631.3,0.5747,cloud_heavy
53,5,2,12971.2,15565.5,0.6123,cloud_heavy
54,6,2,13304.5,15965.4,0.6556,cloud_heavy
55,7,2,13666.3,16399.5,0.7032,cloud_heavy
56,8,2,14275.8,17131.0,0.7533,cloud_heavy
57,9,2,15521.9,18626.2,0.8033,cloud_heavy
58,10,2,14891.7,17870.0,0.8504,cloud_heavy
59,11,2,16120.3,19344.4,0.8912,cloud_heavy
60,12,2,15151.8,18182.2,0.923,cloud_heavy
61,13,2,15980.6,19176.7,0.9431,cloud_heavy
62,14,2,16285.4,19542.5,0.95,cloud_heavy
63,15,2,16426.6,19712.0,0.9431,cloud_heavy
64,16,2,16297.9,19557.5,0.923,cloud_heavy
65,17,2,16038.1,19245.7,0.8912,cloud_heavy
66,18,2,15128.9,18154.6,0.8504,cloud_heavy
67,19,2,14649.6,17579.5,0.8033,cloud_heavy
68,20,2,14765.2,17718.2,0.7533,cloud_heavy
69,21,2,13853.4,16624.0,0.7032,cloud_heavy
70,22,2,12978.5,15574.1,0.6556,cloud_heavy
71,23,2,12651.6,15181.9,0.6123,cloud_heavy
72,0,3,11576.3,13891.6,0.4829,cloud_heavy
73,1,3,12222.0,14666.4,0.4978,cloud_heavy
74,2,3,12277.4,14732.9,0.5177,cloud_heavy
75,3,3,12717.8,15261.4,0.5431,cloud_heavy
76,4,3,12586.7,15104.1,0.5747,cloud_heavy
77,5,3,13159.1,15791.0,0.6123,cloud_heavy
78,6,3,13748.2,16497.8,0.6556,cloud_heavy
79,7,3,13804.0,16564.8,0.7032,cloud_heavy
80,8,3,14591.9,17510.3,0.7533,cloud_heavy
81,9,3,14560.6,17472.7,0.8033,cloud_heavy
82,10,3,15122.3,18146.8,0.8504,cloud_heavy
83,11,3,15485.8,18583.0,0.8912,cloud_heavy
84,12,3,15385.0,18462.0,0.923,cloud_heavy
85,13,3,16378.6,19654.3,0.9431,cloud_heavy
86,14,3,15978.0,19173.6,0.95,cloud_heavy
87,15,3,16148.8,19378.6,0.9431,cloud_heavy
88,16,3,16187.6,19425.1,0.923,cloud_heavy
89,17,3,15875.1,19050.1,0.8912,cloud_heavy
90,18,3,15594.0,18712.8,0.8504,cloud_heavy
91,19,3,14811.7,17774.1,0.8033,cloud_heavy
92,20,3,14211.9,17054.2,0.7533,cloud_heavy
93,21,3,13900.0,16680.0,0.7032,cloud_heavy
94,22,3,12811.8,15374.2,0.6556,cloud_heavy
95,23,3,12528.3,15033.9,0.6123,cloud_heavy
96,0,4,11432.3,13718.8,0.4829,cloud_heavy
97,1,4,11682.1,14018.5,0.4978,cloud_heavy
98,2,4,12371.8,14846.2,0.5177,cloud_heavy
99,3,4,12121.2,14545.5,0.5431,cloud_heavy
100,4,4,12605.5,15126.6,0.5747,cloud_heavy
101,5,4,13607.3,16328.8,0.6123,cloud_heavy
102,6,4,13350.7,16020.8,0.6556,cloud_heavy
103,7,4,14241.6,17089.9,0.7032,cloud_heavy
104,8,4,13991.5,16789.8,0.7533,cloud_heavy
105,9,4,14764.1,17716.9,0.8033,cloud_heavy
106,10,4,14853.1,17823.7,0.8504,cloud_heavy
107,11,4,15505.9,18607.1,0.8912,cloud_heavy
108,12,4,16359.7,19631.7,0.923,cloud_heavy
109,13,4,15306.2,18367.5,0.9431,cloud_heavy
110,14,4,16417.5,19701.0,0.95,cloud_heavy
111,15,4,16257.9,19509.5,0.9431,cloud_heavy
112,16,4,15673.0,18807.6,0.923,cloud_heavy
113,17,4,14985.7,17982.8,0.8912,cloud_heavy
114,18,4,15321.9,18386.3,0.8504,cloud_heavy
115,19,4,14619.6,17543.6,0.8033,cloud_heavy
116,20,4,14495.1,17394.2,0.7533,cloud_heavy
117,21,4,13942.5,16731.0,0.7032,cloud_heavy
118,22,4,14143.4,16972.1,0.6556,cloud_heavy
119,23,4,13002.8,15603.4,0.6123,cloud_heavy
120,0,5,11451.2,13741.4,0.473,cloud_heavy
121,1,5,11974.4,14369.2,0.4835,cloud_heavy
122,2,5,12117.7,14541.3,0.4974,cloud_heavy
123,3,5,12700.0,15240.0,0.5152,cloud_heavy
124,4,5,12716.5,15259.8,0.5373,cloud_heavy
125,5,5,12783.8,15340.6,0.5636,cloud_heavy
126,6,5,13494.6,16193.5,0.5939,cloud_heavy
127,7,5,12762.0,15314.4,0.6272,cloud_heavy
128,8,5,13296.7,15956.0,0.6623,cloud_heavy
129,9,5,13493.7,16192.5,0.6973,cloud_heavy
130,10,5,14016.9,16820.3,0.7303,cloud_heavy
131,11,5,13849.7,16619.6,0.7589,cloud_heavy
132,12,5,14930.0,17916.0,0.7811,cloud_heavy
133,13,5,14682.0,17618.4,0.7952,cloud_heavy
134,14,5,14170.9,17005.0,0.8,cloud_heavy
135,15,5,14330.2,17196.3,0.7952,cloud_heavy
136,16,5,14788.6,17746.4,0.7811,cloud_heavy
137,17,5,14809.5,17771.4,0.7589,cloud_heavy
138,18,5,15032.4,18038.8,0.7303,cloud_heavy
139,19,5,15092.8,18111.4,0.6973,cloud_heavy
140,20,5,13725.4,16470.5,0.6623,cloud_heavy
141,21,5,12841.1,15409.3,0.6272,cloud_heavy
142,22,5,12100.2,14520.3,0.5939,cloud_heavy
143,23,5,12750.0,15300.0,0.5636,cloud_heavy
144,0,6,11525.8,13831.0,0.473,cloud_heavy
145,1,6,11761.9,14114.3,0.4835,cloud_heavy
146,2,6,11817.2,14180.6,0.4974,cloud_heavy
147,3,6,12150.9,14581.1,0.5152,cloud_heavy
148,4,6,12802.5,15362.9,0.5373,cloud_heavy
149,5,6,12708.0,15249.6,0.5636,cloud_heavy
150,6,6,12865.5,15438.7,0.5939,cloud_heavy
151,7,6,12822.8,15387.3,0.6272,cloud_heavy
152,8,6,12875.8,15450.9,0.6623,cloud_heavy
153,9,6,13677.1,16412.5,0.6973,cloud_heavy
154,10,6,14159.9,16991.9,0.7303,cloud_heavy
155,11,6,15212.5,18255.0,0.7589,cloud_heavy
156,12,6,14708.1,17649.7,0.7811,cloud_heavy
157,13,6,15216.3,18259.6,0.7952,cloud_heavy
158,14,6,14602.9,17523.5,0.8,cloud_heavy
159,15,6,14255.1,17106.1,0.7952,cloud_heavy
160,16,6,14226.6,17072.0,0.7811,cloud_heavy
161,17,6,14132.0,16958.4,0.7589,cloud_heavy
162,18,6,15088.4,18106.1,0.7303,cloud_heavy
163,19,6,13537.5,16245.0,0.6973,cloud_heavy
164,20,6,13897.9,16677.5,0.6623,cloud_heavy
165,21,6,12875.5,15450.6,0.6272,cloud_heavy
166,22,6,13288.3,15946.0,0.5939,cloud_heavy
167,23,6,12794.5,15353.4,0.5636,cloud_heavy
168,0,7,11848.8,14218.5,0.4829,cloud_heavy
169,1,7,12027.7,14433.2,0.4978,cloud_heavy
170,2,7,11985.0,14382.1,0.5177,cloud_heavy
171,3,7,12626.4,15151.7,0.5431,cloud_heavy
172,4,7,12576.1,15091.3,0.5747,cloud_heavy
173,5,7,12615.3,15138.3,0.6123,cloud_heavy
174,6,7,12977.5,15573.1,0.6556,cloud_heavy
175,7,7,14005.5,16806.6,0.7032,cloud_heavy
176,8,7,15076.6,18091.9,0.7533,cloud_heavy
177,9,7,14926.9,17912.3,0.8033,cloud_heavy
178,10,7,15234.4,18281.3,0.8504,cloud_heavy
179,11,7,15799.6,18959.5,0.8912,cloud_heavy
180,12,7,16582.7,19899.2,0.923,cloud_heavy
181,13,7,16249.0,19498.8,0.9431,cloud_heavy
182,14,7,16006.5,19207.8,0.95,cloud_heavy
183,15,7,16678.5,20014.2,0.9431,cloud_heavy
184,16,7,16162.7,19395.2,0.923,cloud_heavy
185,17,7,16387.0,19664.4,0.8912,cloud_heavy
186,18,7,15372.9,18447.4,0.8504,cloud_heavy
187,19,7,14309.9,17171.9,0.8033,cloud_heavy
188,20,7,13803.8,16564.6,0.7533,cloud_heavy
189,21,7,14623.4,17548.1,0.7032,cloud_heavy
190,22,7,14192.7,17031.3,0.6556,cloud_heavy
191,23,7,13026.3,15631.6,0.6123,cloud_heavy
192,0,8,11767.9,14121.4,0.4829,cloud_heavy
193,1,8,12570.4,15084.5,0.4978,cloud_heavy
194,2,8,11819.2,14183.0,0.5177,cloud_heavy
195,3,8,12125.3,14550.3,0.5431,cloud_heavy
196,4,8,12996.2,15595.5,0.5747,cloud_heavy
197,5,8,12941.8,15530.2,0.6123,cloud_heavy
198,6,8,13492.8,16191.4,0.6556,cloud_heavy
199,7,8,13865.0,16638.0,0.7032,cloud_heavy
200,8,8,14540.4,17448.5,0.7533,cloud_heavy
201,9,8,15482.9,18579.5,0.8033,cloud_heavy
202,10,8,15330.4,18396.4,0.8504,cloud_heavy
203,11,8,15967.9,19161.4,0.8912,cloud_heavy
204,12,8,14976.0,17971.2,0.923,cloud_heavy
205,13,8,16119.2,19343.0,0.9431,cloud_heavy
206,14,8,15796.3,18955.5,0.95,cloud_heavy
207,15,8,15552.5,18663.0,0.9431,cloud_heavy
208,16,8,15537.0,18644.5,0.923,cloud_heavy
209,17,8,15508.2,18609.9,0.8912,cloud_heavy
210,18,8,15708.9,18850.7,0.8504,cloud_heavy
211,19,8,14264.5,17117.4,0.8033,cloud_heavy
212,20,8,14407.9,17289.5,0.7533,cloud_heavy
213,21,8,13731.0,16477.1,0.7032,cloud_heavy
214,22,8,13362.3,16034.7,0.6556,cloud_heavy
215,23,8,13490.8,16189.0,0.6123,cloud_heavy
216,0,9,12096.9,14516.3,0.4829,cloud_heavy
217,1,9,12525.6,15030.7,0.4978,cloud_heavy
218,2,9,12168.5,14602.2,0.5177,cloud_heavy
219,3,9,12199.6,14639.5,0.5431,cloud_heavy
220,4,9,12664.5,15197.4,0.5747,cloud_heavy
221,5,9,13192.1,15830.5,0.6123,cloud_heavy
222,6,9,13566.4,16279.7,0.6556,cloud_heavy
223,7,9,13480.1,16176.1,0.7032,cloud_heavy
224,8,9,14433.7,17320.5,0.7533,cloud_heavy
225,9,9,14957.3,17948.8,0.8033,cloud_heavy
226,10,9,16443.5,19732.2,0.8504,cloud_heavy
227,11,9,16547.3,19856.7,0.8912,cloud_heavy
228,12,9,15549.0,18658.8,0.923,cloud_heavy
229,13,9,16003.6,19204.3,0.9431,cloud_heavy
230,14,9,15494.7,18593.7,0.95,cloud_heavy
231,15,9,15856.7,19028.0,0.9431,cloud_heavy
232,16,9,16108.5,19330.2,0.923,cloud_heavy
233,17,9,16231.9,19478.3,0.8912,cloud_heavy
234,18,9,14954.4,17945.3,0.8504,cloud_heavy
235,19,9,14564.1,17476.9,0.8033,cloud_heavy
236,20,9,13467.4,16160.8,0.7533,cloud_heavy
237,21,9,13865.3,16638.4,0.7032,cloud_heavy
238,22,9,13064.8,15677.8,0.6556,cloud_heavy
239,23,9,12888.8,15466.6,0.6123,cloud_heavy
240,0,10,11591.5,13909.9,0.4829,cloud_heavy
241,1,10,12008.3,14410.0,0.4978,cloud_heavy
242,2,10,11580.5,13896.6,0.5177,cloud_heavy
243,3,10,11911.3,14293.6,0.5431,cloud_heavy
244,4,10,13564.6,16277.5,0.5747,cloud_heavy
245,5,10,12591.0,15109.2,0.6123,cloud_heavy
246,6,10,13050.9,15661.1,0.6556,cloud_heavy
247,7,10,14701.2,17641.4,0.7032,cloud_heavy
248,8,10,15649.2,18779.0,0.7533,cloud_heavy
249,9,10,14333.5,17200.2,0.8033,cloud_heavy
250,10,10,15119.9,18143.9,0.8504,cloud_heavy
251,11,10,15825.8,18990.9,0.8912,cloud_heavy
252,12,10,16785.0,20142.0,0.923,cloud_heavy
253,13,10,15664.8,18797.8,0.9431,cloud_heavy
254,14,10,16087.0,19304.4,0.95,cloud_heavy
255,15,10,16519.2,19823.0,0.9431,cloud_heavy
256,16,10,16165.6,19398.7,0.923,cloud_heavy
257,17,10,15488.5,18586.2,0.8912,cloud_heavy
258,18,10,15227.4,18272.9,0.8504,cloud_heavy
259,19,10,14242.9,17091.4,0.8033,cloud_heavy
260,20,10,14291.8,17150.2,0.7533,cloud_heavy
261,21,10,13822.0,16586.4,0.7032,cloud_heavy
262,22,10,13588.9,16306.7,0.6556,cloud_heavy
263,23,10,12878.6,15454.4,0.6123,cloud_heavy
264,0,11,12073.1,14487.7,0.4829,cloud_heavy
265,1,11,12408.3,14889.9,0.4978,cloud_heavy
266,2,11,12282.2,14738.6,0.5177,cloud_heavy
267,3,11,12591.2,15109.4,0.5431,cloud_heavy
268,4,11,12770.5,15324.6,0.5747,cloud_heavy
269,5,11,13096.9,15716.2,0.6123,cloud_heavy
270,6,11,13202.8,15843.4,0.6556,cloud_heavy
271,7,11,14065.6,16878.8,0.7032,cloud_heavy
272,8,11,14352.6,17223.2,0.7533,cloud_heavy
273,9,11,15788.5,18946.2,0.8033,cloud_heavy
274,10,11,16010.5,19212.5,0.8504,cloud_heavy
275,11,11,15846.6,19015.9,0.8912,cloud_heavy
276,12,11,15592.1,18710.6,0.923,cloud_heavy
277,13,11,15604.0,18724.8,0.9431,cloud_heavy
278,14,11,16785.4,20142.4,0.95,cloud_heavy
279,15,11,16270.0,19524.0,0.9431,cloud_heavy
280,16,11,16187.3,19424.8,0.923,cloud_heavy
281,17,11,14845.4,17814.4,0.8912,cloud_heavy
282,18,11,15714.2,18857.0,0.8504,cloud_heavy
283,19,11,15058.1,18069.8,0.8033,cloud_heavy
284,20,11,13915.1,16698.1,0.7533,cloud_heavy
285,21,11,13736.2,16483.5,0.7032,cloud_heavy
286,22,11,13601.7,16322.0,0.6556,cloud_heavy
287,23,11,13117.5,15740.9,0.6123,cloud_heavy
288,0,12,11710.4,14052.4,0.473,cloud_heavy
289,1,12,11873.3,14248.0,0.4835,cloud_heavy
290,2,12,11947.3,14336.7,0.4974,cloud_heavy
291,3,12,12258.3,14709.9,0.5152,cloud_heavy
292,4,12,12953.4,15544.0,0.5373,cloud_heavy
293,5,12,11674.5,14009.4,0.5636,cloud_heavy
294,6,12,12835.2,15402.3,0.5939,cloud_heavy
295,7,12,13304.0,15964.8,0.6272,cloud_heavy
296,8,12,13677.3,16412.7,0.6623,cloud_heavy
297,9,12,13724.7,16469.6,0.6973,cloud_heavy
298,10,12,13435.3,16122.4,0.7303,cloud_heavy
299,11,12,14588.4,17506.1,0.7589,cloud_heavy
300,12,12,15410.0,18492.1,0.7811,cloud_heavy
301,13,12,14100.4,16920.5,0.7952,cloud_heavy
302,14,12,15209.2,18251.0,0.8,cloud_heavy
303,15,12,14634.9,17561.8,0.7952,cloud_heavy
304,16,12,14623.9,17548.7,0.7811,cloud_heavy
305,17,12,13990.0,16788.0,0.7589,cloud_heavy
306,18,12,14040.5,16848.6,0.7303,cloud_heavy
307,19,12,14420.9,17305.0,0.6973,cloud_heavy
308,20,12,13793.9,16552.6,0.6623,cloud_heavy
309,21,12,13921.7,16706.1,0.6272,cloud_heavy
310,22,12,13383.7,16060.4,0.5939,cloud_heavy
311,23,12,12815.0,15378.0,0.5636,cloud_heavy
312,0,13,12432.0,14918.4,0.473,cloud_heavy
313,1,13,12067.2,14480.6,0.4835,cloud_heavy
314,2,13,12337.3,14804.7,0.4974,cloud_heavy
315,3,13,12093.9,14512.6,0.5152,cloud_heavy
316,4,13,12430.5,14916.6,0.5373,cloud_heavy
317,5,13,12383.8,14860.5,0.5636,cloud_heavy
318,6,13,13310.8,15973.0,0.5939,cloud_heavy
319,7,13,12766.2,15319.4,0.6272,cloud_heavy
320,8,13,13875.1,16650.1,0.6623,cloud_heavy
321,9,13,13800.2,16560.2,0.6973,cloud_heavy
322,10,13,14681.1,17617.4,0.7303,cloud_heavy
323,11,13,14771.7,17726.1,0.7589,cloud_heavy
324,12,13,15451.1,18541.3,0.7811,cloud_heavy
325,13,13,15104.6,18125.5,0.7952,cloud_heavy
326,14,13,14125.8,16951.0,0.8,cloud_heavy
327,15,13,14750.9,17701.0,0.7952,cloud_heavy
328,16,13,14135.7,16962.8,0.7811,cloud_heavy
329,17,13,14221.7,17066.0,0.7589,cloud_heavy
330,18,13,14825.8,17791.0,0.7303,cloud_heavy
331,19,13,14145.0,16974.0,0.6973,cloud_heavy
332,20,13,13272.6,15927.1,0.6623,cloud_heavy
333,21,13,12831.5,15397.8,0.6272,cloud_heavy
334,22,13,12939.8,15527.7,0.5939,cloud_heavy
335,23,13,12186.8,14624.1,0.5636,cloud_heavy
336,0,14,11665.0,13998.0,0.4829,cloud_heavy
337,1,14,12155.1,14586.1,0.4978,cloud_heavy
338,2,14,12648.9,15178.7,0.5177,cloud_heavy
339,3,14,12687.3,15224.7,0.5431,cloud_heavy
340,4,14,11873.7,14248.5,0.5747,cloud_heavy
341,5,14,13216.4,15859.7,0.6123,cloud_heavy
342,6,14,13524.1,16228.9,0.6556,cloud_heavy
343,7,14,14106.3,16927.6,0.7032,cloud_heavy
344,8,14,15092.6,18111.1,0.7533,cloud_heavy
345,9,14,13936.1,16723.3,0.8033,cloud_heavy
346,10,14,15017.7,18021.2,0.8504,cloud_heavy
347,11,14,15942.9,19131.5,0.8912,cloud_heavy
348,12,14,15200.3,18240.4,0.923,cloud_heavy
349,13,14,16857.5,20229.0,0.9431,cloud_heavy
350,14,14,16385.3,19662.4,0.95,cloud_heavy
351,15,14,16552.7,19863.3,0.9431,cloud_heavy
352,16,14,15684.1,18820.9,0.923,cloud_heavy
353,17,14,16047.7,19257.2,0.8912,cloud_heavy
354,18,14,15778.9,18934.7,0.8504,cloud_heavy
355,19,14,14959.4,17951.3,0.8033,cloud_heavy
356,20,14,14495.9,17395.1,0.7533,cloud_heavy
357,21,14,14046.3,16855.6,0.7032,cloud_heavy
358,22,14,13145.4,15774.5,0.6556,cloud_heavy
359,23,14,13038.9,15646.6,0.6123,cloud_heavy
360,0,15,11850.2,14220.3,0.4829,cloud_heavy
361,1,15,12180.9,14617.1,0.4978,cloud_heavy
362,2,15,12591.9,15110.3,0.5177,cloud_heavy
363,3,15,12064.0,14476.8,0.5431,cloud_heavy
364,4,15,12702.3,15242.8,0.5747,cloud_heavy
365,5,15,13678.9,16414.7,0.6123,cloud_heavy
366,6,15,13193.9,15832.6,0.6556,cloud_heavy
367,7,15,13589.6,16307.6,0.7032,cloud_heavy
368,8,15,14482.0,17378.4,0.7533,cloud_heavy
369,9,15,15231.9,18278.3,0.8033,cloud_heavy
370,10,15,15294.1,18352.9,0.8504,cloud_heavy
371,11,15,16289.8,19547.8,0.8912,cloud_heavy
372,12,15,16367.6,19641.1,0.923,cloud_heavy
373,13,15,16550.4,19860.5,0.9431,cloud_heavy
374,14,15,16475.7,19770.8,0.95,cloud_heavy
375,15,15,17270.0,20724.0,0.9431,cloud_heavy
376,16,15,15859.2,19031.1,0.923,cloud_heavy
377,17,15,14723.7,17668.4,0.8912,cloud_heavy
378,18,15,16024.6,19229.6,0.8504,cloud_heavy
379,19,15,14651.6,17582.0,0.8033,cloud_heavy
380,20,15,14441.2,17329.5,0.7533,cloud_heavy
381,21,15,14480.7,17376.9,0.7032,cloud_heavy
382,22,15,12846.2,15415.5,0.6556,cloud_heavy
383,23,15,12605.1,15126.1,0.6123,cloud_heavy
384,0,16,11332.8,13599.4,0.4829,cloud_heavy
385,1,16,11755.5,14106.6,0.4978,cloud_heavy
386,2,16,12386.4,14863.7,0.5177,cloud_heavy
387,3,16,12655.6,15186.8,0.5431,cloud_heavy
388,4,16,12855.8,15427.0,0.5747,cloud_heavy
389,5,16,12541.8,15050.1,0.6123,cloud_heavy
390,6,16,12559.7,15071.6,0.6556,cloud_heavy
391,7,16,13956.1,16747.3,0.7032,cloud_heavy
392,8,16,14190.9,17029.1,0.7533,cloud_heavy
393,9,16,15060.3,18072.4,0.8033,cloud_heavy
394,10,16,15610.8,18732.9,0.8504,cloud_heavy
395,11,16,15730.2,18876.3,0.8912,cloud_heavy
396,12,16,16321.3,19585.6,0.923,cloud_heavy
397,13,16,16253.7,19504.5,0.9431,cloud_heavy
398,14,16,16464.0,19756.8,0.95,cloud_heavy
399,15,16,15801.5,18961.8,0.9431,cloud_heavy
400,16,16,15871.5,19045.7,0.923,cloud_heavy
401,17,16,15757.7,18909.3,0.8912,cloud_heavy
402,18,16,15665.2,18798.2,0.8504,cloud_heavy
403,19,16,14680.1,17616.2,0.8033,cloud_heavy
404,20,16,14619.7,17543.7,0.7533,cloud_heavy
405,21,16,13822.2,16586.7,0.7032,cloud_heavy
406,22,16,13447.3,16136.8,0.6556,cloud_heavy
407,23,16,13422.8,16107.3,0.6123,cloud_heavy
408,0,17,11192.9,13431.5,0.4829,cloud_heavy
409,1,17,11574.0,13888.8,0.4978,cloud_heavy
410,2,17,11681.6,14017.9,0.5177,cloud_heavy
411,3,17,11587.4,13904.9,0.5431,cloud_heavy
412,4,17,12490.7,14988.8,0.5747,cloud_heavy
413,5,17,13391.3,16069.6,0.6123,cloud_heavy
414,6,17,13379.6,16055.5,0.6556,cloud_heavy
415,7,17,14016.0,16819.2,0.7032,cloud_heavy
416,8,17,14865.0,17838.0,0.7533,cloud_heavy
417,9,17,15447.3,18536.8,0.8033,cloud_heavy
418,10,17,15257.1,18308.5,0.8504,cloud_heavy
419,11,17,16301.4,19561.6,0.8912,cloud_heavy
420,12,17,16001.5,19201.8,0.923,cloud_heavy
421,13,17,15737.2,18884.6,0.9431,cloud_heavy
422,14,17,15917.3,19100.7,0.95,cloud_heavy
423,15,17,15425.7,18510.9,0.9431,cloud_heavy
424,16,17,15532.3,18638.7,0.923,cloud_heavy
425,17,17,15497.0,18596.4,0.8912,cloud_heavy
426,18,17,15657.4,18788.9,0.8504,cloud_heavy
427,19,17,15622.5,18747.0,0.8033,cloud_heavy
428,20,17,13797.8,16557.3,0.7533,cloud_heavy
429,21,17,14097.5,16917.0,0.7032,cloud_heavy
430,22,17,13073.7,15688.4,0.6556,cloud_heavy
431,23,17,13283.3,15940.0,0.6123,cloud_heavy
432,0,18,11857.9,14229.5,0.4829,cloud_heavy
433,1,18,11380.9,13657.1,0.4978,cloud_heavy
434,2,18,12565.6,15078.8,0.5177,cloud_heavy
435,3,18,12233.6,14680.3,0.5431,cloud_heavy
436,4,18,12545.9,15055.1,0.5747,cloud_heavy
437,5,18,12676.5,15211.8,0.6123,cloud_heavy
438,6,18,13230.0,15876.0,0.6556,cloud_heavy
439,7,18,14112.2,16934.6,0.7032,cloud_heavy
440,8,18,14312.9,17175.5,0.7533,cloud_heavy
441,9,18,15002.1,18002.5,0.8033,cloud_heavy
442,10,18,15454.8,18545.8,0.8504,cloud_heavy
443,11,18,16285.9,19543.1,0.8912,cloud_heavy
444,12,18,15793.3,18952.0,0.923,cloud_heavy
445,13,18,15427.5,18513.0,0.9431,cloud_heavy
446,14,18,16725.1,20070.1,0.95,cloud_heavy
447,15,18,15982.2,19178.7,0.9431,cloud_heavy
448,16,18,16491.0,19789.2,0.923,cloud_heavy
449,17,18,15845.4,19014.5,0.8912,cloud_heavy
450,18,18,15228.7,18274.4,0.8504,cloud_heavy
451,19,18,15011.0,18013.3,0.8033,cloud_heavy
452,20,18,15237.2,18284.6,0.7533,cloud_heavy
453,21,18,14801.5,17761.8,0.7032,cloud_heavy
454,22,18,13523.0,16227.6,0.6556,cloud_heavy
455,23,18,13159.8,15791.7,0.6123,cloud_heavy
456,0,19,12195.4,14634.4,0.473,cloud_heavy
457,1,19,11608.1,13929.8,0.4835,cloud_heavy
458,2,19,12158.5,14590.3,0.4974,cloud_heavy
459,3,19,12192.9,14631.5,0.5152,cloud_heavy
460,4,19,12522.6,15027.1,0.5373,cloud_heavy
461,5,19,12332.2,14798.6,0.5636,cloud_heavy
462,6,19,12310.6,14772.7,0.5939,cloud_heavy
463,7,19,12410.9,14893.1,0.6272,cloud_heavy
464,8,19,13102.4,15722.9,0.6623,cloud_heavy
465,9,19,13688.6,16426.3,0.6973,cloud_heavy
466,10,19,14058.0,16869.7,0.7303,cloud_heavy
467,11,19,15285.9,18343.0,0.7589,cloud_heavy
468,12,19,15136.9,18164.3,0.7811,cloud_heavy
469,13,19,14353.9,17224.7,0.7952,cloud_heavy
470,14,19,14979.6,17975.6,0.8,cloud_heavy
471,15,19,14600.0,17520.0,0.7952,cloud_heavy
472,16,19,14525.8,17431.0,0.7811,cloud_heavy
473,17,19,14526.6,17431.9,0.7589,cloud_heavy
474,18,19,14446.2,17335.5,0.7303,cloud_heavy
475,19,19,13738.3,16485.9,0.6973,cloud_heavy
476,20,19,13989.6,16787.5,0.6623,cloud_heavy
477,21,19,12780.6,15336.7,0.6272,cloud_heavy
478,22,19,12929.5,15515.4,0.5939,cloud_heavy
479,23,19,13634.1,16360.9,0.5636,cloud_heavy
480,0,20,11893.0,14271.6,0.473,cloud_heavy
481,1,20,12422.4,14906.9,0.4835,cloud_heavy
482,2,20,12071.3,14485.6,0.4974,cloud_heavy
483,3,20,12415.0,14898.0,0.5152,cloud_heavy
484,4,20,12384.6,14861.5,0.5373,cloud_heavy
485,5,20,12583.7,15100.5,0.5636,cloud_heavy
486,6,20,12624.8,15149.7,0.5939,cloud_heavy
487,7,20,13404.8,16085.8,0.6272,cloud_heavy
488,8,20,13210.6,15852.7,0.6623,cloud_heavy
489,9,20,14156.7,16988.0,0.6973,cloud_heavy
490,10,20,14644.6,17573.5,0.7303,cloud_heavy
491,11,20,14605.1,17526.2,0.7589,cloud_heavy
492,12,20,14525.0,17430.0,0.7811,cloud_heavy
493,13,20,14981.8,17978.2,0.7952,cloud_heavy
494,14,20,14687.7,17625.3,0.8,cloud_heavy
495,15,20,15195.4,18234.5,0.7952,cloud_heavy
496,16,20,13845.9,16615.1,0.7811,cloud_heavy
497,17,20,14300.8,17161.0,0.7589,cloud_heavy
498,18,20,13335.7,16002.9,0.7303,cloud_heavy
499,19,20,13257.0,15908.4,0.6973,cloud_heavy
500,20,20,14111.6,16933.9,0.6623,cloud_heavy
501,21,20,13589.4,16307.2,0.6272,cloud_heavy
502,22,20,12648.0,15177.6,0.5939,cloud_heavy
503,23,20,12078.3,14493.9,0.5636,cloud_heavy
504,0,21,10846.0,13015.1,0.4829,cloud_heavy
505,1,21,11846.1,14215.3,0.4978,cloud_heavy
506,2,21,13112.9,15735.5,0.5177,cloud_heavy
507,3,21,12622.3,15146.7,0.5431,cloud_heavy
508,4,21,12536.1,15043.3,0.5747,cloud_heavy
509,5,21,13279.6,15935.5,0.6123,cloud_heavy
510,6,21,12863.0,15435.6,0.6556,cloud_heavy
511,7,21,13809.1,16570.9,0.7032,cloud_heavy
512,8,21,14437.6,17325.1,0.7533,cloud_heavy
513,9,21,14817.2,17780.7,0.8033,cloud_heavy
514,10,21,15651.5,18781.8,0.8504,cloud_heavy
515,11,21,15827.2,18992.7,0.8912,cloud_heavy
516,12,21,16277.4,19532.9,0.923,cloud_heavy
517,13,21,15809.4,18971.3,0.9431,cloud_heavy
518,14,21,16642.8,19971.3,0.95,cloud_heavy
519,15,21,16931.6,20317.9,0.9431,cloud_heavy
520,16,21,15493.0,18591.6,0.923,cloud_heavy
521,17,21,15248.1,18297.7,0.8912,cloud_heavy
522,18,21,15901.5,19081.8,0.8504,cloud_heavy
523,19,21,14770.3,17724.4,0.8033,cloud_heavy
524,20,21,15000.9,18001.1,0.7533,cloud_heavy
525,21,21,13748.4,16498.0,0.7032,cloud_heavy
526,22,21,14084.0,16900.8,0.6556,cloud_heavy
527,23,21,13148.5,15778.2,0.6123,cloud_heavy
528,0,22,11996.9,14396.3,0.4829,cloud_heavy
529,1,22,12607.7,15129.2,0.4978,cloud_heavy
530,2,22,12092.5,14511.0,0.5177,cloud_heavy
531,3,22,12107.9,14529.5,0.5431,cloud_heavy
532,4,22,12578.6,15094.3,0.5747,cloud_heavy
533,5,22,13274.6,15929.5,0.6123,cloud_heavy
534,6,22,12861.0,15433.2,0.6556,cloud_heavy
535,7,22,14199.8,17039.8,0.7032,cloud_heavy
536,8,22,14162.0,16994.4,0.7533,cloud_heavy
537,9,22,15367.2,18440.6,0.8033,cloud_heavy
538,10,22,14190.6,17028.8,0.8504,cloud_heavy
539,11,22,15295.6,18354.7,0.8912,cloud_heavy
540,12,22,15150.1,18180.1,0.923,cloud_heavy
541,13,22,15742.6,18891.1,0.9431,cloud_heavy
542,14,22,16326.7,19592.0,0.95,cloud_heavy
543,15,22,16055.9,19267.1,0.9431,cloud_heavy
544,16,22,15836.1,19003.4,0.923,cloud_heavy
545,17,22,15590.4,18708.5,0.8912,cloud_heavy
546,18,22,15382.1,18458.5,0.8504,cloud_heavy
547,19,22,14406.1,17287.4,0.8033,cloud_heavy
548,20,22,14699.9,17639.9,0.7533,cloud_heavy
549,21,22,14210.3,17052.4,0.7032,cloud_heavy
550,22,22,13650.8,16381.0,0.6556,cloud_heavy
551,23,22,13315.5,15978.6,0.6123,cloud_heavy
552,0,23,12010.6,14412.7,0.4829,cloud_heavy
553,1,23,12777.6,15333.1,0.4978,cloud_heavy
554,2,23,12193.2,14631.9,0.5177,cloud_heavy
555,3,23,12344.9,14813.9,0.5431,cloud_heavy
556,4,23,12461.9,14954.3,0.5747,cloud_heavy
557,5,23,12691.3,15229.5,0.6123,cloud_heavy
558,6,23,12991.1,15589.3,0.6556,cloud_heavy
559,7,23,13561.8,16274.2,0.7032,cloud_heavy
560,8,23,14364.1,17237.0,0.7533,cloud_heavy
561,9,23,15004.6,18005.5,0.8033,cloud_heavy
562,10,23,15312.3,18374.7,0.8504,cloud_heavy
563,11,23,15305.5,18366.6,0.8912,cloud_heavy
564,12,23,16388.4,19666.1,0.923,cloud_heavy
565,13,23,16500.8,19801.0,0.9431,cloud_heavy
566,14,23,16128.6,19354.4,0.95,cloud_heavy
567,15,23,15826.5,18991.9,0.9431,cloud_heavy
568,16,23,16220.0,19464.0,0.923,cloud_heavy
569,17,23,15753.6,18904.3,0.8912,cloud_heavy
570,18,23,14624.6,17549.5,0.8504,cloud_heavy
571,19,23,14825.3,17790.4,0.8033,cloud_heavy
572,20,23,14507.8,17409.4,0.7533,cloud_heavy
573,21,23,13557.3,16268.7,0.7032,cloud_heavy
574,22,23,13571.8,16286.1,0.6556,cloud_heavy
575,23,23,12525.2,15030.3,0.6123,cloud_heavy
576,0,24,12381.9,14858.3,0.4829,cloud_heavy
577,1,24,12493.2,14991.9,0.4978,cloud_heavy
578,2,24,12132.6,14559.1,0.5177,cloud_heavy
579,3,24,12595.6,15114.7,0.5431,cloud_heavy
580,4,24,11828.3,14194.0,0.5747,cloud_heavy
581,5,24,12642.5,15171.0,0.6123,cloud_heavy
582,6,24,13376.0,16051.2,0.6556,cloud_heavy
583,7,24,13485.2,16182.2,0.7032,cloud_heavy
584,8,24,14703.2,17643.8,0.7533,cloud_heavy
585,9,24,15745.7,18894.9,0.8033,cloud_heavy
586,10,24,14749.1,17699.0,0.8504,cloud_heavy
587,11,24,15271.7,18326.0,0.8912,cloud_heavy
588,12,24,16070.2,19284.2,0.923,cloud_heavy
589,13,24,16923.0,20307.6,0.9431,cloud_heavy
590,14,24,15611.9,18734.3,0.95,cloud_heavy
591,15,24,16263.3,19516.0,0.9431,cloud_heavy
592,16,24,16829.3,20195.2,0.923,cloud_heavy
593,17,24,14889.0,17866.8,0.8912,cloud_heavy
594,18,24,14701.2,17641.5,0.8504,cloud_heavy
595,19,24,14666.8,17600.2,0.8033,cloud_heavy
596,20,24,14169.8,17003.8,0.7533,cloud_heavy
597,21,24,14273.0,17127.6,0.7032,cloud_heavy
598,22,24,13592.7,16311.3,0.6556,cloud_heavy
599,23,24,12399.4,14879.3,0.6123,cloud_heavy
600,0,25,12088.8,14506.5,0.4829,cloud_heavy
601,1,25,11833.8,14200.5,0.4978,cloud_heavy
602,2,25,12692.6,15231.1,0.5177,cloud_heavy
603,3,25,12225.1,14670.1,0.5431,cloud_heavy
604,4,25,12506.6,15008.0,0.5747,cloud_heavy
605,5,25,13309.5,15971.3,0.6123,cloud_heavy
606,6,25,13803.8,16564.5,0.6556,cloud_heavy
607,7,25,14120.6,16944.8,0.7032,cloud_heavy
608,8,25,13666.7,16400.1,0.7533,cloud_heavy
609,9,25,15095.4,18114.5,0.8033,cloud_heavy
610,10,25,14814.4,17777.3,0.8504,cloud_heavy
611,11,25,15775.8,18931.0,0.8912,cloud_heavy
612,12,25,15275.9,18331.0,0.923,cloud_heavy
613,13,25,16358.9,19630.7,0.9431,cloud_heavy
614,14,25,15814.1,18976.9,0.95,cloud_heavy
615,15,25,15521.6,18625.9,0.9431,cloud_heavy
616,16,25,16299.2,19559.0,0.923,cloud_heavy
617,17,25,15778.8,18934.6,0.8912,cloud_heavy
618,18,25,15007.2,18008.6,0.8504,cloud_heavy
619,19,25,15502.4,18602.8,0.8033,cloud_heavy
620,20,25,14204.4,17045.2,0.7533,cloud_heavy
621,21,25,13946.8,16736.1,0.7032,cloud_heavy
622,22,25,13603.8,16324.5,0.6556,cloud_heavy
623,23,25,12853.4,15424.0,0.6123,cloud_heavy
624,0,26,11980.9,14377.1,0.473,cloud_heavy
625,1,26,11719.7,14063.6,0.4835,cloud_heavy
626,2,26,11889.6,14267.5,0.4974,cloud_heavy
627,3,26,12701.2,15241.5,0.5152,cloud_heavy
628,4,26,12018.4,14422.1,0.5373,cloud_heavy
629,5,26,11732.9,14079.5,0.5636,cloud_heavy
630,6,26,13551.8,16262.2,0.5939,cloud_heavy
631,7,26,14246.1,17095.3,0.6272,cloud_heavy
632,8,26,13392.1,16070.5,0.6623,cloud_heavy
633,9,26,13073.1,15687.7,0.6973,cloud_heavy
634,10,26,14050.7,16860.8,0.7303,cloud_heavy
635,11,26,14322.3,17186.7,0.7589,cloud_heavy
636,12,26,14567.4,17480.8,0.7811,cloud_heavy
637,13,26,14286.9,17144.2,0.7952,cloud_heavy
638,14,26,15082.8,18099.3,0.8,cloud_heavy
639,15,26,15013.1,18015.7,0.7952,cloud_heavy
640,16,26,13994.0,16792.8,0.7811,cloud_heavy
641,17,26,14749.3,17699.2,0.7589,cloud_heavy
642,18,26,15056.2,18067.4,0.7303,cloud_heavy
643,19,26,13951.2,16741.4,0.6973,cloud_heavy
644,20,26,13419.7,16103.6,0.6623,cloud_heavy
645,21,26,13177.6,15813.1,0.6272,cloud_heavy
646,22,26,13165.7,15798.8,0.5939,cloud_heavy
647,23,26,11991.7,14390.0,0.5636,cloud_heavy
648,0,27,11872.2,14246.6,0.473,cloud_heavy
649,1,27,11770.8,14124.9,0.4835,cloud_heavy
650,2,27,12705.6,15246.7,0.4974,cloud_heavy
651,3,27,12138.7,14566.4,0.5152,cloud_heavy
652,4,27,13026.5,15631.8,0.5373,cloud_heavy
653,5,27,12229.6,14675.5,0.5636,cloud_heavy
654,6,27,13154.8,15785.8,0.5939,cloud_heavy
655,7,27,13360.8,16032.9,0.6272,cloud_heavy
656,8,27,13203.4,15844.1,0.6623,cloud_heavy
657,9,27,13953.4,16744.1,0.6973,cloud_heavy
658,10,27,14698.7,17638.4,0.7303,cloud_heavy
659,11,27,14306.0,17167.2,0.7589,cloud_heavy
660,12,27,13907.2,16688.6,0.7811,cloud_heavy
661,13,27,14772.8,17727.3,0.7952,cloud_heavy
662,14,27,14423.6,17308.4,0.8,cloud_heavy
663,15,27,14628.7,17554.5,0.7952,cloud_heavy
664,16,27,14615.0,17538.0,0.7811,cloud_heavy
665,17,27,13707.1,16448.5,0.7589,cloud_heavy
666,18,27,13495.4,16194.4,0.7303,cloud_heavy
667,19,27,14080.3,16896.3,0.6973,cloud_heavy
668,20,27,13344.3,16013.1,0.6623,cloud_heavy
669,21,27,12215.7,14658.9,0.6272,cloud_heavy
670,22,27,13231.4,15877.7,0.5939,cloud_heavy
671,23,27,12751.8,15302.1,0.5636,cloud_heavy
672,0,28,11649.8,13979.7,0.4829,cloud_heavy
673,1,28,11566.7,13880.0,0.4978,cloud_heavy
674,2,28,12531.7,15038.1,0.5177,cloud_heavy
675,3,28,12590.3,15108.3,0.5431,cloud_heavy
676,4,28,13661.5,16393.8,0.5747,cloud_heavy
677,5,28,13261.9,15914.3,0.6123,cloud_heavy
678,6,28,13651.9,16382.2,0.6556,cloud_heavy
679,7,28,13863.6,16636.3,0.7032,cloud_heavy
680,8,28,14747.4,17696.8,0.7533,cloud_heavy
681,9,28,15134.2,18161.0,0.8033,cloud_heavy
682,10,28,15862.9,19035.5,0.8504,cloud_heavy
683,11,28,15420.2,18504.3,0.8912,cloud_heavy
684,12,28,15749.0,18898.8,0.923,cloud_heavy
685,13,28,15910.7,19092.9,0.9431,cloud_heavy
686,14,28,16590.7,19908.9,0.95,cloud_heavy
687,15,28,16868.4,20242.1,0.9431,cloud_heavy
688,16,28,15737.8,18885.3,0.923,cloud_heavy
689,17,28,15465.6,18558.7,0.8912,cloud_heavy
690,18,28,15432.9,18519.4,0.8504,cloud_heavy
691,19,28,14746.1,17695.3,0.8033,cloud_heavy
692,20,28,14805.8,17766.9,0.7533,cloud_heavy
693,21,28,12992.1,15590.5,0.7032,cloud_heavy
694,22,28,13160.2,15792.3,0.6556,cloud_heavy
695,23,28,12789.4,15347.3,0.6123,cloud_heavy
696,0,29,11076.0,13291.2,0.4829,cloud_heavy
697,1,29,11694.3,14033.1,0.4978,cloud_heavy
698,2,29,11889.6,14267.5,0.5177,cloud_heavy
699,3,29,12384.5,14861.4,0.5431,cloud_heavy
700,4,29,13175.9,15811.0,0.5747,cloud_heavy
701,5,29,13000.6,15600.7,0.6123,cloud_heavy
702,6,29,13077.6,15693.1,0.6556,cloud_heavy
703,7,29,13909.5,16691.4,0.7032,cloud_heavy
704,8,29,14847.7,17817.3,0.7533,cloud_heavy
705,9,29,14420.7,17304.8,0.8033,cloud_heavy
706,10,29,14871.2,17845.4,0.8504,cloud_heavy
707,11,29,15927.7,19113.3,0.8912,cloud_heavy
708,12,29,15851.4,19021.7,0.923,cloud_heavy
709,13,29,16456.3,19747.6,0.9431,cloud_heavy
710,14,29,16199.6,19439.5,0.95,cloud_heavy
711,15,29,16482.5,19779.1,0.9431,cloud_heavy
712,16,29,15461.9,18554.3,0.923,cloud_heavy
713,17,29,15659.6,18791.5,0.8912,cloud_heavy
714,18,29,15192.2,18230.6,0.8504,cloud_heavy
715,19,29,14313.7,17176.5,0.8033,cloud_heavy
716,20,29,13719.5,16463.4,0.7533,cloud_heavy
717,21,29,14220.0,17064.0,0.7032,cloud_heavy
718,22,29,13352.8,16023.4,0.6556,cloud_heavy
719,23,29,12695.2,15234.2,0.6123,cloud_heavy
720,0,30,11870.4,14244.4,0.4829,cloud_heavy
721,1,30,12449.9,14939.9,0.4978,cloud_heavy
722,2,30,11388.7,13666.5,0.5177,cloud_heavy
723,3,30,11900.3,14280.3,0.5431,cloud_heavy
724,4,30,12397.1,14876.6,0.5747,cloud_heavy
725,5,30,13670.9,16405.1,0.6123,cloud_heavy
726,6,30,13609.3,16331.2,0.6556,cloud_heavy
727,7,30,14254.1,17104.9,0.7032,cloud_heavy
728,8,30,13902.3,16682.7,0.7533,cloud_heavy
729,9,30,14356.7,17228.0,0.8033,cloud_heavy
730,10,30,15494.2,18593.0,0.8504,cloud_heavy
731,11,30,15692.6,18831.2,0.8912,cloud_heavy
732,12,30,16220.1,19464.2,0.923,cloud_heavy
733,13,30,16051.9,19262.2,0.9431,cloud_heavy
734,14,30,16341.5,19609.8,0.95,cloud_heavy
735,15,30,16219.3,19463.2,0.9431,cloud_heavy
736,16,30,16329.8,19595.7,0.923,cloud_heavy
737,17,30,16044.5,19253.4,0.8912,cloud_heavy
738,18,30,14545.8,17455.0,0.8504,cloud_heavy
739,19,30,13854.1,16624.9,0.8033,cloud_heavy
740,20,30,14827.2,17792.7,0.7533,cloud_heavy
741,21,30,14429.8,17315.8,0.7032,cloud_heavy
742,22,30,13081.7,15698.1,0.6556,cloud_heavy
743,23,30,12366.1,14839.3,0.6123,cloud_heavy
744,0,31,11940.1,14328.1,0.4829,cloud_heavy
745,1,31,12378.7,14854.4,0.4978,cloud_heavy
746,2,31,12884.5,15461.4,0.5177,cloud_heavy
747,3,31,12652.7,15183.2,0.5431,cloud_heavy
748,4,31,12608.0,15129.6,0.5747,cloud_heavy
749,5,31,12745.9,15295.1,0.6123,cloud_heavy
750,6,31,13499.5,16199.5,0.6556,cloud_heavy
751,7,31,13808.2,16569.9,0.7032,cloud_heavy
752,8,31,13956.3,16747.6,0.7533,cloud_heavy
753,9,31,15768.7,18922.4,0.8033,cloud_heavy
754,10,31,16107.6,19329.1,0.8504,cloud_heavy
755,11,31,16199.1,19439.0,0.8912,cloud_heavy
756,12,31,15516.6,18619.9,0.923,cloud_heavy
757,13,31,16556.8,19868.2,0.9431,cloud_heavy
758,14,31,16517.2,19820.7,0.95,cloud_heavy
759,15,31,16357.1,19628.5,0.9431,cloud_heavy
760,16,31,16555.7,19866.8,0.923,cloud_heavy
761,17,31,15963.8,19156.6,0.8912,cloud_heavy
762,18,31,15628.2,18753.9,0.8504,cloud_heavy
763,19,31,15139.5,18167.4,0.8033,cloud_heavy
764,20,31,14541.8,17450.2,0.7533,cloud_heavy
765,21,31,13187.8,15825.3,0.7032,cloud_heavy
766,22,31,13528.8,16234.5,0.6556,cloud_heavy
767,23,31,12878.3,15454.0,0.6123,cloud_heavy
768,0,32,11447.6,13737.1,0.4829,cloud_heavy
769,1,32,12650.0,15180.0,0.4978,cloud_heavy
770,2,32,12859.3,15431.2,0.5177,cloud_heavy
771,3,32,12967.8,15561.3,0.5431,cloud_heavy
772,4,32,12847.8,15417.3,0.5747,cloud_heavy
773,5,32,13627.5,16353.0,0.6123,cloud_heavy
774,6,32,13499.8,16199.8,0.6556,cloud_heavy
775,7,32,14018.1,16821.7,0.7032,cloud_heavy
776,8,32,13922.4,16706.9,0.7533,cloud_heavy
777,9,32,15032.5,18039.0,0.8033,cloud_heavy
778,10,32,15316.5,18379.8,0.8504,cloud_heavy
779,11,32,15053.1,18063.7,0.8912,cloud_heavy
780,12,32,15932.9,19119.5,0.923,cloud_heavy
781,13,32,16104.1,19325.0,0.9431,cloud_heavy
782,14,32,17080.2,20496.2,0.95,cloud_heavy
783,15,32,16575.8,19891.0,0.9431,cloud_heavy
784,16,32,15962.9,19155.5,0.923,cloud_heavy
785,17,32,15782.2,18938.6,0.8912,cloud_heavy
786,18,32,15309.1,18370.9,0.8504,cloud_heavy
787,19,32,14765.2,17718.2,0.8033,cloud_heavy
788,20,32,13927.2,16712.7,0.7533,cloud_heavy
789,21,32,13870.2,16644.2,0.7032,cloud_heavy
790,22,32,13192.9,15831.4,0.6556,cloud_heavy
791,23,32,12605.6,15126.7,0.6123,cloud_heavy
792,0,33,11995.1,14394.1,0.473,cloud_heavy
793,1,33,12050.1,14460.1,0.4835,cloud_heavy
794,2,33,11393.0,13671.6,0.4974,cloud_heavy
795,3,33,12157.5,14589.0,0.5152,cloud_heavy
796,4,33,12776.3,15331.6,0.5373,cloud_heavy
797,5,33,13050.3,15660.4,0.5636,cloud_heavy
798,6,33,13324.9,15989.9,0.5939,cloud_heavy
799,7,33,13249.4,15899.3,0.6272,cloud_heavy
800,8,33,13213.2,15855.8,0.6623,cloud_heavy
801,9,33,13428.3,16114.0,0.6973,cloud_heavy
802,10,33,14329.4,17195.3,0.7303,cloud_heavy
803,11,33,14610.7,17532.8,0.7589,cloud_heavy
804,12,33,15216.6,18260.0,0.7811,cloud_heavy
805,13,33,15268.3,18322.0,0.7952,cloud_heavy
806,14,33,14766.2,17719.4,0.8,cloud_heavy
807,15,33,14228.8,17074.6,0.7952,cloud_heavy
808,16,33,14510.6,17412.7,0.7811,cloud_heavy
809,17,33,14540.4,17448.5,0.7589,cloud_heavy
810,18,33,14096.8,16916.2,0.7303,cloud_heavy
811,19,33,13638.9,16366.7,0.6973,cloud_heavy
812,20,33,13659.7,16391.7,0.6623,cloud_heavy
813,21,33,13033.9,15640.7,0.6272,cloud_heavy
814,22,33,12683.5,15220.2,0.5939,cloud_heavy
815,23,33,12766.6,15319.9,0.5636,cloud_heavy
816,0,34,11671.4,14005.7,0.473,cloud_heavy
817,1,34,11997.5,14397.0,0.4835,cloud_heavy
818,2,34,12136.9,14564.3,0.4974,cloud_heavy
819,3,34,11785.3,14142.4,0.5152,cloud_heavy
820,4,34,12226.6,14671.9,0.5373,cloud_heavy
821,5,34,13194.0,15832.8,0.5636,cloud_heavy
822,6,34,12476.4,14971.7,0.5939,cloud_heavy
823,7,34,12393.6,14872.3,0.6272,cloud_heavy
824,8,34,12799.7,15359.6,0.6623,cloud_heavy
825,9,34,13891.7,16670.0,0.6973,cloud_heavy
826,10,34,14195.9,17035.1,0.7303,cloud_heavy
827,11,34,14395.3,17274.4,0.7589,cloud_heavy
828,12,34,15184.5,18221.4,0.7811,cloud_heavy
829,13,34,13595.4,16314.4,0.7952,cloud_heavy
830,14,34,15001.1,18001.3,0.8,cloud_heavy
831,15,34,15472.9,18567.5,0.7952,cloud_heavy
832,16,34,14155.1,16986.2,0.7811,cloud_heavy
833,17,34,14281.7,17138.0,0.7589,cloud_heavy
834,18,34,13862.4,16634.9,0.7303,cloud_heavy
835,19,34,13507.2,16208.6,0.6973,cloud_heavy
836,20,34,13424.2,16109.0,0.6623,cloud_heavy
837,21,34,13800.7,16560.8,0.6272,cloud_heavy
838,22,34,13639.6,16367.5,0.5939,cloud_heavy
839,23,34,12520.9,15025.1,0.5636,cloud_heavy
840,0,35,12585.1,15102.1,0.4829,cloud_heavy
841,1,35,12055.3,14466.3,0.4978,cloud_heavy
842,2,35,12868.4,15442.0,0.5177,cloud_heavy
843,3,35,12424.8,14909.8,0.5431,cloud_heavy
844,4,35,12800.3,15360.3,0.5747,cloud_heavy
845,5,35,13240.4,15888.5,0.6123,cloud_heavy
846,6,35,14781.9,17738.2,0.6556,cloud_heavy
847,7,35,14289.2,17147.0,0.7032,cloud_heavy
848,8,35,14089.2,16907.1,0.7533,cloud_heavy
849,9,35,15287.5,18345.0,0.8033,cloud_heavy
850,10,35,15122.9,18147.4,0.8504,cloud_heavy
851,11,35,15435.1,18522.1,0.8912,cloud_heavy
852,12,35,16392.4,19670.9,0.923,cloud_heavy
853,13,35,16157.8,19389.4,0.9431,cloud_heavy
854,14,35,16341.7,19610.0,0.95,cloud_heavy
855,15,35,16149.5,19379.4,0.9431,cloud_heavy
856,16,35,16118.6,19342.3,0.923,cloud_heavy
857,17,35,15865.0,19038.0,0.8912,cloud_heavy
858,18,35,14400.4,17280.5,0.8504,cloud_heavy
859,19,35,15152.7,18183.2,0.8033,cloud_heavy
860,20,35,13970.6,16764.7,0.7533,cloud_heavy
861,21,35,13330.5,15996.5,0.7032,cloud_heavy
862,22,35,13471.3,16165.5,0.6556,cloud_heavy
863,23,35,13129.8,15755.8,0.6123,cloud_heavy
864,0,36,11657.0,13988.4,0.4829,cloud_heavy
865,1,36,12342.6,14811.2,0.4978,cloud_heavy
866,2,36,11732.9,14079.5,0.5177,cloud_heavy
867,3,36,12307.6,14769.1,0.5431,cloud_heavy
868,4,36,12526.4,15031.7,0.5747,cloud_heavy
869,5,36,13078.5,15694.2,0.6123,cloud_heavy
870,6,36,13607.8,16329.4,0.6556,cloud_heavy
871,7,36,13512.0,16214.4,0.7032,cloud_heavy
872,8,36,14707.4,17648.9,0.7533,cloud_heavy
873,9,36,14883.7,17860.4,0.8033,cloud_heavy
874,10,36,14421.0,17305.3,0.8504,cloud_heavy
875,11,36,14744.8,17693.7,0.8912,cloud_heavy
876,12,36,15951.5,19141.8,0.923,cloud_heavy
877,13,36,16035.7,19242.9,0.9431,cloud_heavy
878,14,36,16156.0,19387.2,0.95,cloud_heavy
879,15,36,16129.2,19355.0,0.9431,cloud_heavy
880,16,36,16065.4,19278.5,0.923,cloud_heavy
881,17,36,16110.6,19332.7,0.8912,cloud_heavy
882,18,36,14779.2,17735.0,0.8504,cloud_heavy
883,19,36,14333.3,17200.0,0.8033,cloud_heavy
884,20,36,13922.5,16707.0,0.7533,cloud_heavy
885,21,36,14054.1,16864.9,0.7032,cloud_heavy
886,22,36,13998.9,16798.7,0.6556,cloud_heavy
887,23,36,12927.4,15512.8,0.6123,cloud_heavy
888,0,37,11011.2,13213.5,0.4829,cloud_heavy
889,1,37,11426.8,13712.2,0.4978,cloud_heavy
890,2,37,11919.7,14303.6,0.5177,cloud_heavy
891,3,37,12251.2,14701.5,0.5431,cloud_heavy
892,4,37,12593.9,15112.7,0.5747,cloud_heavy
893,5,37,13112.0,15734.4,0.6123,cloud_heavy
894,6,37,13368.7,16042.4,0.6556,cloud_heavy
895,7,37,14372.0,17246.4,0.7032,cloud_heavy
896,8,37,14102.7,16923.3,0.7533,cloud_heavy
897,9,37,14471.3,17365.6,0.8033,cloud_heavy
898,10,37,15508.5,18610.1,0.8504,cloud_heavy
899,11,37,14943.6,17932.3,0.8912,cloud_heavy
900,12,37,16144.0,19372.8,0.923,cloud_heavy
901,13,37,16192.4,19430.9,0.9431,cloud_heavy
902,14,37,16134.6,19361.5,0.95,cloud_heavy
903,15,37,16911.9,20294.3,0.9431,cloud_heavy
904,16,37,15659.6,18791.5,0.923,cloud_heavy
905,17,37,16633.5,19960.2,0.8912,cloud_heavy
906,18,37,15185.4,18222.5,0.8504,cloud_heavy
907,19,37,14286.5,17143.8,0.8033,cloud_heavy
908,20,37,14424.8,17309.8,0.7533,cloud_heavy
909,21,37,13483.5,16180.2,0.7032,cloud_heavy
910,22,37,13190.6,15828.7,0.6556,cloud_heavy
911,23,37,13252.8,15903.4,0.6123,cloud_heavy
912,0,38,12103.1,14523.8,0.4829,cloud_heavy
913,1,38,11817.6,14181.2,0.4978,cloud_heavy
914,2,38,12587.3,15104.8,0.5177,cloud_heavy
915,3,38,12892.4,15470.8,0.5431,cloud_heavy
916,4,38,13299.5,15959.4,0.5747,cloud_heavy
917,5,38,13304.8,15965.8,0.6123,cloud_heavy
918,6,38,14046.9,16856.3,0.6556,cloud_heavy
919,7,38,13147.2,15776.6,0.7032,cloud_heavy
920,8,38,14257.4,17108.8,0.7533,cloud_heavy
921,9,38,14469.2,17363.1,0.8033,cloud_heavy
922,10,38,15343.5,18412.2,0.8504,cloud_heavy
923,11,38,15396.7,18476.0,0.8912,cloud_heavy
924,12,38,15877.9,19053.5,0.923,cloud_heavy
925,13,38,17054.2,20465.1,0.9431,cloud_heavy
926,14,38,16123.7,19348.5,0.95,cloud_heavy
927,15,38,16343.1,19611.8,0.9431,cloud_heavy
928,16,38,15846.2,19015.5,0.923,cloud_heavy
929,17,38,15700.8,18841.0,0.8912,cloud_heavy
930,18,38,15291.6,18349.9,0.8504,cloud_heavy
931,19,38,15055.4,18066.5,0.8033,cloud_heavy
932,20,38,14897.9,17877.5,0.7533,cloud_heavy
933,21,38,14621.9,17546.3,0.7032,cloud_heavy
934,22,38,13620.3,16344.3,0.6556,cloud_heavy
935,23,38,13328.5,15994.2,0.6123,cloud_heavy
936,0,39,11493.7,13792.4,0.4829,cloud_heavy
937,1,39,12010.7,14412.8,0.4978,cloud_heavy
938,2,39,12570.0,15084.1,0.5177,cloud_heavy
939,3,39,12783.4,15340.1,0.5431,cloud_heavy
940,4,39,12831.1,15397.3,0.5747,cloud_heavy
941,5,39,13445.1,16134.1,0.6123,cloud_heavy
942,6,39,13693.6,16432.3,0.6556,cloud_heavy
943,7,39,14435.1,17322.1,0.7032,cloud_heavy
944,8,39,14519.6,17423.5,0.7533,cloud_heavy
945,9,39,14697.1,17636.5,0.8033,cloud_heavy
946,10,39,15442.9,18531.4,0.8504,cloud_heavy
947,11,39,14288.0,17145.6,0.8912,cloud_heavy
948,12,39,16140.7,19368.9,0.923,cloud_heavy
949,13,39,14375.9,17251.1,0.9431,cloud_heavy
950,14,39,15368.3,18442.0,0.95,cloud_heavy
951,15,39,16361.5,19633.8,0.9431,cloud_heavy
952,16,39,16186.0,19423.3,0.923,cloud_heavy
953,17,39,15119.0,18142.7,0.8912,cloud_heavy
954,18,39,14962.2,17954.6,0.8504,cloud_heavy
955,19,39,15466.4,18559.7,0.8033,cloud_heavy
956,20,39,14185.6,17022.8,0.7533,cloud_heavy
957,21,39,14870.9,17845.1,0.7032,cloud_heavy
958,22,39,13494.1,16193.0,0.6556,cloud_heavy
959,23,39,13257.2,15908.6,0.6123,cloud_heavy
960,0,40,12387.0,14864.4,0.473,cloud_heavy
961,1,40,11957.1,14348.5,0.4835,cloud_heavy
962,2,40,11676.3,14011.5,0.4974,cloud_heavy
963,3,40,12162.2,14594.7,0.5152,cloud_heavy
964,4,40,12392.5,14871.0,0.5373,cloud_heavy
965,5,40,12130.6,14556.7,0.5636,cloud_heavy
966,6,40,12827.8,15393.4,0.5939,cloud_heavy
967,7,40,12939.3,15527.2,0.6272,cloud_heavy
968,8,40,13932.8,16719.4,0.6623,cloud_heavy
969,9,40,13894.0,16672.8,0.6973,cloud_heavy
970,10,40,14062.5,16875.0,0.7303,cloud_heavy
971,11,40,14400.3,17280.3,0.7589,cloud_heavy
972,12,40,14748.9,17698.7,0.7811,cloud_heavy
973,13,40,15054.1,18064.9,0.7952,cloud_heavy
974,14,40,14380.4,17256.5,0.8,cloud_heavy
975,15,40,14318.7,17182.4,0.7952,cloud_heavy
976,16,40,15136.4,18163.6,0.7811,cloud_heavy
977,17,40,14267.6,17121.1,0.7589,cloud_heavy
978,18,40,13579.9,16295.9,0.7303,cloud_heavy
979,19,40,14064.3,16877.2,0.6973,cloud_heavy
980,20,40,13745.3,16494.4,0.6623,cloud_heavy
981,21,40,12626.2,15151.5,0.6272,cloud_heavy
982,22,40,13016.1,15619.3,0.5939,cloud_heavy
983,23,40,12927.5,15513.0,0.5636,cloud_heavy
984,0,41,11946.6,14335.9,0.473,cloud_heavy
985,1,41,12136.1,14563.3,0.4835,cloud_heavy
986,2,41,11531.1,13837.3,0.4974,cloud_heavy
987,3,41,12323.6,14788.3,0.5152,cloud_heavy
988,4,41,12293.1,14751.7,0.5373,cloud_heavy
989,5,41,12465.2,14958.3,0.5636,cloud_heavy
990,6,41,13264.7,15917.6,0.5939,cloud_heavy
991,7,41,13821.3,16585.5,0.6272,cloud_heavy
992,8,41,14286.7,17144.0,0.6623,cloud_heavy
993,9,41,14427.0,17312.4,0.6973,cloud_heavy
994,10,41,14136.1,16963.3,0.7303,cloud_heavy
995,11,41,14599.2,17519.0,0.7589,cloud_heavy
996,12,41,14987.9,17985.4,0.7811,cloud_heavy
997,13,41,14834.3,17801.1,0.7952,cloud_heavy
998,14,41,14883.2,17859.8,0.8,cloud_heavy
999,15,41,15145.8,18175.0,0.7952,cloud_heavy
1000,16,41,14624.8,17549.7,0.7811,cloud_heavy
1001,17,41,14130.2,16956.3,0.7589,cloud_heavy
1002,18,41,14006.4,16807.7,0.7303,cloud_heavy
1003,19,41,14143.5,16972.2,0.6973,cloud_heavy
1004,20,41,13558.1,16269.7,0.6623,cloud_heavy
1005,21,41,13369.0,16042.8,0.6272,cloud_heavy
1006,22,41,13186.9,15824.3,0.5939,cloud_heavy
1007,23,41,12506.2,15007.4,0.5636,cloud_heavy
1008,0,42,12174.8,14609.8,0.4829,cloud_heavy
1009,1,42,12179.3,14615.1,0.4978,cloud_heavy
1010,2,42,11772.3,14126.8,0.5177,cloud_heavy
1011,3,42,12998.8,15598.6,0.5431,cloud_heavy
1012,4,42,12558.6,15070.3,0.5747,cloud_heavy
1013,5,42,12446.5,14935.9,0.6123,cloud_heavy
1014,6,42,13071.8,15686.2,0.6556,cloud_heavy
1015,7,42,13506.5,16207.8,0.7032,cloud_heavy
1016,8,42,14417.2,17300.6,0.7533,cloud_heavy
1017,9,42,14733.6,17680.3,0.8033,cloud_heavy
1018,10,42,15134.3,18161.2,0.8504,cloud_heavy
1019,11,42,15956.5,19147.8,0.8912,cloud_heavy
1020,12,42,16120.1,19344.2,0.923,cloud_heavy
1021,13,42,16295.8,19555.0,0.9431,cloud_heavy
1022,14,42,16405.5,19686.6,0.95,cloud_heavy
1023,15,42,16441.1,19729.4,0.9431,cloud_heavy
1024,16,42,14948.3,17938.0,0.923,cloud_heavy
1025,17,42,15494.0,18592.8,0.8912,cloud_heavy
1026,18,42,14288.8,17146.6,0.8504,cloud_heavy
1027,19,42,14871.7,17846.0,0.8033,cloud_heavy
1028,20,42,14392.7,17271.2,0.7533,cloud_heavy
1029,21,42,14370.4,17244.4,0.7032,cloud_heavy
1030,22,42,13975.7,16770.9,0.6556,cloud_heavy
1031,23,42,13176.5,15811.8,0.6123,cloud_heavy
1032,0,43,11726.0,14071.2,0.4829,cloud_heavy
1033,1,43,12217.7,14661.2,0.4978,cloud_heavy
1034,2,43,12031.6,14437.9,0.5177,cloud_heavy
1035,3,43,12459.2,14951.0,0.5431,cloud_heavy
1036,4,43,13127.3,15752.8,0.5747,cloud_heavy
1037,5,43,12877.7,15453.2,0.6123,cloud_heavy
1038,6,43,13821.1,16585.3,0.6556,cloud_heavy
1039,7,43,14216.5,17059.8,0.7032,cloud_heavy
1040,8,43,13982.3,16778.8,0.7533,cloud_heavy
1041,9,43,15289.6,18347.6,0.8033,cloud_heavy
1042,10,43,15609.2,18731.1,0.8504,cloud_heavy
1043,11,43,15713.1,18855.8,0.8912,cloud_heavy
1044,12,43,15592.5,18711.0,0.923,cloud_heavy
1045,13,43,15726.6,18872.0,0.9431,cloud_heavy
1046,14,43,15944.8,19133.8,0.95,cloud_heavy
1047,15,43,16405.5,19686.6,0.9431,cloud_heavy
1048,16,43,15500.0,18600.0,0.923,cloud_heavy
1049,17,43,15870.9,19045.0,0.8912,cloud_heavy
1050,18,43,14719.3,17663.1,0.8504,cloud_heavy
1051,19,43,14764.7,17717.6,0.8033,cloud_heavy
1052,20,43,14442.0,17330.4,0.7533,cloud_heavy
1053,21,43,14955.4,17946.5,0.7032,cloud_heavy
1054,22,43,12937.3,15524.8,0.6556,cloud_heavy
1055,23,43,13675.2,16410.2,0.6123,cloud_heavy
1056,0,44,11958.2,14349.9,0.4829,cloud_heavy
1057,1,44,12190.9,14629.1,0.4978,cloud_heavy
1058,2,44,12268.6,14722.3,0.5177,cloud_heavy
1059,3,44,12625.9,15151.1,0.5431,cloud_heavy
1060,4,44,12691.4,15229.6,0.5747,cloud_heavy
1061,5,44,13668.1,16401.8,0.6123,cloud_heavy
1062,6,44,13310.1,15972.1,0.6556,cloud_heavy
1063,7,44,14406.6,17287.9,0.7032,cloud_heavy
1064,8,44,14116.4,16939.7,0.7533,cloud_heavy
1065,9,44,14828.8,17794.5,0.8033,cloud_heavy
1066,10,44,14797.1,17756.6,0.8504,cloud_heavy
1067,11,44,15879.1,19054.9,0.8912,cloud_heavy
1068,12,44,16649.3,19979.1,0.923,cloud_heavy
1069,13,44,16105.3,19326.3,0.9431,cloud_heavy
1070,14,44,16110.5,19332.6,0.95,cloud_heavy
1071,15,44,15603.0,18723.5,0.9431,cloud_heavy
1072,16,44,15847.7,19017.2,0.923,cloud_heavy
1073,17,44,14916.7,17900.0,0.8912,cloud_heavy
1074,18,44,14870.1,17844.1,0.8504,cloud_heavy
1075,19,44,14956.7,17948.0,0.8033,cloud_heavy
1076,20,44,14964.3,17957.1,0.7533,cloud_heavy
1077,21,44,15107.6,18129.1,0.7032,cloud_heavy
1078,22,44,13257.4,15908.9,0.6556,cloud_heavy
1079,23,44,13660.8,16392.9,0.6123,cloud_heavy
1080,0,45,11991.8,14390.1,0.4829,cloud_heavy
1081,1,45,11987.8,14385.3,0.4978,cloud_heavy
1082,2,45,12383.8,14860.6,0.5177,cloud_heavy
1083,3,45,12482.8,14979.4,0.5431,cloud_heavy
1084,4,45,12792.4,15350.8,0.5747,cloud_heavy
1085,5,45,12936.4,15523.7,0.6123,cloud_heavy
1086,6,45,12928.9,15514.7,0.6556,cloud_heavy
1087,7,45,13288.1,15945.7,0.7032,cloud_heavy
1088,8,45,14676.7,17612.1,0.7533,cloud_heavy
1089,9,45,14732.3,17678.8,0.8033,cloud_heavy
1090,10,45,15015.4,18018.5,0.8504,cloud_heavy
1091,11,45,15669.2,18803.1,0.8912,cloud_heavy
1092,12,45,16338.0,19605.6,0.923,cloud_heavy
1093,13,45,16230.1,19476.1,0.9431,cloud_heavy
1094,14,45,15887.3,19064.7,0.95,cloud_heavy
1095,15,45,16736.6,20083.9,0.9431,cloud_heavy
1096,16,45,16713.4,20056.1,0.923,cloud_heavy
1097,17,45,15897.7,19077.2,0.8912,cloud_heavy
1098,18,45,15735.4,18882.5,0.8504,cloud_heavy
1099,19,45,15409.1,18490.9,0.8033,cloud_heavy
1100,20,45,14882.7,17859.2,0.7533,cloud_heavy
1101,21,45,14190.0,17028.0,0.7032,cloud_heavy
1102,22,45,13737.2,16484.6,0.6556,cloud_heavy
1103,23,45,13301.0,15961.2,0.6123,cloud_heavy
1104,0,46,11512.8,13815.4,0.4829,cloud_heavy
1105,1,46,12295.6,14754.7,0.4978,cloud_heavy
1106,2,46,11727.9,14073.5,0.5177,cloud_heavy
1107,3,46,12162.7,14595.2,0.5431,cloud_heavy
1108,4,46,13248.8,15898.5,0.5747,cloud_heavy
1109,5,46,13427.0,16112.4,0.6123,cloud_heavy
1110,6,46,14097.1,16916.5,0.6556,cloud_heavy
1111,7,46,13819.8,16583.7,0.7032,cloud_heavy
1112,8,46,13897.1,16676.5,0.7533,cloud_heavy
1113,9,46,14748.5,17698.1,0.8033,cloud_heavy
1114,10,46,15335.6,18402.7,0.8504,cloud_heavy
1115,11,46,15702.4,18842.8,0.8912,cloud_heavy
1116,12,46,16500.2,19800.2,0.923,cloud_heavy
1117,13,46,15967.8,19161.3,0.9431,cloud_heavy
1118,14,46,16377.4,19652.9,0.95,cloud_heavy
1119,15,46,15664.0,18796.8,0.9431,cloud_heavy
1120,16,46,16173.0,19407.6,0.923,cloud_heavy
1121,17,46,15666.7,18800.0,0.8912,cloud_heavy
1122,18,46,14944.9,17933.9,0.8504,cloud_heavy
1123,19,46,14750.5,17700.6,0.8033,cloud_heavy
1124,20,46,14315.1,17178.1,0.7533,cloud_heavy
1125,21,46,13820.4,16584.5,0.7032,cloud_heavy
1126,22,46,14212.0,17054.4,0.6556,cloud_heavy
1127,23,46,13058.2,15669.8,0.6123,cloud_heavy
1128,0,47,11727.5,14073.0,0.473,cloud_heavy
1129,1,47,11160.9,13393.0,0.4835,cloud_heavy
1130,2,47,11715.3,14058.4,0.4974,cloud_heavy
1131,3,47,12106.1,14527.3,0.5152,cloud_heavy
1132,4,47,12150.5,14580.6,0.5373,cloud_heavy
1133,5,47,13172.7,15807.2,0.5636,cloud_heavy
1134,6,47,12863.1,15435.7,0.5939,cloud_heavy
1135,7,47,13745.5,16494.6,0.6272,cloud_heavy
1136,8,47,13582.0,16298.4,0.6623,cloud_heavy
1137,9,47,13895.1,16674.1,0.6973,cloud_heavy
1138,10,47,14145.0,16974.0,0.7303,cloud_heavy
1139,11,47,14447.9,17337.5,0.7589,cloud_heavy
1140,12,47,15406.3,18487.5,0.7811,cloud_heavy
1141,13,47,13752.0,16502.4,0.7952,cloud_heavy
1142,14,47,13934.8,16721.8,0.8,cloud_heavy
1143,15,47,14539.7,17447.6,0.7952,cloud_heavy
1144,16,47,14657.2,17588.7,0.7811,cloud_heavy
1145,17,47,14745.4,17694.5,0.7589,cloud_heavy
1146,18,47,14384.1,17260.9,0.7303,cloud_heavy
1147,19,47,13719.6,16463.5,0.6973,cloud_heavy
1148,20,47,13971.3,16765.6,0.6623,cloud_heavy
1149,21,47,13643.0,16371.6,0.6272,cloud_heavy
1150,22,47,12998.4,15598.1,0.5939,cloud_heavy
1151,23,47,13013.7,15616.4,0.5636,cloud_heavy
1152,0,48,11910.6,14292.7,0.473,cloud_heavy
1153,1,48,11709.7,14051.6,0.4835,cloud_heavy
1154,2,48,12290.3,14748.3,0.4974,cloud_heavy
1155,3,48,12242.9,14691.5,0.5152,cloud_heavy
1156,4,48,12406.2,14887.5,0.5373,cloud_heavy
1157,5,48,13207.3,15848.8,0.5636,cloud_heavy
1158,6,48,11976.6,14371.9,0.5939,cloud_heavy
1159,7,48,12671.1,15205.3,0.6272,cloud_heavy
1160,8,48,13074.1,15688.9,0.6623,cloud_heavy
1161,9,48,13728.3,16474.0,0.6973,cloud_heavy
1162,10,48,14074.5,16889.4,0.7303,cloud_heavy
1163,11,48,13793.0,16551.6,0.7589,cloud_heavy
1164,12,48,14217.8,17061.4,0.7811,cloud_heavy
1165,13,48,14398.8,17278.6,0.7952,cloud_heavy
1166,14,48,15917.9,19101.5,0.8,cloud_heavy
1167,15,48,15579.5,18695.4,0.7952,cloud_heavy
1168,16,48,14469.9,17363.8,0.7811,cloud_heavy
1169,17,48,14288.7,17146.5,0.7589,cloud_heavy
1170,18,48,13693.8,16432.6,0.7303,cloud_heavy
1171,19,48,13085.0,15702.0,0.6973,cloud_heavy
1172,20,48,13509.3,16211.2,0.6623,cloud_heavy
1173,21,48,12837.8,15405.4,0.6272,cloud_heavy
1174,22,48,12894.2,15473.0,0.5939,cloud_heavy
1175,23,48,12041.2,14449.5,0.5636,cloud_heavy
1176,0,49,11632.6,13959.1,0.4829,cloud_heavy
1177,1,49,12096.1,14515.3,0.4978,cloud_heavy
1178,2,49,12359.5,14831.4,0.5177,cloud_heavy
1179,3,49,12615.8,15138.9,0.5431,cloud_heavy
1180,4,49,12245.0,14694.1,0.5747,cloud_heavy
1181,5,49,13432.6,16119.2,0.6123,cloud_heavy
1182,6,49,13170.9,15805.1,0.6556,cloud_heavy
1183,7,49,14197.9,17037.4,0.7032,cloud_heavy
1184,8,49,14390.1,17268.1,0.7533,cloud_heavy
1185,9,49,14242.2,17090.6,0.8033,cloud_heavy
1186,10,49,15143.8,18172.5,0.8504,cloud_heavy
1187,11,49,15837.0,19004.3,0.8912,cloud_heavy
1188,12,49,16250.9,19501.1,0.923,cloud_heavy
1189,13,49,16074.5,19289.4,0.9431,cloud_heavy
1190,14,49,16951.0,20341.2,0.95,cloud_heavy
1191,15,49,16630.7,19956.8,0.9431,cloud_heavy
1192,16,49,15834.6,19001.5,0.923,cloud_heavy
1193,17,49,16017.8,19221.3,0.8912,cloud_heavy
1194,18,49,16175.8,19410.9,0.8504,cloud_heavy
1195,19,49,15729.3,18875.2,0.8033,cloud_heavy
1196,20,49,13864.4,16637.2,0.7533,cloud_heavy
1197,21,49,13546.0,16255.3,0.7032,cloud_heavy
1198,22,49,14096.1,16915.3,0.6556,cloud_heavy
1199,23,49,12681.0,15217.2,0.6123,cloud_heavy
1200,0,50,11432.4,13718.8,0.4829,cloud_heavy
1201,1,50,11866.8,14240.1,0.4978,cloud_heavy
1202,2,50,12379.3,14855.2,0.5177,cloud_heavy
1203,3,50,12421.4,14905.7,0.5431,cloud_heavy
1204,4,50,12501.3,15001.6,0.5747,cloud_heavy
1205,5,50,12831.9,15398.3,0.6123,cloud_heavy
1206,6,50,13206.5,15847.8,0.6556,cloud_heavy
1207,7,50,13565.7,16278.8,0.7032,cloud_heavy
1208,8,50,15380.0,18455.9,0.7533,cloud_heavy
1209,9,50,14988.2,17985.8,0.8033,cloud_heavy
1210,10,50,15695.5,18834.6,0.8504,cloud_heavy
1211,11,50,15435.4,18522.5,0.8912,cloud_heavy
1212,12,50,15868.4,19042.1,0.923,cloud_heavy
1213,13,50,15797.2,18956.6,0.9431,cloud_heavy
1214,14,50,14917.0,17900.4,0.95,cloud_heavy
1215,15,50,15475.4,18570.5,0.9431,cloud_heavy
1216,16,50,15090.7,18108.8,0.923,cloud_heavy
1217,17,50,14607.9,17529.5,0.8912,cloud_heavy
1218,18,50,14740.5,17688.7,0.8504,cloud_heavy
1219,19,50,15446.1,18535.3,0.8033,cloud_heavy
1220,20,50,14375.5,17250.6,0.7533,cloud_heavy
1221,21,50,14472.8,17367.4,0.7032,cloud_heavy
1222,22,50,13661.3,16393.6,0.6556,cloud_heavy
1223,23,50,13404.3,16085.2,0.6123,cloud_heavy
1224,0,51,11583.0,13899.6,0.4829,cloud_heavy
1225,1,51,12231.7,14678.0,0.4978,cloud_heavy
1226,2,51,12492.4,14990.9,0.5177,cloud_heavy
1227,3,51,12244.2,14693.0,0.5431,cloud_heavy
1228,4,51,12964.2,15557.0,0.5747,cloud_heavy
1229,5,51,13319.3,15983.2,0.6123,cloud_heavy
1230,6,51,13272.4,15926.9,0.6556,cloud_heavy
1231,7,51,13464.0,16156.8,0.7032,cloud_heavy
1232,8,51,13883.3,16660.0,0.7533,cloud_heavy
1233,9,51,14894.2,17873.0,0.8033,cloud_heavy
1234,10,51,15438.8,18526.6,0.8504,cloud_heavy
1235,11,51,15292.8,18351.4,0.8912,cloud_heavy
1236,12,51,15970.2,19164.2,0.923,cloud_heavy
1237,13,51,16419.0,19702.9,0.9431,cloud_heavy
1238,14,51,16506.8,19808.2,0.95,cloud_heavy
1239,15,51,16894.3,20273.2,0.9431,cloud_heavy
1240,16,51,16568.8,19882.5,0.923,cloud_heavy
1241,17,51,15194.7,18233.6,0.8912,cloud_heavy
1242,18,51,16061.0,19273.2,0.8504,cloud_heavy
1243,19,51,14619.0,17542.8,0.8033,cloud_heavy
1244,20,51,14845.9,17815.0,0.7533,cloud_heavy
1245,21,51,13961.8,16754.1,0.7032,cloud_heavy
1246,22,51,13328.1,15993.7,0.6556,cloud_heavy
1247,23,51,12386.6,14863.9,0.6123,cloud_heavy
1248,0,52,11843.4,14212.1,0.4829,cloud_heavy
1249,1,52,11479.0,13774.8,0.4978,cloud_heavy
1250,2,52,12580.0,15095.9,0.5177,cloud_heavy
1251,3,52,13026.7,15632.0,0.5431,cloud_heavy
1252,4,52,12445.3,14934.4,0.5747,cloud_heavy
1253,5,52,13215.5,15858.6,0.6123,cloud_heavy
1254,6,52,13201.2,15841.5,0.6556,cloud_heavy
1255,7,52,13670.6,16404.8,0.7032,cloud_heavy
1256,8,52,14729.1,17674.9,0.7533,cloud_heavy
1257,9,52,14838.4,17806.1,0.8033,cloud_heavy
1258,10,52,16086.7,19304.1,0.8504,cloud_heavy
1259,11,52,15438.6,18526.3,0.8912,cloud_heavy
1260,12,52,16435.8,19723.0,0.923,cloud_heavy
1261,13,52,16189.9,19427.9,0.9431,cloud_heavy
1262,14,52,16593.1,19911.8,0.95,cloud_heavy
1263,15,52,15926.2,19111.4,0.9431,cloud_heavy
1264,16,52,15933.7,19120.5,0.923,cloud_heavy
1265,17,52,15611.0,18733.2,0.8912,cloud_heavy
1266,18,52,14905.3,17886.4,0.8504,cloud_heavy
1267,19,52,15150.7,18180.8,0.8033,cloud_heavy
1268,20,52,14675.5,17610.5,0.7533,cloud_heavy
1269,21,52,14181.4,17017.7,0.7032,cloud_heavy
1270,22,52,14117.1,16940.6,0.6556,cloud_heavy
1271,23,52,13666.3,16399.6,0.6123,cloud_heavy
1272,0,53,11770.8,14125.0,0.4829,cloud_heavy
1273,1,53,12177.2,14612.6,0.4978,cloud_heavy
1274,2,53,11996.5,14395.8,0.5177,cloud_heavy
1275,3,53,12468.4,14962.1,0.5431,cloud_heavy
1276,4,53,12520.7,15024.9,0.5747,cloud_heavy
1277,5,53,13733.4,16480.0,0.6123,cloud_heavy
1278,6,53,13642.2,16370.6,0.6556,cloud_heavy
1279,7,53,13842.2,16610.6,0.7032,cloud_heavy
1280,8,53,14910.1,17892.1,0.7533,cloud_heavy
1281,9,53,13888.2,16665.9,0.8033,cloud_heavy
1282,10,53,14365.0,17238.0,0.8504,cloud_heavy
1283,11,53,16039.3,19247.1,0.8912,cloud_heavy
1284,12,53,15986.4,19183.7,0.923,cloud_heavy
1285,13,53,16264.0,19516.8,0.9431,cloud_heavy
1286,14,53,15561.4,18673.6,0.95,cloud_heavy
1287,15,53,16131.5,19357.8,0.9431,cloud_heavy
1288,16,53,16916.6,20299.9,0.923,cloud_heavy
1289,17,53,16052.6,19263.1,0.8912,cloud_heavy
1290,18,53,15366.7,18440.0,0.8504,cloud_heavy
1291,19,53,14659.9,17591.9,0.8033,cloud_heavy
1292,20,53,14224.3,17069.1,0.7533,cloud_heavy
1293,21,53,13043.3,15652.0,0.7032,cloud_heavy
1294,22,53,13599.2,16319.1,0.6556,cloud_heavy
1295,23,53,13429.0,16114.8,0.6123,cloud_heavy
1296,0,54,11255.5,13506.6,0.473,cloud_heavy
1297,1,54,11674.0,14008.8,0.4835,cloud_heavy
1298,2,54,11620.2,13944.3,0.4974,cloud_heavy
1299,3,54,11849.0,14218.8,0.5152,cloud_heavy
1300,4,54,12425.6,14910.8,0.5373,cloud_heavy
1301,5,54,11857.5,14229.0,0.5636,cloud_heavy
1302,6,54,13165.3,15798.3,0.5939,cloud_heavy
1303,7,54,13533.3,16239.9,0.6272,cloud_heavy
1304,8,54,13454.8,16145.7,0.6623,cloud_heavy
1305,9,54,12846.6,15415.9,0.6973,cloud_heavy
1306,10,54,13758.8,16510.6,0.7303,cloud_heavy
1307,11,54,14980.6,17976.7,0.7589,cloud_heavy
1308,12,54,13429.8,16115.8,0.7811,cloud_heavy
1309,13,54,14626.4,17551.7,0.7952,cloud_heavy
1310,14,54,14300.2,17160.2,0.8,cloud_heavy
1311,15,54,15137.3,18164.8,0.7952,cloud_heavy
1312,16,54,14354.1,17224.9,0.7811,cloud_heavy
1313,17,54,14621.4,17545.6,0.7589,cloud_heavy
1314,18,54,14423.4,17308.1,0.7303,cloud_heavy
1315,19,54,14644.1,17573.0,0.6973,cloud_heavy
1316,20,54,13474.3,16169.2,0.6623,cloud_heavy
1317,21,54,13383.3,16059.9,0.6272,cloud_heavy
1318,22,54,12351.1,14821.4,0.5939,cloud_heavy
1319,23,54,13100.1,15720.1,0.5636,cloud_heavy
1320,0,55,11544.4,13853.3,0.473,cloud_heavy
1321,1,55,11709.9,14051.9,0.4835,cloud_heavy
1322,2,55,12030.2,14436.3,0.4974,cloud_heavy
1323,3,55,11630.3,13956.3,0.5152,cloud_heavy
1324,4,55,12490.9,14989.0,0.5373,cloud_heavy
1325,5,55,13015.5,15618.6,0.5636,cloud_heavy
1326,6,55,13040.7,15648.8,0.5939,cloud_heavy
1327,7,55,12603.1,15123.8,0.6272,cloud_heavy
1328,8,55,13506.5,16207.8,0.6623,cloud_heavy
1329,9,55,14188.5,17026.2,0.6973,cloud_heavy
1330,10,55,13383.7,16060.5,0.7303,cloud_heavy
1331,11,55,13980.5,16776.6,0.7589,cloud_heavy
1332,12,55,15036.1,18043.3,0.7811,cloud_heavy
1333,13,55,14900.3,17880.4,0.7952,cloud_heavy
1334,14,55,15008.2,18009.9,0.8,cloud_heavy
1335,15,55,15605.1,18726.1,0.7952,cloud_heavy
1336,16,55,14856.8,17828.1,0.7811,cloud_heavy
1337,17,55,14731.4,17677.7,0.7589,cloud_heavy
1338,18,55,15336.2,18403.4,0.7303,cloud_heavy
1339,19,55,13790.5,16548.6,0.6973,cloud_heavy
1340,20,55,13232.4,15878.9,0.6623,cloud_heavy
1341,21,55,13403.8,16084.6,0.6272,cloud_heavy
1342,22,55,13097.3,15716.8,0.5939,cloud_heavy
1343,23,55,12448.5,14938.3,0.5636,cloud_heavy
1344,0,56,11536.0,13843.2,0.4829,cloud_heavy
1345,1,56,12876.9,15452.3,0.4978,cloud_heavy
1346,2,56,12345.1,14814.1,0.5177,cloud_heavy
1347,3,56,12186.0,14623.2,0.5431,cloud_heavy
1348,4,56,13100.5,15720.6,0.5747,cloud_heavy
1349,5,56,13054.0,15664.7,0.6123,cloud_heavy
1350,6,56,13392.5,16071.0,0.6556,cloud_heavy
1351,7,56,14168.4,17002.0,0.7032,cloud_heavy
1352,8,56,13836.8,16604.1,0.7533,cloud_heavy
1353,9,56,15012.8,18015.3,0.8033,cloud_heavy
1354,10,56,16166.2,19399.5,0.8504,cloud_heavy
1355,11,56,15884.3,19061.2,0.8912,cloud_heavy
1356,12,56,15777.3,18932.8,0.923,cloud_heavy
1357,13,56,15897.2,19076.6,0.9431,cloud_heavy
1358,14,56,16006.7,19208.1,0.95,cloud_heavy
1359,15,56,16019.8,19223.7,0.9431,cloud_heavy
1360,16,56,15776.6,18931.9,0.923,cloud_heavy
1361,17,56,16095.9,19315.0,0.8912,cloud_heavy
1362,18,56,14493.9,17392.6,0.8504,cloud_heavy
1363,19,56,15239.8,18287.7,0.8033,cloud_heavy
1364,20,56,14230.7,17076.8,0.7533,cloud_heavy
1365,21,56,14090.9,16909.1,0.7032,cloud_heavy
1366,22,56,13038.7,15646.4,0.6556,cloud_heavy
1367,23,56,13618.9,16342.6,0.6123,cloud_heavy
1368,0,57,12349.6,14819.5,0.4829,cloud_heavy
1369,1,57,12389.1,14866.9,0.4978,cloud_heavy
1370,2,57,11669.6,14003.6,0.5177,cloud_heavy
1371,3,57,12769.6,15323.5,0.5431,cloud_heavy
1372,4,57,12905.0,15486.0,0.5747,cloud_heavy
1373,5,57,12466.1,14959.3,0.6123,cloud_heavy
1374,6,57,13485.1,16182.1,0.6556,cloud_heavy
1375,7,57,14085.7,16902.9,0.7032,cloud_heavy
1376,8,57,14634.8,17561.7,0.7533,cloud_heavy
1377,9,57,14934.6,17921.5,0.8033,cloud_heavy
1378,10,57,15422.4,18506.9,0.8504,cloud_heavy
1379,11,57,16357.8,19629.3,0.8912,cloud_heavy
1380,12,57,16544.4,19853.2,0.923,cloud_heavy
1381,13,57,14754.3,17705.1,0.9431,cloud_heavy
1382,14,57,16051.9,19262.3,0.95,cloud_heavy
1383,15,57,16063.0,19275.6,0.9431,cloud_heavy
1384,16,57,15118.7,18142.4,0.923,cloud_heavy
1385,17,57,15709.5,18851.4,0.8912,cloud_heavy
1386,18,57,15861.6,19033.9,0.8504,cloud_heavy
1387,19,57,14371.4,17245.6,0.8033,cloud_heavy
1388,20,57,14539.9,17447.9,0.7533,cloud_heavy
1389,21,57,13550.5,16260.6,0.7032,cloud_heavy
1390,22,57,13222.9,15867.5,0.6556,cloud_heavy
1391,23,57,13677.3,16412.8,0.6123,cloud_heavy
1392,0,58,11710.9,14053.1,0.4829,cloud_heavy
1393,1,58,12209.4,14651.3,0.4978,cloud_heavy
1394,2,58,11538.9,13846.7,0.5177,cloud_heavy
1395,3,58,13155.8,15787.0,0.5431,cloud_heavy
1396,4,58,12980.7,15576.8,0.5747,cloud_heavy
1397,5,58,13025.1,15630.2,0.6123,cloud_heavy
1398,6,58,13727.9,16473.5,0.6556,cloud_heavy
1399,7,58,13344.0,16012.8,0.7032,cloud_heavy
1400,8,58,14905.3,17886.4,0.7533,cloud_heavy
1401,9,58,14711.2,17653.5,0.8033,cloud_heavy
1402,10,58,15195.2,18234.3,0.8504,cloud_heavy
1403,11,58,15434.2,18521.0,0.8912,cloud_heavy
1404,12,58,15679.5,18815.4,0.923,cloud_heavy
1405,13,58,16479.2,19775.0,0.9431,cloud_heavy
1406,14,58,16330.7,19596.8,0.95,cloud_heavy
1407,15,58,16458.4,19750.1,0.9431,cloud_heavy
1408,16,58,15953.2,19143.9,0.923,cloud_heavy
1409,17,58,15906.4,19087.7,0.8912,cloud_heavy
1410,18,58,15096.7,18116.0,0.8504,cloud_heavy
1411,19,58,15849.3,19019.2,0.8033,cloud_heavy
1412,20,58,13717.6,16461.1,0.7533,cloud_heavy
1413,21,58,14460.4,17352.5,0.7032,cloud_heavy
1414,22,58,14048.7,16858.4,0.6556,cloud_heavy
1415,23,58,12762.0,15314.4,0.6123,cloud_heavy
1416,0,59,12700.9,15241.0,0.4829,cloud_heavy
1417,1,59,12402.0,14882.5,0.4978,cloud_heavy
1418,2,59,12581.4,15097.6,0.5177,cloud_heavy
1419,3,59,12470.2,14964.2,0.5431,cloud_heavy
1420,4,59,12667.1,15200.5,0.5747,cloud_heavy
1421,5,59,13014.6,15617.5,0.6123,cloud_heavy
1422,6,59,13653.0,16383.6,0.6556,cloud_heavy
1423,7,59,14519.0,17422.8,0.7032,cloud_heavy
1424,8,59,14473.0,17367.5,0.7533,cloud_heavy
1425,9,59,14449.4,17339.3,0.8033,cloud_heavy
1426,10,59,15666.9,18800.3,0.8504,cloud_heavy
1427,11,59,16098.1,19317.8,0.8912,cloud_heavy
1428,12,59,16270.8,19525.0,0.923,cloud_heavy
1429,13,59,16503.8,19804.5,0.9431,cloud_heavy
1430,14,59,16074.5,19289.4,0.95,cloud_heavy
1431,15,59,15692.9,18831.4,0.9431,cloud_heavy
1432,16,59,15541.8,18650.2,0.923,cloud_heavy
1433,17,59,14896.6,17876.0,0.8912,cloud_heavy
1434,18,59,15397.5,18477.0,0.8504,cloud_heavy
1435,19,59,14818.4,17782.1,0.8033,cloud_heavy
1436,20,59,14204.6,17045.6,0.7533,cloud_heavy
1437,21,59,12697.9,15237.5,0.7032,cloud_heavy
1438,22,59,12989.9,15587.9,0.6556,cloud_heavy
1439,23,59,13537.2,16244.7,0.6123,cloud_heavy
1440,0,60,11667.3,14000.8,0.4829,cloud_heavy
1441,1,60,12172.7,14607.2,0.4978,cloud_heavy
1442,2,60,11715.1,14058.2,0.5177,cloud_heavy
1443,3,60,12997.5,15597.0,0.5431,cloud_heavy
1444,4,60,12695.1,15234.1,0.5747,cloud_heavy
1445,5,60,13210.8,15853.0,0.6123,cloud_heavy
1446,6,60,14436.5,17323.8,0.6556,cloud_heavy
1447,7,60,14567.2,17480.7,0.7032,cloud_heavy
1448,8,60,14262.3,17114.7,0.7533,cloud_heavy
1449,9,60,14591.2,17509.5,0.8033,cloud_heavy
1450,10,60,15139.5,18167.4,0.8504,cloud_heavy
1451,11,60,15904.9,19085.9,0.8912,cloud_heavy
1452,12,60,15907.1,19088.5,0.923,cloud_heavy
1453,13,60,15951.3,19141.6,0.9431,cloud_heavy
1454,14,60,16919.6,20303.5,0.95,cloud_heavy
1455,15,60,16087.4,19304.9,0.9431,cloud_heavy
1456,16,60,17058.3,20470.0,0.923,cloud_heavy
1457,17,60,15707.9,18849.5,0.8912,cloud_heavy
1458,18,60,16107.7,19329.2,0.8504,cloud_heavy
1459,19,60,15014.9,18017.8,0.8033,cloud_heavy
1460,20,60,14810.5,17772.6,0.7533,cloud_heavy
1461,21,60,13630.4,16356.5,0.7032,cloud_heavy
1462,22,60,13149.3,15779.1,0.6556,cloud_heavy
1463,23,60,13277.5,15932.9,0.6123,cloud_heavy
1464,0,61,12164.3,14597.1,0.473,cloud_heavy
1465,1,61,11924.7,14309.6,0.4835,cloud_heavy
1466,2,61,11573.7,13888.4,0.4974,cloud_heavy
1467,3,61,11704.5,14045.4,0.5152,cloud_heavy
1468,4,61,11874.6,14249.5,0.5373,cloud_heavy
1469,5,61,11977.7,14373.2,0.5636,cloud_heavy
1470,6,61,12969.5,15563.4,0.5939,cloud_heavy
1471,7,61,13680.6,16416.7,0.6272,cloud_heavy
1472,8,61,13551.4,16261.7,0.6623,cloud_heavy
1473,9,61,12938.3,15526.0,0.6973,cloud_heavy
1474,10,61,14101.6,16922.0,0.7303,cloud_heavy
1475,11,61,14375.7,17250.9,0.7589,cloud_heavy
1476,12,61,15572.1,18686.5,0.7811,cloud_heavy
1477,13,61,14134.4,16961.3,0.7952,cloud_heavy
1478,14,61,14651.2,17581.5,0.8,cloud_heavy
1479,15,61,15536.9,18644.3,0.7952,cloud_heavy
1480,16,61,14848.6,17818.3,0.7811,cloud_heavy
1481,17,61,14690.4,17628.5,0.7589,cloud_heavy
1482,18,61,14231.5,17077.9,0.7303,cloud_heavy
1483,19,61,14016.9,16820.3,0.6973,cloud_heavy
1484,20,61,13873.1,16647.8,0.6623,cloud_heavy
1485,21,61,12912.6,15495.1,0.6272,cloud_heavy
1486,22,61,13267.6,15921.1,0.5939,cloud_heavy
1487,23,61,12127.4,14552.9,0.5636,cloud_heavy
1488,0,62,11930.3,14316.4,0.473,cloud_heavy
1489,1,62,11974.2,14369.0,0.4835,cloud_heavy
1490,2,62,11815.7,14178.8,0.4974,cloud_heavy
1491,3,62,12194.1,14632.9,0.5152,cloud_heavy
1492,4,62,12174.0,14608.8,0.5373,cloud_heavy
1493,5,62,12241.8,14690.1,0.5636,cloud_heavy
1494,6,62,12789.9,15347.9,0.5939,cloud_heavy
1495,7,62,12795.7,15354.8,0.6272,cloud_heavy
1496,8,62,13688.2,16425.8,0.6623,cloud_heavy
1497,9,62,13400.7,16080.8,0.6973,cloud_heavy
1498,10,62,14485.7,17382.9,0.7303,cloud_heavy
1499,11,62,13934.3,16721.1,0.7589,cloud_heavy
1500,12,62,14401.9,17282.3,0.7811,cloud_heavy
1501,13,62,14503.6,17404.3,0.7952,cloud_heavy
1502,14,62,15414.4,18497.2,0.8,cloud_heavy
1503,15,62,14927.0,17912.4,0.7952,cloud_heavy
1504,16,62,14557.8,17469.3,0.7811,cloud_heavy
1505,17,62,14662.4,17594.9,0.7589,cloud_heavy
1506,18,62,13286.2,15943.5,0.7303,cloud_heavy
1507,19,62,13861.6,16633.9,0.6973,cloud_heavy
1508,20,62,14369.3,17243.1,0.6623,cloud_heavy
1509,21,62,13286.5,15943.8,0.6272,cloud_heavy
1510,22,62,12953.4,15544.1,0.5939,cloud_heavy
1511,23,62,12856.4,15427.7,0.5636,cloud_heavy
1512,0,63,12224.6,14669.5,0.4829,cloud_heavy
1513,1,63,11320.8,13584.9,0.4978,cloud_heavy
1514,2,63,11608.2,13929.8,0.5177,cloud_heavy
1515,3,63,12538.3,15046.0,0.5431,cloud_heavy
1516,4,63,12476.7,14972.0,0.5747,cloud_heavy
1517,5,63,13612.3,16334.8,0.6123,cloud_heavy
1518,6,63,13367.3,16040.8,0.6556,cloud_heavy
1519,7,63,13124.7,15749.6,0.7032,cloud_heavy
1520,8,63,13847.1,16616.5,0.7533,cloud_heavy
1521,9,63,13630.2,16356.2,0.8033,cloud_heavy
1522,10,63,15181.4,18217.7,0.8504,cloud_heavy
1523,11,63,15576.7,18692.1,0.8912,cloud_heavy
1524,12,63,15754.2,18905.1,0.923,cloud_heavy
1525,13,63,16665.2,19998.3,0.9431,cloud_heavy
1526,14,63,16789.0,20146.7,0.95,cloud_heavy
1527,15,63,16060.2,19272.3,0.9431,cloud_heavy
1528,16,63,14935.5,17922.6,0.923,cloud_heavy
1529,17,63,15955.3,19146.4,0.8912,cloud_heavy
1530,18,63,15543.5,18652.2,0.8504,cloud_heavy
1531,19,63,14993.5,17992.2,0.8033,cloud_heavy
1532,20,63,14818.5,17782.2,0.7533,cloud_heavy
1533,21,63,13446.4,16135.7,0.7032,cloud_heavy
1534,22,63,14308.2,17169.8,0.6556,cloud_heavy
1535,23,63,12719.9,15263.8,0.6123,cloud_heavy
1536,0,64,12172.3,14606.7,0.4829,cloud_heavy
1537,1,64,11432.8,13719.4,0.4978,cloud_heavy
1538,2,64,11884.0,14260.8,0.5177,cloud_heavy
1539,3,64,13026.5,15631.8,0.5431,cloud_heavy
1540,4,64,12650.3,15180.4,0.5747,cloud_heavy
1541,5,64,13426.8,16112.2,0.6123,cloud_heavy
1542,6,64,13590.8,16309.0,0.6556,cloud_heavy
1543,7,64,13889.5,16667.4,0.7032,cloud_heavy
1544,8,64,14983.6,17980.3,0.7533,cloud_heavy
1545,9,64,14750.1,17700.2,0.8033,cloud_heavy
1546,10,64,14472.1,17366.5,0.8504,cloud_heavy
1547,11,64,15287.8,18345.3,0.8912,cloud_heavy
1548,12,64,16221.3,19465.6,0.923,cloud_heavy
1549,13,64,16334.3,19601.1,0.9431,cloud_heavy
1550,14,64,15444.4,18533.2,0.95,cloud_heavy
1551,15,64,15792.0,18950.4,0.9431,cloud_heavy
1552,16,64,15679.0,18814.7,0.923,cloud_heavy
1553,17,64,15493.5,18592.2,0.8912,cloud_heavy
1554,18,64,14657.7,17589.3,0.8504,cloud_heavy
1555,19,64,14575.6,17490.7,0.8033,cloud_heavy
1556,20,64,14080.0,16896.0,0.7533,cloud_heavy
1557,21,64,14255.8,17107.0,0.7032,cloud_heavy
1558,22,64,13822.5,16587.0,0.6556,cloud_heavy
1559,23,64,13039.5,15647.5,0.6123,cloud_heavy
1560,0,65,11764.7,14117.6,0.4829,cloud_heavy
1561,1,65,12093.0,14511.5,0.4978,cloud_heavy
1562,2,65,11925.7,14310.8,0.5177,cloud_heavy
1563,3,65,12031.0,14437.2,0.5431,cloud_heavy
1564,4,65,12390.5,14868.6,0.5747,cloud_heavy
1565,5,65,12847.4,15416.9,0.6123,cloud_heavy
1566,6,65,13023.9,15628.7,0.6556,cloud_heavy
1567,7,65,14001.1,16801.3,0.7032,cloud_heavy
1568,8,65,14709.8,17651.7,0.7533,cloud_heavy
1569,9,65,14148.3,16977.9,0.8033,cloud_heavy
1570,10,65,15300.3,18360.4,0.8504,cloud_heavy
1571,11,65,15561.9,18674.3,0.8912,cloud_heavy
1572,12,65,16120.9,19345.1,0.923,cloud_heavy
1573,13,65,16136.5,19363.8,0.9431,cloud_heavy
1574,14,65,15499.5,18599.4,0.95,cloud_heavy
1575,15,65,15531.4,18637.7,0.9431,cloud_heavy
1576,16,65,15971.5,19165.8,0.923,cloud_heavy
1577,17,65,16148.7,19378.5,0.8912,cloud_heavy
1578,18,65,14273.2,17127.9,0.8504,cloud_heavy
1579,19,65,15009.7,18011.6,0.8033,cloud_heavy
1580,20,65,14908.4,17890.1,0.7533,cloud_heavy
1581,21,65,13869.4,16643.2,0.7032,cloud_heavy
1582,22,65,13717.7,16461.2,0.6556,cloud_heavy
1583,23,65,12820.6,15384.7,0.6123,cloud_heavy
1584,0,66,11862.1,14234.5,0.4829,cloud_heavy
1585,1,66,11456.8,13748.2,0.4978,cloud_heavy
1586,2,66,11365.4,13638.5,0.5177,cloud_heavy
1587,3,66,12812.1,15374.5,0.5431,cloud_heavy
1588,4,66,12373.4,14848.1,0.5747,cloud_heavy
1589,5,66,12917.9,15501.4,0.6123,cloud_heavy
1590,6,66,12933.6,15520.3,0.6556,cloud_heavy
1591,7,66,13344.0,16012.8,0.7032,cloud_heavy
1592,8,66,14319.6,17183.5,0.7533,cloud_heavy
1593,9,66,14530.5,17436.6,0.8033,cloud_heavy
1594,10,66,15462.2,18554.6,0.8504,cloud_heavy
1595,11,66,15877.9,19053.5,0.8912,cloud_heavy
1596,12,66,16111.0,19333.2,0.923,cloud_heavy
1597,13,66,16258.3,19510.0,0.9431,cloud_heavy
1598,14,66,16973.3,20368.0,0.95,cloud_heavy
1599,15,66,15625.7,18750.9,0.9431,cloud_heavy
1600,16,66,15931.1,19117.4,0.923,cloud_heavy
1601,17,66,16197.6,19437.1,0.8912,cloud_heavy
1602,18,66,15868.8,19042.6,0.8504,cloud_heavy
1603,19,66,14222.0,17066.4,0.8033,cloud_heavy
1604,20,66,14259.8,17111.7,0.7533,cloud_heavy
1605,21,66,14501.0,17401.2,0.7032,cloud_heavy
1606,22,66,13700.6,16440.7,0.6556,cloud_heavy
1607,23,66,13173.6,15808.3,0.6123,cloud_heavy
1608,0,67,11827.0,14192.4,0.4829,cloud_heavy
1609,1,67,11903.7,14284.5,0.4978,cloud_heavy
1610,2,67,12330.9,14797.1,0.5177,cloud_heavy
1611,3,67,12365.4,14838.4,0.5431,cloud_heavy
1612,4,67,12733.9,15280.6,0.5747,cloud_heavy
1613,5,67,13127.7,15753.3,0.6123,cloud_heavy
1614,6,67,13220.4,15864.5,0.6556,cloud_heavy
1615,7,67,14155.8,16986.9,0.7032,cloud_heavy
1616,8,67,15653.1,18783.8,0.7533,cloud_heavy
1617,9,67,14063.7,16876.4,0.8033,cloud_heavy
1618,10,67,15437.4,18524.9,0.8504,cloud_heavy
1619,11,67,15308.0,18369.6,0.8912,cloud_heavy
1620,12,67,16233.9,19480.6,0.923,cloud_heavy
1621,13,67,16165.3,19398.4,0.9431,cloud_heavy
1622,14,67,16576.7,19892.0,0.95,cloud_heavy
1623,15,67,16712.0,20054.4,0.9431,cloud_heavy
1624,16,67,16049.6,19259.5,0.923,cloud_heavy
1625,17,67,16197.3,19436.7,0.8912,cloud_heavy
1626,18,67,14213.6,17056.3,0.8504,cloud_heavy
1627,19,67,15564.4,18677.3,0.8033,cloud_heavy
1628,20,67,14556.6,17467.9,0.7533,cloud_heavy
1629,21,67,14383.9,17260.7,0.7032,cloud_heavy
1630,22,67,13001.0,15601.3,0.6556,cloud_heavy
1631,23,67,12770.4,15324.5,0.6123,cloud_heavy
1632,0,68,11865.6,14238.8,0.473,cloud_heavy
1633,1,68,11904.2,14285.1,0.4835,cloud_heavy
1634,2,68,12140.5,14568.6,0.4974,cloud_heavy
1635,3,68,12599.4,15119.3,0.5152,cloud_heavy
1636,4,68,11748.8,14098.5,0.5373,cloud_heavy
1637,5,68,13017.9,15621.5,0.5636,cloud_heavy
1638,6,68,12930.3,15516.3,0.5939,cloud_heavy
1639,7,68,13153.1,15783.7,0.6272,cloud_heavy
1640,8,68,12958.6,15550.3,0.6623,cloud_heavy
1641,9,68,14089.0,16906.8,0.6973,cloud_heavy
1642,10,68,13155.6,15786.8,0.7303,cloud_heavy
1643,11,68,14727.3,17672.8,0.7589,cloud_heavy
1644,12,68,13995.0,16794.0,0.7811,cloud_heavy
1645,13,68,14804.3,17765.1,0.7952,cloud_heavy
1646,14,68,14772.0,17726.4,0.8,cloud_heavy
1647,15,68,15299.1,18359.0,0.7952,cloud_heavy
1648,16,68,14572.3,17486.8,0.7811,cloud_heavy
1649,17,68,14145.5,16974.6,0.7589,cloud_heavy
1650,18,68,13967.2,16760.7,0.7303,cloud_heavy
1651,19,68,14409.6,17291.5,0.6973,cloud_heavy
1652,20,68,13775.0,16530.0,0.6623,cloud_heavy
1653,21,68,13080.9,15697.0,0.6272,cloud_heavy
1654,22,68,12835.4,15402.4,0.5939,cloud_heavy
1655,23,68,12053.7,14464.5,0.5636,cloud_heavy
1656,0,69,11951.6,14341.9,0.473,cloud_heavy
1657,1,69,11281.5,13537.8,0.4835,cloud_heavy
1658,2,69,12309.8,14771.7,0.4974,cloud_heavy
1659,3,69,12249.5,14699.4,0.5152,cloud_heavy
1660,4,69,13294.1,15952.9,0.5373,cloud_heavy
1661,5,69,12231.0,14677.2,0.5636,cloud_heavy
1662,6,69,12887.3,15464.7,0.5939,cloud_heavy
1663,7,69,13947.9,16737.5,0.6272,cloud_heavy
1664,8,69,14041.4,16849.7,0.6623,cloud_heavy
1665,9,69,13589.7,16307.6,0.6973,cloud_heavy
1666,10,69,14278.1,17133.7,0.7303,cloud_heavy
1667,11,69,14447.2,17336.6,0.7589,cloud_heavy
1668,12,69,14774.8,17729.7,0.7811,cloud_heavy
1669,13,69,14470.7,17364.9,0.7952,cloud_heavy
1670,14,69,14785.3,17742.3,0.8,cloud_heavy
1671,15,69,14071.9,16886.3,0.7952,cloud_heavy
1672,16,69,14710.2,17652.3,0.7811,cloud_heavy
1673,17,69,14641.3,17569.6,0.7589,cloud_heavy
1674,18,69,14086.0,16903.2,0.7303,cloud_heavy
1675,19,69,13207.1,15848.5,0.6973,cloud_heavy
1676,20,69,13958.9,16750.7,0.6623,cloud_heavy
1677,21,69,13378.7,16054.4,0.6272,cloud_heavy
1678,22,69,12645.5,15174.6,0.5939,cloud_heavy
1679,23,69,12541.9,15050.3,0.5636,cloud_heavy
1680,0,70,11368.8,13642.5,0.4829,cloud_heavy
1681,1,70,11671.9,14006.3,0.4978,cloud_heavy
1682,2,70,12027.9,14433.5,0.5177,cloud_heavy
1683,3,70,12918.9,15502.7,0.5431,cloud_heavy
1684,4,70,12505.5,15006.6,0.5747,cloud_heavy
1685,5,70,13348.4,16018.1,0.6123,cloud_heavy
1686,6,70,13277.0,15932.4,0.6556,cloud_heavy
1687,7,70,14037.0,16844.4,0.7032,cloud_heavy
1688,8,70,14333.6,17200.3,0.7533,cloud_heavy
1689,9,70,15244.7,18293.6,0.8033,cloud_heavy
1690,10,70,15043.5,18052.2,0.8504,cloud_heavy
1691,11,70,14926.2,17911.5,0.8912,cloud_heavy
1692,12,70,15295.9,18355.0,0.923,cloud_heavy
1693,13,70,15885.2,19062.2,0.9431,cloud_heavy
1694,14,70,15599.0,18718.8,0.95,cloud_heavy
1695,15,70,16341.4,19609.7,0.9431,cloud_heavy
1696,16,70,15734.5,18881.4,0.923,cloud_heavy
1697,17,70,16781.2,20137.5,0.8912,cloud_heavy
1698,18,70,14491.8,17390.1,0.8504,cloud_heavy
1699,19,70,14946.4,17935.6,0.8033,cloud_heavy
1700,20,70,13907.6,16689.1,0.7533,cloud_heavy
1701,21,70,13727.1,16472.5,0.7032,cloud_heavy
1702,22,70,13552.2,16262.6,0.6556,cloud_heavy
1703,23,70,12183.2,14619.8,0.6123,cloud_heavy
1704,0,71,11989.3,14387.1,0.4829,cloud_heavy
1705,1,71,12729.9,15275.8,0.4978,cloud_heavy
1706,2,71,12058.9,14470.7,0.5177,cloud_heavy
1707,3,71,12556.8,15068.2,0.5431,cloud_heavy
1708,4,71,13142.2,15770.6,0.5747,cloud_heavy
1709,5,71,13032.4,15638.9,0.6123,cloud_heavy
1710,6,71,13259.7,15911.7,0.6556,cloud_heavy
1711,7,71,12982.1,15578.5,0.7032,cloud_heavy
1712,8,71,14671.5,17605.7,0.7533,cloud_heavy
1713,9,71,14805.2,17766.2,0.8033,cloud_heavy
1714,10,71,14824.3,17789.2,0.8504,cloud_heavy
1715,11,71,15724.7,18869.7,0.8912,cloud_heavy
1716,12,71,15678.0,18813.6,0.923,cloud_heavy
1717,13,71,15886.8,19064.2,0.9431,cloud_heavy
1718,14,71,16501.0,19801.2,0.95,cloud_heavy
1719,15,71,15494.6,18593.5,0.9431,cloud_heavy
1720,16,71,16458.8,19750.6,0.923,cloud_heavy
1721,17,71,15008.4,18010.1,0.8912,cloud_heavy
1722,18,71,14984.9,17981.8,0.8504,cloud_heavy
1723,19,71,15712.6,18855.1,0.8033,cloud_heavy
1724,20,71,14881.5,17857.8,0.7533,cloud_heavy
1725,21,71,13974.1,16769.0,0.7032,cloud_heavy
1726,22,71,13114.1,15737.0,0.6556,cloud_heavy
1727,23,71,12888.9,15466.7,0.6123,cloud_heavy
1728,0,72,11930.9,14317.1,0.4829,cloud_heavy
1729,1,72,12056.0,14467.1,0.4978,cloud_heavy
1730,2,72,12191.9,14630.2,0.5177,cloud_heavy
1731,3,72,12448.2,14937.8,0.5431,cloud_heavy
1732,4,72,12668.1,15201.8,0.5747,cloud_heavy
1733,5,72,12530.3,15036.3,0.6123,cloud_heavy
1734,6,72,13285.8,15943.0,0.6556,cloud_heavy
1735,7,72,14315.6,17178.8,0.7032,cloud_heavy
1736,8,72,13803.8,16564.5,0.7533,cloud_heavy
1737,9,72,14771.1,17725.4,0.8033,cloud_heavy
1738,10,72,14912.8,17895.4,0.8504,cloud_heavy
1739,11,72,15717.6,18861.1,0.8912,cloud_heavy
1740,12,72,15771.4,18925.7,0.923,cloud_heavy
1741,13,72,16858.2,20229.9,0.9431,cloud_heavy
1742,14,72,16452.5,19743.1,0.95,cloud_heavy
1743,15,72,15507.5,18609.0,0.9431,cloud_heavy
1744,16,72,16278.8,19534.5,0.923,cloud_heavy
1745,17,72,15301.2,18361.4,0.8912,cloud_heavy
1746,18,72,15024.2,18029.0,0.8504,cloud_heavy
1747,19,72,14995.5,17994.6,0.8033,cloud_heavy
1748,20,72,14182.3,17018.8,0.7533,cloud_heavy
1749,21,72,14306.6,17167.9,0.7032,cloud_heavy
1750,22,72,13181.4,15817.6,0.6556,cloud_heavy
1751,23,72,12853.7,15424.4,0.6123,cloud_heavy
1752,0,73,11670.3,14004.3,0.4829,cloud_heavy
1753,1,73,11838.1,14205.7,0.4978,cloud_heavy
1754,2,73,12628.3,15154.0,0.5177,cloud_heavy
1755,3,73,12694.7,15233.7,0.5431,cloud_heavy
1756,4,73,13404.2,16085.0,0.5747,cloud_heavy
1757,5,73,13987.8,16785.4,0.6123,cloud_heavy
1758,6,73,13077.6,15693.2,0.6556,cloud_heavy
1759,7,73,13962.8,16755.3,0.7032,cloud_heavy
1760,8,73,13886.7,16664.1,0.7533,cloud_heavy
1761,9,73,14509.1,17410.9,0.8033,cloud_heavy
1762,10,73,14999.8,17999.8,0.8504,cloud_heavy
1763,11,73,15168.4,18202.1,0.8912,cloud_heavy
1764,12,73,15453.9,18544.7,0.923,cloud_heavy
1765,13,73,16072.9,19287.4,0.9431,cloud_heavy
1766,14,73,15614.7,18737.6,0.95,cloud_heavy
1767,15,73,16550.6,19860.7,0.9431,cloud_heavy
1768,16,73,15518.1,18621.7,0.923,cloud_heavy
1769,17,73,16985.6,20382.7,0.8912,cloud_heavy
1770,18,73,15081.8,18098.1,0.8504,cloud_heavy
1771,19,73,14887.7,17865.2,0.8033,cloud_heavy
1772,20,73,13835.3,16602.3,0.7533,cloud_heavy
1773,21,73,14646.5,17575.8,0.7032,cloud_heavy
1774,22,73,13948.1,16737.8,0.6556,cloud_heavy
1775,23,73,13213.5,15856.2,0.6123,cloud_heavy
1776,0,74,11423.7,13708.5,0.4829,cloud_heavy
1777,1,74,12118.5,14542.2,0.4978,cloud_heavy
1778,2,74,11813.9,14176.7,0.5177,cloud_heavy
1779,3,74,13006.3,15607.6,0.5431,cloud_heavy
1780,4,74,13059.7,15671.6,0.5747,cloud_heavy
1781,5,74,13134.3,15761.2,0.6123,cloud_heavy
1782,6,74,12508.6,15010.3,0.6556,cloud_heavy
1783,7,74,13522.3,16226.7,0.7032,cloud_heavy
1784,8,74,14691.7,17630.0,0.7533,cloud_heavy
1785,9,74,15396.2,18475.4,0.8033,cloud_heavy
1786,10,74,15797.5,18957.1,0.8504,cloud_heavy
1787,11,74,14917.1,17900.5,0.8912,cloud_heavy
1788,12,74,16101.8,19322.2,0.923,cloud_heavy
1789,13,74,16634.5,19961.4,0.9431,cloud_heavy
1790,14,74,15400.0,18480.0,0.95,cloud_heavy
1791,15,74,16138.9,19366.7,0.9431,cloud_heavy
1792,16,74,16088.5,19306.2,0.923,cloud_heavy
1793,17,74,15523.9,18628.7,0.8912,cloud_heavy
1794,18,74,14439.3,17327.1,0.8504,cloud_heavy
1795,19,74,14710.5,17652.5,0.8033,cloud_heavy
1796,20,74,14253.3,17104.0,0.7533,cloud_heavy
1797,21,74,13871.4,16645.7,0.7032,cloud_heavy
1798,22,74,13266.8,15920.2,0.6556,cloud_heavy
1799,23,74,12922.8,15507.3,0.6123,cloud_heavy
1800,0,75,11799.8,14159.8,0.473,cloud_heavy
1801,1,75,12068.4,14482.1,0.4835,cloud_heavy
1802,2,75,11928.3,14314.0,0.4974,cloud_heavy
1803,3,75,12052.5,14462.9,0.5152,cloud_heavy
1804,4,75,12440.1,14928.1,0.5373,cloud_heavy
1805,5,75,11919.5,14303.4,0.5636,cloud_heavy
1806,6,75,13112.1,15734.5,0.5939,cloud_heavy
1807,7,75,13233.7,15880.5,0.6272,cloud_heavy
1808,8,75,13573.0,16287.6,0.6623,cloud_heavy
1809,9,75,14279.6,17135.5,0.6973,cloud_heavy
1810,10,75,13351.9,16022.3,0.7303,cloud_heavy
1811,11,75,13590.9,16309.0,0.7589,cloud_heavy
1812,12,75,14771.2,17725.4,0.7811,cloud_heavy
1813,13,75,14777.4,17732.9,0.7952,cloud_heavy
1814,14,75,14900.7,17880.8,0.8,cloud_heavy
1815,15,75,14575.6,17490.8,0.7952,cloud_heavy
1816,16,75,14942.8,17931.4,0.7811,cloud_heavy
1817,17,75,14850.5,17820.6,0.7589,cloud_heavy
1818,18,75,14388.7,17266.5,0.7303,cloud_heavy
1819,19,75,13770.9,16525.1,0.6973,cloud_heavy
1820,20,75,12699.7,15239.6,0.6623,cloud_heavy
1821,21,75,13539.4,16247.2,0.6272,cloud_heavy
1822,22,75,13400.9,16081.0,0.5939,cloud_heavy
1823,23,75,12893.0,15471.6,0.5636,cloud_heavy
1824,0,76,11502.2,13802.6,0.473,cloud_heavy
1825,1,76,12151.1,14581.3,0.4835,cloud_heavy
1826,2,76,12349.0,14818.8,0.4974,cloud_heavy
1827,3,76,12773.1,15327.7,0.5152,cloud_heavy
1828,4,76,12079.7,14495.6,0.5373,cloud_heavy
1829,5,76,12562.5,15075.0,0.5636,cloud_heavy
1830,6,76,13216.9,15860.2,0.5939,cloud_heavy
1831,7,76,13256.8,15908.1,0.6272,cloud_heavy
1832,8,76,13102.5,15722.9,0.6623,cloud_heavy
1833,9,76,14052.2,16862.6,0.6973,cloud_heavy
1834,10,76,14429.0,17314.8,0.7303,cloud_heavy
1835,11,76,14484.4,17381.3,0.7589,cloud_heavy
1836,12,76,14747.3,17696.8,0.7811,cloud_heavy
1837,13,76,14665.8,17599.0,0.7952,cloud_heavy
1838,14,76,15482.5,18579.0,0.8,cloud_heavy
1839,15,76,14381.2,17257.4,0.7952,cloud_heavy
1840,16,76,14392.7,17271.2,0.7811,cloud_heavy
1841,17,76,14451.1,17341.3,0.7589,cloud_heavy
1842,18,76,14556.8,17468.1,0.7303,cloud_heavy
1843,19,76,13256.1,15907.3,0.6973,cloud_heavy
1844,20,76,13024.0,15628.8,0.6623,cloud_heavy
1845,21,76,12424.9,14909.9,0.6272,cloud_heavy
1846,22,76,12939.7,15527.7,0.5939,cloud_heavy
1847,23,76,12224.1,14668.9,0.5636,cloud_heavy
1848,0,77,11767.4,14120.8,0.4829,cloud_heavy
1849,1,77,12281.3,14737.6,0.4978,cloud_heavy
1850,2,77,11989.9,14387.9,0.5177,cloud_heavy
1851,3,77,12546.2,15055.4,0.5431,cloud_heavy
1852,4,77,12635.6,15162.8,0.5747,cloud_heavy
1853,5,77,13360.9,16033.1,0.6123,cloud_heavy
1854,6,77,13687.3,16424.7,0.6556,cloud_heavy
1855,7,77,13644.1,16372.9,0.7032,cloud_heavy
1856,8,77,14321.8,17186.2,0.7533,cloud_heavy
1857,9,77,15320.8,18384.9,0.8033,cloud_heavy
1858,10,77,15469.2,18563.1,0.8504,cloud_heavy
1859,11,77,15008.7,18010.5,0.8912,cloud_heavy
1860,12,77,16271.3,19525.6,0.923,cloud_heavy
1861,13,77,15617.5,18741.0,0.9431,cloud_heavy
1862,14,77,16893.0,20271.6,0.95,cloud_heavy
1863,15,77,16638.7,19966.4,0.9431,cloud_heavy
1864,16,77,16096.2,19315.5,0.923,cloud_heavy
1865,17,77,15739.1,18887.0,0.8912,cloud_heavy
1866,18,77,15192.9,18231.5,0.8504,cloud_heavy
1867,19,77,15158.0,18189.6,0.8033,cloud_heavy
1868,20,77,14234.5,17081.4,0.7533,cloud_heavy
1869,21,77,14031.8,16838.2,0.7032,cloud_heavy
1870,22,77,13847.9,16617.5,0.6556,cloud_heavy
1871,23,77,12876.1,15451.3,0.6123,cloud_heavy
1872,0,78,11684.6,14021.6,0.4829,cloud_heavy
1873,1,78,11610.9,13933.1,0.4978,cloud_heavy
1874,2,78,11834.8,14201.7,0.5177,cloud_heavy
1875,3,78,11776.3,14131.5,0.5431,cloud_heavy
1876,4,78,13029.3,15635.2,0.5747,cloud_heavy
1877,5,78,13807.6,16569.1,0.6123,cloud_heavy
1878,6,78,14072.0,16886.3,0.6556,cloud_heavy
1879,7,78,13253.6,15904.4,0.7032,cloud_heavy
1880,8,78,14707.7,17649.2,0.7533,cloud_heavy
1881,9,78,15489.4,18587.3,0.8033,cloud_heavy
1882,10,78,15079.3,18095.1,0.8504,cloud_heavy
1883,11,78,15712.9,18855.5,0.8912,cloud_heavy
1884,12,78,14996.2,17995.5,0.923,cloud_heavy
1885,13,78,16271.9,19526.3,0.9431,cloud_heavy
1886,14,78,15689.2,18827.0,0.95,cloud_heavy
1887,15,78,16239.4,19487.3,0.9431,cloud_heavy
1888,16,78,15210.1,18252.1,0.923,cloud_heavy
1889,17,78,15920.4,19104.4,0.8912,cloud_heavy
1890,18,78,15758.7,18910.5,0.8504,cloud_heavy
1891,19,78,14506.6,17407.9,0.8033,cloud_heavy
1892,20,78,13903.7,16684.4,0.7533,cloud_heavy
1893,21,78,13032.1,15638.5,0.7032,cloud_heavy
1894,22,78,13387.1,16064.5,0.6556,cloud_heavy
1895,23,78,12868.3,15442.0,0.6123,cloud_heavy
1896,0,79,11350.8,13620.9,0.4829,cloud_heavy
1897,1,79,12206.1,14647.3,0.4978,cloud_heavy
1898,2,79,12060.2,14472.2,0.5177,cloud_heavy
1899,3,79,12057.6,14469.1,0.5431,cloud_heavy
1900,4,79,12538.0,15045.6,0.5747,cloud_heavy
1901,5,79,13517.8,16221.3,0.6123,cloud_heavy
1902,6,79,13739.0,16486.8,0.6556,cloud_heavy
1903,7,79,13879.0,16654.8,0.7032,cloud_heavy
1904,8,79,14662.0,17594.4,0.7533,cloud_heavy
1905,9,79,14338.2,17205.9,0.8033,cloud_heavy
1906,10,79,15303.7,18364.4,0.8504,cloud_heavy
1907,11,79,15734.5,18881.4,0.8912,cloud_heavy
1908,12,79,15732.5,18879.0,0.923,cloud_heavy
1909,13,79,16353.6,19624.4,0.9431,cloud_heavy
1910,14,79,15826.8,18992.2,0.95,cloud_heavy
1911,15,79,16389.6,19667.6,0.9431,cloud_heavy
1912,16,79,16221.6,19466.0,0.923,cloud_heavy
1913,17,79,14294.3,17153.2,0.8912,cloud_heavy
1914,18,79,15834.8,19001.7,0.8504,cloud_heavy
1915,19,79,13497.4,16196.9,0.8033,cloud_heavy
1916,20,79,14128.6,16954.3,0.7533,cloud_heavy
1917,21,79,14361.9,17234.3,0.7032,cloud_heavy
1918,22,79,13366.5,16039.8,0.6556,cloud_heavy
1919,23,79,12520.8,15024.9,0.6123,cloud_heavy
1920,0,80,11514.1,13816.9,0.4829,cloud_heavy
1921,1,80,12413.4,14896.1,0.4978,cloud_heavy
1922,2,80,11520.5,13824.6,0.5177,cloud_heavy
1923,3,80,12881.7,15458.1,0.5431,cloud_heavy
1924,4,80,12729.1,15274.9,0.5747,cloud_heavy
1925,5,80,12628.3,15154.0,0.6123,cloud_heavy
1926,6,80,13258.8,15910.6,0.6556,cloud_heavy
1927,7,80,13508.1,16209.8,0.7032,cloud_heavy
1928,8,80,14768.7,17722.5,0.7533,cloud_heavy
1929,9,80,15182.0,18218.4,0.8033,cloud_heavy
1930,10,80,14500.3,17400.4,0.8504,cloud_heavy
1931,11,80,15475.6,18570.7,0.8912,cloud_heavy
1932,12,80,15544.2,18653.1,0.923,cloud_heavy
1933,13,80,16769.2,20123.0,0.9431,cloud_heavy
1934,14,80,15549.8,18659.8,0.95,cloud_heavy
1935,15,80,16919.6,20303.6,0.9431,cloud_heavy
1936,16,80,15941.5,19129.8,0.923,cloud_heavy
1937,17,80,15119.2,18143.0,0.8912,cloud_heavy
1938,18,80,14978.2,17973.8,0.8504,cloud_heavy
1939,19,80,14498.4,17398.0,0.8033,cloud_heavy
1940,20,80,13844.2,16613.1,0.7533,cloud_heavy
1941,21,80,13973.0,16767.6,0.7032,cloud_heavy
1942,22,80,12997.8,15597.4,0.6556,cloud_heavy
1943,23,80,12240.2,14688.2,0.6123,cloud_heavy
1944,0,81,11769.1,14122.9,0.4829,cloud_heavy
1945,1,81,11391.1,13669.3,0.4978,cloud_heavy
1946,2,81,11949.3,14339.2,0.5177,cloud_heavy
1947,3,81,12119.9,14543.9,0.5431,cloud_heavy
1948,4,81,12416.9,14900.3,0.5747,cloud_heavy
1949,5,81,13883.0,16659.6,0.6123,cloud_heavy
1950,6,81,13517.8,16221.3,0.6556,cloud_heavy
1951,7,81,14035.9,16843.1,0.7032,cloud_heavy
1952,8,81,13627.5,16353.0,0.7533,cloud_heavy
1953,9,81,14564.2,17477.0,0.8033,cloud_heavy
1954,10,81,15387.6,18465.1,0.8504,cloud_heavy
1955,11,81,15183.8,18220.5,0.8912,cloud_heavy
1956,12,81,16392.1,19670.6,0.923,cloud_heavy
1957,13,81,15560.3,18672.4,0.9431,cloud_heavy
1958,14,81,16067.0,19280.4,0.95,cloud_heavy
1959,15,81,15858.9,19030.7,0.9431,cloud_heavy
1960,16,81,16036.1,19243.3,0.923,cloud_heavy
1961,17,81,15364.2,18437.1,0.8912,cloud_heavy
1962,18,81,15164.6,18197.5,0.8504,cloud_heavy
1963,19,81,14750.4,17700.4,0.8033,cloud_heavy
1964,20,81,14077.5,16893.0,0.7533,cloud_heavy
1965,21,81,14136.1,16963.3,0.7032,cloud_heavy
1966,22,81,13591.4,16309.7,0.6556,cloud_heavy
1967,23,81,13062.0,15674.4,0.6123,cloud_heavy
1968,0,82,11661.4,13993.6,0.473,cloud_heavy
1969,1,82,12194.9,14633.9,0.4835,cloud_heavy
1970,2,82,11953.1,14343.7,0.4974,cloud_heavy
1971,3,82,12090.1,14508.2,0.5152,cloud_heavy
1972,4,82,12444.7,14933.6,0.5373,cloud_heavy
1973,5,82,13292.2,15950.6,0.5636,cloud_heavy
1974,6,82,12407.3,14888.7,0.5939,cloud_heavy
1975,7,82,13539.6,16247.5,0.6272,cloud_heavy
1976,8,82,12786.9,15344.3,0.6623,cloud_heavy
1977,9,82,13970.0,16764.0,0.6973,cloud_heavy
1978,10,82,14853.0,17823.6,0.7303,cloud_heavy
1979,11,82,14658.1,17589.7,0.7589,cloud_heavy
1980,12,82,14725.8,17671.0,0.7811,cloud_heavy
1981,13,82,14532.0,17438.4,0.7952,cloud_heavy
1982,14,82,14838.8,17806.6,0.8,cloud_heavy
1983,15,82,14668.8,17602.5,0.7952,cloud_heavy
1984,16,82,14305.4,17166.5,0.7811,cloud_heavy
1985,17,82,14320.7,17184.8,0.7589,cloud_heavy
1986,18,82,14267.2,17120.6,0.7303,cloud_heavy
1987,19,82,13560.1,16272.1,0.6973,cloud_heavy
1988,20,82,13229.0,15874.8,0.6623,cloud_heavy
1989,21,82,12693.9,15232.7,0.6272,cloud_heavy
1990,22,82,13078.6,15694.3,0.5939,cloud_heavy
1991,23,82,12855.3,15426.4,0.5636,cloud_heavy
1992,0,83,11896.0,14275.2,0.473,cloud_heavy
1993,1,83,12255.2,14706.2,0.4835,cloud_heavy
1994,2,83,12070.0,14484.0,0.4974,cloud_heavy
1995,3,83,12345.9,14815.1,0.5152,cloud_heavy
1996,4,83,12518.8,15022.6,0.5373,cloud_heavy
1997,5,83,12613.7,15136.4,0.5636,cloud_heavy
1998,6,83,12721.2,15265.4,0.5939,cloud_heavy
1999,7,83,14113.0,16935.6,0.6272,cloud_heavy
2000,8,83,13373.1,16047.7,0.6623,cloud_heavy
2001,9,83,13602.3,16322.7,0.6973,cloud_heavy
2002,10,83,14367.5,17240.9,0.7303,cloud_heavy
2003,11,83,14555.4,17466.5,0.7589,cloud_heavy
2004,12,83,14033.4,16840.1,0.7811,cloud_heavy
2005,13,83,15278.4,18334.0,0.7952,cloud_heavy
2006,14,83,14783.1,17739.7,0.8,cloud_heavy
2007,15,83,14287.9,17145.5,0.7952,cloud_heavy
2008,16,83,15173.3,18208.0,0.7811,cloud_heavy
2009,17,83,14717.5,17660.9,0.7589,cloud_heavy
2010,18,83,13644.8,16373.7,0.7303,cloud_heavy
2011,19,83,14619.5,17543.5,0.6973,cloud_heavy
2012,20,83,13824.8,16589.8,0.6623,cloud_heavy
2013,21,83,13229.9,15875.9,0.6272,cloud_heavy
2014,22,83,13543.8,16252.5,0.5939,cloud_heavy
2015,23,83,12708.9,15250.6,0.5636,cloud_heavy
2016,0,84,11894.7,14273.6,0.4829,cloud_heavy
2017,1,84,11803.9,14164.6,0.4978,cloud_heavy
2018,2,84,12438.6,14926.3,0.5177,cloud_heavy
2019,3,84,12637.9,15165.4,0.5431,cloud_heavy
2020,4,84,12755.8,15306.9,0.5747,cloud_heavy
2021,5,84,12786.4,15343.7,0.6123,cloud_heavy
2022,6,84,13547.5,16257.0,0.6556,cloud_heavy
2023,7,84,13904.2,16685.0,0.7032,cloud_heavy
2024,8,84,13818.8,16582.6,0.7533,cloud_heavy
2025,9,84,14199.7,17039.6,0.8033,cloud_heavy
2026,10,84,15548.0,18657.6,0.8504,cloud_heavy
2027,11,84,14442.5,17331.0,0.8912,cloud_heavy
2028,12,84,16055.8,19266.9,0.923,cloud_heavy
2029,13,84,15911.2,19093.5,0.9431,cloud_heavy
2030,14,84,16842.3,20210.8,0.95,cloud_heavy
2031,15,84,15903.8,19084.5,0.9431,cloud_heavy
2032,16,84,16273.1,19527.8,0.923,cloud_heavy
2033,17,84,15478.7,18574.5,0.8912,cloud_heavy
2034,18,84,15341.0,18409.2,0.8504,cloud_heavy
2035,19,84,15184.0,18220.8,0.8033,cloud_heavy
2036,20,84,14194.9,17033.9,0.7533,cloud_heavy
2037,21,84,14349.9,17219.9,0.7032,cloud_heavy
2038,22,84,13092.6,15711.1,0.6556,cloud_heavy
2039,23,84,13212.6,15855.1,0.6123,cloud_heavy
2040,0,85,12234.2,14681.1,0.4829,cloud_heavy
2041,1,85,12280.9,14737.0,0.4978,cloud_heavy
2042,2,85,12928.1,15513.7,0.5177,cloud_heavy
2043,3,85,12174.3,14609.2,0.5431,cloud_heavy
2044,4,85,12222.6,14667.1,0.5747,cloud_heavy
2045,5,85,12706.2,15247.4,0.6123,cloud_heavy
2046,6,85,13762.3,16514.7,0.6556,cloud_heavy
2047,7,85,14141.5,16969.8,0.7032,cloud_heavy
2048,8,85,14438.8,17326.6,0.7533,cloud_heavy
2049,9,85,14355.1,17226.2,0.8033,cloud_heavy
2050,10,85,15640.5,18768.7,0.8504,cloud_heavy
2051,11,85,15089.7,18107.6,0.8912,cloud_heavy
2052,12,85,16512.3,19814.7,0.923,cloud_heavy
2053,13,85,17500.0,21000.0,0.9431,cloud_heavy
2054,14,85,16384.4,19661.3,0.95,cloud_heavy
2055,15,85,16425.1,19710.2,0.9431,cloud_heavy
2056,16,85,15721.5,18865.8,0.923,cloud_heavy
2057,17,85,14814.5,17777.4,0.8912,cloud_heavy
2058,18,85,15012.4,18014.8,0.8504,cloud_heavy
2059,19,85,14368.5,17242.2,0.8033,cloud_heavy
2060,20,85,13769.8,16523.7,0.7533,cloud_heavy
2061,21,85,14653.3,17583.9,0.7032,cloud_heavy
2062,22,85,13605.4,16326.5,0.6556,cloud_heavy
2063,23,85,13246.0,15895.2,0.6123,cloud_heavy
2064,0,86,11794.3,14153.2,0.4829,cloud_heavy
2065,1,86,11979.9,14375.9,0.4978,cloud_heavy
2066,2,86,12578.9,15094.7,0.5177,cloud_heavy
2067,3,86,12447.6,14937.1,0.5431,cloud_heavy
2068,4,86,12953.1,15543.8,0.5747,cloud_heavy
2069,5,86,13019.8,15623.8,0.6123,cloud_heavy
2070,6,86,13356.4,16027.7,0.6556,cloud_heavy
2071,7,86,13345.2,16014.3,0.7032,cloud_heavy
2072,8,86,13540.6,16248.7,0.7533,cloud_heavy
2073,9,86,14739.0,17686.8,0.8033,cloud_heavy
2074,10,86,15314.7,18377.7,0.8504,cloud_heavy
2075,11,86,15060.8,18073.0,0.8912,cloud_heavy
2076,12,86,15940.9,19129.1,0.923,cloud_heavy
2077,13,86,16168.8,19402.5,0.9431,cloud_heavy
2078,14,86,15158.0,18189.6,0.95,cloud_heavy
2079,15,86,15699.6,18839.5,0.9431,cloud_heavy
2080,16,86,16152.4,19382.9,0.923,cloud_heavy
2081,17,86,15847.1,19016.6,0.8912,cloud_heavy
2082,18,86,14759.7,17711.6,0.8504,cloud_heavy
2083,19,86,14926.2,17911.5,0.8033,cloud_heavy
2084,20,86,14836.2,17803.4,0.7533,cloud_heavy
2085,21,86,14258.2,17109.8,0.7032,cloud_heavy
2086,22,86,13456.3,16147.6,0.6556,cloud_heavy
2087,23,86,12913.0,15495.6,0.6123,cloud_heavy
2088,0,87,11679.9,14015.9,0.4829,cloud_heavy
2089,1,87,12211.4,14653.7,0.4978,cloud_heavy
2090,2,87,12296.7,14756.1,0.5177,cloud_heavy
2091,3,87,12695.0,15234.0,0.5431,cloud_heavy
2092,4,87,12800.6,15360.7,0.5747,cloud_heavy
2093,5,87,13418.5,16102.2,0.6123,cloud_heavy
2094,6,87,13533.2,16239.9,0.6556,cloud_heavy
2095,7,87,14261.3,17113.6,0.7032,cloud_heavy
2096,8,87,14770.7,17724.8,0.7533,cloud_heavy
2097,9,87,14497.1,17396.5,0.8033,cloud_heavy
2098,10,87,14459.5,17351.4,0.8504,cloud_heavy
2099,11,87,16390.6,19668.7,0.8912,cloud_heavy
2100,12,87,16080.3,19296.4,0.923,cloud_heavy
2101,13,87,15312.4,18374.9,0.9431,cloud_heavy
2102,14,87,15859.2,19031.0,0.95,cloud_heavy
2103,15,87,16516.6,19819.9,0.9431,cloud_heavy
2104,16,87,15823.6,18988.3,0.923,cloud_heavy
2105,17,87,15424.6,18509.5,0.8912,cloud_heavy
2106,18,87,15931.3,19117.6,0.8504,cloud_heavy
2107,19,87,14388.9,17266.6,0.8033,cloud_heavy
2108,20,87,14050.0,16860.0,0.7533,cloud_heavy
2109,21,87,14021.7,16826.0,0.7032,cloud_heavy
2110,22,87,13653.0,16383.6,0.6556,cloud_heavy
2111,23,87,13291.9,15950.2,0.6123,cloud_heavy
2112,0,88,12230.1,14676.2,0.4829,cloud_heavy
2113,1,88,12114.1,14537.0,0.4978,cloud_heavy
2114,2,88,12404.7,14885.6,0.5177,cloud_heavy
2115,3,88,12362.8,14835.4,0.5431,cloud_heavy
2116,4,88,12774.1,15328.9,0.5747,cloud_heavy
2117,5,88,13139.1,15766.9,0.6123,cloud_heavy
2118,6,88,13582.0,16298.4,0.6556,cloud_heavy
2119,7,88,14256.3,17107.5,0.7032,cloud_heavy
2120,8,88,14634.4,17561.3,0.7533,cloud_heavy
2121,9,88,14875.3,17850.4,0.8033,cloud_heavy
2122,10,88,14917.7,17901.2,0.8504,cloud_heavy
2123,11,88,15697.0,18836.5,0.8912,cloud_heavy
2124,12,88,15944.0,19132.8,0.923,cloud_heavy
2125,13,88,16236.3,19483.6,0.9431,cloud_heavy
2126,14,88,17279.0,20734.8,0.95,cloud_heavy
2127,15,88,15889.1,19066.9,0.9431,cloud_heavy
2128,16,88,16159.6,19391.5,0.923,cloud_heavy
2129,17,88,16167.4,19400.9,0.8912,cloud_heavy
2130,18,88,15333.8,18400.5,0.8504,cloud_heavy
2131,19,88,15897.5,19077.0,0.8033,cloud_heavy
2132,20,88,14231.4,17077.7,0.7533,cloud_heavy
2133,21,88,14068.8,16882.6,0.7032,cloud_heavy
2134,22,88,13171.5,15805.8,0.6556,cloud_heavy
2135,23,88,12958.7,15550.5,0.6123,cloud_heavy
2136,0,89,11902.1,14282.6,0.473,cloud_heavy
2137,1,89,12212.7,14655.2,0.4835,cloud_heavy
2138,2,89,12153.5,14584.2,0.4974,cloud_heavy
2139,3,89,12663.3,15196.0,0.5152,cloud_heavy
2140,4,89,12370.4,14844.5,0.5373,cloud_heavy
2141,5,89,12522.4,15026.8,0.5636,cloud_heavy
2142,6,89,13975.7,16770.8,0.5939,cloud_heavy
2143,7,89,13390.5,16068.6,0.6272,cloud_heavy
2144,8,89,13264.3,15917.1,0.6623,cloud_heavy
2145,9,89,13590.5,16308.6,0.6973,cloud_heavy
2146,10,89,13781.7,16538.0,0.7303,cloud_heavy
2147,11,89,14852.2,17822.6,0.7589,cloud_heavy
2148,12,89,14490.7,17388.8,0.7811,cloud_heavy
2149,13,89,14837.0,17804.4,0.7952,cloud_heavy
2150,14,89,14796.8,17756.1,0.8,cloud_heavy
2151,15,89,15104.9,18125.9,0.7952,cloud_heavy
2152,16,89,14278.7,17134.4,0.7811,cloud_heavy
2153,17,89,13980.2,16776.2,0.7589,cloud_heavy
2154,18,89,14278.2,17133.9,0.7303,cloud_heavy
2155,19,89,14129.8,16955.7,0.6973,cloud_heavy
2156,20,89,13692.1,16430.5,0.6623,cloud_heavy
2157,21,89,12912.6,15495.1,0.6272,cloud_heavy
2158,22,89,13189.8,15827.8,0.5939,cloud_heavy
2159,23,89,12366.2,14839.4,0.5636,cloud_heavy
2160,0,90,11629.1,13954.9,0.473,cloud_heavy
2161,1,90,11573.0,13887.6,0.4835,cloud_heavy
2162,2,90,12508.2,15009.8,0.4974,cloud_heavy
2163,3,90,12434.3,14921.2,0.5152,cloud_heavy
2164,4,90,12630.9,15157.1,0.5373,cloud_heavy
2165,5,90,13121.7,15746.0,0.5636,cloud_heavy
2166,6,90,14017.8,16821.4,0.5939,cloud_heavy
2167,7,90,12555.4,15066.4,0.6272,cloud_heavy
2168,8,90,13256.6,15907.9,0.6623,cloud_heavy
2169,9,90,13623.0,16347.6,0.6973,cloud_heavy
2170,10,90,13820.8,16584.9,0.7303,cloud_heavy
2171,11,90,13979.3,16775.1,0.7589,cloud_heavy
2172,12,90,14519.1,17423.0,0.7811,cloud_heavy
2173,13,90,14241.1,17089.3,0.7952,cloud_heavy
2174,14,90,14974.0,17968.8,0.8,cloud_heavy
2175,15,90,14803.5,17764.2,0.7952,cloud_heavy
2176,16,90,14862.3,17834.7,0.7811,cloud_heavy
2177,17,90,14666.3,17599.6,0.7589,cloud_heavy
2178,18,90,14439.4,17327.2,0.7303,cloud_heavy
2179,19,90,13724.1,16468.9,0.6973,cloud_heavy
2180,20,90,14419.6,17303.5,0.6623,cloud_heavy
2181,21,90,13327.0,15992.4,0.6272,cloud_heavy
2182,22,90,12204.8,14645.7,0.5939,cloud_heavy
2183,23,90,12268.1,14721.7,0.5636,cloud_heavy
2184,0,91,11283.1,13539.7,0.4829,cloud_heavy
2185,1,91,12048.7,14458.4,0.4978,cloud_heavy
2186,2,91,12180.5,14616.6,0.5177,cloud_heavy
2187,3,91,12284.6,14741.5,0.5431,cloud_heavy
2188,4,91,13519.3,16223.2,0.5747,cloud_heavy
2189,5,91,13312.5,15975.0,0.6123,cloud_heavy
2190,6,91,13788.9,16546.6,0.6556,cloud_heavy
2191,7,91,13544.1,16253.0,0.7032,cloud_heavy
2192,8,91,13963.2,16755.8,0.7533,cloud_heavy
2193,9,91,14872.0,17846.4,0.8033,cloud_heavy
2194,10,91,15368.2,18441.8,0.8504,cloud_heavy
2195,11,91,14792.9,17751.4,0.8912,cloud_heavy
2196,12,91,15871.1,19045.3,0.923,cloud_heavy
2197,13,91,16149.6,19379.5,0.9431,cloud_heavy
2198,14,91,16101.6,19322.0,0.95,cloud_heavy
2199,15,91,15748.8,18898.6,0.9431,cloud_heavy
2200,16,91,15699.2,18839.0,0.923,cloud_heavy
2201,17,91,15582.1,18698.6,0.8912,cloud_heavy
2202,18,91,15330.5,18396.6,0.8504,cloud_heavy
2203,19,91,15125.1,18150.2,0.8033,cloud_heavy
2204,20,91,14861.4,17833.7,0.7533,cloud_heavy
2205,21,91,13810.3,16572.4,0.7032,cloud_heavy
2206,22,91,13310.2,15972.3,0.6556,cloud_heavy
2207,23,91,13268.8,15922.6,0.6123,cloud_heavy
2208,0,92,12122.9,14547.4,0.4829,cloud_heavy
2209,1,92,11885.5,14262.6,0.4978,cloud_heavy
2210,2,92,12515.1,15018.1,0.5177,cloud_heavy
2211,3,92,12825.9,15391.0,0.5431,cloud_heavy
2212,4,92,13244.2,15893.1,0.5747,cloud_heavy
2213,5,92,13795.5,16554.7,0.6123,cloud_heavy
2214,6,92,13144.1,15773.0,0.6556,cloud_heavy
2215,7,92,13939.1,16727.0,0.7032,cloud_heavy
2216,8,92,14399.5,17279.4,0.7533,cloud_heavy
2217,9,92,14811.9,17774.3,0.8033,cloud_heavy
2218,10,92,14991.0,17989.2,0.8504,cloud_heavy
2219,11,92,14967.1,17960.5,0.8912,cloud_heavy
2220,12,92,16001.8,19202.2,0.923,cloud_heavy
2221,13,92,15770.6,18924.8,0.9431,cloud_heavy
2222,14,92,16248.1,19497.7,0.95,cloud_heavy
2223,15,92,15758.2,18909.8,0.9431,cloud_heavy
2224,16,92,15431.0,18517.2,0.923,cloud_heavy
2225,17,92,15775.4,18930.4,0.8912,cloud_heavy
2226,18,92,15358.0,18429.6,0.8504,cloud_heavy
2227,19,92,15113.8,18136.5,0.8033,cloud_heavy
2228,20,92,15338.6,18406.3,0.7533,cloud_heavy
2229,21,92,14049.2,16859.1,0.7032,cloud_heavy
2230,22,92,13691.3,16429.6,0.6556,cloud_heavy
2231,23,92,12673.5,15208.1,0.6123,cloud_heavy
2232,0,93,11445.1,13734.1,0.4829,cloud_heavy
2233,1,93,12614.2,15137.1,0.4978,cloud_heavy
2234,2,93,11886.5,14263.8,0.5177,cloud_heavy
2235,3,93,12069.5,14483.4,0.5431,cloud_heavy
2236,4,93,12735.2,15282.2,0.5747,cloud_heavy
2237,5,93,13061.4,15673.7,0.6123,cloud_heavy
2238,6,93,13129.5,15755.4,0.6556,cloud_heavy
2239,7,93,13805.9,16567.0,0.7032,cloud_heavy
2240,8,93,14925.5,17910.7,0.7533,cloud_heavy
2241,9,93,14496.4,17395.7,0.8033,cloud_heavy
2242,10,93,14649.6,17579.5,0.8504,cloud_heavy
2243,11,93,16108.2,19329.9,0.8912,cloud_heavy
2244,12,93,16193.1,19431.7,0.923,cloud_heavy
2245,13,93,15842.2,19010.7,0.9431,cloud_heavy
2246,14,93,15437.0,18524.4,0.95,cloud_heavy
2247,15,93,15782.1,18938.6,0.9431,cloud_heavy
2248,16,93,15931.3,19117.5,0.923,cloud_heavy
2249,17,93,16213.1,19455.7,0.8912,cloud_heavy
2250,18,93,14813.4,17776.0,0.8504,cloud_heavy
2251,19,93,14817.9,17781.5,0.8033,cloud_heavy
2252,20,93,14686.2,17623.4,0.7533,cloud_heavy
2253,21,93,12938.0,15525.6,0.7032,cloud_heavy
2254,22,93,13913.4,16696.1,0.6556,cloud_heavy
2255,23,93,12632.2,15158.7,0.6123,cloud_heavy
2256,0,94,12023.3,14427.9,0.4829,cloud_heavy
2257,1,94,12131.5,14557.8,0.4978,cloud_heavy
2258,2,94,12623.0,15147.6,0.5177,cloud_heavy
2259,3,94,12665.6,15198.8,0.5431,cloud_heavy
2260,4,94,11840.8,14209.0,0.5747,cloud_heavy
2261,5,94,12788.5,15346.2,0.6123,cloud_heavy
2262,6,94,13550.9,16261.0,0.6556,cloud_heavy
2263,7,94,13851.8,16622.2,0.7032,cloud_heavy
2264,8,94,14600.9,17521.1,0.7533,cloud_heavy
2265,9,94,15207.4,18248.9,0.8033,cloud_heavy
2266,10,94,15567.9,18681.5,0.8504,cloud_heavy
2267,11,94,15564.5,18677.5,0.8912,cloud_heavy
2268,12,94,15073.6,18088.3,0.923,cloud_heavy
2269,13,94,15922.2,19106.6,0.9431,cloud_heavy
2270,14,94,16408.7,19690.4,0.95,cloud_heavy
2271,15,94,15614.7,18737.6,0.9431,cloud_heavy
2272,16,94,16259.6,19511.6,0.923,cloud_heavy
2273,17,94,16092.2,19310.6,0.8912,cloud_heavy
2274,18,94,15347.0,18416.4,0.8504,cloud_heavy
2275,19,94,13490.2,16188.2,0.8033,cloud_heavy
2276,20,94,13842.7,16611.3,0.7533,cloud_heavy
2277,21,94,14721.8,17666.1,0.7032,cloud_heavy
2278,22,94,13273.6,15928.4,0.6556,cloud_heavy
2279,23,94,12317.3,14780.7,0.6123,cloud_heavy
2280,0,95,12345.9,14815.0,0.4829,cloud_heavy
2281,1,95,12047.2,14456.7,0.4978,cloud_heavy
2282,2,95,12630.4,15156.5,0.5177,cloud_heavy
2283,3,95,12563.2,15075.9,0.5431,cloud_heavy
2284,4,95,12925.5,15510.7,0.5747,cloud_heavy
2285,5,95,13239.5,15887.4,0.6123,cloud_heavy
2286,6,95,13777.3,16532.7,0.6556,cloud_heavy
2287,7,95,14885.3,17862.4,0.7032,cloud_heavy
2288,8,95,14814.0,17776.8,0.7533,cloud_heavy
2289,9,95,14151.3,16981.6,0.8033,cloud_heavy
2290,10,95,15493.7,18592.4,0.8504,cloud_heavy
2291,11,95,16201.7,19442.0,0.8912,cloud_heavy
2292,12,95,16533.2,19839.8,0.923,cloud_heavy
2293,13,95,15936.1,19123.4,0.9431,cloud_heavy
2294,14,95,16772.6,20127.2,0.95,cloud_heavy
2295,15,95,16592.0,19910.4,0.9431,cloud_heavy
2296,16,95,17189.0,20626.8,0.923,cloud_heavy
2297,17,95,15312.8,18375.3,0.8912,cloud_heavy
2298,18,95,15056.1,18067.3,0.8504,cloud_heavy
2299,19,95,14719.2,17663.0,0.8033,cloud_heavy
2300,20,95,14183.0,17019.5,0.7533,cloud_heavy
2301,21,95,13561.3,16273.6,0.7032,cloud_heavy
2302,22,95,12376.5,14851.7,0.6556,cloud_heavy
2303,23,95,12926.0,15511.3,0.6123,cloud_heavy
2304,0,96,11944.8,14333.8,0.473,cloud_heavy
2305,1,96,11734.1,14080.9,0.4835,cloud_heavy
2306,2,96,12737.2,15284.7,0.4974,cloud_heavy
2307,3,96,12207.3,14648.8,0.5152,cloud_heavy
2308,4,96,12886.2,15463.5,0.5373,cloud_heavy
2309,5,96,12747.6,15297.1,0.5636,cloud_heavy
2310,6,96,13247.6,15897.1,0.5939,cloud_heavy
2311,7,96,13344.8,16013.8,0.6272,cloud_heavy
2312,8,96,14113.6,16936.3,0.6623,cloud_heavy
2313,9,96,13902.8,16683.4,0.6973,cloud_heavy
2314,10,96,14393.9,17272.7,0.7303,cloud_heavy
2315,11,96,14605.1,17526.1,0.7589,cloud_heavy
2316,12,96,14524.1,17428.9,0.7811,cloud_heavy
2317,13,96,14960.1,17952.1,0.7952,cloud_heavy
2318,14,96,15818.7,18982.5,0.8,cloud_heavy
2319,15,96,14660.6,17592.8,0.7952,cloud_heavy
2320,16,96,14835.2,17802.2,0.7811,cloud_heavy
2321,17,96,14991.4,17989.7,0.7589,cloud_heavy
2322,18,96,14668.0,17601.5,0.7303,cloud_heavy
2323,19,96,13884.4,16661.3,0.6973,cloud_heavy
2324,20,96,12587.5,15105.0,0.6623,cloud_heavy
2325,21,96,13439.1,16126.9,0.6272,cloud_heavy
2326,22,96,12066.3,14479.6,0.5939,cloud_heavy
2327,23,96,13206.2,15847.4,0.5636,cloud_heavy
2328,0,97,11874.0,14248.8,0.473,cloud_heavy
2329,1,97,12267.5,14721.0,0.4835,cloud_heavy
2330,2,97,11712.5,14055.0,0.4974,cloud_heavy
2331,3,97,11634.1,13960.9,0.5152,cloud_heavy
2332,4,97,12502.8,15003.3,0.5373,cloud_heavy
2333,5,97,12635.7,15162.8,0.5636,cloud_heavy
2334,6,97,12736.4,15283.7,0.5939,cloud_heavy
2335,7,97,13267.6,15921.1,0.6272,cloud_heavy
2336,8,97,14682.4,17618.9,0.6623,cloud_heavy
2337,9,97,14227.0,17072.4,0.6973,cloud_heavy
2338,10,97,14629.3,17555.2,0.7303,cloud_heavy
2339,11,97,14812.1,17774.5,0.7589,cloud_heavy
2340,12,97,15301.1,18361.3,0.7811,cloud_heavy
2341,13,97,14696.3,17635.5,0.7952,cloud_heavy
2342,14,97,13911.1,16693.4,0.8,cloud_heavy
2343,15,97,14696.9,17636.3,0.7952,cloud_heavy
2344,16,97,15007.6,18009.1,0.7811,cloud_heavy
2345,17,97,14026.0,16831.2,0.7589,cloud_heavy
2346,18,97,14107.8,16929.3,0.7303,cloud_heavy
2347,19,97,13591.5,16309.8,0.6973,cloud_heavy
2348,20,97,14167.8,17001.3,0.6623,cloud_heavy
2349,21,97,13531.5,16237.8,0.6272,cloud_heavy
2350,22,97,13179.7,15815.7,0.5939,cloud_heavy
2351,23,97,12884.3,15461.1,0.5636,cloud_heavy
2352,0,98,11891.4,14269.7,0.4829,cloud_heavy
2353,1,98,12113.8,14536.5,0.4978,cloud_heavy
2354,2,98,11790.5,14148.6,0.5177,cloud_heavy
2355,3,98,11642.4,13970.9,0.5431,cloud_heavy
2356,4,98,12807.5,15369.1,0.5747,cloud_heavy
2357,5,98,13224.1,15869.0,0.6123,cloud_heavy
2358,6,98,13984.5,16781.4,0.6556,cloud_heavy
2359,7,98,14590.2,17508.2,0.7032,cloud_heavy
2360,8,98,15072.6,18087.2,0.7533,cloud_heavy
2361,9,98,14410.8,17293.0,0.8033,cloud_heavy
2362,10,98,15127.2,18152.7,0.8504,cloud_heavy
2363,11,98,15891.0,19069.2,0.8912,cloud_heavy
2364,12,98,17169.5,20603.4,0.923,cloud_heavy
2365,13,98,16859.5,20231.4,0.9431,cloud_heavy
2366,14,98,16750.5,20100.6,0.95,cloud_heavy
2367,15,98,15954.9,19145.9,0.9431,cloud_heavy
2368,16,98,15534.6,18641.6,0.923,cloud_heavy
2369,17,98,16036.0,19243.2,0.8912,cloud_heavy
2370,18,98,14784.0,17740.8,0.8504,cloud_heavy
2371,19,98,14749.3,17699.2,0.8033,cloud_heavy
2372,20,98,14345.1,17214.1,0.7533,cloud_heavy
2373,21,98,14599.2,17519.0,0.7032,cloud_heavy
2374,22,98,13351.3,16021.6,0.6556,cloud_heavy
2375,23,98,12138.4,14566.1,0.6123,cloud_heavy
2376,0,99,12084.9,14501.8,0.4829,cloud_heavy
2377,1,99,11789.9,14147.8,0.4978,cloud_heavy
2378,2,99,12240.8,14689.0,0.5177,cloud_heavy
2379,3,99,12427.3,14912.8,0.5431,cloud_heavy
2380,4,99,12645.4,15174.5,0.5747,cloud_heavy
2381,5,99,13407.4,16088.8,0.6123,cloud_heavy
2382,6,99,12874.3,15449.2,0.6556,cloud_heavy
2383,7,99,13717.2,16460.7,0.7032,cloud_heavy
2384,8,99,14690.0,17628.1,0.7533,cloud_heavy
2385,9,99,14581.9,17498.3,0.8033,cloud_heavy
2386,10,99,14550.9,17461.1,0.8504,cloud_heavy
2387,11,99,15979.4,19175.3,0.8912,cloud_heavy
2388,12,99,16495.1,19794.1,0.923,cloud_heavy
2389,13,99,16121.0,19345.1,0.9431,cloud_heavy
2390,14,99,15252.9,18303.5,0.95,cloud_heavy
2391,15,99,16484.6,19781.6,0.9431,cloud_heavy
2392,16,99,15162.8,18195.4,0.923,cloud_heavy
2393,17,99,15810.4,18972.4,0.8912,cloud_heavy
2394,18,99,14881.8,17858.1,0.8504,cloud_heavy
2395,19,99,14338.7,17206.4,0.8033,cloud_heavy
2396,20,99,14203.8,17044.6,0.7533,cloud_heavy
2397,21,99,13856.7,16628.1,0.7032,cloud_heavy
2398,22,99,13234.1,15880.9,0.6556,cloud_heavy
2399,23,99,13328.1,15993.8,0.6123,cloud_heavy
2400,0,100,11745.4,14094.5,0.4829,cloud_heavy
2401,1,100,12396.5,14875.8,0.4978,cloud_heavy
2402,2,100,12328.3,14794.0,0.5177,cloud_heavy
2403,3,100,12199.0,14638.8,0.5431,cloud_heavy
2404,4,100,12418.9,14902.7,0.5747,cloud_heavy
2405,5,100,12449.5,14939.4,0.6123,cloud_heavy
2406,6,100,13612.6,16335.1,0.6556,cloud_heavy
2407,7,100,13785.1,16542.1,0.7032,cloud_heavy
2408,8,100,13370.2,16044.3,0.7533,cloud_heavy
2409,9,100,14616.9,17540.2,0.8033,cloud_heavy
2410,10,100,14875.5,17850.6,0.8504,cloud_heavy
2411,11,100,16405.7,19686.9,0.8912,cloud_heavy
2412,12,100,15142.3,18170.7,0.923,cloud_heavy
2413,13,100,15444.7,18533.7,0.9431,cloud_heavy
2414,14,100,16745.9,20095.1,0.95,cloud_heavy
2415,15,100,16799.8,20159.8,0.9431,cloud_heavy
2416,16,100,15600.8,18721.0,0.923,cloud_heavy
2417,17,100,15368.2,18441.8,0.8912,cloud_heavy
2418,18,100,15571.5,18685.7,0.8504,cloud_heavy
2419,19,100,13818.5,16582.2,0.8033,cloud_heavy
2420,20,100,13590.9,16309.1,0.7533,cloud_heavy
2421,21,100,13816.0,16579.2,0.7032,cloud_heavy
2422,22,100,14122.4,16946.9,0.6556,cloud_heavy
2423,23,100,12925.6,15510.8,0.6123,cloud_heavy
2424,0,101,11940.8,14328.9,0.4829,cloud_heavy
2425,1,101,12452.0,14942.4,0.4978,cloud_heavy
2426,2,101,12997.9,15597.5,0.5177,cloud_heavy
2427,3,101,12244.1,14692.9,0.5431,cloud_heavy
2428,4,101,12743.7,15292.4,0.5747,cloud_heavy
2429,5,101,13812.7,16575.3,0.6123,cloud_heavy
2430,6,101,12878.7,15454.4,0.6556,cloud_heavy
2431,7,101,14362.9,17235.4,0.7032,cloud_heavy
2432,8,101,13954.9,16745.9,0.7533,cloud_heavy
2433,9,101,14901.3,17881.5,0.8033,cloud_heavy
2434,10,101,15177.5,18213.0,0.8504,cloud_heavy
2435,11,101,15215.0,18258.0,0.8912,cloud_heavy
2436,12,101,15486.8,18584.2,0.923,cloud_heavy
2437,13,101,16276.6,19531.9,0.9431,cloud_heavy
2438,14,101,16690.3,20028.3,0.95,cloud_heavy
2439,15,101,16079.9,19295.9,0.9431,cloud_heavy
2440,16,101,15991.0,19189.2,0.923,cloud_heavy
2441,17,101,15933.7,19120.4,0.8912,cloud_heavy
2442,18,101,14843.2,17811.8,0.8504,cloud_heavy
2443,19,101,15185.3,18222.3,0.8033,cloud_heavy
2444,20,101,14748.5,17698.2,0.7533,cloud_heavy
2445,21,101,15021.7,18026.0,0.7032,cloud_heavy
2446,22,101,13342.6,16011.2,0.6556,cloud_heavy
2447,23,101,12916.9,15500.2,0.6123,cloud_heavy
2448,0,102,12179.3,14615.2,0.4829,cloud_heavy
2449,1,102,12338.3,14806.0,0.4978,cloud_heavy
2450,2,102,12028.9,14434.7,0.5177,cloud_heavy
2451,3,102,12309.0,14770.8,0.5431,cloud_heavy
2452,4,102,12957.1,15548.6,0.5747,cloud_heavy
2453,5,102,12771.7,15326.0,0.6123,cloud_heavy
2454,6,102,13328.7,15994.5,0.6556,cloud_heavy
2455,7,102,13970.8,16764.9,0.7032,cloud_heavy
2456,8,102,14824.7,17789.7,0.7533,cloud_heavy
2457,9,102,14586.2,17503.4,0.8033,cloud_heavy
2458,10,102,14443.8,17332.5,0.8504,cloud_heavy
2459,11,102,14764.5,17717.4,0.8912,cloud_heavy
2460,12,102,15354.5,18425.4,0.923,cloud_heavy
2461,13,102,15506.8,18608.2,0.9431,cloud_heavy
2462,14,102,16131.1,19357.3,0.95,cloud_heavy
2463,15,102,15567.0,18680.4,0.9431,cloud_heavy
2464,16,102,15621.0,18745.2,0.923,cloud_heavy
2465,17,102,15301.5,18361.8,0.8912,cloud_heavy
2466,18,102,15086.8,18104.1,0.8504,cloud_heavy
2467,19,102,15445.0,18534.0,0.8033,cloud_heavy
2468,20,102,14680.5,17616.6,0.7533,cloud_heavy
2469,21,102,13940.1,16728.1,0.7032,cloud_heavy
2470,22,102,13308.3,15969.9,0.6556,cloud_heavy
2471,23,102,12926.6,15511.9,0.6123,cloud_heavy
2472,0,103,11930.1,14316.1,0.473,cloud_heavy
2473,1,103,12119.0,14542.8,0.4835,cloud_heavy
2474,2,103,11710.5,14052.6,0.4974,cloud_heavy
2475,3,103,12215.8,14658.9,0.5152,cloud_heavy
2476,4,103,11649.6,13979.5,0.5373,cloud_heavy
2477,5,103,12728.7,15274.5,0.5636,cloud_heavy
2478,6,103,13222.6,15867.2,0.5939,cloud_heavy
2479,7,103,13122.8,15747.3,0.6272,cloud_heavy
2480,8,103,14295.7,17154.8,0.6623,cloud_heavy
2481,9,103,13512.6,16215.1,0.6973,cloud_heavy
2482,10,103,14275.3,17130.4,0.7303,cloud_heavy
2483,11,103,14430.8,17316.9,0.7589,cloud_heavy
2484,12,103,14606.7,17528.1,0.7811,cloud_heavy
2485,13,103,14729.9,17675.8,0.7952,cloud_heavy
2486,14,103,14872.6,17847.2,0.8,cloud_heavy
2487,15,103,15156.5,18187.9,0.7952,cloud_heavy
2488,16,103,15256.4,18307.7,0.7811,cloud_heavy
2489,17,103,14445.3,17334.4,0.7589,cloud_heavy
2490,18,103,14529.7,17435.6,0.7303,cloud_heavy
2491,19,103,13587.3,16304.8,0.6973,cloud_heavy
2492,20,103,13868.4,16642.1,0.6623,cloud_heavy
2493,21,103,12931.4,15517.7,0.6272,cloud_heavy
2494,22,103,13350.0,16020.0,0.5939,cloud_heavy
2495,23,103,13487.2,16184.7,0.5636,cloud_heavy
2496,0,104,11770.7,14124.8,0.473,cloud_heavy
2497,1,104,11126.9,13352.3,0.4835,cloud_heavy
2498,2,104,11840.3,14208.4,0.4974,cloud_heavy
2499,3,104,12653.4,15184.0,0.5152,cloud_heavy
2500,4,104,12611.6,15133.9,0.5373,cloud_heavy
2501,5,104,12742.9,15291.4,0.5636,cloud_heavy
2502,6,104,13318.2,15981.9,0.5939,cloud_heavy
2503,7,104,13426.3,16111.6,0.6272,cloud_heavy
2504,8,104,14052.1,16862.6,0.6623,cloud_heavy
2505,9,104,14262.4,17114.9,0.6973,cloud_heavy
2506,10,104,14830.3,17796.3,0.7303,cloud_heavy
2507,11,104,14601.8,17522.2,0.7589,cloud_heavy
2508,12,104,15048.7,18058.5,0.7811,cloud_heavy
2509,13,104,14644.4,17573.2,0.7952,cloud_heavy
2510,14,104,14557.5,17469.0,0.8,cloud_heavy
2511,15,104,15537.4,18644.8,0.7952,cloud_heavy
2512,16,104,14745.9,17695.0,0.7811,cloud_heavy
2513,17,104,14795.1,17754.1,0.7589,cloud_heavy
2514,18,104,14235.4,17082.5,0.7303,cloud_heavy
2515,19,104,13635.3,16362.4,0.6973,cloud_heavy
2516,20,104,13561.3,16273.6,0.6623,cloud_heavy
2517,21,104,13804.1,16564.9,0.6272,cloud_heavy
2518,22,104,13142.4,15770.9,0.5939,cloud_heavy
2519,23,104,11999.0,14398.8,0.5636,cloud_heavy
2520,0,105,11827.8,14193.4,0.4829,cloud_heavy
2521,1,105,12686.3,15223.6,0.4978,cloud_heavy
2522,2,105,12146.8,14576.1,0.5177,cloud_heavy
2523,3,105,11786.7,14144.0,0.5431,cloud_heavy
2524,4,105,13474.2,16169.1,0.5747,cloud_heavy
2525,5,105,13365.0,16037.9,0.6123,cloud_heavy
2526,6,105,13466.6,16159.9,0.6556,cloud_heavy
2527,7,105,13778.1,16533.7,0.7032,cloud_heavy
2528,8,105,14862.1,17834.5,0.7533,cloud_heavy
2529,9,105,14614.1,17536.9,0.8033,cloud_heavy
2530,10,105,15815.5,18978.6,0.8504,cloud_heavy
2531,11,105,15920.1,19104.1,0.8912,cloud_heavy
2532,12,105,16074.6,19289.5,0.923,cloud_heavy
2533,13,105,16213.2,19455.9,0.9431,cloud_heavy
2534,14,105,16121.2,19345.4,0.95,cloud_heavy
2535,15,105,16649.1,19979.0,0.9431,cloud_heavy
2536,16,105,15543.2,18651.8,0.923,cloud_heavy
2537,17,105,14903.0,17883.6,0.8912,cloud_heavy
2538,18,105,15570.6,18684.8,0.8504,cloud_heavy
2539,19,105,15136.9,18164.3,0.8033,cloud_heavy
2540,20,105,14602.0,17522.4,0.7533,cloud_heavy
2541,21,105,14103.8,16924.5,0.7032,cloud_heavy
2542,22,105,13365.1,16038.2,0.6556,cloud_heavy
2543,23,105,13406.2,16087.5,0.6123,cloud_heavy
2544,0,106,11888.4,14266.1,0.4829,cloud_heavy
2545,1,106,11866.4,14239.7,0.4978,cloud_heavy
2546,2,106,12110.8,14533.0,0.5177,cloud_heavy
2547,3,106,13215.0,15858.0,0.5431,cloud_heavy
2548,4,106,12086.5,14503.8,0.5747,cloud_heavy
2549,5,106,13293.2,15951.8,0.6123,cloud_heavy
2550,6,106,12815.1,15378.2,0.6556,cloud_heavy
2551,7,106,13888.1,16665.7,0.7032,cloud_heavy
2552,8,106,14207.4,17048.9,0.7533,cloud_heavy
2553,9,106,13926.4,16711.7,0.8033,cloud_heavy
2554,10,106,15467.2,18560.7,0.8504,cloud_heavy
2555,11,106,15486.6,18584.0,0.8912,cloud_heavy
2556,12,106,14952.5,17943.0,0.923,cloud_heavy
2557,13,106,16549.3,19859.2,0.9431,cloud_heavy
2558,14,106,16903.9,20284.7,0.95,cloud_heavy
2559,15,106,16864.4,20237.3,0.9431,cloud_heavy
2560,16,106,16129.3,19355.1,0.923,cloud_heavy
2561,17,106,15686.9,18824.3,0.8912,cloud_heavy
2562,18,106,15898.0,19077.6,0.8504,cloud_heavy
2563,19,106,15605.4,18726.5,0.8033,cloud_heavy
2564,20,106,14884.2,17861.0,0.7533,cloud_heavy
2565,21,106,13539.8,16247.7,0.7032,cloud_heavy
2566,22,106,13576.4,16291.7,0.6556,cloud_heavy
2567,23,106,13269.5,15923.4,0.6123,cloud_heavy
2568,0,107,11258.4,13510.1,0.4829,cloud_heavy
2569,1,107,12212.0,14654.4,0.4978,cloud_heavy
2570,2,107,13058.8,15670.6,0.5177,cloud_heavy
2571,3,107,12698.9,15238.7,0.5431,cloud_heavy
2572,4,107,13313.7,15976.5,0.5747,cloud_heavy
2573,5,107,13168.7,15802.4,0.6123,cloud_heavy
2574,6,107,13465.3,16158.3,0.6556,cloud_heavy
2575,7,107,14092.7,16911.3,0.7032,cloud_heavy
2576,8,107,14042.3,16850.8,0.7533,cloud_heavy
2577,9,107,14426.1,17311.3,0.8033,cloud_heavy
2578,10,107,15869.6,19043.5,0.8504,cloud_heavy
2579,11,107,16310.2,19572.2,0.8912,cloud_heavy
2580,12,107,15483.0,18579.6,0.923,cloud_heavy
2581,13,107,16611.5,19933.8,0.9431,cloud_heavy
2582,14,107,16164.0,19396.8,0.95,cloud_heavy
2583,15,107,16307.3,19568.8,0.9431,cloud_heavy
2584,16,107,16177.8,19413.3,0.923,cloud_heavy
2585,17,107,16132.5,19359.1,0.8912,cloud_heavy
2586,18,107,15326.8,18392.1,0.8504,cloud_heavy
2587,19,107,15484.1,18580.9,0.8033,cloud_heavy
2588,20,107,14528.3,17433.9,0.7533,cloud_heavy
2589,21,107,14194.2,17033.1,0.7032,cloud_heavy
2590,22,107,13157.6,15789.1,0.6556,cloud_heavy
2591,23,107,13945.0,16734.0,0.6123,cloud_heavy
2592,0,108,12072.5,14487.0,0.4829,cloud_heavy
2593,1,108,12300.0,14760.0,0.4978,cloud_heavy
2594,2,108,11635.4,13962.5,0.5177,cloud_heavy
2595,3,108,12152.2,14582.6,0.5431,cloud_heavy
2596,4,108,13223.6,15868.4,0.5747,cloud_heavy
2597,5,108,13209.6,15851.5,0.6123,cloud_heavy
2598,6,108,12720.1,15264.1,0.6556,cloud_heavy
2599,7,108,14367.3,17240.8,0.7032,cloud_heavy
2600,8,108,14159.8,16991.8,0.7533,cloud_heavy
2601,9,108,15484.6,18581.5,0.8033,cloud_heavy
2602,10,108,15248.5,18298.2,0.8504,cloud_heavy
2603,11,108,15761.4,18913.7,0.8912,cloud_heavy
2604,12,108,16521.8,19826.2,0.923,cloud_heavy
2605,13,108,15708.1,18849.7,0.9431,cloud_heavy
2606,14,108,15723.5,18868.2,0.95,cloud_heavy
2607,15,108,16047.6,19257.1,0.9431,cloud_heavy
2608,16,108,16353.4,19624.1,0.923,cloud_heavy
2609,17,108,15039.8,18047.7,0.8912,cloud_heavy
2610,18,108,14523.7,17428.5,0.8504,cloud_heavy
2611,19,108,15222.7,18267.3,0.8033,cloud_heavy
2612,20,108,14134.3,16961.1,0.7533,cloud_heavy
2613,21,108,13769.4,16523.3,0.7032,cloud_heavy
2614,22,108,12743.2,15291.8,0.6556,cloud_heavy
2615,23,108,12830.1,15396.1,0.6123,cloud_heavy
2616,0,109,11902.0,14282.4,0.4829,cloud_heavy
2617,1,109,12378.5,14854.2,0.4978,cloud_heavy
2618,2,109,11942.3,14330.8,0.5177,cloud_heavy
2619,3,109,13079.2,15695.1,0.5431,cloud_heavy
2620,4,109,12488.3,14986.0,0.5747,cloud_heavy
2621,5,109,12828.4,15394.1,0.6123,cloud_heavy
2622,6,109,14117.3,16940.8,0.6556,cloud_heavy
2623,7,109,14021.7,16826.1,0.7032,cloud_heavy
2624,8,109,14156.3,16987.5,0.7533,cloud_heavy
2625,9,109,14786.5,17743.8,0.8033,cloud_heavy
2626,10,109,15909.4,19091.3,0.8504,cloud_heavy
2627,11,109,16354.3,19625.2,0.8912,cloud_heavy
2628,12,109,15566.4,18679.7,0.923,cloud_heavy
2629,13,109,16122.2,19346.6,0.9431,cloud_heavy
2630,14,109,16250.1,19500.1,0.95,cloud_heavy
2631,15,109,15665.1,18798.2,0.9431,cloud_heavy
2632,16,109,15930.8,19116.9,0.923,cloud_heavy
2633,17,109,15667.7,18801.3,0.8912,cloud_heavy
2634,18,109,15811.8,18974.1,0.8504,cloud_heavy
2635,19,109,15393.7,18472.5,0.8033,cloud_heavy
2636,20,109,14252.5,17103.0,0.7533,cloud_heavy
2637,21,109,13843.9,16612.7,0.7032,cloud_heavy
2638,22,109,13763.8,16516.6,0.6556,cloud_heavy
2639,23,109,12866.9,15440.3,0.6123,cloud_heavy
2640,0,110,12022.5,14427.1,0.473,cloud_heavy
2641,1,110,11878.9,14254.7,0.4835,cloud_heavy
2642,2,110,11688.2,14025.8,0.4974,cloud_heavy
2643,3,110,11852.1,14222.6,0.5152,cloud_heavy
2644,4,110,12944.3,15533.1,0.5373,cloud_heavy
2645,5,110,12589.1,15106.9,0.5636,cloud_heavy
2646,6,110,13563.2,16275.9,0.5939,cloud_heavy
2647,7,110,13030.0,15636.0,0.6272,cloud_heavy
2648,8,110,13675.3,16410.4,0.6623,cloud_heavy
2649,9,110,14875.8,17851.0,0.6973,cloud_heavy
2650,10,110,13732.9,16479.5,0.7303,cloud_heavy
2651,11,110,13623.8,16348.6,0.7589,cloud_heavy
2652,12,110,15216.3,18259.6,0.7811,cloud_heavy
2653,13,110,14413.9,17296.7,0.7952,cloud_heavy
2654,14,110,14815.8,17778.9,0.8,cloud_heavy
2655,15,110,14520.7,17424.9,0.7952,cloud_heavy
2656,16,110,14768.7,17722.4,0.7811,cloud_heavy
2657,17,110,14034.3,16841.2,0.7589,cloud_heavy
2658,18,110,14106.2,16927.5,0.7303,cloud_heavy
2659,19,110,14066.8,16880.2,0.6973,cloud_heavy
2660,20,110,13146.8,15776.2,0.6623,cloud_heavy
2661,21,110,12956.0,15547.2,0.6272,cloud_heavy
2662,22,110,12792.3,15350.8,0.5939,cloud_heavy
2663,23,110,12106.2,14527.5,0.5636,cloud_heavy
2664,0,111,11664.2,13997.0,0.473,cloud_heavy
2665,1,111,11952.8,14343.3,0.4835,cloud_heavy
2666,2,111,11894.0,14272.8,0.4974,cloud_heavy
2667,3,111,12103.1,14523.7,0.5152,cloud_heavy
2668,4,111,12398.3,14878.0,0.5373,cloud_heavy
2669,5,111,12399.6,14879.5,0.5636,cloud_heavy
2670,6,111,13195.1,15834.1,0.5939,cloud_heavy
2671,7,111,13804.1,16564.9,0.6272,cloud_heavy
2672,8,111,13368.0,16041.6,0.6623,cloud_heavy
2673,9,111,14081.6,16897.9,0.6973,cloud_heavy
2674,10,111,14080.8,16897.0,0.7303,cloud_heavy
2675,11,111,14604.7,17525.6,0.7589,cloud_heavy
2676,12,111,15339.0,18406.8,0.7811,cloud_heavy
2677,13,111,15006.1,18007.3,0.7952,cloud_heavy
2678,14,111,14036.3,16843.5,0.8,cloud_heavy
2679,15,111,14981.9,17978.2,0.7952,cloud_heavy
2680,16,111,15192.7,18231.2,0.7811,cloud_heavy
2681,17,111,14350.3,17220.3,0.7589,cloud_heavy
2682,18,111,14606.4,17527.7,0.7303,cloud_heavy
2683,19,111,13592.2,16310.6,0.6973,cloud_heavy
2684,20,111,12952.7,15543.2,0.6623,cloud_heavy
2685,21,111,13290.0,15948.0,0.6272,cloud_heavy
2686,22,111,12245.9,14695.1,0.5939,cloud_heavy
2687,23,111,12557.4,15068.9,0.5636,cloud_heavy
2688,0,112,12364.3,14837.2,0.4829,cloud_heavy
2689,1,112,11352.5,13622.9,0.4978,cloud_heavy
2690,2,112,11755.9,14107.1,0.5177,cloud_heavy
2691,3,112,12073.9,14488.7,0.5431,cloud_heavy
2692,4,112,12725.9,15271.1,0.5747,cloud_heavy
2693,5,112,12953.1,15543.8,0.6123,cloud_heavy
2694,6,112,14061.3,16873.6,0.6556,cloud_heavy
2695,7,112,14332.3,17198.7,0.7032,cloud_heavy
2696,8,112,14608.5,17530.2,0.7533,cloud_heavy
2697,9,112,14920.5,17904.6,0.8033,cloud_heavy
2698,10,112,15469.2,18563.0,0.8504,cloud_heavy
2699,11,112,15260.2,18312.2,0.8912,cloud_heavy
2700,12,112,16367.8,19641.4,0.923,cloud_heavy
2701,13,112,15604.2,18725.0,0.9431,cloud_heavy
2702,14,112,16612.4,19934.9,0.95,cloud_heavy
2703,15,112,16717.2,20060.6,0.9431,cloud_heavy
2704,16,112,16058.4,19270.1,0.923,cloud_heavy
2705,17,112,15582.4,18698.9,0.8912,cloud_heavy
2706,18,112,15472.4,18566.9,0.8504,cloud_heavy
2707,19,112,13580.3,16296.4,0.8033,cloud_heavy
2708,20,112,14525.2,17430.2,0.7533,cloud_heavy
2709,21,112,13886.0,16663.1,0.7032,cloud_heavy
2710,22,112,13474.4,16169.3,0.6556,cloud_heavy
2711,23,112,13374.4,16049.3,0.6123,cloud_heavy
2712,0,113,11878.0,14253.6,0.4829,cloud_heavy
2713,1,113,11630.5,13956.6,0.4978,cloud_heavy
2714,2,113,12173.3,14608.0,0.5177,cloud_heavy
2715,3,113,12485.0,14981.9,0.5431,cloud_heavy
2716,4,113,12794.1,15352.9,0.5747,cloud_heavy
2717,5,113,13160.5,15792.5,0.6123,cloud_heavy
2718,6,113,13915.7,16698.8,0.6556,cloud_heavy
2719,7,113,13479.4,16175.2,0.7032,cloud_heavy
2720,8,113,14470.5,17364.6,0.7533,cloud_heavy
2721,9,113,15430.5,18516.6,0.8033,cloud_heavy
2722,10,113,14493.2,17391.8,0.8504,cloud_heavy
2723,11,113,15749.7,18899.6,0.8912,cloud_heavy
2724,12,113,15677.2,18812.6,0.923,cloud_heavy
2725,13,113,15963.2,19155.9,0.9431,cloud_heavy
2726,14,113,15766.3,18919.6,0.95,cloud_heavy
2727,15,113,16060.6,19272.8,0.9431,cloud_heavy
2728,16,113,16838.9,20206.7,0.923,cloud_heavy
2729,17,113,15071.0,18085.2,0.8912,cloud_heavy
2730,18,113,14752.4,17702.8,0.8504,cloud_heavy
2731,19,113,14275.4,17130.5,0.8033,cloud_heavy
2732,20,113,15140.6,18168.7,0.7533,cloud_heavy
2733,21,113,13740.1,16488.1,0.7032,cloud_heavy
2734,22,113,13484.5,16181.4,0.6556,cloud_heavy
2735,23,113,12938.6,15526.3,0.6123,cloud_heavy
2736,0,114,11567.4,13880.9,0.4829,cloud_heavy
2737,1,114,11957.4,14348.9,0.4978,cloud_heavy
2738,2,114,13126.8,15752.1,0.5177,cloud_heavy
2739,3,114,12980.0,15576.1,0.5431,cloud_heavy
2740,4,114,12423.9,14908.7,0.5747,cloud_heavy
2741,5,114,13351.3,16021.5,0.6123,cloud_heavy
2742,6,114,13158.3,15789.9,0.6556,cloud_heavy
2743,7,114,13190.8,15829.0,0.7032,cloud_heavy
2744,8,114,14834.9,17801.9,0.7533,cloud_heavy
2745,9,114,15372.6,18447.2,0.8033,cloud_heavy
2746,10,114,15768.6,18922.3,0.8504,cloud_heavy
2747,11,114,15444.4,18533.3,0.8912,cloud_heavy
2748,12,114,15877.6,19053.1,0.923,cloud_heavy
2749,13,114,16505.8,19807.0,0.9431,cloud_heavy
2750,14,114,16396.6,19675.9,0.95,cloud_heavy
2751,15,114,15952.1,19142.5,0.9431,cloud_heavy
2752,16,114,15182.4,18218.8,0.923,cloud_heavy
2753,17,114,15718.8,18862.5,0.8912,cloud_heavy
2754,18,114,15783.7,18940.5,0.8504,cloud_heavy
2755,19,114,14321.9,17186.3,0.8033,cloud_heavy
2756,20,114,14670.5,17604.6,0.7533,cloud_heavy
2757,21,114,14071.9,16886.3,0.7032,cloud_heavy
2758,22,114,13798.6,16558.3,0.6556,cloud_heavy
2759,23,114,13439.4,16127.3,0.6123,cloud_heavy
2760,0,115,11656.7,13988.0,0.4829,cloud_heavy
2761,1,115,11458.2,13749.9,0.4978,cloud_heavy
2762,2,115,12029.5,14435.4,0.5177,cloud_heavy
2763,3,115,12792.1,15350.5,0.5431,cloud_heavy
2764,4,115,12542.8,15051.4,0.5747,cloud_heavy
2765,5,115,12824.1,15389.0,0.6123,cloud_heavy
2766,6,115,12757.5,15309.1,0.6556,cloud_heavy
2767,7,115,14665.9,17599.1,0.7032,cloud_heavy
2768,8,115,14751.2,17701.5,0.7533,cloud_heavy
2769,9,115,15198.7,18238.5,0.8033,cloud_heavy
2770,10,115,15732.7,18879.2,0.8504,cloud_heavy
2771,11,115,15936.3,19123.5,0.8912,cloud_heavy
2772,12,115,15840.5,19008.6,0.923,cloud_heavy
2773,13,115,16063.4,19276.1,0.9431,cloud_heavy
2774,14,115,15998.4,19198.0,0.95,cloud_heavy
2775,15,115,17418.7,20902.4,0.9431,cloud_heavy
2776,16,115,16223.6,19468.3,0.923,cloud_heavy
2777,17,115,15447.3,18536.7,0.8912,cloud_heavy
2778,18,115,15502.3,18602.8,0.8504,cloud_heavy
2779,19,115,14405.1,17286.1,0.8033,cloud_heavy
2780,20,115,15044.4,18053.2,0.7533,cloud_heavy
2781,21,115,13657.0,16388.4,0.7032,cloud_heavy
2782,22,115,13697.8,16437.3,0.6556,cloud_heavy
2783,23,115,13515.7,16218.8,0.6123,cloud_heavy
2784,0,116,12042.1,14450.6,0.4829,cloud_heavy
2785,1,116,12076.5,14491.8,0.4978,cloud_heavy
2786,2,116,12229.2,14675.0,0.5177,cloud_heavy
2787,3,116,12438.6,14926.3,0.5431,cloud_heavy
2788,4,116,12529.6,15035.5,0.5747,cloud_heavy
2789,5,116,12920.2,15504.3,0.6123,cloud_heavy
2790,6,116,14093.9,16912.7,0.6556,cloud_heavy
2791,7,116,13888.0,16665.6,0.7032,cloud_heavy
2792,8,116,14055.3,16866.4,0.7533,cloud_heavy
2793,9,116,14625.5,17550.6,0.8033,cloud_heavy
2794,10,116,15793.5,18952.2,0.8504,cloud_heavy
2795,11,116,15982.8,19179.3,0.8912,cloud_heavy
2796,12,116,16225.7,19470.8,0.923,cloud_heavy
2797,13,116,16018.0,19221.6,0.9431,cloud_heavy
2798,14,116,16485.0,19782.0,0.95,cloud_heavy
2799,15,116,15831.1,18997.3,0.9431,cloud_heavy
2800,16,116,15833.2,18999.8,0.923,cloud_heavy
2801,17,116,16121.0,19345.2,0.8912,cloud_heavy
2802,18,116,15689.8,18827.8,0.8504,cloud_heavy
2803,19,116,14418.0,17301.6,0.8033,cloud_heavy
2804,20,116,14025.2,16830.2,0.7533,cloud_heavy
2805,21,116,13978.8,16774.5,0.7032,cloud_heavy
2806,22,116,14193.7,17032.5,0.6556,cloud_heavy
2807,23,116,12344.2,14813.0,0.6123,cloud_heavy
2808,0,117,11912.6,14295.1,0.473,cloud_heavy
2809,1,117,11418.6,13702.4,0.4835,cloud_heavy
2810,2,117,11809.2,14171.0,0.4974,cloud_heavy
2811,3,117,12069.0,14482.8,0.5152,cloud_heavy
2812,4,117,12249.2,14699.1,0.5373,cloud_heavy
2813,5,117,12445.9,14935.0,0.5636,cloud_heavy
2814,6,117,12929.9,15515.8,0.5939,cloud_heavy
2815,7,117,13021.5,15625.7,0.6272,cloud_heavy
2816,8,117,12962.1,15554.5,0.6623,cloud_heavy
2817,9,117,14204.3,17045.1,0.6973,cloud_heavy
2818,10,117,14503.1,17403.8,0.7303,cloud_heavy
2819,11,117,14811.7,17774.1,0.7589,cloud_heavy
2820,12,117,13973.6,16768.4,0.7811,cloud_heavy
2821,13,117,14913.1,17895.7,0.7952,cloud_heavy
2822,14,117,15125.6,18150.8,0.8,cloud_heavy
2823,15,117,14323.3,17188.0,0.7952,cloud_heavy
2824,16,117,14654.9,17585.8,0.7811,cloud_heavy
2825,17,117,14395.9,17275.1,0.7589,cloud_heavy
2826,18,117,14966.6,17959.9,0.7303,cloud_heavy
2827,19,117,14680.9,17617.1,0.6973,cloud_heavy
2828,20,117,12880.0,15456.0,0.6623,cloud_heavy
2829,21,117,14224.1,17068.9,0.6272,cloud_heavy
2830,22,117,12572.1,15086.6,0.5939,cloud_heavy
2831,23,117,13020.5,15624.6,0.5636,cloud_heavy
2832,0,118,12157.9,14589.5,0.473,cloud_heavy
2833,1,118,11554.5,13865.4,0.4835,cloud_heavy
2834,2,118,12216.4,14659.7,0.4974,cloud_heavy
2835,3,118,12163.1,14595.7,0.5152,cloud_heavy
2836,4,118,12612.0,15134.4,0.5373,cloud_heavy
2837,5,118,12735.9,15283.1,0.5636,cloud_heavy
2838,6,118,13391.0,16069.2,0.5939,cloud_heavy
2839,7,118,13263.9,15916.7,0.6272,cloud_heavy
2840,8,118,13488.6,16186.3,0.6623,cloud_heavy
2841,9,118,14335.9,17203.1,0.6973,cloud_heavy
2842,10,118,14429.7,17315.7,0.7303,cloud_heavy
2843,11,118,14763.5,17716.1,0.7589,cloud_heavy
2844,12,118,14358.7,17230.5,0.7811,cloud_heavy
2845,13,118,14317.1,17180.5,0.7952,cloud_heavy
2846,14,118,14572.5,17487.0,0.8,cloud_heavy
2847,15,118,14505.3,17406.3,0.7952,cloud_heavy
2848,16,118,14996.4,17995.7,0.7811,cloud_heavy
2849,17,118,14869.3,17843.1,0.7589,cloud_heavy
2850,18,118,14116.8,16940.1,0.7303,cloud_heavy
2851,19,118,14475.4,17370.4,0.6973,cloud_heavy
2852,20,118,14113.4,16936.1,0.6623,cloud_heavy
2853,21,118,13330.6,15996.7,0.6272,cloud_heavy
2854,22,118,12608.3,15130.0,0.5939,cloud_heavy
2855,23,118,13246.2,15895.4,0.5636,cloud_heavy
2856,0,119,11882.9,14259.5,0.4829,cloud_heavy
2857,1,119,12088.0,14505.6,0.4978,cloud_heavy
2858,2,119,12100.6,14520.8,0.5177,cloud_heavy
2859,3,119,12127.1,14552.5,0.5431,cloud_heavy
2860,4,119,12188.4,14626.1,0.5747,cloud_heavy
2861,5,119,13345.5,16014.6,0.6123,cloud_heavy
2862,6,119,13177.8,15813.3,0.6556,cloud_heavy
2863,7,119,15212.2,18254.7,0.7032,cloud_heavy
2864,8,119,13925.6,16710.8,0.7533,cloud_heavy
2865,9,119,14295.2,17154.3,0.8033,cloud_heavy
2866,10,119,15522.8,18627.4,0.8504,cloud_heavy
2867,11,119,16384.0,19660.7,0.8912,cloud_heavy
2868,12,119,15988.4,19186.0,0.923,cloud_heavy
2869,13,119,16419.9,19703.8,0.9431,cloud_heavy
2870,14,119,15309.9,18371.9,0.95,cloud_heavy
2871,15,119,15814.6,18977.6,0.9431,cloud_heavy
2872,16,119,15443.5,18532.2,0.923,cloud_heavy
2873,17,119,14774.7,17729.6,0.8912,cloud_heavy
2874,18,119,15342.5,18411.0,0.8504,cloud_heavy
2875,19,119,13856.1,16627.3,0.8033,cloud_heavy
2876,20,119,13823.7,16588.4,0.7533,cloud_heavy
2877,21,119,13708.8,16450.5,0.7032,cloud_heavy
2878,22,119,13158.4,15790.0,0.6556,cloud_heavy
2879,23,119,13252.6,15903.1,0.6123,cloud_heavy
2880,0,120,12013.8,14416.6,0.4829,cloud_heavy
2881,1,120,12365.3,14838.4,0.4978,cloud_heavy
2882,2,120,12501.1,15001.4,0.5177,cloud_heavy
2883,3,120,12886.1,15463.4,0.5431,cloud_heavy
2884,4,120,12749.4,15299.3,0.5747,cloud_heavy
2885,5,120,13216.1,15859.3,0.6123,cloud_heavy
2886,6,120,13702.0,16442.4,0.6556,cloud_heavy
2887,7,120,13992.5,16791.1,0.7032,cloud_heavy
2888,8,120,14223.1,17067.8,0.7533,cloud_heavy
2889,9,120,14707.5,17648.9,0.8033,cloud_heavy
2890,10,120,14913.8,17896.6,0.8504,cloud_heavy
2891,11,120,15863.4,19036.1,0.8912,cloud_heavy
2892,12,120,15912.4,19094.9,0.923,cloud_heavy
2893,13,120,15821.6,18985.9,0.9431,cloud_heavy
2894,14,120,15884.3,19061.1,0.95,cloud_heavy
2895,15,120,15556.6,18667.9,0.9431,cloud_heavy
2896,16,120,16426.0,19711.2,0.923,cloud_heavy
2897,17,120,15702.2,18842.6,0.8912,cloud_heavy
2898,18,120,14893.1,17871.7,0.8504,cloud_heavy
2899,19,120,15216.0,18259.1,0.8033,cloud_heavy
2900,20,120,14152.6,16983.2,0.7533,cloud_heavy
2901,21,120,13345.4,16014.5,0.7032,cloud_heavy
2902,22,120,13908.4,16690.0,0.6556,cloud_heavy
2903,23,120,12885.8,15463.0,0.6123,cloud_heavy
2904,0,121,11758.7,14110.4,0.4829,cloud_heavy
2905,1,121,12057.3,14468.7,0.4978,cloud_heavy
2906,2,121,12644.2,15173.1,0.5177,cloud_heavy
2907,3,121,12467.2,14960.6,0.5431,cloud_heavy
2908,4,121,12291.5,14749.8,0.5747,cloud_heavy
2909,5,121,13310.5,15972.6,0.6123,cloud_heavy
2910,6,121,13298.6,15958.3,0.6556,cloud_heavy
2911,7,121,14722.5,17667.0,0.7032,cloud_heavy
2912,8,121,14394.2,17273.0,0.7533,cloud_heavy
2913,9,121,13859.5,16631.4,0.8033,cloud_heavy
2914,10,121,15452.7,18543.3,0.8504,cloud_heavy
2915,11,121,16579.1,19894.9,0.8912,cloud_heavy
2916,12,121,16711.9,20054.2,0.923,cloud_heavy
2917,13,121,17029.4,20435.3,0.9431,cloud_heavy
2918,14,121,15710.5,18852.5,0.95,cloud_heavy
2919,15,121,16584.5,19901.4,0.9431,cloud_heavy
2920,16,121,15611.8,18734.2,0.923,cloud_heavy
2921,17,121,15770.7,18924.8,0.8912,cloud_heavy
2922,18,121,14705.0,17645.9,0.8504,cloud_heavy
2923,19,121,14568.4,17482.1,0.8033,cloud_heavy
2924,20,121,14102.6,16923.1,0.7533,cloud_heavy
2925,21,121,14308.9,17170.7,0.7032,cloud_heavy
2926,22,121,13819.1,16582.9,0.6556,cloud_heavy
2927,23,121,13205.6,15846.7,0.6123,cloud_heavy
2928,0,122,11422.4,13706.9,0.4829,cloud_heavy
2929,1,122,11929.8,14315.8,0.4978,cloud_heavy
2930,2,122,11951.5,14341.9,0.5177,cloud_heavy
2931,3,122,12784.8,15341.7,0.5431,cloud_heavy
2932,4,122,13200.8,15841.0,0.5747,cloud_heavy
2933,5,122,13511.9,16214.3,0.6123,cloud_heavy
2934,6,122,13189.2,15827.0,0.6556,cloud_heavy
2935,7,122,12788.2,15345.9,0.7032,cloud_heavy
2936,8,122,13631.6,16357.9,0.7533,cloud_heavy
2937,9,122,15489.2,18587.0,0.8033,cloud_heavy
2938,10,122,15104.8,18125.7,0.8504,cloud_heavy
2939,11,122,15312.4,18374.9,0.8912,cloud_heavy
2940,12,122,16743.8,20092.6,0.923,cloud_heavy
2941,13,122,16755.4,20106.5,0.9431,cloud_heavy
2942,14,122,16218.1,19461.8,0.95,cloud_heavy
2943,15,122,16000.7,19200.8,0.9431,cloud_heavy
2944,16,122,15894.2,19073.0,0.923,cloud_heavy
2945,17,122,15772.0,18926.4,0.8912,cloud_heavy
2946,18,122,16022.7,19227.2,0.8504,cloud_heavy
2947,19,122,15043.9,18052.7,0.8033,cloud_heavy
2948,20,122,14708.2,17649.8,0.7533,cloud_heavy
2949,21,122,14422.1,17306.5,0.7032,cloud_heavy
2950,22,122,13021.4,15625.6,0.6556,cloud_heavy
2951,23,122,13393.4,16072.1,0.6123,cloud_heavy
2952,0,123,11799.5,14159.4,0.4829,cloud_heavy
2953,1,123,11133.4,13360.1,0.4978,cloud_heavy
2954,2,123,11444.7,13733.6,0.5177,cloud_heavy
2955,3,123,12079.1,14495.0,0.5431,cloud_heavy
2956,4,123,12953.3,15544.0,0.5747,cloud_heavy
2957,5,123,13141.5,15769.9,0.6123,cloud_heavy
2958,6,123,13569.6,16283.5,0.6556,cloud_heavy
2959,7,123,14748.8,17698.6,0.7032,cloud_heavy
2960,8,123,13846.6,16615.9,0.7533,cloud_heavy
2961,9,123,14843.4,17812.1,0.8033,cloud_heavy
2962,10,123,15428.4,18514.1,0.8504,cloud_heavy
2963,11,123,15319.2,18383.1,0.8912,cloud_heavy
2964,12,123,15971.0,19165.2,0.923,cloud_heavy
2965,13,123,15367.9,18441.5,0.9431,cloud_heavy
2966,14,123,16891.7,20270.1,0.95,cloud_heavy
2967,15,123,15812.7,18975.2,0.9431,cloud_heavy
2968,16,123,16929.9,20315.9,0.923,cloud_heavy
2969,17,123,15650.0,18780.0,0.8912,cloud_heavy
2970,18,123,15760.3,18912.4,0.8504,cloud_heavy
2971,19,123,14831.9,17798.2,0.8033,cloud_heavy
2972,20,123,14381.4,17257.7,0.7533,cloud_heavy
2973,21,123,13689.2,16427.1,0.7032,cloud_heavy
2974,22,123,13543.1,16251.8,0.6556,cloud_heavy
2975,23,123,13221.8,15866.1,0.6123,cloud_heavy
2976,0,124,11536.0,13843.2,0.473,cloud_heavy
2977,1,124,11865.6,14238.8,0.4835,cloud_heavy
2978,2,124,11817.9,14181.5,0.4974,cloud_heavy
2979,3,124,13044.3,15653.1,0.5152,cloud_heavy
2980,4,124,12372.3,14846.8,0.5373,cloud_heavy
2981,5,124,13234.8,15881.7,0.5636,cloud_heavy
2982,6,124,12851.2,15421.4,0.5939,cloud_heavy
2983,7,124,13336.9,16004.3,0.6272,cloud_heavy
2984,8,124,13019.5,15623.4,0.6623,cloud_heavy
2985,9,124,13693.4,16432.1,0.6973,cloud_heavy
2986,10,124,14272.4,17126.8,0.7303,cloud_heavy
2987,11,124,15133.7,18160.4,0.7589,cloud_heavy
2988,12,124,14748.4,17698.1,0.7811,cloud_heavy
2989,13,124,15394.1,18472.9,0.7952,cloud_heavy
2990,14,124,15110.0,18132.0,0.8,cloud_heavy
2991,15,124,15502.2,18602.6,0.7952,cloud_heavy
2992,16,124,14624.9,17549.9,0.7811,cloud_heavy
2993,17,124,15482.2,18578.6,0.7589,cloud_heavy
2994,18,124,13976.3,16771.5,0.7303,cloud_heavy
2995,19,124,13560.4,16272.5,0.6973,cloud_heavy
2996,20,124,13064.7,15677.7,0.6623,cloud_heavy
2997,21,124,14159.4,16991.3,0.6272,cloud_heavy
2998,22,124,13244.9,15893.8,0.5939,cloud_heavy
2999,23,124,12521.6,15026.0,0.5636,cloud_heavy
3000,0,125,12256.6,14707.9,0.473,cloud_heavy
3001,1,125,12156.0,14587.2,0.4835,cloud_heavy
3002,2,125,12748.3,15298.0,0.4974,cloud_heavy
3003,3,125,11635.8,13963.0,0.5152,cloud_heavy
3004,4,125,12307.0,14768.4,0.5373,cloud_heavy
3005,5,125,12472.9,14967.5,0.5636,cloud_heavy
3006,6,125,12161.6,14594.0,0.5939,cloud_heavy
3007,7,125,13654.9,16385.9,0.6272,cloud_heavy
3008,8,125,13446.9,16136.3,0.6623,cloud_heavy
3009,9,125,14187.5,17025.0,0.6973,cloud_heavy
3010,10,125,15186.8,18224.2,0.7303,cloud_heavy
3011,11,125,14293.2,17151.8,0.7589,cloud_heavy
3012,12,125,14465.7,17358.9,0.7811,cloud_heavy
3013,13,125,14833.2,17799.8,0.7952,cloud_heavy
3014,14,125,15264.1,18316.9,0.8,cloud_heavy
3015,15,125,14529.3,17435.1,0.7952,cloud_heavy
3016,16,125,14373.5,17248.2,0.7811,cloud_heavy
3017,17,125,14904.5,17885.4,0.7589,cloud_heavy
3018,18,125,14343.9,17212.7,0.7303,cloud_heavy
3019,19,125,13028.2,15633.8,0.6973,cloud_heavy
3020,20,125,13058.5,15670.2,0.6623,cloud_heavy
3021,21,125,13830.0,16596.0,0.6272,cloud_heavy
3022,22,125,13082.9,15699.5,0.5939,cloud_heavy
3023,23,125,12359.2,14831.0,0.5636,cloud_heavy
3024,0,126,11843.8,14212.6,0.4829,cloud_heavy
3025,1,126,12047.2,14456.6,0.4978,cloud_heavy
3026,2,126,12495.0,14994.0,0.5177,cloud_heavy
3027,3,126,11952.0,14342.4,0.5431,cloud_heavy
3028,4,126,12428.5,14914.2,0.5747,cloud_heavy
3029,5,126,13204.1,15844.9,0.6123,cloud_heavy
3030,6,126,13454.5,16145.4,0.6556,cloud_heavy
3031,7,126,14172.4,17006.8,0.7032,cloud_heavy
3032,8,126,13863.7,16636.4,0.7533,cloud_heavy
3033,9,126,15014.8,18017.7,0.8033,cloud_heavy
3034,10,126,15789.5,18947.4,0.8504,cloud_heavy
3035,11,126,15894.0,19072.8,0.8912,cloud_heavy
3036,12,126,16024.0,19228.8,0.923,cloud_heavy
3037,13,126,16096.3,19315.6,0.9431,cloud_heavy
3038,14,126,15800.4,18960.4,0.95,cloud_heavy
3039,15,126,16107.9,19329.5,0.9431,cloud_heavy
3040,16,126,16560.5,19872.6,0.923,cloud_heavy
3041,17,126,15609.3,18731.2,0.8912,cloud_heavy
3042,18,126,14880.7,17856.8,0.8504,cloud_heavy
3043,19,126,14636.2,17563.5,0.8033,cloud_heavy
3044,20,126,14481.4,17377.7,0.7533,cloud_heavy
3045,21,126,13777.2,16532.6,0.7032,cloud_heavy
3046,22,126,13691.4,16429.7,0.6556,cloud_heavy
3047,23,126,13302.3,15962.7,0.6123,cloud_heavy
3048,0,127,12222.2,14666.6,0.4829,cloud_heavy
3049,1,127,12556.7,15068.0,0.4978,cloud_heavy
3050,2,127,12590.4,15108.5,0.5177,cloud_heavy
3051,3,127,12110.5,14532.6,0.5431,cloud_heavy
3052,4,127,12404.5,14885.4,0.5747,cloud_heavy
3053,5,127,13067.1,15680.5,0.6123,cloud_heavy
3054,6,127,13312.3,15974.7,0.6556,cloud_heavy
3055,7,127,13457.5,16149.0,0.7032,cloud_heavy
3056,8,127,14203.9,17044.7,0.7533,cloud_heavy
3057,9,127,14644.1,17573.0,0.8033,cloud_heavy
3058,10,127,14980.7,17976.8,0.8504,cloud_heavy
3059,11,127,15516.8,18620.2,0.8912,cloud_heavy
3060,12,127,16521.6,19825.9,0.923,cloud_heavy
3061,13,127,16239.2,19487.1,0.9431,cloud_heavy
3062,14,127,17408.0,20889.6,0.95,cloud_heavy
3063,15,127,16225.3,19470.4,0.9431,cloud_heavy
3064,16,127,15818.6,18982.3,0.923,cloud_heavy
3065,17,127,15667.2,18800.6,0.8912,cloud_heavy
3066,18,127,15406.5,18487.7,0.8504,cloud_heavy
3067,19,127,15049.6,18059.5,0.8033,cloud_heavy
3068,20,127,15291.5,18349.7,0.7533,cloud_heavy
3069,21,127,13580.0,16296.0,0.7032,cloud_heavy
3070,22,127,13842.7,16611.2,0.6556,cloud_heavy
3071,23,127,13178.5,15814.2,0.6123,cloud_heavy
3072,0,128,11343.6,13612.3,0.4829,cloud_heavy
3073,1,128,12320.8,14785.0,0.4978,cloud_heavy
3074,2,128,12690.1,15228.1,0.5177,cloud_heavy
3075,3,128,12139.3,14567.2,0.5431,cloud_heavy
3076,4,128,12746.7,15296.1,0.5747,cloud_heavy
3077,5,128,12418.9,14902.7,0.6123,cloud_heavy
3078,6,128,12985.3,15582.3,0.6556,cloud_heavy
3079,7,128,14371.4,17245.7,0.7032,cloud_heavy
3080,8,128,14193.2,17031.9,0.7533,cloud_heavy
3081,9,128,14361.5,17233.7,0.8033,cloud_heavy
3082,10,128,15394.1,18472.9,0.8504,cloud_heavy
3083,11,128,15419.7,18503.7,0.8912,cloud_heavy
3084,12,128,15732.0,18878.5,0.923,cloud_heavy
3085,13,128,16500.8,19800.9,0.9431,cloud_heavy
3086,14,128,15641.4,18769.7,0.95,cloud_heavy
3087,15,128,15704.3,18845.2,0.9431,cloud_heavy
3088,16,128,16031.2,19237.4,0.923,cloud_heavy
3089,17,128,16120.8,19345.0,0.8912,cloud_heavy
3090,18,128,15856.7,19028.1,0.8504,cloud_heavy
3091,19,128,14559.2,17471.1,0.8033,cloud_heavy
3092,20,128,14799.4,17759.3,0.7533,cloud_heavy
3093,21,128,13605.6,16326.7,0.7032,cloud_heavy
3094,22,128,14234.2,17081.1,0.6556,cloud_heavy
3095,23,128,12651.4,15181.6,0.6123,cloud_heavy
3096,0,129,12379.2,14855.0,0.4829,cloud_heavy
3097,1,129,11805.2,14166.3,0.4978,cloud_heavy
3098,2,129,12963.6,15556.3,0.5177,cloud_heavy
3099,3,129,12680.7,15216.9,0.5431,cloud_heavy
3100,4,129,12361.5,14833.8,0.5747,cloud_heavy
3101,5,129,12891.6,15470.0,0.6123,cloud_heavy
3102,6,129,13811.2,16573.4,0.6556,cloud_heavy
3103,7,129,14373.3,17248.0,0.7032,cloud_heavy
3104,8,129,14364.1,17236.9,0.7533,cloud_heavy
3105,9,129,14875.5,17850.6,0.8033,cloud_heavy
3106,10,129,15636.6,18764.0,0.8504,cloud_heavy
3107,11,129,15727.2,18872.6,0.8912,cloud_heavy
3108,12,129,15338.2,18405.8,0.923,cloud_heavy
3109,13,129,15749.0,18898.8,0.9431,cloud_heavy
3110,14,129,16320.6,19584.7,0.95,cloud_heavy
3111,15,129,16731.4,20077.7,0.9431,cloud_heavy
3112,16,129,16731.0,20077.3,0.923,cloud_heavy
3113,17,129,16031.6,19237.9,0.8912,cloud_heavy
3114,18,129,15420.6,18504.7,0.8504,cloud_heavy
3115,19,129,15189.3,18227.2,0.8033,cloud_heavy
3116,20,129,14106.7,16928.1,0.7533,cloud_heavy
3117,21,129,13869.3,16643.1,0.7032,cloud_heavy
3118,22,129,13161.3,15793.5,0.6556,cloud_heavy
3119,23,129,12606.2,15127.4,0.6123,cloud_heavy
3120,0,130,12023.8,14428.6,0.4829,cloud_heavy
3121,1,130,12109.4,14531.3,0.4978,cloud_heavy
3122,2,130,12477.4,14972.9,0.5177,cloud_heavy
3123,3,130,12663.8,15196.6,0.5431,cloud_heavy
3124,4,130,12843.0,15411.5,0.5747,cloud_heavy
3125,5,130,13315.5,15978.6,0.6123,cloud_heavy
3126,6,130,13477.6,16173.2,0.6556,cloud_heavy
3127,7,130,14105.9,16927.1,0.7032,cloud_heavy
3128,8,130,14081.1,16897.3,0.7533,cloud_heavy
3129,9,130,15020.4,18024.5,0.8033,cloud_heavy
3130,10,130,15595.4,18714.5,0.8504,cloud_heavy
3131,11,130,15350.5,18420.6,0.8912,cloud_heavy
3132,12,130,15982.3,19178.7,0.923,cloud_heavy
3133,13,130,15840.7,19008.9,0.9431,cloud_heavy
3134,14,130,15950.3,19140.3,0.95,cloud_heavy
3135,15,130,15598.0,18717.6,0.9431,cloud_heavy
3136,16,130,16563.4,19876.1,0.923,cloud_heavy
3137,17,130,16166.1,19399.3,0.8912,cloud_heavy
3138,18,130,15535.3,18642.4,0.8504,cloud_heavy
3139,19,130,15734.6,18881.5,0.8033,cloud_heavy
3140,20,130,14312.9,17175.5,0.7533,cloud_heavy
3141,21,130,15200.6,18240.7,0.7032,cloud_heavy
3142,22,130,13402.8,16083.4,0.6556,cloud_heavy
3143,23,130,13197.1,15836.5,0.6123,cloud_heavy
3144,0,131,11672.9,14007.5,0.473,cloud_heavy
3145,1,131,12043.3,14452.0,0.4835,cloud_heavy
3146,2,131,12340.0,14808.0,0.4974,cloud_heavy
3147,3,131,12160.7,14592.9,0.5152,cloud_heavy
3148,4,131,13067.0,15680.4,0.5373,cloud_heavy
3149,5,131,12739.2,15287.0,0.5636,cloud_heavy
3150,6,131,13032.0,15638.4,0.5939,cloud_heavy
3151,7,131,12873.1,15447.7,0.6272,cloud_heavy
3152,8,131,13727.1,16472.5,0.6623,cloud_heavy
3153,9,131,13823.7,16588.5,0.6973,cloud_heavy
3154,10,131,13924.0,16708.8,0.7303,cloud_heavy
3155,11,131,14109.8,16931.7,0.7589,cloud_heavy
3156,12,131,15825.1,18990.2,0.7811,cloud_heavy
3157,13,131,14663.7,17596.5,0.7952,cloud_heavy
3158,14,131,14177.0,17012.4,0.8,cloud_heavy
3159,15,131,14470.9,17365.1,0.7952,cloud_heavy
3160,16,131,14628.2,17553.8,0.7811,cloud_heavy
3161,17,131,14683.2,17619.9,0.7589,cloud_heavy
3162,18,131,14418.9,17302.6,0.7303,cloud_heavy
3163,19,131,14161.3,16993.5,0.6973,cloud_heavy
3164,20,131,13294.6,15953.5,0.6623,cloud_heavy
3165,21,131,13369.1,16042.9,0.6272,cloud_heavy
3166,22,131,12587.3,15104.8,0.5939,cloud_heavy
3167,23,131,12413.3,14895.9,0.5636,cloud_heavy
3168,0,132,11488.7,13786.4,0.473,cloud_heavy
3169,1,132,11485.7,13782.8,0.4835,cloud_heavy
3170,2,132,12422.6,14907.1,0.4974,cloud_heavy
3171,3,132,12454.5,14945.4,0.5152,cloud_heavy
3172,4,132,12769.2,15323.1,0.5373,cloud_heavy
3173,5,132,12663.3,15196.0,0.5636,cloud_heavy
3174,6,132,13228.3,15874.0,0.5939,cloud_heavy
3175,7,132,12534.7,15041.6,0.6272,cloud_heavy
3176,8,132,13907.9,16689.5,0.6623,cloud_heavy
3177,9,132,13953.3,16744.0,0.6973,cloud_heavy
3178,10,132,14449.6,17339.5,0.7303,cloud_heavy
3179,11,132,14611.0,17533.2,0.7589,cloud_heavy
3180,12,132,14217.0,17060.4,0.7811,cloud_heavy
3181,13,132,14116.3,16939.5,0.7952,cloud_heavy
3182,14,132,14508.3,17410.0,0.8,cloud_heavy
3183,15,132,15031.0,18037.2,0.7952,cloud_heavy
3184,16,132,14954.1,17945.0,0.7811,cloud_heavy
3185,17,132,13853.4,16624.1,0.7589,cloud_heavy
3186,18,132,13765.4,16518.4,0.7303,cloud_heavy
3187,19,132,13578.4,16294.1,0.6973,cloud_heavy
3188,20,132,13411.6,16093.9,0.6623,cloud_heavy
3189,21,132,12693.2,15231.8,0.6272,cloud_heavy
3190,22,132,12375.6,14850.7,0.5939,cloud_heavy
3191,23,132,12336.6,14803.9,0.5636,cloud_heavy
3192,0,133,11935.5,14322.6,0.4829,cloud_heavy
3193,1,133,11615.9,13939.1,0.4978,cloud_heavy
3194,2,133,12182.7,14619.3,0.5177,cloud_heavy
3195,3,133,12855.4,15426.5,0.5431,cloud_heavy
3196,4,133,12252.2,14702.6,0.5747,cloud_heavy
3197,5,133,13015.7,15618.9,0.6123,cloud_heavy
3198,6,133,13909.8,16691.7,0.6556,cloud_heavy
3199,7,133,13758.5,16510.2,0.7032,cloud_heavy
3200,8,133,14146.9,16976.3,0.7533,cloud_heavy
3201,9,133,15374.1,18449.0,0.8033,cloud_heavy
3202,10,133,15148.4,18178.0,0.8504,cloud_heavy
3203,11,133,16184.3,19421.2,0.8912,cloud_heavy
3204,12,133,16162.8,19395.4,0.923,cloud_heavy
3205,13,133,15976.7,19172.1,0.9431,cloud_heavy
3206,14,133,16439.5,19727.4,0.95,cloud_heavy
3207,15,133,16297.9,19557.5,0.9431,cloud_heavy
3208,16,133,16446.2,19735.4,0.923,cloud_heavy
3209,17,133,15407.5,18489.1,0.8912,cloud_heavy
3210,18,133,15307.7,18369.3,0.8504,cloud_heavy
3211,19,133,14828.2,17793.8,0.8033,cloud_heavy
3212,20,133,14698.7,17638.5,0.7533,cloud_heavy
3213,21,133,13504.8,16205.8,0.7032,cloud_heavy
3214,22,133,13906.6,16688.0,0.6556,cloud_heavy
3215,23,133,13280.1,15936.1,0.6123,cloud_heavy
3216,0,134,11434.4,13721.3,0.4829,cloud_heavy
3217,1,134,12478.9,14974.7,0.4978,cloud_heavy
3218,2,134,13044.6,15653.5,0.5177,cloud_heavy
3219,3,134,12834.2,15401.0,0.5431,cloud_heavy
3220,4,134,13296.0,15955.2,0.5747,cloud_heavy
3221,5,134,13130.4,15756.5,0.6123,cloud_heavy
3222,6,134,12822.3,15386.7,0.6556,cloud_heavy
3223,7,134,13162.5,15795.0,0.7032,cloud_heavy
3224,8,134,14504.8,17405.8,0.7533,cloud_heavy
3225,9,134,14591.8,17510.1,0.8033,cloud_heavy
3226,10,134,14869.3,17843.2,0.8504,cloud_heavy
3227,11,134,15635.8,18762.9,0.8912,cloud_heavy
3228,12,134,16252.1,19502.6,0.923,cloud_heavy
3229,13,134,15439.2,18527.0,0.9431,cloud_heavy
3230,14,134,15988.0,19185.6,0.95,cloud_heavy
3231,15,134,16873.9,20248.7,0.9431,cloud_heavy
3232,16,134,15442.7,18531.2,0.923,cloud_heavy
3233,17,134,16074.0,19288.8,0.8912,cloud_heavy
3234,18,134,15066.5,18079.8,0.8504,cloud_heavy
3235,19,134,15098.9,18118.6,0.8033,cloud_heavy
3236,20,134,14868.5,17842.2,0.7533,cloud_heavy
3237,21,134,14243.2,17091.8,0.7032,cloud_heavy
3238,22,134,13863.0,16635.6,0.6556,cloud_heavy
3239,23,134,12644.4,15173.2,0.6123,cloud_heavy
3240,0,135,12302.4,14762.9,0.4829,cloud_heavy
3241,1,135,11734.3,14081.2,0.4978,cloud_heavy
3242,2,135,12320.4,14784.5,0.5177,cloud_heavy
3243,3,135,12556.2,15067.5,0.5431,cloud_heavy
3244,4,135,12935.7,15522.8,0.5747,cloud_heavy
3245,5,135,13229.2,15875.1,0.6123,cloud_heavy
3246,6,135,13153.3,15784.0,0.6556,cloud_heavy
3247,7,135,13369.1,16042.9,0.7032,cloud_heavy
3248,8,135,14771.4,17725.6,0.7533,cloud_heavy
3249,9,135,14938.4,17926.1,0.8033,cloud_heavy
3250,10,135,15816.0,18979.2,0.8504,cloud_heavy
3251,11,135,15644.2,18773.1,0.8912,cloud_heavy
3252,12,135,15284.8,18341.7,0.923,cloud_heavy
3253,13,135,16610.6,19932.7,0.9431,cloud_heavy
3254,14,135,16026.2,19231.4,0.95,cloud_heavy
3255,15,135,16308.4,19570.0,0.9431,cloud_heavy
3256,16,135,15647.5,18777.0,0.923,cloud_heavy
3257,17,135,16438.0,19725.6,0.8912,cloud_heavy
3258,18,135,14886.8,17864.1,0.8504,cloud_heavy
3259,19,135,14705.2,17646.3,0.8033,cloud_heavy
3260,20,135,14441.1,17329.3,0.7533,cloud_heavy
3261,21,135,13476.8,16172.2,0.7032,cloud_heavy
3262,22,135,13628.7,16354.5,0.6556,cloud_heavy
3263,23,135,13730.2,16476.2,0.6123,cloud_heavy
3264,0,136,11729.5,14075.5,0.4829,cloud_heavy
3265,1,136,12185.2,14622.2,0.4978,cloud_heavy
3266,2,136,11216.8,13460.2,0.5177,cloud_heavy
3267,3,136,12445.2,14934.2,0.5431,cloud_heavy
3268,4,136,12630.4,15156.5,0.5747,cloud_heavy
3269,5,136,12775.2,15330.3,0.6123,cloud_heavy
3270,6,136,13932.7,16719.3,0.6556,cloud_heavy
3271,7,136,13797.0,16556.4,0.7032,cloud_heavy
3272,8,136,14318.0,17181.6,0.7533,cloud_heavy
3273,9,136,14687.5,17625.0,0.8033,cloud_heavy
3274,10,136,14409.6,17291.6,0.8504,cloud_heavy
3275,11,136,15133.3,18159.9,0.8912,cloud_heavy
3276,12,136,16417.5,19701.0,0.923,cloud_heavy
3277,13,136,15120.9,18145.1,0.9431,cloud_heavy
3278,14,136,15833.7,19000.4,0.95,cloud_heavy
3279,15,136,15949.2,19139.0,0.9431,cloud_heavy
3280,16,136,16792.2,20150.6,0.923,cloud_heavy
3281,17,136,16026.5,19231.7,0.8912,cloud_heavy
3282,18,136,15033.3,18039.9,0.8504,cloud_heavy
3283,19,136,15437.0,18524.4,0.8033,cloud_heavy
3284,20,136,14074.9,16889.8,0.7533,cloud_heavy
3285,21,136,14355.1,17226.2,0.7032,cloud_heavy
3286,22,136,12944.8,15533.7,0.6556,cloud_heavy
3287,23,136,13518.5,16222.2,0.6123,cloud_heavy
3288,0,137,11759.7,14111.6,0.4829,cloud_heavy
3289,1,137,11670.8,14005.0,0.4978,cloud_heavy
3290,2,137,12145.6,14574.7,0.5177,cloud_heavy
3291,3,137,12563.4,15076.0,0.5431,cloud_heavy
3292,4,137,12560.9,15073.1,0.5747,cloud_heavy
3293,5,137,13314.5,15977.4,0.6123,cloud_heavy
3294,6,137,13258.9,15910.7,0.6556,cloud_heavy
3295,7,137,14192.7,17031.2,0.7032,cloud_heavy
3296,8,137,14585.6,17502.7,0.7533,cloud_heavy
3297,9,137,14828.5,17794.1,0.8033,cloud_heavy
3298,10,137,15086.4,18103.6,0.8504,cloud_heavy
3299,11,137,15736.5,18883.8,0.8912,cloud_heavy
3300,12,137,16220.9,19465.0,0.923,cloud_heavy
3301,13,137,17141.2,20569.5,0.9431,cloud_heavy
3302,14,137,16663.0,19995.6,0.95,cloud_heavy
3303,15,137,16615.4,19938.5,0.9431,cloud_heavy
3304,16,137,17436.0,20923.2,0.923,cloud_heavy
3305,17,137,15907.7,19089.3,0.8912,cloud_heavy
3306,18,137,15511.1,18613.3,0.8504,cloud_heavy
3307,19,137,15169.4,18203.2,0.8033,cloud_heavy
3308,20,137,13958.9,16750.7,0.7533,cloud_heavy
3309,21,137,13747.8,16497.3,0.7032,cloud_heavy
3310,22,137,13290.0,15948.0,0.6556,cloud_heavy
3311,23,137,13351.3,16021.5,0.6123,cloud_heavy
3312,0,138,11752.2,14102.6,0.473,cloud_heavy
3313,1,138,11959.7,14351.6,0.4835,cloud_heavy
3314,2,138,12431.0,14917.2,0.4974,cloud_heavy
3315,3,138,12518.4,15022.1,0.5152,cloud_heavy
3316,4,138,12345.5,14814.6,0.5373,cloud_heavy
3317,5,138,12394.2,14873.0,0.5636,cloud_heavy
3318,6,138,13367.3,16040.8,0.5939,cloud_heavy
3319,7,138,13541.2,16249.5,0.6272,cloud_heavy
3320,8,138,12903.6,15484.3,0.6623,cloud_heavy
3321,9,138,13749.2,16499.0,0.6973,cloud_heavy
3322,10,138,14253.2,17103.9,0.7303,cloud_heavy
3323,11,138,14783.8,17740.6,0.7589,cloud_heavy
3324,12,138,15050.8,18061.0,0.7811,cloud_heavy
3325,13,138,14906.4,17887.7,0.7952,cloud_heavy
3326,14,138,15085.3,18102.3,0.8,cloud_heavy
3327,15,138,14809.0,17770.8,0.7952,cloud_heavy
3328,16,138,14354.7,17225.6,0.7811,cloud_heavy
3329,17,138,14333.1,17199.7,0.7589,cloud_heavy
3330,18,138,14190.9,17029.0,0.7303,cloud_heavy
3331,19,138,13865.1,16638.1,0.6973,cloud_heavy
3332,20,138,12790.0,15348.0,0.6623,cloud_heavy
3333,21,138,13076.2,15691.4,0.6272,cloud_heavy
3334,22,138,12948.9,15538.6,0.5939,cloud_heavy
3335,23,138,12541.6,15050.0,0.5636,cloud_heavy
3336,0,139,11726.4,14071.7,0.473,cloud_heavy
3337,1,139,12084.7,14501.6,0.4835,cloud_heavy
3338,2,139,11648.6,13978.3,0.4974,cloud_heavy
3339,3,139,11606.4,13927.7,0.5152,cloud_heavy
3340,4,139,12276.1,14731.4,0.5373,cloud_heavy
3341,5,139,12938.4,15526.0,0.5636,cloud_heavy
3342,6,139,13581.5,16297.8,0.5939,cloud_heavy
3343,7,139,13544.5,16253.4,0.6272,cloud_heavy
3344,8,139,12959.7,15551.7,0.6623,cloud_heavy
3345,9,139,13782.8,16539.4,0.6973,cloud_heavy
3346,10,139,14292.0,17150.4,0.7303,cloud_heavy
3347,11,139,14523.3,17427.9,0.7589,cloud_heavy
3348,12,139,14887.9,17865.4,0.7811,cloud_heavy
3349,13,139,14373.9,17248.7,0.7952,cloud_heavy
3350,14,139,14853.9,17824.7,0.8,cloud_heavy
3351,15,139,14966.9,17960.3,0.7952,cloud_heavy
3352,16,139,15013.7,18016.5,0.7811,cloud_heavy
3353,17,139,14097.1,16916.5,0.7589,cloud_heavy
3354,18,139,14035.9,16843.1,0.7303,cloud_heavy
3355,19,139,12753.7,15304.5,0.6973,cloud_heavy
3356,20,139,13304.1,15965.0,0.6623,cloud_heavy
3357,21,139,13025.8,15630.9,0.6272,cloud_heavy
3358,22,139,12531.7,15038.0,0.5939,cloud_heavy
3359,23,139,12711.3,15253.5,0.5636,cloud_heavy
3360,0,140,11884.7,14261.7,0.4829,cloud_heavy
3361,1,140,11226.2,13471.5,0.4978,cloud_heavy
3362,2,140,12304.2,14765.1,0.5177,cloud_heavy
3363,3,140,12112.7,14535.2,0.5431,cloud_heavy
3364,4,140,12935.9,15523.1,0.5747,cloud_heavy
3365,5,140,12593.2,15111.8,0.6123,cloud_heavy
3366,6,140,13507.1,16208.5,0.6556,cloud_heavy
3367,7,140,13815.0,16578.0,0.7032,cloud_heavy
3368,8,140,14525.5,17430.7,0.7533,cloud_heavy
3369,9,140,14911.2,17893.4,0.8033,cloud_heavy
3370,10,140,15171.8,18206.1,0.8504,cloud_heavy
3371,11,140,14943.3,17931.9,0.8912,cloud_heavy
3372,12,140,15250.3,18300.3,0.923,cloud_heavy
3373,13,140,15860.0,19032.0,0.9431,cloud_heavy
3374,14,140,16202.2,19442.7,0.95,cloud_heavy
3375,15,140,15848.2,19017.8,0.9431,cloud_heavy
3376,16,140,16256.7,19508.1,0.923,cloud_heavy
3377,17,140,15534.0,18640.8,0.8912,cloud_heavy
3378,18,140,14846.2,17815.4,0.8504,cloud_heavy
3379,19,140,14731.7,17678.0,0.8033,cloud_heavy
3380,20,140,14492.2,17390.6,0.7533,cloud_heavy
3381,21,140,14069.1,16883.0,0.7032,cloud_heavy
3382,22,140,14255.4,17106.4,0.6556,cloud_heavy
3383,23,140,12834.0,15400.8,0.6123,cloud_heavy
3384,0,141,11878.5,14254.2,0.4829,cloud_heavy
3385,1,141,12196.3,14635.6,0.4978,cloud_heavy
3386,2,141,12216.6,14659.9,0.5177,cloud_heavy
3387,3,141,12272.6,14727.1,0.5431,cloud_heavy
3388,4,141,12157.5,14589.1,0.5747,cloud_heavy
3389,5,141,12896.1,15475.4,0.6123,cloud_heavy
3390,6,141,13060.2,15672.3,0.6556,cloud_heavy
3391,7,141,13211.6,15853.9,0.7032,cloud_heavy
3392,8,141,14051.0,16861.3,0.7533,cloud_heavy
3393,9,141,14389.0,17266.7,0.8033,cloud_heavy
3394,10,141,15556.6,18667.9,0.8504,cloud_heavy
3395,11,141,15947.7,19137.3,0.8912,cloud_heavy
3396,12,141,15524.7,18629.7,0.923,cloud_heavy
3397,13,141,16016.7,19220.1,0.9431,cloud_heavy
3398,14,141,15302.8,18363.4,0.95,cloud_heavy
3399,15,141,15903.3,19084.0,0.9431,cloud_heavy
3400,16,141,16148.4,19378.1,0.923,cloud_heavy
3401,17,141,16052.9,19263.5,0.8912,cloud_heavy
3402,18,141,14961.8,17954.1,0.8504,cloud_heavy
3403,19,141,15324.4,18389.3,0.8033,cloud_heavy
3404,20,141,13740.1,16488.1,0.7533,cloud_heavy
3405,21,141,13411.8,16094.2,0.7032,cloud_heavy
3406,22,141,13782.2,16538.7,0.6556,cloud_heavy
3407,23,141,13753.4,16504.1,0.6123,cloud_heavy
3408,0,142,12080.9,14497.1,0.4829,cloud_heavy
3409,1,142,12027.8,14433.4,0.4978,cloud_heavy
3410,2,142,11420.1,13704.1,0.5177,cloud_heavy
3411,3,142,11703.7,14044.5,0.5431,cloud_heavy
3412,4,142,12799.6,15359.6,0.5747,cloud_heavy
3413,5,142,12956.2,15547.4,0.6123,cloud_heavy
3414,6,142,13047.2,15656.7,0.6556,cloud_heavy
3415,7,142,13960.7,16752.9,0.7032,cloud_heavy
3416,8,142,14444.4,17333.2,0.7533,cloud_heavy
3417,9,142,15276.5,18331.8,0.8033,cloud_heavy
3418,10,142,15351.5,18421.8,0.8504,cloud_heavy
3419,11,142,16242.5,19491.0,0.8912,cloud_heavy
3420,12,142,15961.3,19153.5,0.923,cloud_heavy
3421,13,142,16086.9,19304.3,0.9431,cloud_heavy
3422,14,142,16723.7,20068.4,0.95,cloud_heavy
3423,15,142,15668.9,18802.7,0.9431,cloud_heavy
3424,16,142,17304.8,20765.7,0.923,cloud_heavy
3425,17,142,15841.6,19009.9,0.8912,cloud_heavy
3426,18,142,15463.5,18556.2,0.8504,cloud_heavy
3427,19,142,15089.6,18107.6,0.8033,cloud_heavy
3428,20,142,15205.3,18246.3,0.7533,cloud_heavy
3429,21,142,14264.6,17117.5,0.7032,cloud_heavy
3430,22,142,12845.1,15414.1,0.6556,cloud_heavy
3431,23,142,13648.3,16377.9,0.6123,cloud_heavy
3432,0,143,11783.0,14139.6,0.4829,cloud_heavy
3433,1,143,12081.1,14497.3,0.4978,cloud_heavy
3434,2,143,11756.0,14107.2,0.5177,cloud_heavy
3435,3,143,12656.4,15187.7,0.5431,cloud_heavy
3436,4,143,12501.0,15001.2,0.5747,cloud_heavy
3437,5,143,13136.2,15763.4,0.6123,cloud_heavy
3438,6,143,13379.9,16055.9,0.6556,cloud_heavy
3439,7,143,14738.0,17685.6,0.7032,cloud_heavy
3440,8,143,15250.7,18300.8,0.7533,cloud_heavy
3441,9,143,14876.3,17851.6,0.8033,cloud_heavy
3442,10,143,15318.2,18381.8,0.8504,cloud_heavy
3443,11,143,15489.7,18587.7,0.8912,cloud_heavy
3444,12,143,16486.9,19784.3,0.923,cloud_heavy
3445,13,143,15983.5,19180.1,0.9431,cloud_heavy
3446,14,143,16001.4,19201.7,0.95,cloud_heavy
3447,15,143,16616.7,19940.0,0.9431,cloud_heavy
3448,16,143,15699.7,18839.7,0.923,cloud_heavy
3449,17,143,15647.5,18777.0,0.8912,cloud_heavy
3450,18,143,14563.5,17476.2,0.8504,cloud_heavy
3451,19,143,15169.4,18203.3,0.8033,cloud_heavy
3452,20,143,15232.8,18279.4,0.7533,cloud_heavy
3453,21,143,14234.8,17081.8,0.7032,cloud_heavy
3454,22,143,14086.7,16904.1,0.6556,cloud_heavy
3455,23,143,12764.4,15317.3,0.6123,cloud_heavy
3456,0,144,11989.1,14386.9,0.4829,cloud_heavy
3457,1,144,11701.7,14042.0,0.4978,cloud_heavy
3458,2,144,12141.7,14570.0,0.5177,cloud_heavy
3459,3,144,12748.3,15298.0,0.5431,cloud_heavy
3460,4,144,12789.1,15346.9,0.5747,cloud_heavy
3461,5,144,12541.8,15050.2,0.6123,cloud_heavy
3462,6,144,12962.5,15555.0,0.6556,cloud_heavy
3463,7,144,13356.0,16027.2,0.7032,cloud_heavy
3464,8,144,14606.9,17528.3,0.7533,cloud_heavy
3465,9,144,15775.4,18930.5,0.8033,cloud_heavy
3466,10,144,15913.7,19096.5,0.8504,cloud_heavy
3467,11,144,14774.2,17729.1,0.8912,cloud_heavy
3468,12,144,16637.7,19965.3,0.923,cloud_heavy
3469,13,144,16596.2,19915.5,0.9431,cloud_heavy
3470,14,144,15454.9,18545.9,0.95,cloud_heavy
3471,15,144,15995.9,19195.1,0.9431,cloud_heavy
3472,16,144,16481.9,19778.3,0.923,cloud_heavy
3473,17,144,15923.9,19108.7,0.8912,cloud_heavy
3474,18,144,14688.4,17626.1,0.8504,cloud_heavy
3475,19,144,15127.8,18153.4,0.8033,cloud_heavy
3476,20,144,13471.6,16165.9,0.7533,cloud_heavy
3477,21,144,13840.2,16608.2,0.7032,cloud_heavy
3478,22,144,13955.6,16746.7,0.6556,cloud_heavy
3479,23,144,13104.1,15724.9,0.6123,cloud_heavy
3480,0,145,11637.1,13964.5,0.473,cloud_heavy
3481,1,145,12228.1,14673.7,0.4835,cloud_heavy
3482,2,145,12390.3,14868.3,0.4974,cloud_heavy
3483,3,145,12682.0,15218.4,0.5152,cloud_heavy
3484,4,145,12731.1,15277.4,0.5373,cloud_heavy
3485,5,145,13058.7,15670.5,0.5636,cloud_heavy
3486,6,145,13211.3,15853.6,0.5939,cloud_heavy
3487,7,145,13339.4,16007.3,0.6272,cloud_heavy
3488,8,145,13593.3,16311.9,0.6623,cloud_heavy
3489,9,145,13780.8,16536.9,0.6973,cloud_heavy
3490,10,145,13667.0,16400.3,0.7303,cloud_heavy
3491,11,145,14032.3,16838.7,0.7589,cloud_heavy
3492,12,145,14526.9,17432.3,0.7811,cloud_heavy
3493,13,145,14887.6,17865.1,0.7952,cloud_heavy
3494,14,145,15465.8,18559.0,0.8,cloud_heavy
3495,15,145,14762.0,17714.4,0.7952,cloud_heavy
3496,16,145,15091.9,18110.3,0.7811,cloud_heavy
3497,17,145,14914.1,17896.9,0.7589,cloud_heavy
3498,18,145,14084.3,16901.2,0.7303,cloud_heavy
3499,19,145,14127.2,16952.6,0.6973,cloud_heavy
3500,20,145,13457.8,16149.4,0.6623,cloud_heavy
3501,21,145,13758.9,16510.6,0.6272,cloud_heavy
3502,22,145,13173.7,15808.4,0.5939,cloud_heavy
3503,23,145,12196.7,14636.0,0.5636,cloud_heavy
3504,0,146,11871.2,14245.4,0.473,cloud_heavy
3505,1,146,12499.2,14999.0,0.4835,cloud_heavy
3506,2,146,11972.8,14367.4,0.4974,cloud_heavy
3507,3,146,12366.3,14839.6,0.5152,cloud_heavy
3508,4,146,12608.9,15130.7,0.5373,cloud_heavy
3509,5,146,12255.1,14706.1,0.5636,cloud_heavy
3510,6,146,13125.1,15750.1,0.5939,cloud_heavy
3511,7,146,12680.6,15216.7,0.6272,cloud_heavy
3512,8,146,13302.4,15962.9,0.6623,cloud_heavy
3513,9,146,14327.5,17193.0,0.6973,cloud_heavy
3514,10,146,14334.6,17201.5,0.7303,cloud_heavy
3515,11,146,14314.3,17177.2,0.7589,cloud_heavy
3516,12,146,14847.1,17816.5,0.7811,cloud_heavy
3517,13,146,14753.9,17704.7,0.7952,cloud_heavy
3518,14,146,14830.6,17796.7,0.8,cloud_heavy
3519,15,146,15071.8,18086.1,0.7952,cloud_heavy
3520,16,146,14331.1,17197.4,0.7811,cloud_heavy
3521,17,146,14463.8,17356.5,0.7589,cloud_heavy
3522,18,146,14049.9,16859.9,0.7303,cloud_heavy
3523,19,146,13219.3,15863.2,0.6973,cloud_heavy
3524,20,146,13182.5,15819.0,0.6623,cloud_heavy
3525,21,146,13856.6,16627.9,0.6272,cloud_heavy
3526,22,146,13076.3,15691.5,0.5939,cloud_heavy
3527,23,146,12146.2,14575.4,0.5636,cloud_heavy
3528,0,147,11354.6,13625.5,0.4829,cloud_heavy
3529,1,147,12001.9,14402.3,0.4978,cloud_heavy
3530,2,147,12797.8,15357.3,0.5177,cloud_heavy
3531,3,147,12389.9,14867.9,0.5431,cloud_heavy
3532,4,147,13250.1,15900.1,0.5747,cloud_heavy
3533,5,147,13235.1,15882.1,0.6123,cloud_heavy
3534,6,147,13685.7,16422.8,0.6556,cloud_heavy
3535,7,147,13375.0,16050.0,0.7032,cloud_heavy
3536,8,147,14799.5,17759.4,0.7533,cloud_heavy
3537,9,147,14706.3,17647.6,0.8033,cloud_heavy
3538,10,147,15684.7,18821.6,0.8504,cloud_heavy
3539,11,147,15282.6,18339.1,0.8912,cloud_heavy
3540,12,147,16042.2,19250.6,0.923,cloud_heavy
3541,13,147,16313.2,19575.9,0.9431,cloud_heavy
3542,14,147,16131.4,19357.6,0.95,cloud_heavy
3543,15,147,16338.7,19606.4,0.9431,cloud_heavy
3544,16,147,15829.9,18995.9,0.923,cloud_heavy
3545,17,147,15360.2,18432.3,0.8912,cloud_heavy
3546,18,147,16025.2,19230.2,0.8504,cloud_heavy
3547,19,147,15323.1,18387.7,0.8033,cloud_heavy
3548,20,147,14066.1,16879.3,0.7533,cloud_heavy
3549,21,147,14170.9,17005.1,0.7032,cloud_heavy
3550,22,147,13194.2,15833.1,0.6556,cloud_heavy
3551,23,147,12631.4,15157.6,0.6123,cloud_heavy
3552,0,148,12273.9,14728.7,0.4829,cloud_heavy
3553,1,148,11426.8,13712.1,0.4978,cloud_heavy
3554,2,148,12565.1,15078.1,0.5177,cloud_heavy
3555,3,148,12365.2,14838.3,0.5431,cloud_heavy
3556,4,148,12669.2,15203.1,0.5747,cloud_heavy
3557,5,148,13257.8,15909.4,0.6123,cloud_heavy
3558,6,148,13730.2,16476.3,0.6556,cloud_heavy
3559,7,148,13587.9,16305.5,0.7032,cloud_heavy
3560,8,148,14704.6,17645.5,0.7533,cloud_heavy
3561,9,148,14906.1,17887.4,0.8033,cloud_heavy
3562,10,148,14712.7,17655.2,0.8504,cloud_heavy
3563,11,148,15585.4,18702.5,0.8912,cloud_heavy
3564,12,148,16618.7,19942.4,0.923,cloud_heavy
3565,13,148,16954.7,20345.6,0.9431,cloud_heavy
3566,14,148,16555.0,19866.0,0.95,cloud_heavy
3567,15,148,15566.3,18679.5,0.9431,cloud_heavy
3568,16,148,16192.3,19430.8,0.923,cloud_heavy
3569,17,148,16065.1,19278.1,0.8912,cloud_heavy
3570,18,148,15621.7,18746.0,0.8504,cloud_heavy
3571,19,148,15205.4,18246.5,0.8033,cloud_heavy
3572,20,148,14551.5,17461.8,0.7533,cloud_heavy
3573,21,148,13903.1,16683.7,0.7032,cloud_heavy
3574,22,148,13248.6,15898.3,0.6556,cloud_heavy
3575,23,148,12351.1,14821.4,0.6123,cloud_heavy
3576,0,149,12026.0,14431.2,0.4829,cloud_heavy
3577,1,149,12109.6,14531.5,0.4978,cloud_heavy
3578,2,149,12429.7,14915.6,0.5177,cloud_heavy
3579,3,149,11959.7,14351.7,0.5431,cloud_heavy
3580,4,149,12996.9,15596.2,0.5747,cloud_heavy
3581,5,149,13904.1,16684.9,0.6123,cloud_heavy
3582,6,149,13526.7,16232.0,0.6556,cloud_heavy
3583,7,149,13907.6,16689.1,0.7032,cloud_heavy
3584,8,149,14528.1,17433.7,0.7533,cloud_heavy
3585,9,149,15761.4,18913.6,0.8033,cloud_heavy
3586,10,149,14819.3,17783.2,0.8504,cloud_heavy
3587,11,149,15760.7,18912.9,0.8912,cloud_heavy
3588,12,149,15574.6,18689.5,0.923,cloud_heavy
3589,13,149,15877.8,19053.4,0.9431,cloud_heavy
3590,14,149,16182.1,19418.6,0.95,cloud_heavy
3591,15,149,16795.2,20154.3,0.9431,cloud_heavy
3592,16,149,16819.6,20183.5,0.923,cloud_heavy
3593,17,149,15875.9,19051.0,0.8912,cloud_heavy
3594,18,149,15116.1,18139.3,0.8504,cloud_heavy
3595,19,149,15966.5,19159.9,0.8033,cloud_heavy
3596,20,149,14210.0,17052.0,0.7533,cloud_heavy
3597,21,149,13694.6,16433.5,0.7032,cloud_heavy
3598,22,149,12776.3,15331.6,0.6556,cloud_heavy
3599,23,149,13645.4,16374.4,0.6123,cloud_heavy
3600,0,150,12250.5,14700.6,0.4829,cloud_heavy
3601,1,150,12915.9,15499.1,0.4978,cloud_heavy
3602,2,150,11715.6,14058.7,0.5177,cloud_heavy
3603,3,150,13004.8,15605.7,0.5431,cloud_heavy
3604,4,150,12777.0,15332.4,0.5747,cloud_heavy
3605,5,150,13413.6,16096.3,0.6123,cloud_heavy
3606,6,150,12827.8,15393.4,0.6556,cloud_heavy
3607,7,150,14547.0,17456.4,0.7032,cloud_heavy
3608,8,150,14734.3,17681.2,0.7533,cloud_heavy
3609,9,150,14838.3,17805.9,0.8033,cloud_heavy
3610,10,150,15584.7,18701.6,0.8504,cloud_heavy
3611,11,150,15305.5,18366.6,0.8912,cloud_heavy
3612,12,150,15680.0,18816.1,0.923,cloud_heavy
3613,13,150,15918.3,19102.0,0.9431,cloud_heavy
3614,14,150,15305.5,18366.6,0.95,cloud_heavy
3615,15,150,16560.1,19872.1,0.9431,cloud_heavy
3616,16,150,16527.9,19833.5,0.923,cloud_heavy
3617,17,150,15335.6,18402.8,0.8912,cloud_heavy
3618,18,150,15448.5,18538.2,0.8504,cloud_heavy
3619,19,150,14737.3,17684.7,0.8033,cloud_heavy
3620,20,150,14536.4,17443.7,0.7533,cloud_heavy
3621,21,150,13671.0,16405.2,0.7032,cloud_heavy
3622,22,150,13137.3,15764.7,0.6556,cloud_heavy
3623,23,150,13510.2,16212.2,0.6123,cloud_heavy
3624,0,151,11881.9,14258.3,0.4829,cloud_heavy
3625,1,151,12772.9,15327.5,0.4978,cloud_heavy
3626,2,151,12242.2,14690.6,0.5177,cloud_heavy
3627,3,151,12113.5,14536.3,0.5431,cloud_heavy
3628,4,151,13219.5,15863.3,0.5747,cloud_heavy
3629,5,151,13344.7,16013.6,0.6123,cloud_heavy
3630,6,151,13789.2,16547.0,0.6556,cloud_heavy
3631,7,151,14431.0,17317.2,0.7032,cloud_heavy
3632,8,151,14112.7,16935.3,0.7533,cloud_heavy
3633,9,151,14798.9,17758.7,0.8033,cloud_heavy
3634,10,151,15210.2,18252.2,0.8504,cloud_heavy
3635,11,151,15058.7,18070.4,0.8912,cloud_heavy
3636,12,151,15831.3,18997.5,0.923,cloud_heavy
3637,13,151,16789.9,20147.9,0.9431,cloud_heavy
3638,14,151,16321.6,19586.0,0.95,cloud_heavy
3639,15,151,15490.9,18589.0,0.9431,cloud_heavy
3640,16,151,15212.6,18255.1,0.923,cloud_heavy
3641,17,151,16447.6,19737.1,0.8912,cloud_heavy
3642,18,151,15247.4,18296.9,0.8504,cloud_heavy
3643,19,151,14567.1,17480.5,0.8033,cloud_heavy
3644,20,151,14276.3,17131.6,0.7533,cloud_heavy
3645,21,151,13315.8,15979.0,0.7032,cloud_heavy
3646,22,151,14071.0,16885.3,0.6556,cloud_heavy
3647,23,151,12942.4,15530.9,0.6123,cloud_heavy
3648,0,152,12298.6,14758.3,0.473,cloud_heavy
3649,1,152,11928.8,14314.5,0.4835,cloud_heavy
3650,2,152,12554.5,15065.4,0.4974,cloud_heavy
3651,3,152,12296.4,14755.7,0.5152,cloud_heavy
3652,4,152,12723.3,15267.9,0.5373,cloud_heavy
3653,5,152,12921.3,15505.5,0.5636,cloud_heavy
3654,6,152,13168.8,15802.5,0.5939,cloud_heavy
3655,7,152,13372.1,16046.5,0.6272,cloud_heavy
3656,8,152,13462.2,16154.6,0.6623,cloud_heavy
3657,9,152,14677.1,17612.5,0.6973,cloud_heavy
3658,10,152,13796.9,16556.3,0.7303,cloud_heavy
3659,11,152,14448.2,17337.8,0.7589,cloud_heavy
3660,12,152,14657.4,17588.8,0.7811,cloud_heavy
3661,13,152,14959.0,17950.8,0.7952,cloud_heavy
3662,14,152,14634.0,17560.8,0.8,cloud_heavy
3663,15,152,14920.1,17904.1,0.7952,cloud_heavy
3664,16,152,14576.6,17491.9,0.7811,cloud_heavy
3665,17,152,13760.7,16512.8,0.7589,cloud_heavy
3666,18,152,14186.9,17024.2,0.7303,cloud_heavy
3667,19,152,13421.3,16105.5,0.6973,cloud_heavy
3668,20,152,12851.5,15421.8,0.6623,cloud_heavy
3669,21,152,13288.3,15946.0,0.6272,cloud_heavy
3670,22,152,13116.3,15739.5,0.5939,cloud_heavy
3671,23,152,12848.3,15417.9,0.5636,cloud_heavy
3672,0,153,12014.9,14417.9,0.473,cloud_heavy
3673,1,153,11219.8,13463.7,0.4835,cloud_heavy
3674,2,153,11546.7,13856.1,0.4974,cloud_heavy
3675,3,153,12924.9,15509.8,0.5152,cloud_heavy
3676,4,153,12016.0,14419.2,0.5373,cloud_heavy
3677,5,153,12880.2,15456.2,0.5636,cloud_heavy
3678,6,153,12660.7,15192.8,0.5939,cloud_heavy
3679,7,153,13265.6,15918.7,0.6272,cloud_heavy
3680,8,153,13299.3,15959.2,0.6623,cloud_heavy
3681,9,153,14113.4,16936.0,0.6973,cloud_heavy
3682,10,153,14241.0,17089.2,0.7303,cloud_heavy
3683,11,153,14252.0,17102.4,0.7589,cloud_heavy
3684,12,153,14189.3,17027.1,0.7811,cloud_heavy
3685,13,153,14899.3,17879.1,0.7952,cloud_heavy
3686,14,153,14285.6,17142.8,0.8,cloud_heavy
3687,15,153,14970.1,17964.1,0.7952,cloud_heavy
3688,16,153,15805.2,18966.3,0.7811,cloud_heavy
3689,17,153,15031.4,18037.7,0.7589,cloud_heavy
3690,18,153,14488.4,17386.1,0.7303,cloud_heavy
3691,19,153,13843.9,16612.7,0.6973,cloud_heavy
3692,20,153,12768.4,15322.1,0.6623,cloud_heavy
3693,21,153,12709.0,15250.8,0.6272,cloud_heavy
3694,22,153,13424.5,16109.5,0.5939,cloud_heavy
3695,23,153,12348.7,14818.5,0.5636,cloud_heavy
3696,0,154,11655.0,13986.0,0.4829,cloud_heavy
3697,1,154,11982.6,14379.1,0.4978,cloud_heavy
3698,2,154,11835.7,14202.8,0.5177,cloud_heavy
3699,3,154,12001.1,14401.4,0.5431,cloud_heavy
3700,4,154,12730.8,15277.0,0.5747,cloud_heavy
3701,5,154,12746.6,15295.9,0.6123,cloud_heavy
3702,6,154,13194.9,15833.9,0.6556,cloud_heavy
3703,7,154,13606.8,16328.2,0.7032,cloud_heavy
3704,8,154,14620.2,17544.3,0.7533,cloud_heavy
3705,9,154,14752.2,17702.6,0.8033,cloud_heavy
3706,10,154,15206.9,18248.3,0.8504,cloud_heavy
3707,11,154,15945.8,19134.9,0.8912,cloud_heavy
3708,12,154,15889.4,19067.3,0.923,cloud_heavy
3709,13,154,16008.0,19209.6,0.9431,cloud_heavy
3710,14,154,16435.0,19722.0,0.95,cloud_heavy
3711,15,154,16466.3,19759.6,0.9431,cloud_heavy
3712,16,154,15887.0,19064.4,0.923,cloud_heavy
3713,17,154,15703.1,18843.8,0.8912,cloud_heavy
3714,18,154,14930.2,17916.3,0.8504,cloud_heavy
3715,19,154,14472.0,17366.4,0.8033,cloud_heavy
3716,20,154,14726.8,17672.2,0.7533,cloud_heavy
3717,21,154,14119.3,16943.2,0.7032,cloud_heavy
3718,22,154,13679.2,16415.1,0.6556,cloud_heavy
3719,23,154,13207.2,15848.6,0.6123,cloud_heavy
3720,0,155,11921.2,14305.5,0.4829,cloud_heavy
3721,1,155,12294.0,14752.8,0.4978,cloud_heavy
3722,2,155,12568.1,15081.8,0.5177,cloud_heavy
3723,3,155,12800.3,15360.4,0.5431,cloud_heavy
3724,4,155,12711.6,15253.9,0.5747,cloud_heavy
3725,5,155,13641.8,16370.2,0.6123,cloud_heavy
3726,6,155,13587.4,16304.9,0.6556,cloud_heavy
3727,7,155,14197.7,17037.2,0.7032,cloud_heavy
3728,8,155,14516.5,17419.8,0.7533,cloud_heavy
3729,9,155,14965.7,17958.8,0.8033,cloud_heavy
3730,10,155,14951.3,17941.6,0.8504,cloud_heavy
3731,11,155,15994.9,19193.8,0.8912,cloud_heavy
3732,12,155,17319.5,20783.5,0.923,cloud_heavy
3733,13,155,15961.2,19153.5,0.9431,cloud_heavy
3734,14,155,16240.8,19488.9,0.95,cloud_heavy
3735,15,155,15926.7,19112.0,0.9431,cloud_heavy
3736,16,155,15723.8,18868.6,0.923,cloud_heavy
3737,17,155,16391.1,19669.3,0.8912,cloud_heavy
3738,18,155,14980.1,17976.2,0.8504,cloud_heavy
3739,19,155,14644.3,17573.2,0.8033,cloud_heavy
3740,20,155,13709.1,16450.9,0.7533,cloud_heavy
3741,21,155,13616.7,16340.0,0.7032,cloud_heavy
3742,22,155,12803.3,15363.9,0.6556,cloud_heavy
3743,23,155,13345.1,16014.1,0.6123,cloud_heavy
3744,0,156,12904.6,15485.5,0.4829,cloud_heavy
3745,1,156,11909.9,14291.9,0.4978,cloud_heavy
3746,2,156,11613.9,13936.7,0.5177,cloud_heavy
3747,3,156,12796.1,15355.3,0.5431,cloud_heavy
3748,4,156,12472.1,14966.5,0.5747,cloud_heavy
3749,5,156,13607.4,16328.8,0.6123,cloud_heavy
3750,6,156,13380.7,16056.9,0.6556,cloud_heavy
3751,7,156,13669.2,16403.1,0.7032,cloud_heavy
3752,8,156,14317.8,17181.4,0.7533,cloud_heavy
3753,9,156,15193.3,18232.0,0.8033,cloud_heavy
3754,10,156,15184.5,18221.4,0.8504,cloud_heavy
3755,11,156,15431.8,18518.2,0.8912,cloud_heavy
3756,12,156,15862.3,19034.7,0.923,cloud_heavy
3757,13,156,15526.8,18632.2,0.9431,cloud_heavy
3758,14,156,16399.3,19679.1,0.95,cloud_heavy
3759,15,156,15277.5,18333.0,0.9431,cloud_heavy
3760,16,156,15744.8,18893.8,0.923,cloud_heavy
3761,17,156,16022.1,19226.5,0.8912,cloud_heavy
3762,18,156,15427.8,18513.4,0.8504,cloud_heavy
3763,19,156,15118.7,18142.4,0.8033,cloud_heavy
3764,20,156,14366.6,17239.9,0.7533,cloud_heavy
3765,21,156,14422.3,17306.7,0.7032,cloud_heavy
3766,22,156,13869.3,16643.1,0.6556,cloud_heavy
3767,23,156,13272.1,15926.6,0.6123,cloud_heavy
3768,0,157,12236.0,14683.2,0.4829,cloud_heavy
3769,1,157,12313.5,14776.2,0.4978,cloud_heavy
3770,2,157,12064.0,14476.8,0.5177,cloud_heavy
3771,3,157,11957.4,14348.8,0.5431,cloud_heavy
3772,4,157,12910.9,15493.1,0.5747,cloud_heavy
3773,5,157,13311.4,15973.7,0.6123,cloud_heavy
3774,6,157,13936.4,16723.7,0.6556,cloud_heavy
3775,7,157,13542.0,16250.3,0.7032,cloud_heavy
3776,8,157,14003.2,16803.9,0.7533,cloud_heavy
3777,9,157,15060.6,18072.7,0.8033,cloud_heavy
3778,10,157,15256.2,18307.4,0.8504,cloud_heavy
3779,11,157,14779.0,17734.8,0.8912,cloud_heavy
3780,12,157,16137.0,19364.4,0.923,cloud_heavy
3781,13,157,15245.6,18294.8,0.9431,cloud_heavy
3782,14,157,15746.7,18896.0,0.95,cloud_heavy
3783,15,157,16797.3,20156.8,0.9431,cloud_heavy
3784,16,157,16831.1,20197.3,0.923,cloud_heavy
3785,17,157,15093.9,18112.7,0.8912,cloud_heavy
3786,18,157,15137.7,18165.3,0.8504,cloud_heavy
3787,19,157,14874.6,17849.5,0.8033,cloud_heavy
3788,20,157,15163.9,18196.6,0.7533,cloud_heavy
3789,21,157,13727.3,16472.8,0.7032,cloud_heavy
3790,22,157,13301.8,15962.2,0.6556,cloud_heavy
3791,23,157,13705.3,16446.4,0.6123,cloud_heavy
3792,0,158,11770.9,14125.0,0.4829,cloud_heavy
3793,1,158,12303.3,14764.0,0.4978,cloud_heavy
3794,2,158,11683.4,14020.1,0.5177,cloud_heavy
3795,3,158,12395.7,14874.8,0.5431,cloud_heavy
3796,4,158,12115.3,14538.4,0.5747,cloud_heavy
3797,5,158,12682.2,15218.6,0.6123,cloud_heavy
3798,6,158,13834.7,16601.6,0.6556,cloud_heavy
3799,7,158,13912.5,16695.0,0.7032,cloud_heavy
3800,8,158,14256.8,17108.2,0.7533,cloud_heavy
3801,9,158,14521.9,17426.3,0.8033,cloud_heavy
3802,10,158,15187.6,18225.1,0.8504,cloud_heavy
3803,11,158,15806.8,18968.1,0.8912,cloud_heavy
3804,12,158,16428.0,19713.6,0.923,cloud_heavy
3805,13,158,14871.4,17845.7,0.9431,cloud_heavy
3806,14,158,15801.9,18962.2,0.95,cloud_heavy
3807,15,158,16219.8,19463.8,0.9431,cloud_heavy
3808,16,158,15910.1,19092.1,0.923,cloud_heavy
3809,17,158,15854.8,19025.8,0.8912,cloud_heavy
3810,18,158,15411.5,18493.8,0.8504,cloud_heavy
3811,19,158,14719.7,17663.7,0.8033,cloud_heavy
3812,20,158,14167.1,17000.6,0.7533,cloud_heavy
3813,21,158,13830.7,16596.9,0.7032,cloud_heavy
3814,22,158,13960.0,16752.0,0.6556,cloud_heavy
3815,23,158,12809.2,15371.1,0.6123,cloud_heavy
3816,0,159,11791.7,14150.0,0.473,cloud_heavy
3817,1,159,11975.8,14371.0,0.4835,cloud_heavy
3818,2,159,12601.8,15122.1,0.4974,cloud_heavy
3819,3,159,12092.5,14511.0,0.5152,cloud_heavy
3820,4,159,12762.6,15315.1,0.5373,cloud_heavy
3821,5,159,13115.9,15739.1,0.5636,cloud_heavy
3822,6,159,12902.3,15482.8,0.5939,cloud_heavy
3823,7,159,13150.3,15780.4,0.6272,cloud_heavy
3824,8,159,13423.1,16107.7,0.6623,cloud_heavy
3825,9,159,13773.0,16527.6,0.6973,cloud_heavy
3826,10,159,14546.3,17455.5,0.7303,cloud_heavy
3827,11,159,14546.4,17455.7,0.7589,cloud_heavy
3828,12,159,14754.2,17705.1,0.7811,cloud_heavy
3829,13,159,14281.6,17137.9,0.7952,cloud_heavy
3830,14,159,14394.7,17273.7,0.8,cloud_heavy
3831,15,159,15731.0,18877.2,0.7952,cloud_heavy
3832,16,159,14572.7,17487.2,0.7811,cloud_heavy
3833,17,159,14110.5,16932.6,0.7589,cloud_heavy
3834,18,159,14791.7,17750.0,0.7303,cloud_heavy
3835,19,159,13996.9,16796.3,0.6973,cloud_heavy
3836,20,159,13792.0,16550.4,0.6623,cloud_heavy
3837,21,159,13179.2,15815.0,0.6272,cloud_heavy
3838,22,159,12803.5,15364.2,0.5939,cloud_heavy
3839,23,159,12584.1,15100.9,0.5636,cloud_heavy
3840,0,160,11323.9,13588.6,0.473,cloud_heavy
3841,1,160,11878.9,14254.7,0.4835,cloud_heavy
3842,2,160,12145.2,14574.2,0.4974,cloud_heavy
3843,3,160,12879.8,15455.8,0.5152,cloud_heavy
3844,4,160,12437.7,14925.3,0.5373,cloud_heavy
3845,5,160,11762.7,14115.2,0.5636,cloud_heavy
3846,6,160,12890.6,15468.7,0.5939,cloud_heavy
3847,7,160,14321.6,17185.9,0.6272,cloud_heavy
3848,8,160,13909.2,16691.1,0.6623,cloud_heavy
3849,9,160,13541.9,16250.3,0.6973,cloud_heavy
3850,10,160,14434.3,17321.2,0.7303,cloud_heavy
3851,11,160,14124.7,16949.7,0.7589,cloud_heavy
3852,12,160,14055.8,16867.0,0.7811,cloud_heavy
3853,13,160,14626.1,17551.3,0.7952,cloud_heavy
3854,14,160,14865.7,17838.8,0.8,cloud_heavy
3855,15,160,13950.4,16740.5,0.7952,cloud_heavy
3856,16,160,14145.7,16974.9,0.7811,cloud_heavy
3857,17,160,14450.8,17340.9,0.7589,cloud_heavy
3858,18,160,14009.1,16810.9,0.7303,cloud_heavy
3859,19,160,14043.9,16852.7,0.6973,cloud_heavy
3860,20,160,13062.9,15675.4,0.6623,cloud_heavy
3861,21,160,13517.5,16221.0,0.6272,cloud_heavy
3862,22,160,12468.0,14961.6,0.5939,cloud_heavy
3863,23,160,13271.8,15926.1,0.5636,cloud_heavy
3864,0,161,11291.9,13550.3,0.4829,cloud_heavy
3865,1,161,11647.7,13977.2,0.4978,cloud_heavy
3866,2,161,12378.3,14853.9,0.5177,cloud_heavy
3867,3,161,13081.8,15698.1,0.5431,cloud_heavy
3868,4,161,12870.6,15444.8,0.5747,cloud_heavy
3869,5,161,13318.0,15981.6,0.6123,cloud_heavy
3870,6,161,13502.0,16202.4,0.6556,cloud_heavy
3871,7,161,13504.3,16205.2,0.7032,cloud_heavy
3872,8,161,14183.0,17019.6,0.7533,cloud_heavy
3873,9,161,14315.5,17178.6,0.8033,cloud_heavy
3874,10,161,14702.3,17642.8,0.8504,cloud_heavy
3875,11,161,15854.1,19024.9,0.8912,cloud_heavy
3876,12,161,15419.7,18503.7,0.923,cloud_heavy
3877,13,161,16297.5,19557.0,0.9431,cloud_heavy
3878,14,161,15573.3,18688.0,0.95,cloud_heavy
3879,15,161,16286.3,19543.5,0.9431,cloud_heavy
3880,16,161,15723.5,18868.2,0.923,cloud_heavy
3881,17,161,16326.3,19591.6,0.8912,cloud_heavy
3882,18,161,15437.3,18524.7,0.8504,cloud_heavy
3883,19,161,15406.4,18487.6,0.8033,cloud_heavy
3884,20,161,14068.3,16882.0,0.7533,cloud_heavy
3885,21,161,13956.8,16748.2,0.7032,cloud_heavy
3886,22,161,13097.7,15717.3,0.6556,cloud_heavy
3887,23,161,12934.3,15521.2,0.6123,cloud_heavy
3888,0,162,11811.1,14173.3,0.4829,cloud_heavy
3889,1,162,11780.2,14136.2,0.4978,cloud_heavy
3890,2,162,11779.4,14135.3,0.5177,cloud_heavy
3891,3,162,11931.3,14317.6,0.5431,cloud_heavy
3892,4,162,11855.2,14226.2,0.5747,cloud_heavy
3893,5,162,12681.8,15218.2,0.6123,cloud_heavy
3894,6,162,13749.0,16498.7,0.6556,cloud_heavy
3895,7,162,13265.2,15918.2,0.7032,cloud_heavy
3896,8,162,13803.8,16564.6,0.7533,cloud_heavy
3897,9,162,15653.8,18784.5,0.8033,cloud_heavy
3898,10,162,14996.9,17996.2,0.8504,cloud_heavy
3899,11,162,15816.1,18979.3,0.8912,cloud_heavy
3900,12,162,16264.9,19517.9,0.923,cloud_heavy
3901,13,162,16463.6,19756.3,0.9431,cloud_heavy
3902,14,162,15466.1,18559.3,0.95,cloud_heavy
3903,15,162,16030.8,19237.0,0.9431,cloud_heavy
3904,16,162,15182.8,18219.3,0.923,cloud_heavy
3905,17,162,16814.9,20177.9,0.8912,cloud_heavy
3906,18,162,14557.3,17468.8,0.8504,cloud_heavy
3907,19,162,14388.6,17266.3,0.8033,cloud_heavy
3908,20,162,13945.3,16734.3,0.7533,cloud_heavy
3909,21,162,13307.7,15969.3,0.7032,cloud_heavy
3910,22,162,14042.5,16851.0,0.6556,cloud_heavy
3911,23,162,14048.6,16858.4,0.6123,cloud_heavy
3912,0,163,11734.8,14081.8,0.4829,cloud_heavy
3913,1,163,11565.4,13878.4,0.4978,cloud_heavy
3914,2,163,11404.8,13685.7,0.5177,cloud_heavy
3915,3,163,12368.5,14842.1,0.5431,cloud_heavy
3916,4,163,12629.1,15155.0,0.5747,cloud_heavy
3917,5,163,12840.9,15409.1,0.6123,cloud_heavy
3918,6,163,13584.5,16301.4,0.6556,cloud_heavy
3919,7,163,14098.5,16918.2,0.7032,cloud_heavy
3920,8,163,14534.2,17441.0,0.7533,cloud_heavy
3921,9,163,14714.7,17657.7,0.8033,cloud_heavy
3922,10,163,14783.5,17740.2,0.8504,cloud_heavy
3923,11,163,15978.2,19173.8,0.8912,cloud_heavy
3924,12,163,15963.4,19156.1,0.923,cloud_heavy
3925,13,163,16573.0,19887.6,0.9431,cloud_heavy
3926,14,163,16590.4,19908.4,0.95,cloud_heavy
3927,15,163,15454.2,18545.1,0.9431,cloud_heavy
3928,16,163,15270.8,18325.0,0.923,cloud_heavy
3929,17,163,15310.2,18372.2,0.8912,cloud_heavy
3930,18,163,14804.3,17765.2,0.8504,cloud_heavy
3931,19,163,15192.2,18230.6,0.8033,cloud_heavy
3932,20,163,14546.4,17455.6,0.7533,cloud_heavy
3933,21,163,14392.8,17271.4,0.7032,cloud_heavy
3934,22,163,13655.4,16386.5,0.6556,cloud_heavy
3935,23,163,13178.8,15814.6,0.6123,cloud_heavy
3936,0,164,12333.2,14799.8,0.4829,cloud_heavy
3937,1,164,12212.1,14654.5,0.4978,cloud_heavy
3938,2,164,12250.2,14700.2,0.5177,cloud_heavy
3939,3,164,13013.1,15615.7,0.5431,cloud_heavy
3940,4,164,12794.2,15353.0,0.5747,cloud_heavy
3941,5,164,12977.3,15572.7,0.6123,cloud_heavy
3942,6,164,13155.7,15786.9,0.6556,cloud_heavy
3943,7,164,14227.2,17072.6,0.7032,cloud_heavy
3944,8,164,14928.9,17914.6,0.7533,cloud_heavy
3945,9,164,14833.1,17799.7,0.8033,cloud_heavy
3946,10,164,15888.7,19066.4,0.8504,cloud_heavy
3947,11,164,14739.4,17687.3,0.8912,cloud_heavy
3948,12,164,15930.9,19117.1,0.923,cloud_heavy
3949,13,164,16123.3,19348.0,0.9431,cloud_heavy
3950,14,164,15852.8,19023.4,0.95,cloud_heavy
3951,15,164,17297.2,20756.6,0.9431,cloud_heavy
3952,16,164,15925.8,19110.9,0.923,cloud_heavy
3953,17,164,15473.6,18568.4,0.8912,cloud_heavy
3954,18,164,15300.7,18360.9,0.8504,cloud_heavy
3955,19,164,13963.0,16755.6,0.8033,cloud_heavy
3956,20,164,14066.5,16879.8,0.7533,cloud_heavy
3957,21,164,14344.3,17213.2,0.7032,cloud_heavy
3958,22,164,13240.3,15888.3,0.6556,cloud_heavy
3959,23,164,12771.2,15325.4,0.6123,cloud_heavy
3960,0,165,12372.4,14846.9,0.4829,cloud_heavy
3961,1,165,12526.6,15031.9,0.4978,cloud_heavy
3962,2,165,12414.8,14897.8,0.5177,cloud_heavy
3963,3,165,12289.6,14747.5,0.5431,cloud_heavy
3964,4,165,12658.5,15190.3,0.5747,cloud_heavy
3965,5,165,12780.9,15337.1,0.6123,cloud_heavy
3966,6,165,13092.2,15710.6,0.6556,cloud_heavy
3967,7,165,13496.8,16196.1,0.7032,cloud_heavy
3968,8,165,14127.8,16953.3,0.7533,cloud_heavy
3969,9,165,14394.5,17273.4,0.8033,cloud_heavy
3970,10,165,14571.6,17485.9,0.8504,cloud_heavy
3971,11,165,15768.4,18922.0,0.8912,cloud_heavy
3972,12,165,16069.7,19283.7,0.923,cloud_heavy
3973,13,165,16966.4,20359.7,0.9431,cloud_heavy
3974,14,165,15881.3,19057.6,0.95,cloud_heavy
3975,15,165,16286.1,19543.4,0.9431,cloud_heavy
3976,16,165,16107.1,19328.6,0.923,cloud_heavy
3977,17,165,15546.0,18655.1,0.8912,cloud_heavy
3978,18,165,15630.2,18756.3,0.8504,cloud_heavy
3979,19,165,15201.1,18241.3,0.8033,cloud_heavy
3980,20,165,14536.0,17443.2,0.7533,cloud_heavy
3981,21,165,13826.5,16591.8,0.7032,cloud_heavy
3982,22,165,13350.2,16020.2,0.6556,cloud_heavy
3983,23,165,12559.4,15071.3,0.6123,cloud_heavy
3984,0,166,11528.3,13833.9,0.473,cloud_heavy
3985,1,166,11688.1,14025.7,0.4835,cloud_heavy
3986,2,166,11632.3,13958.8,0.4974,cloud_heavy
3987,3,166,12363.5,14836.2,0.5152,cloud_heavy
3988,4,166,12851.1,15421.3,0.5373,cloud_heavy
3989,5,166,12303.8,14764.6,0.5636,cloud_heavy
3990,6,166,13037.0,15644.4,0.5939,cloud_heavy
3991,7,166,12823.4,15388.1,0.6272,cloud_heavy
3992,8,166,13432.9,16119.4,0.6623,cloud_heavy
3993,9,166,13592.1,16310.5,0.6973,cloud_heavy
3994,10,166,14438.9,17326.7,0.7303,cloud_heavy
3995,11,166,14152.1,16982.5,0.7589,cloud_heavy
3996,12,166,15095.5,18114.6,0.7811,cloud_heavy
3997,13,166,14671.6,17605.9,0.7952,cloud_heavy
3998,14,166,14536.1,17443.3,0.8,cloud_heavy
3999,15,166,14224.8,17069.8,0.7952,cloud_heavy
4000,16,166,14762.1,17714.5,0.7811,cloud_heavy
4001,17,166,14834.3,17801.1,0.7589,cloud_heavy
4002,18,166,14299.1,17158.9,0.7303,cloud_heavy
4003,19,166,14811.8,17774.1,0.6973,cloud_heavy
4004,20,166,14138.4,16966.1,0.6623,cloud_heavy
4005,21,166,13111.9,15734.2,0.6272,cloud_heavy
4006,22,166,12803.7,15364.5,0.5939,cloud_heavy
4007,23,166,12826.6,15392.0,0.5636,cloud_heavy
4008,0,167,11516.9,13820.3,0.473,cloud_heavy
4009,1,167,12327.0,14792.4,0.4835,cloud_heavy
4010,2,167,12168.8,14602.6,0.4974,cloud_heavy
4011,3,167,12296.3,14755.6,0.5152,cloud_heavy
4012,4,167,12661.4,15193.7,0.5373,cloud_heavy
4013,5,167,13302.1,15962.6,0.5636,cloud_heavy
4014,6,167,12993.4,15592.0,0.5939,cloud_heavy
4015,7,167,13189.1,15826.9,0.6272,cloud_heavy
4016,8,167,14170.5,17004.6,0.6623,cloud_heavy
4017,9,167,14282.4,17138.9,0.6973,cloud_heavy
4018,10,167,14046.2,16855.5,0.7303,cloud_heavy
4019,11,167,14448.5,17338.3,0.7589,cloud_heavy
4020,12,167,14736.7,17684.0,0.7811,cloud_heavy
4021,13,167,14941.0,17929.2,0.7952,cloud_heavy
4022,14,167,14221.7,17066.0,0.8,cloud_heavy
4023,15,167,14096.6,16915.9,0.7952,cloud_heavy
4024,16,167,14260.8,17113.0,0.7811,cloud_heavy
4025,17,167,14028.2,16833.8,0.7589,cloud_heavy
4026,18,167,13908.9,16690.6,0.7303,cloud_heavy
4027,19,167,14143.8,16972.6,0.6973,cloud_heavy
4028,20,167,13488.2,16185.8,0.6623,cloud_heavy
4029,21,167,13311.9,15974.3,0.6272,cloud_heavy
4030,22,167,12452.3,14942.7,0.5939,cloud_heavy
4031,23,167,12473.2,14967.9,0.5636,cloud_heavy
4032,0,168,12114.4,14537.3,0.4829,cloud_heavy
4033,1,168,12257.3,14708.8,0.4978,cloud_heavy
4034,2,168,11959.4,14351.3,0.5177,cloud_heavy
4035,3,168,12520.1,15024.2,0.5431,cloud_heavy
4036,4,168,13591.2,16309.5,0.5747,cloud_heavy
4037,5,168,13089.9,15707.9,0.6123,cloud_heavy
4038,6,168,13214.3,15857.1,0.6556,cloud_heavy
4039,7,168,13860.7,16632.8,0.7032,cloud_heavy
4040,8,168,14434.5,17321.3,0.7533,cloud_heavy
4041,9,168,14788.2,17745.9,0.8033,cloud_heavy
4042,10,168,15274.4,18329.3,0.8504,cloud_heavy
4043,11,168,14986.9,17984.3,0.8912,cloud_heavy
4044,12,168,15496.6,18595.9,0.923,cloud_heavy
4045,13,168,16070.4,19284.5,0.9431,cloud_heavy
4046,14,168,16125.9,19351.1,0.95,cloud_heavy
4047,15,168,15868.5,19042.3,0.9431,cloud_heavy
4048,16,168,15872.7,19047.2,0.923,cloud_heavy
4049,17,168,15693.9,18832.7,0.8912,cloud_heavy
4050,18,168,15696.8,18836.1,0.8504,cloud_heavy
4051,19,168,14811.4,17773.7,0.8033,cloud_heavy
4052,20,168,14567.0,17480.4,0.7533,cloud_heavy
4053,21,168,13706.9,16448.3,0.7032,cloud_heavy
4054,22,168,13726.5,16471.8,0.6556,cloud_heavy
4055,23,168,13244.5,15893.4,0.6123,cloud_heavy
4056,0,169,12213.9,14656.7,0.4829,cloud_heavy
4057,1,169,12300.2,14760.2,0.4978,cloud_heavy
4058,2,169,12441.1,14929.3,0.5177,cloud_heavy
4059,3,169,12422.9,14907.5,0.5431,cloud_heavy
4060,4,169,12843.8,15412.6,0.5747,cloud_heavy
4061,5,169,13514.7,16217.6,0.6123,cloud_heavy
4062,6,169,13230.9,15877.1,0.6556,cloud_heavy
4063,7,169,13670.7,16404.8,0.7032,cloud_heavy
4064,8,169,14473.0,17367.6,0.7533,cloud_heavy
4065,9,169,15040.7,18048.8,0.8033,cloud_heavy
4066,10,169,14910.8,17893.0,0.8504,cloud_heavy
4067,11,169,15630.1,18756.1,0.8912,cloud_heavy
4068,12,169,15912.4,19094.9,0.923,cloud_heavy
4069,13,169,15069.9,18083.9,0.9431,cloud_heavy
4070,14,169,16099.5,19319.4,0.95,cloud_heavy
4071,15,169,16066.6,19279.9,0.9431,cloud_heavy
4072,16,169,15880.7,19056.8,0.923,cloud_heavy
4073,17,169,16330.7,19596.8,0.8912,cloud_heavy
4074,18,169,14731.2,17677.4,0.8504,cloud_heavy
4075,19,169,14488.1,17385.7,0.8033,cloud_heavy
4076,20,169,13266.6,15919.9,0.7533,cloud_heavy
4077,21,169,13732.3,16478.8,0.7032,cloud_heavy
4078,22,169,13334.7,16001.7,0.6556,cloud_heavy
4079,23,169,12896.5,15475.8,0.6123,cloud_heavy
4080,0,170,12300.3,14760.4,0.4829,cloud_heavy
4081,1,170,12353.3,14824.0,0.4978,cloud_heavy
4082,2,170,12253.7,14704.5,0.5177,cloud_heavy
4083,3,170,12321.2,14785.4,0.5431,cloud_heavy
4084,4,170,13142.7,15771.2,0.5747,cloud_heavy
4085,5,170,13089.1,15706.9,0.6123,cloud_heavy
4086,6,170,13163.6,15796.4,0.6556,cloud_heavy
4087,7,170,13215.9,15859.1,0.7032,cloud_heavy
4088,8,170,14204.1,17044.9,0.7533,cloud_heavy
4089,9,170,15191.9,18230.3,0.8033,cloud_heavy
4090,10,170,16333.0,19599.6,0.8504,cloud_heavy
4091,11,170,15694.2,18833.0,0.8912,cloud_heavy
4092,12,170,15591.0,18709.3,0.923,cloud_heavy
4093,13,170,15568.9,18682.7,0.9431,cloud_heavy
4094,14,170,16474.6,19769.5,0.95,cloud_heavy
4095,15,170,15288.2,18345.8,0.9431,cloud_heavy
4096,16,170,16220.9,19465.1,0.923,cloud_heavy
4097,17,170,16049.5,19259.4,0.8912,cloud_heavy
4098,18,170,15488.9,18586.7,0.8504,cloud_heavy
4099,19,170,14757.7,17709.3,0.8033,cloud_heavy
4100,20,170,14638.6,17566.3,0.7533,cloud_heavy
4101,21,170,14004.8,16805.7,0.7032,cloud_heavy
4102,22,170,13179.9,15815.9,0.6556,cloud_heavy
4103,23,170,13823.9,16588.6,0.6123,cloud_heavy
4104,0,171,11779.1,14134.9,0.4829,cloud_heavy
4105,1,171,12322.7,14787.2,0.4978,cloud_heavy
4106,2,171,11338.1,13605.8,0.5177,cloud_heavy
4107,3,171,12936.8,15524.2,0.5431,cloud_heavy
4108,4,171,13312.0,15974.3,0.5747,cloud_heavy
4109,5,171,13108.6,15730.3,0.6123,cloud_heavy
4110,6,171,13721.1,16465.4,0.6556,cloud_heavy
4111,7,171,14166.8,17000.2,0.7032,cloud_heavy
4112,8,171,14117.1,16940.5,0.7533,cloud_heavy
4113,9,171,15099.4,18119.3,0.8033,cloud_heavy
4114,10,171,14917.9,17901.5,0.8504,cloud_heavy
4115,11,171,15379.2,18455.0,0.8912,cloud_heavy
4116,12,171,16496.9,19796.3,0.923,cloud_heavy
4117,13,171,16614.8,19937.7,0.9431,cloud_heavy
4118,14,171,15862.8,19035.4,0.95,cloud_heavy
4119,15,171,15787.5,18945.0,0.9431,cloud_heavy
4120,16,171,15648.4,18778.1,0.923,cloud_heavy
4121,17,171,16009.6,19211.5,0.8912,cloud_heavy
4122,18,171,14830.2,17796.2,0.8504,cloud_heavy
4123,19,171,15014.6,18017.5,0.8033,cloud_heavy
4124,20,171,14717.2,17660.6,0.7533,cloud_heavy
4125,21,171,13896.5,16675.7,0.7032,cloud_heavy
4126,22,171,13903.8,16684.6,0.6556,cloud_heavy
4127,23,171,12977.3,15572.7,0.6123,cloud_heavy
4128,0,172,11828.3,14194.0,0.4829,cloud_heavy
4129,1,172,11689.3,14027.2,0.4978,cloud_heavy
4130,2,172,12598.2,15117.9,0.5177,cloud_heavy
4131,3,172,12173.2,14607.8,0.5431,cloud_heavy
4132,4,172,12883.9,15460.7,0.5747,cloud_heavy
4133,5,172,13068.8,15682.6,0.6123,cloud_heavy
4134,6,172,13068.7,15682.4,0.6556,cloud_heavy
4135,7,172,13678.7,16414.5,0.7032,cloud_heavy
4136,8,172,14991.8,17990.2,0.7533,cloud_heavy
4137,9,172,14945.5,17934.6,0.8033,cloud_heavy
4138,10,172,14826.0,17791.1,0.8504,cloud_heavy
4139,11,172,15808.7,18970.5,0.8912,cloud_heavy
4140,12,172,15887.5,19065.0,0.923,cloud_heavy
4141,13,172,17500.0,21000.0,0.9431,cloud_heavy
4142,14,172,16344.9,19613.8,0.95,cloud_heavy
4143,15,172,15958.4,19150.1,0.9431,cloud_heavy
4144,16,172,16637.2,19964.7,0.923,cloud_heavy
4145,17,172,14800.0,17760.0,0.8912,cloud_heavy
4146,18,172,15332.1,18398.5,0.8504,cloud_heavy
4147,19,172,15744.5,18893.4,0.8033,cloud_heavy
4148,20,172,14344.5,17213.4,0.7533,cloud_heavy
4149,21,172,13208.8,15850.6,0.7032,cloud_heavy
4150,22,172,13334.6,16001.6,0.6556,cloud_heavy
4151,23,172,13668.3,16402.0,0.6123,cloud_heavy
4152,0,173,11947.2,14336.6,0.473,cloud_heavy
4153,1,173,11610.6,13932.7,0.4835,cloud_heavy
4154,2,173,11790.8,14148.9,0.4974,cloud_heavy
4155,3,173,11997.5,14397.0,0.5152,cloud_heavy
4156,4,173,12540.2,15048.2,0.5373,cloud_heavy
4157,5,173,13156.2,15787.4,0.5636,cloud_heavy
4158,6,173,13335.2,16002.2,0.5939,cloud_heavy
4159,7,173,13415.0,16098.0,0.6272,cloud_heavy
4160,8,173,13015.3,15618.4,0.6623,cloud_heavy
4161,9,173,13326.6,15991.9,0.6973,cloud_heavy
4162,10,173,14409.7,17291.6,0.7303,cloud_heavy
4163,11,173,13863.2,16635.8,0.7589,cloud_heavy
4164,12,173,14551.7,17462.0,0.7811,cloud_heavy
4165,13,173,14915.4,17898.5,0.7952,cloud_heavy
4166,14,173,14319.1,17182.9,0.8,cloud_heavy
4167,15,173,14326.4,17191.6,0.7952,cloud_heavy
4168,16,173,14609.5,17531.4,0.7811,cloud_heavy
4169,17,173,14664.6,17597.5,0.7589,cloud_heavy
4170,18,173,14634.5,17561.3,0.7303,cloud_heavy
4171,19,173,14132.3,16958.8,0.6973,cloud_heavy
4172,20,173,13586.8,16304.2,0.6623,cloud_heavy
4173,21,173,12937.7,15525.2,0.6272,cloud_heavy
4174,22,173,12511.8,15014.1,0.5939,cloud_heavy
4175,23,173,12454.6,14945.5,0.5636,cloud_heavy
4176,0,174,11959.2,14351.1,0.473,cloud_heavy
4177,1,174,12030.6,14436.7,0.4835,cloud_heavy
4178,2,174,11279.9,13535.9,0.4974,cloud_heavy
4179,3,174,11914.8,14297.8,0.5152,cloud_heavy
4180,4,174,12854.0,15424.8,0.5373,cloud_heavy
4181,5,174,12678.5,15214.2,0.5636,cloud_heavy
4182,6,174,12377.5,14853.0,0.5939,cloud_heavy
4183,7,174,14169.3,17003.1,0.6272,cloud_heavy
4184,8,174,13545.1,16254.1,0.6623,cloud_heavy
4185,9,174,14039.6,16847.5,0.6973,cloud_heavy
4186,10,174,14352.8,17223.3,0.7303,cloud_heavy
4187,11,174,14287.0,17144.4,0.7589,cloud_heavy
4188,12,174,14331.0,17197.3,0.7811,cloud_heavy
4189,13,174,15721.3,18865.6,0.7952,cloud_heavy
4190,14,174,15271.2,18325.4,0.8,cloud_heavy
4191,15,174,15145.0,18174.0,0.7952,cloud_heavy
4192,16,174,14904.1,17885.0,0.7811,cloud_heavy
4193,17,174,14011.5,16813.8,0.7589,cloud_heavy
4194,18,174,14726.4,17671.6,0.7303,cloud_heavy
4195,19,174,13528.5,16234.2,0.6973,cloud_heavy
4196,20,174,13672.1,16406.5,0.6623,cloud_heavy
4197,21,174,12583.1,15099.7,0.6272,cloud_heavy
4198,22,174,12135.6,14562.7,0.5939,cloud_heavy
4199,23,174,12769.2,15323.0,0.5636,cloud_heavy
4200,0,175,11615.7,13938.9,0.4829,cloud_heavy
4201,1,175,11323.8,13588.5,0.4978,cloud_heavy
4202,2,175,12423.5,14908.2,0.5177,cloud_heavy
4203,3,175,13252.2,15902.6,0.5431,cloud_heavy
4204,4,175,13281.7,15938.0,0.5747,cloud_heavy
4205,5,175,12995.7,15594.9,0.6123,cloud_heavy
4206,6,175,13498.5,16198.2,0.6556,cloud_heavy
4207,7,175,14304.4,17165.3,0.7032,cloud_heavy
4208,8,175,14879.2,17855.1,0.7533,cloud_heavy
4209,9,175,14702.5,17643.0,0.8033,cloud_heavy
4210,10,175,15304.5,18365.4,0.8504,cloud_heavy
4211,11,175,15806.5,18967.8,0.8912,cloud_heavy
4212,12,175,16222.6,19467.1,0.923,cloud_heavy
4213,13,175,16078.3,19294.0,0.9431,cloud_heavy
4214,14,175,16147.9,19377.4,0.95,cloud_heavy
4215,15,175,16811.0,20173.2,0.9431,cloud_heavy
4216,16,175,16536.5,19843.8,0.923,cloud_heavy
4217,17,175,15889.6,19067.5,0.8912,cloud_heavy
4218,18,175,16077.3,19292.8,0.8504,cloud_heavy
4219,19,175,14683.4,17620.1,0.8033,cloud_heavy
4220,20,175,15095.5,18114.6,0.7533,cloud_heavy
4221,21,175,14160.1,16992.1,0.7032,cloud_heavy
4222,22,175,14819.2,17783.0,0.6556,cloud_heavy
4223,23,175,12628.3,15154.0,0.6123,cloud_heavy
4224,0,176,11658.5,13990.2,0.4829,cloud_heavy
4225,1,176,12193.7,14632.4,0.4978,cloud_heavy
4226,2,176,12370.9,14845.1,0.5177,cloud_heavy
4227,3,176,13188.6,15826.4,0.5431,cloud_heavy
4228,4,176,12494.5,14993.4,0.5747,cloud_heavy
4229,5,176,13452.4,16142.9,0.6123,cloud_heavy
4230,6,176,13965.5,16758.6,0.6556,cloud_heavy
4231,7,176,14227.9,17073.5,0.7032,cloud_heavy
4232,8,176,13979.7,16775.6,0.7533,cloud_heavy
4233,9,176,15483.0,18579.6,0.8033,cloud_heavy
4234,10,176,15852.7,19023.2,0.8504,cloud_heavy
4235,11,176,15947.0,19136.4,0.8912,cloud_heavy
4236,12,176,16055.3,19266.3,0.923,cloud_heavy
4237,13,176,16252.2,19502.7,0.9431,cloud_heavy
4238,14,176,16168.0,19401.6,0.95,cloud_heavy
4239,15,176,16453.1,19743.7,0.9431,cloud_heavy
4240,16,176,15972.3,19166.8,0.923,cloud_heavy
4241,17,176,15266.5,18319.8,0.8912,cloud_heavy
4242,18,176,14807.9,17769.4,0.8504,cloud_heavy
4243,19,176,14520.5,17424.5,0.8033,cloud_heavy
4244,20,176,14490.6,17388.7,0.7533,cloud_heavy
4245,21,176,13922.1,16706.5,0.7032,cloud_heavy
4246,22,176,13582.1,16298.5,0.6556,cloud_heavy
4247,23,176,13293.6,15952.3,0.6123,cloud_heavy
4248,0,177,11680.7,14016.8,0.4829,cloud_heavy
4249,1,177,12571.9,15086.3,0.4978,cloud_heavy
4250,2,177,12127.0,14552.4,0.5177,cloud_heavy
4251,3,177,12297.7,14757.2,0.5431,cloud_heavy
4252,4,177,12934.7,15521.6,0.5747,cloud_heavy
4253,5,177,12375.3,14850.3,0.6123,cloud_heavy
4254,6,177,13174.9,15809.8,0.6556,cloud_heavy
4255,7,177,14343.4,17212.1,0.7032,cloud_heavy
4256,8,177,13644.4,16373.2,0.7533,cloud_heavy
4257,9,177,15353.7,18424.4,0.8033,cloud_heavy
4258,10,177,15981.9,19178.3,0.8504,cloud_heavy
4259,11,177,15491.6,18589.9,0.8912,cloud_heavy
4260,12,177,16097.1,19316.6,0.923,cloud_heavy
4261,13,177,16684.7,20021.6,0.9431,cloud_heavy
4262,14,177,15979.3,19175.2,0.95,cloud_heavy
4263,15,177,16563.0,19875.6,0.9431,cloud_heavy
4264,16,177,15636.1,18763.4,0.923,cloud_heavy
4265,17,177,15440.8,18529.0,0.8912,cloud_heavy
4266,18,177,14922.2,17906.6,0.8504,cloud_heavy
4267,19,177,15008.3,18010.0,0.8033,cloud_heavy
4268,20,177,14894.7,17873.7,0.7533,cloud_heavy
4269,21,177,13856.4,16627.7,0.7032,cloud_heavy
4270,22,177,12980.3,15576.3,0.6556,cloud_heavy
4271,23,177,12671.4,15205.7,0.6123,cloud_heavy
4272,0,178,12045.6,14454.8,0.4829,cloud_heavy
4273,1,178,12708.6,15250.4,0.4978,cloud_heavy
4274,2,178,12369.6,14843.5,0.5177,cloud_heavy
4275,3,178,12315.1,14778.1,0.5431,cloud_heavy
4276,4,178,13043.2,15651.9,0.5747,cloud_heavy
4277,5,178,13002.7,15603.3,0.6123,cloud_heavy
4278,6,178,13341.8,16010.1,0.6556,cloud_heavy
4279,7,178,13532.7,16239.2,0.7032,cloud_heavy
4280,8,178,15002.9,18003.5,0.7533,cloud_heavy
4281,9,178,13724.0,16468.8,0.8033,cloud_heavy
4282,10,178,15654.8,18785.7,0.8504,cloud_heavy
4283,11,178,15447.3,18536.8,0.8912,cloud_heavy
4284,12,178,15761.0,18913.2,0.923,cloud_heavy
4285,13,178,16962.3,20354.8,0.9431,cloud_heavy
4286,14,178,15859.0,19030.9,0.95,cloud_heavy
4287,15,178,15813.4,18976.1,0.9431,cloud_heavy
4288,16,178,15895.0,19074.0,0.923,cloud_heavy
4289,17,178,15859.7,19031.7,0.8912,cloud_heavy
4290,18,178,15086.1,18103.4,0.8504,cloud_heavy
4291,19,178,14154.2,16985.0,0.8033,cloud_heavy
4292,20,178,14020.8,16825.0,0.7533,cloud_heavy
4293,21,178,14468.9,17362.7,0.7032,cloud_heavy
4294,22,178,13525.2,16230.2,0.6556,cloud_heavy
4295,23,178,13274.1,15928.9,0.6123,cloud_heavy
4296,0,179,11811.3,14173.6,0.4829,cloud_heavy
4297,1,179,11804.1,14165.0,0.4978,cloud_heavy
4298,2,179,12840.4,15408.5,0.5177,cloud_heavy
4299,3,179,12389.4,14867.2,0.5431,cloud_heavy
4300,4,179,12580.6,15096.7,0.5747,cloud_heavy
4301,5,179,13527.5,16233.0,0.6123,cloud_heavy
4302,6,179,13202.5,15843.0,0.6556,cloud_heavy
4303,7,179,13684.7,16421.7,0.7032,cloud_heavy
4304,8,179,14399.1,17278.9,0.7533,cloud_heavy
4305,9,179,14855.7,17826.9,0.8033,cloud_heavy
4306,10,179,15407.9,18489.5,0.8504,cloud_heavy
4307,11,179,16648.2,19977.9,0.8912,cloud_heavy
4308,12,179,16118.4,19342.1,0.923,cloud_heavy
4309,13,179,14991.1,17989.3,0.9431,cloud_heavy
4310,14,179,16364.9,19637.9,0.95,cloud_heavy
4311,15,179,16161.1,19393.3,0.9431,cloud_heavy
4312,16,179,15978.2,19173.9,0.923,cloud_heavy
4313,17,179,15780.8,18937.0,0.8912,cloud_heavy
4314,18,179,15275.7,18330.8,0.8504,cloud_heavy
4315,19,179,14832.2,17798.6,0.8033,cloud_heavy
4316,20,179,14659.4,17591.3,0.7533,cloud_heavy
4317,21,179,13706.7,16448.1,0.7032,cloud_heavy
4318,22,179,13111.2,15733.5,0.6556,cloud_heavy
4319,23,179,14284.9,17141.9,0.6123,cloud_heavy
4320,0,180,11560.2,13872.3,0.473,cloud_heavy
4321,1,180,11946.1,14335.3,0.4835,cloud_heavy
4322,2,180,11498.1,13797.7,0.4974,cloud_heavy
4323,3,180,12245.1,14694.1,0.5152,cloud_heavy
4324,4,180,12058.4,14470.1,0.5373,cloud_heavy
4325,5,180,12480.5,14976.6,0.5636,cloud_heavy
4326,6,180,13332.4,15998.8,0.5939,cloud_heavy
4327,7,180,13421.4,16105.6,0.6272,cloud_heavy
4328,8,180,13788.1,16545.7,0.6623,cloud_heavy
4329,9,180,13142.0,15770.5,0.6973,cloud_heavy
4330,10,180,14964.4,17957.2,0.7303,cloud_heavy
4331,11,180,13929.7,16715.7,0.7589,cloud_heavy
4332,12,180,15322.7,18387.2,0.7811,cloud_heavy
4333,13,180,15233.5,18280.2,0.7952,cloud_heavy
4334,14,180,15081.8,18098.1,0.8,cloud_heavy
4335,15,180,14401.4,17281.7,0.7952,cloud_heavy
4336,16,180,14717.5,17661.0,0.7811,cloud_heavy
4337,17,180,14242.2,17090.6,0.7589,cloud_heavy
4338,18,180,14195.1,17034.2,0.7303,cloud_heavy
4339,19,180,13775.5,16530.6,0.6973,cloud_heavy
4340,20,180,12727.8,15273.3,0.6623,cloud_heavy
4341,21,180,13679.3,16415.2,0.6272,cloud_heavy
4342,22,180,12895.6,15474.7,0.5939,cloud_heavy
4343,23,180,12464.5,14957.3,0.5636,cloud_heavy
4344,0,181,11615.3,13938.4,0.473,cloud_heavy
4345,1,181,12038.4,14446.1,0.4835,cloud_heavy
4346,2,181,11715.5,14058.6,0.4974,cloud_heavy
4347,3,181,11376.9,13652.2,0.5152,cloud_heavy
4348,4,181,12557.2,15068.7,0.5373,cloud_heavy
4349,5,181,12845.4,15414.5,0.5636,cloud_heavy
4350,6,181,12849.6,15419.6,0.5939,cloud_heavy
4351,7,181,12778.2,15333.9,0.6272,cloud_heavy
4352,8,181,13593.1,16311.7,0.6623,cloud_heavy
4353,9,181,13269.7,15923.7,0.6973,cloud_heavy
4354,10,181,13745.7,16494.9,0.7303,cloud_heavy
4355,11,181,14121.0,16945.1,0.7589,cloud_heavy
4356,12,181,15021.8,18026.1,0.7811,cloud_heavy
4357,13,181,14619.8,17543.7,0.7952,cloud_heavy
4358,14,181,14625.8,17551.0,0.8,cloud_heavy
4359,15,181,15647.3,18776.7,0.7952,cloud_heavy
4360,16,181,14805.7,17766.9,0.7811,cloud_heavy
4361,17,181,14593.2,17511.9,0.7589,cloud_heavy
4362,18,181,14025.5,16830.6,0.7303,cloud_heavy
4363,19,181,13631.2,16357.5,0.6973,cloud_heavy
4364,20,181,12667.7,15201.2,0.6623,cloud_heavy
4365,21,181,13618.6,16342.3,0.6272,cloud_heavy
4366,22,181,13100.9,15721.1,0.5939,cloud_heavy
4367,23,181,12580.4,15096.5,0.5636,cloud_heavy
4368,0,182,11855.7,14226.8,0.4829,cloud_heavy
4369,1,182,12308.3,14770.0,0.4978,cloud_heavy
4370,2,182,11655.0,13986.0,0.5177,cloud_heavy
4371,3,182,12239.2,14687.1,0.5431,cloud_heavy
4372,4,182,12315.5,14778.6,0.5747,cloud_heavy
4373,5,182,13792.9,16551.4,0.6123,cloud_heavy
4374,6,182,13849.4,16619.3,0.6556,cloud_heavy
4375,7,182,13012.6,15615.1,0.7032,cloud_heavy
4376,8,182,13740.9,16489.1,0.7533,cloud_heavy
4377,9,182,14796.6,17756.0,0.8033,cloud_heavy
4378,10,182,15072.1,18086.5,0.8504,cloud_heavy
4379,11,182,15042.8,18051.4,0.8912,cloud_heavy
4380,12,182,16888.4,20266.1,0.923,cloud_heavy
4381,13,182,16294.1,19552.9,0.9431,cloud_heavy
4382,14,182,16437.1,19724.5,0.95,cloud_heavy
4383,15,182,15807.6,18969.1,0.9431,cloud_heavy
4384,16,182,16303.2,19563.8,0.923,cloud_heavy
4385,17,182,15486.5,18583.8,0.8912,cloud_heavy
4386,18,182,15158.9,18190.6,0.8504,cloud_heavy
4387,19,182,15127.9,18153.5,0.8033,cloud_heavy
4388,20,182,13691.2,16429.4,0.7533,cloud_heavy
4389,21,182,14600.9,17521.1,0.7032,cloud_heavy
4390,22,182,13568.8,16282.5,0.6556,cloud_heavy
4391,23,182,13600.1,16320.2,0.6123,cloud_heavy
4392,0,183,11520.6,13824.8,0.4829,cloud_heavy
4393,1,183,11708.9,14050.7,0.4978,cloud_heavy
4394,2,183,11799.1,14158.9,0.5177,cloud_heavy
4395,3,183,12553.3,15063.9,0.5431,cloud_heavy
4396,4,183,12775.4,15330.5,0.5747,cloud_heavy
4397,5,183,12914.4,15497.2,0.6123,cloud_heavy
4398,6,183,13084.4,15701.2,0.6556,cloud_heavy
4399,7,183,13403.9,16084.7,0.7032,cloud_heavy
4400,8,183,14373.7,17248.5,0.7533,cloud_heavy
4401,9,183,14648.1,17577.7,0.8033,cloud_heavy
4402,10,183,14974.3,17969.2,0.8504,cloud_heavy
4403,11,183,16392.3,19670.8,0.8912,cloud_heavy
4404,12,183,15918.0,19101.6,0.923,cloud_heavy
4405,13,183,16757.8,20109.4,0.9431,cloud_heavy
4406,14,183,15947.0,19136.4,0.95,cloud_heavy
4407,15,183,16261.3,19513.5,0.9431,cloud_heavy
4408,16,183,15930.9,19117.1,0.923,cloud_heavy
4409,17,183,14867.4,17840.9,0.8912,cloud_heavy
4410,18,183,15943.9,19132.7,0.8504,cloud_heavy
4411,19,183,14795.4,17754.5,0.8033,cloud_heavy
4412,20,183,14717.0,17660.4,0.7533,cloud_heavy
4413,21,183,13619.0,16342.8,0.7032,cloud_heavy
4414,22,183,13428.2,16113.8,0.6556,cloud_heavy
4415,23,183,12756.2,15307.5,0.6123,cloud_heavy
4416,0,184,12346.1,14815.4,0.4829,cloud_heavy
4417,1,184,12154.9,14585.9,0.4978,cloud_heavy
4418,2,184,12359.8,14831.8,0.5177,cloud_heavy
4419,3,184,12967.4,15560.9,0.5431,cloud_heavy
4420,4,184,13192.4,15830.9,0.5747,cloud_heavy
4421,5,184,13397.5,16077.1,0.6123,cloud_heavy
4422,6,184,12919.3,15503.2,0.6556,cloud_heavy
4423,7,184,13642.5,16371.1,0.7032,cloud_heavy
4424,8,184,13961.1,16753.4,0.7533,cloud_heavy
4425,9,184,15179.8,18215.8,0.8033,cloud_heavy
4426,10,184,15367.1,18440.5,0.8504,cloud_heavy
4427,11,184,15011.8,18014.1,0.8912,cloud_heavy
4428,12,184,15867.1,19040.5,0.923,cloud_heavy
4429,13,184,15419.2,18503.0,0.9431,cloud_heavy
4430,14,184,16180.4,19416.5,0.95,cloud_heavy
4431,15,184,15341.1,18409.3,0.9431,cloud_heavy
4432,16,184,16210.6,19452.7,0.923,cloud_heavy
4433,17,184,15842.9,19011.4,0.8912,cloud_heavy
4434,18,184,16163.9,19396.7,0.8504,cloud_heavy
4435,19,184,15233.5,18280.2,0.8033,cloud_heavy
4436,20,184,14212.0,17054.4,0.7533,cloud_heavy
4437,21,184,14275.3,17130.3,0.7032,cloud_heavy
4438,22,184,12929.1,15514.9,0.6556,cloud_heavy
4439,23,184,12718.7,15262.4,0.6123,cloud_heavy
4440,0,185,12023.7,14428.4,0.4829,cloud_heavy
4441,1,185,11262.7,13515.2,0.4978,cloud_heavy
4442,2,185,12211.6,14653.9,0.5177,cloud_heavy
4443,3,185,12078.3,14494.0,0.5431,cloud_heavy
4444,4,185,12788.9,15346.7,0.5747,cloud_heavy
4445,5,185,12673.4,15208.1,0.6123,cloud_heavy
4446,6,185,13666.7,16400.0,0.6556,cloud_heavy
4447,7,185,13941.4,16729.7,0.7032,cloud_heavy
4448,8,185,14999.4,17999.3,0.7533,cloud_heavy
4449,9,185,14858.6,17830.3,0.8033,cloud_heavy
4450,10,185,14936.3,17923.5,0.8504,cloud_heavy
4451,11,185,15549.2,18659.1,0.8912,cloud_heavy
4452,12,185,15313.9,18376.7,0.923,cloud_heavy
4453,13,185,16339.4,19607.3,0.9431,cloud_heavy
4454,14,185,16493.0,19791.6,0.95,cloud_heavy
4455,15,185,17338.5,20806.2,0.9431,cloud_heavy
4456,16,185,15659.8,18791.7,0.923,cloud_heavy
4457,17,185,15539.4,18647.3,0.8912,cloud_heavy
4458,18,185,15024.7,18029.7,0.8504,cloud_heavy
4459,19,185,14950.1,17940.2,0.8033,cloud_heavy
4460,20,185,14559.5,17471.4,0.7533,cloud_heavy
4461,21,185,13911.0,16693.2,0.7032,cloud_heavy
4462,22,185,13934.7,16721.7,0.6556,cloud_heavy
4463,23,185,12854.4,15425.3,0.6123,cloud_heavy
4464,0,186,12256.9,14708.3,0.4829,cloud_heavy
4465,1,186,12236.9,14684.3,0.4978,cloud_heavy
4466,2,186,12220.8,14664.9,0.5177,cloud_heavy
4467,3,186,12342.0,14810.4,0.5431,cloud_heavy
4468,4,186,13678.4,16414.0,0.5747,cloud_heavy
4469,5,186,12775.8,15331.0,0.6123,cloud_heavy
4470,6,186,13615.5,16338.6,0.6556,cloud_heavy
4471,7,186,13619.7,16343.7,0.7032,cloud_heavy
4472,8,186,15165.8,18198.9,0.7533,cloud_heavy
4473,9,186,15250.8,18301.0,0.8033,cloud_heavy
4474,10,186,14977.7,17973.2,0.8504,cloud_heavy
4475,11,186,15906.1,19087.4,0.8912,cloud_heavy
4476,12,186,16080.8,19297.0,0.923,cloud_heavy
4477,13,186,15892.6,19071.1,0.9431,cloud_heavy
4478,14,186,16574.9,19889.8,0.95,cloud_heavy
4479,15,186,16331.3,19597.5,0.9431,cloud_heavy
4480,16,186,16060.7,19272.8,0.923,cloud_heavy
4481,17,186,15645.5,18774.7,0.8912,cloud_heavy
4482,18,186,15486.5,18583.8,0.8504,cloud_heavy
4483,19,186,14957.8,17949.4,0.8033,cloud_heavy
4484,20,186,14420.2,17304.2,0.7533,cloud_heavy
4485,21,186,13665.4,16398.5,0.7032,cloud_heavy
4486,22,186,14180.6,17016.8,0.6556,cloud_heavy
4487,23,186,12684.1,15220.9,0.6123,cloud_heavy
4488,0,187,11965.5,14358.6,0.473,cloud_heavy
4489,1,187,11795.9,14155.1,0.4835,cloud_heavy
4490,2,187,12673.7,15208.5,0.4974,cloud_heavy
4491,3,187,11871.7,14246.0,0.5152,cloud_heavy
4492,4,187,12132.1,14558.5,0.5373,cloud_heavy
4493,5,187,12280.4,14736.5,0.5636,cloud_heavy
4494,6,187,13052.5,15663.0,0.5939,cloud_heavy
4495,7,187,12688.8,15226.6,0.6272,cloud_heavy
4496,8,187,13362.3,16034.7,0.6623,cloud_heavy
4497,9,187,12983.3,15580.0,0.6973,cloud_heavy
4498,10,187,14285.1,17142.1,0.7303,cloud_heavy
4499,11,187,14229.5,17075.4,0.7589,cloud_heavy
4500,12,187,13996.8,16796.2,0.7811,cloud_heavy
4501,13,187,15261.9,18314.3,0.7952,cloud_heavy
4502,14,187,14243.4,17092.1,0.8,cloud_heavy
4503,15,187,15133.9,18160.7,0.7952,cloud_heavy
4504,16,187,14342.7,17211.2,0.7811,cloud_heavy
4505,17,187,15140.4,18168.5,0.7589,cloud_heavy
4506,18,187,14501.7,17402.1,0.7303,cloud_heavy
4507,19,187,13459.8,16151.8,0.6973,cloud_heavy
4508,20,187,13183.9,15820.7,0.6623,cloud_heavy
4509,21,187,13474.4,16169.2,0.6272,cloud_heavy
4510,22,187,12825.3,15390.4,0.5939,cloud_heavy
4511,23,187,12584.2,15101.0,0.5636,cloud_heavy
4512,0,188,12264.8,14717.8,0.473,cloud_heavy
4513,1,188,11642.8,13971.4,0.4835,cloud_heavy
4514,2,188,12071.2,14485.5,0.4974,cloud_heavy
4515,3,188,12551.9,15062.3,0.5152,cloud_heavy
4516,4,188,12706.9,15248.2,0.5373,cloud_heavy
4517,5,188,12587.8,15105.4,0.5636,cloud_heavy
4518,6,188,12815.0,15378.0,0.5939,cloud_heavy
4519,7,188,12543.6,15052.3,0.6272,cloud_heavy
4520,8,188,13127.3,15752.8,0.6623,cloud_heavy
4521,9,188,14012.1,16814.5,0.6973,cloud_heavy
4522,10,188,14124.1,16949.0,0.7303,cloud_heavy
4523,11,188,14478.8,17374.5,0.7589,cloud_heavy
4524,12,188,15107.6,18129.1,0.7811,cloud_heavy
4525,13,188,14254.1,17104.9,0.7952,cloud_heavy
4526,14,188,14720.0,17664.0,0.8,cloud_heavy
4527,15,188,14864.2,17837.1,0.7952,cloud_heavy
4528,16,188,14341.3,17209.6,0.7811,cloud_heavy
4529,17,188,15066.7,18080.0,0.7589,cloud_heavy
4530,18,188,14569.4,17483.3,0.7303,cloud_heavy
4531,19,188,14000.4,16800.4,0.6973,cloud_heavy
4532,20,188,14286.6,17143.9,0.6623,cloud_heavy
4533,21,188,12638.9,15166.6,0.6272,cloud_heavy
4534,22,188,12924.1,15508.9,0.5939,cloud_heavy
4535,23,188,12787.4,15344.9,0.5636,cloud_heavy
4536,0,189,11578.1,13893.7,0.4829,cloud_heavy
4537,1,189,12151.0,14581.2,0.4978,cloud_heavy
4538,2,189,11819.3,14183.2,0.5177,cloud_heavy
4539,3,189,12717.8,15261.4,0.5431,cloud_heavy
4540,4,189,13154.8,15785.7,0.5747,cloud_heavy
4541,5,189,13203.8,15844.6,0.6123,cloud_heavy
4542,6,189,12744.8,15293.8,0.6556,cloud_heavy
4543,7,189,13529.2,16235.1,0.7032,cloud_heavy
4544,8,189,14638.5,17566.2,0.7533,cloud_heavy
4545,9,189,14865.1,17838.1,0.8033,cloud_heavy
4546,10,189,14053.2,16863.8,0.8504,cloud_heavy
4547,11,189,16249.3,19499.2,0.8912,cloud_heavy
4548,12,189,16022.9,19227.4,0.923,cloud_heavy
4549,13,189,15746.1,18895.3,0.9431,cloud_heavy
4550,14,189,16690.0,20028.0,0.95,cloud_heavy
4551,15,189,15814.6,18977.5,0.9431,cloud_heavy
4552,16,189,15627.9,18753.4,0.923,cloud_heavy
4553,17,189,15833.7,19000.4,0.8912,cloud_heavy
4554,18,189,16105.7,19326.9,0.8504,cloud_heavy
4555,19,189,15579.2,18695.0,0.8033,cloud_heavy
4556,20,189,14550.0,17460.0,0.7533,cloud_heavy
4557,21,189,14126.6,16951.9,0.7032,cloud_heavy
4558,22,189,13815.3,16578.4,0.6556,cloud_heavy
4559,23,189,12603.0,15123.6,0.6123,cloud_heavy
4560,0,190,12134.8,14561.7,0.4829,cloud_heavy
4561,1,190,11777.2,14132.6,0.4978,cloud_heavy
4562,2,190,12342.0,14810.4,0.5177,cloud_heavy
4563,3,190,12374.7,14849.6,0.5431,cloud_heavy
4564,4,190,12941.9,15530.2,0.5747,cloud_heavy
4565,5,190,13143.2,15771.9,0.6123,cloud_heavy
4566,6,190,12250.8,14701.0,0.6556,cloud_heavy
4567,7,190,14008.1,16809.7,0.7032,cloud_heavy
4568,8,190,14672.0,17606.4,0.7533,cloud_heavy
4569,9,190,15054.3,18065.2,0.8033,cloud_heavy
4570,10,190,15241.8,18290.1,0.8504,cloud_heavy
4571,11,190,16437.0,19724.4,0.8912,cloud_heavy
4572,12,190,16106.5,19327.8,0.923,cloud_heavy
4573,13,190,16354.7,19625.6,0.9431,cloud_heavy
4574,14,190,16714.1,20056.9,0.95,cloud_heavy
4575,15,190,16318.3,19582.0,0.9431,cloud_heavy
4576,16,190,15527.5,18633.0,0.923,cloud_heavy
4577,17,190,14519.3,17423.2,0.8912,cloud_heavy
4578,18,190,15070.0,18084.0,0.8504,cloud_heavy
4579,19,190,15194.7,18233.7,0.8033,cloud_heavy
4580,20,190,14242.2,17090.6,0.7533,cloud_heavy
4581,21,190,14268.2,17121.9,0.7032,cloud_heavy
4582,22,190,13555.1,16266.2,0.6556,cloud_heavy
4583,23,190,13602.9,16323.5,0.6123,cloud_heavy
4584,0,191,11799.3,14159.1,0.4829,cloud_heavy
4585,1,191,12211.3,14653.6,0.4978,cloud_heavy
4586,2,191,12410.7,14892.9,0.5177,cloud_heavy
4587,3,191,13021.0,15625.2,0.5431,cloud_heavy
4588,4,191,12097.3,14516.8,0.5747,cloud_heavy
4589,5,191,12916.7,15500.1,0.6123,cloud_heavy
4590,6,191,13838.4,16606.1,0.6556,cloud_heavy
4591,7,191,14579.5,17495.4,0.7032,cloud_heavy
4592,8,191,14498.3,17398.0,0.7533,cloud_heavy
4593,9,191,14725.2,17670.2,0.8033,cloud_heavy
4594,10,191,15636.1,18763.3,0.8504,cloud_heavy
4595,11,191,16073.5,19288.2,0.8912,cloud_heavy
4596,12,191,15785.3,18942.3,0.923,cloud_heavy
4597,13,191,16302.7,19563.2,0.9431,cloud_heavy
4598,14,191,16780.2,20136.2,0.95,cloud_heavy
4599,15,191,17058.3,20469.9,0.9431,cloud_heavy
4600,16,191,16312.9,19575.5,0.923,cloud_heavy
4601,17,191,15686.0,18823.2,0.8912,cloud_heavy
4602,18,191,15264.0,18316.8,0.8504,cloud_heavy
4603,19,191,15104.0,18124.8,0.8033,cloud_heavy
4604,20,191,14344.7,17213.6,0.7533,cloud_heavy
4605,21,191,14012.6,16815.1,0.7032,cloud_heavy
4606,22,191,13066.6,15680.0,0.6556,cloud_heavy
4607,23,191,13606.5,16327.7,0.6123,cloud_heavy
4608,0,192,11497.5,13797.0,0.4829,cloud_heavy
4609,1,192,11886.3,14263.5,0.4978,cloud_heavy
4610,2,192,12261.0,14713.2,0.5177,cloud_heavy
4611,3,192,13203.9,15844.7,0.5431,cloud_heavy
4612,4,192,12588.5,15106.2,0.5747,cloud_heavy
4613,5,192,12835.2,15402.2,0.6123,cloud_heavy
4614,6,192,13271.9,15926.3,0.6556,cloud_heavy
4615,7,192,14626.8,17552.1,0.7032,cloud_heavy
4616,8,192,13180.2,15816.2,0.7533,cloud_heavy
4617,9,192,14408.7,17290.5,0.8033,cloud_heavy
4618,10,192,16541.6,19849.9,0.8504,cloud_heavy
4619,11,192,15942.9,19131.5,0.8912,cloud_heavy
4620,12,192,15428.0,18513.6,0.923,cloud_heavy
4621,13,192,16122.4,19346.9,0.9431,cloud_heavy
4622,14,192,16239.0,19486.9,0.95,cloud_heavy
4623,15,192,16552.5,19863.0,0.9431,cloud_heavy
4624,16,192,16838.1,20205.7,0.923,cloud_heavy
4625,17,192,15847.8,19017.4,0.8912,cloud_heavy
4626,18,192,15041.2,18049.5,0.8504,cloud_heavy
4627,19,192,15206.4,18247.7,0.8033,cloud_heavy
4628,20,192,14093.1,16911.7,0.7533,cloud_heavy
4629,21,192,13501.4,16201.7,0.7032,cloud_heavy
4630,22,192,12782.4,15338.9,0.6556,cloud_heavy
4631,23,192,12481.9,14978.3,0.6123,cloud_heavy
4632,0,193,11584.6,13901.5,0.4829,cloud_heavy
4633,1,193,11616.9,13940.3,0.4978,cloud_heavy
4634,2,193,12340.1,14808.1,0.5177,cloud_heavy
4635,3,193,12011.4,14413.7,0.5431,cloud_heavy
4636,4,193,11547.7,13857.2,0.5747,cloud_heavy
4637,5,193,12686.7,15224.0,0.6123,cloud_heavy
4638,6,193,13303.9,15964.7,0.6556,cloud_heavy
4639,7,193,13680.3,16416.3,0.7032,cloud_heavy
4640,8,193,15050.8,18061.0,0.7533,cloud_heavy
4641,9,193,14582.2,17498.6,0.8033,cloud_heavy
4642,10,193,15692.9,18831.4,0.8504,cloud_heavy
4643,11,193,15656.3,18787.6,0.8912,cloud_heavy
4644,12,193,15937.2,19124.6,0.923,cloud_heavy
4645,13,193,15738.2,18885.8,0.9431,cloud_heavy
4646,14,193,16177.7,19413.2,0.95,cloud_heavy
4647,15,193,15772.2,18926.7,0.9431,cloud_heavy
4648,16,193,16038.8,19246.6,0.923,cloud_heavy
4649,17,193,15554.2,18665.1,0.8912,cloud_heavy
4650,18,193,14855.5,17826.7,0.8504,cloud_heavy
4651,19,193,15297.7,18357.2,0.8033,cloud_heavy
4652,20,193,14579.0,17494.8,0.7533,cloud_heavy
4653,21,193,13746.0,16495.3,0.7032,cloud_heavy
4654,22,193,13553.8,16264.6,0.6556,cloud_heavy
4655,23,193,13063.9,15676.7,0.6123,cloud_heavy
4656,0,194,11506.4,13807.7,0.473,cloud_heavy
4657,1,194,11935.5,14322.6,0.4835,cloud_heavy
4658,2,194,11814.0,14176.8,0.4974,cloud_heavy
4659,3,194,11856.5,14227.8,0.5152,cloud_heavy
4660,4,194,11801.8,14162.1,0.5373,cloud_heavy
4661,5,194,12512.3,15014.8,0.5636,cloud_heavy
4662,6,194,13146.9,15776.3,0.5939,cloud_heavy
4663,7,194,12958.2,15549.8,0.6272,cloud_heavy
4664,8,194,14582.1,17498.5,0.6623,cloud_heavy
4665,9,194,14248.3,17098.0,0.6973,cloud_heavy
4666,10,194,14737.8,17685.3,0.7303,cloud_heavy
4667,11,194,14790.9,17749.1,0.7589,cloud_heavy
4668,12,194,15465.2,18558.3,0.7811,cloud_heavy
4669,13,194,14431.6,17317.9,0.7952,cloud_heavy
4670,14,194,13686.1,16423.3,0.8,cloud_heavy
4671,15,194,14582.7,17499.3,0.7952,cloud_heavy
4672,16,194,14896.2,17875.4,0.7811,cloud_heavy
4673,17,194,14512.0,17414.4,0.7589,cloud_heavy
4674,18,194,14300.0,17160.0,0.7303,cloud_heavy
4675,19,194,14429.6,17315.5,0.6973,cloud_heavy
4676,20,194,13712.3,16454.7,0.6623,cloud_heavy
4677,21,194,13551.1,16261.4,0.6272,cloud_heavy
4678,22,194,12562.7,15075.2,0.5939,cloud_heavy
4679,23,194,12232.8,14679.3,0.5636,cloud_heavy
4680,0,195,12386.0,14863.2,0.473,cloud_heavy
4681,1,195,11946.4,14335.6,0.4835,cloud_heavy
4682,2,195,11813.2,14175.8,0.4974,cloud_heavy
4683,3,195,11974.9,14369.9,0.5152,cloud_heavy
4684,4,195,12164.1,14597.0,0.5373,cloud_heavy
4685,5,195,12379.4,14855.3,0.5636,cloud_heavy
4686,6,195,12429.4,14915.3,0.5939,cloud_heavy
4687,7,195,12638.3,15165.9,0.6272,cloud_heavy
4688,8,195,13477.6,16173.1,0.6623,cloud_heavy
4689,9,195,13632.7,16359.2,0.6973,cloud_heavy
4690,10,195,14653.9,17584.6,0.7303,cloud_heavy
4691,11,195,14573.3,17488.0,0.7589,cloud_heavy
4692,12,195,14767.4,17720.9,0.7811,cloud_heavy
4693,13,195,14451.0,17341.2,0.7952,cloud_heavy
4694,14,195,14771.2,17725.4,0.8,cloud_heavy
4695,15,195,14940.6,17928.7,0.7952,cloud_heavy
4696,16,195,14965.6,17958.7,0.7811,cloud_heavy
4697,17,195,14405.6,17286.7,0.7589,cloud_heavy
4698,18,195,14641.9,17570.3,0.7303,cloud_heavy
4699,19,195,13882.9,16659.5,0.6973,cloud_heavy
4700,20,195,13879.3,16655.2,0.6623,cloud_heavy
4701,21,195,13039.5,15647.4,0.6272,cloud_heavy
4702,22,195,12224.1,14668.9,0.5939,cloud_heavy
4703,23,195,12750.2,15300.3,0.5636,cloud_heavy
4704,0,196,12163.8,14596.5,0.4829,cloud_heavy
4705,1,196,12250.3,14700.3,0.4978,cloud_heavy
4706,2,196,12380.0,14856.0,0.5177,cloud_heavy
4707,3,196,12329.4,14795.3,0.5431,cloud_heavy
4708,4,196,12441.6,14929.9,0.5747,cloud_heavy
4709,5,196,13313.6,15976.3,0.6123,cloud_heavy
4710,6,196,13667.6,16401.1,0.6556,cloud_heavy
4711,7,196,13698.9,16438.7,0.7032,cloud_heavy
4712,8,196,14873.7,17848.5,0.7533,cloud_heavy
4713,9,196,14462.1,17354.6,0.8033,cloud_heavy
4714,10,196,15021.2,18025.4,0.8504,cloud_heavy
4715,11,196,16434.3,19721.2,0.8912,cloud_heavy
4716,12,196,16373.2,19647.9,0.923,cloud_heavy
4717,13,196,15969.4,19163.2,0.9431,cloud_heavy
4718,14,196,16346.0,19615.2,0.95,cloud_heavy
4719,15,196,16217.7,19461.3,0.9431,cloud_heavy
4720,16,196,14643.0,17571.7,0.923,cloud_heavy
4721,17,196,15239.2,18287.1,0.8912,cloud_heavy
4722,18,196,15265.5,18318.6,0.8504,cloud_heavy
4723,19,196,14696.7,17636.0,0.8033,cloud_heavy
4724,20,196,14501.4,17401.6,0.7533,cloud_heavy
4725,21,196,14405.5,17286.6,0.7032,cloud_heavy
4726,22,196,13364.7,16037.7,0.6556,cloud_heavy
4727,23,196,12681.3,15217.5,0.6123,cloud_heavy
4728,0,197,12020.7,14424.9,0.4829,cloud_heavy
4729,1,197,11924.4,14309.3,0.4978,cloud_heavy
4730,2,197,12168.0,14601.5,0.5177,cloud_heavy
4731,3,197,12350.6,14820.8,0.5431,cloud_heavy
4732,4,197,13607.7,16329.2,0.5747,cloud_heavy
4733,5,197,12216.5,14659.7,0.6123,cloud_heavy
4734,6,197,13337.7,16005.2,0.6556,cloud_heavy
4735,7,197,13931.8,16718.2,0.7032,cloud_heavy
4736,8,197,14057.3,16868.8,0.7533,cloud_heavy
4737,9,197,15256.6,18308.0,0.8033,cloud_heavy
4738,10,197,15661.8,18794.2,0.8504,cloud_heavy
4739,11,197,15642.8,18771.4,0.8912,cloud_heavy
4740,12,197,15827.9,18993.4,0.923,cloud_heavy
4741,13,197,16088.5,19306.2,0.9431,cloud_heavy
4742,14,197,16155.3,19386.4,0.95,cloud_heavy
4743,15,197,16104.8,19325.7,0.9431,cloud_heavy
4744,16,197,15867.4,19040.9,0.923,cloud_heavy
4745,17,197,15783.9,18940.7,0.8912,cloud_heavy
4746,18,197,15634.3,18761.1,0.8504,cloud_heavy
4747,19,197,14307.3,17168.8,0.8033,cloud_heavy
4748,20,197,13940.9,16729.1,0.7533,cloud_heavy
4749,21,197,13202.5,15842.9,0.7032,cloud_heavy
4750,22,197,13845.7,16614.8,0.6556,cloud_heavy
4751,23,197,13195.2,15834.2,0.6123,cloud_heavy
4752,0,198,12085.2,14502.2,0.4829,cloud_heavy
4753,1,198,11526.0,13831.2,0.4978,cloud_heavy
4754,2,198,12879.8,15455.8,0.5177,cloud_heavy
4755,3,198,12232.1,14678.5,0.5431,cloud_heavy
4756,4,198,12814.5,15377.4,0.5747,cloud_heavy
4757,5,198,13432.5,16119.0,0.6123,cloud_heavy
4758,6,198,13095.3,15714.4,0.6556,cloud_heavy
4759,7,198,13705.0,16446.0,0.7032,cloud_heavy
4760,8,198,14472.0,17366.4,0.7533,cloud_heavy
4761,9,198,16129.1,19354.9,0.8033,cloud_heavy
4762,10,198,15426.9,18512.3,0.8504,cloud_heavy
4763,11,198,16420.2,19704.2,0.8912,cloud_heavy
4764,12,198,16534.6,19841.5,0.923,cloud_heavy
4765,13,198,16321.0,19585.2,0.9431,cloud_heavy
4766,14,198,15725.3,18870.4,0.95,cloud_heavy
4767,15,198,16656.0,19987.2,0.9431,cloud_heavy
4768,16,198,15240.3,18288.3,0.923,cloud_heavy
4769,17,198,16417.6,19701.1,0.8912,cloud_heavy
4770,18,198,15380.5,18456.7,0.8504,cloud_heavy
4771,19,198,13674.5,16409.4,0.8033,cloud_heavy
4772,20,198,14247.6,17097.1,0.7533,cloud_heavy
4773,21,198,14206.7,17048.0,0.7032,cloud_heavy
4774,22,198,13399.0,16078.7,0.6556,cloud_heavy
4775,23,198,13377.8,16053.3,0.6123,cloud_heavy
4776,0,199,11601.1,13921.4,0.4829,cloud_heavy
4777,1,199,11570.6,13884.7,0.4978,cloud_heavy
4778,2,199,12199.0,14638.8,0.5177,cloud_heavy
4779,3,199,12471.5,14965.8,0.5431,cloud_heavy
4780,4,199,12616.9,15140.3,0.5747,cloud_heavy
4781,5,199,13579.0,16294.9,0.6123,cloud_heavy
4782,6,199,13150.7,15780.9,0.6556,cloud_heavy
4783,7,199,14064.2,16877.1,0.7032,cloud_heavy
4784,8,199,14424.0,17308.8,0.7533,cloud_heavy
4785,9,199,14161.8,16994.2,0.8033,cloud_heavy
4786,10,199,14683.8,17620.6,0.8504,cloud_heavy
4787,11,199,15670.8,18805.0,0.8912,cloud_heavy
4788,12,199,16905.9,20287.1,0.923,cloud_heavy
4789,13,199,16423.3,19707.9,0.9431,cloud_heavy
4790,14,199,15367.3,18440.7,0.95,cloud_heavy
4791,15,199,14636.4,17563.7,0.9431,cloud_heavy
4792,16,199,16308.4,19570.0,0.923,cloud_heavy
4793,17,199,15620.0,18744.0,0.8912,cloud_heavy
4794,18,199,15812.3,18974.7,0.8504,cloud_heavy
4795,19,199,14463.1,17355.7,0.8033,cloud_heavy
4796,20,199,14545.9,17455.1,0.7533,cloud_heavy
4797,21,199,14287.0,17144.4,0.7032,cloud_heavy
4798,22,199,13313.8,15976.5,0.6556,cloud_heavy
4799,23,199,12929.4,15515.3,0.6123,cloud_heavy
4800,0,200,11913.7,14296.5,0.4829,cloud_heavy
4801,1,200,12238.5,14686.1,0.4978,cloud_heavy
4802,2,200,12219.9,14663.9,0.5177,cloud_heavy
4803,3,200,12823.8,15388.5,0.5431,cloud_heavy
4804,4,200,12573.5,15088.1,0.5747,cloud_heavy
4805,5,200,12574.9,15089.9,0.6123,cloud_heavy
4806,6,200,14295.3,17154.3,0.6556,cloud_heavy
4807,7,200,13680.6,16416.7,0.7032,cloud_heavy
4808,8,200,14149.2,16979.0,0.7533,cloud_heavy
4809,9,200,14826.3,17791.5,0.8033,cloud_heavy
4810,10,200,15319.6,18383.6,0.8504,cloud_heavy
4811,11,200,15483.5,18580.2,0.8912,cloud_heavy
4812,12,200,15949.1,19138.9,0.923,cloud_heavy
4813,13,200,16123.5,19348.2,0.9431,cloud_heavy
4814,14,200,16291.2,19549.5,0.95,cloud_heavy
4815,15,200,15001.1,18001.3,0.9431,cloud_heavy
4816,16,200,16857.9,20229.4,0.923,cloud_heavy
4817,17,200,15596.0,18715.2,0.8912,cloud_heavy
4818,18,200,15555.1,18666.1,0.8504,cloud_heavy
4819,19,200,14241.4,17089.7,0.8033,cloud_heavy
4820,20,200,14191.3,17029.5,0.7533,cloud_heavy
4821,21,200,13652.3,16382.8,0.7032,cloud_heavy
4822,22,200,14089.9,16907.9,0.6556,cloud_heavy
4823,23,200,12866.7,15440.0,0.6123,cloud_heavy
4824,0,201,12082.6,14499.1,0.473,cloud_heavy
4825,1,201,11677.9,14013.5,0.4835,cloud_heavy
4826,2,201,11874.8,14249.8,0.4974,cloud_heavy
4827,3,201,12112.5,14535.0,0.5152,cloud_heavy
4828,4,201,12883.5,15460.2,0.5373,cloud_heavy
4829,5,201,11931.3,14317.6,0.5636,cloud_heavy
4830,6,201,12416.8,14900.2,0.5939,cloud_heavy
4831,7,201,12460.8,14953.0,0.6272,cloud_heavy
4832,8,201,13114.6,15737.5,0.6623,cloud_heavy
4833,9,201,13541.6,16249.9,0.6973,cloud_heavy
4834,10,201,13495.9,16195.0,0.7303,cloud_heavy
4835,11,201,14128.1,16953.8,0.7589,cloud_heavy
4836,12,201,13765.3,16518.4,0.7811,cloud_heavy
4837,13,201,14329.2,17195.0,0.7952,cloud_heavy
4838,14,201,15358.9,18430.7,0.8,cloud_heavy
4839,15,201,14959.5,17951.4,0.7952,cloud_heavy
4840,16,201,14733.2,17679.9,0.7811,cloud_heavy
4841,17,201,14011.7,16814.0,0.7589,cloud_heavy
4842,18,201,13529.2,16235.1,0.7303,cloud_heavy
4843,19,201,13405.2,16086.3,0.6973,cloud_heavy
4844,20,201,13539.3,16247.2,0.6623,cloud_heavy
4845,21,201,13578.6,16294.4,0.6272,cloud_heavy
4846,22,201,13277.0,15932.4,0.5939,cloud_heavy
4847,23,201,12887.7,15465.2,0.5636,cloud_heavy
4848,0,202,11552.5,13863.0,0.473,cloud_heavy
4849,1,202,11919.1,14302.9,0.4835,cloud_heavy
4850,2,202,11922.2,14306.6,0.4974,cloud_heavy
4851,3,202,12128.8,14554.5,0.5152,cloud_heavy
4852,4,202,13163.9,15796.7,0.5373,cloud_heavy
4853,5,202,11979.8,14375.8,0.5636,cloud_heavy
4854,6,202,12836.1,15403.3,0.5939,cloud_heavy
4855,7,202,13715.0,16458.1,0.6272,cloud_heavy
4856,8,202,12960.7,15552.8,0.6623,cloud_heavy
4857,9,202,13611.5,16333.8,0.6973,cloud_heavy
4858,10,202,13957.7,16749.2,0.7303,cloud_heavy
4859,11,202,14349.5,17219.4,0.7589,cloud_heavy
4860,12,202,13949.4,16739.2,0.7811,cloud_heavy
4861,13,202,15044.5,18053.4,0.7952,cloud_heavy
4862,14,202,15121.3,18145.6,0.8,cloud_heavy
4863,15,202,15006.0,18007.2,0.7952,cloud_heavy
4864,16,202,14268.3,17121.9,0.7811,cloud_heavy
4865,17,202,14483.8,17380.5,0.7589,cloud_heavy
4866,18,202,13800.1,16560.1,0.7303,cloud_heavy
4867,19,202,13741.1,16489.3,0.6973,cloud_heavy
4868,20,202,14432.7,17319.3,0.6623,cloud_heavy
4869,21,202,13272.0,15926.3,0.6272,cloud_heavy
4870,22,202,12466.5,14959.8,0.5939,cloud_heavy
4871,23,202,12716.8,15260.2,0.5636,cloud_heavy
4872,0,203,11421.9,13706.3,0.4829,cloud_heavy
4873,1,203,11609.2,13931.1,0.4978,cloud_heavy
4874,2,203,11843.4,14212.0,0.5177,cloud_heavy
4875,3,203,12293.6,14752.3,0.5431,cloud_heavy
4876,4,203,13108.5,15730.2,0.5747,cloud_heavy
4877,5,203,13324.1,15988.9,0.6123,cloud_heavy
4878,6,203,13706.6,16448.0,0.6556,cloud_heavy
4879,7,203,13474.0,16168.8,0.7032,cloud_heavy
4880,8,203,14160.9,16993.1,0.7533,cloud_heavy
4881,9,203,14976.8,17972.2,0.8033,cloud_heavy
4882,10,203,15000.6,18000.7,0.8504,cloud_heavy
4883,11,203,15534.4,18641.3,0.8912,cloud_heavy
4884,12,203,16168.7,19402.5,0.923,cloud_heavy
4885,13,203,15973.8,19168.6,0.9431,cloud_heavy
4886,14,203,16316.2,19579.4,0.95,cloud_heavy
4887,15,203,16914.1,20296.9,0.9431,cloud_heavy
4888,16,203,15875.2,19050.2,0.923,cloud_heavy
4889,17,203,16219.5,19463.4,0.8912,cloud_heavy
4890,18,203,15545.4,18654.4,0.8504,cloud_heavy
4891,19,203,14201.7,17042.0,0.8033,cloud_heavy
4892,20,203,13918.7,16702.4,0.7533,cloud_heavy
4893,21,203,13584.9,16301.9,0.7032,cloud_heavy
4894,22,203,13148.8,15778.6,0.6556,cloud_heavy
4895,23,203,13061.4,15673.6,0.6123,cloud_heavy
4896,0,204,12124.2,14549.1,0.4829,cloud_heavy
4897,1,204,12495.9,14995.0,0.4978,cloud_heavy
4898,2,204,12338.2,14805.9,0.5177,cloud_heavy
4899,3,204,12293.1,14751.7,0.5431,cloud_heavy
4900,4,204,11953.7,14344.4,0.5747,cloud_heavy
4901,5,204,13124.6,15749.5,0.6123,cloud_heavy
4902,6,204,13505.3,16206.4,0.6556,cloud_heavy
4903,7,204,14009.8,16811.8,0.7032,cloud_heavy
4904,8,204,15304.2,18365.1,0.7533,cloud_heavy
4905,9,204,15408.5,18490.2,0.8033,cloud_heavy
4906,10,204,15648.9,18778.7,0.8504,cloud_heavy
4907,11,204,15213.1,18255.7,0.8912,cloud_heavy
4908,12,204,15711.9,18854.2,0.923,cloud_heavy
4909,13,204,16096.8,19316.2,0.9431,cloud_heavy
4910,14,204,15829.3,18995.1,0.95,cloud_heavy
4911,15,204,16385.1,19662.1,0.9431,cloud_heavy
4912,16,204,16128.3,19354.0,0.923,cloud_heavy
4913,17,204,15153.8,18184.5,0.8912,cloud_heavy
4914,18,204,15837.7,19005.3,0.8504,cloud_heavy
4915,19,204,14901.2,17881.4,0.8033,cloud_heavy
4916,20,204,13648.0,16377.6,0.7533,cloud_heavy
4917,21,204,13911.9,16694.3,0.7032,cloud_heavy
4918,22,204,13608.8,16330.5,0.6556,cloud_heavy
4919,23,204,13479.1,16174.9,0.6123,cloud_heavy
4920,0,205,11784.2,14141.0,0.4829,cloud_heavy
4921,1,205,12341.5,14809.8,0.4978,cloud_heavy
4922,2,205,12293.8,14752.6,0.5177,cloud_heavy
4923,3,205,11968.1,14361.8,0.5431,cloud_heavy
4924,4,205,12208.8,14650.6,0.5747,cloud_heavy
4925,5,205,13537.9,16245.5,0.6123,cloud_heavy
4926,6,205,13979.1,16774.9,0.6556,cloud_heavy
4927,7,205,14068.3,16882.0,0.7032,cloud_heavy
4928,8,205,15040.6,18048.7,0.7533,cloud_heavy
4929,9,205,15326.5,18391.8,0.8033,cloud_heavy
4930,10,205,15602.4,18722.8,0.8504,cloud_heavy
4931,11,205,15237.0,18284.4,0.8912,cloud_heavy
4932,12,205,16786.3,20143.6,0.923,cloud_heavy
4933,13,205,16402.5,19683.0,0.9431,cloud_heavy
4934,14,205,16018.7,19222.4,0.95,cloud_heavy
4935,15,205,15819.1,18982.9,0.9431,cloud_heavy
4936,16,205,16080.4,19296.4,0.923,cloud_heavy
4937,17,205,14879.9,17855.9,0.8912,cloud_heavy
4938,18,205,15609.7,18731.7,0.8504,cloud_heavy
4939,19,205,14430.6,17316.8,0.8033,cloud_heavy
4940,20,205,14554.7,17465.6,0.7533,cloud_heavy
4941,21,205,13715.3,16458.4,0.7032,cloud_heavy
4942,22,205,13387.9,16065.4,0.6556,cloud_heavy
4943,23,205,12799.4,15359.3,0.6123,cloud_heavy
4944,0,206,11847.1,14216.6,0.4829,cloud_heavy
4945,1,206,12725.0,15270.0,0.4978,cloud_heavy
4946,2,206,12733.2,15279.8,0.5177,cloud_heavy
4947,3,206,12592.2,15110.6,0.5431,cloud_heavy
4948,4,206,12740.5,15288.6,0.5747,cloud_heavy
4949,5,206,13428.5,16114.2,0.6123,cloud_heavy
4950,6,206,13952.4,16742.9,0.6556,cloud_heavy
4951,7,206,13586.5,16303.8,0.7032,cloud_heavy
4952,8,206,14361.2,17233.5,0.7533,cloud_heavy
4953,9,206,14043.6,16852.3,0.8033,cloud_heavy
4954,10,206,15803.9,18964.7,0.8504,cloud_heavy
4955,11,206,16635.7,19962.9,0.8912,cloud_heavy
4956,12,206,15995.8,19194.9,0.923,cloud_heavy
4957,13,206,15113.6,18136.4,0.9431,cloud_heavy
4958,14,206,16502.3,19802.7,0.95,cloud_heavy
4959,15,206,15704.9,18845.9,0.9431,cloud_heavy
4960,16,206,15639.9,18767.9,0.923,cloud_heavy
4961,17,206,15959.7,19151.7,0.8912,cloud_heavy
4962,18,206,15405.6,18486.7,0.8504,cloud_heavy
4963,19,206,14638.1,17565.7,0.8033,cloud_heavy
4964,20,206,14114.1,16937.0,0.7533,cloud_heavy
4965,21,206,13985.9,16783.1,0.7032,cloud_heavy
4966,22,206,13329.1,15995.0,0.6556,cloud_heavy
4967,23,206,12661.0,15193.2,0.6123,cloud_heavy
4968,0,207,11785.9,14143.1,0.4829,cloud_heavy
4969,1,207,12165.1,14598.1,0.4978,cloud_heavy
4970,2,207,12159.9,14591.8,0.5177,cloud_heavy
4971,3,207,11931.3,14317.6,0.5431,cloud_heavy
4972,4,207,13128.5,15754.2,0.5747,cloud_heavy
4973,5,207,12020.7,14424.9,0.6123,cloud_heavy
4974,6,207,13314.2,15977.0,0.6556,cloud_heavy
4975,7,207,13674.1,16408.9,0.7032,cloud_heavy
4976,8,207,14458.6,17350.4,0.7533,cloud_heavy
4977,9,207,15105.9,18127.1,0.8033,cloud_heavy
4978,10,207,15805.6,18966.7,0.8504,cloud_heavy
4979,11,207,15330.4,18396.5,0.8912,cloud_heavy
4980,12,207,16238.2,19485.9,0.923,cloud_heavy
4981,13,207,16237.6,19485.1,0.9431,cloud_heavy
4982,14,207,15374.1,18448.9,0.95,cloud_heavy
4983,15,207,17063.1,20475.8,0.9431,cloud_heavy
4984,16,207,15268.7,18322.4,0.923,cloud_heavy
4985,17,207,15862.4,19034.9,0.8912,cloud_heavy
4986,18,207,15467.7,18561.2,0.8504,cloud_heavy
4987,19,207,14978.5,17974.1,0.8033,cloud_heavy
4988,20,207,14181.1,17017.3,0.7533,cloud_heavy
4989,21,207,14279.1,17135.0,0.7032,cloud_heavy
4990,22,207,12863.2,15435.8,0.6556,cloud_heavy
4991,23,207,13071.0,15685.2,0.6123,cloud_heavy
4992,0,208,11614.1,13936.9,0.473,cloud_heavy
4993,1,208,11668.3,14002.0,0.4835,cloud_heavy
4994,2,208,12193.1,14631.7,0.4974,cloud_heavy
4995,3,208,12596.9,15116.2,0.5152,cloud_heavy
4996,4,208,12278.0,14733.6,0.5373,cloud_heavy
4997,5,208,12944.6,15533.6,0.5636,cloud_heavy
4998,6,208,12946.4,15535.6,0.5939,cloud_heavy
4999,7,208,12879.5,15455.4,0.6272,cloud_heavy
5000,8,208,13452.0,16142.4,0.6623,cloud_heavy
5001,9,208,13754.8,16505.8,0.6973,cloud_heavy
5002,10,208,13886.4,16663.7,0.7303,cloud_heavy
5003,11,208,14632.0,17558.4,0.7589,cloud_heavy
5004,12,208,14754.0,17704.8,0.7811,cloud_heavy
5005,13,208,14075.2,16890.3,0.7952,cloud_heavy
5006,14,208,14090.5,16908.6,0.8,cloud_heavy
5007,15,208,14968.9,17962.6,0.7952,cloud_heavy
5008,16,208,14292.5,17151.0,0.7811,cloud_heavy
5009,17,208,14577.2,17492.6,0.7589,cloud_heavy
5010,18,208,14515.1,17418.1,0.7303,cloud_heavy
5011,19,208,13350.3,16020.4,0.6973,cloud_heavy
5012,20,208,12982.8,15579.4,0.6623,cloud_heavy
5013,21,208,13898.7,16678.5,0.6272,cloud_heavy
5014,22,208,13063.4,15676.1,0.5939,cloud_heavy
5015,23,208,12489.3,14987.2,0.5636,cloud_heavy
5016,0,209,11482.9,13779.5,0.473,cloud_heavy
5017,1,209,11727.9,14073.5,0.4835,cloud_heavy
5018,2,209,11608.3,13929.9,0.4974,cloud_heavy
5019,3,209,12525.8,15031.0,0.5152,cloud_heavy
5020,4,209,12116.6,14540.0,0.5373,cloud_heavy
5021,5,209,13063.4,15676.0,0.5636,cloud_heavy
5022,6,209,12771.7,15326.0,0.5939,cloud_heavy
5023,7,209,12819.7,15383.7,0.6272,cloud_heavy
5024,8,209,13383.5,16060.2,0.6623,cloud_heavy
5025,9,209,12786.9,15344.3,0.6973,cloud_heavy
5026,10,209,14131.4,16957.7,0.7303,cloud_heavy
5027,11,209,14372.6,17247.1,0.7589,cloud_heavy
5028,12,209,15013.3,18016.0,0.7811,cloud_heavy
5029,13,209,13944.1,16733.0,0.7952,cloud_heavy
5030,14,209,15341.7,18410.1,0.8,cloud_heavy
5031,15,209,15144.4,18173.3,0.7952,cloud_heavy
5032,16,209,15201.1,18241.4,0.7811,cloud_heavy
5033,17,209,14423.4,17308.1,0.7589,cloud_heavy
5034,18,209,14614.2,17537.0,0.7303,cloud_heavy
5035,19,209,13266.9,15920.3,0.6973,cloud_heavy
5036,20,209,13846.9,16616.3,0.6623,cloud_heavy
5037,21,209,12927.8,15513.4,0.6272,cloud_heavy
5038,22,209,12286.6,14744.0,0.5939,cloud_heavy
5039,23,209,12221.9,14666.2,0.5636,cloud_heavy
5040,0,210,11906.7,14288.0,0.4829,cloud_heavy
5041,1,210,11744.6,14093.5,0.4978,cloud_heavy
5042,2,210,12363.1,14835.7,0.5177,cloud_heavy
5043,3,210,11783.8,14140.6,0.5431,cloud_heavy
5044,4,210,11936.5,14323.8,0.5747,cloud_heavy
5045,5,210,13636.1,16363.3,0.6123,cloud_heavy
5046,6,210,13860.8,16633.0,0.6556,cloud_heavy
5047,7,210,13494.7,16193.7,0.7032,cloud_heavy
5048,8,210,14393.4,17272.0,0.7533,cloud_heavy
5049,9,210,15310.0,18372.0,0.8033,cloud_heavy
5050,10,210,15481.1,18577.3,0.8504,cloud_heavy
5051,11,210,15734.9,18881.9,0.8912,cloud_heavy
5052,12,210,16481.7,19778.1,0.923,cloud_heavy
5053,13,210,15788.9,18946.6,0.9431,cloud_heavy
5054,14,210,16221.4,19465.7,0.95,cloud_heavy
5055,15,210,16134.1,19360.9,0.9431,cloud_heavy
5056,16,210,15826.9,18992.2,0.923,cloud_heavy
5057,17,210,15482.1,18578.5,0.8912,cloud_heavy
5058,18,210,15322.2,18386.7,0.8504,cloud_heavy
5059,19,210,14870.9,17845.1,0.8033,cloud_heavy
5060,20,210,13941.9,16730.3,0.7533,cloud_heavy
5061,21,210,14268.5,17122.2,0.7032,cloud_heavy
5062,22,210,13099.6,15719.6,0.6556,cloud_heavy
5063,23,210,13011.1,15613.3,0.6123,cloud_heavy
5064,0,211,11799.3,14159.1,0.4829,cloud_heavy
5065,1,211,12171.8,14606.1,0.4978,cloud_heavy
5066,2,211,11448.0,13737.6,0.5177,cloud_heavy
5067,3,211,12792.7,15351.3,0.5431,cloud_heavy
5068,4,211,12491.2,14989.4,0.5747,cloud_heavy
5069,5,211,13576.2,16291.4,0.6123,cloud_heavy
5070,6,211,13301.3,15961.6,0.6556,cloud_heavy
5071,7,211,13912.9,16695.5,0.7032,cloud_heavy
5072,8,211,15221.1,18265.3,0.7533,cloud_heavy
5073,9,211,14732.0,17678.4,0.8033,cloud_heavy
5074,10,211,15857.0,19028.4,0.8504,cloud_heavy
5075,11,211,15683.6,18820.3,0.8912,cloud_heavy
5076,12,211,16156.3,19387.6,0.923,cloud_heavy
5077,13,211,16176.6,19411.9,0.9431,cloud_heavy
5078,14,211,16618.5,19942.2,0.95,cloud_heavy
5079,15,211,15810.8,18972.9,0.9431,cloud_heavy
5080,16,211,15486.4,18583.6,0.923,cloud_heavy
5081,17,211,15365.1,18438.2,0.8912,cloud_heavy
5082,18,211,15334.5,18401.5,0.8504,cloud_heavy
5083,19,211,14757.2,17708.6,0.8033,cloud_heavy
5084,20,211,14701.4,17641.7,0.7533,cloud_heavy
5085,21,211,14478.7,17374.5,0.7032,cloud_heavy
5086,22,211,13099.8,15719.8,0.6556,cloud_heavy
5087,23,211,12808.5,15370.2,0.6123,cloud_heavy
5088,0,212,11391.8,13670.1,0.4829,cloud_heavy
5089,1,212,12775.9,15331.1,0.4978,cloud_heavy
5090,2,212,12336.9,14804.3,0.5177,cloud_heavy
5091,3,212,12639.0,15166.9,0.5431,cloud_heavy
5092,4,212,12237.5,14685.0,0.5747,cloud_heavy
5093,5,212,13096.4,15715.7,0.6123,cloud_heavy
5094,6,212,13701.1,16441.3,0.6556,cloud_heavy
5095,7,212,13827.7,16593.2,0.7032,cloud_heavy
5096,8,212,14859.2,17831.0,0.7533,cloud_heavy
5097,9,212,15885.9,19063.1,0.8033,cloud_heavy
5098,10,212,14854.4,17825.3,0.8504,cloud_heavy
5099,11,212,15184.9,18221.9,0.8912,cloud_heavy
5100,12,212,15537.2,18644.7,0.923,cloud_heavy
5101,13,212,16920.6,20304.7,0.9431,cloud_heavy
5102,14,212,16713.0,20055.6,0.95,cloud_heavy
5103,15,212,16077.1,19292.5,0.9431,cloud_heavy
5104,16,212,15974.9,19169.9,0.923,cloud_heavy
5105,17,212,15281.5,18337.8,0.8912,cloud_heavy
5106,18,212,15697.0,18836.4,0.8504,cloud_heavy
5107,19,212,14686.3,17623.6,0.8033,cloud_heavy
5108,20,212,14282.3,17138.8,0.7533,cloud_heavy
5109,21,212,14187.8,17025.4,0.7032,cloud_heavy
5110,22,212,13418.8,16102.6,0.6556,cloud_heavy
5111,23,212,13004.5,15605.4,0.6123,cloud_heavy
5112,0,213,11908.5,14290.2,0.4829,cloud_heavy
5113,1,213,12329.7,14795.7,0.4978,cloud_heavy
5114,2,213,12829.1,15394.9,0.5177,cloud_heavy
5115,3,213,12678.6,15214.3,0.5431,cloud_heavy
5116,4,213,13057.4,15668.9,0.5747,cloud_heavy
5117,5,213,13018.3,15622.0,0.6123,cloud_heavy
5118,6,213,13208.4,15850.0,0.6556,cloud_heavy
5119,7,213,14206.7,17048.0,0.7032,cloud_heavy
5120,8,213,14468.6,17362.3,0.7533,cloud_heavy
5121,9,213,14221.6,17065.9,0.8033,cloud_heavy
5122,10,213,15138.3,18166.0,0.8504,cloud_heavy
5123,11,213,15626.3,18751.5,0.8912,cloud_heavy
5124,12,213,15713.1,18855.7,0.923,cloud_heavy
5125,13,213,16860.3,20232.4,0.9431,cloud_heavy
5126,14,213,16439.5,19727.5,0.95,cloud_heavy
5127,15,213,16807.7,20169.3,0.9431,cloud_heavy
5128,16,213,16083.5,19300.3,0.923,cloud_heavy
5129,17,213,15703.5,18844.2,0.8912,cloud_heavy
5130,18,213,14859.2,17831.1,0.8504,cloud_heavy
5131,19,213,14860.9,17833.1,0.8033,cloud_heavy
5132,20,213,14400.3,17280.3,0.7533,cloud_heavy
5133,21,213,13361.9,16034.3,0.7032,cloud_heavy
5134,22,213,13276.5,15931.8,0.6556,cloud_heavy
5135,23,213,12969.8,15563.8,0.6123,cloud_heavy
5136,0,214,12052.4,14462.9,0.4829,cloud_heavy
5137,1,214,12209.1,14650.9,0.4978,cloud_heavy
5138,2,214,12012.0,14414.4,0.5177,cloud_heavy
5139,3,214,12635.0,15162.0,0.5431,cloud_heavy
5140,4,214,12680.5,15216.6,0.5747,cloud_heavy
5141,5,214,11969.3,14363.2,0.6123,cloud_heavy
5142,6,214,13298.7,15958.4,0.6556,cloud_heavy
5143,7,214,14384.4,17261.2,0.7032,cloud_heavy
5144,8,214,13668.4,16402.1,0.7533,cloud_heavy
5145,9,214,14905.8,17887.0,0.8033,cloud_heavy
5146,10,214,16015.9,19219.1,0.8504,cloud_heavy
5147,11,214,15307.8,18369.3,0.8912,cloud_heavy
5148,12,214,15958.5,19150.2,0.923,cloud_heavy
5149,13,214,15511.2,18613.5,0.9431,cloud_heavy
5150,14,214,16997.4,20396.9,0.95,cloud_heavy
5151,15,214,16102.4,19322.9,0.9431,cloud_heavy
5152,16,214,15979.8,19175.7,0.923,cloud_heavy
5153,17,214,16301.7,19562.1,0.8912,cloud_heavy
5154,18,214,15592.2,18710.7,0.8504,cloud_heavy
5155,19,214,14465.4,17358.4,0.8033,cloud_heavy
5156,20,214,14115.1,16938.2,0.7533,cloud_heavy
5157,21,214,14140.2,16968.3,0.7032,cloud_heavy
5158,22,214,13242.2,15890.7,0.6556,cloud_heavy
5159,23,214,12265.0,14718.0,0.6123,cloud_heavy
5160,0,215,11795.1,14154.1,0.473,cloud_heavy
5161,1,215,11381.4,13657.7,0.4835,cloud_heavy
5162,2,215,12622.0,15146.4,0.4974,cloud_heavy
5163,3,215,12267.1,14720.6,0.5152,cloud_heavy
5164,4,215,12068.8,14482.6,0.5373,cloud_heavy
5165,5,215,12383.3,14860.0,0.5636,cloud_heavy
5166,6,215,12194.3,14633.2,0.5939,cloud_heavy
5167,7,215,12797.5,15356.9,0.6272,cloud_heavy
5168,8,215,13970.2,16764.3,0.6623,cloud_heavy
5169,9,215,14808.8,17770.6,0.6973,cloud_heavy
5170,10,215,14491.9,17390.2,0.7303,cloud_heavy
5171,11,215,14406.4,17287.7,0.7589,cloud_heavy
5172,12,215,14461.0,17353.2,0.7811,cloud_heavy
5173,13,215,14356.4,17227.7,0.7952,cloud_heavy
5174,14,215,15741.1,18889.3,0.8,cloud_heavy
5175,15,215,14696.9,17636.2,0.7952,cloud_heavy
5176,16,215,15580.7,18696.8,0.7811,cloud_heavy
5177,17,215,15050.2,18060.3,0.7589,cloud_heavy
5178,18,215,13442.1,16130.5,0.7303,cloud_heavy
5179,19,215,13602.3,16322.7,0.6973,cloud_heavy
5180,20,215,13284.8,15941.7,0.6623,cloud_heavy
5181,21,215,13202.3,15842.7,0.6272,cloud_heavy
5182,22,215,12903.7,15484.4,0.5939,cloud_heavy
5183,23,215,13785.3,16542.4,0.5636,cloud_heavy
5184,0,216,11432.1,13718.6,0.473,cloud_heavy
5185,1,216,11992.1,14390.5,0.4835,cloud_heavy
5186,2,216,12260.9,14713.1,0.4974,cloud_heavy
5187,3,216,12201.8,14642.2,0.5152,cloud_heavy
5188,4,216,12446.7,14936.1,0.5373,cloud_heavy
5189,5,216,12252.0,14702.3,0.5636,cloud_heavy
5190,6,216,12968.4,15562.0,0.5939,cloud_heavy
5191,7,216,13437.0,16124.4,0.6272,cloud_heavy
5192,8,216,13690.1,16428.1,0.6623,cloud_heavy
5193,9,216,14117.0,16940.4,0.6973,cloud_heavy
5194,10,216,14783.8,17740.6,0.7303,cloud_heavy
5195,11,216,14852.4,17822.8,0.7589,cloud_heavy
5196,12,216,14682.2,17618.6,0.7811,cloud_heavy
5197,13,216,14261.0,17113.2,0.7952,cloud_heavy
5198,14,216,14558.1,17469.8,0.8,cloud_heavy
5199,15,216,14683.2,17619.8,0.7952,cloud_heavy
5200,16,216,14761.7,17714.1,0.7811,cloud_heavy
5201,17,216,14239.0,17086.8,0.7589,cloud_heavy
5202,18,216,13784.7,16541.6,0.7303,cloud_heavy
5203,19,216,13384.8,16061.8,0.6973,cloud_heavy
5204,20,216,12885.3,15462.4,0.6623,cloud_heavy
5205,21,216,13140.7,15768.8,0.6272,cloud_heavy
5206,22,216,12357.1,14828.5,0.5939,cloud_heavy
5207,23,216,12268.8,14722.5,0.5636,cloud_heavy
5208,0,217,11764.0,14116.8,0.4829,cloud_heavy
5209,1,217,11559.8,13871.7,0.4978,cloud_heavy
5210,2,217,12364.5,14837.4,0.5177,cloud_heavy
5211,3,217,12736.4,15283.7,0.5431,cloud_heavy
5212,4,217,12540.0,15048.0,0.5747,cloud_heavy
5213,5,217,12925.1,15510.2,0.6123,cloud_heavy
5214,6,217,13712.5,16455.0,0.6556,cloud_heavy
5215,7,217,13634.9,16361.9,0.7032,cloud_heavy
5216,8,217,14056.6,16868.0,0.7533,cloud_heavy
5217,9,217,15388.9,18466.6,0.8033,cloud_heavy
5218,10,217,15694.4,18833.2,0.8504,cloud_heavy
5219,11,217,15947.9,19137.5,0.8912,cloud_heavy
5220,12,217,16400.6,19680.7,0.923,cloud_heavy
5221,13,217,15185.2,18222.2,0.9431,cloud_heavy
5222,14,217,16864.5,20237.4,0.95,cloud_heavy
5223,15,217,16332.6,19599.1,0.9431,cloud_heavy
5224,16,217,16441.3,19729.6,0.923,cloud_heavy
5225,17,217,15847.2,19016.6,0.8912,cloud_heavy
5226,18,217,15311.3,18373.5,0.8504,cloud_heavy
5227,19,217,14732.9,17679.5,0.8033,cloud_heavy
5228,20,217,14553.2,17463.8,0.7533,cloud_heavy
5229,21,217,13803.0,16563.6,0.7032,cloud_heavy
5230,22,217,13846.3,16615.5,0.6556,cloud_heavy
5231,23,217,12473.5,14968.2,0.6123,cloud_heavy
5232,0,218,11711.3,14053.5,0.4829,cloud_heavy
5233,1,218,12781.1,15337.4,0.4978,cloud_heavy
5234,2,218,11995.6,14394.7,0.5177,cloud_heavy
5235,3,218,12370.5,14844.6,0.5431,cloud_heavy
5236,4,218,12412.6,14895.1,0.5747,cloud_heavy
5237,5,218,13228.8,15874.6,0.6123,cloud_heavy
5238,6,218,13196.8,15836.2,0.6556,cloud_heavy
5239,7,218,13855.8,16626.9,0.7032,cloud_heavy
5240,8,218,14761.2,17713.5,0.7533,cloud_heavy
5241,9,218,14544.2,17453.0,0.8033,cloud_heavy
5242,10,218,15650.5,18780.6,0.8504,cloud_heavy
5243,11,218,16051.7,19262.0,0.8912,cloud_heavy
5244,12,218,16462.5,19755.0,0.923,cloud_heavy
5245,13,218,16210.8,19453.0,0.9431,cloud_heavy
5246,14,218,17500.0,21000.0,0.95,cloud_heavy
5247,15,218,16653.4,19984.1,0.9431,cloud_heavy
5248,16,218,16113.0,19335.6,0.923,cloud_heavy
5249,17,218,15253.6,18304.3,0.8912,cloud_heavy
5250,18,218,15244.3,18293.2,0.8504,cloud_heavy
5251,19,218,15491.3,18589.5,0.8033,cloud_heavy
5252,20,218,15132.9,18159.5,0.7533,cloud_heavy
5253,21,218,14551.3,17461.5,0.7032,cloud_heavy
5254,22,218,13812.8,16575.4,0.6556,cloud_heavy
5255,23,218,12603.5,15124.2,0.6123,cloud_heavy
5256,0,219,12078.7,14494.4,0.4829,cloud_heavy
5257,1,219,11593.9,13912.7,0.4978,cloud_heavy
5258,2,219,11679.7,14015.6,0.5177,cloud_heavy
5259,3,219,12549.1,15058.9,0.5431,cloud_heavy
5260,4,219,12950.3,15540.3,0.5747,cloud_heavy
5261,5,219,13451.8,16142.1,0.6123,cloud_heavy
5262,6,219,13696.2,16435.4,0.6556,cloud_heavy
5263,7,219,14155.5,16986.6,0.7032,cloud_heavy
5264,8,219,13969.4,16763.3,0.7533,cloud_heavy
5265,9,219,14808.8,17770.6,0.8033,cloud_heavy
5266,10,219,14597.6,17517.1,0.8504,cloud_heavy
5267,11,219,14723.7,17668.5,0.8912,cloud_heavy
5268,12,219,16312.0,19574.4,0.923,cloud_heavy
5269,13,219,15778.0,18933.6,0.9431,cloud_heavy
5270,14,219,16630.4,19956.5,0.95,cloud_heavy
5271,15,219,16679.5,20015.4,0.9431,cloud_heavy
5272,16,219,15661.0,18793.1,0.923,cloud_heavy
5273,17,219,15942.7,19131.2,0.8912,cloud_heavy
5274,18,219,14985.6,17982.7,0.8504,cloud_heavy
5275,19,219,14033.0,16839.6,0.8033,cloud_heavy
5276,20,219,14447.9,17337.5,0.7533,cloud_heavy
5277,21,219,13736.5,16483.8,0.7032,cloud_heavy
5278,22,219,13316.7,15980.1,0.6556,cloud_heavy
5279,23,219,13873.0,16647.6,0.6123,cloud_heavy
5280,0,220,11359.8,13631.7,0.4829,cloud_heavy
5281,1,220,12180.7,14616.9,0.4978,cloud_heavy
5282,2,220,11860.3,14232.4,0.5177,cloud_heavy
5283,3,220,12799.2,15359.0,0.5431,cloud_heavy
5284,4,220,12864.3,15437.2,0.5747,cloud_heavy
5285,5,220,13245.9,15895.1,0.6123,cloud_heavy
5286,6,220,13112.4,15734.9,0.6556,cloud_heavy
5287,7,220,13613.3,16336.0,0.7032,cloud_heavy
5288,8,220,14795.1,17754.1,0.7533,cloud_heavy
5289,9,220,15644.8,18773.8,0.8033,cloud_heavy
5290,10,220,15509.1,18610.9,0.8504,cloud_heavy
5291,11,220,15243.5,18292.2,0.8912,cloud_heavy
5292,12,220,16119.7,19343.6,0.923,cloud_heavy
5293,13,220,17318.3,20782.0,0.9431,cloud_heavy
5294,14,220,16256.0,19507.3,0.95,cloud_heavy
5295,15,220,16850.7,20220.8,0.9431,cloud_heavy
5296,16,220,15603.0,18723.6,0.923,cloud_heavy
5297,17,220,15645.5,18774.6,0.8912,cloud_heavy
5298,18,220,15573.0,18687.6,0.8504,cloud_heavy
5299,19,220,15032.7,18039.2,0.8033,cloud_heavy
5300,20,220,14063.7,16876.4,0.7533,cloud_heavy
5301,21,220,13595.0,16314.0,0.7032,cloud_heavy
5302,22,220,13895.0,16674.0,0.6556,cloud_heavy
5303,23,220,13565.0,16278.0,0.6123,cloud_heavy
5304,0,221,12444.8,14933.7,0.4829,cloud_heavy
5305,1,221,12694.1,15232.9,0.4978,cloud_heavy
5306,2,221,12274.6,14729.5,0.5177,cloud_heavy
5307,3,221,12343.4,14812.1,0.5431,cloud_heavy
5308,4,221,13266.9,15920.3,0.5747,cloud_heavy
5309,5,221,13377.0,16052.4,0.6123,cloud_heavy
5310,6,221,13097.2,15716.6,0.6556,cloud_heavy
5311,7,221,13501.3,16201.5,0.7032,cloud_heavy
5312,8,221,14607.1,17528.5,0.7533,cloud_heavy
5313,9,221,14776.6,17731.9,0.8033,cloud_heavy
5314,10,221,15276.7,18332.0,0.8504,cloud_heavy
5315,11,221,16169.3,19403.1,0.8912,cloud_heavy
5316,12,221,16320.8,19585.0,0.923,cloud_heavy
5317,13,221,16786.8,20144.1,0.9431,cloud_heavy
5318,14,221,15267.2,18320.6,0.95,cloud_heavy
5319,15,221,16265.5,19518.6,0.9431,cloud_heavy
5320,16,221,16290.0,19548.0,0.923,cloud_heavy
5321,17,221,14947.8,17937.4,0.8912,cloud_heavy
5322,18,221,14988.4,17986.1,0.8504,cloud_heavy
5323,19,221,14481.0,17377.2,0.8033,cloud_heavy
5324,20,221,14404.0,17284.8,0.7533,cloud_heavy
5325,21,221,14613.8,17536.5,0.7032,cloud_heavy
5326,22,221,14313.8,17176.5,0.6556,cloud_heavy
5327,23,221,12776.9,15332.3,0.6123,cloud_heavy
5328,0,222,12000.5,14400.7,0.473,cloud_heavy
5329,1,222,12110.0,14532.0,0.4835,cloud_heavy
5330,2,222,12178.2,14613.9,0.4974,cloud_heavy
5331,3,222,12348.5,14818.2,0.5152,cloud_heavy
5332,4,222,12518.8,15022.5,0.5373,cloud_heavy
5333,5,222,13288.8,15946.5,0.5636,cloud_heavy
5334,6,222,13354.6,16025.5,0.5939,cloud_heavy
5335,7,222,12813.1,15375.7,0.6272,cloud_heavy
5336,8,222,13880.5,16656.6,0.6623,cloud_heavy
5337,9,222,14251.1,17101.3,0.6973,cloud_heavy
5338,10,222,14316.8,17180.2,0.7303,cloud_heavy
5339,11,222,14936.6,17924.0,0.7589,cloud_heavy
5340,12,222,14733.5,17680.2,0.7811,cloud_heavy
5341,13,222,14869.4,17843.3,0.7952,cloud_heavy
5342,14,222,14878.9,17854.7,0.8,cloud_heavy
5343,15,222,13885.6,16662.7,0.7952,cloud_heavy
5344,16,222,14615.5,17538.6,0.7811,cloud_heavy
5345,17,222,14156.7,16988.0,0.7589,cloud_heavy
5346,18,222,13678.0,16413.6,0.7303,cloud_heavy
5347,19,222,14476.7,17372.0,0.6973,cloud_heavy
5348,20,222,13761.9,16514.3,0.6623,cloud_heavy
5349,21,222,13222.1,15866.5,0.6272,cloud_heavy
5350,22,222,12708.0,15249.6,0.5939,cloud_heavy
5351,23,222,12760.8,15313.0,0.5636,cloud_heavy
5352,0,223,12165.3,14598.4,0.473,cloud_heavy
5353,1,223,11614.8,13937.8,0.4835,cloud_heavy
5354,2,223,12036.5,14443.8,0.4974,cloud_heavy
5355,3,223,12520.2,15024.2,0.5152,cloud_heavy
5356,4,223,11685.2,14022.2,0.5373,cloud_heavy
5357,5,223,12626.6,15151.9,0.5636,cloud_heavy
5358,6,223,12760.6,15312.7,0.5939,cloud_heavy
5359,7,223,13180.8,15817.0,0.6272,cloud_heavy
5360,8,223,13352.9,16023.4,0.6623,cloud_heavy
5361,9,223,13936.9,16724.2,0.6973,cloud_heavy
5362,10,223,15001.3,18001.5,0.7303,cloud_heavy
5363,11,223,14305.9,17167.1,0.7589,cloud_heavy
5364,12,223,14779.0,17734.9,0.7811,cloud_heavy
5365,13,223,15665.0,18798.1,0.7952,cloud_heavy
5366,14,223,14580.4,17496.5,0.8,cloud_heavy
5367,15,223,15585.2,18702.2,0.7952,cloud_heavy
5368,16,223,14653.2,17583.8,0.7811,cloud_heavy
5369,17,223,15218.6,18262.3,0.7589,cloud_heavy
5370,18,223,14502.0,17402.4,0.7303,cloud_heavy
5371,19,223,14007.4,16808.9,0.6973,cloud_heavy
5372,20,223,13530.2,16236.2,0.6623,cloud_heavy
5373,21,223,12986.2,15583.4,0.6272,cloud_heavy
5374,22,223,12956.5,15547.7,0.5939,cloud_heavy
5375,23,223,12988.9,15586.7,0.5636,cloud_heavy
5376,0,224,11900.0,14280.0,0.4829,cloud_heavy
5377,1,224,11928.0,14313.6,0.4978,cloud_heavy
5378,2,224,12133.2,14559.9,0.5177,cloud_heavy
5379,3,224,12830.7,15396.8,0.5431,cloud_heavy
5380,4,224,13218.8,15862.5,0.5747,cloud_heavy
5381,5,224,12834.7,15401.7,0.6123,cloud_heavy
5382,6,224,13224.2,15869.1,0.6556,cloud_heavy
5383,7,224,14091.9,16910.3,0.7032,cloud_heavy
5384,8,224,15054.3,18065.2,0.7533,cloud_heavy
5385,9,224,15366.3,18439.6,0.8033,cloud_heavy
5386,10,224,14714.6,17657.6,0.8504,cloud_heavy
5387,11,224,15541.1,18649.4,0.8912,cloud_heavy
5388,12,224,15511.9,18614.3,0.923,cloud_heavy
5389,13,224,16013.2,19215.8,0.9431,cloud_heavy
5390,14,224,16986.3,20383.6,0.95,cloud_heavy
5391,15,224,15453.8,18544.6,0.9431,cloud_heavy
5392,16,224,15182.5,18218.9,0.923,cloud_heavy
5393,17,224,15275.9,18331.0,0.8912,cloud_heavy
5394,18,224,15420.6,18504.7,0.8504,cloud_heavy
5395,19,224,15132.3,18158.7,0.8033,cloud_heavy
5396,20,224,14583.6,17500.3,0.7533,cloud_heavy
5397,21,224,14424.8,17309.7,0.7032,cloud_heavy
5398,22,224,12781.1,15337.4,0.6556,cloud_heavy
5399,23,224,13563.7,16276.5,0.6123,cloud_heavy
5400,0,225,11793.2,14151.9,0.4829,cloud_heavy
5401,1,225,12306.7,14768.0,0.4978,cloud_heavy
5402,2,225,11739.8,14087.8,0.5177,cloud_heavy
5403,3,225,12461.6,14953.9,0.5431,cloud_heavy
5404,4,225,12840.5,15408.6,0.5747,cloud_heavy
5405,5,225,13550.9,16261.1,0.6123,cloud_heavy
5406,6,225,12853.1,15423.8,0.6556,cloud_heavy
5407,7,225,13946.2,16735.4,0.7032,cloud_heavy
5408,8,225,13926.0,16711.2,0.7533,cloud_heavy
5409,9,225,15080.9,18097.1,0.8033,cloud_heavy
5410,10,225,15645.3,18774.4,0.8504,cloud_heavy
5411,11,225,16270.2,19524.2,0.8912,cloud_heavy
5412,12,225,15701.3,18841.6,0.923,cloud_heavy
5413,13,225,16591.8,19910.1,0.9431,cloud_heavy
5414,14,225,16867.9,20241.5,0.95,cloud_heavy
5415,15,225,15346.9,18416.3,0.9431,cloud_heavy
5416,16,225,16250.6,19500.7,0.923,cloud_heavy
5417,17,225,16115.7,19338.8,0.8912,cloud_heavy
5418,18,225,15170.1,18204.2,0.8504,cloud_heavy
5419,19,225,14316.0,17179.2,0.8033,cloud_heavy
5420,20,225,14801.9,17762.2,0.7533,cloud_heavy
5421,21,225,13431.9,16118.3,0.7032,cloud_heavy
5422,22,225,13422.7,16107.2,0.6556,cloud_heavy
5423,23,225,13081.1,15697.3,0.6123,cloud_heavy
5424,0,226,12160.3,14592.3,0.4829,cloud_heavy
5425,1,226,11816.0,14179.2,0.4978,cloud_heavy
5426,2,226,11974.1,14368.9,0.5177,cloud_heavy
5427,3,226,12496.7,14996.0,0.5431,cloud_heavy
5428,4,226,13135.1,15762.1,0.5747,cloud_heavy
5429,5,226,13995.6,16794.7,0.6123,cloud_heavy
5430,6,226,12884.6,15461.5,0.6556,cloud_heavy
5431,7,226,14065.1,16878.2,0.7032,cloud_heavy
5432,8,226,13925.4,16710.5,0.7533,cloud_heavy
5433,9,226,15309.7,18371.6,0.8033,cloud_heavy
5434,10,226,14858.3,17830.0,0.8504,cloud_heavy
5435,11,226,15348.2,18417.8,0.8912,cloud_heavy
5436,12,226,15675.3,18810.4,0.923,cloud_heavy
5437,13,226,16105.8,19327.0,0.9431,cloud_heavy
5438,14,226,16363.4,19636.1,0.95,cloud_heavy
5439,15,226,16377.0,19652.4,0.9431,cloud_heavy
5440,16,226,15954.7,19145.6,0.923,cloud_heavy
5441,17,226,15040.3,18048.3,0.8912,cloud_heavy
5442,18,226,15622.6,18747.1,0.8504,cloud_heavy
5443,19,226,14832.0,17798.4,0.8033,cloud_heavy
5444,20,226,14896.3,17875.6,0.7533,cloud_heavy
5445,21,226,13637.5,16365.0,0.7032,cloud_heavy
5446,22,226,12846.2,15415.5,0.6556,cloud_heavy
5447,23,226,13083.5,15700.2,0.6123,cloud_heavy
5448,0,227,12367.5,14841.1,0.4829,cloud_heavy
5449,1,227,12100.5,14520.7,0.4978,cloud_heavy
5450,2,227,12152.0,14582.4,0.5177,cloud_heavy
5451,3,227,12134.4,14561.3,0.5431,cloud_heavy
5452,4,227,13422.5,16107.0,0.5747,cloud_heavy
5453,5,227,12692.3,15230.8,0.6123,cloud_heavy
5454,6,227,13201.2,15841.5,0.6556,cloud_heavy
5455,7,227,14171.6,17005.9,0.7032,cloud_heavy
5456,8,227,13593.1,16311.8,0.7533,cloud_heavy
5457,9,227,15423.7,18508.4,0.8033,cloud_heavy
5458,10,227,15575.1,18690.1,0.8504,cloud_heavy
5459,11,227,16087.8,19305.4,0.8912,cloud_heavy
5460,12,227,16224.6,19469.5,0.923,cloud_heavy
5461,13,227,16064.7,19277.7,0.9431,cloud_heavy
5462,14,227,15689.4,18827.2,0.95,cloud_heavy
5463,15,227,16074.9,19289.9,0.9431,cloud_heavy
5464,16,227,15490.6,18588.7,0.923,cloud_heavy
5465,17,227,15893.7,19072.5,0.8912,cloud_heavy
5466,18,227,15658.9,18790.6,0.8504,cloud_heavy
5467,19,227,15513.8,18616.5,0.8033,cloud_heavy
5468,20,227,14555.2,17466.2,0.7533,cloud_heavy
5469,21,227,14319.8,17183.8,0.7032,cloud_heavy
5470,22,227,13374.6,16049.5,0.6556,cloud_heavy
5471,23,227,12908.9,15490.7,0.6123,cloud_heavy
5472,0,228,12073.9,14488.7,0.4829,cloud_heavy
5473,1,228,11902.8,14283.3,0.4978,cloud_heavy
5474,2,228,12323.9,14788.7,0.5177,cloud_heavy
5475,3,228,12063.0,14475.6,0.5431,cloud_heavy
5476,4,228,12412.9,14895.5,0.5747,cloud_heavy
5477,5,228,13346.5,16015.8,0.6123,cloud_heavy
5478,6,228,13853.9,16624.7,0.6556,cloud_heavy
5479,7,228,13521.3,16225.6,0.7032,cloud_heavy
5480,8,228,14684.2,17621.1,0.7533,cloud_heavy
5481,9,228,14618.2,17541.8,0.8033,cloud_heavy
5482,10,228,15296.4,18355.7,0.8504,cloud_heavy
5483,11,228,16331.1,19597.4,0.8912,cloud_heavy
5484,12,228,16344.0,19612.8,0.923,cloud_heavy
5485,13,228,16528.2,19833.8,0.9431,cloud_heavy
5486,14,228,17134.3,20561.1,0.95,cloud_heavy
5487,15,228,15801.9,18962.2,0.9431,cloud_heavy
5488,16,228,15485.5,18582.6,0.923,cloud_heavy
5489,17,228,15325.9,18391.1,0.8912,cloud_heavy
5490,18,228,15172.1,18206.5,0.8504,cloud_heavy
5491,19,228,13806.3,16567.5,0.8033,cloud_heavy
5492,20,228,14305.1,17166.1,0.7533,cloud_heavy
5493,21,228,13705.7,16446.8,0.7032,cloud_heavy
5494,22,228,13812.2,16574.7,0.6556,cloud_heavy
5495,23,228,13235.3,15882.4,0.6123,cloud_heavy
5496,0,229,11601.0,13921.2,0.473,cloud_heavy
5497,1,229,12121.1,14545.3,0.4835,cloud_heavy
5498,2,229,12299.5,14759.4,0.4974,cloud_heavy
5499,3,229,11921.1,14305.3,0.5152,cloud_heavy
5500,4,229,12222.2,14666.7,0.5373,cloud_heavy
5501,5,229,11804.0,14164.8,0.5636,cloud_heavy
5502,6,229,12504.1,15004.9,0.5939,cloud_heavy
5503,7,229,12939.2,15527.0,0.6272,cloud_heavy
5504,8,229,13587.0,16304.5,0.6623,cloud_heavy
5505,9,229,13485.9,16183.1,0.6973,cloud_heavy
5506,10,229,13964.3,16757.2,0.7303,cloud_heavy
5507,11,229,13915.3,16698.3,0.7589,cloud_heavy
5508,12,229,14726.0,17671.2,0.7811,cloud_heavy
5509,13,229,14969.3,17963.2,0.7952,cloud_heavy
5510,14,229,15004.0,18004.7,0.8,cloud_heavy
5511,15,229,14786.0,17743.2,0.7952,cloud_heavy
5512,16,229,13973.5,16768.2,0.7811,cloud_heavy
5513,17,229,14177.6,17013.1,0.7589,cloud_heavy
5514,18,229,14009.5,16811.4,0.7303,cloud_heavy
5515,19,229,13711.6,16454.0,0.6973,cloud_heavy
5516,20,229,13587.4,16304.9,0.6623,cloud_heavy
5517,21,229,13799.9,16559.9,0.6272,cloud_heavy
5518,22,229,13242.0,15890.4,0.5939,cloud_heavy
5519,23,229,12273.7,14728.4,0.5636,cloud_heavy
5520,0,230,12054.4,14465.2,0.473,cloud_heavy
5521,1,230,12139.1,14566.9,0.4835,cloud_heavy
5522,2,230,11747.1,14096.6,0.4974,cloud_heavy
5523,3,230,12513.2,15015.8,0.5152,cloud_heavy
5524,4,230,12346.0,14815.2,0.5373,cloud_heavy
5525,5,230,12113.4,14536.1,0.5636,cloud_heavy
5526,6,230,13103.6,15724.3,0.5939,cloud_heavy
5527,7,230,13320.1,15984.1,0.6272,cloud_heavy
5528,8,230,13464.3,16157.1,0.6623,cloud_heavy
5529,9,230,13864.0,16636.7,0.6973,cloud_heavy
5530,10,230,13876.8,16652.2,0.7303,cloud_heavy
5531,11,230,14710.7,17652.9,0.7589,cloud_heavy
5532,12,230,14631.7,17558.1,0.7811,cloud_heavy
5533,13,230,14854.4,17825.2,0.7952,cloud_heavy
5534,14,230,14983.8,17980.6,0.8,cloud_heavy
5535,15,230,14268.6,17122.3,0.7952,cloud_heavy
5536,16,230,14257.8,17109.3,0.7811,cloud_heavy
5537,17,230,13488.5,16186.2,0.7589,cloud_heavy
5538,18,230,14423.1,17307.7,0.7303,cloud_heavy
5539,19,230,13374.8,16049.8,0.6973,cloud_heavy
5540,20,230,13610.8,16333.0,0.6623,cloud_heavy
5541,21,230,13381.3,16057.5,0.6272,cloud_heavy
5542,22,230,13160.7,15792.8,0.5939,cloud_heavy
5543,23,230,12191.5,14629.9,0.5636,cloud_heavy
5544,0,231,11881.4,14257.7,0.4829,cloud_heavy
5545,1,231,12645.8,15175.0,0.4978,cloud_heavy
5546,2,231,12853.9,15424.7,0.5177,cloud_heavy
5547,3,231,12828.8,15394.5,0.5431,cloud_heavy
5548,4,231,12879.2,15455.1,0.5747,cloud_heavy
5549,5,231,12701.9,15242.3,0.6123,cloud_heavy
5550,6,231,13785.8,16543.0,0.6556,cloud_heavy
5551,7,231,13867.3,16640.7,0.7032,cloud_heavy
5552,8,231,14636.7,17564.1,0.7533,cloud_heavy
5553,9,231,14573.6,17488.3,0.8033,cloud_heavy
5554,10,231,15209.5,18251.4,0.8504,cloud_heavy
5555,11,231,15742.4,18890.9,0.8912,cloud_heavy
5556,12,231,16075.3,19290.4,0.923,cloud_heavy
5557,13,231,16381.8,19658.2,0.9431,cloud_heavy
5558,14,231,15924.7,19109.6,0.95,cloud_heavy
5559,15,231,15492.2,18590.7,0.9431,cloud_heavy
5560,16,231,16735.3,20082.3,0.923,cloud_heavy
5561,17,231,16835.1,20202.1,0.8912,cloud_heavy
5562,18,231,15494.0,18592.8,0.8504,cloud_heavy
5563,19,231,14265.5,17118.7,0.8033,cloud_heavy
5564,20,231,14060.8,16872.9,0.7533,cloud_heavy
5565,21,231,14146.1,16975.4,0.7032,cloud_heavy
5566,22,231,14037.9,16845.4,0.6556,cloud_heavy
5567,23,231,12620.3,15144.3,0.6123,cloud_heavy
5568,0,232,11860.3,14232.4,0.4829,cloud_heavy
5569,1,232,12113.2,14535.8,0.4978,cloud_heavy
5570,2,232,12542.3,15050.7,0.5177,cloud_heavy
5571,3,232,12331.3,14797.5,0.5431,cloud_heavy
5572,4,232,12152.0,14582.4,0.5747,cloud_heavy
5573,5,232,13340.9,16009.1,0.6123,cloud_heavy
5574,6,232,13950.3,16740.3,0.6556,cloud_heavy
5575,7,232,13898.8,16678.6,0.7032,cloud_heavy
5576,8,232,14569.7,17483.6,0.7533,cloud_heavy
5577,9,232,14644.1,17573.0,0.8033,cloud_heavy
5578,10,232,14900.9,17881.1,0.8504,cloud_heavy
5579,11,232,16147.6,19377.1,0.8912,cloud_heavy
5580,12,232,16142.9,19371.5,0.923,cloud_heavy
5581,13,232,16380.2,19656.3,0.9431,cloud_heavy
5582,14,232,16936.6,20323.9,0.95,cloud_heavy
5583,15,232,15631.9,18758.3,0.9431,cloud_heavy
5584,16,232,15693.2,18831.8,0.923,cloud_heavy
5585,17,232,15739.5,18887.4,0.8912,cloud_heavy
5586,18,232,15030.0,18036.0,0.8504,cloud_heavy
5587,19,232,15204.6,18245.6,0.8033,cloud_heavy
5588,20,232,14313.7,17176.5,0.7533,cloud_heavy
5589,21,232,13518.5,16222.1,0.7032,cloud_heavy
5590,22,232,13521.5,16225.8,0.6556,cloud_heavy
5591,23,232,13163.8,15796.5,0.6123,cloud_heavy
5592,0,233,12238.5,14686.2,0.4829,cloud_heavy
5593,1,233,12184.4,14621.3,0.4978,cloud_heavy
5594,2,233,12394.3,14873.2,0.5177,cloud_heavy
5595,3,233,12579.4,15095.3,0.5431,cloud_heavy
5596,4,233,12678.1,15213.8,0.5747,cloud_heavy
5597,5,233,12815.4,15378.5,0.6123,cloud_heavy
5598,6,233,13611.8,16334.2,0.6556,cloud_heavy
5599,7,233,13794.1,16552.9,0.7032,cloud_heavy
5600,8,233,15124.4,18149.3,0.7533,cloud_heavy
5601,9,233,15453.8,18544.5,0.8033,cloud_heavy
5602,10,233,15579.1,18694.9,0.8504,cloud_heavy
5603,11,233,15843.1,19011.7,0.8912,cloud_heavy
5604,12,233,15915.3,19098.4,0.923,cloud_heavy
5605,13,233,15532.0,18638.4,0.9431,cloud_heavy
5606,14,233,16101.1,19321.4,0.95,cloud_heavy
5607,15,233,16191.9,19430.2,0.9431,cloud_heavy
5608,16,233,16067.3,19280.7,0.923,cloud_heavy
5609,17,233,15885.9,19063.1,0.8912,cloud_heavy
5610,18,233,15711.4,18853.7,0.8504,cloud_heavy
5611,19,233,14547.1,17456.6,0.8033,cloud_heavy
5612,20,233,14099.7,16919.6,0.7533,cloud_heavy
5613,21,233,14539.8,17447.8,0.7032,cloud_heavy
5614,22,233,13807.0,16568.5,0.6556,cloud_heavy
5615,23,233,12943.3,15532.0,0.6123,cloud_heavy
5616,0,234,11866.4,14239.7,0.4829,cloud_heavy
5617,1,234,12005.3,14406.4,0.4978,cloud_heavy
5618,2,234,12236.8,14684.1,0.5177,cloud_heavy
5619,3,234,12636.4,15163.7,0.5431,cloud_heavy
5620,4,234,13719.8,16463.7,0.5747,cloud_heavy
5621,5,234,13171.4,15805.7,0.6123,cloud_heavy
5622,6,234,13763.2,16515.8,0.6556,cloud_heavy
5623,7,234,13228.4,15874.1,0.7032,cloud_heavy
5624,8,234,14185.3,17022.3,0.7533,cloud_heavy
5625,9,234,15403.3,18483.9,0.8033,cloud_heavy
5626,10,234,15473.3,18568.0,0.8504,cloud_heavy
5627,11,234,13602.5,16323.1,0.8912,cloud_heavy
5628,12,234,16280.1,19536.1,0.923,cloud_heavy
5629,13,234,17071.7,20486.0,0.9431,cloud_heavy
5630,14,234,15235.9,18283.0,0.95,cloud_heavy
5631,15,234,16878.6,20254.3,0.9431,cloud_heavy
5632,16,234,14630.4,17556.5,0.923,cloud_heavy
5633,17,234,16106.1,19327.3,0.8912,cloud_heavy
5634,18,234,15284.8,18341.8,0.8504,cloud_heavy
5635,19,234,13808.3,16570.0,0.8033,cloud_heavy
5636,20,234,14587.3,17504.8,0.7533,cloud_heavy
5637,21,234,14414.4,17297.3,0.7032,cloud_heavy
5638,22,234,13642.2,16370.7,0.6556,cloud_heavy
5639,23,234,13326.6,15991.9,0.6123,cloud_heavy
5640,0,235,11757.7,14109.2,0.4829,cloud_heavy
5641,1,235,11369.9,13643.9,0.4978,cloud_heavy
5642,2,235,12478.9,14974.7,0.5177,cloud_heavy
5643,3,235,13113.7,15736.5,0.5431,cloud_heavy
5644,4,235,13182.2,15818.7,0.5747,cloud_heavy
5645,5,235,12315.8,14778.9,0.6123,cloud_heavy
5646,6,235,12881.6,15457.9,0.6556,cloud_heavy
5647,7,235,13579.7,16295.7,0.7032,cloud_heavy
5648,8,235,13706.7,16448.1,0.7533,cloud_heavy
5649,9,235,14875.3,17850.4,0.8033,cloud_heavy
5650,10,235,15469.3,18563.1,0.8504,cloud_heavy
5651,11,235,14993.1,17991.7,0.8912,cloud_heavy
5652,12,235,16329.5,19595.4,0.923,cloud_heavy
5653,13,235,16433.8,19720.6,0.9431,cloud_heavy
5654,14,235,15939.7,19127.7,0.95,cloud_heavy
5655,15,235,16059.2,19271.0,0.9431,cloud_heavy
5656,16,235,15024.0,18028.8,0.923,cloud_heavy
5657,17,235,15509.1,18610.9,0.8912,cloud_heavy
5658,18,235,15292.2,18350.6,0.8504,cloud_heavy
5659,19,235,14930.8,17917.0,0.8033,cloud_heavy
5660,20,235,14558.3,17469.9,0.7533,cloud_heavy
5661,21,235,14035.4,16842.5,0.7032,cloud_heavy
5662,22,235,13387.9,16065.5,0.6556,cloud_heavy
5663,23,235,13209.3,15851.1,0.6123,cloud_heavy
5664,0,236,12169.1,14602.9,0.473,cloud_heavy
5665,1,236,11876.2,14251.4,0.4835,cloud_heavy
5666,2,236,12153.0,14583.5,0.4974,cloud_heavy
5667,3,236,12134.3,14561.1,0.5152,cloud_heavy
5668,4,236,12165.0,14598.0,0.5373,cloud_heavy
5669,5,236,12846.8,15416.2,0.5636,cloud_heavy
5670,6,236,12711.7,15254.1,0.5939,cloud_heavy
5671,7,236,13387.3,16064.7,0.6272,cloud_heavy
5672,8,236,13568.4,16282.0,0.6623,cloud_heavy
5673,9,236,13753.0,16503.6,0.6973,cloud_heavy
5674,10,236,14043.2,16851.8,0.7303,cloud_heavy
5675,11,236,14226.1,17071.3,0.7589,cloud_heavy
5676,12,236,13927.5,16713.0,0.7811,cloud_heavy
5677,13,236,14950.3,17940.4,0.7952,cloud_heavy
5678,14,236,14928.0,17913.6,0.8,cloud_heavy
5679,15,236,15157.3,18188.8,0.7952,cloud_heavy
5680,16,236,14417.2,17300.7,0.7811,cloud_heavy
5681,17,236,15267.7,18321.3,0.7589,cloud_heavy
5682,18,236,14021.2,16825.5,0.7303,cloud_heavy
5683,19,236,13515.2,16218.2,0.6973,cloud_heavy
5684,20,236,13152.7,15783.3,0.6623,cloud_heavy
5685,21,236,12545.6,15054.7,0.6272,cloud_heavy
5686,22,236,13521.4,16225.7,0.5939,cloud_heavy
5687,23,236,13168.7,15802.4,0.5636,cloud_heavy
5688,0,237,12026.8,14432.2,0.473,cloud_heavy
5689,1,237,11590.1,13908.1,0.4835,cloud_heavy
5690,2,237,12692.4,15230.9,0.4974,cloud_heavy
5691,3,237,12073.7,14488.4,0.5152,cloud_heavy
5692,4,237,12305.6,14766.7,0.5373,cloud_heavy
5693,5,237,13193.8,15832.5,0.5636,cloud_heavy
5694,6,237,13182.6,15819.1,0.5939,cloud_heavy
5695,7,237,14107.8,16929.4,0.6272,cloud_heavy
5696,8,237,13658.0,16389.6,0.6623,cloud_heavy
5697,9,237,13714.2,16457.1,0.6973,cloud_heavy
5698,10,237,13922.5,16707.0,0.7303,cloud_heavy
5699,11,237,13645.8,16375.0,0.7589,cloud_heavy
5700,12,237,14528.4,17434.1,0.7811,cloud_heavy
5701,13,237,15288.1,18345.7,0.7952,cloud_heavy
5702,14,237,15091.3,18109.6,0.8,cloud_heavy
5703,15,237,14789.6,17747.5,0.7952,cloud_heavy
5704,16,237,14213.5,17056.2,0.7811,cloud_heavy
5705,17,237,14544.6,17453.5,0.7589,cloud_heavy
5706,18,237,14613.7,17536.5,0.7303,cloud_heavy
5707,19,237,14058.9,16870.7,0.6973,cloud_heavy
5708,20,237,13624.7,16349.6,0.6623,cloud_heavy
5709,21,237,12917.6,15501.1,0.6272,cloud_heavy
5710,22,237,13263.4,15916.0,0.5939,cloud_heavy
5711,23,237,11460.0,13752.0,0.5636,cloud_heavy
5712,0,238,12041.4,14449.7,0.4829,cloud_heavy
5713,1,238,12971.0,15565.2,0.4978,cloud_heavy
5714,2,238,11672.0,14006.4,0.5177,cloud_heavy
5715,3,238,12369.5,14843.4,0.5431,cloud_heavy
5716,4,238,12747.1,15296.5,0.5747,cloud_heavy
5717,5,238,12915.1,15498.1,0.6123,cloud_heavy
5718,6,238,13914.5,16697.4,0.6556,cloud_heavy
5719,7,238,14130.8,16957.0,0.7032,cloud_heavy
5720,8,238,14460.4,17352.5,0.7533,cloud_heavy
5721,9,238,15210.9,18253.1,0.8033,cloud_heavy
5722,10,238,15296.5,18355.8,0.8504,cloud_heavy
5723,11,238,17159.6,20591.6,0.8912,cloud_heavy
5724,12,238,16029.9,19235.9,0.923,cloud_heavy
5725,13,238,16237.3,19484.8,0.9431,cloud_heavy
5726,14,238,15374.6,18449.6,0.95,cloud_heavy
5727,15,238,15879.6,19055.5,0.9431,cloud_heavy
5728,16,238,16506.7,19808.1,0.923,cloud_heavy
5729,17,238,15037.6,18045.2,0.8912,cloud_heavy
5730,18,238,14299.2,17159.1,0.8504,cloud_heavy
5731,19,238,14870.0,17844.0,0.8033,cloud_heavy
5732,20,238,14986.6,17983.9,0.7533,cloud_heavy
5733,21,238,13951.1,16741.3,0.7032,cloud_heavy
5734,22,238,13358.8,16030.6,0.6556,cloud_heavy
5735,23,238,12366.6,14840.0,0.6123,cloud_heavy
5736,0,239,12066.2,14479.5,0.4829,cloud_heavy
5737,1,239,12281.3,14737.6,0.4978,cloud_heavy
5738,2,239,11571.7,13886.1,0.5177,cloud_heavy
5739,3,239,12883.8,15460.5,0.5431,cloud_heavy
5740,4,239,13043.0,15651.6,0.5747,cloud_heavy
5741,5,239,13541.7,16250.1,0.6123,cloud_heavy
5742,6,239,13731.2,16477.4,0.6556,cloud_heavy
5743,7,239,14206.6,17047.9,0.7032,cloud_heavy
5744,8,239,14619.5,17543.4,0.7533,cloud_heavy
5745,9,239,15242.7,18291.2,0.8033,cloud_heavy
5746,10,239,14454.6,17345.5,0.8504,cloud_heavy
5747,11,239,14959.8,17951.8,0.8912,cloud_heavy
5748,12,239,15605.1,18726.1,0.923,cloud_heavy
5749,13,239,16079.9,19295.9,0.9431,cloud_heavy
5750,14,239,16395.0,19673.9,0.95,cloud_heavy
5751,15,239,16300.0,19560.0,0.9431,cloud_heavy
5752,16,239,16492.2,19790.7,0.923,cloud_heavy
5753,17,239,16205.0,19446.0,0.8912,cloud_heavy
5754,18,239,14888.7,17866.4,0.8504,cloud_heavy
5755,19,239,14961.9,17954.3,0.8033,cloud_heavy
5756,20,239,14028.5,16834.2,0.7533,cloud_heavy
5757,21,239,13854.6,16625.6,0.7032,cloud_heavy
5758,22,239,13625.2,16350.2,0.6556,cloud_heavy
5759,23,239,11757.5,14109.0,0.6123,cloud_heavy
5760,0,240,12765.9,15319.0,0.4829,cloud_heavy
5761,1,240,12247.0,14696.4,0.4978,cloud_heavy
5762,2,240,12006.7,14408.1,0.5177,cloud_heavy
5763,3,240,13180.1,15816.2,0.5431,cloud_heavy
5764,4,240,12617.2,15140.7,0.5747,cloud_heavy
5765,5,240,13148.9,15778.7,0.6123,cloud_heavy
5766,6,240,13297.7,15957.2,0.6556,cloud_heavy
5767,7,240,14623.9,17548.6,0.7032,cloud_heavy
5768,8,240,14349.3,17219.2,0.7533,cloud_heavy
5769,9,240,14922.2,17906.7,0.8033,cloud_heavy
5770,10,240,15840.9,19009.1,0.8504,cloud_heavy
5771,11,240,15940.2,19128.3,0.8912,cloud_heavy
5772,12,240,15931.4,19117.7,0.923,cloud_heavy
5773,13,240,16680.5,20016.6,0.9431,cloud_heavy
5774,14,240,17440.4,20928.5,0.95,cloud_heavy
5775,15,240,16296.5,19555.8,0.9431,cloud_heavy
5776,16,240,16013.3,19216.0,0.923,cloud_heavy
5777,17,240,15745.4,18894.5,0.8912,cloud_heavy
5778,18,240,15889.9,19067.8,0.8504,cloud_heavy
5779,19,240,14588.6,17506.3,0.8033,cloud_heavy
5780,20,240,14274.5,17129.4,0.7533,cloud_heavy
5781,21,240,13290.7,15948.8,0.7032,cloud_heavy
5782,22,240,13015.6,15618.8,0.6556,cloud_heavy
5783,23,240,12893.4,15472.1,0.6123,cloud_heavy
5784,0,241,11884.7,14261.7,0.4829,cloud_heavy
5785,1,241,12681.5,15217.8,0.4978,cloud_heavy
5786,2,241,12421.8,14906.1,0.5177,cloud_heavy
5787,3,241,12118.8,14542.5,0.5431,cloud_heavy
5788,4,241,12471.7,14966.0,0.5747,cloud_heavy
5789,5,241,13637.0,16364.4,0.6123,cloud_heavy
5790,6,241,13951.0,16741.2,0.6556,cloud_heavy
5791,7,241,13945.1,16734.1,0.7032,cloud_heavy
5792,8,241,14203.6,17044.3,0.7533,cloud_heavy
5793,9,241,15357.0,18428.3,0.8033,cloud_heavy
5794,10,241,14833.2,17799.8,0.8504,cloud_heavy
5795,11,241,15849.5,19019.4,0.8912,cloud_heavy
5796,12,241,17045.4,20454.5,0.923,cloud_heavy
5797,13,241,16242.2,19490.6,0.9431,cloud_heavy
5798,14,241,15829.2,18995.0,0.95,cloud_heavy
5799,15,241,16341.5,19609.8,0.9431,cloud_heavy
5800,16,241,15732.4,18878.9,0.923,cloud_heavy
5801,17,241,15010.1,18012.1,0.8912,cloud_heavy
5802,18,241,15610.4,18732.4,0.8504,cloud_heavy
5803,19,241,15353.8,18424.6,0.8033,cloud_heavy
5804,20,241,14260.4,17112.5,0.7533,cloud_heavy
5805,21,241,13775.7,16530.8,0.7032,cloud_heavy
5806,22,241,13105.6,15726.8,0.6556,cloud_heavy
5807,23,241,13037.9,15645.5,0.6123,cloud_heavy
5808,0,242,11703.9,14044.6,0.4829,cloud_heavy
5809,1,242,11677.1,14012.6,0.4978,cloud_heavy
5810,2,242,12919.2,15503.0,0.5177,cloud_heavy
5811,3,242,12634.1,15160.9,0.5431,cloud_heavy
5812,4,242,12969.1,15562.9,0.5747,cloud_heavy
5813,5,242,13443.9,16132.7,0.6123,cloud_heavy
5814,6,242,13807.1,16568.5,0.6556,cloud_heavy
5815,7,242,13760.7,16512.8,0.7032,cloud_heavy
5816,8,242,14512.4,17414.8,0.7533,cloud_heavy
5817,9,242,14735.7,17682.9,0.8033,cloud_heavy
5818,10,242,15489.9,18587.9,0.8504,cloud_heavy
5819,11,242,15825.8,18991.0,0.8912,cloud_heavy
5820,12,242,15774.3,18929.1,0.923,cloud_heavy
5821,13,242,15499.0,18598.8,0.9431,cloud_heavy
5822,14,242,16277.3,19532.8,0.95,cloud_heavy
5823,15,242,16043.8,19252.6,0.9431,cloud_heavy
5824,16,242,15052.5,18063.0,0.923,cloud_heavy
5825,17,242,15903.8,19084.6,0.8912,cloud_heavy
5826,18,242,15731.6,18877.9,0.8504,cloud_heavy
5827,19,242,15982.4,19178.9,0.8033,cloud_heavy
5828,20,242,14225.7,17070.9,0.7533,cloud_heavy
5829,21,242,13708.2,16449.8,0.7032,cloud_heavy
5830,22,242,13045.8,15654.9,0.6556,cloud_heavy
5831,23,242,13178.8,15814.6,0.6123,cloud_heavy
5832,0,243,11885.6,14262.8,0.473,cloud_heavy
5833,1,243,11620.4,13944.5,0.4835,cloud_heavy
5834,2,243,11975.1,14370.1,0.4974,cloud_heavy
5835,3,243,11478.1,13773.7,0.5152,cloud_heavy
5836,4,243,12750.5,15300.6,0.5373,cloud_heavy
5837,5,243,12356.0,14827.2,0.5636,cloud_heavy
5838,6,243,12913.6,15496.3,0.5939,cloud_heavy
5839,7,243,12667.5,15201.0,0.6272,cloud_heavy
5840,8,243,13320.0,15984.0,0.6623,cloud_heavy
5841,9,243,13763.1,16515.8,0.6973,cloud_heavy
5842,10,243,14178.0,17013.6,0.7303,cloud_heavy
5843,11,243,14654.2,17585.0,0.7589,cloud_heavy
5844,12,243,15283.3,18340.0,0.7811,cloud_heavy
5845,13,243,15105.4,18126.5,0.7952,cloud_heavy
5846,14,243,15252.9,18303.5,0.8,cloud_heavy
5847,15,243,15421.8,18506.1,0.7952,cloud_heavy
5848,16,243,14901.2,17881.5,0.7811,cloud_heavy
5849,17,243,14430.4,17316.5,0.7589,cloud_heavy
5850,18,243,14612.2,17534.6,0.7303,cloud_heavy
5851,19,243,14326.3,17191.6,0.6973,cloud_heavy
5852,20,243,13820.7,16584.8,0.6623,cloud_heavy
5853,21,243,12656.4,15187.7,0.6272,cloud_heavy
5854,22,243,12600.7,15120.9,0.5939,cloud_heavy
5855,23,243,12544.1,15052.9,0.5636,cloud_heavy
5856,0,244,12090.2,14508.3,0.473,cloud_heavy
5857,1,244,11902.7,14283.2,0.4835,cloud_heavy
5858,2,244,12448.8,14938.6,0.4974,cloud_heavy
5859,3,244,12683.9,15220.7,0.5152,cloud_heavy
5860,4,244,12852.0,15422.4,0.5373,cloud_heavy
5861,5,244,13105.9,15727.0,0.5636,cloud_heavy
5862,6,244,12524.9,15029.9,0.5939,cloud_heavy
5863,7,244,13425.6,16110.7,0.6272,cloud_heavy
5864,8,244,13309.8,15971.8,0.6623,cloud_heavy
5865,9,244,13192.9,15831.5,0.6973,cloud_heavy
5866,10,244,14060.5,16872.6,0.7303,cloud_heavy
5867,11,244,15020.4,18024.5,0.7589,cloud_heavy
5868,12,244,14853.3,17824.0,0.7811,cloud_heavy
5869,13,244,15675.3,18810.3,0.7952,cloud_heavy
5870,14,244,14903.8,17884.6,0.8,cloud_heavy
5871,15,244,15865.9,19039.1,0.7952,cloud_heavy
5872,16,244,14728.9,17674.6,0.7811,cloud_heavy
5873,17,244,14456.0,17347.2,0.7589,cloud_heavy
5874,18,244,13638.4,16366.1,0.7303,cloud_heavy
5875,19,244,14342.0,17210.4,0.6973,cloud_heavy
5876,20,244,13352.7,16023.2,0.6623,cloud_heavy
5877,21,244,12977.1,15572.5,0.6272,cloud_heavy
5878,22,244,13423.9,16108.7,0.5939,cloud_heavy
5879,23,244,13087.9,15705.5,0.5636,cloud_heavy
5880,0,245,12309.0,14770.8,0.4829,cloud_heavy
5881,1,245,11911.6,14293.9,0.4978,cloud_heavy
5882,2,245,12206.5,14647.8,0.5177,cloud_heavy
5883,3,245,12437.3,14924.8,0.5431,cloud_heavy
5884,4,245,13049.5,15659.4,0.5747,cloud_heavy
5885,5,245,13707.2,16448.7,0.6123,cloud_heavy
5886,6,245,13644.0,16372.7,0.6556,cloud_heavy
5887,7,245,14758.8,17710.6,0.7032,cloud_heavy
5888,8,245,14782.1,17738.5,0.7533,cloud_heavy
5889,9,245,14751.0,17701.2,0.8033,cloud_heavy
5890,10,245,15668.9,18802.7,0.8504,cloud_heavy
5891,11,245,16467.0,19760.4,0.8912,cloud_heavy
5892,12,245,16914.1,20296.9,0.923,cloud_heavy
5893,13,245,16717.5,20061.0,0.9431,cloud_heavy
5894,14,245,16218.7,19462.5,0.95,cloud_heavy
5895,15,245,16037.8,19245.4,0.9431,cloud_heavy
5896,16,245,16233.2,19479.9,0.923,cloud_heavy
5897,17,245,16451.9,19742.3,0.8912,cloud_heavy
5898,18,245,15487.8,18585.3,0.8504,cloud_heavy
5899,19,245,15058.2,18069.8,0.8033,cloud_heavy
5900,20,245,14416.8,17300.2,0.7533,cloud_heavy
5901,21,245,13796.3,16555.5,0.7032,cloud_heavy
5902,22,245,13429.3,16115.1,0.6556,cloud_heavy
5903,23,245,13150.0,15780.1,0.6123,cloud_heavy
5904,0,246,12518.3,15022.0,0.4829,cloud_heavy
5905,1,246,11955.8,14347.0,0.4978,cloud_heavy
5906,2,246,12244.5,14693.4,0.5177,cloud_heavy
5907,3,246,12136.2,14563.5,0.5431,cloud_heavy
5908,4,246,13024.3,15629.1,0.5747,cloud_heavy
5909,5,246,13633.8,16360.6,0.6123,cloud_heavy
5910,6,246,14152.6,16983.1,0.6556,cloud_heavy
5911,7,246,14018.3,16822.0,0.7032,cloud_heavy
5912,8,246,14642.7,17571.2,0.7533,cloud_heavy
5913,9,246,14787.2,17744.6,0.8033,cloud_heavy
5914,10,246,15531.0,18637.2,0.8504,cloud_heavy
5915,11,246,15812.8,18975.4,0.8912,cloud_heavy
5916,12,246,15985.3,19182.4,0.923,cloud_heavy
5917,13,246,16209.5,19451.3,0.9431,cloud_heavy
5918,14,246,16426.0,19711.2,0.95,cloud_heavy
5919,15,246,16000.3,19200.4,0.9431,cloud_heavy
5920,16,246,15841.3,19009.6,0.923,cloud_heavy
5921,17,246,16467.6,19761.2,0.8912,cloud_heavy
5922,18,246,16532.0,19838.5,0.8504,cloud_heavy
5923,19,246,14318.9,17182.6,0.8033,cloud_heavy
5924,20,246,13850.8,16620.9,0.7533,cloud_heavy
5925,21,246,13533.2,16239.9,0.7032,cloud_heavy
5926,22,246,13453.1,16143.7,0.6556,cloud_heavy
5927,23,246,13448.8,16138.6,0.6123,cloud_heavy
5928,0,247,12115.9,14539.0,0.4829,cloud_heavy
5929,1,247,12104.6,14525.5,0.4978,cloud_heavy
5930,2,247,12419.2,14903.0,0.5177,cloud_heavy
5931,3,247,12201.0,14641.2,0.5431,cloud_heavy
5932,4,247,12656.8,15188.1,0.5747,cloud_heavy
5933,5,247,13088.9,15706.7,0.6123,cloud_heavy
5934,6,247,12853.5,15424.3,0.6556,cloud_heavy
5935,7,247,13447.9,16137.5,0.7032,cloud_heavy
5936,8,247,13910.3,16692.4,0.7533,cloud_heavy
5937,9,247,15196.1,18235.4,0.8033,cloud_heavy
5938,10,247,15401.3,18481.6,0.8504,cloud_heavy
5939,11,247,15952.4,19142.9,0.8912,cloud_heavy
5940,12,247,15076.8,18092.1,0.923,cloud_heavy
5941,13,247,15424.3,18509.1,0.9431,cloud_heavy
5942,14,247,16528.7,19834.4,0.95,cloud_heavy
5943,15,247,14797.1,17756.5,0.9431,cloud_heavy
5944,16,247,16543.7,19852.4,0.923,cloud_heavy
5945,17,247,14808.4,17770.0,0.8912,cloud_heavy
5946,18,247,15675.6,18810.7,0.8504,cloud_heavy
5947,19,247,14459.6,17351.5,0.8033,cloud_heavy
5948,20,247,14847.6,17817.1,0.7533,cloud_heavy
5949,21,247,15274.3,18329.2,0.7032,cloud_heavy
5950,22,247,12574.6,15089.5,0.6556,cloud_heavy
5951,23,247,13370.1,16044.1,0.6123,cloud_heavy
5952,0,248,11258.9,13510.7,0.4829,cloud_heavy
5953,1,248,12196.6,14635.9,0.4978,cloud_heavy
5954,2,248,12149.4,14579.2,0.5177,cloud_heavy
5955,3,248,12508.2,15009.9,0.5431,cloud_heavy
5956,4,248,12401.4,14881.7,0.5747,cloud_heavy
5957,5,248,13403.5,16084.2,0.6123,cloud_heavy
5958,6,248,12908.5,15490.3,0.6556,cloud_heavy
5959,7,248,14452.3,17342.8,0.7032,cloud_heavy
5960,8,248,14217.9,17061.5,0.7533,cloud_heavy
5961,9,248,14230.5,17076.6,0.8033,cloud_heavy
5962,10,248,16020.4,19224.4,0.8504,cloud_heavy
5963,11,248,15633.6,18760.3,0.8912,cloud_heavy
5964,12,248,16870.7,20244.8,0.923,cloud_heavy
5965,13,248,16734.2,20081.1,0.9431,cloud_heavy
5966,14,248,15818.2,18981.8,0.95,cloud_heavy
5967,15,248,16101.6,19321.9,0.9431,cloud_heavy
5968,16,248,16015.4,19218.5,0.923,cloud_heavy
5969,17,248,16382.5,19659.1,0.8912,cloud_heavy
5970,18,248,15489.5,18587.4,0.8504,cloud_heavy
5971,19,248,14934.2,17921.0,0.8033,cloud_heavy
5972,20,248,14308.3,17170.0,0.7533,cloud_heavy
5973,21,248,13912.2,16694.6,0.7032,cloud_heavy
5974,22,248,14023.1,16827.7,0.6556,cloud_heavy
5975,23,248,13098.3,15718.0,0.6123,cloud_heavy
5976,0,249,11763.6,14116.4,0.4829,cloud_heavy
5977,1,249,11838.5,14206.2,0.4978,cloud_heavy
5978,2,249,12022.1,14426.5,0.5177,cloud_heavy
5979,3,249,11935.6,14322.7,0.5431,cloud_heavy
5980,4,249,12463.1,14955.7,0.5747,cloud_heavy
5981,5,249,13685.6,16422.7,0.6123,cloud_heavy
5982,6,249,13411.3,16093.5,0.6556,cloud_heavy
5983,7,249,14227.8,17073.3,0.7032,cloud_heavy
5984,8,249,13324.2,15989.1,0.7533,cloud_heavy
5985,9,249,15108.9,18130.7,0.8033,cloud_heavy
5986,10,249,15214.8,18257.8,0.8504,cloud_heavy
5987,11,249,15439.0,18526.8,0.8912,cloud_heavy
5988,12,249,16044.1,19252.9,0.923,cloud_heavy
5989,13,249,15902.6,19083.2,0.9431,cloud_heavy
5990,14,249,15173.6,18208.4,0.95,cloud_heavy
5991,15,249,16589.4,19907.2,0.9431,cloud_heavy
5992,16,249,16073.8,19288.5,0.923,cloud_heavy
5993,17,249,15517.7,18621.2,0.8912,cloud_heavy
5994,18,249,14845.7,17814.8,0.8504,cloud_heavy
5995,19,249,14200.5,17040.6,0.8033,cloud_heavy
5996,20,249,14491.3,17389.6,0.7533,cloud_heavy
5997,21,249,14607.8,17529.3,0.7032,cloud_heavy
5998,22,249,13577.2,16292.6,0.6556,cloud_heavy
5999,23,249,12553.5,15064.3,0.6123,cloud_heavy
6000,0,250,11893.7,14272.4,0.473,cloud_heavy
6001,1,250,11891.2,14269.5,0.4835,cloud_heavy
6002,2,250,12350.3,14820.4,0.4974,cloud_heavy
6003,3,250,12424.5,14909.4,0.5152,cloud_heavy
6004,4,250,11294.5,13553.4,0.5373,cloud_heavy
6005,5,250,12855.3,15426.4,0.5636,cloud_heavy
6006,6,250,12537.9,15045.5,0.5939,cloud_heavy
6007,7,250,12669.5,15203.4,0.6272,cloud_heavy
6008,8,250,13480.2,16176.3,0.6623,cloud_heavy
6009,9,250,14050.7,16860.8,0.6973,cloud_heavy
6010,10,250,13484.7,16181.6,0.7303,cloud_heavy
6011,11,250,14751.7,17702.0,0.7589,cloud_heavy
6012,12,250,14986.3,17983.6,0.7811,cloud_heavy
6013,13,250,14801.4,17761.7,0.7952,cloud_heavy
6014,14,250,14439.1,17326.9,0.8,cloud_heavy
6015,15,250,14346.3,17215.5,0.7952,cloud_heavy
6016,16,250,15101.8,18122.1,0.7811,cloud_heavy
6017,17,250,13791.4,16549.6,0.7589,cloud_heavy
6018,18,250,14635.7,17562.8,0.7303,cloud_heavy
6019,19,250,13810.8,16572.9,0.6973,cloud_heavy
6020,20,250,13517.9,16221.5,0.6623,cloud_heavy
6021,21,250,12555.8,15067.0,0.6272,cloud_heavy
6022,22,250,12870.2,15444.2,0.5939,cloud_heavy
6023,23,250,12881.2,15457.5,0.5636,cloud_heavy
6024,0,251,11340.3,13608.3,0.473,cloud_heavy
6025,1,251,12088.5,14506.2,0.4835,cloud_heavy
6026,2,251,12070.4,14484.5,0.4974,cloud_heavy
6027,3,251,11966.8,14360.1,0.5152,cloud_heavy
6028,4,251,12723.8,15268.6,0.5373,cloud_heavy
6029,5,251,11812.8,14175.3,0.5636,cloud_heavy
6030,6,251,13061.5,15673.8,0.5939,cloud_heavy
6031,7,251,13876.9,16652.3,0.6272,cloud_heavy
6032,8,251,14142.5,16971.0,0.6623,cloud_heavy
6033,9,251,14041.9,16850.2,0.6973,cloud_heavy
6034,10,251,14054.4,16865.3,0.7303,cloud_heavy
6035,11,251,14170.7,17004.9,0.7589,cloud_heavy
6036,12,251,14517.7,17421.2,0.7811,cloud_heavy
6037,13,251,15021.7,18026.0,0.7952,cloud_heavy
6038,14,251,14466.0,17359.2,0.8,cloud_heavy
6039,15,251,15116.4,18139.7,0.7952,cloud_heavy
6040,16,251,15588.4,18706.1,0.7811,cloud_heavy
6041,17,251,14419.5,17303.4,0.7589,cloud_heavy
6042,18,251,13610.8,16332.9,0.7303,cloud_heavy
6043,19,251,13319.6,15983.5,0.6973,cloud_heavy
6044,20,251,13872.7,16647.3,0.6623,cloud_heavy
6045,21,251,13210.2,15852.3,0.6272,cloud_heavy
6046,22,251,13267.1,15920.5,0.5939,cloud_heavy
6047,23,251,12445.9,14935.1,0.5636,cloud_heavy
6048,0,252,12201.4,14641.6,0.4829,cloud_heavy
6049,1,252,11985.2,14382.3,0.4978,cloud_heavy
6050,2,252,11956.5,14347.8,0.5177,cloud_heavy
6051,3,252,12309.8,14771.8,0.5431,cloud_heavy
6052,4,252,12292.3,14750.7,0.5747,cloud_heavy
6053,5,252,13878.5,16654.2,0.6123,cloud_heavy
6054,6,252,13455.9,16147.1,0.6556,cloud_heavy
6055,7,252,14202.7,17043.3,0.7032,cloud_heavy
6056,8,252,14162.8,16995.4,0.7533,cloud_heavy
6057,9,252,14386.8,17264.2,0.8033,cloud_heavy
6058,10,252,15181.5,18217.8,0.8504,cloud_heavy
6059,11,252,16182.8,19419.3,0.8912,cloud_heavy
6060,12,252,15708.2,18849.8,0.923,cloud_heavy
6061,13,252,15721.2,18865.4,0.9431,cloud_heavy
6062,14,252,16281.8,19538.2,0.95,cloud_heavy
6063,15,252,16384.4,19661.3,0.9431,cloud_heavy
6064,16,252,16743.9,20092.7,0.923,cloud_heavy
6065,17,252,15831.5,18997.8,0.8912,cloud_heavy
6066,18,252,15584.2,18701.0,0.8504,cloud_heavy
6067,19,252,15176.2,18211.4,0.8033,cloud_heavy
6068,20,252,13896.7,16676.1,0.7533,cloud_heavy
6069,21,252,13530.7,16236.8,0.7032,cloud_heavy
6070,22,252,13056.1,15667.3,0.6556,cloud_heavy
6071,23,252,12573.4,15088.1,0.6123,cloud_heavy
6072,0,253,12188.8,14626.6,0.4829,cloud_heavy
6073,1,253,12147.2,14576.6,0.4978,cloud_heavy
6074,2,253,12254.3,14705.2,0.5177,cloud_heavy
6075,3,253,11490.6,13788.7,0.5431,cloud_heavy
6076,4,253,13536.4,16243.6,0.5747,cloud_heavy
6077,5,253,12745.5,15294.6,0.6123,cloud_heavy
6078,6,253,14325.6,17190.7,0.6556,cloud_heavy
6079,7,253,13327.6,15993.1,0.7032,cloud_heavy
6080,8,253,14043.8,16852.6,0.7533,cloud_heavy
6081,9,253,13873.9,16648.6,0.8033,cloud_heavy
6082,10,253,15454.9,18545.9,0.8504,cloud_heavy
6083,11,253,15147.7,18177.2,0.8912,cloud_heavy
6084,12,253,15443.8,18532.5,0.923,cloud_heavy
6085,13,253,15478.1,18573.7,0.9431,cloud_heavy
6086,14,253,16584.2,19901.0,0.95,cloud_heavy
6087,15,253,16487.3,19784.8,0.9431,cloud_heavy
6088,16,253,16824.9,20189.9,0.923,cloud_heavy
6089,17,253,15343.0,18411.6,0.8912,cloud_heavy
6090,18,253,15389.2,18467.0,0.8504,cloud_heavy
6091,19,253,14281.0,17137.2,0.8033,cloud_heavy
6092,20,253,14250.0,17100.0,0.7533,cloud_heavy
6093,21,253,13716.5,16459.8,0.7032,cloud_heavy
6094,22,253,13682.9,16419.5,0.6556,cloud_heavy
6095,23,253,13496.4,16195.7,0.6123,cloud_heavy
6096,0,254,12258.7,14710.4,0.4829,cloud_heavy
6097,1,254,11737.9,14085.5,0.4978,cloud_heavy
6098,2,254,12591.4,15109.7,0.5177,cloud_heavy
6099,3,254,12443.2,14931.9,0.5431,cloud_heavy
6100,4,254,12626.0,15151.2,0.5747,cloud_heavy
6101,5,254,12818.5,15382.2,0.6123,cloud_heavy
6102,6,254,13268.2,15921.9,0.6556,cloud_heavy
6103,7,254,14661.6,17593.9,0.7032,cloud_heavy
6104,8,254,14527.4,17432.9,0.7533,cloud_heavy
6105,9,254,14933.4,17920.1,0.8033,cloud_heavy
6106,10,254,15168.5,18202.2,0.8504,cloud_heavy
6107,11,254,16814.8,20177.7,0.8912,cloud_heavy
6108,12,254,16582.2,19898.6,0.923,cloud_heavy
6109,13,254,15793.5,18952.3,0.9431,cloud_heavy
6110,14,254,16073.2,19287.9,0.95,cloud_heavy
6111,15,254,16039.0,19246.8,0.9431,cloud_heavy
6112,16,254,16027.3,19232.7,0.923,cloud_heavy
6113,17,254,15335.7,18402.8,0.8912,cloud_heavy
6114,18,254,15490.1,18588.1,0.8504,cloud_heavy
6115,19,254,15502.8,18603.3,0.8033,cloud_heavy
6116,20,254,13827.4,16592.9,0.7533,cloud_heavy
6117,21,254,13461.8,16154.1,0.7032,cloud_heavy
6118,22,254,13299.3,15959.2,0.6556,cloud_heavy
6119,23,254,12925.2,15510.3,0.6123,cloud_heavy
6120,0,255,12618.4,15142.1,0.4829,cloud_heavy
6121,1,255,12404.3,14885.1,0.4978,cloud_heavy
6122,2,255,12571.5,15085.8,0.5177,cloud_heavy
6123,3,255,12360.9,14833.1,0.5431,cloud_heavy
6124,4,255,12640.6,15168.8,0.5747,cloud_heavy
6125,5,255,12526.5,15031.7,0.6123,cloud_heavy
6126,6,255,13811.4,16573.7,0.6556,cloud_heavy
6127,7,255,14138.6,16966.3,0.7032,cloud_heavy
6128,8,255,14950.0,17940.0,0.7533,cloud_heavy
6129,9,255,14761.6,17714.0,0.8033,cloud_heavy
6130,10,255,15223.8,18268.5,0.8504,cloud_heavy
6131,11,255,15745.2,18894.2,0.8912,cloud_heavy
6132,12,255,16384.4,19661.3,0.923,cloud_heavy
6133,13,255,15430.7,18516.9,0.9431,cloud_heavy
6134,14,255,16564.1,19876.9,0.95,cloud_heavy
6135,15,255,16132.8,19359.4,0.9431,cloud_heavy
6136,16,255,15450.6,18540.8,0.923,cloud_heavy
6137,17,255,14685.6,17622.7,0.8912,cloud_heavy
6138,18,255,15226.2,18271.5,0.8504,cloud_heavy
6139,19,255,15500.8,18601.0,0.8033,cloud_heavy
6140,20,255,15117.8,18141.4,0.7533,cloud_heavy
6141,21,255,14081.9,16898.3,0.7032,cloud_heavy
6142,22,255,14289.2,17147.1,0.6556,cloud_heavy
6143,23,255,13080.0,15696.0,0.6123,cloud_heavy
6144,0,256,12245.2,14694.2,0.4829,cloud_heavy
6145,1,256,11879.4,14255.3,0.4978,cloud_heavy
6146,2,256,12036.5,14443.7,0.5177,cloud_heavy
6147,3,256,12206.5,14647.7,0.5431,cloud_heavy
6148,4,256,11962.0,14354.4,0.5747,cloud_heavy
6149,5,256,13602.5,16323.1,0.6123,cloud_heavy
6150,6,256,13235.1,15882.2,0.6556,cloud_heavy
6151,7,256,13598.3,16318.0,0.7032,cloud_heavy
6152,8,256,13885.1,16662.1,0.7533,cloud_heavy
6153,9,256,14764.5,17717.4,0.8033,cloud_heavy
6154,10,256,16097.7,19317.2,0.8504,cloud_heavy
6155,11,256,16649.2,19979.1,0.8912,cloud_heavy
6156,12,256,15162.3,18194.8,0.923,cloud_heavy
6157,13,256,15971.1,19165.3,0.9431,cloud_heavy
6158,14,256,15703.4,18844.0,0.95,cloud_heavy
6159,15,256,16621.4,19945.7,0.9431,cloud_heavy
6160,16,256,16094.6,19313.6,0.923,cloud_heavy
6161,17,256,15366.1,18439.3,0.8912,cloud_heavy
6162,18,256,15322.1,18386.5,0.8504,cloud_heavy
6163,19,256,14642.8,17571.4,0.8033,cloud_heavy
6164,20,256,15091.7,18110.1,0.7533,cloud_heavy
6165,21,256,14162.0,16994.4,0.7032,cloud_heavy
6166,22,256,13766.1,16519.3,0.6556,cloud_heavy
6167,23,256,12049.0,14458.8,0.6123,cloud_heavy
6168,0,257,11790.2,14148.3,0.473,cloud_heavy
6169,1,257,12654.7,15185.6,0.4835,cloud_heavy
6170,2,257,12517.2,15020.6,0.4974,cloud_heavy
6171,3,257,11526.2,13831.5,0.5152,cloud_heavy
6172,4,257,12289.1,14746.9,0.5373,cloud_heavy
6173,5,257,12192.5,14631.0,0.5636,cloud_heavy
6174,6,257,13590.6,16308.8,0.5939,cloud_heavy
6175,7,257,13330.9,15997.1,0.6272,cloud_heavy
6176,8,257,13244.6,15893.5,0.6623,cloud_heavy
6177,9,257,13893.8,16672.5,0.6973,cloud_heavy
6178,10,257,13073.4,15688.1,0.7303,cloud_heavy
6179,11,257,13976.1,16771.3,0.7589,cloud_heavy
6180,12,257,14666.8,17600.2,0.7811,cloud_heavy
6181,13,257,15155.5,18186.6,0.7952,cloud_heavy
6182,14,257,13961.6,16753.9,0.8,cloud_heavy
6183,15,257,14611.5,17533.8,0.7952,cloud_heavy
6184,16,257,15094.6,18113.5,0.7811,cloud_heavy
6185,17,257,13817.3,16580.7,0.7589,cloud_heavy
6186,18,257,14280.3,17136.4,0.7303,cloud_heavy
6187,19,257,13907.0,16688.4,0.6973,cloud_heavy
6188,20,257,14254.1,17105.0,0.6623,cloud_heavy
6189,21,257,13142.6,15771.1,0.6272,cloud_heavy
6190,22,257,12860.5,15432.6,0.5939,cloud_heavy
6191,23,257,12972.8,15567.4,0.5636,cloud_heavy
6192,0,258,11343.8,13612.6,0.473,cloud_heavy
6193,1,258,11831.4,14197.7,0.4835,cloud_heavy
6194,2,258,11873.7,14248.4,0.4974,cloud_heavy
6195,3,258,12151.6,14581.9,0.5152,cloud_heavy
6196,4,258,12721.5,15265.8,0.5373,cloud_heavy
6197,5,258,12858.7,15430.4,0.5636,cloud_heavy
6198,6,258,12636.7,15164.1,0.5939,cloud_heavy
6199,7,258,13288.2,15945.9,0.6272,cloud_heavy
6200,8,258,14163.1,16995.7,0.6623,cloud_heavy
6201,9,258,13533.4,16240.1,0.6973,cloud_heavy
6202,10,258,14244.6,17093.5,0.7303,cloud_heavy
6203,11,258,14362.6,17235.1,0.7589,cloud_heavy
6204,12,258,14623.1,17547.8,0.7811,cloud_heavy
6205,13,258,14057.5,16869.0,0.7952,cloud_heavy
6206,14,258,15452.4,18542.9,0.8,cloud_heavy
6207,15,258,14437.2,17324.6,0.7952,cloud_heavy
6208,16,258,15101.8,18122.2,0.7811,cloud_heavy
6209,17,258,14177.0,17012.4,0.7589,cloud_heavy
6210,18,258,13916.7,16700.0,0.7303,cloud_heavy
6211,19,258,14384.7,17261.6,0.6973,cloud_heavy
6212,20,258,13961.1,16753.3,0.6623,cloud_heavy
6213,21,258,13316.8,15980.2,0.6272,cloud_heavy
6214,22,258,13222.2,15866.7,0.5939,cloud_heavy
6215,23,258,12538.9,15046.7,0.5636,cloud_heavy
6216,0,259,11901.7,14282.1,0.4829,cloud_heavy
6217,1,259,11803.4,14164.0,0.4978,cloud_heavy
6218,2,259,12556.8,15068.1,0.5177,cloud_heavy
6219,3,259,12200.5,14640.6,0.5431,cloud_heavy
6220,4,259,13318.2,15981.9,0.5747,cloud_heavy
6221,5,259,12972.7,15567.3,0.6123,cloud_heavy
6222,6,259,13503.2,16203.9,0.6556,cloud_heavy
6223,7,259,14250.5,17100.6,0.7032,cloud_heavy
6224,8,259,14405.0,17285.9,0.7533,cloud_heavy
6225,9,259,14722.8,17667.4,0.8033,cloud_heavy
6226,10,259,15275.0,18330.0,0.8504,cloud_heavy
6227,11,259,16085.3,19302.4,0.8912,cloud_heavy
6228,12,259,15640.1,18768.1,0.923,cloud_heavy
6229,13,259,16081.6,19297.9,0.9431,cloud_heavy
6230,14,259,16211.3,19453.5,0.95,cloud_heavy
6231,15,259,16561.4,19873.7,0.9431,cloud_heavy
6232,16,259,15909.6,19091.6,0.923,cloud_heavy
6233,17,259,16515.1,19818.1,0.8912,cloud_heavy
6234,18,259,15217.0,18260.4,0.8504,cloud_heavy
6235,19,259,14749.7,17699.6,0.8033,cloud_heavy
6236,20,259,14320.8,17185.0,0.7533,cloud_heavy
6237,21,259,13383.0,16059.6,0.7032,cloud_heavy
6238,22,259,13075.2,15690.2,0.6556,cloud_heavy
6239,23,259,12888.3,15466.0,0.6123,cloud_heavy
6240,0,260,12310.4,14772.4,0.4829,cloud_heavy
6241,1,260,12030.4,14436.5,0.4978,cloud_heavy
6242,2,260,12047.4,14456.9,0.5177,cloud_heavy
6243,3,260,12918.2,15501.8,0.5431,cloud_heavy
6244,4,260,13343.5,16012.2,0.5747,cloud_heavy
6245,5,260,13590.1,16308.1,0.6123,cloud_heavy
6246,6,260,13149.5,15779.4,0.6556,cloud_heavy
6247,7,260,13726.3,16471.6,0.7032,cloud_heavy
6248,8,260,15177.9,18213.5,0.7533,cloud_heavy
6249,9,260,14963.1,17955.7,0.8033,cloud_heavy
6250,10,260,15166.1,18199.3,0.8504,cloud_heavy
6251,11,260,16002.8,19203.4,0.8912,cloud_heavy
6252,12,260,16439.7,19727.6,0.923,cloud_heavy
6253,13,260,15866.0,19039.2,0.9431,cloud_heavy
6254,14,260,16312.9,19575.5,0.95,cloud_heavy
6255,15,260,16591.5,19909.8,0.9431,cloud_heavy
6256,16,260,15402.0,18482.4,0.923,cloud_heavy
6257,17,260,15671.0,18805.3,0.8912,cloud_heavy
6258,18,260,14777.7,17733.2,0.8504,cloud_heavy
6259,19,260,14417.3,17300.7,0.8033,cloud_heavy
6260,20,260,14151.5,16981.8,0.7533,cloud_heavy
6261,21,260,14132.8,16959.3,0.7032,cloud_heavy
6262,22,260,13364.5,16037.5,0.6556,cloud_heavy
6263,23,260,12842.1,15410.5,0.6123,cloud_heavy
6264,0,261,11923.1,14307.7,0.4829,cloud_heavy
6265,1,261,11628.0,13953.6,0.4978,cloud_heavy
6266,2,261,12382.5,14858.9,0.5177,cloud_heavy
6267,3,261,12882.6,15459.1,0.5431,cloud_heavy
6268,4,261,12719.8,15263.8,0.5747,cloud_heavy
6269,5,261,13017.2,15620.7,0.6123,cloud_heavy
6270,6,261,13646.1,16375.3,0.6556,cloud_heavy
6271,7,261,13085.4,15702.5,0.7032,cloud_heavy
6272,8,261,14626.5,17551.8,0.7533,cloud_heavy
6273,9,261,16238.0,19485.6,0.8033,cloud_heavy
6274,10,261,15232.5,18279.1,0.8504,cloud_heavy
6275,11,261,15609.3,18731.1,0.8912,cloud_heavy
6276,12,261,16313.4,19576.1,0.923,cloud_heavy
6277,13,261,16939.6,20327.5,0.9431,cloud_heavy
6278,14,261,16680.3,20016.3,0.95,cloud_heavy
6279,15,261,15098.8,18118.6,0.9431,cloud_heavy
6280,16,261,16227.2,19472.6,0.923,cloud_heavy
6281,17,261,16873.9,20248.7,0.8912,cloud_heavy
6282,18,261,15574.3,18689.2,0.8504,cloud_heavy
6283,19,261,14341.0,17209.2,0.8033,cloud_heavy
6284,20,261,14516.4,17419.6,0.7533,cloud_heavy
6285,21,261,13398.0,16077.6,0.7032,cloud_heavy
6286,22,261,13994.0,16792.8,0.6556,cloud_heavy
6287,23,261,12721.3,15265.5,0.6123,cloud_heavy
6288,0,262,11931.2,14317.5,0.4829,cloud_heavy
6289,1,262,11732.5,14079.0,0.4978,cloud_heavy
6290,2,262,12024.8,14429.7,0.5177,cloud_heavy
6291,3,262,13015.2,15618.3,0.5431,cloud_heavy
6292,4,262,12789.7,15347.7,0.5747,cloud_heavy
6293,5,262,12877.1,15452.5,0.6123,cloud_heavy
6294,6,262,13031.3,15637.5,0.6556,cloud_heavy
6295,7,262,13151.0,15781.2,0.7032,cloud_heavy
6296,8,262,13854.3,16625.2,0.7533,cloud_heavy
6297,9,262,14905.5,17886.6,0.8033,cloud_heavy
6298,10,262,15738.4,18886.1,0.8504,cloud_heavy
6299,11,262,15401.9,18482.3,0.8912,cloud_heavy
6300,12,262,16709.3,20051.2,0.923,cloud_heavy
6301,13,262,15795.3,18954.3,0.9431,cloud_heavy
6302,14,262,16090.5,19308.6,0.95,cloud_heavy
6303,15,262,15619.9,18743.9,0.9431,cloud_heavy
6304,16,262,16431.7,19718.1,0.923,cloud_heavy
6305,17,262,16651.0,19981.2,0.8912,cloud_heavy
6306,18,262,14480.7,17376.9,0.8504,cloud_heavy
6307,19,262,14701.3,17641.6,0.8033,cloud_heavy
6308,20,262,14940.8,17929.0,0.7533,cloud_heavy
6309,21,262,13328.5,15994.2,0.7032,cloud_heavy
6310,22,262,13724.3,16469.2,0.6556,cloud_heavy
6311,23,262,13576.8,16292.1,0.6123,cloud_heavy
6312,0,263,11932.6,14319.2,0.4829,cloud_heavy
6313,1,263,12241.2,14689.4,0.4978,cloud_heavy
6314,2,263,12871.0,15445.2,0.5177,cloud_heavy
6315,3,263,13188.0,15825.6,0.5431,cloud_heavy
6316,4,263,12726.4,15271.7,0.5747,cloud_heavy
6317,5,263,12887.7,15465.2,0.6123,cloud_heavy
6318,6,263,13122.5,15747.0,0.6556,cloud_heavy
6319,7,263,14341.7,17210.0,0.7032,cloud_heavy
6320,8,263,13802.3,16562.7,0.7533,cloud_heavy
6321,9,263,14743.0,17691.7,0.8033,cloud_heavy
6322,10,263,15335.9,18403.1,0.8504,cloud_heavy
6323,11,263,15428.9,18514.6,0.8912,cloud_heavy
6324,12,263,16091.4,19309.7,0.923,cloud_heavy
6325,13,263,17384.7,20861.6,0.9431,cloud_heavy
6326,14,263,16147.1,19376.6,0.95,cloud_heavy
6327,15,263,15931.9,19118.3,0.9431,cloud_heavy
6328,16,263,16443.5,19732.2,0.923,cloud_heavy
6329,17,263,15777.8,18933.4,0.8912,cloud_heavy
6330,18,263,15949.0,19138.8,0.8504,cloud_heavy
6331,19,263,14929.0,17914.8,0.8033,cloud_heavy
6332,20,263,14287.4,17144.8,0.7533,cloud_heavy
6333,21,263,13187.7,15825.3,0.7032,cloud_heavy
6334,22,263,12839.2,15407.0,0.6556,cloud_heavy
6335,23,263,12375.6,14850.7,0.6123,cloud_heavy
6336,0,264,11948.4,14338.0,0.473,cloud_heavy
6337,1,264,11423.6,13708.3,0.4835,cloud_heavy
6338,2,264,12491.7,14990.0,0.4974,cloud_heavy
6339,3,264,12213.5,14656.2,0.5152,cloud_heavy
6340,4,264,12314.8,14777.8,0.5373,cloud_heavy
6341,5,264,12328.2,14793.9,0.5636,cloud_heavy
6342,6,264,13168.4,15802.1,0.5939,cloud_heavy
6343,7,264,12914.6,15497.5,0.6272,cloud_heavy
6344,8,264,13156.1,15787.3,0.6623,cloud_heavy
6345,9,264,14374.4,17249.2,0.6973,cloud_heavy
6346,10,264,14333.7,17200.4,0.7303,cloud_heavy
6347,11,264,14344.5,17213.4,0.7589,cloud_heavy
6348,12,264,14932.8,17919.3,0.7811,cloud_heavy
6349,13,264,14784.5,17741.4,0.7952,cloud_heavy
6350,14,264,14995.3,17994.4,0.8,cloud_heavy
6351,15,264,14418.3,17302.0,0.7952,cloud_heavy
6352,16,264,15560.8,18673.0,0.7811,cloud_heavy
6353,17,264,14195.1,17034.1,0.7589,cloud_heavy
6354,18,264,14844.9,17813.8,0.7303,cloud_heavy
6355,19,264,13800.9,16561.1,0.6973,cloud_heavy
6356,20,264,13885.1,16662.2,0.6623,cloud_heavy
6357,21,264,13525.5,16230.6,0.6272,cloud_heavy
6358,22,264,13371.8,16046.2,0.5939,cloud_heavy
6359,23,264,12329.4,14795.3,0.5636,cloud_heavy
6360,0,265,12195.1,14634.2,0.473,cloud_heavy
6361,1,265,12570.1,15084.1,0.4835,cloud_heavy
6362,2,265,11944.8,14333.8,0.4974,cloud_heavy
6363,3,265,12215.1,14658.1,0.5152,cloud_heavy
6364,4,265,12210.9,14653.1,0.5373,cloud_heavy
6365,5,265,12517.0,15020.3,0.5636,cloud_heavy
6366,6,265,13590.8,16308.9,0.5939,cloud_heavy
6367,7,265,12835.3,15402.3,0.6272,cloud_heavy
6368,8,265,13173.7,15808.5,0.6623,cloud_heavy
6369,9,265,14550.3,17460.4,0.6973,cloud_heavy
6370,10,265,14448.5,17338.2,0.7303,cloud_heavy
6371,11,265,15365.2,18438.3,0.7589,cloud_heavy
6372,12,265,14452.9,17343.4,0.7811,cloud_heavy
6373,13,265,14836.5,17803.9,0.7952,cloud_heavy
6374,14,265,14531.2,17437.4,0.8,cloud_heavy
6375,15,265,14844.1,17812.9,0.7952,cloud_heavy
6376,16,265,13871.1,16645.3,0.7811,cloud_heavy
6377,17,265,14743.1,17691.8,0.7589,cloud_heavy
6378,18,265,14320.4,17184.5,0.7303,cloud_heavy
6379,19,265,13855.6,16626.7,0.6973,cloud_heavy
6380,20,265,13398.1,16077.7,0.6623,cloud_heavy
6381,21,265,12878.7,15454.5,0.6272,cloud_heavy
6382,22,265,13209.3,15851.1,0.5939,cloud_heavy
6383,23,265,12204.0,14644.8,0.5636,cloud_heavy
6384,0,266,12087.5,14505.0,0.4829,cloud_heavy
6385,1,266,12791.8,15350.2,0.4978,cloud_heavy
6386,2,266,12770.0,15324.0,0.5177,cloud_heavy
6387,3,266,11897.1,14276.5,0.5431,cloud_heavy
6388,4,266,12544.8,15053.8,0.5747,cloud_heavy
6389,5,266,13262.4,15914.9,0.6123,cloud_heavy
6390,6,266,13466.5,16159.8,0.6556,cloud_heavy
6391,7,266,13348.4,16018.1,0.7032,cloud_heavy
6392,8,266,14561.0,17473.3,0.7533,cloud_heavy
6393,9,266,14851.1,17821.4,0.8033,cloud_heavy
6394,10,266,16166.8,19400.2,0.8504,cloud_heavy
6395,11,266,15546.2,18655.5,0.8912,cloud_heavy
6396,12,266,16516.6,19819.9,0.923,cloud_heavy
6397,13,266,15529.1,18634.9,0.9431,cloud_heavy
6398,14,266,15706.4,18847.7,0.95,cloud_heavy
6399,15,266,16492.2,19790.7,0.9431,cloud_heavy
6400,16,266,16476.2,19771.5,0.923,cloud_heavy
6401,17,266,15215.3,18258.4,0.8912,cloud_heavy
6402,18,266,15299.9,18359.8,0.8504,cloud_heavy
6403,19,266,14239.9,17087.9,0.8033,cloud_heavy
6404,20,266,14316.4,17179.7,0.7533,cloud_heavy
6405,21,266,14283.2,17139.8,0.7032,cloud_heavy
6406,22,266,13318.8,15982.6,0.6556,cloud_heavy
6407,23,266,12999.0,15598.8,0.6123,cloud_heavy
6408,0,267,11501.2,13801.5,0.4829,cloud_heavy
6409,1,267,11808.2,14169.8,0.4978,cloud_heavy
6410,2,267,12870.0,15444.0,0.5177,cloud_heavy
6411,3,267,12487.0,14984.4,0.5431,cloud_heavy
6412,4,267,12366.8,14840.1,0.5747,cloud_heavy
6413,5,267,12973.2,15567.8,0.6123,cloud_heavy
6414,6,267,12848.2,15417.8,0.6556,cloud_heavy
6415,7,267,13509.4,16211.3,0.7032,cloud_heavy
6416,8,267,14982.1,17978.5,0.7533,cloud_heavy
6417,9,267,14792.1,17750.5,0.8033,cloud_heavy
6418,10,267,16156.0,19387.2,0.8504,cloud_heavy
6419,11,267,15620.4,18744.5,0.8912,cloud_heavy
6420,12,267,15940.2,19128.3,0.923,cloud_heavy
6421,13,267,16453.1,19743.7,0.9431,cloud_heavy
6422,14,267,14906.9,17888.2,0.95,cloud_heavy
6423,15,267,16242.0,19490.4,0.9431,cloud_heavy
6424,16,267,15934.0,19120.8,0.923,cloud_heavy
6425,17,267,16363.6,19636.3,0.8912,cloud_heavy
6426,18,267,15731.3,18877.5,0.8504,cloud_heavy
6427,19,267,14350.4,17220.4,0.8033,cloud_heavy
6428,20,267,14931.1,17917.3,0.7533,cloud_heavy
6429,21,267,13823.7,16588.4,0.7032,cloud_heavy
6430,22,267,13128.7,15754.5,0.6556,cloud_heavy
6431,23,267,13174.3,15809.1,0.6123,cloud_heavy
6432,0,268,11832.3,14198.7,0.4829,cloud_heavy
6433,1,268,12598.2,15117.8,0.4978,cloud_heavy
6434,2,268,12350.1,14820.1,0.5177,cloud_heavy
6435,3,268,12536.6,15043.9,0.5431,cloud_heavy
6436,4,268,13094.6,15713.6,0.5747,cloud_heavy
6437,5,268,13526.2,16231.5,0.6123,cloud_heavy
6438,6,268,13812.2,16574.6,0.6556,cloud_heavy
6439,7,268,14526.7,17432.0,0.7032,cloud_heavy
6440,8,268,14657.5,17589.0,0.7533,cloud_heavy
6441,9,268,14930.3,17916.4,0.8033,cloud_heavy
6442,10,268,15857.2,19028.6,0.8504,cloud_heavy
6443,11,268,15622.5,18747.0,0.8912,cloud_heavy
6444,12,268,15973.4,19168.0,0.923,cloud_heavy
6445,13,268,16976.5,20371.8,0.9431,cloud_heavy
6446,14,268,16994.8,20393.8,0.95,cloud_heavy
6447,15,268,16138.8,19366.5,0.9431,cloud_heavy
6448,16,268,15740.3,18888.4,0.923,cloud_heavy
6449,17,268,16352.9,19623.5,0.8912,cloud_heavy
6450,18,268,15655.9,18787.1,0.8504,cloud_heavy
6451,19,268,14996.3,17995.5,0.8033,cloud_heavy
6452,20,268,14255.7,17106.8,0.7533,cloud_heavy
6453,21,268,14072.0,16886.4,0.7032,cloud_heavy
6454,22,268,13486.1,16183.3,0.6556,cloud_heavy
6455,23,268,12835.8,15403.0,0.6123,cloud_heavy
6456,0,269,11950.8,14341.0,0.4829,cloud_heavy
6457,1,269,12138.3,14565.9,0.4978,cloud_heavy
6458,2,269,12087.5,14505.0,0.5177,cloud_heavy
6459,3,269,12797.5,15357.1,0.5431,cloud_heavy
6460,4,269,13243.1,15891.8,0.5747,cloud_heavy
6461,5,269,13477.9,16173.5,0.6123,cloud_heavy
6462,6,269,13383.1,16059.7,0.6556,cloud_heavy
6463,7,269,14249.3,17099.1,0.7032,cloud_heavy
6464,8,269,14428.3,17314.0,0.7533,cloud_heavy
6465,9,269,14304.9,17165.9,0.8033,cloud_heavy
6466,10,269,15597.4,18716.8,0.8504,cloud_heavy
6467,11,269,15733.9,18880.7,0.8912,cloud_heavy
6468,12,269,17199.0,20638.8,0.923,cloud_heavy
6469,13,269,16848.5,20218.2,0.9431,cloud_heavy
6470,14,269,16552.0,19862.4,0.95,cloud_heavy
6471,15,269,16263.4,19516.1,0.9431,cloud_heavy
6472,16,269,16035.8,19243.0,0.923,cloud_heavy
6473,17,269,15193.6,18232.3,0.8912,cloud_heavy
6474,18,269,14491.2,17389.4,0.8504,cloud_heavy
6475,19,269,14466.7,17360.1,0.8033,cloud_heavy
6476,20,269,14374.0,17248.9,0.7533,cloud_heavy
6477,21,269,13053.2,15663.9,0.7032,cloud_heavy
6478,22,269,13274.5,15929.5,0.6556,cloud_heavy
6479,23,269,12999.5,15599.5,0.6123,cloud_heavy
6480,0,270,11827.8,14193.3,0.4829,cloud_heavy
6481,1,270,11803.3,14164.0,0.4978,cloud_heavy
6482,2,270,12099.9,14519.9,0.5177,cloud_heavy
6483,3,270,13104.1,15724.9,0.5431,cloud_heavy
6484,4,270,13003.4,15604.1,0.5747,cloud_heavy
6485,5,270,12876.7,15452.0,0.6123,cloud_heavy
6486,6,270,13467.2,16160.7,0.6556,cloud_heavy
6487,7,270,13921.5,16705.8,0.7032,cloud_heavy
6488,8,270,14063.0,16875.6,0.7533,cloud_heavy
6489,9,270,14512.8,17415.4,0.8033,cloud_heavy
6490,10,270,15752.3,18902.8,0.8504,cloud_heavy
6491,11,270,15468.0,18561.6,0.8912,cloud_heavy
6492,12,270,15433.4,18520.1,0.923,cloud_heavy
6493,13,270,16121.9,19346.2,0.9431,cloud_heavy
6494,14,270,16263.6,19516.3,0.95,cloud_heavy
6495,15,270,15187.4,18224.9,0.9431,cloud_heavy
6496,16,270,15937.9,19125.5,0.923,cloud_heavy
6497,17,270,16073.2,19287.8,0.8912,cloud_heavy
6498,18,270,15495.8,18594.9,0.8504,cloud_heavy
6499,19,270,15849.4,19019.2,0.8033,cloud_heavy
6500,20,270,14934.9,17921.9,0.7533,cloud_heavy
6501,21,270,14539.0,17446.8,0.7032,cloud_heavy
6502,22,270,14628.5,17554.2,0.6556,cloud_heavy
6503,23,270,13394.7,16073.7,0.6123,cloud_heavy
6504,0,271,11871.7,14246.1,0.473,cloud_heavy
6505,1,271,12258.2,14709.9,0.4835,cloud_heavy
6506,2,271,11836.3,14203.5,0.4974,cloud_heavy
6507,3,271,12241.8,14690.2,0.5152,cloud_heavy
6508,4,271,12164.7,14597.6,0.5373,cloud_heavy
6509,5,271,12799.4,15359.3,0.5636,cloud_heavy
6510,6,271,12674.2,15209.1,0.5939,cloud_heavy
6511,7,271,12961.2,15553.5,0.6272,cloud_heavy
6512,8,271,13725.0,16470.1,0.6623,cloud_heavy
6513,9,271,13822.2,16586.7,0.6973,cloud_heavy
6514,10,271,13362.7,16035.2,0.7303,cloud_heavy
6515,11,271,13815.5,16578.6,0.7589,cloud_heavy
6516,12,271,14146.6,16975.9,0.7811,cloud_heavy
6517,13,271,14389.0,17266.8,0.7952,cloud_heavy
6518,14,271,15009.3,18011.2,0.8,cloud_heavy
6519,15,271,14877.6,17853.2,0.7952,cloud_heavy
6520,16,271,15119.0,18142.9,0.7811,cloud_heavy
6521,17,271,14772.6,17727.1,0.7589,cloud_heavy
6522,18,271,14638.9,17566.6,0.7303,cloud_heavy
6523,19,271,14132.9,16959.5,0.6973,cloud_heavy
6524,20,271,13642.2,16370.6,0.6623,cloud_heavy
6525,21,271,13670.4,16404.5,0.6272,cloud_heavy
6526,22,271,13283.6,15940.3,0.5939,cloud_heavy
6527,23,271,12791.1,15349.3,0.5636,cloud_heavy
6528,0,272,12264.4,14717.3,0.473,cloud_heavy
6529,1,272,11072.1,13286.6,0.4835,cloud_heavy
6530,2,272,11933.4,14320.0,0.4974,cloud_heavy
6531,3,272,12090.5,14508.6,0.5152,cloud_heavy
6532,4,272,12834.7,15401.7,0.5373,cloud_heavy
6533,5,272,13244.7,15893.6,0.5636,cloud_heavy
6534,6,272,12364.7,14837.6,0.5939,cloud_heavy
6535,7,272,13794.2,16553.1,0.6272,cloud_heavy
6536,8,272,13080.4,15696.5,0.6623,cloud_heavy
6537,9,272,13404.4,16085.2,0.6973,cloud_heavy
6538,10,272,14083.1,16899.7,0.7303,cloud_heavy
6539,11,272,14308.4,17170.1,0.7589,cloud_heavy
6540,12,272,13965.9,16759.0,0.7811,cloud_heavy
6541,13,272,15068.7,18082.5,0.7952,cloud_heavy
6542,14,272,15127.2,18152.6,0.8,cloud_heavy
6543,15,272,15247.9,18297.5,0.7952,cloud_heavy
6544,16,272,14460.3,17352.4,0.7811,cloud_heavy
6545,17,272,14429.1,17315.0,0.7589,cloud_heavy
6546,18,272,14169.8,17003.8,0.7303,cloud_heavy
6547,19,272,14582.4,17498.9,0.6973,cloud_heavy
6548,20,272,12404.2,14885.0,0.6623,cloud_heavy
6549,21,272,12854.0,15424.8,0.6272,cloud_heavy
6550,22,272,12929.2,15515.1,0.5939,cloud_heavy
6551,23,272,12236.5,14683.8,0.5636,cloud_heavy
6552,0,273,11812.5,14174.9,0.4829,cloud_heavy
6553,1,273,11996.9,14396.2,0.4978,cloud_heavy
6554,2,273,11984.0,14380.8,0.5177,cloud_heavy
6555,3,273,12483.8,14980.6,0.5431,cloud_heavy
6556,4,273,12990.4,15588.5,0.5747,cloud_heavy
6557,5,273,13004.0,15604.8,0.6123,cloud_heavy
6558,6,273,13311.4,15973.7,0.6556,cloud_heavy
6559,7,273,13864.0,16636.9,0.7032,cloud_heavy
6560,8,273,14391.4,17269.7,0.7533,cloud_heavy
6561,9,273,14080.0,16896.0,0.8033,cloud_heavy
6562,10,273,15500.5,18600.6,0.8504,cloud_heavy
6563,11,273,15453.3,18544.0,0.8912,cloud_heavy
6564,12,273,16561.4,19873.6,0.923,cloud_heavy
6565,13,273,16429.0,19714.8,0.9431,cloud_heavy
6566,14,273,16775.1,20130.1,0.95,cloud_heavy
6567,15,273,15653.1,18783.8,0.9431,cloud_heavy
6568,16,273,15779.6,18935.6,0.923,cloud_heavy
6569,17,273,15081.3,18097.6,0.8912,cloud_heavy
6570,18,273,14965.4,17958.4,0.8504,cloud_heavy
6571,19,273,15413.6,18496.4,0.8033,cloud_heavy
6572,20,273,15037.0,18044.4,0.7533,cloud_heavy
6573,21,273,13453.4,16144.1,0.7032,cloud_heavy
6574,22,273,13309.4,15971.3,0.6556,cloud_heavy
6575,23,273,13066.9,15680.3,0.6123,cloud_heavy
6576,0,274,12113.9,14536.6,0.4829,cloud_heavy
6577,1,274,11406.6,13688.0,0.4978,cloud_heavy
6578,2,274,11637.3,13964.7,0.5177,cloud_heavy
6579,3,274,12642.7,15171.3,0.5431,cloud_heavy
6580,4,274,12004.6,14405.6,0.5747,cloud_heavy
6581,5,274,12921.3,15505.5,0.6123,cloud_heavy
6582,6,274,13560.5,16272.6,0.6556,cloud_heavy
6583,7,274,14107.1,16928.5,0.7032,cloud_heavy
6584,8,274,14333.5,17200.1,0.7533,cloud_heavy
6585,9,274,14692.6,17631.1,0.8033,cloud_heavy
6586,10,274,15676.2,18811.4,0.8504,cloud_heavy
6587,11,274,15799.3,18959.1,0.8912,cloud_heavy
6588,12,274,15647.7,18777.2,0.923,cloud_heavy
6589,13,274,16161.0,19393.2,0.9431,cloud_heavy
6590,14,274,16392.5,19671.1,0.95,cloud_heavy
6591,15,274,16974.9,20369.8,0.9431,cloud_heavy
6592,16,274,16333.9,19600.6,0.923,cloud_heavy
6593,17,274,16236.0,19483.2,0.8912,cloud_heavy
6594,18,274,15008.7,18010.5,0.8504,cloud_heavy
6595,19,274,14622.0,17546.4,0.8033,cloud_heavy
6596,20,274,14293.0,17151.6,0.7533,cloud_heavy
6597,21,274,13873.3,16648.0,0.7032,cloud_heavy
6598,22,274,13086.8,15704.2,0.6556,cloud_heavy
6599,23,274,13594.2,16313.1,0.6123,cloud_heavy
6600,0,275,12220.2,14664.2,0.4829,cloud_heavy
6601,1,275,11932.0,14318.4,0.4978,cloud_heavy
6602,2,275,12460.5,14952.6,0.5177,cloud_heavy
6603,3,275,12543.0,15051.6,0.5431,cloud_heavy
6604,4,275,13025.5,15630.6,0.5747,cloud_heavy
6605,5,275,12568.7,15082.4,0.6123,cloud_heavy
6606,6,275,13435.9,16123.1,0.6556,cloud_heavy
6607,7,275,13909.1,16690.9,0.7032,cloud_heavy
6608,8,275,14664.0,17596.8,0.7533,cloud_heavy
6609,9,275,14575.5,17490.6,0.8033,cloud_heavy
6610,10,275,14142.2,16970.6,0.8504,cloud_heavy
6611,11,275,15156.9,18188.3,0.8912,cloud_heavy
6612,12,275,15928.2,19113.9,0.923,cloud_heavy
6613,13,275,16173.7,19408.4,0.9431,cloud_heavy
6614,14,275,17024.9,20429.8,0.95,cloud_heavy
6615,15,275,16425.0,19710.0,0.9431,cloud_heavy
6616,16,275,15996.5,19195.8,0.923,cloud_heavy
6617,17,275,15650.0,18780.0,0.8912,cloud_heavy
6618,18,275,15795.3,18954.3,0.8504,cloud_heavy
6619,19,275,14592.6,17511.1,0.8033,cloud_heavy
6620,20,275,14334.1,17200.9,0.7533,cloud_heavy
6621,21,275,13478.0,16173.6,0.7032,cloud_heavy
6622,22,275,14069.4,16883.2,0.6556,cloud_heavy
6623,23,275,13251.1,15901.3,0.6123,cloud_heavy
6624,0,276,11652.0,13982.4,0.4829,cloud_heavy
6625,1,276,12001.1,14401.3,0.4978,cloud_heavy
6626,2,276,12412.1,14894.5,0.5177,cloud_heavy
6627,3,276,12366.0,14839.2,0.5431,cloud_heavy
6628,4,276,12545.7,15054.8,0.5747,cloud_heavy
6629,5,276,12839.8,15407.7,0.6123,cloud_heavy
6630,6,276,13632.1,16358.6,0.6556,cloud_heavy
6631,7,276,13783.7,16540.4,0.7032,cloud_heavy
6632,8,276,14198.7,17038.4,0.7533,cloud_heavy
6633,9,276,14260.2,17112.2,0.8033,cloud_heavy
6634,10,276,15324.4,18389.3,0.8504,cloud_heavy
6635,11,276,15580.1,18696.1,0.8912,cloud_heavy
6636,12,276,15803.5,18964.1,0.923,cloud_heavy
6637,13,276,16239.0,19486.8,0.9431,cloud_heavy
6638,14,276,16569.9,19883.9,0.95,cloud_heavy
6639,15,276,16482.5,19779.0,0.9431,cloud_heavy
6640,16,276,16222.0,19466.5,0.923,cloud_heavy
6641,17,276,15552.1,18662.6,0.8912,cloud_heavy
6642,18,276,15028.7,18034.5,0.8504,cloud_heavy
6643,19,276,14390.4,17268.4,0.8033,cloud_heavy
6644,20,276,14138.5,16966.2,0.7533,cloud_heavy
6645,21,276,13941.6,16729.9,0.7032,cloud_heavy
6646,22,276,13176.6,15811.9,0.6556,cloud_heavy
6647,23,276,13134.6,15761.5,0.6123,cloud_heavy
6648,0,277,11559.9,13871.9,0.4829,cloud_heavy
6649,1,277,11442.3,13730.8,0.4978,cloud_heavy
6650,2,277,12525.7,15030.9,0.5177,cloud_heavy
6651,3,277,12282.4,14738.8,0.5431,cloud_heavy
6652,4,277,12430.0,14916.0,0.5747,cloud_heavy
6653,5,277,12667.1,15200.5,0.6123,cloud_heavy
6654,6,277,13666.2,16399.4,0.6556,cloud_heavy
6655,7,277,14508.0,17409.7,0.7032,cloud_heavy
6656,8,277,14220.6,17064.7,0.7533,cloud_heavy
6657,9,277,14759.5,17711.4,0.8033,cloud_heavy
6658,10,277,15780.3,18936.4,0.8504,cloud_heavy
6659,11,277,14814.4,17777.3,0.8912,cloud_heavy
6660,12,277,16899.0,20278.8,0.923,cloud_heavy
6661,13,277,17326.4,20791.7,0.9431,cloud_heavy
6662,14,277,14890.5,17868.6,0.95,cloud_heavy
6663,15,277,16095.5,19314.6,0.9431,cloud_heavy
6664,16,277,15613.3,18735.9,0.923,cloud_heavy
6665,17,277,15540.8,18649.0,0.8912,cloud_heavy
6666,18,277,15096.9,18116.3,0.8504,cloud_heavy
6667,19,277,15217.4,18260.9,0.8033,cloud_heavy
6668,20,277,14346.0,17215.2,0.7533,cloud_heavy
6669,21,277,13552.6,16263.1,0.7032,cloud_heavy
6670,22,277,13425.2,16110.2,0.6556,cloud_heavy
6671,23,277,13299.1,15958.9,0.6123,cloud_heavy
6672,0,278,11394.4,13673.3,0.473,cloud_heavy
6673,1,278,11322.1,13586.5,0.4835,cloud_heavy
6674,2,278,12757.9,15309.5,0.4974,cloud_heavy
6675,3,278,11967.2,14360.7,0.5152,cloud_heavy
6676,4,278,12354.6,14825.5,0.5373,cloud_heavy
6677,5,278,12497.5,14997.0,0.5636,cloud_heavy
6678,6,278,13139.6,15767.5,0.5939,cloud_heavy
6679,7,278,13937.8,16725.4,0.6272,cloud_heavy
6680,8,278,13792.7,16551.3,0.6623,cloud_heavy
6681,9,278,13247.3,15896.8,0.6973,cloud_heavy
6682,10,278,13593.9,16312.6,0.7303,cloud_heavy
6683,11,278,14273.4,17128.1,0.7589,cloud_heavy
6684,12,278,14532.9,17439.5,0.7811,cloud_heavy
6685,13,278,14017.0,16820.4,0.7952,cloud_heavy
6686,14,278,15189.4,18227.3,0.8,cloud_heavy
6687,15,278,14298.9,17158.6,0.7952,cloud_heavy
6688,16,278,15307.2,18368.6,0.7811,cloud_heavy
6689,17,278,15235.3,18282.4,0.7589,cloud_heavy
6690,18,278,14077.2,16892.6,0.7303,cloud_heavy
6691,19,278,14062.3,16874.8,0.6973,cloud_heavy
6692,20,278,13055.8,15667.0,0.6623,cloud_heavy
6693,21,278,13481.6,16177.9,0.6272,cloud_heavy
6694,22,278,12733.9,15280.6,0.5939,cloud_heavy
6695,23,278,12235.9,14683.0,0.5636,cloud_heavy
6696,0,279,11711.4,14053.7,0.473,cloud_heavy
6697,1,279,11743.9,14092.7,0.4835,cloud_heavy
6698,2,279,11920.8,14305.0,0.4974,cloud_heavy
6699,3,279,12550.1,15060.1,0.5152,cloud_heavy
6700,4,279,12113.5,14536.1,0.5373,cloud_heavy
6701,5,279,13306.8,15968.1,0.5636,cloud_heavy
6702,6,279,12413.2,14895.8,0.5939,cloud_heavy
6703,7,279,13875.3,16650.4,0.6272,cloud_heavy
6704,8,279,13143.5,15772.2,0.6623,cloud_heavy
6705,9,279,13879.1,16655.0,0.6973,cloud_heavy
6706,10,279,13974.2,16769.1,0.7303,cloud_heavy
6707,11,279,14297.3,17156.8,0.7589,cloud_heavy
6708,12,279,15003.0,18003.7,0.7811,cloud_heavy
6709,13,279,15445.6,18534.7,0.7952,cloud_heavy
6710,14,279,15354.5,18425.4,0.8,cloud_heavy
6711,15,279,14601.0,17521.2,0.7952,cloud_heavy
6712,16,279,14731.8,17678.2,0.7811,cloud_heavy
6713,17,279,14107.4,16928.8,0.7589,cloud_heavy
6714,18,279,13760.9,16513.1,0.7303,cloud_heavy
6715,19,279,13402.2,16082.7,0.6973,cloud_heavy
6716,20,279,13378.9,16054.7,0.6623,cloud_heavy
6717,21,279,13333.1,15999.7,0.6272,cloud_heavy
6718,22,279,12185.6,14622.8,0.5939,cloud_heavy
6719,23,279,12630.8,15157.0,0.5636,cloud_heavy
6720,0,280,12446.1,14935.4,0.4829,cloud_heavy
6721,1,280,12447.7,14937.3,0.4978,cloud_heavy
6722,2,280,12010.6,14412.7,0.5177,cloud_heavy
6723,3,280,11937.6,14325.1,0.5431,cloud_heavy
6724,4,280,12926.0,15511.2,0.5747,cloud_heavy
6725,5,280,12186.3,14623.6,0.6123,cloud_heavy
6726,6,280,13944.4,16733.2,0.6556,cloud_heavy
6727,7,280,13844.1,16612.9,0.7032,cloud_heavy
6728,8,280,15185.5,18222.6,0.7533,cloud_heavy
6729,9,280,14086.0,16903.1,0.8033,cloud_heavy
6730,10,280,15709.9,18851.9,0.8504,cloud_heavy
6731,11,280,15618.0,18741.6,0.8912,cloud_heavy
6732,12,280,15799.0,18958.7,0.923,cloud_heavy
6733,13,280,15479.4,18575.2,0.9431,cloud_heavy
6734,14,280,16495.9,19795.1,0.95,cloud_heavy
6735,15,280,16470.2,19764.2,0.9431,cloud_heavy
6736,16,280,16812.0,20174.4,0.923,cloud_heavy
6737,17,280,16139.0,19366.8,0.8912,cloud_heavy
6738,18,280,15016.4,18019.7,0.8504,cloud_heavy
6739,19,280,14408.2,17289.9,0.8033,cloud_heavy
6740,20,280,13803.7,16564.4,0.7533,cloud_heavy
6741,21,280,14549.1,17459.0,0.7032,cloud_heavy
6742,22,280,13179.9,15815.8,0.6556,cloud_heavy
6743,23,280,13678.4,16414.1,0.6123,cloud_heavy
6744,0,281,12092.2,14510.7,0.4829,cloud_heavy
6745,1,281,12161.6,14593.9,0.4978,cloud_heavy
6746,2,281,12112.6,14535.2,0.5177,cloud_heavy
6747,3,281,12706.7,15248.0,0.5431,cloud_heavy
6748,4,281,12744.2,15293.1,0.5747,cloud_heavy
6749,5,281,12951.8,15542.1,0.6123,cloud_heavy
6750,6,281,13776.7,16532.0,0.6556,cloud_heavy
6751,7,281,13873.2,16647.8,0.7032,cloud_heavy
6752,8,281,14049.9,16859.9,0.7533,cloud_heavy
6753,9,281,15122.9,18147.5,0.8033,cloud_heavy
6754,10,281,15259.5,18311.4,0.8504,cloud_heavy
6755,11,281,15895.0,19074.0,0.8912,cloud_heavy
6756,12,281,15740.2,18888.2,0.923,cloud_heavy
6757,13,281,15557.2,18668.6,0.9431,cloud_heavy
6758,14,281,17049.8,20459.8,0.95,cloud_heavy
6759,15,281,16891.7,20270.1,0.9431,cloud_heavy
6760,16,281,16380.5,19656.6,0.923,cloud_heavy
6761,17,281,15483.0,18579.6,0.8912,cloud_heavy
6762,18,281,15151.1,18181.3,0.8504,cloud_heavy
6763,19,281,15471.7,18566.0,0.8033,cloud_heavy
6764,20,281,14241.9,17090.2,0.7533,cloud_heavy
6765,21,281,13668.9,16402.7,0.7032,cloud_heavy
6766,22,281,14252.9,17103.5,0.6556,cloud_heavy
6767,23,281,13078.1,15693.7,0.6123,cloud_heavy
6768,0,282,12536.3,15043.5,0.4829,cloud_heavy
6769,1,282,11537.2,13844.6,0.4978,cloud_heavy
6770,2,282,12415.2,14898.3,0.5177,cloud_heavy
6771,3,282,13233.9,15880.6,0.5431,cloud_heavy
6772,4,282,12761.5,15313.8,0.5747,cloud_heavy
6773,5,282,12993.1,15591.7,0.6123,cloud_heavy
6774,6,282,13022.2,15626.6,0.6556,cloud_heavy
6775,7,282,14385.8,17262.9,0.7032,cloud_heavy
6776,8,282,14062.1,16874.5,0.7533,cloud_heavy
6777,9,282,14813.4,17776.0,0.8033,cloud_heavy
6778,10,282,14722.6,17667.1,0.8504,cloud_heavy
6779,11,282,16396.9,19676.3,0.8912,cloud_heavy
6780,12,282,16510.3,19812.4,0.923,cloud_heavy
6781,13,282,16127.4,19352.9,0.9431,cloud_heavy
6782,14,282,15645.1,18774.1,0.95,cloud_heavy
6783,15,282,16886.6,20263.9,0.9431,cloud_heavy
6784,16,282,15782.3,18938.7,0.923,cloud_heavy
6785,17,282,15145.8,18175.0,0.8912,cloud_heavy
6786,18,282,14480.6,17376.7,0.8504,cloud_heavy
6787,19,282,14567.7,17481.3,0.8033,cloud_heavy
6788,20,282,13766.5,16519.8,0.7533,cloud_heavy
6789,21,282,13673.0,16407.6,0.7032,cloud_heavy
6790,22,282,13796.3,16555.5,0.6556,cloud_heavy
6791,23,282,12949.3,15539.2,0.6123,cloud_heavy
6792,0,283,12031.7,14438.1,0.4829,cloud_heavy
6793,1,283,11781.1,14137.3,0.4978,cloud_heavy
6794,2,283,12249.1,14698.9,0.5177,cloud_heavy
6795,3,283,13177.7,15813.3,0.5431,cloud_heavy
6796,4,283,12616.8,15140.2,0.5747,cloud_heavy
6797,5,283,13247.9,15897.5,0.6123,cloud_heavy
6798,6,283,12861.1,15433.3,0.6556,cloud_heavy
6799,7,283,14568.7,17482.5,0.7032,cloud_heavy
6800,8,283,14188.6,17026.3,0.7533,cloud_heavy
6801,9,283,15323.8,18388.6,0.8033,cloud_heavy
6802,10,283,15232.3,18278.8,0.8504,cloud_heavy
6803,11,283,15952.7,19143.2,0.8912,cloud_heavy
6804,12,283,16278.7,19534.4,0.923,cloud_heavy
6805,13,283,15923.6,19108.4,0.9431,cloud_heavy
6806,14,283,16737.1,20084.5,0.95,cloud_heavy
6807,15,283,15775.2,18930.2,0.9431,cloud_heavy
6808,16,283,16329.9,19595.8,0.923,cloud_heavy
6809,17,283,15481.9,18578.2,0.8912,cloud_heavy
6810,18,283,15449.1,18539.0,0.8504,cloud_heavy
6811,19,283,14649.7,17579.7,0.8033,cloud_heavy
6812,20,283,14416.2,17299.5,0.7533,cloud_heavy
6813,21,283,13484.1,16180.9,0.7032,cloud_heavy
6814,22,283,13595.1,16314.2,0.6556,cloud_heavy
6815,23,283,13114.2,15737.0,0.6123,cloud_heavy
6816,0,284,11711.8,14054.2,0.4829,cloud_heavy
6817,1,284,12022.5,14427.0,0.4978,cloud_heavy
6818,2,284,12274.3,14729.2,0.5177,cloud_heavy
6819,3,284,12229.3,14675.2,0.5431,cloud_heavy
6820,4,284,12700.9,15241.1,0.5747,cloud_heavy
6821,5,284,12701.8,15242.1,0.6123,cloud_heavy
6822,6,284,14444.6,17333.5,0.6556,cloud_heavy
6823,7,284,14376.0,17251.3,0.7032,cloud_heavy
6824,8,284,14512.6,17415.1,0.7533,cloud_heavy
6825,9,284,15378.0,18453.6,0.8033,cloud_heavy
6826,10,284,14381.0,17257.2,0.8504,cloud_heavy
6827,11,284,14463.2,17355.9,0.8912,cloud_heavy
6828,12,284,15766.3,18919.5,0.923,cloud_heavy
6829,13,284,15475.1,18570.2,0.9431,cloud_heavy
6830,14,284,16091.2,19309.5,0.95,cloud_heavy
6831,15,284,16242.3,19490.8,0.9431,cloud_heavy
6832,16,284,16398.1,19677.7,0.923,cloud_heavy
6833,17,284,15130.3,18156.4,0.8912,cloud_heavy
6834,18,284,15472.1,18566.5,0.8504,cloud_heavy
6835,19,284,14862.0,17834.4,0.8033,cloud_heavy
6836,20,284,14544.7,17453.7,0.7533,cloud_heavy
6837,21,284,13716.1,16459.3,0.7032,cloud_heavy
6838,22,284,14054.9,16865.8,0.6556,cloud_heavy
6839,23,284,13056.2,15667.4,0.6123,cloud_heavy
6840,0,285,12442.7,14931.3,0.473,cloud_heavy
6841,1,285,11627.9,13953.5,0.4835,cloud_heavy
6842,2,285,12306.5,14767.8,0.4974,cloud_heavy
6843,3,285,12180.6,14616.7,0.5152,cloud_heavy
6844,4,285,12283.7,14740.5,0.5373,cloud_heavy
6845,5,285,12888.3,15466.0,0.5636,cloud_heavy
6846,6,285,12811.0,15373.2,0.5939,cloud_heavy
6847,7,285,12177.1,14612.5,0.6272,cloud_heavy
6848,8,285,12311.2,14773.4,0.6623,cloud_heavy
6849,9,285,14409.4,17291.2,0.6973,cloud_heavy
6850,10,285,14706.2,17647.5,0.7303,cloud_heavy
6851,11,285,15264.2,18317.1,0.7589,cloud_heavy
6852,12,285,14643.1,17571.8,0.7811,cloud_heavy
6853,13,285,14207.4,17048.8,0.7952,cloud_heavy
6854,14,285,14638.4,17566.1,0.8,cloud_heavy
6855,15,285,14785.6,17742.7,0.7952,cloud_heavy
6856,16,285,14208.2,17049.9,0.7811,cloud_heavy
6857,17,285,15160.8,18192.9,0.7589,cloud_heavy
6858,18,285,15135.7,18162.8,0.7303,cloud_heavy
6859,19,285,14078.7,16894.4,0.6973,cloud_heavy
6860,20,285,13552.5,16263.0,0.6623,cloud_heavy
6861,21,285,12719.8,15263.8,0.6272,cloud_heavy
6862,22,285,13526.8,16232.1,0.5939,cloud_heavy
6863,23,285,12677.4,15212.8,0.5636,cloud_heavy
6864,0,286,11711.4,14053.7,0.473,cloud_heavy
6865,1,286,12082.2,14498.7,0.4835,cloud_heavy
6866,2,286,11826.7,14192.1,0.4974,cloud_heavy
6867,3,286,12256.2,14707.4,0.5152,cloud_heavy
6868,4,286,11868.9,14242.7,0.5373,cloud_heavy
6869,5,286,13060.9,15673.1,0.5636,cloud_heavy
6870,6,286,12886.6,15463.9,0.5939,cloud_heavy
6871,7,286,13694.0,16432.8,0.6272,cloud_heavy
6872,8,286,13475.1,16170.1,0.6623,cloud_heavy
6873,9,286,13822.8,16587.4,0.6973,cloud_heavy
6874,10,286,13667.0,16400.4,0.7303,cloud_heavy
6875,11,286,14775.6,17730.7,0.7589,cloud_heavy
6876,12,286,14265.9,17119.1,0.7811,cloud_heavy
6877,13,286,14564.9,17477.8,0.7952,cloud_heavy
6878,14,286,14825.5,17790.6,0.8,cloud_heavy
6879,15,286,14834.3,17801.2,0.7952,cloud_heavy
6880,16,286,13901.0,16681.2,0.7811,cloud_heavy
6881,17,286,14346.3,17215.5,0.7589,cloud_heavy
6882,18,286,14521.2,17425.4,0.7303,cloud_heavy
6883,19,286,13722.0,16466.4,0.6973,cloud_heavy
6884,20,286,13465.5,16158.6,0.6623,cloud_heavy
6885,21,286,13298.4,15958.1,0.6272,cloud_heavy
6886,22,286,12878.2,15453.9,0.5939,cloud_heavy
6887,23,286,12257.4,14708.9,0.5636,cloud_heavy
6888,0,287,11891.7,14270.1,0.4829,cloud_heavy
6889,1,287,12401.5,14881.8,0.4978,cloud_heavy
6890,2,287,11839.7,14207.6,0.5177,cloud_heavy
6891,3,287,12319.7,14783.7,0.5431,cloud_heavy
6892,4,287,12221.7,14666.0,0.5747,cloud_heavy
6893,5,287,13466.7,16160.1,0.6123,cloud_heavy
6894,6,287,13457.5,16149.0,0.6556,cloud_heavy
6895,7,287,13578.0,16293.5,0.7032,cloud_heavy
6896,8,287,14434.5,17321.4,0.7533,cloud_heavy
6897,9,287,14319.2,17183.0,0.8033,cloud_heavy
6898,10,287,14814.8,17777.7,0.8504,cloud_heavy
6899,11,287,14979.0,17974.9,0.8912,cloud_heavy
6900,12,287,15446.7,18536.1,0.923,cloud_heavy
6901,13,287,16800.1,20160.1,0.9431,cloud_heavy
6902,14,287,15849.8,19019.8,0.95,cloud_heavy
6903,15,287,16368.5,19642.2,0.9431,cloud_heavy
6904,16,287,15557.1,18668.5,0.923,cloud_heavy
6905,17,287,16022.2,19226.6,0.8912,cloud_heavy
6906,18,287,14818.2,17781.8,0.8504,cloud_heavy
6907,19,287,14873.1,17847.7,0.8033,cloud_heavy
6908,20,287,14417.5,17301.0,0.7533,cloud_heavy
6909,21,287,14906.4,17887.6,0.7032,cloud_heavy
6910,22,287,13750.1,16500.2,0.6556,cloud_heavy
6911,23,287,12863.9,15436.7,0.6123,cloud_heavy
6912,0,288,12149.4,14579.2,0.4829,cloud_heavy
6913,1,288,12814.9,15377.8,0.4978,cloud_heavy
6914,2,288,11627.5,13953.0,0.5177,cloud_heavy
6915,3,288,12144.8,14573.7,0.5431,cloud_heavy
6916,4,288,12659.5,15191.4,0.5747,cloud_heavy
6917,5,288,12933.0,15519.6,0.6123,cloud_heavy
6918,6,288,13360.2,16032.2,0.6556,cloud_heavy
6919,7,288,13388.2,16065.8,0.7032,cloud_heavy
6920,8,288,15000.9,18001.1,0.7533,cloud_heavy
6921,9,288,14221.6,17065.9,0.8033,cloud_heavy
6922,10,288,15197.0,18236.4,0.8504,cloud_heavy
6923,11,288,16156.7,19388.1,0.8912,cloud_heavy
6924,12,288,15943.0,19131.6,0.923,cloud_heavy
6925,13,288,15668.4,18802.1,0.9431,cloud_heavy
6926,14,288,15550.5,18660.6,0.95,cloud_heavy
6927,15,288,16031.4,19237.6,0.9431,cloud_heavy
6928,16,288,15595.0,18714.0,0.923,cloud_heavy
6929,17,288,15761.7,18914.0,0.8912,cloud_heavy
6930,18,288,14646.0,17575.2,0.8504,cloud_heavy
6931,19,288,15218.0,18261.5,0.8033,cloud_heavy
6932,20,288,14444.6,17333.5,0.7533,cloud_heavy
6933,21,288,14012.7,16815.2,0.7032,cloud_heavy
6934,22,288,14078.3,16894.0,0.6556,cloud_heavy
6935,23,288,12924.8,15509.8,0.6123,cloud_heavy
6936,0,289,11645.5,13974.6,0.4829,cloud_heavy
6937,1,289,11844.5,14213.4,0.4978,cloud_heavy
6938,2,289,12154.6,14585.5,0.5177,cloud_heavy
6939,3,289,12425.7,14910.8,0.5431,cloud_heavy
6940,4,289,12432.4,14918.9,0.5747,cloud_heavy
6941,5,289,12302.0,14762.3,0.6123,cloud_heavy
6942,6,289,13267.8,15921.4,0.6556,cloud_heavy
6943,7,289,14083.7,16900.5,0.7032,cloud_heavy
6944,8,289,14453.5,17344.2,0.7533,cloud_heavy
6945,9,289,15390.2,18468.3,0.8033,cloud_heavy
6946,10,289,16185.7,19422.9,0.8504,cloud_heavy
6947,11,289,16022.1,19226.5,0.8912,cloud_heavy
6948,12,289,16619.3,19943.1,0.923,cloud_heavy
6949,13,289,16514.1,19816.9,0.9431,cloud_heavy
6950,14,289,17037.6,20445.1,0.95,cloud_heavy
6951,15,289,17039.1,20446.9,0.9431,cloud_heavy
6952,16,289,16412.8,19695.3,0.923,cloud_heavy
6953,17,289,15997.2,19196.7,0.8912,cloud_heavy
6954,18,289,15194.7,18233.6,0.8504,cloud_heavy
6955,19,289,14837.2,17804.6,0.8033,cloud_heavy
6956,20,289,14248.8,17098.5,0.7533,cloud_heavy
6957,21,289,14193.0,17031.6,0.7032,cloud_heavy
6958,22,289,13203.3,15843.9,0.6556,cloud_heavy
6959,23,289,13021.8,15626.1,0.6123,cloud_heavy
6960,0,290,11063.6,13276.3,0.4829,cloud_heavy
6961,1,290,12664.9,15197.9,0.4978,cloud_heavy
6962,2,290,12144.3,14573.2,0.5177,cloud_heavy
6963,3,290,12630.0,15156.0,0.5431,cloud_heavy
6964,4,290,13307.8,15969.3,0.5747,cloud_heavy
6965,5,290,13214.8,15857.8,0.6123,cloud_heavy
6966,6,290,14079.7,16895.6,0.6556,cloud_heavy
6967,7,290,13414.3,16097.1,0.7032,cloud_heavy
6968,8,290,15429.9,18515.9,0.7533,cloud_heavy
6969,9,290,15340.1,18408.1,0.8033,cloud_heavy
6970,10,290,15384.8,18461.7,0.8504,cloud_heavy
6971,11,290,16335.0,19602.0,0.8912,cloud_heavy
6972,12,290,15398.0,18477.6,0.923,cloud_heavy
6973,13,290,16003.0,19203.6,0.9431,cloud_heavy
6974,14,290,16908.4,20290.1,0.95,cloud_heavy
6975,15,290,15238.6,18286.3,0.9431,cloud_heavy
6976,16,290,16225.7,19470.9,0.923,cloud_heavy
6977,17,290,15915.3,19098.4,0.8912,cloud_heavy
6978,18,290,16192.0,19430.4,0.8504,cloud_heavy
6979,19,290,14150.1,16980.2,0.8033,cloud_heavy
6980,20,290,15089.8,18107.7,0.7533,cloud_heavy
6981,21,290,13699.5,16439.4,0.7032,cloud_heavy
6982,22,290,13313.9,15976.7,0.6556,cloud_heavy
6983,23,290,12616.7,15140.0,0.6123,cloud_heavy
6984,0,291,11516.2,13819.4,0.4829,cloud_heavy
6985,1,291,12188.2,14625.8,0.4978,cloud_heavy
6986,2,291,11817.2,14180.7,0.5177,cloud_heavy
6987,3,291,12736.4,15283.7,0.5431,cloud_heavy
6988,4,291,12496.6,14995.9,0.5747,cloud_heavy
6989,5,291,12620.2,15144.3,0.6123,cloud_heavy
6990,6,291,13281.2,15937.5,0.6556,cloud_heavy
6991,7,291,14074.1,16888.9,0.7032,cloud_heavy
6992,8,291,14274.9,17129.9,0.7533,cloud_heavy
6993,9,291,14870.9,17845.0,0.8033,cloud_heavy
6994,10,291,15608.1,18729.8,0.8504,cloud_heavy
6995,11,291,16173.9,19408.7,0.8912,cloud_heavy
6996,12,291,15809.0,18970.8,0.923,cloud_heavy
6997,13,291,15637.0,18764.5,0.9431,cloud_heavy
6998,14,291,16243.2,19491.9,0.95,cloud_heavy
6999,15,291,16370.7,19644.8,0.9431,cloud_heavy
7000,16,291,15258.2,18309.8,0.923,cloud_heavy
7001,17,291,15246.7,18296.0,0.8912,cloud_heavy
7002,18,291,14958.9,17950.7,0.8504,cloud_heavy
7003,19,291,14763.0,17715.6,0.8033,cloud_heavy
7004,20,291,14066.0,16879.2,0.7533,cloud_heavy
7005,21,291,14228.9,17074.7,0.7032,cloud_heavy
7006,22,291,12845.1,15414.1,0.6556,cloud_heavy
7007,23,291,12476.2,14971.4,0.6123,cloud_heavy
7008,0,292,11695.6,14034.7,0.473,cloud_heavy
7009,1,292,11847.5,14217.1,0.4835,cloud_heavy
7010,2,292,11512.9,13815.5,0.4974,cloud_heavy
7011,3,292,11980.3,14376.4,0.5152,cloud_heavy
7012,4,292,12256.5,14707.8,0.5373,cloud_heavy
7013,5,292,12499.2,14999.0,0.5636,cloud_heavy
7014,6,292,12986.0,15583.2,0.5939,cloud_heavy
7015,7,292,12971.3,15565.6,0.6272,cloud_heavy
7016,8,292,14157.9,16989.5,0.6623,cloud_heavy
7017,9,292,14082.8,16899.4,0.6973,cloud_heavy
7018,10,292,13839.4,16607.3,0.7303,cloud_heavy
7019,11,292,14487.3,17384.7,0.7589,cloud_heavy
7020,12,292,14705.3,17646.4,0.7811,cloud_heavy
7021,13,292,15319.2,18383.0,0.7952,cloud_heavy
7022,14,292,14558.0,17469.6,0.8,cloud_heavy
7023,15,292,15120.8,18145.0,0.7952,cloud_heavy
7024,16,292,14669.2,17603.1,0.7811,cloud_heavy
7025,17,292,15092.7,18111.3,0.7589,cloud_heavy
7026,18,292,14732.0,17678.5,0.7303,cloud_heavy
7027,19,292,13961.6,16753.9,0.6973,cloud_heavy
7028,20,292,13450.2,16140.3,0.6623,cloud_heavy
7029,21,292,13435.1,16122.1,0.6272,cloud_heavy
7030,22,292,12857.1,15428.5,0.5939,cloud_heavy
7031,23,292,13286.0,15943.2,0.5636,cloud_heavy
7032,0,293,11841.7,14210.1,0.473,cloud_heavy
7033,1,293,11765.4,14118.4,0.4835,cloud_heavy
7034,2,293,11872.3,14246.7,0.4974,cloud_heavy
7035,3,293,11758.4,14110.0,0.5152,cloud_heavy
7036,4,293,12612.9,15135.4,0.5373,cloud_heavy
7037,5,293,12337.3,14804.7,0.5636,cloud_heavy
7038,6,293,13352.9,16023.5,0.5939,cloud_heavy
7039,7,293,12720.6,15264.8,0.6272,cloud_heavy
7040,8,293,13608.6,16330.4,0.6623,cloud_heavy
7041,9,293,14358.5,17230.2,0.6973,cloud_heavy
7042,10,293,13267.0,15920.5,0.7303,cloud_heavy
7043,11,293,15321.0,18385.2,0.7589,cloud_heavy
7044,12,293,14463.9,17356.7,0.7811,cloud_heavy
7045,13,293,14843.1,17811.7,0.7952,cloud_heavy
7046,14,293,15079.2,18095.0,0.8,cloud_heavy
7047,15,293,15102.5,18123.0,0.7952,cloud_heavy
7048,16,293,14771.2,17725.5,0.7811,cloud_heavy
7049,17,293,14878.6,17854.3,0.7589,cloud_heavy
7050,18,293,14403.6,17284.4,0.7303,cloud_heavy
7051,19,293,14612.8,17535.3,0.6973,cloud_heavy
7052,20,293,13769.3,16523.2,0.6623,cloud_heavy
7053,21,293,14014.0,16816.7,0.6272,cloud_heavy
7054,22,293,13276.5,15931.8,0.5939,cloud_heavy
7055,23,293,11963.2,14355.9,0.5636,cloud_heavy
7056,0,294,12837.2,15404.7,0.4829,cloud_heavy
7057,1,294,11834.9,14201.9,0.4978,cloud_heavy
7058,2,294,12773.7,15328.4,0.5177,cloud_heavy
7059,3,294,12469.7,14963.7,0.5431,cloud_heavy
7060,4,294,13156.0,15787.2,0.5747,cloud_heavy
7061,5,294,12826.3,15391.6,0.6123,cloud_heavy
7062,6,294,13748.2,16497.9,0.6556,cloud_heavy
7063,7,294,13827.5,16593.0,0.7032,cloud_heavy
7064,8,294,15076.5,18091.8,0.7533,cloud_heavy
7065,9,294,15051.1,18061.3,0.8033,cloud_heavy
7066,10,294,15718.1,18861.7,0.8504,cloud_heavy
7067,11,294,14648.2,17577.9,0.8912,cloud_heavy
7068,12,294,15916.5,19099.8,0.923,cloud_heavy
7069,13,294,16341.6,19609.9,0.9431,cloud_heavy
7070,14,294,16315.0,19578.0,0.95,cloud_heavy
7071,15,294,16608.2,19929.9,0.9431,cloud_heavy
7072,16,294,15782.3,18938.7,0.923,cloud_heavy
7073,17,294,15688.2,18825.8,0.8912,cloud_heavy
7074,18,294,15830.6,18996.7,0.8504,cloud_heavy
7075,19,294,13840.1,16608.1,0.8033,cloud_heavy
7076,20,294,14649.2,17579.0,0.7533,cloud_heavy
7077,21,294,13793.8,16552.5,0.7032,cloud_heavy
7078,22,294,13125.6,15750.7,0.6556,cloud_heavy
7079,23,294,13229.1,15874.9,0.6123,cloud_heavy
7080,0,295,12343.1,14811.7,0.4829,cloud_heavy
7081,1,295,12417.8,14901.4,0.4978,cloud_heavy
7082,2,295,12175.6,14610.8,0.5177,cloud_heavy
7083,3,295,12787.0,15344.5,0.5431,cloud_heavy
7084,4,295,13082.2,15698.6,0.5747,cloud_heavy
7085,5,295,13062.5,15675.0,0.6123,cloud_heavy
7086,6,295,13214.3,15857.2,0.6556,cloud_heavy
7087,7,295,13667.8,16401.4,0.7032,cloud_heavy
7088,8,295,14756.5,17707.8,0.7533,cloud_heavy
7089,9,295,14836.8,17804.2,0.8033,cloud_heavy
7090,10,295,14809.0,17770.8,0.8504,cloud_heavy
7091,11,295,14873.4,17848.1,0.8912,cloud_heavy
7092,12,295,16355.7,19626.8,0.923,cloud_heavy
7093,13,295,15878.0,19053.5,0.9431,cloud_heavy
7094,14,295,16366.9,19640.3,0.95,cloud_heavy
7095,15,295,16743.1,20091.7,0.9431,cloud_heavy
7096,16,295,15330.8,18397.0,0.923,cloud_heavy
7097,17,295,15644.0,18772.8,0.8912,cloud_heavy
7098,18,295,15210.5,18252.6,0.8504,cloud_heavy
7099,19,295,15024.8,18029.8,0.8033,cloud_heavy
7100,20,295,14929.8,17915.7,0.7533,cloud_heavy
7101,21,295,13377.6,16053.2,0.7032,cloud_heavy
7102,22,295,13725.6,16470.7,0.6556,cloud_heavy
7103,23,295,13502.1,16202.6,0.6123,cloud_heavy
7104,0,296,11838.1,14205.8,0.4829,cloud_heavy
7105,1,296,11992.7,14391.3,0.4978,cloud_heavy
7106,2,296,12378.7,14854.4,0.5177,cloud_heavy
7107,3,296,12588.6,15106.3,0.5431,cloud_heavy
7108,4,296,12972.9,15567.5,0.5747,cloud_heavy
7109,5,296,13317.4,15980.8,0.6123,cloud_heavy
7110,6,296,13097.4,15716.8,0.6556,cloud_heavy
7111,7,296,14347.3,17216.7,0.7032,cloud_heavy
7112,8,296,14898.5,17878.2,0.7533,cloud_heavy
7113,9,296,14938.5,17926.2,0.8033,cloud_heavy
7114,10,296,14603.5,17524.2,0.8504,cloud_heavy
7115,11,296,15611.3,18733.6,0.8912,cloud_heavy
7116,12,296,16050.5,19260.6,0.923,cloud_heavy
7117,13,296,15588.4,18706.1,0.9431,cloud_heavy
7118,14,296,16031.2,19237.4,0.95,cloud_heavy
7119,15,296,15460.2,18552.3,0.9431,cloud_heavy
7120,16,296,16248.2,19497.8,0.923,cloud_heavy
7121,17,296,15743.2,18891.9,0.8912,cloud_heavy
7122,18,296,14533.9,17440.7,0.8504,cloud_heavy
7123,19,296,15012.2,18014.7,0.8033,cloud_heavy
7124,20,296,14370.2,17244.3,0.7533,cloud_heavy
7125,21,296,14149.2,16979.0,0.7032,cloud_heavy
7126,22,296,13336.4,16003.7,0.6556,cloud_heavy
7127,23,296,12781.9,15338.3,0.6123,cloud_heavy
7128,0,297,11629.4,13955.3,0.4829,cloud_heavy
7129,1,297,11848.0,14217.6,0.4978,cloud_heavy
7130,2,297,12232.1,14678.5,0.5177,cloud_heavy
7131,3,297,12515.0,15018.0,0.5431,cloud_heavy
7132,4,297,12677.2,15212.6,0.5747,cloud_heavy
7133,5,297,12930.5,15516.6,0.6123,cloud_heavy
7134,6,297,13352.6,16023.2,0.6556,cloud_heavy
7135,7,297,14981.6,17977.9,0.7032,cloud_heavy
7136,8,297,14061.8,16874.2,0.7533,cloud_heavy
7137,9,297,14606.9,17528.3,0.8033,cloud_heavy
7138,10,297,16799.6,20159.5,0.8504,cloud_heavy
7139,11,297,15863.1,19035.7,0.8912,cloud_heavy
7140,12,297,15296.8,18356.2,0.923,cloud_heavy
7141,13,297,16550.8,19861.0,0.9431,cloud_heavy
7142,14,297,15763.8,18916.6,0.95,cloud_heavy
7143,15,297,16583.0,19899.6,0.9431,cloud_heavy
7144,16,297,15856.4,19027.7,0.923,cloud_heavy
7145,17,297,15458.6,18550.3,0.8912,cloud_heavy
7146,18,297,16026.9,19232.3,0.8504,cloud_heavy
7147,19,297,15108.0,18129.6,0.8033,cloud_heavy
7148,20,297,14814.8,17777.8,0.7533,cloud_heavy
7149,21,297,14115.1,16938.2,0.7032,cloud_heavy
7150,22,297,13315.0,15978.0,0.6556,cloud_heavy
7151,23,297,13337.0,16004.5,0.6123,cloud_heavy
7152,0,298,12336.6,14803.9,0.4829,cloud_heavy
7153,1,298,12091.1,14509.3,0.4978,cloud_heavy
7154,2,298,12886.0,15463.1,0.5177,cloud_heavy
7155,3,298,12777.6,15333.1,0.5431,cloud_heavy
7156,4,298,12831.2,15397.5,0.5747,cloud_heavy
7157,5,298,13195.6,15834.8,0.6123,cloud_heavy
7158,6,298,13550.5,16260.6,0.6556,cloud_heavy
7159,7,298,13410.3,16092.4,0.7032,cloud_heavy
7160,8,298,14355.8,17226.9,0.7533,cloud_heavy
7161,9,298,14954.2,17945.0,0.8033,cloud_heavy
7162,10,298,15098.0,18117.6,0.8504,cloud_heavy
7163,11,298,15823.9,18988.7,0.8912,cloud_heavy
7164,12,298,15967.6,19161.2,0.923,cloud_heavy
7165,13,298,16517.4,19820.9,0.9431,cloud_heavy
7166,14,298,16528.6,19834.4,0.95,cloud_heavy
7167,15,298,16223.7,19468.4,0.9431,cloud_heavy
7168,16,298,15302.9,18363.5,0.923,cloud_heavy
7169,17,298,16506.8,19808.2,0.8912,cloud_heavy
7170,18,298,15223.7,18268.5,0.8504,cloud_heavy
7171,19,298,14819.6,17783.5,0.8033,cloud_heavy
7172,20,298,14246.7,17096.1,0.7533,cloud_heavy
7173,21,298,13729.2,16475.0,0.7032,cloud_heavy
7174,22,298,14120.0,16944.0,0.6556,cloud_heavy
7175,23,298,13641.4,16369.7,0.6123,cloud_heavy
7176,0,299,11971.4,14365.7,0.473,cloud_heavy
7177,1,299,11871.9,14246.3,0.4835,cloud_heavy
7178,2,299,12261.9,14714.2,0.4974,cloud_heavy
7179,3,299,12229.4,14675.3,0.5152,cloud_heavy
7180,4,299,12334.9,14801.9,0.5373,cloud_heavy
7181,5,299,12776.7,15332.0,0.5636,cloud_heavy
7182,6,299,12756.0,15307.2,0.5939,cloud_heavy
7183,7,299,13334.1,16000.9,0.6272,cloud_heavy
7184,8,299,13639.9,16367.9,0.6623,cloud_heavy
7185,9,299,14130.6,16956.7,0.6973,cloud_heavy
7186,10,299,13919.4,16703.2,0.7303,cloud_heavy
7187,11,299,14754.1,17704.9,0.7589,cloud_heavy
7188,12,299,14252.5,17103.0,0.7811,cloud_heavy
7189,13,299,14526.7,17432.0,0.7952,cloud_heavy
7190,14,299,14589.8,17507.7,0.8,cloud_heavy
7191,15,299,14305.2,17166.2,0.7952,cloud_heavy
7192,16,299,15097.2,18116.7,0.7811,cloud_heavy
7193,17,299,14026.3,16831.6,0.7589,cloud_heavy
7194,18,299,13885.4,16662.5,0.7303,cloud_heavy
7195,19,299,14402.3,17282.7,0.6973,cloud_heavy
7196,20,299,13324.8,15989.8,0.6623,cloud_heavy
7197,21,299,13159.3,15791.1,0.6272,cloud_heavy
7198,22,299,12534.6,15041.5,0.5939,cloud_heavy
7199,23,299,12964.5,15557.4,0.5636,cloud_heavy
7200,0,300,12114.0,14536.8,0.473,cloud_heavy
7201,1,300,12174.3,14609.2,0.4835,cloud_heavy
7202,2,300,12232.4,14678.9,0.4974,cloud_heavy
7203,3,300,12229.4,14675.2,0.5152,cloud_heavy
7204,4,300,12210.6,14652.7,0.5373,cloud_heavy
7205,5,300,12339.2,14807.0,0.5636,cloud_heavy
7206,6,300,13427.3,16112.8,0.5939,cloud_heavy
7207,7,300,13537.6,16245.1,0.6272,cloud_heavy
7208,8,300,13274.9,15929.9,0.6623,cloud_heavy
7209,9,300,13896.1,16675.4,0.6973,cloud_heavy
7210,10,300,14055.1,16866.1,0.7303,cloud_heavy
7211,11,300,13957.3,16748.8,0.7589,cloud_heavy
7212,12,300,14728.9,17674.7,0.7811,cloud_heavy
7213,13,300,14596.3,17515.6,0.7952,cloud_heavy
7214,14,300,14401.4,17281.6,0.8,cloud_heavy
7215,15,300,14124.7,16949.6,0.7952,cloud_heavy
7216,16,300,13963.5,16756.2,0.7811,cloud_heavy
7217,17,300,14285.3,17142.4,0.7589,cloud_heavy
7218,18,300,14146.6,16975.9,0.7303,cloud_heavy
7219,19,300,13515.1,16218.1,0.6973,cloud_heavy
7220,20,300,13821.5,16585.8,0.6623,cloud_heavy
7221,21,300,13207.9,15849.5,0.6272,cloud_heavy
7222,22,300,13150.8,15780.9,0.5939,cloud_heavy
7223,23,300,12579.0,15094.8,0.5636,cloud_heavy
7224,0,301,11623.6,13948.3,0.4829,cloud_heavy
7225,1,301,12083.6,14500.4,0.4978,cloud_heavy
7226,2,301,11762.1,14114.5,0.5177,cloud_heavy
7227,3,301,12661.3,15193.6,0.5431,cloud_heavy
7228,4,301,12391.7,14870.0,0.5747,cloud_heavy
7229,5,301,13457.6,16149.1,0.6123,cloud_heavy
7230,6,301,13357.9,16029.5,0.6556,cloud_heavy
7231,7,301,14377.5,17253.0,0.7032,cloud_heavy
7232,8,301,13909.9,16691.8,0.7533,cloud_heavy
7233,9,301,14553.5,17464.3,0.8033,cloud_heavy
7234,10,301,15463.5,18556.2,0.8504,cloud_heavy
7235,11,301,16215.3,19458.4,0.8912,cloud_heavy
7236,12,301,16755.3,20106.3,0.923,cloud_heavy
7237,13,301,16162.8,19395.3,0.9431,cloud_heavy
7238,14,301,17099.7,20519.7,0.95,cloud_heavy
7239,15,301,16002.5,19203.0,0.9431,cloud_heavy
7240,16,301,16483.4,19780.1,0.923,cloud_heavy
7241,17,301,15222.5,18267.0,0.8912,cloud_heavy
7242,18,301,15481.5,18577.9,0.8504,cloud_heavy
7243,19,301,13812.0,16574.4,0.8033,cloud_heavy
7244,20,301,13910.3,16692.4,0.7533,cloud_heavy
7245,21,301,14128.4,16954.1,0.7032,cloud_heavy
7246,22,301,12963.6,15556.3,0.6556,cloud_heavy
7247,23,301,13264.6,15917.5,0.6123,cloud_heavy
7248,0,302,12228.4,14674.1,0.4829,cloud_heavy
7249,1,302,11861.3,14233.5,0.4978,cloud_heavy
7250,2,302,11869.8,14243.8,0.5177,cloud_heavy
7251,3,302,12282.5,14738.9,0.5431,cloud_heavy
7252,4,302,12380.7,14856.9,0.5747,cloud_heavy
7253,5,302,13057.1,15668.5,0.6123,cloud_heavy
7254,6,302,13536.2,16243.5,0.6556,cloud_heavy
7255,7,302,13805.4,16566.5,0.7032,cloud_heavy
7256,8,302,15117.7,18141.2,0.7533,cloud_heavy
7257,9,302,14535.0,17442.0,0.8033,cloud_heavy
7258,10,302,15927.0,19112.4,0.8504,cloud_heavy
7259,11,302,15175.9,18211.1,0.8912,cloud_heavy
7260,12,302,15992.3,19190.7,0.923,cloud_heavy
7261,13,302,16715.7,20058.8,0.9431,cloud_heavy
7262,14,302,16756.3,20107.6,0.95,cloud_heavy
7263,15,302,15939.2,19127.1,0.9431,cloud_heavy
7264,16,302,16223.2,19467.8,0.923,cloud_heavy
7265,17,302,15863.2,19035.8,0.8912,cloud_heavy
7266,18,302,15041.2,18049.4,0.8504,cloud_heavy
7267,19,302,15130.1,18156.1,0.8033,cloud_heavy
7268,20,302,15198.9,18238.7,0.7533,cloud_heavy
7269,21,302,14130.5,16956.6,0.7032,cloud_heavy
7270,22,302,13724.2,16469.0,0.6556,cloud_heavy
7271,23,302,13360.9,16033.1,0.6123,cloud_heavy
7272,0,303,11382.9,13659.5,0.4829,cloud_heavy
7273,1,303,12208.7,14650.4,0.4978,cloud_heavy
7274,2,303,11852.3,14222.7,0.5177,cloud_heavy
7275,3,303,12239.2,14687.1,0.5431,cloud_heavy
7276,4,303,13577.1,16292.5,0.5747,cloud_heavy
7277,5,303,12997.3,15596.8,0.6123,cloud_heavy
7278,6,303,13195.3,15834.3,0.6556,cloud_heavy
7279,7,303,14415.1,17298.1,0.7032,cloud_heavy
7280,8,303,13985.4,16782.5,0.7533,cloud_heavy
7281,9,303,14656.2,17587.5,0.8033,cloud_heavy
7282,10,303,15861.7,19034.0,0.8504,cloud_heavy
7283,11,303,15685.3,18822.4,0.8912,cloud_heavy
7284,12,303,15209.9,18251.8,0.923,cloud_heavy
7285,13,303,16406.2,19687.4,0.9431,cloud_heavy
7286,14,303,16013.5,19216.2,0.95,cloud_heavy
7287,15,303,16888.5,20266.2,0.9431,cloud_heavy
7288,16,303,15667.2,18800.7,0.923,cloud_heavy
7289,17,303,16159.3,19391.1,0.8912,cloud_heavy
7290,18,303,16103.3,19323.9,0.8504,cloud_heavy
7291,19,303,14476.4,17371.6,0.8033,cloud_heavy
7292,20,303,14311.2,17173.5,0.7533,cloud_heavy
7293,21,303,14095.8,16914.9,0.7032,cloud_heavy
7294,22,303,13147.8,15777.4,0.6556,cloud_heavy
7295,23,303,13203.0,15843.6,0.6123,cloud_heavy
7296,0,304,11824.4,14189.3,0.4829,cloud_heavy
7297,1,304,11953.9,14344.6,0.4978,cloud_heavy
7298,2,304,12243.1,14691.8,0.5177,cloud_heavy
7299,3,304,12486.3,14983.6,0.5431,cloud_heavy
7300,4,304,12812.8,15375.4,0.5747,cloud_heavy
7301,5,304,12861.6,15433.9,0.6123,cloud_heavy
7302,6,304,13270.2,15924.2,0.6556,cloud_heavy
7303,7,304,13883.8,16660.5,0.7032,cloud_heavy
7304,8,304,14375.3,17250.4,0.7533,cloud_heavy
7305,9,304,14660.0,17592.0,0.8033,cloud_heavy
7306,10,304,15437.4,18524.9,0.8504,cloud_heavy
7307,11,304,14812.4,17774.9,0.8912,cloud_heavy
7308,12,304,15607.7,18729.3,0.923,cloud_heavy
7309,13,304,16007.2,19208.6,0.9431,cloud_heavy
7310,14,304,15790.0,18948.0,0.95,cloud_heavy
7311,15,304,16931.7,20318.1,0.9431,cloud_heavy
7312,16,304,15966.5,19159.8,0.923,cloud_heavy
7313,17,304,15748.3,18898.0,0.8912,cloud_heavy
7314,18,304,15067.2,18080.6,0.8504,cloud_heavy
7315,19,304,14848.6,17818.3,0.8033,cloud_heavy
7316,20,304,13869.9,16643.8,0.7533,cloud_heavy
7317,21,304,13862.4,16634.8,0.7032,cloud_heavy
7318,22,304,13115.6,15738.7,0.6556,cloud_heavy
7319,23,304,12987.8,15585.4,0.6123,cloud_heavy
7320,0,305,10990.5,13188.5,0.4829,cloud_heavy
7321,1,305,11634.9,13961.9,0.4978,cloud_heavy
7322,2,305,12762.1,15314.5,0.5177,cloud_heavy
7323,3,305,12770.1,15324.1,0.5431,cloud_heavy
7324,4,305,13254.7,15905.6,0.5747,cloud_heavy
7325,5,305,13642.1,16370.5,0.6123,cloud_heavy
7326,6,305,13767.4,16520.8,0.6556,cloud_heavy
7327,7,305,13744.0,16492.8,0.7032,cloud_heavy
7328,8,305,13946.7,16736.1,0.7533,cloud_heavy
7329,9,305,15366.7,18440.0,0.8033,cloud_heavy
7330,10,305,15318.4,18382.1,0.8504,cloud_heavy
7331,11,305,16837.3,20204.8,0.8912,cloud_heavy
7332,12,305,15782.7,18939.2,0.923,cloud_heavy
7333,13,305,17098.2,20517.8,0.9431,cloud_heavy
7334,14,305,16130.0,19356.0,0.95,cloud_heavy
7335,15,305,16789.8,20147.7,0.9431,cloud_heavy
7336,16,305,16769.7,20123.6,0.923,cloud_heavy
7337,17,305,15184.5,18221.4,0.8912,cloud_heavy
7338,18,305,15066.4,18079.6,0.8504,cloud_heavy
7339,19,305,14395.2,17274.3,0.8033,cloud_heavy
7340,20,305,13863.5,16636.2,0.7533,cloud_heavy
7341,21,305,14212.2,17054.6,0.7032,cloud_heavy
7342,22,305,13415.3,16098.4,0.6556,cloud_heavy
7343,23,305,13117.4,15740.9,0.6123,cloud_heavy
7344,0,306,12011.1,14413.3,0.473,cloud_heavy
7345,1,306,11246.6,13496.0,0.4835,cloud_heavy
7346,2,306,12503.0,15003.6,0.4974,cloud_heavy
7347,3,306,12074.6,14489.5,0.5152,cloud_heavy
7348,4,306,12603.9,15124.6,0.5373,cloud_heavy
7349,5,306,12883.9,15460.7,0.5636,cloud_heavy
7350,6,306,13458.7,16150.4,0.5939,cloud_heavy
7351,7,306,13192.3,15830.8,0.6272,cloud_heavy
7352,8,306,12693.2,15231.8,0.6623,cloud_heavy
7353,9,306,13903.3,16684.0,0.6973,cloud_heavy
7354,10,306,14268.2,17121.8,0.7303,cloud_heavy
7355,11,306,13998.1,16797.7,0.7589,cloud_heavy
7356,12,306,14715.7,17658.8,0.7811,cloud_heavy
7357,13,306,14620.5,17544.6,0.7952,cloud_heavy
7358,14,306,14227.8,17073.4,0.8,cloud_heavy
7359,15,306,15078.3,18094.0,0.7952,cloud_heavy
7360,16,306,14403.1,17283.7,0.7811,cloud_heavy
7361,17,306,14270.2,17124.2,0.7589,cloud_heavy
7362,18,306,13986.0,16783.2,0.7303,cloud_heavy
7363,19,306,14394.0,17272.8,0.6973,cloud_heavy
7364,20,306,13540.2,16248.3,0.6623,cloud_heavy
7365,21,306,13265.4,15918.4,0.6272,cloud_heavy
7366,22,306,12756.2,15307.4,0.5939,cloud_heavy
7367,23,306,12824.0,15388.9,0.5636,cloud_heavy
7368,0,307,12292.1,14750.6,0.473,cloud_heavy
7369,1,307,12141.8,14570.2,0.4835,cloud_heavy
7370,2,307,12286.3,14743.6,0.4974,cloud_heavy
7371,3,307,12424.3,14909.2,0.5152,cloud_heavy
7372,4,307,11892.0,14270.4,0.5373,cloud_heavy
7373,5,307,12316.0,14779.2,0.5636,cloud_heavy
7374,6,307,12847.6,15417.1,0.5939,cloud_heavy
7375,7,307,12945.8,15534.9,0.6272,cloud_heavy
7376,8,307,13123.9,15748.7,0.6623,cloud_heavy
7377,9,307,13100.0,15720.0,0.6973,cloud_heavy
7378,10,307,13609.9,16331.8,0.7303,cloud_heavy
7379,11,307,14335.1,17202.1,0.7589,cloud_heavy
7380,12,307,14620.3,17544.4,0.7811,cloud_heavy
7381,13,307,14428.9,17314.7,0.7952,cloud_heavy
7382,14,307,14860.1,17832.1,0.8,cloud_heavy
7383,15,307,14588.2,17505.8,0.7952,cloud_heavy
7384,16,307,15130.2,18156.2,0.7811,cloud_heavy
7385,17,307,14376.3,17251.5,0.7589,cloud_heavy
7386,18,307,14479.1,17374.9,0.7303,cloud_heavy
7387,19,307,13964.2,16757.0,0.6973,cloud_heavy
7388,20,307,12986.6,15584.0,0.6623,cloud_heavy
7389,21,307,13198.0,15837.6,0.6272,cloud_heavy
7390,22,307,12447.9,14937.4,0.5939,cloud_heavy
7391,23,307,12607.4,15128.9,0.5636,cloud_heavy
7392,0,308,11638.6,13966.3,0.4829,cloud_heavy
7393,1,308,12180.4,14616.5,0.4978,cloud_heavy
7394,2,308,11732.9,14079.4,0.5177,cloud_heavy
7395,3,308,12465.2,14958.2,0.5431,cloud_heavy
7396,4,308,12969.1,15562.9,0.5747,cloud_heavy
7397,5,308,13453.4,16144.1,0.6123,cloud_heavy
7398,6,308,13185.5,15822.6,0.6556,cloud_heavy
7399,7,308,13940.8,16728.9,0.7032,cloud_heavy
7400,8,308,14474.2,17369.0,0.7533,cloud_heavy
7401,9,308,15545.1,18654.1,0.8033,cloud_heavy
7402,10,308,14609.4,17531.3,0.8504,cloud_heavy
7403,11,308,15237.1,18284.5,0.8912,cloud_heavy
7404,12,308,17300.0,20760.0,0.923,cloud_heavy
7405,13,308,16010.5,19212.6,0.9431,cloud_heavy
7406,14,308,15286.9,18344.2,0.95,cloud_heavy
7407,15,308,15860.6,19032.8,0.9431,cloud_heavy
7408,16,308,14631.9,17558.3,0.923,cloud_heavy
7409,17,308,15778.5,18934.2,0.8912,cloud_heavy
7410,18,308,15660.2,18792.3,0.8504,cloud_heavy
7411,19,308,14449.3,17339.2,0.8033,cloud_heavy
7412,20,308,14191.4,17029.6,0.7533,cloud_heavy
7413,21,308,14319.4,17183.3,0.7032,cloud_heavy
7414,22,308,12786.3,15343.6,0.6556,cloud_heavy
7415,23,308,12577.6,15093.1,0.6123,cloud_heavy
7416,0,309,11823.2,14187.9,0.4829,cloud_heavy
7417,1,309,11770.6,14124.7,0.4978,cloud_heavy
7418,2,309,12117.4,14540.9,0.5177,cloud_heavy
7419,3,309,11987.3,14384.8,0.5431,cloud_heavy
7420,4,309,12832.1,15398.5,0.5747,cloud_heavy
7421,5,309,13038.2,15645.8,0.6123,cloud_heavy
7422,6,309,13717.3,16460.7,0.6556,cloud_heavy
7423,7,309,14017.1,16820.5,0.7032,cloud_heavy
7424,8,309,14483.9,17380.7,0.7533,cloud_heavy
7425,9,309,14211.0,17053.2,0.8033,cloud_heavy
7426,10,309,15514.7,18617.7,0.8504,cloud_heavy
7427,11,309,15509.8,18611.7,0.8912,cloud_heavy
7428,12,309,15877.7,19053.2,0.923,cloud_heavy
7429,13,309,16650.4,19980.5,0.9431,cloud_heavy
7430,14,309,15856.5,19027.8,0.95,cloud_heavy
7431,15,309,16797.1,20156.5,0.9431,cloud_heavy
7432,16,309,16648.9,19978.7,0.923,cloud_heavy
7433,17,309,16019.0,19222.8,0.8912,cloud_heavy
7434,18,309,14839.0,17806.8,0.8504,cloud_heavy
7435,19,309,13881.2,16657.5,0.8033,cloud_heavy
7436,20,309,14860.5,17832.6,0.7533,cloud_heavy
7437,21,309,13979.9,16775.9,0.7032,cloud_heavy
7438,22,309,13193.2,15831.9,0.6556,cloud_heavy
7439,23,309,13557.9,16269.5,0.6123,cloud_heavy
7440,0,310,11597.0,13916.4,0.4829,cloud_heavy
7441,1,310,11889.2,14267.0,0.4978,cloud_heavy
7442,2,310,12417.7,14901.2,0.5177,cloud_heavy
7443,3,310,12043.4,14452.1,0.5431,cloud_heavy
7444,4,310,12708.3,15249.9,0.5747,cloud_heavy
7445,5,310,13524.8,16229.7,0.6123,cloud_heavy
7446,6,310,13580.4,16296.5,0.6556,cloud_heavy
7447,7,310,14454.8,17345.7,0.7032,cloud_heavy
7448,8,310,14884.2,17861.0,0.7533,cloud_heavy
7449,9,310,14859.1,17830.9,0.8033,cloud_heavy
7450,10,310,14217.0,17060.4,0.8504,cloud_heavy
7451,11,310,15145.6,18174.7,0.8912,cloud_heavy
7452,12,310,16322.9,19587.4,0.923,cloud_heavy
7453,13,310,15392.0,18470.4,0.9431,cloud_heavy
7454,14,310,16047.4,19256.9,0.95,cloud_heavy
7455,15,310,16306.7,19568.0,0.9431,cloud_heavy
7456,16,310,16661.0,19993.1,0.923,cloud_heavy
7457,17,310,15395.0,18474.0,0.8912,cloud_heavy
7458,18,310,14993.7,17992.4,0.8504,cloud_heavy
7459,19,310,14832.2,17798.7,0.8033,cloud_heavy
7460,20,310,14546.2,17455.4,0.7533,cloud_heavy
7461,21,310,13868.9,16642.6,0.7032,cloud_heavy
7462,22,310,13919.7,16703.6,0.6556,cloud_heavy
7463,23,310,12782.8,15339.4,0.6123,cloud_heavy
7464,0,311,11947.6,14337.1,0.4829,cloud_heavy
7465,1,311,12203.2,14643.9,0.4978,cloud_heavy
7466,2,311,12078.4,14494.1,0.5177,cloud_heavy
7467,3,311,12773.6,15328.3,0.5431,cloud_heavy
7468,4,311,12807.1,15368.5,0.5747,cloud_heavy
7469,5,311,13406.8,16088.1,0.6123,cloud_heavy
7470,6,311,13573.5,16288.2,0.6556,cloud_heavy
7471,7,311,14090.7,16908.8,0.7032,cloud_heavy
7472,8,311,14121.6,16945.9,0.7533,cloud_heavy
7473,9,311,14574.5,17489.4,0.8033,cloud_heavy
7474,10,311,15850.4,19020.5,0.8504,cloud_heavy
7475,11,311,15963.9,19156.7,0.8912,cloud_heavy
7476,12,311,15467.7,18561.3,0.923,cloud_heavy
7477,13,311,16230.3,19476.4,0.9431,cloud_heavy
7478,14,311,15052.1,18062.6,0.95,cloud_heavy
7479,15,311,15864.8,19037.8,0.9431,cloud_heavy
7480,16,311,16417.5,19701.0,0.923,cloud_heavy
7481,17,311,15606.4,18727.7,0.8912,cloud_heavy
7482,18,311,15342.9,18411.5,0.8504,cloud_heavy
7483,19,311,13511.3,16213.6,0.8033,cloud_heavy
7484,20,311,14225.3,17070.3,0.7533,cloud_heavy
7485,21,311,14074.7,16889.7,0.7032,cloud_heavy
7486,22,311,13683.3,16419.9,0.6556,cloud_heavy
7487,23,311,13475.0,16169.9,0.6123,cloud_heavy
7488,0,312,11829.6,14195.5,0.4829,cloud_heavy
7489,1,312,11982.6,14379.1,0.4978,cloud_heavy
7490,2,312,11736.6,14084.0,0.5177,cloud_heavy
7491,3,312,12383.3,14859.9,0.5431,cloud_heavy
7492,4,312,12267.6,14721.1,0.5747,cloud_heavy
7493,5,312,12370.8,14845.0,0.6123,cloud_heavy
7494,6,312,13055.6,15666.7,0.6556,cloud_heavy
7495,7,312,14564.0,17476.8,0.7032,cloud_heavy
7496,8,312,14277.8,17133.4,0.7533,cloud_heavy
7497,9,312,14953.6,17944.3,0.8033,cloud_heavy
7498,10,312,15053.3,18063.9,0.8504,cloud_heavy
7499,11,312,14823.8,17788.5,0.8912,cloud_heavy
7500,12,312,16405.6,19686.7,0.923,cloud_heavy
7501,13,312,15090.8,18108.9,0.9431,cloud_heavy
7502,14,312,15936.5,19123.8,0.95,cloud_heavy
7503,15,312,16116.3,19339.6,0.9431,cloud_heavy
7504,16,312,16067.8,19281.3,0.923,cloud_heavy
7505,17,312,15323.8,18388.6,0.8912,cloud_heavy
7506,18,312,14445.8,17335.0,0.8504,cloud_heavy
7507,19,312,14498.6,17398.3,0.8033,cloud_heavy
7508,20,312,14071.3,16885.6,0.7533,cloud_heavy
7509,21,312,13610.2,16332.2,0.7032,cloud_heavy
7510,22,312,13887.6,16665.2,0.6556,cloud_heavy
7511,23,312,12620.0,15144.0,0.6123,cloud_heavy
7512,0,313,11920.6,14304.7,0.473,cloud_heavy
7513,1,313,11966.9,14360.2,0.4835,cloud_heavy
7514,2,313,12385.1,14862.1,0.4974,cloud_heavy
7515,3,313,12153.7,14584.4,0.5152,cloud_heavy
7516,4,313,12700.2,15240.2,0.5373,cloud_heavy
7517,5,313,12583.1,15099.7,0.5636,cloud_heavy
7518,6,313,13095.5,15714.6,0.5939,cloud_heavy
7519,7,313,12637.3,15164.7,0.6272,cloud_heavy
7520,8,313,12483.9,14980.7,0.6623,cloud_heavy
7521,9,313,14036.8,16844.1,0.6973,cloud_heavy
7522,10,313,14366.3,17239.5,0.7303,cloud_heavy
7523,11,313,14652.4,17582.8,0.7589,cloud_heavy
7524,12,313,14420.1,17304.1,0.7811,cloud_heavy
7525,13,313,15441.1,18529.3,0.7952,cloud_heavy
7526,14,313,14620.5,17544.6,0.8,cloud_heavy
7527,15,313,14967.2,17960.6,0.7952,cloud_heavy
7528,16,313,14912.2,17894.6,0.7811,cloud_heavy
7529,17,313,15191.2,18229.4,0.7589,cloud_heavy
7530,18,313,14047.9,16857.5,0.7303,cloud_heavy
7531,19,313,13607.6,16329.1,0.6973,cloud_heavy
7532,20,313,12947.6,15537.1,0.6623,cloud_heavy
7533,21,313,13850.3,16620.3,0.6272,cloud_heavy
7534,22,313,13090.5,15708.6,0.5939,cloud_heavy
7535,23,313,12820.3,15384.4,0.5636,cloud_heavy
7536,0,314,12918.5,15502.2,0.473,cloud_heavy
7537,1,314,12026.4,14431.7,0.4835,cloud_heavy
7538,2,314,11567.9,13881.5,0.4974,cloud_heavy
7539,3,314,12130.7,14556.8,0.5152,cloud_heavy
7540,4,314,12042.9,14451.5,0.5373,cloud_heavy
7541,5,314,12498.2,14997.8,0.5636,cloud_heavy
7542,6,314,12770.9,15325.1,0.5939,cloud_heavy
7543,7,314,13000.9,15601.1,0.6272,cloud_heavy
7544,8,314,12990.2,15588.3,0.6623,cloud_heavy
7545,9,314,14542.6,17451.2,0.6973,cloud_heavy
7546,10,314,14309.9,17171.9,0.7303,cloud_heavy
7547,11,314,14348.6,17218.3,0.7589,cloud_heavy
7548,12,314,14983.8,17980.6,0.7811,cloud_heavy
7549,13,314,14989.4,17987.3,0.7952,cloud_heavy
7550,14,314,14947.6,17937.1,0.8,cloud_heavy
7551,15,314,15084.3,18101.1,0.7952,cloud_heavy
7552,16,314,14709.7,17651.6,0.7811,cloud_heavy
7553,17,314,14736.8,17684.1,0.7589,cloud_heavy
7554,18,314,14503.2,17403.9,0.7303,cloud_heavy
7555,19,314,13947.3,16736.8,0.6973,cloud_heavy
7556,20,314,13467.2,16160.7,0.6623,cloud_heavy
7557,21,314,13841.6,16609.9,0.6272,cloud_heavy
7558,22,314,12741.7,15290.1,0.5939,cloud_heavy
7559,23,314,12796.9,15356.3,0.5636,cloud_heavy
7560,0,315,12052.5,14463.0,0.4829,cloud_heavy
7561,1,315,11822.2,14186.6,0.4978,cloud_heavy
7562,2,315,11928.9,14314.7,0.5177,cloud_heavy
7563,3,315,12327.4,14792.9,0.5431,cloud_heavy
7564,4,315,12561.9,15074.2,0.5747,cloud_heavy
7565,5,315,12523.9,15028.7,0.6123,cloud_heavy
7566,6,315,13231.2,15877.4,0.6556,cloud_heavy
7567,7,315,14044.6,16853.5,0.7032,cloud_heavy
7568,8,315,14941.3,17929.6,0.7533,cloud_heavy
7569,9,315,15102.7,18123.2,0.8033,cloud_heavy
7570,10,315,14096.5,16915.8,0.8504,cloud_heavy
7571,11,315,15966.6,19160.0,0.8912,cloud_heavy
7572,12,315,15690.2,18828.3,0.923,cloud_heavy
7573,13,315,16362.2,19634.6,0.9431,cloud_heavy
7574,14,315,16199.4,19439.3,0.95,cloud_heavy
7575,15,315,16049.4,19259.3,0.9431,cloud_heavy
7576,16,315,15908.5,19090.2,0.923,cloud_heavy
7577,17,315,15654.7,18785.6,0.8912,cloud_heavy
7578,18,315,15905.4,19086.5,0.8504,cloud_heavy
7579,19,315,14846.8,17816.2,0.8033,cloud_heavy
7580,20,315,14863.4,17836.1,0.7533,cloud_heavy
7581,21,315,14326.2,17191.5,0.7032,cloud_heavy
7582,22,315,13765.0,16518.0,0.6556,cloud_heavy
7583,23,315,12394.9,14873.8,0.6123,cloud_heavy
7584,0,316,12303.5,14764.2,0.4829,cloud_heavy
7585,1,316,11877.0,14252.4,0.4978,cloud_heavy
7586,2,316,12487.7,14985.2,0.5177,cloud_heavy
7587,3,316,12096.2,14515.4,0.5431,cloud_heavy
7588,4,316,12296.8,14756.2,0.5747,cloud_heavy
7589,5,316,13873.4,16648.0,0.6123,cloud_heavy
7590,6,316,13107.5,15729.0,0.6556,cloud_heavy
7591,7,316,14412.4,17294.9,0.7032,cloud_heavy
7592,8,316,14445.8,17334.9,0.7533,cloud_heavy
7593,9,316,14668.4,17602.1,0.8033,cloud_heavy
7594,10,316,15268.3,18321.9,0.8504,cloud_heavy
7595,11,316,15053.8,18064.5,0.8912,cloud_heavy
7596,12,316,15950.9,19141.0,0.923,cloud_heavy
7597,13,316,15618.4,18742.1,0.9431,cloud_heavy
7598,14,316,16014.0,19216.8,0.95,cloud_heavy
7599,15,316,16590.9,19909.0,0.9431,cloud_heavy
7600,16,316,16079.1,19295.0,0.923,cloud_heavy
7601,17,316,14968.7,17962.4,0.8912,cloud_heavy
7602,18,316,15679.4,18815.2,0.8504,cloud_heavy
7603,19,316,14852.4,17822.9,0.8033,cloud_heavy
7604,20,316,14160.5,16992.6,0.7533,cloud_heavy
7605,21,316,14245.4,17094.5,0.7032,cloud_heavy
7606,22,316,13427.2,16112.7,0.6556,cloud_heavy
7607,23,316,12638.8,15166.6,0.6123,cloud_heavy
7608,0,317,12564.6,15077.6,0.4829,cloud_heavy
7609,1,317,12036.2,14443.4,0.4978,cloud_heavy
7610,2,317,12195.3,14634.4,0.5177,cloud_heavy
7611,3,317,12308.3,14769.9,0.5431,cloud_heavy
7612,4,317,13201.5,15841.8,0.5747,cloud_heavy
7613,5,317,12890.6,15468.7,0.6123,cloud_heavy
7614,6,317,12869.4,15443.3,0.6556,cloud_heavy
7615,7,317,13649.6,16379.6,0.7032,cloud_heavy
7616,8,317,14967.6,17961.1,0.7533,cloud_heavy
7617,9,317,15226.5,18271.8,0.8033,cloud_heavy
7618,10,317,15171.8,18206.2,0.8504,cloud_heavy
7619,11,317,16310.6,19572.7,0.8912,cloud_heavy
7620,12,317,16315.5,19578.6,0.923,cloud_heavy
7621,13,317,16013.6,19216.4,0.9431,cloud_heavy
7622,14,317,16125.6,19350.7,0.95,cloud_heavy
7623,15,317,16302.2,19562.7,0.9431,cloud_heavy
7624,16,317,15559.2,18671.0,0.923,cloud_heavy
7625,17,317,15667.4,18800.8,0.8912,cloud_heavy
7626,18,317,15430.3,18516.4,0.8504,cloud_heavy
7627,19,317,14103.8,16924.5,0.8033,cloud_heavy
7628,20,317,14312.9,17175.5,0.7533,cloud_heavy
7629,21,317,13806.7,16568.0,0.7032,cloud_heavy
7630,22,317,13911.1,16693.3,0.6556,cloud_heavy
7631,23,317,12372.1,14846.6,0.6123,cloud_heavy
7632,0,318,11768.5,14122.1,0.4829,cloud_heavy
7633,1,318,11868.4,14242.0,0.4978,cloud_heavy
7634,2,318,12577.3,15092.8,0.5177,cloud_heavy
7635,3,318,12443.4,14932.1,0.5431,cloud_heavy
7636,4,318,13437.2,16124.6,0.5747,cloud_heavy
7637,5,318,13357.0,16028.4,0.6123,cloud_heavy
7638,6,318,13328.8,15994.6,0.6556,cloud_heavy
7639,7,318,14033.5,16840.2,0.7032,cloud_heavy
7640,8,318,14241.8,17090.1,0.7533,cloud_heavy
7641,9,318,15238.6,18286.3,0.8033,cloud_heavy
7642,10,318,14677.8,17613.3,0.8504,cloud_heavy
7643,11,318,15278.1,18333.8,0.8912,cloud_heavy
7644,12,318,16175.6,19410.7,0.923,cloud_heavy
7645,13,318,16736.4,20083.6,0.9431,cloud_heavy
7646,14,318,15135.7,18162.8,0.95,cloud_heavy
7647,15,318,16808.4,20170.1,0.9431,cloud_heavy
7648,16,318,15890.4,19068.4,0.923,cloud_heavy
7649,17,318,14779.9,17735.9,0.8912,cloud_heavy
7650,18,318,13912.0,16694.4,0.8504,cloud_heavy
7651,19,318,14174.0,17008.8,0.8033,cloud_heavy
7652,20,318,14386.1,17263.4,0.7533,cloud_heavy
7653,21,318,13905.8,16686.9,0.7032,cloud_heavy
7654,22,318,13751.3,16501.5,0.6556,cloud_heavy
7655,23,318,12880.9,15457.1,0.6123,cloud_heavy
7656,0,319,11509.0,13810.8,0.4829,cloud_heavy
7657,1,319,11893.2,14271.8,0.4978,cloud_heavy
7658,2,319,12237.5,14685.0,0.5177,cloud_heavy
7659,3,319,12546.0,15055.2,0.5431,cloud_heavy
7660,4,319,12448.3,14937.9,0.5747,cloud_heavy
7661,5,319,13451.0,16141.2,0.6123,cloud_heavy
7662,6,319,13243.3,15892.0,0.6556,cloud_heavy
7663,7,319,13569.8,16283.8,0.7032,cloud_heavy
7664,8,319,14160.4,16992.5,0.7533,cloud_heavy
7665,9,319,15334.6,18401.6,0.8033,cloud_heavy
7666,10,319,15227.9,18273.5,0.8504,cloud_heavy
7667,11,319,15338.9,18406.6,0.8912,cloud_heavy
7668,12,319,16400.8,19680.9,0.923,cloud_heavy
7669,13,319,17180.4,20616.5,0.9431,cloud_heavy
7670,14,319,16308.2,19569.8,0.95,cloud_heavy
7671,15,319,16740.3,20088.3,0.9431,cloud_heavy
7672,16,319,16453.4,19744.1,0.923,cloud_heavy
7673,17,319,15380.6,18456.7,0.8912,cloud_heavy
7674,18,319,15301.0,18361.2,0.8504,cloud_heavy
7675,19,319,14284.0,17140.8,0.8033,cloud_heavy
7676,20,319,14306.1,17167.4,0.7533,cloud_heavy
7677,21,319,13671.6,16405.9,0.7032,cloud_heavy
7678,22,319,13331.8,15998.2,0.6556,cloud_heavy
7679,23,319,12802.2,15362.6,0.6123,cloud_heavy
7680,0,320,11712.2,14054.6,0.473,cloud_heavy
7681,1,320,12100.5,14520.6,0.4835,cloud_heavy
7682,2,320,11995.1,14394.1,0.4974,cloud_heavy
7683,3,320,11519.9,13823.9,0.5152,cloud_heavy
7684,4,320,12128.0,14553.6,0.5373,cloud_heavy
7685,5,320,12071.9,14486.2,0.5636,cloud_heavy
7686,6,320,13021.7,15626.1,0.5939,cloud_heavy
7687,7,320,13433.8,16120.5,0.6272,cloud_heavy
7688,8,320,13661.2,16393.5,0.6623,cloud_heavy
7689,9,320,13551.7,16262.0,0.6973,cloud_heavy
7690,10,320,14287.8,17145.4,0.7303,cloud_heavy
7691,11,320,14242.6,17091.1,0.7589,cloud_heavy
7692,12,320,14150.6,16980.7,0.7811,cloud_heavy
7693,13,320,15109.5,18131.4,0.7952,cloud_heavy
7694,14,320,15188.8,18226.6,0.8,cloud_heavy
7695,15,320,15201.3,18241.6,0.7952,cloud_heavy
7696,16,320,14383.4,17260.1,0.7811,cloud_heavy
7697,17,320,14957.4,17948.9,0.7589,cloud_heavy
7698,18,320,13972.8,16767.3,0.7303,cloud_heavy
7699,19,320,14151.7,16982.0,0.6973,cloud_heavy
7700,20,320,13349.1,16018.9,0.6623,cloud_heavy
7701,21,320,13145.0,15774.0,0.6272,cloud_heavy
7702,22,320,11988.1,14385.7,0.5939,cloud_heavy
7703,23,320,12533.8,15040.6,0.5636,cloud_heavy
7704,0,321,11846.2,14215.4,0.473,cloud_heavy
7705,1,321,11763.8,14116.5,0.4835,cloud_heavy
7706,2,321,12672.5,15207.0,0.4974,cloud_heavy
7707,3,321,11776.9,14132.2,0.5152,cloud_heavy
7708,4,321,12196.0,14635.2,0.5373,cloud_heavy
7709,5,321,12305.1,14766.1,0.5636,cloud_heavy
7710,6,321,12708.4,15250.1,0.5939,cloud_heavy
7711,7,321,13643.5,16372.1,0.6272,cloud_heavy
7712,8,321,14158.0,16989.6,0.6623,cloud_heavy
7713,9,321,13587.8,16305.3,0.6973,cloud_heavy
7714,10,321,13875.2,16650.2,0.7303,cloud_heavy
7715,11,321,13944.8,16733.8,0.7589,cloud_heavy
7716,12,321,15225.0,18270.0,0.7811,cloud_heavy
7717,13,321,15277.6,18333.1,0.7952,cloud_heavy
7718,14,321,14777.9,17733.4,0.8,cloud_heavy
7719,15,321,14161.5,16993.8,0.7952,cloud_heavy
7720,16,321,14076.5,16891.8,0.7811,cloud_heavy
7721,17,321,14520.2,17424.3,0.7589,cloud_heavy
7722,18,321,14416.5,17299.8,0.7303,cloud_heavy
7723,19,321,13019.2,15623.1,0.6973,cloud_heavy
7724,20,321,13426.2,16111.4,0.6623,cloud_heavy
7725,21,321,13876.5,16651.7,0.6272,cloud_heavy
7726,22,321,12842.7,15411.3,0.5939,cloud_heavy
7727,23,321,13213.7,15856.4,0.5636,cloud_heavy
7728,0,322,12136.5,14563.8,0.4829,cloud_heavy
7729,1,322,11650.7,13980.8,0.4978,cloud_heavy
7730,2,322,12117.9,14541.4,0.5177,cloud_heavy
7731,3,322,12411.6,14893.9,0.5431,cloud_heavy
7732,4,322,12385.8,14863.0,0.5747,cloud_heavy
7733,5,322,12715.8,15258.9,0.6123,cloud_heavy
7734,6,322,14104.9,16925.9,0.6556,cloud_heavy
7735,7,322,13524.8,16229.8,0.7032,cloud_heavy
7736,8,322,14860.4,17832.4,0.7533,cloud_heavy
7737,9,322,14661.1,17593.3,0.8033,cloud_heavy
7738,10,322,15277.1,18332.5,0.8504,cloud_heavy
7739,11,322,15929.3,19115.1,0.8912,cloud_heavy
7740,12,322,15670.9,18805.1,0.923,cloud_heavy
7741,13,322,16417.8,19701.3,0.9431,cloud_heavy
7742,14,322,15211.3,18253.6,0.95,cloud_heavy
7743,15,322,16355.7,19626.8,0.9431,cloud_heavy
7744,16,322,14775.7,17730.8,0.923,cloud_heavy
7745,17,322,15558.6,18670.4,0.8912,cloud_heavy
7746,18,322,15680.6,18816.7,0.8504,cloud_heavy
7747,19,322,15132.9,18159.5,0.8033,cloud_heavy
7748,20,322,13833.9,16600.7,0.7533,cloud_heavy
7749,21,322,13444.4,16133.3,0.7032,cloud_heavy
7750,22,322,13216.1,15859.3,0.6556,cloud_heavy
7751,23,322,13170.0,15804.0,0.6123,cloud_heavy
7752,0,323,11179.0,13414.8,0.4829,cloud_heavy
7753,1,323,12037.6,14445.1,0.4978,cloud_heavy
7754,2,323,12339.4,14807.3,0.5177,cloud_heavy
7755,3,323,12353.9,14824.7,0.5431,cloud_heavy
7756,4,323,12951.1,15541.3,0.5747,cloud_heavy
7757,5,323,13184.7,15821.7,0.6123,cloud_heavy
7758,6,323,13275.6,15930.8,0.6556,cloud_heavy
7759,7,323,13124.0,15748.8,0.7032,cloud_heavy
7760,8,323,14452.3,17342.7,0.7533,cloud_heavy
7761,9,323,14430.9,17317.0,0.8033,cloud_heavy
7762,10,323,15023.5,18028.3,0.8504,cloud_heavy
7763,11,323,15890.4,19068.5,0.8912,cloud_heavy
7764,12,323,16635.9,19963.1,0.923,cloud_heavy
7765,13,323,16124.3,19349.2,0.9431,cloud_heavy
7766,14,323,16475.6,19770.8,0.95,cloud_heavy
7767,15,323,15443.2,18531.9,0.9431,cloud_heavy
7768,16,323,16075.0,19290.0,0.923,cloud_heavy
7769,17,323,15637.1,18764.5,0.8912,cloud_heavy
7770,18,323,15852.6,19023.1,0.8504,cloud_heavy
7771,19,323,14614.7,17537.7,0.8033,cloud_heavy
7772,20,323,14290.3,17148.4,0.7533,cloud_heavy
7773,21,323,14375.9,17251.1,0.7032,cloud_heavy
7774,22,323,13457.7,16149.2,0.6556,cloud_heavy
7775,23,323,12661.2,15193.4,0.6123,cloud_heavy
7776,0,324,12816.0,15379.2,0.4829,cloud_heavy
7777,1,324,11652.7,13983.3,0.4978,cloud_heavy
7778,2,324,12201.5,14641.8,0.5177,cloud_heavy
7779,3,324,12589.3,15107.2,0.5431,cloud_heavy
7780,4,324,12852.5,15423.0,0.5747,cloud_heavy
7781,5,324,13022.3,15626.7,0.6123,cloud_heavy
7782,6,324,13420.1,16104.1,0.6556,cloud_heavy
7783,7,324,13835.1,16602.2,0.7032,cloud_heavy
7784,8,324,13912.7,16695.3,0.7533,cloud_heavy
7785,9,324,15813.9,18976.7,0.8033,cloud_heavy
7786,10,324,15187.9,18225.5,0.8504,cloud_heavy
7787,11,324,15945.8,19134.9,0.8912,cloud_heavy
7788,12,324,15797.2,18956.7,0.923,cloud_heavy
7789,13,324,15970.9,19165.1,0.9431,cloud_heavy
7790,14,324,15984.8,19181.8,0.95,cloud_heavy
7791,15,324,15392.2,18470.6,0.9431,cloud_heavy
7792,16,324,15880.5,19056.7,0.923,cloud_heavy
7793,17,324,15474.0,18568.8,0.8912,cloud_heavy
7794,18,324,15826.1,18991.4,0.8504,cloud_heavy
7795,19,324,14322.3,17186.7,0.8033,cloud_heavy
7796,20,324,14145.4,16974.5,0.7533,cloud_heavy
7797,21,324,13557.8,16269.3,0.7032,cloud_heavy
7798,22,324,14078.9,16894.7,0.6556,cloud_heavy
7799,23,324,12755.2,15306.3,0.6123,cloud_heavy
7800,0,325,12105.5,14526.6,0.4829,cloud_heavy
7801,1,325,12392.9,14871.5,0.4978,cloud_heavy
7802,2,325,12171.6,14605.9,0.5177,cloud_heavy
7803,3,325,11945.1,14334.1,0.5431,cloud_heavy
7804,4,325,12228.3,14674.0,0.5747,cloud_heavy
7805,5,325,13434.6,16121.6,0.6123,cloud_heavy
7806,6,325,12984.6,15581.5,0.6556,cloud_heavy
7807,7,325,14097.2,16916.6,0.7032,cloud_heavy
7808,8,325,14444.0,17332.8,0.7533,cloud_heavy
7809,9,325,15023.7,18028.4,0.8033,cloud_heavy
7810,10,325,15505.1,18606.1,0.8504,cloud_heavy
7811,11,325,15226.5,18271.8,0.8912,cloud_heavy
7812,12,325,15490.4,18588.5,0.923,cloud_heavy
7813,13,325,16489.0,19786.8,0.9431,cloud_heavy
7814,14,325,15900.3,19080.3,0.95,cloud_heavy
7815,15,325,14810.9,17773.1,0.9431,cloud_heavy
7816,16,325,16268.0,19521.6,0.923,cloud_heavy
7817,17,325,15178.2,18213.9,0.8912,cloud_heavy
7818,18,325,15503.1,18603.7,0.8504,cloud_heavy
7819,19,325,15476.3,18571.6,0.8033,cloud_heavy
7820,20,325,14401.9,17282.3,0.7533,cloud_heavy
7821,21,325,14349.6,17219.5,0.7032,cloud_heavy
7822,22,325,13557.2,16268.6,0.6556,cloud_heavy
7823,23,325,13720.5,16464.7,0.6123,cloud_heavy
7824,0,326,11525.4,13830.5,0.4829,cloud_heavy
7825,1,326,12039.4,14447.3,0.4978,cloud_heavy
7826,2,326,12472.1,14966.5,0.5177,cloud_heavy
7827,3,326,12388.5,14866.2,0.5431,cloud_heavy
7828,4,326,13190.9,15829.0,0.5747,cloud_heavy
7829,5,326,12927.1,15512.5,0.6123,cloud_heavy
7830,6,326,14332.7,17199.2,0.6556,cloud_heavy
7831,7,326,14820.4,17784.5,0.7032,cloud_heavy
7832,8,326,14516.5,17419.8,0.7533,cloud_heavy
7833,9,326,15101.9,18122.3,0.8033,cloud_heavy
7834,10,326,15835.4,19002.5,0.8504,cloud_heavy
7835,11,326,15107.3,18128.8,0.8912,cloud_heavy
7836,12,326,15329.4,18395.2,0.923,cloud_heavy
7837,13,326,16751.2,20101.4,0.9431,cloud_heavy
7838,14,326,16339.5,19607.4,0.95,cloud_heavy
7839,15,326,16033.1,19239.7,0.9431,cloud_heavy
7840,16,326,15962.8,19155.3,0.923,cloud_heavy
7841,17,326,14543.9,17452.7,0.8912,cloud_heavy
7842,18,326,15201.4,18241.7,0.8504,cloud_heavy
7843,19,326,14520.0,17424.0,0.8033,cloud_heavy
7844,20,326,14791.1,17749.3,0.7533,cloud_heavy
7845,21,326,14349.3,17219.1,0.7032,cloud_heavy
7846,22,326,13728.4,16474.1,0.6556,cloud_heavy
7847,23,326,13252.2,15902.7,0.6123,cloud_heavy
7848,0,327,11283.2,13539.9,0.473,cloud_heavy
7849,1,327,12121.3,14545.6,0.4835,cloud_heavy
7850,2,327,12265.6,14718.7,0.4974,cloud_heavy
7851,3,327,12658.2,15189.9,0.5152,cloud_heavy
7852,4,327,13194.1,15832.9,0.5373,cloud_heavy
7853,5,327,12006.2,14407.4,0.5636,cloud_heavy
7854,6,327,12776.4,15331.7,0.5939,cloud_heavy
7855,7,327,12939.3,15527.1,0.6272,cloud_heavy
7856,8,327,13627.0,16352.4,0.6623,cloud_heavy
7857,9,327,13885.1,16662.2,0.6973,cloud_heavy
7858,10,327,14083.2,16899.8,0.7303,cloud_heavy
7859,11,327,14891.6,17870.0,0.7589,cloud_heavy
7860,12,327,14166.7,17000.1,0.7811,cloud_heavy
7861,13,327,14318.9,17182.7,0.7952,cloud_heavy
7862,14,327,14369.5,17243.4,0.8,cloud_heavy
7863,15,327,14620.8,17544.9,0.7952,cloud_heavy
7864,16,327,14110.8,16933.0,0.7811,cloud_heavy
7865,17,327,14425.2,17310.3,0.7589,cloud_heavy
7866,18,327,14112.4,16934.9,0.7303,cloud_heavy
7867,19,327,13552.1,16262.5,0.6973,cloud_heavy
7868,20,327,13912.2,16694.7,0.6623,cloud_heavy
7869,21,327,13210.3,15852.4,0.6272,cloud_heavy
7870,22,327,13339.2,16007.0,0.5939,cloud_heavy
7871,23,327,12574.4,15089.3,0.5636,cloud_heavy
7872,0,328,11805.3,14166.4,0.473,cloud_heavy
7873,1,328,11709.2,14051.1,0.4835,cloud_heavy
7874,2,328,12035.7,14442.9,0.4974,cloud_heavy
7875,3,328,12463.1,14955.8,0.5152,cloud_heavy
7876,4,328,12252.6,14703.2,0.5373,cloud_heavy
7877,5,328,12845.1,15414.1,0.5636,cloud_heavy
7878,6,328,12611.9,15134.2,0.5939,cloud_heavy
7879,7,328,13535.3,16242.4,0.6272,cloud_heavy
7880,8,328,13321.0,15985.2,0.6623,cloud_heavy
7881,9,328,14234.2,17081.0,0.6973,cloud_heavy
7882,10,328,14208.7,17050.5,0.7303,cloud_heavy
7883,11,328,15105.5,18126.6,0.7589,cloud_heavy
7884,12,328,14143.6,16972.3,0.7811,cloud_heavy
7885,13,328,14126.0,16951.2,0.7952,cloud_heavy
7886,14,328,14550.9,17461.1,0.8,cloud_heavy
7887,15,328,14166.6,16999.9,0.7952,cloud_heavy
7888,16,328,14043.1,16851.7,0.7811,cloud_heavy
7889,17,328,14715.7,17658.8,0.7589,cloud_heavy
7890,18,328,14181.0,17017.2,0.7303,cloud_heavy
7891,19,328,13679.8,16415.8,0.6973,cloud_heavy
7892,20,328,13399.5,16079.4,0.6623,cloud_heavy
7893,21,328,12996.8,15596.2,0.6272,cloud_heavy
7894,22,328,13567.1,16280.5,0.5939,cloud_heavy
7895,23,328,12369.3,14843.2,0.5636,cloud_heavy
7896,0,329,11432.5,13719.0,0.4829,cloud_heavy
7897,1,329,12330.0,14796.0,0.4978,cloud_heavy
7898,2,329,12146.1,14575.3,0.5177,cloud_heavy
7899,3,329,13221.8,15866.1,0.5431,cloud_heavy
7900,4,329,12548.9,15058.6,0.5747,cloud_heavy
7901,5,329,13429.2,16115.1,0.6123,cloud_heavy
7902,6,329,13933.0,16719.6,0.6556,cloud_heavy
7903,7,329,13715.4,16458.5,0.7032,cloud_heavy
7904,8,329,14073.8,16888.6,0.7533,cloud_heavy
7905,9,329,15186.0,18223.2,0.8033,cloud_heavy
7906,10,329,15552.5,18663.0,0.8504,cloud_heavy
7907,11,329,15002.3,18002.8,0.8912,cloud_heavy
7908,12,329,15417.2,18500.7,0.923,cloud_heavy
7909,13,329,14914.4,17897.3,0.9431,cloud_heavy
7910,14,329,16495.7,19794.9,0.95,cloud_heavy
7911,15,329,16015.9,19219.1,0.9431,cloud_heavy
7912,16,329,15879.8,19055.8,0.923,cloud_heavy
7913,17,329,14870.3,17844.4,0.8912,cloud_heavy
7914,18,329,14785.2,17742.2,0.8504,cloud_heavy
7915,19,329,14642.6,17571.1,0.8033,cloud_heavy
7916,20,329,14104.3,16925.2,0.7533,cloud_heavy
7917,21,329,13982.6,16779.1,0.7032,cloud_heavy
7918,22,329,13731.1,16477.4,0.6556,cloud_heavy
7919,23,329,13988.6,16786.3,0.6123,cloud_heavy
7920,0,330,11897.6,14277.1,0.4829,cloud_heavy
7921,1,330,12445.4,14934.4,0.4978,cloud_heavy
7922,2,330,11920.8,14305.0,0.5177,cloud_heavy
7923,3,330,11833.6,14200.3,0.5431,cloud_heavy
7924,4,330,12615.4,15138.5,0.5747,cloud_heavy
7925,5,330,12469.1,14962.9,0.6123,cloud_heavy
7926,6,330,13500.9,16201.0,0.6556,cloud_heavy
7927,7,330,13607.1,16328.5,0.7032,cloud_heavy
7928,8,330,13550.7,16260.9,0.7533,cloud_heavy
7929,9,330,15629.3,18755.2,0.8033,cloud_heavy
7930,10,330,15042.3,18050.7,0.8504,cloud_heavy
7931,11,330,14895.6,17874.8,0.8912,cloud_heavy
7932,12,330,16387.4,19664.9,0.923,cloud_heavy
7933,13,330,15789.9,18947.9,0.9431,cloud_heavy
7934,14,330,16736.3,20083.5,0.95,cloud_heavy
7935,15,330,15787.6,18945.1,0.9431,cloud_heavy
7936,16,330,15698.5,18838.2,0.923,cloud_heavy
7937,17,330,15827.3,18992.8,0.8912,cloud_heavy
7938,18,330,15560.9,18673.1,0.8504,cloud_heavy
7939,19,330,15198.1,18237.7,0.8033,cloud_heavy
7940,20,330,14355.9,17227.1,0.7533,cloud_heavy
7941,21,330,14154.3,16985.2,0.7032,cloud_heavy
7942,22,330,13796.8,16556.1,0.6556,cloud_heavy
7943,23,330,13175.6,15810.8,0.6123,cloud_heavy
7944,0,331,11853.8,14224.5,0.4829,cloud_heavy
7945,1,331,11520.3,13824.3,0.4978,cloud_heavy
7946,2,331,12444.9,14933.9,0.5177,cloud_heavy
7947,3,331,12475.5,14970.6,0.5431,cloud_heavy
7948,4,331,12591.9,15110.3,0.5747,cloud_heavy
7949,5,331,13598.9,16318.7,0.6123,cloud_heavy
7950,6,331,12916.9,15500.2,0.6556,cloud_heavy
7951,7,331,14620.5,17544.7,0.7032,cloud_heavy
7952,8,331,14385.0,17262.0,0.7533,cloud_heavy
7953,9,331,14997.1,17996.5,0.8033,cloud_heavy
7954,10,331,15107.6,18129.1,0.8504,cloud_heavy
7955,11,331,14881.8,17858.2,0.8912,cloud_heavy
7956,12,331,15890.6,19068.7,0.923,cloud_heavy
7957,13,331,16304.9,19565.8,0.9431,cloud_heavy
7958,14,331,16535.0,19842.0,0.95,cloud_heavy
7959,15,331,16046.8,19256.2,0.9431,cloud_heavy
7960,16,331,14907.8,17889.4,0.923,cloud_heavy
7961,17,331,14940.7,17928.9,0.8912,cloud_heavy
7962,18,331,16230.0,19476.0,0.8504,cloud_heavy
7963,19,331,14368.7,17242.4,0.8033,cloud_heavy
7964,20,331,15010.9,18013.1,0.7533,cloud_heavy
7965,21,331,13542.9,16251.5,0.7032,cloud_heavy
7966,22,331,13421.0,16105.3,0.6556,cloud_heavy
7967,23,331,13342.5,16011.0,0.6123,cloud_heavy
7968,0,332,11611.8,13934.1,0.4829,cloud_heavy
7969,1,332,12617.6,15141.1,0.4978,cloud_heavy
7970,2,332,12253.0,14703.6,0.5177,cloud_heavy
7971,3,332,12632.0,15158.4,0.5431,cloud_heavy
7972,4,332,12647.8,15177.3,0.5747,cloud_heavy
7973,5,332,13355.7,16026.8,0.6123,cloud_heavy
7974,6,332,14134.1,16960.9,0.6556,cloud_heavy
7975,7,332,13878.5,16654.2,0.7032,cloud_heavy
7976,8,332,15141.6,18169.9,0.7533,cloud_heavy
7977,9,332,14583.0,17499.6,0.8033,cloud_heavy
7978,10,332,15639.3,18767.1,0.8504,cloud_heavy
7979,11,332,15895.1,19074.1,0.8912,cloud_heavy
7980,12,332,15445.9,18535.1,0.923,cloud_heavy
7981,13,332,16246.3,19495.5,0.9431,cloud_heavy
7982,14,332,16209.8,19451.8,0.95,cloud_heavy
7983,15,332,15729.6,18875.5,0.9431,cloud_heavy
7984,16,332,16128.8,19354.6,0.923,cloud_heavy
7985,17,332,15734.0,18880.8,0.8912,cloud_heavy
7986,18,332,15255.5,18306.6,0.8504,cloud_heavy
7987,19,332,14825.0,17790.1,0.8033,cloud_heavy
7988,20,332,14355.8,17226.9,0.7533,cloud_heavy
7989,21,332,13779.6,16535.6,0.7032,cloud_heavy
7990,22,332,13551.5,16261.8,0.6556,cloud_heavy
7991,23,332,12843.8,15412.6,0.6123,cloud_heavy
7992,0,333,12853.6,15424.3,0.4829,cloud_heavy
7993,1,333,11533.2,13839.9,0.4978,cloud_heavy
7994,2,333,12010.7,14412.9,0.5177,cloud_heavy
7995,3,333,12270.7,14724.8,0.5431,cloud_heavy
7996,4,333,13530.6,16236.8,0.5747,cloud_heavy
7997,5,333,12578.1,15093.8,0.6123,cloud_heavy
7998,6,333,13667.3,16400.8,0.6556,cloud_heavy
7999,7,333,14037.2,16844.6,0.7032,cloud_heavy
8000,8,333,14538.7,17446.5,0.7533,cloud_heavy
8001,9,333,15406.6,18487.9,0.8033,cloud_heavy
8002,10,333,15846.5,19015.8,0.8504,cloud_heavy
8003,11,333,15453.3,18544.0,0.8912,cloud_heavy
8004,12,333,16050.3,19260.4,0.923,cloud_heavy
8005,13,333,15240.0,18288.0,0.9431,cloud_heavy
8006,14,333,16254.4,19505.3,0.95,cloud_heavy
8007,15,333,15758.2,18909.9,0.9431,cloud_heavy
8008,16,333,15868.2,19041.9,0.923,cloud_heavy
8009,17,333,14873.2,17847.8,0.8912,cloud_heavy
8010,18,333,15474.5,18569.4,0.8504,cloud_heavy
8011,19,333,14099.5,16919.4,0.8033,cloud_heavy
8012,20,333,14458.7,17350.4,0.7533,cloud_heavy
8013,21,333,13420.7,16104.8,0.7032,cloud_heavy
8014,22,333,13150.9,15781.1,0.6556,cloud_heavy
8015,23,333,13550.5,16260.6,0.6123,cloud_heavy
8016,0,334,12022.3,14426.7,0.473,cloud_heavy
8017,1,334,12320.9,14785.1,0.4835,cloud_heavy
8018,2,334,12601.5,15121.9,0.4974,cloud_heavy
8019,3,334,11919.5,14303.4,0.5152,cloud_heavy
8020,4,334,12963.6,15556.3,0.5373,cloud_heavy
8021,5,334,12092.3,14510.8,0.5636,cloud_heavy
8022,6,334,13216.4,15859.7,0.5939,cloud_heavy
8023,7,334,13038.1,15645.7,0.6272,cloud_heavy
8024,8,334,13178.5,15814.2,0.6623,cloud_heavy
8025,9,334,14135.4,16962.5,0.6973,cloud_heavy
8026,10,334,14584.9,17501.8,0.7303,cloud_heavy
8027,11,334,14843.0,17811.6,0.7589,cloud_heavy
8028,12,334,14745.3,17694.3,0.7811,cloud_heavy
8029,13,334,14839.1,17806.9,0.7952,cloud_heavy
8030,14,334,15059.3,18071.2,0.8,cloud_heavy
8031,15,334,14915.2,17898.3,0.7952,cloud_heavy
8032,16,334,14888.8,17866.5,0.7811,cloud_heavy
8033,17,334,14534.7,17441.7,0.7589,cloud_heavy
8034,18,334,14541.4,17449.7,0.7303,cloud_heavy
8035,19,334,13202.0,15842.4,0.6973,cloud_heavy
8036,20,334,13503.5,16204.2,0.6623,cloud_heavy
8037,21,334,12684.5,15221.5,0.6272,cloud_heavy
8038,22,334,13034.4,15641.2,0.5939,cloud_heavy
8039,23,334,13271.4,15925.7,0.5636,cloud_heavy
8040,0,335,11645.9,13975.1,0.473,cloud_heavy
8041,1,335,11955.8,14346.9,0.4835,cloud_heavy
8042,2,335,12311.5,14773.8,0.4974,cloud_heavy
8043,3,335,11445.5,13734.6,0.5152,cloud_heavy
8044,4,335,12211.4,14653.7,0.5373,cloud_heavy
8045,5,335,12786.7,15344.1,0.5636,cloud_heavy
8046,6,335,11803.6,14164.3,0.5939,cloud_heavy
8047,7,335,12846.1,15415.4,0.6272,cloud_heavy
8048,8,335,14004.6,16805.5,0.6623,cloud_heavy
8049,9,335,14297.2,17156.6,0.6973,cloud_heavy
8050,10,335,14342.1,17210.5,0.7303,cloud_heavy
8051,11,335,14828.6,17794.4,0.7589,cloud_heavy
8052,12,335,14745.4,17694.5,0.7811,cloud_heavy
8053,13,335,15026.8,18032.2,0.7952,cloud_heavy
8054,14,335,14684.6,17621.5,0.8,cloud_heavy
8055,15,335,14831.9,17798.3,0.7952,cloud_heavy
8056,16,335,14372.9,17247.5,0.7811,cloud_heavy
8057,17,335,14993.9,17992.7,0.7589,cloud_heavy
8058,18,335,14830.2,17796.2,0.7303,cloud_heavy
8059,19,335,14454.1,17345.0,0.6973,cloud_heavy
8060,20,335,13390.9,16069.1,0.6623,cloud_heavy
8061,21,335,12855.3,15426.4,0.6272,cloud_heavy
8062,22,335,13422.3,16106.7,0.5939,cloud_heavy
8063,23,335,12854.8,15425.8,0.5636,cloud_heavy
8064,0,336,12022.1,14426.5,0.4829,cloud_heavy
8065,1,336,11813.5,14176.2,0.4978,cloud_heavy
8066,2,336,12381.3,14857.6,0.5177,cloud_heavy
8067,3,336,12054.0,14464.8,0.5431,cloud_heavy
8068,4,336,12992.7,15591.2,0.5747,cloud_heavy
8069,5,336,13638.6,16366.3,0.6123,cloud_heavy
8070,6,336,14155.2,16986.3,0.6556,cloud_heavy
8071,7,336,14229.5,17075.4,0.7032,cloud_heavy
8072,8,336,13797.8,16557.4,0.7533,cloud_heavy
8073,9,336,14943.6,17932.3,0.8033,cloud_heavy
8074,10,336,16270.2,19524.2,0.8504,cloud_heavy
8075,11,336,15257.0,18308.4,0.8912,cloud_heavy
8076,12,336,15929.1,19114.9,0.923,cloud_heavy
8077,13,336,16827.3,20192.7,0.9431,cloud_heavy
8078,14,336,16506.3,19807.6,0.95,cloud_heavy
8079,15,336,17343.8,20812.6,0.9431,cloud_heavy
8080,16,336,15606.6,18727.9,0.923,cloud_heavy
8081,17,336,15200.1,18240.1,0.8912,cloud_heavy
8082,18,336,15850.3,19020.3,0.8504,cloud_heavy
8083,19,336,14322.6,17187.2,0.8033,cloud_heavy
8084,20,336,14309.7,17171.6,0.7533,cloud_heavy
8085,21,336,13905.9,16687.1,0.7032,cloud_heavy
8086,22,336,13914.3,16697.2,0.6556,cloud_heavy
8087,23,336,13338.2,16005.8,0.6123,cloud_heavy
8088,0,337,12067.9,14481.5,0.4829,cloud_heavy
8089,1,337,11897.0,14276.4,0.4978,cloud_heavy
8090,2,337,12670.8,15205.0,0.5177,cloud_heavy
8091,3,337,13964.5,16757.4,0.5431,cloud_heavy
8092,4,337,13014.6,15617.5,0.5747,cloud_heavy
8093,5,337,13136.0,15763.2,0.6123,cloud_heavy
8094,6,337,12969.5,15563.4,0.6556,cloud_heavy
8095,7,337,13666.9,16400.2,0.7032,cloud_heavy
8096,8,337,14302.4,17162.8,0.7533,cloud_heavy
8097,9,337,14617.4,17540.8,0.8033,cloud_heavy
8098,10,337,15281.4,18337.7,0.8504,cloud_heavy
8099,11,337,16500.8,19801.0,0.8912,cloud_heavy
8100,12,337,16554.5,19865.4,0.923,cloud_heavy
8101,13,337,16065.8,19279.0,0.9431,cloud_heavy
8102,14,337,15618.8,18742.6,0.95,cloud_heavy
8103,15,337,16790.4,20148.5,0.9431,cloud_heavy
8104,16,337,15934.0,19120.7,0.923,cloud_heavy
8105,17,337,14853.9,17824.6,0.8912,cloud_heavy
8106,18,337,15615.6,18738.7,0.8504,cloud_heavy
8107,19,337,15312.7,18375.3,0.8033,cloud_heavy
8108,20,337,13347.0,16016.5,0.7533,cloud_heavy
8109,21,337,13588.7,16306.4,0.7032,cloud_heavy
8110,22,337,13450.2,16140.2,0.6556,cloud_heavy
8111,23,337,13385.4,16062.5,0.6123,cloud_heavy
8112,0,338,11720.5,14064.6,0.4829,cloud_heavy
8113,1,338,11741.8,14090.1,0.4978,cloud_heavy
8114,2,338,12491.9,14990.3,0.5177,cloud_heavy
8115,3,338,12284.6,14741.6,0.5431,cloud_heavy
8116,4,338,12957.5,15549.0,0.5747,cloud_heavy
8117,5,338,12660.1,15192.1,0.6123,cloud_heavy
8118,6,338,12947.4,15536.9,0.6556,cloud_heavy
8119,7,338,14249.0,17098.8,0.7032,cloud_heavy
8120,8,338,14503.7,17404.4,0.7533,cloud_heavy
8121,9,338,15266.7,18320.1,0.8033,cloud_heavy
8122,10,338,15044.5,18053.4,0.8504,cloud_heavy
8123,11,338,15291.6,18349.9,0.8912,cloud_heavy
8124,12,338,16608.8,19930.6,0.923,cloud_heavy
8125,13,338,15405.2,18486.2,0.9431,cloud_heavy
8126,14,338,16814.7,20177.6,0.95,cloud_heavy
8127,15,338,16782.2,20138.7,0.9431,cloud_heavy
8128,16,338,16369.2,19643.0,0.923,cloud_heavy
8129,17,338,15342.0,18410.4,0.8912,cloud_heavy
8130,18,338,14914.3,17897.2,0.8504,cloud_heavy
8131,19,338,14762.0,17714.4,0.8033,cloud_heavy
8132,20,338,13835.4,16602.5,0.7533,cloud_heavy
8133,21,338,13531.3,16237.6,0.7032,cloud_heavy
8134,22,338,13755.9,16507.1,0.6556,cloud_heavy
8135,23,338,13352.0,16022.4,0.6123,cloud_heavy
8136,0,339,11529.9,13835.8,0.4829,cloud_heavy
8137,1,339,12286.7,14744.0,0.4978,cloud_heavy
8138,2,339,12391.8,14870.2,0.5177,cloud_heavy
8139,3,339,13024.1,15628.9,0.5431,cloud_heavy
8140,4,339,12967.8,15561.4,0.5747,cloud_heavy
8141,5,339,13512.8,16215.3,0.6123,cloud_heavy
8142,6,339,13688.1,16425.7,0.6556,cloud_heavy
8143,7,339,14342.9,17211.5,0.7032,cloud_heavy
8144,8,339,13838.8,16606.6,0.7533,cloud_heavy
8145,9,339,14801.4,17761.6,0.8033,cloud_heavy
8146,10,339,15270.9,18325.1,0.8504,cloud_heavy
8147,11,339,15550.7,18660.8,0.8912,cloud_heavy
8148,12,339,16169.9,19403.9,0.923,cloud_heavy
8149,13,339,16450.0,19740.0,0.9431,cloud_heavy
8150,14,339,16397.0,19676.4,0.95,cloud_heavy
8151,15,339,16057.1,19268.5,0.9431,cloud_heavy
8152,16,339,15605.2,18726.3,0.923,cloud_heavy
8153,17,339,16180.9,19417.1,0.8912,cloud_heavy
8154,18,339,15449.2,18539.1,0.8504,cloud_heavy
8155,19,339,14401.6,17282.0,0.8033,cloud_heavy
8156,20,339,14311.0,17173.2,0.7533,cloud_heavy
8157,21,339,13204.6,15845.6,0.7032,cloud_heavy
8158,22,339,13509.2,16211.1,0.6556,cloud_heavy
8159,23,339,13018.9,15622.7,0.6123,cloud_heavy
8160,0,340,11699.5,14039.5,0.4829,cloud_heavy
8161,1,340,12614.9,15137.8,0.4978,cloud_heavy
8162,2,340,11801.2,14161.4,0.5177,cloud_heavy
8163,3,340,12723.7,15268.5,0.5431,cloud_heavy
8164,4,340,13586.6,16303.9,0.5747,cloud_heavy
8165,5,340,13520.1,16224.1,0.6123,cloud_heavy
8166,6,340,13482.1,16178.6,0.6556,cloud_heavy
8167,7,340,13459.3,16151.2,0.7032,cloud_heavy
8168,8,340,13806.5,16567.8,0.7533,cloud_heavy
8169,9,340,14672.2,17606.6,0.8033,cloud_heavy
8170,10,340,14973.7,17968.5,0.8504,cloud_heavy
8171,11,340,15327.1,18392.5,0.8912,cloud_heavy
8172,12,340,15801.2,18961.5,0.923,cloud_heavy
8173,13,340,16093.2,19311.9,0.9431,cloud_heavy
8174,14,340,16442.2,19730.6,0.95,cloud_heavy
8175,15,340,15543.3,18652.0,0.9431,cloud_heavy
8176,16,340,15630.8,18757.0,0.923,cloud_heavy
8177,17,340,15590.2,18708.2,0.8912,cloud_heavy
8178,18,340,15199.1,18239.0,0.8504,cloud_heavy
8179,19,340,15674.0,18808.9,0.8033,cloud_heavy
8180,20,340,14494.9,17393.9,0.7533,cloud_heavy
8181,21,340,13258.9,15910.6,0.7032,cloud_heavy
8182,22,340,13664.2,16397.1,0.6556,cloud_heavy
8183,23,340,13311.2,15973.5,0.6123,cloud_heavy
8184,0,341,11769.6,14123.5,0.473,cloud_heavy
8185,1,341,11476.7,13772.1,0.4835,cloud_heavy
8186,2,341,12673.2,15207.8,0.4974,cloud_heavy
8187,3,341,11810.8,14172.9,0.5152,cloud_heavy
8188,4,341,12651.6,15182.0,0.5373,cloud_heavy
8189,5,341,12724.3,15269.2,0.5636,cloud_heavy
8190,6,341,13160.1,15792.1,0.5939,cloud_heavy
8191,7,341,13911.6,16693.9,0.6272,cloud_heavy
8192,8,341,13785.3,16542.4,0.6623,cloud_heavy
8193,9,341,13646.9,16376.3,0.6973,cloud_heavy
8194,10,341,14653.4,17584.1,0.7303,cloud_heavy
8195,11,341,14172.8,17007.3,0.7589,cloud_heavy
8196,12,341,14722.7,17667.3,0.7811,cloud_heavy
8197,13,341,14207.2,17048.6,0.7952,cloud_heavy
8198,14,341,14365.4,17238.5,0.8,cloud_heavy
8199,15,341,14803.3,17764.0,0.7952,cloud_heavy
8200,16,341,14812.6,17775.1,0.7811,cloud_heavy
8201,17,341,13708.5,16450.2,0.7589,cloud_heavy
8202,18,341,14394.4,17273.3,0.7303,cloud_heavy
8203,19,341,13538.4,16246.0,0.6973,cloud_heavy
8204,20,341,14077.3,16892.8,0.6623,cloud_heavy
8205,21,341,13094.2,15713.1,0.6272,cloud_heavy
8206,22,341,12491.3,14989.6,0.5939,cloud_heavy
8207,23,341,12677.2,15212.6,0.5636,cloud_heavy
8208,0,342,11489.2,13787.0,0.473,cloud_heavy
8209,1,342,12363.7,14836.5,0.4835,cloud_heavy
8210,2,342,12038.4,14446.1,0.4974,cloud_heavy
8211,3,342,12146.9,14576.3,0.5152,cloud_heavy
8212,4,342,12626.0,15151.2,0.5373,cloud_heavy
8213,5,342,12267.1,14720.5,0.5636,cloud_heavy
8214,6,342,12427.1,14912.5,0.5939,cloud_heavy
8215,7,342,13396.1,16075.3,0.6272,cloud_heavy
8216,8,342,13109.6,15731.6,0.6623,cloud_heavy
8217,9,342,13421.5,16105.8,0.6973,cloud_heavy
8218,10,342,14538.8,17446.6,0.7303,cloud_heavy
8219,11,342,14673.9,17608.6,0.7589,cloud_heavy
8220,12,342,14099.7,16919.7,0.7811,cloud_heavy
8221,13,342,14506.0,17407.2,0.7952,cloud_heavy
8222,14,342,14423.1,17307.7,0.8,cloud_heavy
8223,15,342,15568.2,18681.8,0.7952,cloud_heavy
8224,16,342,15049.0,18058.9,0.7811,cloud_heavy
8225,17,342,14263.9,17116.7,0.7589,cloud_heavy
8226,18,342,14428.0,17313.5,0.7303,cloud_heavy
8227,19,342,13314.9,15977.8,0.6973,cloud_heavy
8228,20,342,13283.3,15940.0,0.6623,cloud_heavy
8229,21,342,13275.6,15930.7,0.6272,cloud_heavy
8230,22,342,13102.4,15722.9,0.5939,cloud_heavy
8231,23,342,12611.4,15133.7,0.5636,cloud_heavy
8232,0,343,11993.3,14391.9,0.4829,cloud_heavy
8233,1,343,12070.7,14484.8,0.4978,cloud_heavy
8234,2,343,12165.2,14598.2,0.5177,cloud_heavy
8235,3,343,12349.0,14818.8,0.5431,cloud_heavy
8236,4,343,12587.1,15104.5,0.5747,cloud_heavy
8237,5,343,13188.0,15825.6,0.6123,cloud_heavy
8238,6,343,13661.2,16393.5,0.6556,cloud_heavy
8239,7,343,14016.3,16819.5,0.7032,cloud_heavy
8240,8,343,13885.7,16662.8,0.7533,cloud_heavy
8241,9,343,14410.4,17292.5,0.8033,cloud_heavy
8242,10,343,15471.8,18566.1,0.8504,cloud_heavy
8243,11,343,16356.9,19628.2,0.8912,cloud_heavy
8244,12,343,16030.4,19236.5,0.923,cloud_heavy
8245,13,343,15943.4,19132.1,0.9431,cloud_heavy
8246,14,343,16315.3,19578.4,0.95,cloud_heavy
8247,15,343,15592.2,18710.6,0.9431,cloud_heavy
8248,16,343,16584.1,19900.9,0.923,cloud_heavy
8249,17,343,15752.9,18903.5,0.8912,cloud_heavy
8250,18,343,14981.8,17978.1,0.8504,cloud_heavy
8251,19,343,14781.3,17737.5,0.8033,cloud_heavy
8252,20,343,14167.1,17000.5,0.7533,cloud_heavy
8253,21,343,14481.6,17377.9,0.7032,cloud_heavy
8254,22,343,13413.0,16095.6,0.6556,cloud_heavy
8255,23,343,13157.9,15789.5,0.6123,cloud_heavy
8256,0,344,12109.6,14531.5,0.4829,cloud_heavy
8257,1,344,11774.8,14129.7,0.4978,cloud_heavy
8258,2,344,12296.2,14755.5,0.5177,cloud_heavy
8259,3,344,12562.3,15074.7,0.5431,cloud_heavy
8260,4,344,12155.7,14586.8,0.5747,cloud_heavy
8261,5,344,13196.1,15835.3,0.6123,cloud_heavy
8262,6,344,13476.4,16171.7,0.6556,cloud_heavy
8263,7,344,13987.7,16785.2,0.7032,cloud_heavy
8264,8,344,14410.0,17292.0,0.7533,cloud_heavy
8265,9,344,14971.1,17965.3,0.8033,cloud_heavy
8266,10,344,15902.2,19082.6,0.8504,cloud_heavy
8267,11,344,15110.9,18133.1,0.8912,cloud_heavy
8268,12,344,15793.6,18952.4,0.923,cloud_heavy
8269,13,344,16465.6,19758.7,0.9431,cloud_heavy
8270,14,344,16440.1,19728.1,0.95,cloud_heavy
8271,15,344,16365.2,19638.3,0.9431,cloud_heavy
8272,16,344,17275.6,20730.8,0.923,cloud_heavy
8273,17,344,15953.9,19144.6,0.8912,cloud_heavy
8274,18,344,15807.5,18969.0,0.8504,cloud_heavy
8275,19,344,14718.8,17662.5,0.8033,cloud_heavy
8276,20,344,13965.9,16759.0,0.7533,cloud_heavy
8277,21,344,13802.0,16562.3,0.7032,cloud_heavy
8278,22,344,13783.1,16539.8,0.6556,cloud_heavy
8279,23,344,13256.7,15908.0,0.6123,cloud_heavy
8280,0,345,12048.7,14458.5,0.4829,cloud_heavy
8281,1,345,11965.0,14358.0,0.4978,cloud_heavy
8282,2,345,12088.1,14505.7,0.5177,cloud_heavy
8283,3,345,12392.5,14871.0,0.5431,cloud_heavy
8284,4,345,13027.3,15632.7,0.5747,cloud_heavy
8285,5,345,13427.2,16112.6,0.6123,cloud_heavy
8286,6,345,13087.5,15705.0,0.6556,cloud_heavy
8287,7,345,14252.0,17102.4,0.7032,cloud_heavy
8288,8,345,14113.6,16936.4,0.7533,cloud_heavy
8289,9,345,15064.6,18077.5,0.8033,cloud_heavy
8290,10,345,15200.8,18240.9,0.8504,cloud_heavy
8291,11,345,16401.1,19681.3,0.8912,cloud_heavy
8292,12,345,15757.3,18908.8,0.923,cloud_heavy
8293,13,345,16229.2,19475.1,0.9431,cloud_heavy
8294,14,345,16501.2,19801.4,0.95,cloud_heavy
8295,15,345,15719.5,18863.4,0.9431,cloud_heavy
8296,16,345,15922.6,19107.1,0.923,cloud_heavy
8297,17,345,15540.0,18648.0,0.8912,cloud_heavy
8298,18,345,15053.1,18063.8,0.8504,cloud_heavy
8299,19,345,14659.6,17591.6,0.8033,cloud_heavy
8300,20,345,14874.9,17849.8,0.7533,cloud_heavy
8301,21,345,13683.1,16419.8,0.7032,cloud_heavy
8302,22,345,13724.2,16469.1,0.6556,cloud_heavy
8303,23,345,13220.4,15864.5,0.6123,cloud_heavy
8304,0,346,11405.8,13686.9,0.4829,cloud_heavy
8305,1,346,12230.0,14676.0,0.4978,cloud_heavy
8306,2,346,11706.8,14048.1,0.5177,cloud_heavy
8307,3,346,12694.5,15233.4,0.5431,cloud_heavy
8308,4,346,12556.1,15067.4,0.5747,cloud_heavy
8309,5,346,13100.1,15720.1,0.6123,cloud_heavy
8310,6,346,12970.9,15565.1,0.6556,cloud_heavy
8311,7,346,13984.5,16781.4,0.7032,cloud_heavy
8312,8,346,14794.9,17753.9,0.7533,cloud_heavy
8313,9,346,14496.0,17395.2,0.8033,cloud_heavy
8314,10,346,15010.3,18012.4,0.8504,cloud_heavy
8315,11,346,15878.9,19054.7,0.8912,cloud_heavy
8316,12,346,16187.0,19424.5,0.923,cloud_heavy
8317,13,346,14963.9,17956.7,0.9431,cloud_heavy
8318,14,346,17186.1,20623.3,0.95,cloud_heavy
8319,15,346,16398.7,19678.5,0.9431,cloud_heavy
8320,16,346,16291.1,19549.3,0.923,cloud_heavy
8321,17,346,15597.8,18717.3,0.8912,cloud_heavy
8322,18,346,14437.8,17325.4,0.8504,cloud_heavy
8323,19,346,15156.3,18187.6,0.8033,cloud_heavy
8324,20,346,14150.6,16980.7,0.7533,cloud_heavy
8325,21,346,14160.7,16992.8,0.7032,cloud_heavy
8326,22,346,13406.3,16087.6,0.6556,cloud_heavy
8327,23,346,13190.4,15828.4,0.6123,cloud_heavy
8328,0,347,11627.9,13953.5,0.4829,cloud_heavy
8329,1,347,12354.7,14825.6,0.4978,cloud_heavy
8330,2,347,11789.3,14147.2,0.5177,cloud_heavy
8331,3,347,13299.1,15958.9,0.5431,cloud_heavy
8332,4,347,13606.2,16327.4,0.5747,cloud_heavy
8333,5,347,13738.3,16486.0,0.6123,cloud_heavy
8334,6,347,14011.3,16813.5,0.6556,cloud_heavy
8335,7,347,13898.0,16677.6,0.7032,cloud_heavy
8336,8,347,14898.4,17878.1,0.7533,cloud_heavy
8337,9,347,14812.7,17775.3,0.8033,cloud_heavy
8338,10,347,14576.3,17491.5,0.8504,cloud_heavy
8339,11,347,16371.7,19646.0,0.8912,cloud_heavy
8340,12,347,16497.8,19797.4,0.923,cloud_heavy
8341,13,347,16127.6,19353.1,0.9431,cloud_heavy
8342,14,347,15610.6,18732.7,0.95,cloud_heavy
8343,15,347,15858.9,19030.6,0.9431,cloud_heavy
8344,16,347,15085.6,18102.7,0.923,cloud_heavy
8345,17,347,16109.4,19331.3,0.8912,cloud_heavy
8346,18,347,14553.4,17464.1,0.8504,cloud_heavy
8347,19,347,14983.4,17980.1,0.8033,cloud_heavy
8348,20,347,14030.3,16836.4,0.7533,cloud_heavy
8349,21,347,13337.0,16004.4,0.7032,cloud_heavy
8350,22,347,13591.4,16309.7,0.6556,cloud_heavy
8351,23,347,12965.7,15558.8,0.6123,cloud_heavy
8352,0,348,12111.0,14533.2,0.473,cloud_heavy
8353,1,348,11457.4,13748.9,0.4835,cloud_heavy
8354,2,348,11764.8,14117.7,0.4974,cloud_heavy
8355,3,348,11328.4,13594.0,0.5152,cloud_heavy
8356,4,348,11592.8,13911.3,0.5373,cloud_heavy
8357,5,348,13330.7,15996.9,0.5636,cloud_heavy
8358,6,348,13735.1,16482.1,0.5939,cloud_heavy
8359,7,348,13270.8,15924.9,0.6272,cloud_heavy
8360,8,348,13221.8,15866.2,0.6623,cloud_heavy
8361,9,348,13755.3,16506.3,0.6973,cloud_heavy
8362,10,348,14554.5,17465.4,0.7303,cloud_heavy
8363,11,348,14223.4,17068.0,0.7589,cloud_heavy
8364,12,348,14755.3,17706.3,0.7811,cloud_heavy
8365,13,348,14774.9,17729.9,0.7952,cloud_heavy
8366,14,348,14572.0,17486.4,0.8,cloud_heavy
8367,15,348,14547.2,17456.7,0.7952,cloud_heavy
8368,16,348,14779.8,17735.7,0.7811,cloud_heavy
8369,17,348,14022.9,16827.5,0.7589,cloud_heavy
8370,18,348,14375.0,17250.0,0.7303,cloud_heavy
8371,19,348,13683.2,16419.8,0.6973,cloud_heavy
8372,20,348,13608.7,16330.4,0.6623,cloud_heavy
8373,21,348,13783.4,16540.1,0.6272,cloud_heavy
8374,22,348,12861.8,15434.2,0.5939,cloud_heavy
8375,23,348,12997.4,15596.9,0.5636,cloud_heavy
8376,0,349,11178.8,13414.6,0.473,cloud_heavy
8377,1,349,11742.2,14090.7,0.4835,cloud_heavy
8378,2,349,12048.3,14457.9,0.4974,cloud_heavy
8379,3,349,12906.5,15487.8,0.5152,cloud_heavy
8380,4,349,11676.3,14011.5,0.5373,cloud_heavy
8381,5,349,12611.9,15134.3,0.5636,cloud_heavy
8382,6,349,13492.0,16190.4,0.5939,cloud_heavy
8383,7,349,12922.3,15506.8,0.6272,cloud_heavy
8384,8,349,13470.3,16164.4,0.6623,cloud_heavy
8385,9,349,14017.7,16821.2,0.6973,cloud_heavy
8386,10,349,14261.3,17113.6,0.7303,cloud_heavy
8387,11,349,15124.9,18149.9,0.7589,cloud_heavy
8388,12,349,14847.9,17817.5,0.7811,cloud_heavy
8389,13,349,15369.3,18443.2,0.7952,cloud_heavy
8390,14,349,14664.9,17597.9,0.8,cloud_heavy
8391,15,349,14452.2,17342.6,0.7952,cloud_heavy
8392,16,349,14551.6,17461.9,0.7811,cloud_heavy
8393,17,349,13944.0,16732.7,0.7589,cloud_heavy
8394,18,349,14388.5,17266.2,0.7303,cloud_heavy
8395,19,349,13718.9,16462.7,0.6973,cloud_heavy
8396,20,349,13283.7,15940.4,0.6623,cloud_heavy
8397,21,349,13431.9,16118.3,0.6272,cloud_heavy
8398,22,349,12483.5,14980.2,0.5939,cloud_heavy
8399,23,349,12940.8,15528.9,0.5636,cloud_heavy
8400,0,350,11733.9,14080.6,0.4829,cloud_heavy
8401,1,350,12461.1,14953.4,0.4978,cloud_heavy
8402,2,350,12081.2,14497.4,0.5177,cloud_heavy
8403,3,350,12695.9,15235.1,0.5431,cloud_heavy
8404,4,350,12818.8,15382.6,0.5747,cloud_heavy
8405,5,350,13389.1,16066.9,0.6123,cloud_heavy
8406,6,350,13539.4,16247.3,0.6556,cloud_heavy
8407,7,350,13238.0,15885.6,0.7032,cloud_heavy
8408,8,350,14830.3,17796.3,0.7533,cloud_heavy
8409,9,350,14816.5,17779.8,0.8033,cloud_heavy
8410,10,350,15650.9,18781.1,0.8504,cloud_heavy
8411,11,350,15989.6,19187.6,0.8912,cloud_heavy
8412,12,350,15587.2,18704.7,0.923,cloud_heavy
8413,13,350,15699.7,18839.7,0.9431,cloud_heavy
8414,14,350,16524.9,19829.9,0.95,cloud_heavy
8415,15,350,15995.9,19195.1,0.9431,cloud_heavy
8416,16,350,16405.7,19686.9,0.923,cloud_heavy
8417,17,350,15581.5,18697.8,0.8912,cloud_heavy
8418,18,350,15758.2,18909.9,0.8504,cloud_heavy
8419,19,350,15044.3,18053.1,0.8033,cloud_heavy
8420,20,350,14519.0,17422.8,0.7533,cloud_heavy
8421,21,350,13777.0,16532.4,0.7032,cloud_heavy
8422,22,350,13589.0,16306.8,0.6556,cloud_heavy
8423,23,350,13565.5,16278.6,0.6123,cloud_heavy
8424,0,351,11885.3,14262.4,0.4829,cloud_heavy
8425,1,351,12234.3,14681.2,0.4978,cloud_heavy
8426,2,351,12242.2,14690.6,0.5177,cloud_heavy
8427,3,351,12506.3,15007.5,0.5431,cloud_heavy
8428,4,351,13409.4,16091.2,0.5747,cloud_heavy
8429,5,351,13569.0,16282.8,0.6123,cloud_heavy
8430,6,351,13527.1,16232.5,0.6556,cloud_heavy
8431,7,351,14023.0,16827.6,0.7032,cloud_heavy
8432,8,351,14091.6,16909.9,0.7533,cloud_heavy
8433,9,351,14778.5,17734.2,0.8033,cloud_heavy
8434,10,351,15430.7,18516.9,0.8504,cloud_heavy
8435,11,351,16065.0,19278.0,0.8912,cloud_heavy
8436,12,351,16316.1,19579.3,0.923,cloud_heavy
8437,13,351,15605.6,18726.7,0.9431,cloud_heavy
8438,14,351,16681.2,20017.5,0.95,cloud_heavy
8439,15,351,16099.8,19319.7,0.9431,cloud_heavy
8440,16,351,15484.9,18581.9,0.923,cloud_heavy
8441,17,351,16293.3,19551.9,0.8912,cloud_heavy
8442,18,351,15960.0,19152.0,0.8504,cloud_heavy
8443,19,351,14973.2,17967.8,0.8033,cloud_heavy
8444,20,351,14700.7,17640.9,0.7533,cloud_heavy
8445,21,351,14254.1,17105.0,0.7032,cloud_heavy
8446,22,351,14060.0,16872.0,0.6556,cloud_heavy
8447,23,351,13382.9,16059.5,0.6123,cloud_heavy
8448,0,352,11430.5,13716.6,0.4829,cloud_heavy
8449,1,352,12768.5,15322.2,0.4978,cloud_heavy
8450,2,352,12616.0,15139.2,0.5177,cloud_heavy
8451,3,352,12269.2,14723.1,0.5431,cloud_heavy
8452,4,352,12356.3,14827.6,0.5747,cloud_heavy
8453,5,352,13295.2,15954.2,0.6123,cloud_heavy
8454,6,352,13382.3,16058.7,0.6556,cloud_heavy
8455,7,352,14071.3,16885.5,0.7032,cloud_heavy
8456,8,352,14715.7,17658.8,0.7533,cloud_heavy
8457,9,352,14603.2,17523.8,0.8033,cloud_heavy
8458,10,352,14776.9,17732.3,0.8504,cloud_heavy
8459,11,352,15846.6,19015.9,0.8912,cloud_heavy
8460,12,352,15702.1,18842.5,0.923,cloud_heavy
8461,13,352,16213.5,19456.2,0.9431,cloud_heavy
8462,14,352,15553.1,18663.8,0.95,cloud_heavy
8463,15,352,16020.6,19224.7,0.9431,cloud_heavy
8464,16,352,16299.7,19559.6,0.923,cloud_heavy
8465,17,352,15950.0,19140.0,0.8912,cloud_heavy
8466,18,352,14927.2,17912.7,0.8504,cloud_heavy
8467,19,352,14335.0,17201.9,0.8033,cloud_heavy
8468,20,352,14401.5,17281.8,0.7533,cloud_heavy
8469,21,352,14167.8,17001.4,0.7032,cloud_heavy
8470,22,352,13658.9,16390.7,0.6556,cloud_heavy
8471,23,352,12895.6,15474.7,0.6123,cloud_heavy
8472,0,353,12011.1,14413.3,0.4829,cloud_heavy
8473,1,353,12585.2,15102.2,0.4978,cloud_heavy
8474,2,353,12300.4,14760.5,0.5177,cloud_heavy
8475,3,353,11849.2,14219.1,0.5431,cloud_heavy
8476,4,353,12827.9,15393.4,0.5747,cloud_heavy
8477,5,353,13899.9,16679.9,0.6123,cloud_heavy
8478,6,353,12973.7,15568.5,0.6556,cloud_heavy
8479,7,353,13945.8,16734.9,0.7032,cloud_heavy
8480,8,353,14296.9,17156.3,0.7533,cloud_heavy
8481,9,353,14898.3,17878.0,0.8033,cloud_heavy
8482,10,353,15377.9,18453.5,0.8504,cloud_heavy
8483,11,353,16201.0,19441.2,0.8912,cloud_heavy
8484,12,353,15998.0,19197.6,0.923,cloud_heavy
8485,13,353,16761.3,20113.6,0.9431,cloud_heavy
8486,14,353,16149.0,19378.9,0.95,cloud_heavy
8487,15,353,15973.2,19167.8,0.9431,cloud_heavy
8488,16,353,15637.1,18764.5,0.923,cloud_heavy
8489,17,353,14811.3,17773.6,0.8912,cloud_heavy
8490,18,353,15415.3,18498.4,0.8504,cloud_heavy
8491,19,353,15771.0,18925.2,0.8033,cloud_heavy
8492,20,353,14592.5,17511.0,0.7533,cloud_heavy
8493,21,353,14220.4,17064.5,0.7032,cloud_heavy
8494,22,353,13327.7,15993.2,0.6556,cloud_heavy
8495,23,353,13000.8,15601.0,0.6123,cloud_heavy
8496,0,354,12256.4,14707.6,0.4829,cloud_heavy
8497,1,354,12768.1,15321.7,0.4978,cloud_heavy
8498,2,354,12770.9,15325.1,0.5177,cloud_heavy
8499,3,354,12760.7,15312.8,0.5431,cloud_heavy
8500,4,354,12763.6,15316.3,0.5747,cloud_heavy
8501,5,354,13179.2,15815.1,0.6123,cloud_heavy
8502,6,354,13189.9,15827.8,0.6556,cloud_heavy
8503,7,354,13328.0,15993.6,0.7032,cloud_heavy
8504,8,354,13908.1,16689.7,0.7533,cloud_heavy
8505,9,354,14877.8,17853.4,0.8033,cloud_heavy
8506,10,354,15154.9,18185.9,0.8504,cloud_heavy
8507,11,354,14974.7,17969.6,0.8912,cloud_heavy
8508,12,354,15939.6,19127.5,0.923,cloud_heavy
8509,13,354,15988.5,19186.2,0.9431,cloud_heavy
8510,14,354,15636.0,18763.2,0.95,cloud_heavy
8511,15,354,15963.5,19156.2,0.9431,cloud_heavy
8512,16,354,15803.8,18964.5,0.923,cloud_heavy
8513,17,354,15375.5,18450.5,0.8912,cloud_heavy
8514,18,354,15713.8,18856.6,0.8504,cloud_heavy
8515,19,354,14007.5,16809.1,0.8033,cloud_heavy
8516,20,354,13537.1,16244.5,0.7533,cloud_heavy
8517,21,354,13934.7,16721.7,0.7032,cloud_heavy
8518,22,354,13533.8,16240.6,0.6556,cloud_heavy
8519,23,354,13255.7,15906.8,0.6123,cloud_heavy
8520,0,355,11622.9,13947.5,0.473,cloud_heavy
8521,1,355,11582.3,13898.8,0.4835,cloud_heavy
8522,2,355,12035.6,14442.7,0.4974,cloud_heavy
8523,3,355,12040.8,14448.9,0.5152,cloud_heavy
8524,4,355,12983.0,15579.6,0.5373,cloud_heavy
8525,5,355,12525.4,15030.5,0.5636,cloud_heavy
8526,6,355,12906.4,15487.7,0.5939,cloud_heavy
8527,7,355,14216.7,17060.1,0.6272,cloud_heavy
8528,8,355,13477.7,16173.2,0.6623,cloud_heavy
8529,9,355,14111.1,16933.4,0.6973,cloud_heavy
8530,10,355,14457.8,17349.3,0.7303,cloud_heavy
8531,11,355,14763.3,17715.9,0.7589,cloud_heavy
8532,12,355,14778.1,17733.7,0.7811,cloud_heavy
8533,13,355,14866.5,17839.8,0.7952,cloud_heavy
8534,14,355,14869.6,17843.5,0.8,cloud_heavy
8535,15,355,14525.1,17430.2,0.7952,cloud_heavy
8536,16,355,14793.9,17752.7,0.7811,cloud_heavy
8537,17,355,15325.5,18390.6,0.7589,cloud_heavy
8538,18,355,14697.9,17637.5,0.7303,cloud_heavy
8539,19,355,14006.1,16807.3,0.6973,cloud_heavy
8540,20,355,13905.0,16685.9,0.6623,cloud_heavy
8541,21,355,12888.9,15466.7,0.6272,cloud_heavy
8542,22,355,12826.0,15391.2,0.5939,cloud_heavy
8543,23,355,13008.1,15609.7,0.5636,cloud_heavy
8544,0,356,12341.0,14809.2,0.473,cloud_heavy
8545,1,356,11634.9,13961.8,0.4835,cloud_heavy
8546,2,356,11863.6,14236.3,0.4974,cloud_heavy
8547,3,356,13001.0,15601.2,0.5152,cloud_heavy
8548,4,356,12441.6,14929.9,0.5373,cloud_heavy
8549,5,356,13340.3,16008.3,0.5636,cloud_heavy
8550,6,356,13007.3,15608.7,0.5939,cloud_heavy
8551,7,356,13331.7,15998.0,0.6272,cloud_heavy
8552,8,356,13432.6,16119.2,0.6623,cloud_heavy
8553,9,356,14272.0,17126.4,0.6973,cloud_heavy
8554,10,356,14760.5,17712.6,0.7303,cloud_heavy
8555,11,356,13997.7,16797.3,0.7589,cloud_heavy
8556,12,356,14495.9,17395.1,0.7811,cloud_heavy
8557,13,356,15186.3,18223.6,0.7952,cloud_heavy
8558,14,356,14767.4,17720.9,0.8,cloud_heavy
8559,15,356,14561.8,17474.1,0.7952,cloud_heavy
8560,16,356,15094.6,18113.5,0.7811,cloud_heavy
8561,17,356,14924.5,17909.4,0.7589,cloud_heavy
8562,18,356,13991.5,16789.8,0.7303,cloud_heavy
8563,19,356,13968.0,16761.6,0.6973,cloud_heavy
8564,20,356,13065.4,15678.5,0.6623,cloud_heavy
8565,21,356,12878.4,15454.1,0.6272,cloud_heavy
8566,22,356,12975.2,15570.3,0.5939,cloud_heavy
8567,23,356,12660.3,15192.4,0.5636,cloud_heavy
8568,0,357,11559.4,13871.3,0.4829,cloud_heavy
8569,1,357,11783.7,14140.5,0.4978,cloud_heavy
8570,2,357,11834.6,14201.5,0.5177,cloud_heavy
8571,3,357,12629.8,15155.8,0.5431,cloud_heavy
8572,4,357,11997.5,14397.0,0.5747,cloud_heavy
8573,5,357,12699.4,15239.3,0.6123,cloud_heavy
8574,6,357,12740.7,15288.8,0.6556,cloud_heavy
8575,7,357,14108.5,16930.2,0.7032,cloud_heavy
8576,8,357,13616.2,16339.4,0.7533,cloud_heavy
8577,9,357,14869.8,17843.7,0.8033,cloud_heavy
8578,10,357,16040.8,19249.0,0.8504,cloud_heavy
8579,11,357,16451.7,19742.0,0.8912,cloud_heavy
8580,12,357,15092.9,18111.5,0.923,cloud_heavy
8581,13,357,16287.3,19544.7,0.9431,cloud_heavy
8582,14,357,15725.4,18870.5,0.95,cloud_heavy
8583,15,357,15564.9,18677.9,0.9431,cloud_heavy
8584,16,357,15903.1,19083.7,0.923,cloud_heavy
8585,17,357,16242.5,19491.0,0.8912,cloud_heavy
8586,18,357,15563.9,18676.6,0.8504,cloud_heavy
8587,19,357,14536.9,17444.3,0.8033,cloud_heavy
8588,20,357,14699.1,17638.9,0.7533,cloud_heavy
8589,21,357,12995.5,15594.6,0.7032,cloud_heavy
8590,22,357,13190.1,15828.1,0.6556,cloud_heavy
8591,23,357,12773.1,15327.8,0.6123,cloud_heavy
8592,0,358,11932.7,14319.2,0.4829,cloud_heavy
8593,1,358,11969.1,14362.9,0.4978,cloud_heavy
8594,2,358,12173.3,14608.0,0.5177,cloud_heavy
8595,3,358,12394.4,14873.3,0.5431,cloud_heavy
8596,4,358,12758.7,15310.5,0.5747,cloud_heavy
8597,5,358,13309.1,15970.9,0.6123,cloud_heavy
8598,6,358,13555.4,16266.4,0.6556,cloud_heavy
8599,7,358,13814.5,16577.4,0.7032,cloud_heavy
8600,8,358,14568.1,17481.8,0.7533,cloud_heavy
8601,9,358,15223.8,18268.5,0.8033,cloud_heavy
8602,10,358,15033.8,18040.5,0.8504,cloud_heavy
8603,11,358,15637.3,18764.8,0.8912,cloud_heavy
8604,12,358,16513.7,19816.4,0.923,cloud_heavy
8605,13,358,15608.7,18730.4,0.9431,cloud_heavy
8606,14,358,17083.7,20500.4,0.95,cloud_heavy
8607,15,358,15494.2,18593.1,0.9431,cloud_heavy
8608,16,358,15792.1,18950.5,0.923,cloud_heavy
8609,17,358,15218.7,18262.4,0.8912,cloud_heavy
8610,18,358,16292.3,19550.8,0.8504,cloud_heavy
8611,19,358,14631.3,17557.5,0.8033,cloud_heavy
8612,20,358,14178.4,17014.0,0.7533,cloud_heavy
8613,21,358,13778.4,16534.0,0.7032,cloud_heavy
8614,22,358,13533.6,16240.3,0.6556,cloud_heavy
8615,23,358,12967.8,15561.3,0.6123,cloud_heavy
8616,0,359,11857.2,14228.7,0.4829,cloud_heavy
8617,1,359,10767.4,12920.9,0.4978,cloud_heavy
8618,2,359,12246.2,14695.4,0.5177,cloud_heavy
8619,3,359,12466.4,14959.6,0.5431,cloud_heavy
8620,4,359,13147.4,15776.9,0.5747,cloud_heavy
8621,5,359,13611.2,16333.4,0.6123,cloud_heavy
8622,6,359,13418.9,16102.7,0.6556,cloud_heavy
8623,7,359,14274.5,17129.4,0.7032,cloud_heavy
8624,8,359,13919.0,16702.7,0.7533,cloud_heavy
8625,9,359,15197.6,18237.1,0.8033,cloud_heavy
8626,10,359,15026.2,18031.5,0.8504,cloud_heavy
8627,11,359,15108.5,18130.2,0.8912,cloud_heavy
8628,12,359,15868.6,19042.3,0.923,cloud_heavy
8629,13,359,16821.0,20185.2,0.9431,cloud_heavy
8630,14,359,16294.3,19553.1,0.95,cloud_heavy
8631,15,359,16867.5,20241.0,0.9431,cloud_heavy
8632,16,359,15599.0,18718.8,0.923,cloud_heavy
8633,17,359,16157.7,19389.2,0.8912,cloud_heavy
8634,18,359,14989.7,17987.6,0.8504,cloud_heavy
8635,19,359,14956.0,17947.2,0.8033,cloud_heavy
8636,20,359,14488.2,17385.9,0.7533,cloud_heavy
8637,21,359,14209.8,17051.8,0.7032,cloud_heavy
8638,22,359,13596.4,16315.7,0.6556,cloud_heavy
8639,23,359,12806.4,15367.7,0.6123,cloud_heavy
8640,0,360,12219.1,14662.9,0.4829,cloud_heavy
8641,1,360,12668.0,15201.6,0.4978,cloud_heavy
8642,2,360,12011.1,14413.3,0.5177,cloud_heavy
8643,3,360,11773.7,14128.5,0.5431,cloud_heavy
8644,4,360,12941.1,15529.4,0.5747,cloud_heavy
8645,5,360,12966.7,15560.1,0.6123,cloud_heavy
8646,6,360,13441.8,16130.2,0.6556,cloud_heavy
8647,7,360,14165.8,16999.0,0.7032,cloud_heavy
8648,8,360,14197.6,17037.1,0.7533,cloud_heavy
8649,9,360,14735.8,17682.9,0.8033,cloud_heavy
8650,10,360,15242.9,18291.5,0.8504,cloud_heavy
8651,11,360,16356.0,19627.2,0.8912,cloud_heavy
8652,12,360,15971.8,19166.2,0.923,cloud_heavy
8653,13,360,15544.3,18653.2,0.9431,cloud_heavy
8654,14,360,15624.8,18749.8,0.95,cloud_heavy
8655,15,360,16210.2,19452.2,0.9431,cloud_heavy
8656,16,360,15416.8,18500.1,0.923,cloud_heavy
8657,17,360,14931.0,17917.2,0.8912,cloud_heavy
8658,18,360,15580.3,18696.4,0.8504,cloud_heavy
8659,19,360,15160.7,18192.8,0.8033,cloud_heavy
8660,20,360,14235.7,17082.8,0.7533,cloud_heavy
8661,21,360,14056.1,16867.3,0.7032,cloud_heavy
8662,22,360,13571.1,16285.3,0.6556,cloud_heavy
8663,23,360,13333.5,16000.2,0.6123,cloud_heavy
8664,0,361,12120.7,14544.8,0.4829,cloud_heavy
8665,1,361,11101.0,13321.2,0.4978,cloud_heavy
8666,2,361,12137.0,14564.4,0.5177,cloud_heavy
8667,3,361,12653.3,15183.9,0.5431,cloud_heavy
8668,4,361,12593.1,15111.8,0.5747,cloud_heavy
8669,5,361,13111.1,15733.3,0.6123,cloud_heavy
8670,6,361,13798.8,16558.6,0.6556,cloud_heavy
8671,7,361,13967.2,16760.6,0.7032,cloud_heavy
8672,8,361,15045.8,18055.0,0.7533,cloud_heavy
8673,9,361,15357.9,18429.4,0.8033,cloud_heavy
8674,10,361,15234.4,18281.3,0.8504,cloud_heavy
8675,11,361,15572.2,18686.6,0.8912,cloud_heavy
8676,12,361,14592.9,17511.5,0.923,cloud_heavy
8677,13,361,15984.6,19181.6,0.9431,cloud_heavy
8678,14,361,15548.3,18658.0,0.95,cloud_heavy
8679,15,361,16249.9,19499.9,0.9431,cloud_heavy
8680,16,361,16030.6,19236.7,0.923,cloud_heavy
8681,17,361,15992.3,19190.7,0.8912,cloud_heavy
8682,18,361,15929.4,19115.3,0.8504,cloud_heavy
8683,19,361,14843.9,17812.7,0.8033,cloud_heavy
8684,20,361,15379.4,18455.3,0.7533,cloud_heavy
8685,21,361,14030.5,16836.6,0.7032,cloud_heavy
8686,22,361,12964.5,15557.4,0.6556,cloud_heavy
8687,23,361,12876.0,15451.2,0.6123,cloud_heavy
8688,0,362,11681.8,14018.2,0.473,cloud_heavy
8689,1,362,12121.9,14546.3,0.4835,cloud_heavy
8690,2,362,11696.2,14035.4,0.4974,cloud_heavy
8691,3,362,12093.3,14512.0,0.5152,cloud_heavy
8692,4,362,12345.8,14814.9,0.5373,cloud_heavy
8693,5,362,12478.4,14974.0,0.5636,cloud_heavy
8694,6,362,13241.7,15890.1,0.5939,cloud_heavy
8695,7,362,13488.6,16186.3,0.6272,cloud_heavy
8696,8,362,14031.3,16837.6,0.6623,cloud_heavy
8697,9,362,13741.7,16490.1,0.6973,cloud_heavy
8698,10,362,14694.4,17633.3,0.7303,cloud_heavy
8699,11,362,13855.2,16626.2,0.7589,cloud_heavy
8700,12,362,14040.6,16848.7,0.7811,cloud_heavy
8701,13,362,14242.3,17090.8,0.7952,cloud_heavy
8702,14,362,14829.1,17794.9,0.8,cloud_heavy
8703,15,362,15313.7,18376.4,0.7952,cloud_heavy
8704,16,362,14386.2,17263.4,0.7811,cloud_heavy
8705,17,362,14239.7,17087.6,0.7589,cloud_heavy
8706,18,362,14090.9,16909.1,0.7303,cloud_heavy
8707,19,362,14118.1,16941.7,0.6973,cloud_heavy
8708,20,362,13362.6,16035.2,0.6623,cloud_heavy
8709,21,362,13022.2,15626.6,0.6272,cloud_heavy
8710,22,362,12405.3,14886.4,0.5939,cloud_heavy
8711,23,362,12431.5,14917.8,0.5636,cloud_heavy
8712,0,363,12231.2,14677.5,0.473,cloud_heavy
8713,1,363,11942.8,14331.4,0.4835,cloud_heavy
8714,2,363,11771.1,14125.3,0.4974,cloud_heavy
8715,3,363,12654.9,15185.9,0.5152,cloud_heavy
8716,4,363,12187.9,14625.5,0.5373,cloud_heavy
8717,5,363,13187.2,15824.7,0.5636,cloud_heavy
8718,6,363,13471.4,16165.7,0.5939,cloud_heavy
8719,7,363,13256.2,15907.4,0.6272,cloud_heavy
8720,8,363,12947.4,15536.9,0.6623,cloud_heavy
8721,9,363,14832.9,17799.4,0.6973,cloud_heavy
8722,10,363,14347.6,17217.1,0.7303,cloud_heavy
8723,11,363,14305.9,17167.1,0.7589,cloud_heavy
8724,12,363,15071.1,18085.3,0.7811,cloud_heavy
8725,13,363,15092.0,18110.4,0.7952,cloud_heavy
8726,14,363,15408.0,18489.6,0.8,cloud_heavy
8727,15,363,14486.9,17384.2,0.7952,cloud_heavy
8728,16,363,14790.8,17749.0,0.7811,cloud_heavy
8729,17,363,13932.4,16718.8,0.7589,cloud_heavy
8730,18,363,14466.3,17359.6,0.7303,cloud_heavy
8731,19,363,13870.0,16644.0,0.6973,cloud_heavy
8732,20,363,13671.2,16405.4,0.6623,cloud_heavy
8733,21,363,13175.9,15811.0,0.6272,cloud_heavy
8734,22,363,12829.7,15395.7,0.5939,cloud_heavy
8735,23,363,12319.0,14782.8,0.5636,cloud_heavy
8736,0,364,12187.0,14624.4,0.4829,cloud_heavy
8737,1,364,12580.6,15096.7,0.4978,cloud_heavy
8738,2,364,12021.0,14425.2,0.5177,cloud_heavy
8739,3,364,12666.6,15199.9,0.5431,cloud_heavy
8740,4,364,12915.5,15498.5,0.5747,cloud_heavy
8741,5,364,13100.0,15720.0,0.6123,cloud_heavy
8742,6,364,12876.9,15452.2,0.6556,cloud_heavy
8743,7,364,13389.3,16067.1,0.7032,cloud_heavy
8744,8,364,14057.4,16868.9,0.7533,cloud_heavy
8745,9,364,13902.3,16682.8,0.8033,cloud_heavy
8746,10,364,15934.6,19121.6,0.8504,cloud_heavy
8747,11,364,15838.1,19005.7,0.8912,cloud_heavy
8748,12,364,15943.1,19131.7,0.923,cloud_heavy
8749,13,364,15082.1,18098.5,0.9431,cloud_heavy
8750,14,364,15319.5,18383.4,0.95,cloud_heavy
8751,15,364,16141.6,19369.9,0.9431,cloud_heavy
8752,16,364,16900.8,20280.9,0.923,cloud_heavy
8753,17,364,15336.9,18404.3,0.8912,cloud_heavy
8754,18,364,15685.0,18822.0,0.8504,cloud_heavy
8755,19,364,14641.7,17570.1,0.8033,cloud_heavy
8756,20,364,14418.5,17302.2,0.7533,cloud_heavy
8757,21,364,14441.1,17329.3,0.7032,cloud_heavy
8758,22,364,13354.9,16025.8,0.6556,cloud_heavy
8759,23,364,12825.7,15390.8,0.6123,cloud_heavy
