hour,hour_of_day,day_of_year,it_load_kw,facility_load_kw,utilization,scenario
0,0,0,6542.0,8504.5,0.5743,mixed
1,1,0,6427.9,8356.3,0.5854,mixed
2,2,0,6571.1,8542.5,0.6001,mixed
3,3,0,6648.8,8643.4,0.6189,mixed
4,4,0,6688.1,8694.5,0.6423,mixed
5,5,0,6814.8,8859.3,0.6701,mixed
6,6,0,6624.7,8612.1,0.7021,mixed
7,7,0,6715.0,8729.5,0.7373,mixed
8,8,0,7006.6,9108.6,0.7744,mixed
9,9,0,7122.7,9259.5,0.8115,mixed
10,10,0,7117.8,9253.2,0.8463,mixed
11,11,0,7374.8,9587.3,0.8765,mixed
12,12,0,7593.7,9871.9,0.9,mixed
13,13,0,7701.9,10012.5,0.9149,mixed
14,14,0,7768.0,10098.5,0.92,mixed
15,15,0,7143.7,9286.7,0.9149,mixed
16,16,0,7134.4,9274.7,0.9,mixed
17,17,0,7258.3,9435.7,0.8765,mixed
18,18,0,7248.5,9423.1,0.8463,mixed
19,19,0,7075.7,9198.4,0.8115,mixed
20,20,0,6899.2,8969.0,0.7744,mixed
21,21,0,6841.3,8893.7,0.7373,mixed
22,22,0,6897.2,8966.4,0.7021,mixed
23,23,0,6435.3,8365.9,0.6701,mixed
24,0,1,6866.3,8926.1,0.5743,mixed
25,1,1,6452.5,8388.3,0.5854,mixed
26,2,1,6697.2,8706.4,0.6001,mixed
27,3,1,6435.1,8365.6,0.6189,mixed
28,4,1,6733.1,8753.1,0.6423,mixed
29,5,1,6722.8,8739.6,0.6701,mixed
30,6,1,6973.4,9065.4,0.7021,mixed
31,7,1,6863.2,8922.2,0.7373,mixed
32,8,1,7342.1,9544.7,0.7744,mixed
33,9,1,6807.7,8850.0,0.8115,mixed
34,10,1,7437.1,9668.2,0.8463,mixed
35,11,1,7348.0,9552.3,0.8765,mixed
36,12,1,7166.5,9316.4,0.9,mixed
37,13,1,7872.5,10234.3,0.9149,mixed
38,14,1,7865.6,10225.3,0.92,mixed
39,15,1,6974.3,9066.6,0.9149,mixed
40,16,1,7431.5,9661.0,0.9,mixed
41,17,1,7476.9,9719.9,0.8765,mixed
42,18,1,7326.9,9525.0,0.8463,mixed
43,19,1,7450.7,9685.9,0.8115,mixed
44,20,1,7290.8,9478.0,0.7744,mixed
45,21,1,6959.3,9047.0,0.7373,mixed
46,22,1,7263.1,9442.0,0.7021,mixed
47,23,1,6891.1,8958.4,0.6701,mixed
48,0,2,6347.6,8251.9,0.5743,mixed
49,1,2,6341.6,8244.1,0.5854,mixed
50,2,2,6734.7,8755.1,0.6001,mixed
51,3,2,6393.3,8311.3,0.6189,mixed
52,4,2,6537.7,8499.0,0.6423,mixed
53,5,2,6654.5,8650.8,0.6701,mixed
54,6,2,6871.2,8932.5,0.7021,mixed
55,7,2,6864.3,8923.5,0.7373,mixed
56,8,2,6738.4,8759.9,0.7744,mixed
57,9,2,7375.1,9587.7,0.8115,mixed
58,10,2,7143.4,9286.4,0.8463,mixed
59,11,2,7765.6,10095.2,0.8765,mixed
60,12,2,7459.7,9697.7,0.9,mixed
61,13,2,7719.7,10035.6,0.9149,mixed
62,14,2,7593.3,9871.4,0.92,mixed
63,15,2,7730.4,10049.5,0.9149,mixed
64,16,2,7518.8,9774.4,0.9,mixed
65,17,2,7373.5,9585.6,0.8765,mixed
66,18,2,7468.3,9708.8,0.8463,mixed
67,19,2,7658.2,9955.6,0.8115,mixed
68,20,2,6958.8,9046.4,0.7744,mixed
69,21,2,7069.0,9189.7,0.7373,mixed
70,22,2,6797.6,8836.8,0.7021,mixed
71,23,2,6804.4,8845.8,0.6701,mixed
72,0,3,6423.4,8350.4,0.5743,mixed
73,1,3,6031.0,7840.3,0.5854,mixed
74,2,3,6453.5,8389.6,0.6001,mixed
75,3,3,6745.5,8769.1,0.6189,mixed
76,4,3,6467.1,8407.3,0.6423,mixed
77,5,3,6887.9,8954.2,0.6701,mixed
78,6,3,6836.1,8886.9,0.7021,mixed
79,7,3,6864.7,8924.1,0.7373,mixed
80,8,3,7206.2,9368.1,0.7744,mixed
81,9,3,7272.3,9454.0,0.8115,mixed
82,10,3,7322.4,9519.1,0.8463,mixed
83,11,3,7545.0,9808.5,0.8765,mixed
84,12,3,7437.4,9668.6,0.9,mixed
85,13,3,7070.1,9191.1,0.9149,mixed
86,14,3,7367.8,9578.1,0.92,mixed
87,15,3,7034.4,9144.7,0.9149,mixed
88,16,3,7538.1,9799.5,0.9,mixed
89,17,3,7518.7,9774.4,0.8765,mixed
90,18,3,7435.4,9666.0,0.8463,mixed
91,19,3,7231.3,9400.6,0.8115,mixed
92,20,3,7219.3,9385.1,0.7744,mixed
93,21,3,6577.8,8551.1,0.7373,mixed
94,22,3,6776.7,8809.7,0.7021,mixed
95,23,3,6418.2,8343.6,0.6701,mixed
96,0,4,6346.3,8250.2,0.5743,mixed
97,1,4,6761.1,8789.5,0.5854,mixed
98,2,4,6705.5,8717.1,0.6001,mixed
99,3,4,6679.2,8682.9,0.6189,mixed
100,4,4,6583.0,8557.9,0.6423,mixed
101,5,4,6502.9,8453.7,0.6701,mixed
102,6,4,6836.8,8887.8,0.7021,mixed
103,7,4,7134.4,9274.7,0.7373,mixed
104,8,4,7101.8,9232.4,0.7744,mixed
105,9,4,6787.7,8824.0,0.8115,mixed
106,10,4,7253.8,9430.0,0.8463,mixed
107,11,4,6901.6,8972.1,0.8765,mixed
108,12,4,7570.7,9841.9,0.9,mixed
109,13,4,7282.4,9467.1,0.9149,mixed
110,14,4,7178.9,9332.5,0.92,mixed
111,15,4,7619.5,9905.3,0.9149,mixed
112,16,4,7516.4,9771.3,0.9,mixed
113,17,4,7372.9,9584.8,0.8765,mixed
114,18,4,7706.6,10018.6,0.8463,mixed
115,19,4,7262.5,9441.2,0.8115,mixed
116,20,4,6879.8,8943.8,0.7744,mixed
117,21,4,7011.9,9115.4,0.7373,mixed
118,22,4,6740.3,8762.4,0.7021,mixed
119,23,4,6957.4,9044.6,0.6701,mixed
120,0,5,6447.3,8381.5,0.567,mixed
121,1,5,6489.8,8436.7,0.5748,mixed
122,2,5,6168.5,8019.0,0.5851,mixed
123,3,5,6499.0,8448.7,0.5982,mixed
124,4,5,6525.0,8482.5,0.6146,mixed
125,5,5,6391.9,8309.5,0.6341,mixed
126,6,5,6617.5,8602.7,0.6565,mixed
127,7,5,6823.8,8870.9,0.6811,mixed
128,8,5,6812.7,8856.5,0.7071,mixed
129,9,5,6599.4,8579.3,0.733,mixed
130,10,5,6907.4,8979.6,0.7574,mixed
131,11,5,6929.3,9008.1,0.7786,mixed
132,12,5,7118.4,9253.9,0.795,mixed
133,13,5,7126.8,9264.9,0.8054,mixed
134,14,5,7031.4,9140.8,0.809,mixed
135,15,5,7012.5,9116.2,0.8054,mixed
136,16,5,7091.6,9219.1,0.795,mixed
137,17,5,7231.0,9400.4,0.7786,mixed
138,18,5,7022.7,9129.5,0.7574,mixed
139,19,5,7185.6,9341.3,0.733,mixed
140,20,5,7045.2,9158.8,0.7071,mixed
141,21,5,7038.2,9149.6,0.6811,mixed
142,22,5,6935.3,9015.8,0.6565,mixed
143,23,5,6903.8,8974.9,0.6341,mixed
144,0,6,6172.2,8023.9,0.567,mixed
145,1,6,6541.2,8503.6,0.5748,mixed
146,2,6,6683.1,8688.1,0.5851,mixed
147,3,6,6759.3,8787.1,0.5982,mixed
148,4,6,6384.9,8300.4,0.6146,mixed
149,5,6,6724.6,8742.0,0.6341,mixed
150,6,6,6676.8,8679.8,0.6565,mixed
151,7,6,7109.0,9241.7,0.6811,mixed
152,8,6,6530.0,8489.0,0.7071,mixed
153,9,6,6732.3,8752.0,0.733,mixed
154,10,6,6586.2,8562.0,0.7574,mixed
155,11,6,7058.5,9176.0,0.7786,mixed
156,12,6,7558.0,9825.4,0.795,mixed
157,13,6,7099.1,9228.9,0.8054,mixed
158,14,6,7140.9,9283.2,0.809,mixed
159,15,6,7225.9,9393.7,0.8054,mixed
160,16,6,7052.6,9168.4,0.795,mixed
161,17,6,7105.2,9236.7,0.7786,mixed
162,18,6,7046.4,9160.4,0.7574,mixed
163,19,6,6716.6,8731.5,0.733,mixed
164,20,6,6794.4,8832.7,0.7071,mixed
165,21,6,6885.7,8951.4,0.6811,mixed
166,22,6,6847.3,8901.5,0.6565,mixed
167,23,6,6851.5,8906.9,0.6341,mixed
168,0,7,6479.8,8423.8,0.5743,mixed
169,1,7,6517.3,8472.5,0.5854,mixed
170,2,7,6638.6,8630.2,0.6001,mixed
171,3,7,6432.2,8361.9,0.6189,mixed
172,4,7,6492.8,8440.7,0.6423,mixed
173,5,7,6677.6,8680.9,0.6701,mixed
174,6,7,6538.6,8500.2,0.7021,mixed
175,7,7,6988.6,9085.2,0.7373,mixed
176,8,7,7236.4,9407.3,0.7744,mixed
177,9,7,6974.9,9067.3,0.8115,mixed
178,10,7,7325.5,9523.2,0.8463,mixed
179,11,7,7183.7,9338.8,0.8765,mixed
180,12,7,7166.9,9316.9,0.9,mixed
181,13,7,7895.6,10264.3,0.9149,mixed
182,14,7,7228.2,9396.7,0.92,mixed
183,15,7,7151.6,9297.0,0.9149,mixed
184,16,7,7439.9,9671.9,0.9,mixed
185,17,7,7380.9,9595.1,0.8765,mixed
186,18,7,7375.9,9588.6,0.8463,mixed
187,19,7,7554.6,9820.9,0.8115,mixed
188,20,7,6852.0,8907.6,0.7744,mixed
189,21,7,6784.5,8819.9,0.7373,mixed
190,22,7,7126.8,9264.8,0.7021,mixed
191,23,7,6891.5,8959.0,0.6701,mixed
192,0,8,6569.2,8540.0,0.5743,mixed
193,1,8,6334.3,8234.7,0.5854,mixed
194,2,8,6711.8,8725.4,0.6001,mixed
195,3,8,6706.9,8718.9,0.6189,mixed
196,4,8,6656.7,8653.7,0.6423,mixed
197,5,8,6585.1,8560.6,0.6701,mixed
198,6,8,6820.4,8866.5,0.7021,mixed
199,7,8,7245.8,9419.5,0.7373,mixed
200,8,8,6785.3,8820.9,0.7744,mixed
201,9,8,6955.7,9042.4,0.8115,mixed
202,10,8,7094.9,9223.4,0.8463,mixed
203,11,8,7231.6,9401.1,0.8765,mixed
204,12,8,7388.8,9605.5,0.9,mixed
205,13,8,7650.9,9946.1,0.9149,mixed
206,14,8,7555.5,9822.1,0.92,mixed
207,15,8,7450.6,9685.7,0.9149,mixed
208,16,8,7453.8,9689.9,0.9,mixed
209,17,8,7458.9,9696.6,0.8765,mixed
210,18,8,6866.3,8926.2,0.8463,mixed
211,19,8,7355.8,9562.5,0.8115,mixed
212,20,8,6841.6,8894.1,0.7744,mixed
213,21,8,6812.5,8856.2,0.7373,mixed
214,22,8,6868.1,8928.5,0.7021,mixed
215,23,8,6687.5,8693.8,0.6701,mixed
216,0,9,6509.0,8461.7,0.5743,mixed
217,1,9,6475.9,8418.7,0.5854,mixed
218,2,9,6436.2,8367.0,0.6001,mixed
219,3,9,6849.4,8904.3,0.6189,mixed
220,4,9,6759.7,8787.6,0.6423,mixed
221,5,9,6763.4,8792.4,0.6701,mixed
222,6,9,6939.9,9021.9,0.7021,mixed
223,7,9,6758.2,8785.7,0.7373,mixed
224,8,9,7473.3,9715.3,0.7744,mixed
225,9,9,6894.1,8962.4,0.8115,mixed
226,10,9,7255.7,9432.4,0.8463,mixed
227,11,9,7259.0,9436.7,0.8765,mixed
228,12,9,7320.4,9516.5,0.9,mixed
229,13,9,7335.6,9536.3,0.9149,mixed
230,14,9,7279.8,9463.7,0.92,mixed
231,15,9,7702.1,10012.8,0.9149,mixed
232,16,9,7125.2,9262.7,0.9,mixed
233,17,9,7537.9,9799.3,0.8765,mixed
234,18,9,7371.8,9583.4,0.8463,mixed
235,19,9,7045.3,9158.8,0.8115,mixed
236,20,9,7127.7,9265.9,0.7744,mixed
237,21,9,6871.6,8933.1,0.7373,mixed
238,22,9,6574.1,8546.3,0.7021,mixed
239,23,9,6483.4,8428.4,0.6701,mixed
240,0,10,6541.4,8503.8,0.5743,mixed
241,1,10,6565.2,8534.8,0.5854,mixed
242,2,10,6539.7,8501.6,0.6001,mixed
243,3,10,6472.1,8413.8,0.6189,mixed
244,4,10,6581.3,8555.7,0.6423,mixed
245,5,10,6637.2,8628.4,0.6701,mixed
246,6,10,6442.3,8375.0,0.7021,mixed
247,7,10,6917.0,8992.1,0.7373,mixed
248,8,10,7125.5,9263.2,0.7744,mixed
249,9,10,7141.1,9283.5,0.8115,mixed
250,10,10,7614.9,9899.4,0.8463,mixed
251,11,10,7101.2,9231.6,0.8765,mixed
252,12,10,7245.7,9419.4,0.9,mixed
253,13,10,7466.7,9706.7,0.9149,mixed
254,14,10,7506.8,9758.8,0.92,mixed
255,15,10,7012.8,9116.7,0.9149,mixed
256,16,10,7526.0,9783.8,0.9,mixed
257,17,10,7376.4,9589.4,0.8765,mixed
258,18,10,6771.4,8802.8,0.8463,mixed
259,19,10,7101.7,9232.3,0.8115,mixed
260,20,10,6845.4,8899.0,0.7744,mixed
261,21,10,6810.4,8853.6,0.7373,mixed
262,22,10,6525.7,8483.4,0.7021,mixed
263,23,10,6786.4,8822.3,0.6701,mixed
264,0,11,6754.3,8780.6,0.5743,mixed
265,1,11,6499.7,8449.7,0.5854,mixed
266,2,11,6071.9,7893.5,0.6001,mixed
267,3,11,6605.2,8586.7,0.6189,mixed
268,4,11,6580.4,8554.6,0.6423,mixed
269,5,11,6481.3,8425.7,0.6701,mixed
270,6,11,6870.8,8932.0,0.7021,mixed
271,7,11,7086.6,9212.5,0.7373,mixed
272,8,11,6874.9,8937.3,0.7744,mixed
273,9,11,6775.3,8807.8,0.8115,mixed
274,10,11,6794.7,8833.1,0.8463,mixed
275,11,11,7175.7,9328.4,0.8765,mixed
276,12,11,7357.8,9565.2,0.9,mixed
277,13,11,7321.9,9518.4,0.9149,mixed
278,14,11,7299.5,9489.4,0.92,mixed
279,15,11,7563.7,9832.8,0.9149,mixed
280,16,11,7495.0,9743.5,0.9,mixed
281,17,11,7365.7,9575.4,0.8765,mixed
282,18,11,7408.2,9630.7,0.8463,mixed
283,19,11,6986.4,9082.3,0.8115,mixed
284,20,11,6785.2,8820.7,0.7744,mixed
285,21,11,6796.1,8835.0,0.7373,mixed
286,22,11,6678.0,8681.5,0.7021,mixed
287,23,11,6290.2,8177.3,0.6701,mixed
288,0,12,6288.7,8175.4,0.567,mixed
289,1,12,6629.3,8618.1,0.5748,mixed
290,2,12,6602.4,8583.1,0.5851,mixed
291,3,12,6589.2,8566.0,0.5982,mixed
292,4,12,6561.9,8530.4,0.6146,mixed
293,5,12,6881.2,8945.6,0.6341,mixed
294,6,12,6449.9,8384.8,0.6565,mixed
295,7,12,6540.8,8503.0,0.6811,mixed
296,8,12,7043.4,9156.4,0.7071,mixed
297,9,12,6897.1,8966.2,0.733,mixed
298,10,12,6824.2,8871.5,0.7574,mixed
299,11,12,7144.4,9287.7,0.7786,mixed
300,12,12,6984.2,9079.5,0.795,mixed
301,13,12,6930.0,9009.0,0.8054,mixed
302,14,12,6934.5,9014.8,0.809,mixed
303,15,12,7177.2,9330.3,0.8054,mixed
304,16,12,7121.0,9257.3,0.795,mixed
305,17,12,7347.8,9552.1,0.7786,mixed
306,18,12,6903.9,8975.0,0.7574,mixed
307,19,12,6827.9,8876.2,0.733,mixed
308,20,12,7107.9,9240.2,0.7071,mixed
309,21,12,6934.9,9015.4,0.6811,mixed
310,22,12,6690.7,8697.9,0.6565,mixed
311,23,12,6285.7,8171.5,0.6341,mixed
312,0,13,6237.7,8109.0,0.567,mixed
313,1,13,6213.7,8077.8,0.5748,mixed
314,2,13,6454.5,8390.9,0.5851,mixed
315,3,13,6388.1,8304.5,0.5982,mixed
316,4,13,6850.4,8905.5,0.6146,mixed
317,5,13,6283.7,8168.8,0.6341,mixed
318,6,13,6429.6,8358.5,0.6565,mixed
319,7,13,6785.2,8820.7,0.6811,mixed
320,8,13,6920.2,8996.2,0.7071,mixed
321,9,13,6356.5,8263.5,0.733,mixed
322,10,13,6601.9,8582.5,0.7574,mixed
323,11,13,6972.4,9064.2,0.7786,mixed
324,12,13,7365.2,9574.8,0.795,mixed
325,13,13,7511.2,9764.5,0.8054,mixed
326,14,13,7030.8,9140.0,0.809,mixed
327,15,13,7072.2,9193.9,0.8054,mixed
328,16,13,6899.6,8969.5,0.795,mixed
329,17,13,7161.5,9310.0,0.7786,mixed
330,18,13,7283.8,9469.0,0.7574,mixed
331,19,13,7151.0,9296.4,0.733,mixed
332,20,13,6807.7,8850.0,0.7071,mixed
333,21,13,6566.3,8536.2,0.6811,mixed
334,22,13,6663.4,8662.4,0.6565,mixed
335,23,13,6867.7,8928.1,0.6341,mixed
336,0,14,6338.2,8239.6,0.5743,mixed
337,1,14,6097.3,7926.4,0.5854,mixed
338,2,14,6422.4,8349.1,0.6001,mixed
339,3,14,6494.2,8442.5,0.6189,mixed
340,4,14,6257.4,8134.7,0.6423,mixed
341,5,14,6749.3,8774.1,0.6701,mixed
342,6,14,6901.8,8972.4,0.7021,mixed
343,7,14,7289.6,9476.5,0.7373,mixed
344,8,14,6735.1,8755.7,0.7744,mixed
345,9,14,7282.9,9467.7,0.8115,mixed
346,10,14,7440.9,9673.1,0.8463,mixed
347,11,14,7436.0,9666.8,0.8765,mixed
348,12,14,7169.0,9319.8,0.9,mixed
349,13,14,7199.4,9359.2,0.9149,mixed
350,14,14,7474.0,9716.2,0.92,mixed
351,15,14,7457.1,9694.3,0.9149,mixed
352,16,14,7268.3,9448.7,0.9,mixed
353,17,14,7605.6,9887.3,0.8765,mixed
354,18,14,7144.2,9287.4,0.8463,mixed
355,19,14,6721.8,8738.4,0.8115,mixed
356,20,14,6968.4,9058.9,0.7744,mixed
357,21,14,7003.8,9105.0,0.7373,mixed
358,22,14,6868.4,8928.9,0.7021,mixed
359,23,14,6769.9,8800.8,0.6701,mixed
360,0,15,6702.8,8713.6,0.5743,mixed
361,1,15,6232.8,8102.6,0.5854,mixed
362,2,15,6410.0,8333.0,0.6001,mixed
363,3,15,6852.6,8908.4,0.6189,mixed
364,4,15,6228.4,8097.0,0.6423,mixed
365,5,15,6691.9,8699.4,0.6701,mixed
366,6,15,7049.3,9164.1,0.7021,mixed
367,7,15,7155.8,9302.5,0.7373,mixed
368,8,15,7154.5,9300.8,0.7744,mixed
369,9,15,7273.2,9455.2,0.8115,mixed
370,10,15,7005.3,9106.9,0.8463,mixed
371,11,15,7623.5,9910.6,0.8765,mixed
372,12,15,7126.2,9264.0,0.9,mixed
373,13,15,7182.6,9337.3,0.9149,mixed
374,14,15,7539.0,9800.7,0.92,mixed
375,15,15,7327.0,9525.1,0.9149,mixed
376,16,15,7438.2,9669.6,0.9,mixed
377,17,15,7416.5,9641.4,0.8765,mixed
378,18,15,7616.9,9901.9,0.8463,mixed
379,19,15,7219.4,9385.2,0.8115,mixed
380,20,15,6885.4,8951.0,0.7744,mixed
381,21,15,7044.5,9157.8,0.7373,mixed
382,22,15,6629.0,8617.7,0.7021,mixed
383,23,15,6886.3,8952.2,0.6701,mixed
384,0,16,6427.7,8356.0,0.5743,mixed
385,1,16,6525.9,8483.7,0.5854,mixed
386,2,16,6145.7,7989.4,0.6001,mixed
387,3,16,6106.9,7938.9,0.6189,mixed
388,4,16,6320.9,8217.2,0.6423,mixed
389,5,16,7053.7,9169.8,0.6701,mixed
390,6,16,6564.5,8533.8,0.7021,mixed
391,7,16,7056.0,9172.8,0.7373,mixed
392,8,16,6880.5,8944.6,0.7744,mixed
393,9,16,7075.4,9198.0,0.8115,mixed
394,10,16,7221.4,9387.9,0.8463,mixed
395,11,16,7682.9,9987.8,0.8765,mixed
396,12,16,7521.9,9778.5,0.9,mixed
397,13,16,7522.9,9779.8,0.9149,mixed
398,14,16,7742.2,10064.9,0.92,mixed
399,15,16,7295.7,9484.4,0.9149,mixed
400,16,16,7629.2,9918.0,0.9,mixed
401,17,16,7519.9,9775.8,0.8765,mixed
402,18,16,7424.2,9651.4,0.8463,mixed
403,19,16,7093.5,9221.6,0.8115,mixed
404,20,16,6923.5,9000.6,0.7744,mixed
405,21,16,6724.2,8741.4,0.7373,mixed
406,22,16,6634.0,8624.2,0.7021,mixed
407,23,16,6518.3,8473.8,0.6701,mixed
408,0,17,6485.9,8431.6,0.5743,mixed
409,1,17,6404.3,8325.6,0.5854,mixed
410,2,17,6576.6,8549.5,0.6001,mixed
411,3,17,6644.9,8638.4,0.6189,mixed
412,4,17,6408.7,8331.2,0.6423,mixed
413,5,17,6483.5,8428.6,0.6701,mixed
414,6,17,6752.0,8777.6,0.7021,mixed
415,7,17,6743.8,8766.9,0.7373,mixed
416,8,17,6830.3,8879.3,0.7744,mixed
417,9,17,7489.2,9736.0,0.8115,mixed
418,10,17,6898.5,8968.0,0.8463,mixed
419,11,17,7766.3,10096.1,0.8765,mixed
420,12,17,7456.4,9693.3,0.9,mixed
421,13,17,7657.0,9954.1,0.9149,mixed
422,14,17,7646.4,9940.4,0.92,mixed
423,15,17,7574.6,9847.0,0.9149,mixed
424,16,17,7760.9,10089.1,0.9,mixed
425,17,17,7084.1,9209.4,0.8765,mixed
426,18,17,7197.2,9356.4,0.8463,mixed
427,19,17,6944.3,9027.7,0.8115,mixed
428,20,17,6658.6,8656.2,0.7744,mixed
429,21,17,6767.4,8797.6,0.7373,mixed
430,22,17,7180.6,9334.7,0.7021,mixed
431,23,17,6667.8,8668.1,0.6701,mixed
432,0,18,6797.0,8836.1,0.5743,mixed
433,1,18,6852.0,8907.6,0.5854,mixed
434,2,18,7075.9,9198.7,0.6001,mixed
435,3,18,6923.4,9000.5,0.6189,mixed
436,4,18,7087.3,9213.6,0.6423,mixed
437,5,18,6768.1,8798.5,0.6701,mixed
438,6,18,6845.2,8898.8,0.7021,mixed
439,7,18,6965.4,9055.0,0.7373,mixed
440,8,18,7015.6,9120.2,0.7744,mixed
441,9,18,7158.7,9306.3,0.8115,mixed
442,10,18,7394.3,9612.6,0.8463,mixed
443,11,18,7219.6,9385.4,0.8765,mixed
444,12,18,7086.8,9212.8,0.9,mixed
445,13,18,7518.1,9773.6,0.9149,mixed
446,14,18,7297.4,9486.6,0.92,mixed
447,15,18,7305.5,9497.2,0.9149,mixed
448,16,18,7360.7,9568.9,0.9,mixed
449,17,18,7240.1,9412.2,0.8765,mixed
450,18,18,7471.9,9713.5,0.8463,mixed
451,19,18,7091.0,9218.3,0.8115,mixed
452,20,18,7259.8,9437.7,0.7744,mixed
453,21,18,6947.0,9031.1,0.7373,mixed
454,22,18,6780.6,8814.8,0.7021,mixed
455,23,18,6734.5,8754.8,0.6701,mixed
456,0,19,6145.6,7989.3,0.567,mixed
457,1,19,6481.7,8426.2,0.5748,mixed
458,2,19,6611.7,8595.2,0.5851,mixed
459,3,19,6679.9,8683.8,0.5982,mixed
460,4,19,6270.9,8152.2,0.6146,mixed
461,5,19,6294.1,8182.3,0.6341,mixed
462,6,19,6554.5,8520.8,0.6565,mixed
463,7,19,7015.5,9120.2,0.6811,mixed
464,8,19,6858.8,8916.4,0.7071,mixed
465,9,19,6731.2,8750.6,0.733,mixed
466,10,19,6660.9,8659.2,0.7574,mixed
467,11,19,6883.8,8948.9,0.7786,mixed
468,12,19,6917.7,8993.1,0.795,mixed
469,13,19,7308.1,9500.6,0.8054,mixed
470,14,19,7335.6,9536.2,0.809,mixed
471,15,19,6884.7,8950.1,0.8054,mixed
472,16,19,7237.2,9408.4,0.795,mixed
473,17,19,7165.2,9314.8,0.7786,mixed
474,18,19,6718.0,8733.4,0.7574,mixed
475,19,19,6874.0,8936.3,0.733,mixed
476,20,19,6883.2,8948.2,0.7071,mixed
477,21,19,6768.7,8799.3,0.6811,mixed
478,22,19,6319.9,8215.9,0.6565,mixed
479,23,19,6620.5,8606.7,0.6341,mixed
480,0,20,6515.4,8470.0,0.567,mixed
481,1,20,6720.7,8736.9,0.5748,mixed
482,2,20,6318.1,8213.5,0.5851,mixed
483,3,20,6380.9,8295.2,0.5982,mixed
484,4,20,6495.1,8443.6,0.6146,mixed
485,5,20,6652.2,8647.8,0.6341,mixed
486,6,20,6681.1,8685.5,0.6565,mixed
487,7,20,6857.8,8915.2,0.6811,mixed
488,8,20,6583.6,8558.7,0.7071,mixed
489,9,20,6973.4,9065.4,0.733,mixed
490,10,20,6809.4,8852.2,0.7574,mixed
491,11,20,6997.8,9097.1,0.7786,mixed
492,12,20,7440.0,9672.0,0.795,mixed
493,13,20,6810.4,8853.5,0.8054,mixed
494,14,20,7059.6,9177.5,0.809,mixed
495,15,20,6836.8,8887.8,0.8054,mixed
496,16,20,7109.8,9242.8,0.795,mixed
497,17,20,7249.0,9423.7,0.7786,mixed
498,18,20,6999.9,9099.9,0.7574,mixed
499,19,20,6867.2,8927.4,0.733,mixed
500,20,20,7085.1,9210.7,0.7071,mixed
501,21,20,6802.5,8843.3,0.6811,mixed
502,22,20,6825.5,8873.2,0.6565,mixed
503,23,20,6736.1,8756.9,0.6341,mixed
504,0,21,5861.7,7620.2,0.5743,mixed
505,1,21,6433.6,8363.7,0.5854,mixed
506,2,21,6282.5,8167.3,0.6001,mixed
507,3,21,6386.1,8302.0,0.6189,mixed
508,4,21,6911.9,8985.5,0.6423,mixed
509,5,21,6627.3,8615.5,0.6701,mixed
510,6,21,7184.6,9340.0,0.7021,mixed
511,7,21,6612.8,8596.6,0.7373,mixed
512,8,21,6787.5,8823.7,0.7744,mixed
513,9,21,7289.7,9476.6,0.8115,mixed
514,10,21,7157.1,9304.2,0.8463,mixed
515,11,21,7389.4,9606.2,0.8765,mixed
516,12,21,7367.4,9577.6,0.9,mixed
517,13,21,7405.2,9626.7,0.9149,mixed
518,14,21,7384.3,9599.6,0.92,mixed
519,15,21,7477.0,9720.2,0.9149,mixed
520,16,21,7534.6,9795.0,0.9,mixed
521,17,21,7676.5,9979.4,0.8765,mixed
522,18,21,7187.2,9343.4,0.8463,mixed
523,19,21,7042.5,9155.3,0.8115,mixed
524,20,21,6905.6,8977.3,0.7744,mixed
525,21,21,7208.8,9371.4,0.7373,mixed
526,22,21,6939.4,9021.3,0.7021,mixed
527,23,21,6320.8,8217.1,0.6701,mixed
528,0,22,6041.3,7853.7,0.5743,mixed
529,1,22,6287.9,8174.2,0.5854,mixed
530,2,22,6537.4,8498.6,0.6001,mixed
531,3,22,6542.5,8505.2,0.6189,mixed
532,4,22,6721.3,8737.7,0.6423,mixed
533,5,22,6667.4,8667.6,0.6701,mixed
534,6,22,7083.7,9208.8,0.7021,mixed
535,7,22,7064.3,9183.5,0.7373,mixed
536,8,22,7031.9,9141.4,0.7744,mixed
537,9,22,7371.6,9583.0,0.8115,mixed
538,10,22,6873.4,8935.4,0.8463,mixed
539,11,22,7303.2,9494.1,0.8765,mixed
540,12,22,7422.8,9649.7,0.9,mixed
541,13,22,7571.3,9842.7,0.9149,mixed
542,14,22,7068.8,9189.5,0.92,mixed
543,15,22,7378.9,9592.6,0.9149,mixed
544,16,22,7481.1,9725.5,0.9,mixed
545,17,22,7426.7,9654.7,0.8765,mixed
546,18,22,7488.4,9735.0,0.8463,mixed
547,19,22,7289.5,9476.3,0.8115,mixed
548,20,22,7002.8,9103.6,0.7744,mixed
549,21,22,7044.1,9157.4,0.7373,mixed
550,22,22,6757.6,8784.8,0.7021,mixed
551,23,22,6732.2,8751.8,0.6701,mixed
552,0,23,6568.2,8538.7,0.5743,mixed
553,1,23,6439.7,8371.6,0.5854,mixed
554,2,23,6563.0,8531.9,0.6001,mixed
555,3,23,6737.9,8759.3,0.6189,mixed
556,4,23,6760.5,8788.7,0.6423,mixed
557,5,23,6950.7,9035.9,0.6701,mixed
558,6,23,7273.6,9455.6,0.7021,mixed
559,7,23,7049.9,9164.9,0.7373,mixed
560,8,23,6918.5,8994.0,0.7744,mixed
561,9,23,7236.1,9406.9,0.8115,mixed
562,10,23,7332.8,9532.7,0.8463,mixed
563,11,23,7456.6,9693.6,0.8765,mixed
564,12,23,7723.9,10041.0,0.9,mixed
565,13,23,7061.3,9179.6,0.9149,mixed
566,14,23,7790.8,10128.0,0.92,mixed
567,15,23,7849.8,10204.8,0.9149,mixed
568,16,23,7518.3,9773.8,0.9,mixed
569,17,23,7451.9,9687.5,0.8765,mixed
570,18,23,7178.7,9332.3,0.8463,mixed
571,19,23,7128.0,9266.5,0.8115,mixed
572,20,23,7162.5,9311.2,0.7744,mixed
573,21,23,7035.6,9146.2,0.7373,mixed
574,22,23,6945.6,9029.3,0.7021,mixed
575,23,23,6828.7,8877.3,0.6701,mixed
576,0,24,6588.2,8564.6,0.5743,mixed
577,1,24,6600.6,8580.8,0.5854,mixed
578,2,24,6293.0,8180.9,0.6001,mixed
579,3,24,6712.6,8726.4,0.6189,mixed
580,4,24,6988.2,9084.6,0.6423,mixed
581,5,24,6697.3,8706.5,0.6701,mixed
582,6,24,7104.5,9235.8,0.7021,mixed
583,7,24,6714.3,8728.6,0.7373,mixed
584,8,24,7009.3,9112.1,0.7744,mixed
585,9,24,6989.6,9086.5,0.8115,mixed
586,10,24,7530.3,9789.4,0.8463,mixed
587,11,24,7682.2,9986.9,0.8765,mixed
588,12,24,7370.3,9581.4,0.9,mixed
589,13,24,7698.3,10007.8,0.9149,mixed
590,14,24,7821.3,10167.7,0.92,mixed
591,15,24,7429.7,9658.5,0.9149,mixed
592,16,24,7421.1,9647.4,0.9,mixed
593,17,24,7483.0,9727.9,0.8765,mixed
594,18,24,7048.4,9162.9,0.8463,mixed
595,19,24,7150.2,9295.3,0.8115,mixed
596,20,24,7466.5,9706.5,0.7744,mixed
597,21,24,6800.8,8841.0,0.7373,mixed
598,22,24,6972.8,9064.6,0.7021,mixed
599,23,24,6808.0,8850.4,0.6701,mixed
600,0,25,6383.7,8298.9,0.5743,mixed
601,1,25,6491.3,8438.7,0.5854,mixed
602,2,25,6833.9,8884.1,0.6001,mixed
603,3,25,6657.8,8655.2,0.6189,mixed
604,4,25,6760.0,8788.1,0.6423,mixed
605,5,25,7024.6,9131.9,0.6701,mixed
606,6,25,6739.6,8761.5,0.7021,mixed
607,7,25,6687.5,8693.7,0.7373,mixed
608,8,25,7387.7,9604.1,0.7744,mixed
609,9,25,7155.9,9302.6,0.8115,mixed
610,10,25,7425.0,9652.5,0.8463,mixed
611,11,25,7154.4,9300.8,0.8765,mixed
612,12,25,7478.5,9722.0,0.9,mixed
613,13,25,7192.3,9349.9,0.9149,mixed
614,14,25,7466.6,9706.5,0.92,mixed
615,15,25,7292.4,9480.2,0.9149,mixed
616,16,25,7197.7,9357.0,0.9,mixed
617,17,25,7255.3,9431.9,0.8765,mixed
618,18,25,6733.6,8753.7,0.8463,mixed
619,19,25,6878.7,8942.3,0.8115,mixed
620,20,25,7180.2,9334.3,0.7744,mixed
621,21,25,6976.4,9069.3,0.7373,mixed
622,22,25,6579.6,8553.4,0.7021,mixed
623,23,25,6812.8,8856.7,0.6701,mixed
624,0,26,6224.9,8092.4,0.567,mixed
625,1,26,6555.6,8522.3,0.5748,mixed
626,2,26,6425.1,8352.6,0.5851,mixed
627,3,26,6423.8,8350.9,0.5982,mixed
628,4,26,6518.2,8473.7,0.6146,mixed
629,5,26,7100.9,9231.2,0.6341,mixed
630,6,26,6510.1,8463.1,0.6565,mixed
631,7,26,6781.5,8816.0,0.6811,mixed
632,8,26,6973.3,9065.3,0.7071,mixed
633,9,26,6692.4,8700.1,0.733,mixed
634,10,26,6631.4,8620.8,0.7574,mixed
635,11,26,6901.3,8971.7,0.7786,mixed
636,12,26,7238.6,9410.1,0.795,mixed
637,13,26,7035.7,9146.4,0.8054,mixed
638,14,26,7069.9,9190.9,0.809,mixed
639,15,26,7302.8,9493.7,0.8054,mixed
640,16,26,6906.1,8978.0,0.795,mixed
641,17,26,7009.3,9112.1,0.7786,mixed
642,18,26,6648.2,8642.6,0.7574,mixed
643,19,26,6957.7,9045.0,0.733,mixed
644,20,26,6860.5,8918.6,0.7071,mixed
645,21,26,6896.5,8965.4,0.6811,mixed
646,22,26,6432.9,8362.7,0.6565,mixed
647,23,26,6556.6,8523.6,0.6341,mixed
648,0,27,6148.2,7992.6,0.567,mixed
649,1,27,6369.2,8280.0,0.5748,mixed
650,2,27,6734.1,8754.3,0.5851,mixed
651,3,27,6424.6,8352.0,0.5982,mixed
652,4,27,6268.2,8148.7,0.6146,mixed
653,5,27,6460.1,8398.1,0.6341,mixed
654,6,27,6339.8,8241.7,0.6565,mixed
655,7,27,6473.9,8416.1,0.6811,mixed
656,8,27,6950.7,9036.0,0.7071,mixed
657,9,27,6592.4,8570.1,0.733,mixed
658,10,27,7029.7,9138.7,0.7574,mixed
659,11,27,7033.4,9143.5,0.7786,mixed
660,12,27,6964.5,9053.8,0.795,mixed
661,13,27,7157.1,9304.2,0.8054,mixed
662,14,27,6919.0,8994.8,0.809,mixed
663,15,27,7287.9,9474.3,0.8054,mixed
664,16,27,6929.0,9007.8,0.795,mixed
665,17,27,6946.5,9030.5,0.7786,mixed
666,18,27,6858.9,8916.6,0.7574,mixed
667,19,27,7033.9,9144.1,0.733,mixed
668,20,27,6924.9,9002.3,0.7071,mixed
669,21,27,6206.0,8067.7,0.6811,mixed
670,22,27,6712.6,8726.3,0.6565,mixed
671,23,27,6249.4,8124.2,0.6341,mixed
672,0,28,6349.6,8254.4,0.5743,mixed
673,1,28,6427.5,8355.8,0.5854,mixed
674,2,28,6424.0,8351.1,0.6001,mixed
675,3,28,6647.5,8641.7,0.6189,mixed
676,4,28,6762.1,8790.7,0.6423,mixed
677,5,28,6547.1,8511.3,0.6701,mixed
678,6,28,6633.5,8623.5,0.7021,mixed
679,7,28,6896.9,8966.0,0.7373,mixed
680,8,28,6690.7,8697.8,0.7744,mixed
681,9,28,7024.7,9132.1,0.8115,mixed
682,10,28,7523.6,9780.6,0.8463,mixed
683,11,28,6991.0,9088.3,0.8765,mixed
684,12,28,7316.9,9512.0,0.9,mixed
685,13,28,7304.8,9496.3,0.9149,mixed
686,14,28,7900.6,10270.8,0.92,mixed
687,15,28,7317.0,9512.1,0.9149,mixed
688,16,28,7285.9,9471.7,0.9,mixed
689,17,28,7095.5,9224.1,0.8765,mixed
690,18,28,7233.1,9403.1,0.8463,mixed
691,19,28,7184.4,9339.8,0.8115,mixed
692,20,28,6829.1,8877.9,0.7744,mixed
693,21,28,7109.1,9241.9,0.7373,mixed
694,22,28,6853.9,8910.1,0.7021,mixed
695,23,28,6874.0,8936.2,0.6701,mixed
696,0,29,6352.1,8257.7,0.5743,mixed
697,1,29,6495.5,8444.2,0.5854,mixed
698,2,29,6451.0,8386.3,0.6001,mixed
699,3,29,6835.5,8886.1,0.6189,mixed
700,4,29,6642.2,8634.8,0.6423,mixed
701,5,29,6704.4,8715.8,0.6701,mixed
702,6,29,6705.2,8716.7,0.7021,mixed
703,7,29,6797.5,8836.7,0.7373,mixed
704,8,29,7065.6,9185.3,0.7744,mixed
705,9,29,7301.9,9492.5,0.8115,mixed
706,10,29,7082.6,9207.4,0.8463,mixed
707,11,29,7349.7,9554.6,0.8765,mixed
708,12,29,7433.2,9663.1,0.9,mixed
709,13,29,7517.0,9772.0,0.9149,mixed
710,14,29,7070.6,9191.7,0.92,mixed
711,15,29,7230.7,9399.9,0.9149,mixed
712,16,29,7089.4,9216.2,0.9,mixed
713,17,29,7329.1,9527.8,0.8765,mixed
714,18,29,7035.7,9146.4,0.8463,mixed
715,19,29,7020.6,9126.8,0.8115,mixed
716,20,29,6764.2,8793.5,0.7744,mixed
717,21,29,6820.8,8867.1,0.7373,mixed
718,22,29,6569.4,8540.2,0.7021,mixed
719,23,29,6855.1,8911.6,0.6701,mixed
720,0,30,6507.5,8459.7,0.5743,mixed
721,1,30,6477.5,8420.8,0.5854,mixed
722,2,30,6433.7,8363.8,0.6001,mixed
723,3,30,6148.7,7993.3,0.6189,mixed
724,4,30,6528.1,8486.5,0.6423,mixed
725,5,30,6549.6,8514.4,0.6701,mixed
726,6,30,6849.1,8903.8,0.7021,mixed
727,7,30,7032.7,9142.5,0.7373,mixed
728,8,30,7083.9,9209.0,0.7744,mixed
729,9,30,7396.7,9615.7,0.8115,mixed
730,10,30,7107.8,9240.2,0.8463,mixed
731,11,30,7187.9,9344.3,0.8765,mixed
732,12,30,7622.5,9909.2,0.9,mixed
733,13,30,7474.1,9716.3,0.9149,mixed
734,14,30,7397.1,9616.2,0.92,mixed
735,15,30,7849.0,10203.7,0.9149,mixed
736,16,30,7520.4,9776.6,0.9,mixed
737,17,30,7280.0,9464.0,0.8765,mixed
738,18,30,7082.3,9207.0,0.8463,mixed
739,19,30,7410.3,9633.4,0.8115,mixed
740,20,30,7059.1,9176.9,0.7744,mixed
741,21,30,6909.4,8982.2,0.7373,mixed
742,22,30,6936.6,9017.5,0.7021,mixed
743,23,30,6879.6,8943.5,0.6701,mixed
744,0,31,6521.1,8477.4,0.5743,mixed
745,1,31,6619.5,8605.3,0.5854,mixed
746,2,31,6580.4,8554.6,0.6001,mixed
747,3,31,6658.1,8655.5,0.6189,mixed
748,4,31,6473.8,8415.9,0.6423,mixed
749,5,31,7066.7,9186.7,0.6701,mixed
750,6,31,6547.0,8511.1,0.7021,mixed
751,7,31,6968.4,9058.9,0.7373,mixed
752,8,31,6734.2,8754.5,0.7744,mixed
753,9,31,7105.7,9237.4,0.8115,mixed
754,10,31,7107.2,9239.4,0.8463,mixed
755,11,31,7351.7,9557.2,0.8765,mixed
756,12,31,7468.1,9708.5,0.9,mixed
757,13,31,7223.6,9390.7,0.9149,mixed
758,14,31,7445.7,9679.5,0.92,mixed
759,15,31,7747.9,10072.3,0.9149,mixed
760,16,31,7101.3,9231.7,0.9,mixed
761,17,31,7134.3,9274.6,0.8765,mixed
762,18,31,7417.9,9643.2,0.8463,mixed
763,19,31,7143.3,9286.2,0.8115,mixed
764,20,31,7047.4,9161.6,0.7744,mixed
765,21,31,7116.1,9250.9,0.7373,mixed
766,22,31,6636.7,8627.7,0.7021,mixed
767,23,31,6598.2,8577.7,0.6701,mixed
768,0,32,6291.6,8179.1,0.5743,mixed
769,1,32,6381.1,8295.4,0.5854,mixed
770,2,32,6753.4,8779.5,0.6001,mixed
771,3,32,6214.9,8079.3,0.6189,mixed
772,4,32,6381.9,8296.5,0.6423,mixed
773,5,32,6428.1,8356.5,0.6701,mixed
774,6,32,7084.5,9209.9,0.7021,mixed
775,7,32,6777.1,8810.2,0.7373,mixed
776,8,32,6946.8,9030.8,0.7744,mixed
777,9,32,6781.5,8815.9,0.8115,mixed
778,10,32,7174.2,9326.5,0.8463,mixed
779,11,32,7512.2,9765.9,0.8765,mixed
780,12,32,7448.4,9682.9,0.9,mixed
781,13,32,7412.9,9636.8,0.9149,mixed
782,14,32,7102.4,9233.2,0.92,mixed
783,15,32,7363.8,9573.0,0.9149,mixed
784,16,32,7424.9,9652.4,0.9,mixed
785,17,32,7104.0,9235.2,0.8765,mixed
786,18,32,7373.2,9585.2,0.8463,mixed
787,19,32,7315.9,9510.7,0.8115,mixed
788,20,32,6904.3,8975.6,0.7744,mixed
789,21,32,7054.7,9171.1,0.7373,mixed
790,22,32,6776.3,8809.1,0.7021,mixed
791,23,32,6933.3,9013.3,0.6701,mixed
792,0,33,6783.5,8818.6,0.567,mixed
793,1,33,6206.1,8067.9,0.5748,mixed
794,2,33,6596.3,8575.2,0.5851,mixed
795,3,33,6741.0,8763.3,0.5982,mixed
796,4,33,6345.7,8249.4,0.6146,mixed
797,5,33,6480.8,8425.0,0.6341,mixed
798,6,33,6544.6,8507.9,0.6565,mixed
799,7,33,6708.9,8721.6,0.6811,mixed
800,8,33,6740.7,8763.0,0.7071,mixed
801,9,33,6850.4,8905.5,0.733,mixed
802,10,33,7139.6,9281.4,0.7574,mixed
803,11,33,6628.3,8616.8,0.7786,mixed
804,12,33,6870.5,8931.7,0.795,mixed
805,13,33,7251.5,9426.9,0.8054,mixed
806,14,33,7237.4,9408.6,0.809,mixed
807,15,33,6882.8,8947.7,0.8054,mixed
808,16,33,7196.2,9355.0,0.795,mixed
809,17,33,7307.8,9500.1,0.7786,mixed
810,18,33,6954.2,9040.5,0.7574,mixed
811,19,33,6683.0,8687.9,0.733,mixed
812,20,33,6992.4,9090.2,0.7071,mixed
813,21,33,7083.9,9209.1,0.6811,mixed
814,22,33,6484.6,8430.0,0.6565,mixed
815,23,33,6602.3,8583.0,0.6341,mixed
816,0,34,6602.5,8583.2,0.567,mixed
817,1,34,6438.8,8370.5,0.5748,mixed
818,2,34,6109.5,7942.3,0.5851,mixed
819,3,34,6573.3,8545.3,0.5982,mixed
820,4,34,6344.1,8247.4,0.6146,mixed
821,5,34,6343.2,8246.1,0.6341,mixed
822,6,34,6316.4,8211.4,0.6565,mixed
823,7,34,6976.3,9069.2,0.6811,mixed
824,8,34,6643.0,8635.8,0.7071,mixed
825,9,34,6960.3,9048.4,0.733,mixed
826,10,34,7085.4,9211.1,0.7574,mixed
827,11,34,7062.1,9180.8,0.7786,mixed
828,12,34,7140.3,9282.4,0.795,mixed
829,13,34,7189.9,9346.8,0.8054,mixed
830,14,34,7148.8,9293.4,0.809,mixed
831,15,34,6946.5,9030.4,0.8054,mixed
832,16,34,6897.0,8966.1,0.795,mixed
833,17,34,7005.9,9107.6,0.7786,mixed
834,18,34,6938.1,9019.6,0.7574,mixed
835,19,34,6980.1,9074.2,0.733,mixed
836,20,34,7038.8,9150.4,0.7071,mixed
837,21,34,6805.2,8846.8,0.6811,mixed
838,22,34,6499.7,8449.6,0.6565,mixed
839,23,34,6163.0,8012.0,0.6341,mixed
840,0,35,6267.3,8147.5,0.5743,mixed
841,1,35,6188.4,8044.9,0.5854,mixed
842,2,35,6350.3,8255.4,0.6001,mixed
843,3,35,6596.7,8575.7,0.6189,mixed
844,4,35,6635.8,8626.6,0.6423,mixed
845,5,35,7076.3,9199.2,0.6701,mixed
846,6,35,6897.2,8966.3,0.7021,mixed
847,7,35,7299.8,9489.7,0.7373,mixed
848,8,35,7166.1,9315.9,0.7744,mixed
849,9,35,7358.8,9566.5,0.8115,mixed
850,10,35,7153.3,9299.2,0.8463,mixed
851,11,35,7085.9,9211.6,0.8765,mixed
852,12,35,7292.8,9480.6,0.9,mixed
853,13,35,7434.3,9664.7,0.9149,mixed
854,14,35,7311.9,9505.4,0.92,mixed
855,15,35,7213.6,9377.7,0.9149,mixed
856,16,35,7484.8,9730.2,0.9,mixed
857,17,35,7101.0,9231.3,0.8765,mixed
858,18,35,6898.5,8968.0,0.8463,mixed
859,19,35,6886.8,8952.8,0.8115,mixed
860,20,35,6966.2,9056.1,0.7744,mixed
861,21,35,6699.1,8708.8,0.7373,mixed
862,22,35,6752.1,8777.8,0.7021,mixed
863,23,35,6823.4,8870.4,0.6701,mixed
864,0,36,6525.8,8483.6,0.5743,mixed
865,1,36,6320.6,8216.8,0.5854,mixed
866,2,36,6238.6,8110.1,0.6001,mixed
867,3,36,6436.0,8366.8,0.6189,mixed
868,4,36,6749.3,8774.1,0.6423,mixed
869,5,36,6881.5,8945.9,0.6701,mixed
870,6,36,6870.6,8931.8,0.7021,mixed
871,7,36,7153.2,9299.2,0.7373,mixed
872,8,36,7379.5,9593.3,0.7744,mixed
873,9,36,7023.4,9130.4,0.8115,mixed
874,10,36,7553.6,9819.7,0.8463,mixed
875,11,36,7264.6,9444.0,0.8765,mixed
876,12,36,7618.5,9904.0,0.9,mixed
877,13,36,7595.1,9873.6,0.9149,mixed
878,14,36,7010.3,9113.4,0.92,mixed
879,15,36,7221.4,9387.8,0.9149,mixed
880,16,36,7121.5,9257.9,0.9,mixed
881,17,36,6930.4,9009.6,0.8765,mixed
882,18,36,7421.9,9648.4,0.8463,mixed
883,19,36,7569.0,9839.7,0.8115,mixed
884,20,36,6961.3,9049.7,0.7744,mixed
885,21,36,7081.3,9205.6,0.7373,mixed
886,22,36,7101.4,9231.9,0.7021,mixed
887,23,36,6744.6,8767.9,0.6701,mixed
888,0,37,6410.4,8333.5,0.5743,mixed
889,1,37,6400.9,8321.2,0.5854,mixed
890,2,37,6597.2,8576.4,0.6001,mixed
891,3,37,6720.9,8737.2,0.6189,mixed
892,4,37,6710.8,8724.0,0.6423,mixed
893,5,37,6788.6,8825.2,0.6701,mixed
894,6,37,6788.2,8824.7,0.7021,mixed
895,7,37,6574.4,8546.7,0.7373,mixed
896,8,37,7204.5,9365.8,0.7744,mixed
897,9,37,6852.0,8907.6,0.8115,mixed
898,10,37,7365.5,9575.1,0.8463,mixed
899,11,37,7487.9,9734.2,0.8765,mixed
900,12,37,7139.4,9281.2,0.9,mixed
901,13,37,7301.4,9491.8,0.9149,mixed
902,14,37,7926.6,10304.6,0.92,mixed
903,15,37,7419.3,9645.0,0.9149,mixed
904,16,37,7121.7,9258.2,0.9,mixed
905,17,37,7497.8,9747.1,0.8765,mixed
906,18,37,7063.5,9182.6,0.8463,mixed
907,19,37,6716.1,8730.9,0.8115,mixed
908,20,37,7125.0,9262.4,0.7744,mixed
909,21,37,6714.5,8728.8,0.7373,mixed
910,22,37,6864.2,8923.4,0.7021,mixed
911,23,37,6539.3,8501.0,0.6701,mixed
912,0,38,6551.4,8516.8,0.5743,mixed
913,1,38,6484.0,8429.1,0.5854,mixed
914,2,38,5988.2,7784.7,0.6001,mixed
915,3,38,6624.1,8611.4,0.6189,mixed
916,4,38,6561.6,8530.0,0.6423,mixed
917,5,38,6987.5,9083.8,0.6701,mixed
918,6,38,6879.2,8943.0,0.7021,mixed
919,7,38,7061.0,9179.3,0.7373,mixed
920,8,38,6866.0,8925.8,0.7744,mixed
921,9,38,6957.8,9045.1,0.8115,mixed
922,10,38,7225.6,9393.2,0.8463,mixed
923,11,38,7242.7,9415.5,0.8765,mixed
924,12,38,7689.1,9995.8,0.9,mixed
925,13,38,7402.8,9623.6,0.9149,mixed
926,14,38,7178.5,9332.0,0.92,mixed
927,15,38,7252.4,9428.1,0.9149,mixed
928,16,38,7606.3,9888.2,0.9,mixed
929,17,38,7285.1,9470.7,0.8765,mixed
930,18,38,7183.2,9338.2,0.8463,mixed
931,19,38,7353.4,9559.4,0.8115,mixed
932,20,38,6823.0,8869.9,0.7744,mixed
933,21,38,6441.4,8373.8,0.7373,mixed
934,22,38,6624.7,8612.1,0.7021,mixed
935,23,38,6751.4,8776.8,0.6701,mixed
936,0,39,6367.2,8277.4,0.5743,mixed
937,1,39,6146.6,7990.6,0.5854,mixed
938,2,39,6690.4,8697.6,0.6001,mixed
939,3,39,6581.2,8555.5,0.6189,mixed
940,4,39,6696.3,8705.2,0.6423,mixed
941,5,39,6787.0,8823.2,0.6701,mixed
942,6,39,6533.8,8493.9,0.7021,mixed
943,7,39,6967.1,9057.2,0.7373,mixed
944,8,39,7206.5,9368.5,0.7744,mixed
945,9,39,7370.5,9581.6,0.8115,mixed
946,10,39,7387.6,9603.9,0.8463,mixed
947,11,39,7434.6,9665.0,0.8765,mixed
948,12,39,7007.0,9109.1,0.9,mixed
949,13,39,7433.7,9663.8,0.9149,mixed
950,14,39,7238.4,9410.0,0.92,mixed
951,15,39,7723.1,10040.0,0.9149,mixed
952,16,39,7643.0,9935.9,0.9,mixed
953,17,39,7113.1,9247.0,0.8765,mixed
954,18,39,7221.2,9387.5,0.8463,mixed
955,19,39,7179.8,9333.8,0.8115,mixed
956,20,39,7205.1,9366.7,0.7744,mixed
957,21,39,6557.3,8524.4,0.7373,mixed
958,22,39,6348.0,8252.4,0.7021,mixed
959,23,39,6710.3,8723.4,0.6701,mixed
960,0,40,5907.8,7680.2,0.567,mixed
961,1,40,6447.1,8381.3,0.5748,mixed
962,2,40,6562.0,8530.6,0.5851,mixed
963,3,40,6727.6,8745.9,0.5982,mixed
964,4,40,6414.0,8338.2,0.6146,mixed
965,5,40,6626.5,8614.4,0.6341,mixed
966,6,40,6791.9,8829.5,0.6565,mixed
967,7,40,6498.2,8447.6,0.6811,mixed
968,8,40,7000.7,9100.9,0.7071,mixed
969,9,40,6948.1,9032.5,0.733,mixed
970,10,40,6838.0,8889.4,0.7574,mixed
971,11,40,7057.8,9175.2,0.7786,mixed
972,12,40,7047.7,9162.1,0.795,mixed
973,13,40,7274.9,9457.4,0.8054,mixed
974,14,40,7042.3,9155.0,0.809,mixed
975,15,40,7157.0,9304.1,0.8054,mixed
976,16,40,6945.5,9029.1,0.795,mixed
977,17,40,6830.3,8879.4,0.7786,mixed
978,18,40,7000.3,9100.4,0.7574,mixed
979,19,40,6706.0,8717.8,0.733,mixed
980,20,40,6977.2,9070.4,0.7071,mixed
981,21,40,6855.4,8912.0,0.6811,mixed
982,22,40,6508.8,8461.5,0.6565,mixed
983,23,40,6636.9,8627.9,0.6341,mixed
984,0,41,6245.7,8119.5,0.567,mixed
985,1,41,6107.8,7940.1,0.5748,mixed
986,2,41,6331.9,8231.5,0.5851,mixed
987,3,41,6477.2,8420.4,0.5982,mixed
988,4,41,6638.3,8629.8,0.6146,mixed
989,5,41,6624.1,8611.4,0.6341,mixed
990,6,41,6843.1,8896.1,0.6565,mixed
991,7,41,6537.5,8498.7,0.6811,mixed
992,8,41,6736.6,8757.6,0.7071,mixed
993,9,41,7231.3,9400.7,0.733,mixed
994,10,41,6561.0,8529.3,0.7574,mixed
995,11,41,6932.7,9012.5,0.7786,mixed
996,12,41,6849.8,8904.8,0.795,mixed
997,13,41,7066.9,9187.0,0.8054,mixed
998,14,41,7026.5,9134.5,0.809,mixed
999,15,41,7237.0,9408.1,0.8054,mixed
1000,16,41,7131.6,9271.0,0.795,mixed
1001,17,41,6752.7,8778.6,0.7786,mixed
1002,18,41,6841.6,8894.1,0.7574,mixed
1003,19,41,6891.3,8958.8,0.733,mixed
1004,20,41,6964.7,9054.1,0.7071,mixed
1005,21,41,7227.4,9395.6,0.6811,mixed
1006,22,41,6802.2,8842.9,0.6565,mixed
1007,23,41,6394.3,8312.5,0.6341,mixed
1008,0,42,6397.2,8316.4,0.5743,mixed
1009,1,42,6483.5,8428.5,0.5854,mixed
1010,2,42,6391.4,8308.8,0.6001,mixed
1011,3,42,6641.5,8633.9,0.6189,mixed
1012,4,42,6168.1,8018.5,0.6423,mixed
1013,5,42,6813.9,8858.1,0.6701,mixed
1014,6,42,6701.5,8711.9,0.7021,mixed
1015,7,42,6881.6,8946.1,0.7373,mixed
1016,8,42,7324.0,9521.3,0.7744,mixed
1017,9,42,6857.0,8914.1,0.8115,mixed
1018,10,42,7290.3,9477.4,0.8463,mixed
1019,11,42,7496.3,9745.1,0.8765,mixed
1020,12,42,7430.1,9659.1,0.9,mixed
1021,13,42,7076.9,9199.9,0.9149,mixed
1022,14,42,7754.2,10080.5,0.92,mixed
1023,15,42,7389.8,9606.8,0.9149,mixed
1024,16,42,7275.3,9457.9,0.9,mixed
1025,17,42,7253.7,9429.8,0.8765,mixed
1026,18,42,7148.2,9292.7,0.8463,mixed
1027,19,42,6872.2,8933.9,0.8115,mixed
1028,20,42,7050.3,9165.4,0.7744,mixed
1029,21,42,6780.6,8814.8,0.7373,mixed
1030,22,42,6935.5,9016.1,0.7021,mixed
1031,23,42,6806.8,8848.8,0.6701,mixed
1032,0,43,6728.1,8746.6,0.5743,mixed
1033,1,43,6407.5,8329.8,0.5854,mixed
1034,2,43,6336.1,8236.9,0.6001,mixed
1035,3,43,6260.3,8138.4,0.6189,mixed
1036,4,43,7054.6,9171.0,0.6423,mixed
1037,5,43,6835.8,8886.6,0.6701,mixed
1038,6,43,6657.4,8654.6,0.7021,mixed
1039,7,43,7255.0,9431.6,0.7373,mixed
1040,8,43,7301.0,9491.3,0.7744,mixed
1041,9,43,6837.8,8889.1,0.8115,mixed
1042,10,43,7067.7,9188.0,0.8463,mixed
1043,11,43,7292.8,9480.7,0.8765,mixed
1044,12,43,7155.0,9301.5,0.9,mixed
1045,13,43,7415.4,9640.1,0.9149,mixed
1046,14,43,7611.5,9894.9,0.92,mixed
1047,15,43,7130.6,9269.8,0.9149,mixed
1048,16,43,7457.3,9694.5,0.9,mixed
1049,17,43,7578.5,9852.1,0.8765,mixed
1050,18,43,7317.9,9513.3,0.8463,mixed
1051,19,43,7110.5,9243.7,0.8115,mixed
1052,20,43,6874.9,8937.4,0.7744,mixed
1053,21,43,7076.4,9199.4,0.7373,mixed
1054,22,43,6558.6,8526.2,0.7021,mixed
1055,23,43,6751.5,8776.9,0.6701,mixed
1056,0,44,6420.2,8346.2,0.5743,mixed
1057,1,44,6666.2,8666.1,0.5854,mixed
1058,2,44,6379.0,8292.7,0.6001,mixed
1059,3,44,6451.3,8386.7,0.6189,mixed
1060,4,44,6372.5,8284.2,0.6423,mixed
1061,5,44,6790.6,8827.8,0.6701,mixed
1062,6,44,6712.2,8725.9,0.7021,mixed
1063,7,44,6725.8,8743.5,0.7373,mixed
1064,8,44,6854.2,8910.4,0.7744,mixed
1065,9,44,7241.5,9414.0,0.8115,mixed
1066,10,44,6991.9,9089.4,0.8463,mixed
1067,11,44,7099.1,9228.8,0.8765,mixed
1068,12,44,7591.1,9868.4,0.9,mixed
1069,13,44,7399.9,9619.9,0.9149,mixed
1070,14,44,7665.9,9965.7,0.92,mixed
1071,15,44,7356.8,9563.9,0.9149,mixed
1072,16,44,7392.1,9609.7,0.9,mixed
1073,17,44,7356.2,9563.1,0.8765,mixed
1074,18,44,7532.1,9791.7,0.8463,mixed
1075,19,44,7405.9,9627.6,0.8115,mixed
1076,20,44,7258.3,9435.8,0.7744,mixed
1077,21,44,6774.1,8806.3,0.7373,mixed
1078,22,44,6597.4,8576.6,0.7021,mixed
1079,23,44,6855.7,8912.3,0.6701,mixed
1080,0,45,6680.2,8684.3,0.5743,mixed
1081,1,45,6673.4,8675.4,0.5854,mixed
1082,2,45,6495.1,8443.6,0.6001,mixed
1083,3,45,6692.1,8699.7,0.6189,mixed
1084,4,45,6767.1,8797.2,0.6423,mixed
1085,5,45,6732.6,8752.4,0.6701,mixed
1086,6,45,6837.9,8889.2,0.7021,mixed
1087,7,45,6924.7,9002.1,0.7373,mixed
1088,8,45,6849.7,8904.6,0.7744,mixed
1089,9,45,6980.0,9074.0,0.8115,mixed
1090,10,45,7078.9,9202.6,0.8463,mixed
1091,11,45,6970.6,9061.8,0.8765,mixed
1092,12,45,7424.0,9651.2,0.9,mixed
1093,13,45,7427.9,9656.3,0.9149,mixed
1094,14,45,7622.7,9909.5,0.92,mixed
1095,15,45,7718.3,10033.8,0.9149,mixed
1096,16,45,7686.0,9991.8,0.9,mixed
1097,17,45,7633.5,9923.5,0.8765,mixed
1098,18,45,7066.9,9187.0,0.8463,mixed
1099,19,45,6820.5,8866.7,0.8115,mixed
1100,20,45,7211.4,9374.9,0.7744,mixed
1101,21,45,7190.6,9347.8,0.7373,mixed
1102,22,45,7116.0,9250.8,0.7021,mixed
1103,23,45,6800.2,8840.3,0.6701,mixed
1104,0,46,6031.0,7840.3,0.5743,mixed
1105,1,46,6519.2,8474.9,0.5854,mixed
1106,2,46,6600.7,8580.9,0.6001,mixed
1107,3,46,6795.1,8833.6,0.6189,mixed
1108,4,46,6903.0,8973.9,0.6423,mixed
1109,5,46,6885.6,8951.3,0.6701,mixed
1110,6,46,6678.9,8682.5,0.7021,mixed
1111,7,46,6691.2,8698.5,0.7373,mixed
1112,8,46,7127.9,9266.3,0.7744,mixed
1113,9,46,6957.3,9044.4,0.8115,mixed
1114,10,46,7551.1,9816.5,0.8463,mixed
1115,11,46,6947.5,9031.7,0.8765,mixed
1116,12,46,7518.0,9773.5,0.9,mixed
1117,13,46,7508.3,9760.8,0.9149,mixed
1118,14,46,7406.1,9627.9,0.92,mixed
1119,15,46,7230.6,9399.8,0.9149,mixed
1120,16,46,6935.1,9015.6,0.9,mixed
1121,17,46,7205.1,9366.7,0.8765,mixed
1122,18,46,7119.6,9255.5,0.8463,mixed
1123,19,46,7364.4,9573.7,0.8115,mixed
1124,20,46,6850.8,8906.0,0.7744,mixed
1125,21,46,6998.1,9097.6,0.7373,mixed
1126,22,46,6535.1,8495.6,0.7021,mixed
1127,23,46,6799.2,8839.0,0.6701,mixed
1128,0,47,5964.2,7753.4,0.567,mixed
1129,1,47,6820.0,8865.9,0.5748,mixed
1130,2,47,6420.2,8346.2,0.5851,mixed
1131,3,47,5943.2,7726.2,0.5982,mixed
1132,4,47,6395.3,8313.9,0.6146,mixed
1133,5,47,6421.3,8347.7,0.6341,mixed
1134,6,47,6530.7,8489.9,0.6565,mixed
1135,7,47,6662.0,8660.7,0.6811,mixed
1136,8,47,6678.1,8681.6,0.7071,mixed
1137,9,47,6722.6,8739.4,0.733,mixed
1138,10,47,6722.4,8739.1,0.7574,mixed
1139,11,47,7201.3,9361.7,0.7786,mixed
1140,12,47,7332.3,9532.0,0.795,mixed
1141,13,47,7054.3,9170.6,0.8054,mixed
1142,14,47,7115.5,9250.2,0.809,mixed
1143,15,47,6868.4,8928.9,0.8054,mixed
1144,16,47,7092.4,9220.1,0.795,mixed
1145,17,47,7076.5,9199.4,0.7786,mixed
1146,18,47,6918.6,8994.2,0.7574,mixed
1147,19,47,6973.3,9065.2,0.733,mixed
1148,20,47,6876.7,8939.7,0.7071,mixed
1149,21,47,6522.7,8479.5,0.6811,mixed
1150,22,47,6900.2,8970.2,0.6565,mixed
1151,23,47,6553.5,8519.5,0.6341,mixed
1152,0,48,6714.8,8729.2,0.567,mixed
1153,1,48,6497.5,8446.8,0.5748,mixed
1154,2,48,6828.7,8877.3,0.5851,mixed
1155,3,48,6715.8,8730.5,0.5982,mixed
1156,4,48,6580.6,8554.8,0.6146,mixed
1157,5,48,6451.5,8387.0,0.6341,mixed
1158,6,48,6521.5,8478.0,0.6565,mixed
1159,7,48,6843.4,8896.5,0.6811,mixed
1160,8,48,6842.8,8895.7,0.7071,mixed
1161,9,48,6769.6,8800.5,0.733,mixed
1162,10,48,7138.5,9280.1,0.7574,mixed
1163,11,48,7036.2,9147.0,0.7786,mixed
1164,12,48,7255.5,9432.1,0.795,mixed
1165,13,48,6900.6,8970.7,0.8054,mixed
1166,14,48,7332.8,9532.6,0.809,mixed
1167,15,48,7215.4,9380.1,0.8054,mixed
1168,16,48,7331.6,9531.1,0.795,mixed
1169,17,48,7234.1,9404.3,0.7786,mixed
1170,18,48,6946.7,9030.8,0.7574,mixed
1171,19,48,6857.2,8914.3,0.733,mixed
1172,20,48,7178.0,9331.5,0.7071,mixed
1173,21,48,6677.0,8680.1,0.6811,mixed
1174,22,48,6811.3,8854.7,0.6565,mixed
1175,23,48,6519.1,8474.8,0.6341,mixed
1176,0,49,6056.9,7874.0,0.5743,mixed
1177,1,49,6211.0,8074.3,0.5854,mixed
1178,2,49,6571.6,8543.1,0.6001,mixed
1179,3,49,6686.8,8692.9,0.6189,mixed
1180,4,49,6700.3,8710.5,0.6423,mixed
1181,5,49,6933.1,9013.0,0.6701,mixed
1182,6,49,6878.4,8942.0,0.7021,mixed
1183,7,49,6743.8,8766.9,0.7373,mixed
1184,8,49,7140.6,9282.8,0.7744,mixed
1185,9,49,7162.9,9311.8,0.8115,mixed
1186,10,49,7106.3,9238.1,0.8463,mixed
1187,11,49,7425.7,9653.4,0.8765,mixed
1188,12,49,7409.9,9632.9,0.9,mixed
1189,13,49,7302.0,9492.6,0.9149,mixed
1190,14,49,7412.5,9636.3,0.92,mixed
1191,15,49,7752.4,10078.1,0.9149,mixed
1192,16,49,7698.6,10008.1,0.9,mixed
1193,17,49,7363.2,9572.2,0.8765,mixed
1194,18,49,7243.5,9416.6,0.8463,mixed
1195,19,49,6820.3,8866.4,0.8115,mixed
1196,20,49,7377.4,9590.7,0.7744,mixed
1197,21,49,7119.0,9254.7,0.7373,mixed
1198,22,49,6952.0,9037.6,0.7021,mixed
1199,23,49,6245.3,8118.8,0.6701,mixed
1200,0,50,6423.1,8350.1,0.5743,mixed
1201,1,50,6423.9,8351.0,0.5854,mixed
1202,2,50,6625.5,8613.2,0.6001,mixed
1203,3,50,6460.5,8398.6,0.6189,mixed
1204,4,50,6573.1,8545.0,0.6423,mixed
1205,5,50,6827.2,8875.4,0.6701,mixed
1206,6,50,6640.9,8633.1,0.7021,mixed
1207,7,50,6785.4,8821.1,0.7373,mixed
1208,8,50,7056.2,9173.1,0.7744,mixed
1209,9,50,7412.9,9636.7,0.8115,mixed
1210,10,50,7406.5,9628.5,0.8463,mixed
1211,11,50,7558.1,9825.5,0.8765,mixed
1212,12,50,7406.4,9628.3,0.9,mixed
1213,13,50,7770.6,10101.7,0.9149,mixed
1214,14,50,7063.0,9181.9,0.92,mixed
1215,15,50,7888.2,10254.6,0.9149,mixed
1216,16,50,7869.5,10230.4,0.9,mixed
1217,17,50,7422.2,9648.8,0.8765,mixed
1218,18,50,7411.7,9635.2,0.8463,mixed
1219,19,50,7118.6,9254.1,0.8115,mixed
1220,20,50,6971.4,9062.9,0.7744,mixed
1221,21,50,6777.8,8811.2,0.7373,mixed
1222,22,50,6788.6,8825.2,0.7021,mixed
1223,23,50,6814.5,8858.8,0.6701,mixed
1224,0,51,6496.1,8444.9,0.5743,mixed
1225,1,51,6832.8,8882.6,0.5854,mixed
1226,2,51,6512.1,8465.7,0.6001,mixed
1227,3,51,6256.6,8133.5,0.6189,mixed
1228,4,51,6945.6,9029.3,0.6423,mixed
1229,5,51,6457.2,8394.3,0.6701,mixed
1230,6,51,6684.5,8689.9,0.7021,mixed
1231,7,51,6960.6,9048.8,0.7373,mixed
1232,8,51,7103.4,9234.4,0.7744,mixed
1233,9,51,6817.7,8862.9,0.8115,mixed
1234,10,51,7069.2,9189.9,0.8463,mixed
1235,11,51,6996.6,9095.6,0.8765,mixed
1236,12,51,7530.2,9789.3,0.9,mixed
1237,13,51,7701.0,10011.3,0.9149,mixed
1238,14,51,7179.1,9332.9,0.92,mixed
1239,15,51,7659.1,9956.9,0.9149,mixed
1240,16,51,7598.7,9878.4,0.9,mixed
1241,17,51,7177.1,9330.2,0.8765,mixed
1242,18,51,6801.0,8841.3,0.8463,mixed
1243,19,51,6897.7,8966.9,0.8115,mixed
1244,20,51,6890.3,8957.4,0.7744,mixed
1245,21,51,7223.7,9390.8,0.7373,mixed
1246,22,51,6774.5,8806.9,0.7021,mixed
1247,23,51,6500.2,8450.3,0.6701,mixed
1248,0,52,6443.7,8376.8,0.5743,mixed
1249,1,52,6197.9,8057.2,0.5854,mixed
1250,2,52,6592.7,8570.5,0.6001,mixed
1251,3,52,6357.0,8264.1,0.6189,mixed
1252,4,52,6453.8,8389.9,0.6423,mixed
1253,5,52,6778.2,8811.6,0.6701,mixed
1254,6,52,7155.6,9302.3,0.7021,mixed
1255,7,52,7359.6,9567.4,0.7373,mixed
1256,8,52,6796.7,8835.7,0.7744,mixed
1257,9,52,6999.1,9098.9,0.8115,mixed
1258,10,52,7343.0,9545.9,0.8463,mixed
1259,11,52,7578.6,9852.2,0.8765,mixed
1260,12,52,6912.4,8986.1,0.9,mixed
1261,13,52,7456.5,9693.4,0.9149,mixed
1262,14,52,7343.4,9546.4,0.92,mixed
1263,15,52,7007.7,9110.0,0.9149,mixed
1264,16,52,7095.8,9224.5,0.9,mixed
1265,17,52,7197.2,9356.3,0.8765,mixed
1266,18,52,7243.9,9417.1,0.8463,mixed
1267,19,52,7342.2,9544.9,0.8115,mixed
1268,20,52,7090.1,9217.2,0.7744,mixed
1269,21,52,7100.6,9230.8,0.7373,mixed
1270,22,52,6804.1,8845.3,0.7021,mixed
1271,23,52,6560.9,8529.2,0.6701,mixed
1272,0,53,6379.9,8293.9,0.5743,mixed
1273,1,53,6583.0,8557.9,0.5854,mixed
1274,2,53,6693.6,8701.7,0.6001,mixed
1275,3,53,6520.0,8476.0,0.6189,mixed
1276,4,53,6434.6,8365.0,0.6423,mixed
1277,5,53,6770.2,8801.2,0.6701,mixed
1278,6,53,6896.1,8965.0,0.7021,mixed
1279,7,53,7159.7,9307.6,0.7373,mixed
1280,8,53,6872.7,8934.5,0.7744,mixed
1281,9,53,6983.9,9079.1,0.8115,mixed
1282,10,53,7395.2,9613.7,0.8463,mixed
1283,11,53,7232.4,9402.1,0.8765,mixed
1284,12,53,7292.6,9480.4,0.9,mixed
1285,13,53,7716.8,10031.9,0.9149,mixed
1286,14,53,7145.8,9289.5,0.92,mixed
1287,15,53,7895.8,10264.5,0.9149,mixed
1288,16,53,7256.5,9433.4,0.9,mixed
1289,17,53,7512.3,9765.9,0.8765,mixed
1290,18,53,7207.5,9369.8,0.8463,mixed
1291,19,53,7184.7,9340.1,0.8115,mixed
1292,20,53,6960.2,9048.3,0.7744,mixed
1293,21,53,7081.8,9206.3,0.7373,mixed
1294,22,53,6727.8,8746.1,0.7021,mixed
1295,23,53,6587.5,8563.7,0.6701,mixed
1296,0,54,6741.2,8763.5,0.567,mixed
1297,1,54,6422.3,8349.0,0.5748,mixed
1298,2,54,6316.8,8211.8,0.5851,mixed
1299,3,54,6197.0,8056.1,0.5982,mixed
1300,4,54,6901.9,8972.4,0.6146,mixed
1301,5,54,6485.4,8431.0,0.6341,mixed
1302,6,54,7073.8,9195.9,0.6565,mixed
1303,7,54,6816.3,8861.2,0.6811,mixed
1304,8,54,6842.8,8895.6,0.7071,mixed
1305,9,54,6926.5,9004.4,0.733,mixed
1306,10,54,7427.5,9655.7,0.7574,mixed
1307,11,54,6565.8,8535.5,0.7786,mixed
1308,12,54,7122.8,9259.7,0.795,mixed
1309,13,54,7052.0,9167.6,0.8054,mixed
1310,14,54,7073.8,9195.9,0.809,mixed
1311,15,54,7140.4,9282.6,0.8054,mixed
1312,16,54,7020.8,9127.0,0.795,mixed
1313,17,54,7067.7,9188.0,0.7786,mixed
1314,18,54,6959.6,9047.4,0.7574,mixed
1315,19,54,6619.8,8605.7,0.733,mixed
1316,20,54,6891.5,8959.0,0.7071,mixed
1317,21,54,6880.4,8944.6,0.6811,mixed
1318,22,54,6553.4,8519.4,0.6565,mixed
1319,23,54,6964.1,9053.3,0.6341,mixed
1320,0,55,6649.5,8644.4,0.567,mixed
1321,1,55,6579.1,8552.8,0.5748,mixed
1322,2,55,6608.4,8590.9,0.5851,mixed
1323,3,55,6492.9,8440.8,0.5982,mixed
1324,4,55,6759.9,8787.8,0.6146,mixed
1325,5,55,6905.3,8976.9,0.6341,mixed
1326,6,55,6823.2,8870.2,0.6565,mixed
1327,7,55,6620.5,8606.6,0.6811,mixed
1328,8,55,6805.5,8847.1,0.7071,mixed
1329,9,55,7010.0,9113.0,0.733,mixed
1330,10,55,7139.5,9281.4,0.7574,mixed
1331,11,55,7011.7,9115.2,0.7786,mixed
1332,12,55,6957.0,9044.1,0.795,mixed
1333,13,55,7446.4,9680.4,0.8054,mixed
1334,14,55,6890.3,8957.4,0.809,mixed
1335,15,55,6907.8,8980.2,0.8054,mixed
1336,16,55,6795.5,8834.2,0.795,mixed
1337,17,55,6829.1,8877.8,0.7786,mixed
1338,18,55,7225.1,9392.6,0.7574,mixed
1339,19,55,7156.2,9303.0,0.733,mixed
1340,20,55,6798.4,8838.0,0.7071,mixed
1341,21,55,6836.0,8886.8,0.6811,mixed
1342,22,55,6659.6,8657.5,0.6565,mixed
1343,23,55,6358.7,8266.4,0.6341,mixed
1344,0,56,6842.2,8894.8,0.5743,mixed
1345,1,56,6714.4,8728.7,0.5854,mixed
1346,2,56,6561.6,8530.0,0.6001,mixed
1347,3,56,6380.9,8295.2,0.6189,mixed
1348,4,56,6574.4,8546.7,0.6423,mixed
1349,5,56,6563.4,8532.5,0.6701,mixed
1350,6,56,6818.5,8864.1,0.7021,mixed
1351,7,56,6968.5,9059.1,0.7373,mixed
1352,8,56,6943.8,9026.9,0.7744,mixed
1353,9,56,6815.7,8860.5,0.8115,mixed
1354,10,56,7693.6,10001.7,0.8463,mixed
1355,11,56,7374.1,9586.3,0.8765,mixed
1356,12,56,7493.6,9741.7,0.9,mixed
1357,13,56,7342.8,9545.6,0.9149,mixed
1358,14,56,7103.1,9234.0,0.92,mixed
1359,15,56,7418.4,9643.9,0.9149,mixed
1360,16,56,7320.6,9516.8,0.9,mixed
1361,17,56,7477.7,9721.1,0.8765,mixed
1362,18,56,7427.7,9656.0,0.8463,mixed
1363,19,56,7290.3,9477.3,0.8115,mixed
1364,20,56,7223.6,9390.6,0.7744,mixed
1365,21,56,7277.9,9461.3,0.7373,mixed
1366,22,56,6878.2,8941.6,0.7021,mixed
1367,23,56,6923.7,9000.8,0.6701,mixed
1368,0,57,6510.3,8463.4,0.5743,mixed
1369,1,57,6080.9,7905.2,0.5854,mixed
1370,2,57,6462.4,8401.2,0.6001,mixed
1371,3,57,6378.6,8292.2,0.6189,mixed
1372,4,57,6665.0,8664.6,0.6423,mixed
1373,5,57,6543.6,8506.7,0.6701,mixed
1374,6,57,6922.2,8998.8,0.7021,mixed
1375,7,57,7107.5,9239.8,0.7373,mixed
1376,8,57,7268.9,9449.5,0.7744,mixed
1377,9,57,7472.9,9714.8,0.8115,mixed
1378,10,57,6867.5,8927.8,0.8463,mixed
1379,11,57,7058.5,9176.1,0.8765,mixed
1380,12,57,8041.6,10454.1,0.9,mixed
1381,13,57,7662.2,9960.9,0.9149,mixed
1382,14,57,7502.5,9753.2,0.92,mixed
1383,15,57,7444.1,9677.4,0.9149,mixed
1384,16,57,7379.7,9593.6,0.9,mixed
1385,17,57,6897.1,8966.3,0.8765,mixed
1386,18,57,7063.6,9182.7,0.8463,mixed
1387,19,57,7102.8,9233.6,0.8115,mixed
1388,20,57,6864.9,8924.4,0.7744,mixed
1389,21,57,6783.1,8818.1,0.7373,mixed
1390,22,57,7320.5,9516.7,0.7021,mixed
1391,23,57,6652.1,8647.7,0.6701,mixed
1392,0,58,6468.8,8409.4,0.5743,mixed
1393,1,58,6495.4,8444.0,0.5854,mixed
1394,2,58,6607.3,8589.5,0.6001,mixed
1395,3,58,6455.3,8391.9,0.6189,mixed
1396,4,58,6866.7,8926.7,0.6423,mixed
1397,5,58,6791.9,8829.4,0.6701,mixed
1398,6,58,6536.1,8496.9,0.7021,mixed
1399,7,58,6882.1,8946.7,0.7373,mixed
1400,8,58,6979.3,9073.1,0.7744,mixed
1401,9,58,7080.0,9204.1,0.8115,mixed
1402,10,58,7341.6,9544.1,0.8463,mixed
1403,11,58,7461.3,9699.7,0.8765,mixed
1404,12,58,7506.9,9759.0,0.9,mixed
1405,13,58,7512.6,9766.4,0.9149,mixed
1406,14,58,7471.5,9712.9,0.92,mixed
1407,15,58,6957.0,9044.2,0.9149,mixed
1408,16,58,7564.8,9834.3,0.9,mixed
1409,17,58,7429.1,9657.9,0.8765,mixed
1410,18,58,7017.5,9122.7,0.8463,mixed
1411,19,58,7186.7,9342.7,0.8115,mixed
1412,20,58,7151.9,9297.5,0.7744,mixed
1413,21,58,7146.9,9291.0,0.7373,mixed
1414,22,58,6902.7,8973.5,0.7021,mixed
1415,23,58,6767.3,8797.5,0.6701,mixed
1416,0,59,6597.5,8576.7,0.5743,mixed
1417,1,59,6389.2,8305.9,0.5854,mixed
1418,2,59,6572.8,8544.6,0.6001,mixed
1419,3,59,6427.0,8355.1,0.6189,mixed
1420,4,59,6839.6,8891.4,0.6423,mixed
1421,5,59,6379.0,8292.7,0.6701,mixed
1422,6,59,6965.2,9054.8,0.7021,mixed
1423,7,59,6908.0,8980.4,0.7373,mixed
1424,8,59,7218.7,9384.4,0.7744,mixed
1425,9,59,6959.8,9047.7,0.8115,mixed
1426,10,59,7250.6,9425.8,0.8463,mixed
1427,11,59,7335.2,9535.8,0.8765,mixed
1428,12,59,7488.5,9735.1,0.9,mixed
1429,13,59,7203.3,9364.3,0.9149,mixed
1430,14,59,7594.5,9872.9,0.92,mixed
1431,15,59,7025.2,9132.7,0.9149,mixed
1432,16,59,7244.2,9417.5,0.9,mixed
1433,17,59,6978.6,9072.2,0.8765,mixed
1434,18,59,7410.8,9634.0,0.8463,mixed
1435,19,59,7212.2,9375.9,0.8115,mixed
1436,20,59,7111.5,9245.0,0.7744,mixed
1437,21,59,7209.5,9372.3,0.7373,mixed
1438,22,59,6734.2,8754.5,0.7021,mixed
1439,23,59,6825.2,8872.8,0.6701,mixed
1440,0,60,6428.0,8356.4,0.5743,mixed
1441,1,60,6431.8,8361.3,0.5854,mixed
1442,2,60,6747.0,8771.1,0.6001,mixed
1443,3,60,6958.1,9045.5,0.6189,mixed
1444,4,60,6533.4,8493.4,0.6423,mixed
1445,5,60,6870.3,8931.4,0.6701,mixed
1446,6,60,6863.7,8922.8,0.7021,mixed
1447,7,60,6972.9,9064.8,0.7373,mixed
1448,8,60,7067.6,9187.9,0.7744,mixed
1449,9,60,7055.5,9172.1,0.8115,mixed
1450,10,60,6453.4,8389.4,0.8463,mixed
1451,11,60,7659.0,9956.7,0.8765,mixed
1452,12,60,7238.3,9409.7,0.9,mixed
1453,13,60,7383.1,9598.0,0.9149,mixed
1454,14,60,7403.1,9624.0,0.92,mixed
1455,15,60,7262.1,9440.8,0.9149,mixed
1456,16,60,7445.6,9679.3,0.9,mixed
1457,17,60,7312.1,9505.8,0.8765,mixed
1458,18,60,7075.7,9198.4,0.8463,mixed
1459,19,60,7158.6,9306.2,0.8115,mixed
1460,20,60,7008.6,9111.2,0.7744,mixed
1461,21,60,7096.5,9225.5,0.7373,mixed
1462,22,60,6525.3,8482.8,0.7021,mixed
1463,23,60,6540.7,8502.9,0.6701,mixed
1464,0,61,6532.5,8492.2,0.567,mixed
1465,1,61,6293.5,8181.5,0.5748,mixed
1466,2,61,6272.7,8154.5,0.5851,mixed
1467,3,61,6372.2,8283.8,0.5982,mixed
1468,4,61,6516.3,8471.1,0.6146,mixed
1469,5,61,6575.3,8547.9,0.6341,mixed
1470,6,61,6619.8,8605.7,0.6565,mixed
1471,7,61,6527.9,8486.3,0.6811,mixed
1472,8,61,6971.6,9063.1,0.7071,mixed
1473,9,61,7165.6,9315.2,0.733,mixed
1474,10,61,6565.3,8534.9,0.7574,mixed
1475,11,61,6700.5,8710.6,0.7786,mixed
1476,12,61,7290.2,9477.3,0.795,mixed
1477,13,61,7443.4,9676.4,0.8054,mixed
1478,14,61,6664.6,8663.9,0.809,mixed
1479,15,61,7282.5,9467.2,0.8054,mixed
1480,16,61,7425.1,9652.6,0.795,mixed
1481,17,61,6846.2,8900.0,0.7786,mixed
1482,18,61,7294.5,9482.9,0.7574,mixed
1483,19,61,6854.6,8910.9,0.733,mixed
1484,20,61,6877.9,8941.3,0.7071,mixed
1485,21,61,6590.4,8567.5,0.6811,mixed
1486,22,61,6861.8,8920.3,0.6565,mixed
1487,23,61,6759.6,8787.5,0.6341,mixed
1488,0,62,6724.2,8741.4,0.567,mixed
1489,1,62,6693.9,8702.1,0.5748,mixed
1490,2,62,6445.7,8379.4,0.5851,mixed
1491,3,62,7092.0,9219.6,0.5982,mixed
1492,4,62,6800.9,8841.2,0.6146,mixed
1493,5,62,6701.5,8711.9,0.6341,mixed
1494,6,62,6462.5,8401.2,0.6565,mixed
1495,7,62,6426.6,8354.5,0.6811,mixed
1496,8,62,6518.2,8473.7,0.7071,mixed
1497,9,62,6698.3,8707.9,0.733,mixed
1498,10,62,7252.2,9427.9,0.7574,mixed
1499,11,62,7130.7,9269.9,0.7786,mixed
1500,12,62,6947.1,9031.2,0.795,mixed
1501,13,62,7079.6,9203.5,0.8054,mixed
1502,14,62,7064.3,9183.5,0.809,mixed
1503,15,62,7279.2,9463.0,0.8054,mixed
1504,16,62,6890.7,8958.0,0.795,mixed
1505,17,62,7101.7,9232.3,0.7786,mixed
1506,18,62,7027.2,9135.3,0.7574,mixed
1507,19,62,6715.9,8730.6,0.733,mixed
1508,20,62,7138.2,9279.6,0.7071,mixed
1509,21,62,6676.0,8678.8,0.6811,mixed
1510,22,62,6463.3,8402.3,0.6565,mixed
1511,23,62,6763.3,8792.3,0.6341,mixed
1512,0,63,6425.8,8353.5,0.5743,mixed
1513,1,63,6527.5,8485.7,0.5854,mixed
1514,2,63,6261.8,8140.3,0.6001,mixed
1515,3,63,6708.7,8721.3,0.6189,mixed
1516,4,63,7050.5,9165.6,0.6423,mixed
1517,5,63,6448.7,8383.4,0.6701,mixed
1518,6,63,6870.9,8932.2,0.7021,mixed
1519,7,63,6741.7,8764.2,0.7373,mixed
1520,8,63,7581.6,9856.1,0.7744,mixed
1521,9,63,7391.7,9609.2,0.8115,mixed
1522,10,63,7292.3,9480.0,0.8463,mixed
1523,11,63,7052.2,9167.8,0.8765,mixed
1524,12,63,7173.6,9325.7,0.9,mixed
1525,13,63,7603.5,9884.5,0.9149,mixed
1526,14,63,7147.7,9292.0,0.92,mixed
1527,15,63,7140.0,9282.0,0.9149,mixed
1528,16,63,7394.3,9612.6,0.9,mixed
1529,17,63,7351.2,9556.5,0.8765,mixed
1530,18,63,7313.6,9507.6,0.8463,mixed
1531,19,63,7032.7,9142.5,0.8115,mixed
1532,20,63,7209.2,9372.0,0.7744,mixed
1533,21,63,6725.8,8743.6,0.7373,mixed
1534,22,63,6926.5,9004.4,0.7021,mixed
1535,23,63,6745.7,8769.4,0.6701,mixed
1536,0,64,6530.9,8490.1,0.5743,mixed
1537,1,64,6677.1,8680.3,0.5854,mixed
1538,2,64,6403.8,8325.0,0.6001,mixed
1539,3,64,6419.2,8344.9,0.6189,mixed
1540,4,64,6283.8,8169.0,0.6423,mixed
1541,5,64,6296.7,8185.7,0.6701,mixed
1542,6,64,6762.8,8791.6,0.7021,mixed
1543,7,64,6882.1,8946.7,0.7373,mixed
1544,8,64,6787.0,8823.1,0.7744,mixed
1545,9,64,6940.4,9022.6,0.8115,mixed
1546,10,64,7561.6,9830.1,0.8463,mixed
1547,11,64,7514.3,9768.5,0.8765,mixed
1548,12,64,7112.5,9246.3,0.9,mixed
1549,13,64,7338.3,9539.8,0.9149,mixed
1550,14,64,7543.1,9806.0,0.92,mixed
1551,15,64,7297.2,9486.4,0.9149,mixed
1552,16,64,7213.0,9376.9,0.9,mixed
1553,17,64,7247.6,9421.9,0.8765,mixed
1554,18,64,7467.7,9708.0,0.8463,mixed
1555,19,64,7379.3,9593.1,0.8115,mixed
1556,20,64,6860.8,8919.0,0.7744,mixed
1557,21,64,6999.7,9099.7,0.7373,mixed
1558,22,64,6797.3,8836.5,0.7021,mixed
1559,23,64,6499.9,8449.9,0.6701,mixed
1560,0,65,6358.1,8265.5,0.5743,mixed
1561,1,65,6203.9,8065.1,0.5854,mixed
1562,2,65,6719.1,8734.8,0.6001,mixed
1563,3,65,6854.1,8910.3,0.6189,mixed
1564,4,65,6537.6,8498.8,0.6423,mixed
1565,5,65,6572.2,8543.8,0.6701,mixed
1566,6,65,7013.7,9117.9,0.7021,mixed
1567,7,65,7156.2,9303.1,0.7373,mixed
1568,8,65,6781.0,8815.3,0.7744,mixed
1569,9,65,7095.0,9223.5,0.8115,mixed
1570,10,65,7218.3,9383.8,0.8463,mixed
1571,11,65,7152.6,9298.3,0.8765,mixed
1572,12,65,7477.9,9721.3,0.9,mixed
1573,13,65,7280.8,9465.1,0.9149,mixed
1574,14,65,7331.5,9531.0,0.92,mixed
1575,15,65,7414.4,9638.7,0.9149,mixed
1576,16,65,7062.1,9180.7,0.9,mixed
1577,17,65,6870.2,8931.2,0.8765,mixed
1578,18,65,7430.3,9659.4,0.8463,mixed
1579,19,65,6968.4,9058.9,0.8115,mixed
1580,20,65,7464.9,9704.3,0.7744,mixed
1581,21,65,7312.8,9506.6,0.7373,mixed
1582,22,65,6695.3,8703.9,0.7021,mixed
1583,23,65,7173.0,9324.9,0.6701,mixed
1584,0,66,6595.7,8574.4,0.5743,mixed
1585,1,66,6323.6,8220.7,0.5854,mixed
1586,2,66,5989.6,7786.5,0.6001,mixed
1587,3,66,6684.3,8689.6,0.6189,mixed
1588,4,66,6625.3,8612.9,0.6423,mixed
1589,5,66,6789.4,8826.2,0.6701,mixed
1590,6,66,6752.0,8777.6,0.7021,mixed
1591,7,66,6667.4,8667.6,0.7373,mixed
1592,8,66,6925.7,9003.4,0.7744,mixed
1593,9,66,7277.8,9461.1,0.8115,mixed
1594,10,66,7154.3,9300.5,0.8463,mixed
1595,11,66,7242.7,9415.5,0.8765,mixed
1596,12,66,7055.4,9172.0,0.9,mixed
1597,13,66,7457.3,9694.5,0.9149,mixed
1598,14,66,7203.7,9364.8,0.92,mixed
1599,15,66,7641.9,9934.5,0.9149,mixed
1600,16,66,7229.5,9398.4,0.9,mixed
1601,17,66,7256.9,9434.0,0.8765,mixed
1602,18,66,7700.6,10010.7,0.8463,mixed
1603,19,66,7061.1,9179.5,0.8115,mixed
1604,20,66,6922.8,8999.7,0.7744,mixed
1605,21,66,7025.6,9133.3,0.7373,mixed
1606,22,66,6434.5,8364.9,0.7021,mixed
1607,23,66,6954.2,9040.4,0.6701,mixed
1608,0,67,6606.6,8588.5,0.5743,mixed
1609,1,67,6549.9,8514.9,0.5854,mixed
1610,2,67,5834.8,7585.2,0.6001,mixed
1611,3,67,6498.1,8447.5,0.6189,mixed
1612,4,67,6366.3,8276.2,0.6423,mixed
1613,5,67,6928.7,9007.3,0.6701,mixed
1614,6,67,7013.3,9117.3,0.7021,mixed
1615,7,67,6984.7,9080.1,0.7373,mixed
1616,8,67,6762.3,8791.0,0.7744,mixed
1617,9,67,7446.2,9680.0,0.8115,mixed
1618,10,67,7174.2,9326.5,0.8463,mixed
1619,11,67,7718.4,10034.0,0.8765,mixed
1620,12,67,7451.2,9686.5,0.9,mixed
1621,13,67,7550.1,9815.1,0.9149,mixed
1622,14,67,7349.4,9554.2,0.92,mixed
1623,15,67,7750.9,10076.2,0.9149,mixed
1624,16,67,7527.3,9785.4,0.9,mixed
1625,17,67,7638.8,9930.5,0.8765,mixed
1626,18,67,7269.6,9450.5,0.8463,mixed
1627,19,67,7116.6,9251.6,0.8115,mixed
1628,20,67,7140.8,9283.1,0.7744,mixed
1629,21,67,7203.1,9364.1,0.7373,mixed
1630,22,67,7006.0,9107.8,0.7021,mixed
1631,23,67,6730.5,8749.6,0.6701,mixed
1632,0,68,6037.2,7848.3,0.567,mixed
1633,1,68,6572.6,8544.4,0.5748,mixed
1634,2,68,6169.2,8019.9,0.5851,mixed
1635,3,68,6493.9,8442.0,0.5982,mixed
1636,4,68,6513.4,8467.4,0.6146,mixed
1637,5,68,6314.1,8208.3,0.6341,mixed
1638,6,68,6736.2,8757.0,0.6565,mixed
1639,7,68,7171.1,9322.4,0.6811,mixed
1640,8,68,6749.7,8774.6,0.7071,mixed
1641,9,68,7049.7,9164.6,0.733,mixed
1642,10,68,7456.7,9693.7,0.7574,mixed
1643,11,68,7209.9,9372.8,0.7786,mixed
1644,12,68,6940.4,9022.5,0.795,mixed
1645,13,68,7159.1,9306.9,0.8054,mixed
1646,14,68,7222.0,9388.6,0.809,mixed
1647,15,68,7414.4,9638.7,0.8054,mixed
1648,16,68,7335.1,9535.6,0.795,mixed
1649,17,68,6444.0,8377.2,0.7786,mixed
1650,18,68,6785.6,8821.3,0.7574,mixed
1651,19,68,6876.9,8940.0,0.733,mixed
1652,20,68,6606.0,8587.9,0.7071,mixed
1653,21,68,5988.0,7784.5,0.6811,mixed
1654,22,68,6516.7,8471.7,0.6565,mixed
1655,23,68,6593.8,8572.0,0.6341,mixed
1656,0,69,6292.6,8180.4,0.567,mixed
1657,1,69,6224.7,8092.1,0.5748,mixed
1658,2,69,6455.5,8392.1,0.5851,mixed
1659,3,69,6553.8,8520.0,0.5982,mixed
1660,4,69,6444.2,8377.4,0.6146,mixed
1661,5,69,6865.9,8925.7,0.6341,mixed
1662,6,69,6673.3,8675.3,0.6565,mixed
1663,7,69,6559.6,8527.5,0.6811,mixed
1664,8,69,6583.7,8558.8,0.7071,mixed
1665,9,69,6847.3,8901.5,0.733,mixed
1666,10,69,7197.1,9356.2,0.7574,mixed
1667,11,69,6854.3,8910.6,0.7786,mixed
1668,12,69,7203.8,9365.0,0.795,mixed
1669,13,69,7128.8,9267.4,0.8054,mixed
1670,14,69,7545.0,9808.5,0.809,mixed
1671,15,69,7191.8,9349.4,0.8054,mixed
1672,16,69,6929.1,9007.8,0.795,mixed
1673,17,69,7183.3,9338.2,0.7786,mixed
1674,18,69,7125.4,9263.0,0.7574,mixed
1675,19,69,6809.3,8852.1,0.733,mixed
1676,20,69,6575.7,8548.3,0.7071,mixed
1677,21,69,6844.0,8897.3,0.6811,mixed
1678,22,69,6674.4,8676.8,0.6565,mixed
1679,23,69,6294.5,8182.9,0.6341,mixed
1680,0,70,6464.3,8403.5,0.5743,mixed
1681,1,70,6325.2,8222.8,0.5854,mixed
1682,2,70,6197.3,8056.5,0.6001,mixed
1683,3,70,6479.9,8423.9,0.6189,mixed
1684,4,70,6873.8,8936.0,0.6423,mixed
1685,5,70,6945.6,9029.3,0.6701,mixed
1686,6,70,6991.7,9089.3,0.7021,mixed
1687,7,70,6960.1,9048.1,0.7373,mixed
1688,8,70,7141.0,9283.2,0.7744,mixed
1689,9,70,7147.8,9292.1,0.8115,mixed
1690,10,70,6991.4,9088.8,0.8463,mixed
1691,11,70,7123.0,9259.9,0.8765,mixed
1692,12,70,7257.7,9435.0,0.9,mixed
1693,13,70,7749.7,10074.6,0.9149,mixed
1694,14,70,7693.0,10000.9,0.92,mixed
1695,15,70,7196.1,9354.9,0.9149,mixed
1696,16,70,7404.2,9625.4,0.9,mixed
1697,17,70,7233.4,9403.5,0.8765,mixed
1698,18,70,7197.5,9356.7,0.8463,mixed
1699,19,70,7012.1,9115.7,0.8115,mixed
1700,20,70,7311.4,9504.8,0.7744,mixed
1701,21,70,6900.4,8970.6,0.7373,mixed
1702,22,70,6842.7,8895.5,0.7021,mixed
1703,23,70,6747.8,8772.1,0.6701,mixed
1704,0,71,6217.5,8082.7,0.5743,mixed
1705,1,71,6469.5,8410.3,0.5854,mixed
1706,2,71,6699.4,8709.3,0.6001,mixed
1707,3,71,6838.4,8889.9,0.6189,mixed
1708,4,71,6391.2,8308.5,0.6423,mixed
1709,5,71,6397.3,8316.5,0.6701,mixed
1710,6,71,6811.3,8854.7,0.7021,mixed
1711,7,71,7134.1,9274.3,0.7373,mixed
1712,8,71,7091.2,9218.6,0.7744,mixed
1713,9,71,7272.1,9453.8,0.8115,mixed
1714,10,71,6936.0,9016.9,0.8463,mixed
1715,11,71,7196.2,9355.1,0.8765,mixed
1716,12,71,6905.3,8976.9,0.9,mixed
1717,13,71,7405.2,9626.8,0.9149,mixed
1718,14,71,6968.5,9059.0,0.92,mixed
1719,15,71,7734.3,10054.6,0.9149,mixed
1720,16,71,7737.1,10058.3,0.9,mixed
1721,17,71,7352.8,9558.6,0.8765,mixed
1722,18,71,6903.0,8973.9,0.8463,mixed
1723,19,71,7207.0,9369.1,0.8115,mixed
1724,20,71,7406.8,9628.9,0.7744,mixed
1725,21,71,7002.9,9103.7,0.7373,mixed
1726,22,71,7040.3,9152.4,0.7021,mixed
1727,23,71,6605.1,8586.6,0.6701,mixed
1728,0,72,6247.6,8121.9,0.5743,mixed
1729,1,72,6434.8,8365.2,0.5854,mixed
1730,2,72,6117.3,7952.4,0.6001,mixed
1731,3,72,6993.9,9092.1,0.6189,mixed
1732,4,72,6646.8,8640.9,0.6423,mixed
1733,5,72,6877.0,8940.1,0.6701,mixed
1734,6,72,6704.5,8715.9,0.7021,mixed
1735,7,72,6584.7,8560.1,0.7373,mixed
1736,8,72,7315.6,9510.3,0.7744,mixed
1737,9,72,6886.4,8952.3,0.8115,mixed
1738,10,72,7306.8,9498.8,0.8463,mixed
1739,11,72,7419.2,9645.0,0.8765,mixed
1740,12,72,7408.7,9631.3,0.9,mixed
1741,13,72,7261.9,9440.5,0.9149,mixed
1742,14,72,7418.9,9644.5,0.92,mixed
1743,15,72,7225.0,9392.5,0.9149,mixed
1744,16,72,7571.8,9843.3,0.9,mixed
1745,17,72,7447.4,9681.7,0.8765,mixed
1746,18,72,7226.5,9394.4,0.8463,mixed
1747,19,72,7005.2,9106.7,0.8115,mixed
1748,20,72,7459.1,9696.8,0.7744,mixed
1749,21,72,6634.6,8625.0,0.7373,mixed
1750,22,72,6483.6,8428.7,0.7021,mixed
1751,23,72,6686.2,8692.0,0.6701,mixed
1752,0,73,6365.6,8275.3,0.5743,mixed
1753,1,73,6660.8,8659.0,0.5854,mixed
1754,2,73,6618.4,8603.9,0.6001,mixed
1755,3,73,6554.9,8521.3,0.6189,mixed
1756,4,73,6718.4,8734.0,0.6423,mixed
1757,5,73,6799.6,8839.5,0.6701,mixed
1758,6,73,7227.7,9396.0,0.7021,mixed
1759,7,73,6956.8,9043.9,0.7373,mixed
1760,8,73,6872.2,8933.9,0.7744,mixed
1761,9,73,7169.1,9319.9,0.8115,mixed
1762,10,73,6663.0,8662.0,0.8463,mixed
1763,11,73,7314.7,9509.1,0.8765,mixed
1764,12,73,7634.7,9925.1,0.9,mixed
1765,13,73,7571.4,9842.8,0.9149,mixed
1766,14,73,7519.1,9774.8,0.92,mixed
1767,15,73,7581.8,9856.4,0.9149,mixed
1768,16,73,7637.0,9928.1,0.9,mixed
1769,17,73,7634.9,9925.4,0.8765,mixed
1770,18,73,7328.2,9526.7,0.8463,mixed
1771,19,73,7059.1,9176.8,0.8115,mixed
1772,20,73,6528.6,8487.2,0.7744,mixed
1773,21,73,7106.9,9239.0,0.7373,mixed
1774,22,73,6903.7,8974.8,0.7021,mixed
1775,23,73,6733.4,8753.4,0.6701,mixed
1776,0,74,6282.8,8167.7,0.5743,mixed
1777,1,74,6635.2,8625.7,0.5854,mixed
1778,2,74,6442.4,8375.2,0.6001,mixed
1779,3,74,6542.3,8505.0,0.6189,mixed
1780,4,74,6608.0,8590.4,0.6423,mixed
1781,5,74,6793.1,8831.1,0.6701,mixed
1782,6,74,6564.4,8533.7,0.7021,mixed
1783,7,74,7020.9,9127.1,0.7373,mixed
1784,8,74,6863.8,8923.0,0.7744,mixed
1785,9,74,6980.1,9074.1,0.8115,mixed
1786,10,74,7423.2,9650.1,0.8463,mixed
1787,11,74,7103.3,9234.3,0.8765,mixed
1788,12,74,7588.2,9864.7,0.9,mixed
1789,13,74,7459.6,9697.5,0.9149,mixed
1790,14,74,7083.8,9208.9,0.92,mixed
1791,15,74,7741.4,10063.9,0.9149,mixed
1792,16,74,7461.1,9699.5,0.9,mixed
1793,17,74,7408.5,9631.0,0.8765,mixed
1794,18,74,7449.6,9684.5,0.8463,mixed
1795,19,74,7447.2,9681.4,0.8115,mixed
1796,20,74,7057.9,9175.2,0.7744,mixed
1797,21,74,7032.2,9141.9,0.7373,mixed
1798,22,74,6874.3,8936.7,0.7021,mixed
1799,23,74,6633.7,8623.8,0.6701,mixed
1800,0,75,6089.7,7916.6,0.567,mixed
1801,1,75,6458.0,8395.4,0.5748,mixed
1802,2,75,6714.2,8728.4,0.5851,mixed
1803,3,75,6600.6,8580.7,0.5982,mixed
1804,4,75,6326.8,8224.8,0.6146,mixed
1805,5,75,6811.7,8855.2,0.6341,mixed
1806,6,75,6599.9,8579.9,0.6565,mixed
1807,7,75,6313.0,8206.9,0.6811,mixed
1808,8,75,7021.6,9128.1,0.7071,mixed
1809,9,75,6695.9,8704.7,0.733,mixed
1810,10,75,7336.5,9537.5,0.7574,mixed
1811,11,75,7270.0,9451.0,0.7786,mixed
1812,12,75,7029.0,9137.6,0.795,mixed
1813,13,75,7206.6,9368.5,0.8054,mixed
1814,14,75,7637.0,9928.1,0.809,mixed
1815,15,75,7321.8,9518.4,0.8054,mixed
1816,16,75,7127.9,9266.3,0.795,mixed
1817,17,75,7637.2,9928.3,0.7786,mixed
1818,18,75,6989.0,9085.8,0.7574,mixed
1819,19,75,7011.7,9115.2,0.733,mixed
1820,20,75,6622.2,8608.9,0.7071,mixed
1821,21,75,6397.3,8316.5,0.6811,mixed
1822,22,75,6604.2,8585.5,0.6565,mixed
1823,23,75,6602.2,8582.8,0.6341,mixed
1824,0,76,6456.5,8393.5,0.567,mixed
1825,1,76,6143.3,7986.3,0.5748,mixed
1826,2,76,6575.3,8547.8,0.5851,mixed
1827,3,76,6325.4,8223.1,0.5982,mixed
1828,4,76,6655.4,8652.0,0.6146,mixed
1829,5,76,6779.5,8813.4,0.6341,mixed
1830,6,76,6582.7,8557.5,0.6565,mixed
1831,7,76,6541.0,8503.3,0.6811,mixed
1832,8,76,7129.1,9267.9,0.7071,mixed
1833,9,76,7071.8,9193.4,0.733,mixed
1834,10,76,6996.2,9095.1,0.7574,mixed
1835,11,76,7337.6,9538.9,0.7786,mixed
1836,12,76,7095.0,9223.5,0.795,mixed
1837,13,76,6976.3,9069.1,0.8054,mixed
1838,14,76,6905.4,8977.0,0.809,mixed
1839,15,76,7085.6,9211.3,0.8054,mixed
1840,16,76,7241.2,9413.5,0.795,mixed
1841,17,76,7321.0,9517.3,0.7786,mixed
1842,18,76,6969.4,9060.2,0.7574,mixed
1843,19,76,7142.2,9284.8,0.733,mixed
1844,20,76,6769.8,8800.7,0.7071,mixed
1845,21,76,6577.8,8551.1,0.6811,mixed
1846,22,76,6400.7,8320.9,0.6565,mixed
1847,23,76,6494.4,8442.7,0.6341,mixed
1848,0,77,6171.1,8022.4,0.5743,mixed
1849,1,77,6837.2,8888.4,0.5854,mixed
1850,2,77,6578.1,8551.5,0.6001,mixed
1851,3,77,6530.3,8489.4,0.6189,mixed
1852,4,77,6961.0,9049.3,0.6423,mixed
1853,5,77,6440.8,8373.1,0.6701,mixed
1854,6,77,6770.7,8801.9,0.7021,mixed
1855,7,77,7318.5,9514.1,0.7373,mixed
1856,8,77,6985.2,9080.8,0.7744,mixed
1857,9,77,7649.8,9944.8,0.8115,mixed
1858,10,77,7401.6,9622.0,0.8463,mixed
1859,11,77,7608.7,9891.4,0.8765,mixed
1860,12,77,7688.4,9994.9,0.9,mixed
1861,13,77,7437.4,9668.6,0.9149,mixed
1862,14,77,7343.2,9546.1,0.92,mixed
1863,15,77,7411.2,9634.6,0.9149,mixed
1864,16,77,7173.5,9325.5,0.9,mixed
1865,17,77,7307.4,9499.6,0.8765,mixed
1866,18,77,7230.2,9399.2,0.8463,mixed
1867,19,77,7487.8,9734.2,0.8115,mixed
1868,20,77,7140.4,9282.5,0.7744,mixed
1869,21,77,7393.7,9611.8,0.7373,mixed
1870,22,77,6358.2,8265.6,0.7021,mixed
1871,23,77,6457.9,8395.3,0.6701,mixed
1872,0,78,6346.9,8250.9,0.5743,mixed
1873,1,78,6737.2,8758.3,0.5854,mixed
1874,2,78,6471.2,8412.5,0.6001,mixed
1875,3,78,6260.7,8138.9,0.6189,mixed
1876,4,78,6570.4,8541.5,0.6423,mixed
1877,5,78,6461.9,8400.4,0.6701,mixed
1878,6,78,6514.4,8468.7,0.7021,mixed
1879,7,78,7318.4,9513.9,0.7373,mixed
1880,8,78,6941.6,9024.0,0.7744,mixed
1881,9,78,7163.7,9312.8,0.8115,mixed
1882,10,78,7211.0,9374.2,0.8463,mixed
1883,11,78,7266.6,9446.6,0.8765,mixed
1884,12,78,7205.9,9367.7,0.9,mixed
1885,13,78,7367.7,9578.0,0.9149,mixed
1886,14,78,7527.7,9786.0,0.92,mixed
1887,15,78,7753.5,10079.6,0.9149,mixed
1888,16,78,7602.4,9883.2,0.9,mixed
1889,17,78,7054.1,9170.3,0.8765,mixed
1890,18,78,7445.6,9679.2,0.8463,mixed
1891,19,78,7228.3,9396.8,0.8115,mixed
1892,20,78,6884.1,8949.3,0.7744,mixed
1893,21,78,6942.1,9024.7,0.7373,mixed
1894,22,78,6915.4,8990.0,0.7021,mixed
1895,23,78,6712.1,8725.8,0.6701,mixed
1896,0,79,6507.7,8460.0,0.5743,mixed
1897,1,79,6281.5,8166.0,0.5854,mixed
1898,2,79,6880.7,8944.9,0.6001,mixed
1899,3,79,6170.0,8021.0,0.6189,mixed
1900,4,79,6733.8,8754.0,0.6423,mixed
1901,5,79,6776.4,8809.3,0.6701,mixed
1902,6,79,6929.8,9008.7,0.7021,mixed
1903,7,79,6757.6,8784.9,0.7373,mixed
1904,8,79,7261.6,9440.1,0.7744,mixed
1905,9,79,7103.6,9234.7,0.8115,mixed
1906,10,79,6973.8,9065.9,0.8463,mixed
1907,11,79,7081.4,9205.8,0.8765,mixed
1908,12,79,7420.0,9646.0,0.9,mixed
1909,13,79,7080.8,9205.0,0.9149,mixed
1910,14,79,7854.8,10211.3,0.92,mixed
1911,15,79,7671.0,9972.3,0.9149,mixed
1912,16,79,7797.5,10136.7,0.9,mixed
1913,17,79,7700.0,10010.0,0.8765,mixed
1914,18,79,7154.8,9301.2,0.8463,mixed
1915,19,79,6940.8,9023.1,0.8115,mixed
1916,20,79,6452.0,8387.6,0.7744,mixed
1917,21,79,6820.2,8866.3,0.7373,mixed
1918,22,79,7158.8,9306.4,0.7021,mixed
1919,23,79,6536.2,8497.1,0.6701,mixed
1920,0,80,6374.9,8287.3,0.5743,mixed
1921,1,80,6341.2,8243.5,0.5854,mixed
1922,2,80,6565.6,8535.2,0.6001,mixed
1923,3,80,6801.7,8842.3,0.6189,mixed
1924,4,80,6313.4,8207.5,0.6423,mixed
1925,5,80,6431.7,8361.2,0.6701,mixed
1926,6,80,7101.9,9232.4,0.7021,mixed
1927,7,80,7056.2,9173.0,0.7373,mixed
1928,8,80,6961.0,9049.3,0.7744,mixed
1929,9,80,7491.7,9739.2,0.8115,mixed
1930,10,80,6935.0,9015.5,0.8463,mixed
1931,11,80,7526.4,9784.4,0.8765,mixed
1932,12,80,7377.2,9590.3,0.9,mixed
1933,13,80,7572.3,9844.0,0.9149,mixed
1934,14,80,6918.6,8994.2,0.92,mixed
1935,15,80,7378.8,9592.5,0.9149,mixed
1936,16,80,7555.7,9822.4,0.9,mixed
1937,17,80,7308.0,9500.4,0.8765,mixed
1938,18,80,7503.4,9754.5,0.8463,mixed
1939,19,80,7387.9,9604.3,0.8115,mixed
1940,20,80,6813.8,8858.0,0.7744,mixed
1941,21,80,7075.0,9197.5,0.7373,mixed
1942,22,80,6596.2,8575.0,0.7021,mixed
1943,23,80,6713.5,8727.6,0.6701,mixed
1944,0,81,6541.5,8504.0,0.5743,mixed
1945,1,81,6286.9,8172.9,0.5854,mixed
1946,2,81,6645.8,8639.5,0.6001,mixed
1947,3,81,6449.8,8384.7,0.6189,mixed
1948,4,81,6503.8,8454.9,0.6423,mixed
1949,5,81,6844.8,8898.2,0.6701,mixed
1950,6,81,6628.1,8616.6,0.7021,mixed
1951,7,81,6720.6,8736.8,0.7373,mixed
1952,8,81,7234.7,9405.1,0.7744,mixed
1953,9,81,7149.9,9294.9,0.8115,mixed
1954,10,81,6915.7,8990.4,0.8463,mixed
1955,11,81,7509.8,9762.8,0.8765,mixed
1956,12,81,7302.2,9492.8,0.9,mixed
1957,13,81,7124.0,9261.2,0.9149,mixed
1958,14,81,6891.7,8959.3,0.92,mixed
1959,15,81,7638.6,9930.1,0.9149,mixed
1960,16,81,7201.6,9362.1,0.9,mixed
1961,17,81,7048.7,9163.3,0.8765,mixed
1962,18,81,7369.8,9580.8,0.8463,mixed
1963,19,81,7299.0,9488.7,0.8115,mixed
1964,20,81,6849.9,8904.9,0.7744,mixed
1965,21,81,7093.4,9221.4,0.7373,mixed
1966,22,81,7217.8,9383.1,0.7021,mixed
1967,23,81,6973.5,9065.5,0.6701,mixed
1968,0,82,6621.8,8608.4,0.567,mixed
1969,1,82,6477.1,8420.2,0.5748,mixed
1970,2,82,6361.6,8270.1,0.5851,mixed
1971,3,82,6476.2,8419.0,0.5982,mixed
1972,4,82,6622.5,8609.2,0.6146,mixed
1973,5,82,6345.8,8249.5,0.6341,mixed
1974,6,82,6508.0,8460.4,0.6565,mixed
1975,7,82,6447.2,8381.4,0.6811,mixed
1976,8,82,6861.7,8920.2,0.7071,mixed
1977,9,82,6908.5,8981.1,0.733,mixed
1978,10,82,6828.1,8876.5,0.7574,mixed
1979,11,82,7201.0,9361.3,0.7786,mixed
1980,12,82,6855.5,8912.2,0.795,mixed
1981,13,82,6961.5,9049.9,0.8054,mixed
1982,14,82,7286.0,9471.8,0.809,mixed
1983,15,82,7306.7,9498.7,0.8054,mixed
1984,16,82,6908.4,8980.9,0.795,mixed
1985,17,82,7076.9,9200.0,0.7786,mixed
1986,18,82,6801.8,8842.3,0.7574,mixed
1987,19,82,6850.6,8905.7,0.733,mixed
1988,20,82,6843.0,8895.9,0.7071,mixed
1989,21,82,6849.0,8903.7,0.6811,mixed
1990,22,82,6725.2,8742.8,0.6565,mixed
1991,23,82,6648.6,8643.2,0.6341,mixed
1992,0,83,6186.5,8042.5,0.567,mixed
1993,1,83,6491.4,8438.8,0.5748,mixed
1994,2,83,6554.1,8520.3,0.5851,mixed
1995,3,83,6621.1,8607.4,0.5982,mixed
1996,4,83,6395.0,8313.5,0.6146,mixed
1997,5,83,6775.7,8808.4,0.6341,mixed
1998,6,83,6398.5,8318.0,0.6565,mixed
1999,7,83,6648.7,8643.3,0.6811,mixed
2000,8,83,6757.3,8784.4,0.7071,mixed
2001,9,83,6630.4,8619.5,0.733,mixed
2002,10,83,6903.7,8974.9,0.7574,mixed
2003,11,83,7074.7,9197.1,0.7786,mixed
2004,12,83,6689.7,8696.6,0.795,mixed
2005,13,83,7024.4,9131.7,0.8054,mixed
2006,14,83,6745.9,8769.7,0.809,mixed
2007,15,83,7544.0,9807.2,0.8054,mixed
2008,16,83,7122.4,9259.2,0.795,mixed
2009,17,83,7054.5,9170.9,0.7786,mixed
2010,18,83,7013.0,9116.9,0.7574,mixed
2011,19,83,7016.4,9121.3,0.733,mixed
2012,20,83,7013.5,9117.6,0.7071,mixed
2013,21,83,6419.8,8345.7,0.6811,mixed
2014,22,83,6923.6,9000.7,0.6565,mixed
2015,23,83,6841.0,8893.3,0.6341,mixed
2016,0,84,6402.5,8323.2,0.5743,mixed
2017,1,84,6425.5,8353.1,0.5854,mixed
2018,2,84,5888.2,7654.6,0.6001,mixed
2019,3,84,6304.7,8196.1,0.6189,mixed
2020,4,84,6722.1,8738.8,0.6423,mixed
2021,5,84,6944.1,9027.3,0.6701,mixed
2022,6,84,6947.3,9031.5,0.7021,mixed
2023,7,84,6888.7,8955.3,0.7373,mixed
2024,8,84,7420.9,9647.2,0.7744,mixed
2025,9,84,7341.6,9544.1,0.8115,mixed
2026,10,84,7145.7,9289.4,0.8463,mixed
2027,11,84,7801.2,10141.6,0.8765,mixed
2028,12,84,7149.2,9294.0,0.9,mixed
2029,13,84,7108.6,9241.2,0.9149,mixed
2030,14,84,7358.2,9565.6,0.92,mixed
2031,15,84,7267.7,9448.1,0.9149,mixed
2032,16,84,7311.4,9504.8,0.9,mixed
2033,17,84,7497.2,9746.3,0.8765,mixed
2034,18,84,7223.8,9390.9,0.8463,mixed
2035,19,84,7124.9,9262.4,0.8115,mixed
2036,20,84,7027.9,9136.3,0.7744,mixed
2037,21,84,6425.4,8353.0,0.7373,mixed
2038,22,84,6489.6,8436.5,0.7021,mixed
2039,23,84,6625.2,8612.8,0.6701,mixed
2040,0,85,6253.0,8128.9,0.5743,mixed
2041,1,85,6403.6,8324.7,0.5854,mixed
2042,2,85,6766.0,8795.8,0.6001,mixed
2043,3,85,6534.4,8494.8,0.6189,mixed
2044,4,85,6356.5,8263.5,0.6423,mixed
2045,5,85,6543.2,8506.2,0.6701,mixed
2046,6,85,7147.5,9291.8,0.7021,mixed
2047,7,85,7221.8,9388.3,0.7373,mixed
2048,8,85,7141.0,9283.3,0.7744,mixed
2049,9,85,6792.6,8830.4,0.8115,mixed
2050,10,85,7297.7,9487.0,0.8463,mixed
2051,11,85,7406.2,9628.0,0.8765,mixed
2052,12,85,7398.0,9617.4,0.9,mixed
2053,13,85,7309.8,9502.8,0.9149,mixed
2054,14,85,7371.2,9582.6,0.92,mixed
2055,15,85,7294.3,9482.6,0.9149,mixed
2056,16,85,7138.4,9279.9,0.9,mixed
2057,17,85,7621.9,9908.5,0.8765,mixed
2058,18,85,7422.5,9649.3,0.8463,mixed
2059,19,85,7065.8,9185.5,0.8115,mixed
2060,20,85,7089.7,9216.6,0.7744,mixed
2061,21,85,6985.1,9080.6,0.7373,mixed
2062,22,85,7276.5,9459.4,0.7021,mixed
2063,23,85,6878.1,8941.6,0.6701,mixed
2064,0,86,6575.9,8548.7,0.5743,mixed
2065,1,86,6455.8,8392.6,0.5854,mixed
2066,2,86,6407.9,8330.3,0.6001,mixed
2067,3,86,6820.7,8867.0,0.6189,mixed
2068,4,86,6748.6,8773.2,0.6423,mixed
2069,5,86,6535.9,8496.6,0.6701,mixed
2070,6,86,6891.2,8958.6,0.7021,mixed
2071,7,86,7077.8,9201.1,0.7373,mixed
2072,8,86,6574.5,8546.8,0.7744,mixed
2073,9,86,6929.5,9008.3,0.8115,mixed
2074,10,86,7309.8,9502.8,0.8463,mixed
2075,11,86,6899.2,8968.9,0.8765,mixed
2076,12,86,7000.6,9100.8,0.9,mixed
2077,13,86,7376.7,9589.7,0.9149,mixed
2078,14,86,7562.2,9830.9,0.92,mixed
2079,15,86,7557.0,9824.1,0.9149,mixed
2080,16,86,7743.3,10066.2,0.9,mixed
2081,17,86,7339.9,9541.9,0.8765,mixed
2082,18,86,7150.3,9295.4,0.8463,mixed
2083,19,86,6847.2,8901.3,0.8115,mixed
2084,20,86,6934.6,9015.0,0.7744,mixed
2085,21,86,7050.9,9166.2,0.7373,mixed
2086,22,86,6952.2,9037.8,0.7021,mixed
2087,23,86,6755.9,8782.6,0.6701,mixed
2088,0,87,6520.6,8476.7,0.5743,mixed
2089,1,87,6695.4,8704.0,0.5854,mixed
2090,2,87,6507.2,8459.3,0.6001,mixed
2091,3,87,6817.7,8863.0,0.6189,mixed
2092,4,87,6474.8,8417.2,0.6423,mixed
2093,5,87,6687.9,8694.3,0.6701,mixed
2094,6,87,6700.6,8710.7,0.7021,mixed
2095,7,87,7068.5,9189.1,0.7373,mixed
2096,8,87,6802.0,8842.7,0.7744,mixed
2097,9,87,7057.9,9175.3,0.8115,mixed
2098,10,87,6827.7,8876.0,0.8463,mixed
2099,11,87,7452.4,9688.2,0.8765,mixed
2100,12,87,7668.8,9969.5,0.9,mixed
2101,13,87,7640.2,9932.2,0.9149,mixed
2102,14,87,7634.0,9924.2,0.92,mixed
2103,15,87,7624.3,9911.6,0.9149,mixed
2104,16,87,7547.5,9811.7,0.9,mixed
2105,17,87,7456.8,9693.9,0.8765,mixed
2106,18,87,7378.4,9591.9,0.8463,mixed
2107,19,87,6986.5,9082.5,0.8115,mixed
2108,20,87,6973.4,9065.4,0.7744,mixed
2109,21,87,6918.9,8994.6,0.7373,mixed
2110,22,87,6730.2,8749.2,0.7021,mixed
2111,23,87,6387.7,8304.0,0.6701,mixed
2112,0,88,6177.6,8030.9,0.5743,mixed
2113,1,88,6493.0,8440.8,0.5854,mixed
2114,2,88,6669.0,8669.6,0.6001,mixed
2115,3,88,6550.9,8516.2,0.6189,mixed
2116,4,88,7168.1,9318.5,0.6423,mixed
2117,5,88,6517.7,8473.0,0.6701,mixed
2118,6,88,6889.4,8956.2,0.7021,mixed
2119,7,88,7171.8,9323.3,0.7373,mixed
2120,8,88,7239.8,9411.8,0.7744,mixed
2121,9,88,7266.7,9446.8,0.8115,mixed
2122,10,88,7463.3,9702.3,0.8463,mixed
2123,11,88,7334.0,9534.3,0.8765,mixed
2124,12,88,7761.1,10089.4,0.9,mixed
2125,13,88,7723.3,10040.3,0.9149,mixed
2126,14,88,7261.8,9440.3,0.92,mixed
2127,15,88,7508.7,9761.4,0.9149,mixed
2128,16,88,7049.2,9163.9,0.9,mixed
2129,17,88,7656.1,9953.0,0.8765,mixed
2130,18,88,7279.8,9463.7,0.8463,mixed
2131,19,88,7415.1,9639.6,0.8115,mixed
2132,20,88,6992.5,9090.3,0.7744,mixed
2133,21,88,6519.9,8475.8,0.7373,mixed
2134,22,88,7336.6,9537.5,0.7021,mixed
2135,23,88,6729.0,8747.7,0.6701,mixed
2136,0,89,6201.5,8062.0,0.567,mixed
2137,1,89,6637.2,8628.3,0.5748,mixed
2138,2,89,6841.2,8893.6,0.5851,mixed
2139,3,89,6447.6,8381.9,0.5982,mixed
2140,4,89,6516.6,8471.6,0.6146,mixed
2141,5,89,6641.7,8634.2,0.6341,mixed
2142,6,89,6439.7,8371.6,0.6565,mixed
2143,7,89,6596.2,8575.0,0.6811,mixed
2144,8,89,7177.8,9331.2,0.7071,mixed
2145,9,89,6864.0,8923.3,0.733,mixed
2146,10,89,6789.5,8826.3,0.7574,mixed
2147,11,89,6932.7,9012.5,0.7786,mixed
2148,12,89,7305.1,9496.6,0.795,mixed
2149,13,89,6687.2,8693.4,0.8054,mixed
2150,14,89,7173.7,9325.8,0.809,mixed
2151,15,89,7633.7,9923.8,0.8054,mixed
2152,16,89,7508.6,9761.1,0.795,mixed
2153,17,89,7148.9,9293.5,0.7786,mixed
2154,18,89,7239.5,9411.4,0.7574,mixed
2155,19,89,7161.5,9310.0,0.733,mixed
2156,20,89,6787.9,8824.2,0.7071,mixed
2157,21,89,6922.6,8999.4,0.6811,mixed
2158,22,89,7019.2,9125.0,0.6565,mixed
2159,23,89,6344.5,8247.9,0.6341,mixed
2160,0,90,6504.0,8455.2,0.567,mixed
2161,1,90,6486.2,8432.1,0.5748,mixed
2162,2,90,6467.4,8407.6,0.5851,mixed
2163,3,90,6489.9,8436.9,0.5982,mixed
2164,4,90,6581.5,8555.9,0.6146,mixed
2165,5,90,6657.0,8654.1,0.6341,mixed
2166,6,90,6885.3,8950.9,0.6565,mixed
2167,7,90,6832.0,8881.6,0.6811,mixed
2168,8,90,6777.2,8810.4,0.7071,mixed
2169,9,90,6717.7,8733.0,0.733,mixed
2170,10,90,6865.8,8925.5,0.7574,mixed
2171,11,90,7083.1,9208.0,0.7786,mixed
2172,12,90,6927.4,9005.6,0.795,mixed
2173,13,90,7310.3,9503.4,0.8054,mixed
2174,14,90,7211.2,9374.5,0.809,mixed
2175,15,90,7352.5,9558.2,0.8054,mixed
2176,16,90,6941.7,9024.2,0.795,mixed
2177,17,90,6852.8,8908.6,0.7786,mixed
2178,18,90,7201.8,9362.4,0.7574,mixed
2179,19,90,6918.2,8993.7,0.733,mixed
2180,20,90,6772.2,8803.8,0.7071,mixed
2181,21,90,6876.9,8940.0,0.6811,mixed
2182,22,90,6793.9,8832.1,0.6565,mixed
2183,23,90,6346.1,8250.0,0.6341,mixed
2184,0,91,6681.8,8686.3,0.5743,mixed
2185,1,91,6369.1,8279.8,0.5854,mixed
2186,2,91,6823.7,8870.7,0.6001,mixed
2187,3,91,6287.1,8173.2,0.6189,mixed
2188,4,91,6682.1,8686.7,0.6423,mixed
2189,5,91,6665.3,8665.0,0.6701,mixed
2190,6,91,6395.8,8314.5,0.7021,mixed
2191,7,91,7040.7,9152.9,0.7373,mixed
2192,8,91,6610.6,8593.8,0.7744,mixed
2193,9,91,7064.3,9183.6,0.8115,mixed
2194,10,91,7470.7,9711.9,0.8463,mixed
2195,11,91,7205.5,9367.1,0.8765,mixed
2196,12,91,7191.9,9349.5,0.9,mixed
2197,13,91,7615.6,9900.2,0.9149,mixed
2198,14,91,7396.5,9615.5,0.92,mixed
2199,15,91,7346.6,9550.6,0.9149,mixed
2200,16,91,7675.1,9977.6,0.9,mixed
2201,17,91,7065.5,9185.1,0.8765,mixed
2202,18,91,7131.4,9270.8,0.8463,mixed
2203,19,91,7311.9,9505.5,0.8115,mixed
2204,20,91,6756.3,8783.2,0.7744,mixed
2205,21,91,7272.1,9453.7,0.7373,mixed
2206,22,91,6754.4,8780.7,0.7021,mixed
2207,23,91,6878.5,8942.1,0.6701,mixed
2208,0,92,6583.2,8558.1,0.5743,mixed
2209,1,92,6419.0,8344.7,0.5854,mixed
2210,2,92,6399.2,8319.0,0.6001,mixed
2211,3,92,6540.6,8502.8,0.6189,mixed
2212,4,92,6760.6,8788.8,0.6423,mixed
2213,5,92,6504.3,8455.6,0.6701,mixed
2214,6,92,6553.2,8519.2,0.7021,mixed
2215,7,92,7211.8,9375.3,0.7373,mixed
2216,8,92,6860.9,8919.2,0.7744,mixed
2217,9,92,7202.4,9363.1,0.8115,mixed
2218,10,92,7187.3,9343.4,0.8463,mixed
2219,11,92,7287.2,9473.4,0.8765,mixed
2220,12,92,7709.5,10022.4,0.9,mixed
2221,13,92,7418.0,9643.4,0.9149,mixed
2222,14,92,7372.5,9584.3,0.92,mixed
2223,15,92,7376.8,9589.9,0.9149,mixed
2224,16,92,7280.7,9464.9,0.9,mixed
2225,17,92,7174.7,9327.1,0.8765,mixed
2226,18,92,7122.8,9259.6,0.8463,mixed
2227,19,92,7482.3,9727.0,0.8115,mixed
2228,20,92,7165.3,9314.9,0.7744,mixed
2229,21,92,6832.8,8882.7,0.7373,mixed
2230,22,92,6998.9,9098.5,0.7021,mixed
2231,23,92,6383.5,8298.6,0.6701,mixed
2232,0,93,6680.0,8684.0,0.5743,mixed
2233,1,93,6699.0,8708.7,0.5854,mixed
2234,2,93,6928.1,9006.5,0.6001,mixed
2235,3,93,6747.8,8772.2,0.6189,mixed
2236,4,93,6705.9,8717.7,0.6423,mixed
2237,5,93,6962.3,9051.0,0.6701,mixed
2238,6,93,6671.0,8672.3,0.7021,mixed
2239,7,93,6822.4,8869.2,0.7373,mixed
2240,8,93,7002.0,9102.6,0.7744,mixed
2241,9,93,7419.4,9645.2,0.8115,mixed
2242,10,93,7045.5,9159.1,0.8463,mixed
2243,11,93,7110.6,9243.7,0.8765,mixed
2244,12,93,7444.8,9678.2,0.9,mixed
2245,13,93,7597.1,9876.2,0.9149,mixed
2246,14,93,7295.1,9483.7,0.92,mixed
2247,15,93,7586.6,9862.5,0.9149,mixed
2248,16,93,7695.8,10004.5,0.9,mixed
2249,17,93,7585.6,9861.2,0.8765,mixed
2250,18,93,7307.8,9500.1,0.8463,mixed
2251,19,93,7107.3,9239.5,0.8115,mixed
2252,20,93,7380.8,9595.1,0.7744,mixed
2253,21,93,6907.5,8979.8,0.7373,mixed
2254,22,93,6990.4,9087.6,0.7021,mixed
2255,23,93,7096.4,9225.4,0.6701,mixed
2256,0,94,6576.0,8548.8,0.5743,mixed
2257,1,94,6255.6,8132.2,0.5854,mixed
2258,2,94,6251.2,8126.6,0.6001,mixed
2259,3,94,6490.6,8437.8,0.6189,mixed
2260,4,94,6760.0,8788.0,0.6423,mixed
2261,5,94,6792.1,8829.7,0.6701,mixed
2262,6,94,7248.8,9423.4,0.7021,mixed
2263,7,94,6994.5,9092.8,0.7373,mixed
2264,8,94,6946.6,9030.6,0.7744,mixed
2265,9,94,6884.4,8949.7,0.8115,mixed
2266,10,94,7487.2,9733.4,0.8463,mixed
2267,11,94,7320.5,9516.7,0.8765,mixed
2268,12,94,7058.3,9175.8,0.9,mixed
2269,13,94,7442.0,9674.6,0.9149,mixed
2270,14,94,7229.7,9398.6,0.92,mixed
2271,15,94,7342.0,9544.6,0.9149,mixed
2272,16,94,7393.7,9611.8,0.9,mixed
2273,17,94,7123.1,9260.0,0.8765,mixed
2274,18,94,7125.3,9262.9,0.8463,mixed
2275,19,94,6967.6,9057.9,0.8115,mixed
2276,20,94,6864.6,8924.0,0.7744,mixed
2277,21,94,6695.5,8704.2,0.7373,mixed
2278,22,94,6700.2,8710.2,0.7021,mixed
2279,23,94,6522.8,8479.6,0.6701,mixed
2280,0,95,6528.2,8486.6,0.5743,mixed
2281,1,95,6487.3,8433.5,0.5854,mixed
2282,2,95,6725.2,8742.8,0.6001,mixed
2283,3,95,6919.8,8995.7,0.6189,mixed
2284,4,95,6753.6,8779.7,0.6423,mixed
2285,5,95,6793.1,8831.0,0.6701,mixed
2286,6,95,6949.6,9034.5,0.7021,mixed
2287,7,95,7001.0,9101.3,0.7373,mixed
2288,8,95,7026.1,9134.0,0.7744,mixed
2289,9,95,7120.4,9256.5,0.8115,mixed
2290,10,95,7009.5,9112.3,0.8463,mixed
2291,11,95,7506.2,9758.0,0.8765,mixed
2292,12,95,7385.4,9601.0,0.9,mixed
2293,13,95,7760.4,10088.5,0.9149,mixed
2294,14,95,7656.9,9954.0,0.92,mixed
2295,15,95,7297.3,9486.5,0.9149,mixed
2296,16,95,7668.8,9969.4,0.9,mixed
2297,17,95,6759.4,8787.2,0.8765,mixed
2298,18,95,7649.9,9944.8,0.8463,mixed
2299,19,95,6840.5,8892.7,0.8115,mixed
2300,20,95,7119.8,9255.7,0.7744,mixed
2301,21,95,6992.9,9090.7,0.7373,mixed
2302,22,95,7027.8,9136.2,0.7021,mixed
2303,23,95,6636.6,8627.6,0.6701,mixed
2304,0,96,5981.9,7776.4,0.567,mixed
2305,1,96,6353.6,8259.7,0.5748,mixed
2306,2,96,6405.1,8326.6,0.5851,mixed
2307,3,96,6088.2,7914.7,0.5982,mixed
2308,4,96,6545.0,8508.4,0.6146,mixed
2309,5,96,6381.7,8296.2,0.6341,mixed
2310,6,96,6791.5,8828.9,0.6565,mixed
2311,7,96,6686.0,8691.8,0.6811,mixed
2312,8,96,7214.4,9378.8,0.7071,mixed
2313,9,96,6838.4,8889.9,0.733,mixed
2314,10,96,7054.4,9170.7,0.7574,mixed
2315,11,96,6983.1,9078.0,0.7786,mixed
2316,12,96,6732.7,8752.5,0.795,mixed
2317,13,96,7064.9,9184.4,0.8054,mixed
2318,14,96,7280.2,9464.3,0.809,mixed
2319,15,96,7237.0,9408.1,0.8054,mixed
2320,16,96,7015.1,9119.6,0.795,mixed
2321,17,96,6720.9,8737.1,0.7786,mixed
2322,18,96,7099.1,9228.9,0.7574,mixed
2323,19,96,6978.1,9071.5,0.733,mixed
2324,20,96,6986.0,9081.8,0.7071,mixed
2325,21,96,6680.3,8684.4,0.6811,mixed
2326,22,96,6325.1,8222.7,0.6565,mixed
2327,23,96,6700.2,8710.2,0.6341,mixed
2328,0,97,6391.6,8309.1,0.567,mixed
2329,1,97,6684.5,8689.9,0.5748,mixed
2330,2,97,6453.0,8388.9,0.5851,mixed
2331,3,97,6478.2,8421.6,0.5982,mixed
2332,4,97,6617.9,8603.2,0.6146,mixed
2333,5,97,6476.5,8419.4,0.6341,mixed
2334,6,97,6532.8,8492.7,0.6565,mixed
2335,7,97,6715.9,8730.7,0.6811,mixed
2336,8,97,6625.4,8613.1,0.7071,mixed
2337,9,97,6844.0,8897.2,0.733,mixed
2338,10,97,7369.7,9580.6,0.7574,mixed
2339,11,97,7247.8,9422.2,0.7786,mixed
2340,12,97,7142.7,9285.5,0.795,mixed
2341,13,97,7439.5,9671.3,0.8054,mixed
2342,14,97,6943.1,9026.1,0.809,mixed
2343,15,97,7639.7,9931.6,0.8054,mixed
2344,16,97,6979.5,9073.4,0.795,mixed
2345,17,97,7450.5,9685.6,0.7786,mixed
2346,18,97,7382.2,9596.9,0.7574,mixed
2347,19,97,6528.9,8487.6,0.733,mixed
2348,20,97,7113.5,9247.5,0.7071,mixed
2349,21,97,6678.4,8681.9,0.6811,mixed
2350,22,97,6548.2,8512.7,0.6565,mixed
2351,23,97,6698.4,8707.9,0.6341,mixed
2352,0,98,6221.3,8087.7,0.5743,mixed
2353,1,98,6545.6,8509.2,0.5854,mixed
2354,2,98,6309.3,8202.1,0.6001,mixed
2355,3,98,6583.9,8559.0,0.6189,mixed
2356,4,98,6884.3,8949.5,0.6423,mixed
2357,5,98,6780.4,8814.5,0.6701,mixed
2358,6,98,6725.3,8742.8,0.7021,mixed
2359,7,98,7016.5,9121.4,0.7373,mixed
2360,8,98,6719.5,8735.4,0.7744,mixed
2361,9,98,6947.3,9031.5,0.8115,mixed
2362,10,98,7137.8,9279.1,0.8463,mixed
2363,11,98,7494.7,9743.1,0.8765,mixed
2364,12,98,7482.3,9727.0,0.9,mixed
2365,13,98,7556.4,9823.3,0.9149,mixed
2366,14,98,7446.2,9680.0,0.92,mixed
2367,15,98,7261.2,9439.5,0.9149,mixed
2368,16,98,7722.3,10039.0,0.9,mixed
2369,17,98,7168.6,9319.2,0.8765,mixed
2370,18,98,7322.0,9518.6,0.8463,mixed
2371,19,98,7102.7,9233.5,0.8115,mixed
2372,20,98,7134.0,9274.3,0.7744,mixed
2373,21,98,6778.9,8812.6,0.7373,mixed
2374,22,98,7013.3,9117.3,0.7021,mixed
2375,23,98,6979.8,9073.8,0.6701,mixed
2376,0,99,6606.1,8587.9,0.5743,mixed
2377,1,99,6479.0,8422.6,0.5854,mixed
2378,2,99,6407.8,8330.1,0.6001,mixed
2379,3,99,7103.5,9234.6,0.6189,mixed
2380,4,99,6422.2,8348.8,0.6423,mixed
2381,5,99,6879.9,8943.8,0.6701,mixed
2382,6,99,6866.5,8926.5,0.7021,mixed
2383,7,99,6891.4,8958.8,0.7373,mixed
2384,8,99,7054.5,9170.9,0.7744,mixed
2385,9,99,7017.6,9122.9,0.8115,mixed
2386,10,99,7323.8,9520.9,0.8463,mixed
2387,11,99,7391.5,9608.9,0.8765,mixed
2388,12,99,7986.1,10382.0,0.9,mixed
2389,13,99,7675.9,9978.7,0.9149,mixed
2390,14,99,7567.6,9837.9,0.92,mixed
2391,15,99,7565.4,9835.0,0.9149,mixed
2392,16,99,7800.3,10140.4,0.9,mixed
2393,17,99,7108.7,9241.3,0.8765,mixed
2394,18,99,7191.5,9348.9,0.8463,mixed
2395,19,99,6718.9,8734.6,0.8115,mixed
2396,20,99,7133.2,9273.1,0.7744,mixed
2397,21,99,7080.0,9204.0,0.7373,mixed
2398,22,99,6595.6,8574.3,0.7021,mixed
2399,23,99,6991.2,9088.6,0.6701,mixed
2400,0,100,6276.9,8160.0,0.5743,mixed
2401,1,100,6382.2,8296.9,0.5854,mixed
2402,2,100,6515.8,8470.6,0.6001,mixed
2403,3,100,6862.3,8921.0,0.6189,mixed
2404,4,100,6448.7,8383.3,0.6423,mixed
2405,5,100,6761.2,8789.6,0.6701,mixed
2406,6,100,6956.7,9043.7,0.7021,mixed
2407,7,100,7022.1,9128.7,0.7373,mixed
2408,8,100,7143.0,9285.9,0.7744,mixed
2409,9,100,7289.5,9476.3,0.8115,mixed
2410,10,100,7110.8,9244.0,0.8463,mixed
2411,11,100,7692.6,10000.4,0.8765,mixed
2412,12,100,7367.7,9578.0,0.9,mixed
2413,13,100,7382.6,9597.4,0.9149,mixed
2414,14,100,7753.6,10079.7,0.92,mixed
2415,15,100,7296.3,9485.2,0.9149,mixed
2416,16,100,7463.4,9702.4,0.9,mixed
2417,17,100,7163.1,9312.0,0.8765,mixed
2418,18,100,7777.6,10110.9,0.8463,mixed
2419,19,100,7620.3,9906.4,0.8115,mixed
2420,20,100,6992.4,9090.1,0.7744,mixed
2421,21,100,7012.0,9115.6,0.7373,mixed
2422,22,100,6799.7,8839.6,0.7021,mixed
2423,23,100,6632.6,8622.3,0.6701,mixed
2424,0,101,6438.3,8369.8,0.5743,mixed
2425,1,101,6440.6,8372.8,0.5854,mixed
2426,2,101,6196.3,8055.2,0.6001,mixed
2427,3,101,6600.7,8581.0,0.6189,mixed
2428,4,101,6610.7,8593.9,0.6423,mixed
2429,5,101,6765.4,8795.1,0.6701,mixed
2430,6,101,6782.8,8817.7,0.7021,mixed
2431,7,101,6829.7,8878.6,0.7373,mixed
2432,8,101,7199.7,9359.6,0.7744,mixed
2433,9,101,7240.7,9412.9,0.8115,mixed
2434,10,101,7534.0,9794.2,0.8463,mixed
2435,11,101,7430.5,9659.7,0.8765,mixed
2436,12,101,7348.5,9553.0,0.9,mixed
2437,13,101,7574.6,9847.0,0.9149,mixed
2438,14,101,7009.5,9112.4,0.92,mixed
2439,15,101,7906.3,10278.3,0.9149,mixed
2440,16,101,7453.2,9689.1,0.9,mixed
2441,17,101,7801.7,10142.2,0.8765,mixed
2442,18,101,7042.5,9155.3,0.8463,mixed
2443,19,101,6887.7,8954.1,0.8115,mixed
2444,20,101,7092.6,9220.3,0.7744,mixed
2445,21,101,6979.4,9073.3,0.7373,mixed
2446,22,101,6867.6,8927.9,0.7021,mixed
2447,23,101,6740.0,8762.0,0.6701,mixed
2448,0,102,6294.4,8182.7,0.5743,mixed
2449,1,102,6161.1,8009.4,0.5854,mixed
2450,2,102,6547.7,8512.0,0.6001,mixed
2451,3,102,6297.1,8186.2,0.6189,mixed
2452,4,102,6345.7,8249.3,0.6423,mixed
2453,5,102,6626.1,8614.0,0.6701,mixed
2454,6,102,6886.5,8952.4,0.7021,mixed
2455,7,102,7316.1,9510.9,0.7373,mixed
2456,8,102,7221.7,9388.2,0.7744,mixed
2457,9,102,7433.1,9663.0,0.8115,mixed
2458,10,102,7372.9,9584.8,0.8463,mixed
2459,11,102,7402.5,9623.2,0.8765,mixed
2460,12,102,7948.0,10332.4,0.9,mixed
2461,13,102,7141.9,9284.4,0.9149,mixed
2462,14,102,7359.9,9567.9,0.92,mixed
2463,15,102,7362.2,9570.9,0.9149,mixed
2464,16,102,7590.5,9867.6,0.9,mixed
2465,17,102,7106.9,9239.0,0.8765,mixed
2466,18,102,7396.7,9615.8,0.8463,mixed
2467,19,102,7250.6,9425.8,0.8115,mixed
2468,20,102,7186.7,9342.8,0.7744,mixed
2469,21,102,7069.1,9189.8,0.7373,mixed
2470,22,102,7112.4,9246.1,0.7021,mixed
2471,23,102,6692.8,8700.6,0.6701,mixed
2472,0,103,6495.1,8443.6,0.567,mixed
2473,1,103,6274.8,8157.3,0.5748,mixed
2474,2,103,6260.8,8139.1,0.5851,mixed
2475,3,103,6830.5,8879.6,0.5982,mixed
2476,4,103,6376.8,8289.9,0.6146,mixed
2477,5,103,6721.4,8737.9,0.6341,mixed
2478,6,103,6767.9,8798.2,0.6565,mixed
2479,7,103,6973.2,9065.1,0.6811,mixed
2480,8,103,6474.6,8417.0,0.7071,mixed
2481,9,103,7075.6,9198.3,0.733,mixed
2482,10,103,6952.4,9038.1,0.7574,mixed
2483,11,103,6901.5,8972.0,0.7786,mixed
2484,12,103,7024.1,9131.3,0.795,mixed
2485,13,103,7329.7,9528.6,0.8054,mixed
2486,14,103,7275.5,9458.1,0.809,mixed
2487,15,103,7081.3,9205.7,0.8054,mixed
2488,16,103,6835.5,8886.1,0.795,mixed
2489,17,103,6802.7,8843.5,0.7786,mixed
2490,18,103,7121.8,9258.4,0.7574,mixed
2491,19,103,6627.2,8615.4,0.733,mixed
2492,20,103,6789.4,8826.3,0.7071,mixed
2493,21,103,7277.5,9460.7,0.6811,mixed
2494,22,103,6753.6,8779.7,0.6565,mixed
2495,23,103,6741.4,8763.8,0.6341,mixed
2496,0,104,6189.9,8046.8,0.567,mixed
2497,1,104,6180.4,8034.5,0.5748,mixed
2498,2,104,6601.4,8581.8,0.5851,mixed
2499,3,104,6432.1,8361.7,0.5982,mixed
2500,4,104,6766.2,8796.0,0.6146,mixed
2501,5,104,6622.9,8609.7,0.6341,mixed
2502,6,104,7372.5,9584.2,0.6565,mixed
2503,7,104,6640.3,8632.4,0.6811,mixed
2504,8,104,6893.1,8961.1,0.7071,mixed
2505,9,104,6727.2,8745.3,0.733,mixed
2506,10,104,7201.0,9361.3,0.7574,mixed
2507,11,104,7142.0,9284.6,0.7786,mixed
2508,12,104,6894.5,8962.8,0.795,mixed
2509,13,104,7062.3,9180.9,0.8054,mixed
2510,14,104,7433.7,9663.8,0.809,mixed
2511,15,104,7396.9,9615.9,0.8054,mixed
2512,16,104,6798.2,8837.7,0.795,mixed
2513,17,104,6950.8,9036.1,0.7786,mixed
2514,18,104,7365.9,9575.7,0.7574,mixed
2515,19,104,6877.5,8940.7,0.733,mixed
2516,20,104,6871.5,8933.0,0.7071,mixed
2517,21,104,6963.5,9052.5,0.6811,mixed
2518,22,104,6415.5,8340.1,0.6565,mixed
2519,23,104,6428.4,8357.0,0.6341,mixed
2520,0,105,6372.2,8283.9,0.5743,mixed
2521,1,105,6700.8,8711.1,0.5854,mixed
2522,2,105,6710.6,8723.8,0.6001,mixed
2523,3,105,6710.1,8723.2,0.6189,mixed
2524,4,105,6611.3,8594.7,0.6423,mixed
2525,5,105,6949.9,9034.9,0.6701,mixed
2526,6,105,6787.9,8824.3,0.7021,mixed
2527,7,105,7044.8,9158.2,0.7373,mixed
2528,8,105,7228.6,9397.1,0.7744,mixed
2529,9,105,7510.8,9764.1,0.8115,mixed
2530,10,105,7240.6,9412.8,0.8463,mixed
2531,11,105,7264.2,9443.5,0.8765,mixed
2532,12,105,7701.7,10012.2,0.9,mixed
2533,13,105,7765.4,10095.0,0.9149,mixed
2534,14,105,7353.2,9559.1,0.92,mixed
2535,15,105,7212.8,9376.6,0.9149,mixed
2536,16,105,7684.8,9990.3,0.9,mixed
2537,17,105,6983.2,9078.2,0.8765,mixed
2538,18,105,6885.6,8951.3,0.8463,mixed
2539,19,105,7090.7,9217.9,0.8115,mixed
2540,20,105,7037.1,9148.3,0.7744,mixed
2541,21,105,6684.8,8690.2,0.7373,mixed
2542,22,105,6843.9,8897.1,0.7021,mixed
2543,23,105,6756.3,8783.1,0.6701,mixed
2544,0,106,6322.8,8219.7,0.5743,mixed
2545,1,106,6841.8,8894.4,0.5854,mixed
2546,2,106,6576.2,8549.1,0.6001,mixed
2547,3,106,6770.8,8802.0,0.6189,mixed
2548,4,106,6329.9,8228.9,0.6423,mixed
2549,5,106,6408.1,8330.6,0.6701,mixed
2550,6,106,6892.5,8960.2,0.7021,mixed
2551,7,106,7288.5,9475.1,0.7373,mixed
2552,8,106,6803.0,8843.9,0.7744,mixed
2553,9,106,7157.3,9304.5,0.8115,mixed
2554,10,106,6963.2,9052.1,0.8463,mixed
2555,11,106,7164.0,9313.2,0.8765,mixed
2556,12,106,7435.1,9665.7,0.9,mixed
2557,13,106,7327.1,9525.2,0.9149,mixed
2558,14,106,7160.4,9308.6,0.92,mixed
2559,15,106,7140.7,9282.9,0.9149,mixed
2560,16,106,6974.1,9066.3,0.9,mixed
2561,17,106,7426.6,9654.5,0.8765,mixed
2562,18,106,7360.8,9569.0,0.8463,mixed
2563,19,106,7253.4,9429.4,0.8115,mixed
2564,20,106,6824.2,8871.5,0.7744,mixed
2565,21,106,7112.7,9246.5,0.7373,mixed
2566,22,106,6942.8,9025.6,0.7021,mixed
2567,23,106,6704.1,8715.4,0.6701,mixed
2568,0,107,6385.1,8300.6,0.5743,mixed
2569,1,107,6322.9,8219.8,0.5854,mixed
2570,2,107,6530.0,8488.9,0.6001,mixed
2571,3,107,6866.8,8926.9,0.6189,mixed
2572,4,107,6845.0,8898.5,0.6423,mixed
2573,5,107,6651.2,8646.5,0.6701,mixed
2574,6,107,6908.5,8981.0,0.7021,mixed
2575,7,107,6676.2,8679.1,0.7373,mixed
2576,8,107,7169.2,9320.0,0.7744,mixed
2577,9,107,6949.0,9033.8,0.8115,mixed
2578,10,107,7380.9,9595.1,0.8463,mixed
2579,11,107,7974.1,10366.3,0.8765,mixed
2580,12,107,7265.9,9445.7,0.9,mixed
2581,13,107,8076.9,10500.0,0.9149,mixed
2582,14,107,7562.0,9830.6,0.92,mixed
2583,15,107,7269.7,9450.7,0.9149,mixed
2584,16,107,7215.9,9380.7,0.9,mixed
2585,17,107,7841.4,10193.8,0.8765,mixed
2586,18,107,7338.1,9539.5,0.8463,mixed
2587,19,107,7005.6,9107.3,0.8115,mixed
2588,20,107,6972.7,9064.6,0.7744,mixed
2589,21,107,6993.6,9091.6,0.7373,mixed
2590,22,107,6796.9,8835.9,0.7021,mixed
2591,23,107,6772.2,8803.9,0.6701,mixed
2592,0,108,6756.6,8783.6,0.5743,mixed
2593,1,108,6230.3,8099.3,0.5854,mixed
2594,2,108,6618.1,8603.5,0.6001,mixed
2595,3,108,6534.7,8495.2,0.6189,mixed
2596,4,108,6520.0,8476.0,0.6423,mixed
2597,5,108,6918.3,8993.7,0.6701,mixed
2598,6,108,6500.6,8450.7,0.7021,mixed
2599,7,108,6414.2,8338.4,0.7373,mixed
2600,8,108,7062.8,9181.7,0.7744,mixed
2601,9,108,7097.1,9226.3,0.8115,mixed
2602,10,108,6937.6,9018.9,0.8463,mixed
2603,11,108,6946.1,9030.0,0.8765,mixed
2604,12,108,7820.5,10166.6,0.9,mixed
2605,13,108,7540.3,9802.4,0.9149,mixed
2606,14,108,7456.7,9693.7,0.92,mixed
2607,15,108,7926.8,10304.8,0.9149,mixed
2608,16,108,7619.0,9904.7,0.9,mixed
2609,17,108,7710.5,10023.7,0.8765,mixed
2610,18,108,6975.2,9067.7,0.8463,mixed
2611,19,108,6866.4,8926.3,0.8115,mixed
2612,20,108,7145.4,9289.1,0.7744,mixed
2613,21,108,6990.2,9087.3,0.7373,mixed
2614,22,108,7053.5,9169.6,0.7021,mixed
2615,23,108,6374.8,8287.2,0.6701,mixed
2616,0,109,6550.7,8515.9,0.5743,mixed
2617,1,109,6639.8,8631.8,0.5854,mixed
2618,2,109,6674.9,8677.3,0.6001,mixed
2619,3,109,6469.2,8409.9,0.6189,mixed
2620,4,109,6722.1,8738.7,0.6423,mixed
2621,5,109,6546.7,8510.7,0.6701,mixed
2622,6,109,6738.9,8760.6,0.7021,mixed
2623,7,109,6688.3,8694.8,0.7373,mixed
2624,8,109,6855.9,8912.6,0.7744,mixed
2625,9,109,7075.2,9197.7,0.8115,mixed
2626,10,109,7124.6,9262.0,0.8463,mixed
2627,11,109,7155.2,9301.8,0.8765,mixed
2628,12,109,7104.1,9235.3,0.9,mixed
2629,13,109,7874.5,10236.9,0.9149,mixed
2630,14,109,7340.4,9542.5,0.92,mixed
2631,15,109,7510.6,9763.8,0.9149,mixed
2632,16,109,7002.2,9102.9,0.9,mixed
2633,17,109,7620.1,9906.1,0.8765,mixed
2634,18,109,7267.4,9447.6,0.8463,mixed
2635,19,109,7031.8,9141.3,0.8115,mixed
2636,20,109,6924.0,9001.2,0.7744,mixed
2637,21,109,7084.4,9209.7,0.7373,mixed
2638,22,109,6196.3,8055.2,0.7021,mixed
2639,23,109,6536.9,8498.0,0.6701,mixed
2640,0,110,6370.5,8281.7,0.567,mixed
2641,1,110,6391.5,8308.9,0.5748,mixed
2642,2,110,6932.1,9011.7,0.5851,mixed
2643,3,110,6421.3,8347.7,0.5982,mixed
2644,4,110,6730.2,8749.3,0.6146,mixed
2645,5,110,6953.0,9038.9,0.6341,mixed
2646,6,110,6795.8,8834.5,0.6565,mixed
2647,7,110,6599.6,8579.4,0.6811,mixed
2648,8,110,6551.0,8516.3,0.7071,mixed
2649,9,110,7045.5,9159.1,0.733,mixed
2650,10,110,7308.2,9500.6,0.7574,mixed
2651,11,110,7143.1,9286.1,0.7786,mixed
2652,12,110,7339.2,9541.0,0.795,mixed
2653,13,110,7661.3,9959.7,0.8054,mixed
2654,14,110,7298.2,9487.6,0.809,mixed
2655,15,110,6873.9,8936.0,0.8054,mixed
2656,16,110,7088.2,9214.6,0.795,mixed
2657,17,110,7316.9,9512.0,0.7786,mixed
2658,18,110,6912.5,8986.3,0.7574,mixed
2659,19,110,7202.7,9363.5,0.733,mixed
2660,20,110,6799.9,8839.9,0.7071,mixed
2661,21,110,6803.3,8844.3,0.6811,mixed
2662,22,110,6591.6,8569.1,0.6565,mixed
2663,23,110,6626.1,8614.0,0.6341,mixed
2664,0,111,6434.1,8364.4,0.567,mixed
2665,1,111,6107.0,7939.1,0.5748,mixed
2666,2,111,6362.0,8270.7,0.5851,mixed
2667,3,111,6247.0,8121.2,0.5982,mixed
2668,4,111,6456.2,8393.1,0.6146,mixed
2669,5,111,6437.2,8368.4,0.6341,mixed
2670,6,111,6864.0,8923.1,0.6565,mixed
2671,7,111,6942.5,9025.3,0.6811,mixed
2672,8,111,6928.1,9006.5,0.7071,mixed
2673,9,111,6629.3,8618.1,0.733,mixed
2674,10,111,6944.0,9027.2,0.7574,mixed
2675,11,111,6744.0,8767.2,0.7786,mixed
2676,12,111,7046.0,9159.9,0.795,mixed
2677,13,111,7246.7,9420.7,0.8054,mixed
2678,14,111,7331.2,9530.6,0.809,mixed
2679,15,111,7209.4,9372.3,0.8054,mixed
2680,16,111,7344.5,9547.9,0.795,mixed
2681,17,111,7082.8,9207.6,0.7786,mixed
2682,18,111,6915.7,8990.4,0.7574,mixed
2683,19,111,7072.0,9193.6,0.733,mixed
2684,20,111,6998.9,9098.5,0.7071,mixed
2685,21,111,6629.8,8618.8,0.6811,mixed
2686,22,111,6737.5,8758.7,0.6565,mixed
2687,23,111,6536.3,8497.2,0.6341,mixed
2688,0,112,6028.7,7837.3,0.5743,mixed
2689,1,112,6533.6,8493.7,0.5854,mixed
2690,2,112,6240.4,8112.5,0.6001,mixed
2691,3,112,6613.6,8597.6,0.6189,mixed
2692,4,112,6314.2,8208.5,0.6423,mixed
2693,5,112,6558.0,8525.3,0.6701,mixed
2694,6,112,6710.2,8723.3,0.7021,mixed
2695,7,112,7153.3,9299.2,0.7373,mixed
2696,8,112,6903.3,8974.3,0.7744,mixed
2697,9,112,6896.9,8965.9,0.8115,mixed
2698,10,112,7310.2,9503.2,0.8463,mixed
2699,11,112,7274.2,9456.5,0.8765,mixed
2700,12,112,7567.6,9837.9,0.9,mixed
2701,13,112,7211.2,9374.6,0.9149,mixed
2702,14,112,7499.4,9749.3,0.92,mixed
2703,15,112,7988.0,10384.4,0.9149,mixed
2704,16,112,7339.3,9541.0,0.9,mixed
2705,17,112,7362.9,9571.8,0.8765,mixed
2706,18,112,6870.8,8932.0,0.8463,mixed
2707,19,112,6944.3,9027.6,0.8115,mixed
2708,20,112,7112.3,9246.0,0.7744,mixed
2709,21,112,6836.0,8886.8,0.7373,mixed
2710,22,112,6924.0,9001.2,0.7021,mixed
2711,23,112,6788.1,8824.6,0.6701,mixed
2712,0,113,6161.6,8010.1,0.5743,mixed
2713,1,113,6644.9,8638.3,0.5854,mixed
2714,2,113,6250.5,8125.6,0.6001,mixed
2715,3,113,6398.8,8318.4,0.6189,mixed
2716,4,113,6664.7,8664.1,0.6423,mixed
2717,5,113,7017.8,9123.1,0.6701,mixed
2718,6,113,6593.9,8572.1,0.7021,mixed
2719,7,113,6934.9,9015.4,0.7373,mixed
2720,8,113,7048.4,9162.9,0.7744,mixed
2721,9,113,7267.2,9447.4,0.8115,mixed
2722,10,113,7488.0,9734.4,0.8463,mixed
2723,11,113,7233.1,9403.1,0.8765,mixed
2724,12,113,7616.7,9901.7,0.9,mixed
2725,13,113,7733.8,10053.9,0.9149,mixed
2726,14,113,7851.1,10206.5,0.92,mixed
2727,15,113,7549.0,9813.7,0.9149,mixed
2728,16,113,7427.2,9655.4,0.9,mixed
2729,17,113,7217.6,9382.9,0.8765,mixed
2730,18,113,6914.6,8989.0,0.8463,mixed
2731,19,113,7067.3,9187.4,0.8115,mixed
2732,20,113,7039.2,9151.0,0.7744,mixed
2733,21,113,6881.7,8946.2,0.7373,mixed
2734,22,113,6920.6,8996.7,0.7021,mixed
2735,23,113,6410.3,8333.3,0.6701,mixed
2736,0,114,6380.2,8294.3,0.5743,mixed
2737,1,114,6834.4,8884.7,0.5854,mixed
2738,2,114,6686.4,8692.4,0.6001,mixed
2739,3,114,6670.1,8671.2,0.6189,mixed
2740,4,114,6696.7,8705.7,0.6423,mixed
2741,5,114,6629.2,8617.9,0.6701,mixed
2742,6,114,6440.9,8373.1,0.7021,mixed
2743,7,114,6999.0,9098.7,0.7373,mixed
2744,8,114,6500.2,8450.3,0.7744,mixed
2745,9,114,7057.1,9174.2,0.8115,mixed
2746,10,114,7230.3,9399.4,0.8463,mixed
2747,11,114,7223.7,9390.7,0.8765,mixed
2748,12,114,7873.9,10236.0,0.9,mixed
2749,13,114,7844.0,10197.2,0.9149,mixed
2750,14,114,7683.2,9988.2,0.92,mixed
2751,15,114,7230.5,9399.7,0.9149,mixed
2752,16,114,7818.4,10164.0,0.9,mixed
2753,17,114,7457.8,9695.2,0.8765,mixed
2754,18,114,7026.8,9134.8,0.8463,mixed
2755,19,114,7133.7,9273.8,0.8115,mixed
2756,20,114,7217.3,9382.5,0.7744,mixed
2757,21,114,6780.3,8814.4,0.7373,mixed
2758,22,114,6827.3,8875.5,0.7021,mixed
2759,23,114,6766.3,8796.2,0.6701,mixed
2760,0,115,6203.4,8064.4,0.5743,mixed
2761,1,115,6396.2,8315.1,0.5854,mixed
2762,2,115,6292.8,8180.6,0.6001,mixed
2763,3,115,6719.7,8735.7,0.6189,mixed
2764,4,115,6438.8,8370.4,0.6423,mixed
2765,5,115,6761.3,8789.8,0.6701,mixed
2766,6,115,6515.1,8469.6,0.7021,mixed
2767,7,115,6669.6,8670.4,0.7373,mixed
2768,8,115,6766.8,8796.9,0.7744,mixed
2769,9,115,7064.8,9184.2,0.8115,mixed
2770,10,115,7270.3,9451.3,0.8463,mixed
2771,11,115,7402.0,9622.6,0.8765,mixed
2772,12,115,6999.3,9099.1,0.9,mixed
2773,13,115,7399.4,9619.2,0.9149,mixed
2774,14,115,7284.5,9469.9,0.92,mixed
2775,15,115,7556.2,9823.0,0.9149,mixed
2776,16,115,7333.0,9532.9,0.9,mixed
2777,17,115,7304.1,9495.4,0.8765,mixed
2778,18,115,7069.5,9190.4,0.8463,mixed
2779,19,115,7495.4,9744.0,0.8115,mixed
2780,20,115,6745.4,8769.0,0.7744,mixed
2781,21,115,6821.5,8868.0,0.7373,mixed
2782,22,115,6820.6,8866.8,0.7021,mixed
2783,23,115,6652.1,8647.8,0.6701,mixed
2784,0,116,6268.2,8148.7,0.5743,mixed
2785,1,116,6098.0,7927.4,0.5854,mixed
2786,2,116,6357.8,8265.2,0.6001,mixed
2787,3,116,6360.6,8268.7,0.6189,mixed
2788,4,116,6952.5,9038.3,0.6423,mixed
2789,5,116,7158.1,9305.5,0.6701,mixed
2790,6,116,6788.3,8824.8,0.7021,mixed
2791,7,116,6613.4,8597.4,0.7373,mixed
2792,8,116,7170.9,9322.2,0.7744,mixed
2793,9,116,6916.9,8992.0,0.8115,mixed
2794,10,116,7112.0,9245.6,0.8463,mixed
2795,11,116,7183.7,9338.9,0.8765,mixed
2796,12,116,7281.3,9465.7,0.9,mixed
2797,13,116,7357.9,9565.2,0.9149,mixed
2798,14,116,7158.6,9306.2,0.92,mixed
2799,15,116,7280.4,9464.5,0.9149,mixed
2800,16,116,7618.5,9904.1,0.9,mixed
2801,17,116,7314.5,9508.9,0.8765,mixed
2802,18,116,7258.3,9435.8,0.8463,mixed
2803,19,116,6649.4,8644.3,0.8115,mixed
2804,20,116,7215.0,9379.5,0.7744,mixed
2805,21,116,6762.3,8791.1,0.7373,mixed
2806,22,116,7027.9,9136.3,0.7021,mixed
2807,23,116,6733.7,8753.8,0.6701,mixed
2808,0,117,6285.6,8171.2,0.567,mixed
2809,1,117,6093.6,7921.7,0.5748,mixed
2810,2,117,6868.1,8928.6,0.5851,mixed
2811,3,117,6643.4,8636.4,0.5982,mixed
2812,4,117,6705.3,8716.9,0.6146,mixed
2813,5,117,6954.4,9040.7,0.6341,mixed
2814,6,117,6706.5,8718.5,0.6565,mixed
2815,7,117,7009.0,9111.7,0.6811,mixed
2816,8,117,6715.8,8730.5,0.7071,mixed
2817,9,117,7043.9,9157.0,0.733,mixed
2818,10,117,6832.8,8882.7,0.7574,mixed
2819,11,117,6921.8,8998.3,0.7786,mixed
2820,12,117,7097.9,9227.3,0.795,mixed
2821,13,117,6838.3,8889.8,0.8054,mixed
2822,14,117,7189.7,9346.6,0.809,mixed
2823,15,117,7042.1,9154.7,0.8054,mixed
2824,16,117,6655.3,8651.9,0.795,mixed
2825,17,117,6931.5,9011.0,0.7786,mixed
2826,18,117,6892.4,8960.1,0.7574,mixed
2827,19,117,7067.7,9188.0,0.733,mixed
2828,20,117,6871.9,8933.4,0.7071,mixed
2829,21,117,7028.2,9136.7,0.6811,mixed
2830,22,117,6765.7,8795.4,0.6565,mixed
2831,23,117,6485.0,8430.5,0.6341,mixed
2832,0,118,6382.2,8296.8,0.567,mixed
2833,1,118,6349.6,8254.5,0.5748,mixed
2834,2,118,6541.8,8504.4,0.5851,mixed
2835,3,118,6498.7,8448.3,0.5982,mixed
2836,4,118,6412.8,8336.6,0.6146,mixed
2837,5,118,6596.3,8575.1,0.6341,mixed
2838,6,118,6753.9,8780.1,0.6565,mixed
2839,7,118,6532.4,8492.1,0.6811,mixed
2840,8,118,6878.4,8941.9,0.7071,mixed
2841,9,118,6565.0,8534.5,0.733,mixed
2842,10,118,7195.5,9354.1,0.7574,mixed
2843,11,118,7139.2,9280.9,0.7786,mixed
2844,12,118,7423.2,9650.2,0.795,mixed
2845,13,118,6870.5,8931.6,0.8054,mixed
2846,14,118,7361.4,9569.8,0.809,mixed
2847,15,118,7308.2,9500.6,0.8054,mixed
2848,16,118,7038.6,9150.2,0.795,mixed
2849,17,118,6948.6,9033.2,0.7786,mixed
2850,18,118,6737.8,8759.1,0.7574,mixed
2851,19,118,6613.1,8597.1,0.733,mixed
2852,20,118,6660.0,8658.0,0.7071,mixed
2853,21,118,6482.0,8426.6,0.6811,mixed
2854,22,118,6980.7,9074.8,0.6565,mixed
2855,23,118,6297.4,8186.6,0.6341,mixed
2856,0,119,6443.9,8377.1,0.5743,mixed
2857,1,119,6532.8,8492.6,0.5854,mixed
2858,2,119,6562.2,8530.8,0.6001,mixed
2859,3,119,6636.6,8627.5,0.6189,mixed
2860,4,119,6807.0,8849.1,0.6423,mixed
2861,5,119,6613.0,8596.9,0.6701,mixed
2862,6,119,6816.5,8861.4,0.7021,mixed
2863,7,119,6843.5,8896.6,0.7373,mixed
2864,8,119,7289.7,9476.6,0.7744,mixed
2865,9,119,7575.6,9848.3,0.8115,mixed
2866,10,119,6972.1,9063.8,0.8463,mixed
2867,11,119,6875.7,8938.5,0.8765,mixed
2868,12,119,7518.5,9774.1,0.9,mixed
2869,13,119,7675.8,9978.6,0.9149,mixed
2870,14,119,7889.8,10256.8,0.92,mixed
2871,15,119,7601.6,9882.1,0.9149,mixed
2872,16,119,7701.9,10012.4,0.9,mixed
2873,17,119,7686.5,9992.5,0.8765,mixed
2874,18,119,7548.9,9813.6,0.8463,mixed
2875,19,119,7315.1,9509.6,0.8115,mixed
2876,20,119,6745.7,8769.4,0.7744,mixed
2877,21,119,6902.6,8973.4,0.7373,mixed
2878,22,119,6859.8,8917.8,0.7021,mixed
2879,23,119,6682.6,8687.4,0.6701,mixed
2880,0,120,6407.9,8330.3,0.5743,mixed
2881,1,120,6751.6,8777.1,0.5854,mixed
2882,2,120,6345.1,8248.7,0.6001,mixed
2883,3,120,6706.1,8717.9,0.6189,mixed
2884,4,120,6681.9,8686.5,0.6423,mixed
2885,5,120,6530.2,8489.3,0.6701,mixed
2886,6,120,6579.1,8552.8,0.7021,mixed
2887,7,120,6551.9,8517.5,0.7373,mixed
2888,8,120,7117.8,9253.1,0.7744,mixed
2889,9,120,7113.2,9247.1,0.8115,mixed
2890,10,120,7052.0,9167.6,0.8463,mixed
2891,11,120,6909.8,8982.7,0.8765,mixed
2892,12,120,7488.3,9734.8,0.9,mixed
2893,13,120,7398.2,9617.7,0.9149,mixed
2894,14,120,7292.7,9480.6,0.92,mixed
2895,15,120,7221.9,9388.5,0.9149,mixed
2896,16,120,7339.4,9541.2,0.9,mixed
2897,17,120,7425.1,9652.7,0.8765,mixed
2898,18,120,7159.5,9307.4,0.8463,mixed
2899,19,120,6872.6,8934.4,0.8115,mixed
2900,20,120,7003.3,9104.3,0.7744,mixed
2901,21,120,7120.9,9257.2,0.7373,mixed
2902,22,120,6806.9,8848.9,0.7021,mixed
2903,23,120,6716.4,8731.4,0.6701,mixed
2904,0,121,6352.6,8258.4,0.5743,mixed
2905,1,121,6276.4,8159.3,0.5854,mixed
2906,2,121,6312.8,8206.6,0.6001,mixed
2907,3,121,6222.6,8089.3,0.6189,mixed
2908,4,121,6853.6,8909.7,0.6423,mixed
2909,5,121,6795.7,8834.4,0.6701,mixed
2910,6,121,6815.5,8860.1,0.7021,mixed
2911,7,121,6965.6,9055.2,0.7373,mixed
2912,8,121,7087.0,9213.1,0.7744,mixed
2913,9,121,6969.6,9060.5,0.8115,mixed
2914,10,121,7160.6,9308.7,0.8463,mixed
2915,11,121,7217.7,9383.0,0.8765,mixed
2916,12,121,7949.3,10334.1,0.9,mixed
2917,13,121,7664.6,9964.0,0.9149,mixed
2918,14,121,7489.8,9736.8,0.92,mixed
2919,15,121,7741.8,10064.3,0.9149,mixed
2920,16,121,7667.2,9967.4,0.9,mixed
2921,17,121,7018.6,9124.2,0.8765,mixed
2922,18,121,7182.8,9337.6,0.8463,mixed
2923,19,121,7123.2,9260.2,0.8115,mixed
2924,20,121,7144.3,9287.5,0.7744,mixed
2925,21,121,6857.9,8915.3,0.7373,mixed
2926,22,121,6778.5,8812.1,0.7021,mixed
2927,23,121,6609.9,8592.9,0.6701,mixed
2928,0,122,6617.1,8602.3,0.5743,mixed
2929,1,122,6169.2,8020.0,0.5854,mixed
2930,2,122,6409.3,8332.1,0.6001,mixed
2931,3,122,6186.8,8042.9,0.6189,mixed
2932,4,122,6414.6,8339.0,0.6423,mixed
2933,5,122,6766.5,8796.4,0.6701,mixed
2934,6,122,6867.2,8927.4,0.7021,mixed
2935,7,122,6839.5,8891.3,0.7373,mixed
2936,8,122,7252.1,9427.8,0.7744,mixed
2937,9,122,7416.2,9641.0,0.8115,mixed
2938,10,122,7216.1,9380.9,0.8463,mixed
2939,11,122,7376.9,9590.0,0.8765,mixed
2940,12,122,7292.0,9479.6,0.9,mixed
2941,13,122,7576.9,9849.9,0.9149,mixed
2942,14,122,7185.4,9341.0,0.92,mixed
2943,15,122,7837.7,10189.0,0.9149,mixed
2944,16,122,7645.1,9938.7,0.9,mixed
2945,17,122,7058.5,9176.1,0.8765,mixed
2946,18,122,7060.0,9177.9,0.8463,mixed
2947,19,122,7216.8,9381.8,0.8115,mixed
2948,20,122,6944.4,9027.7,0.7744,mixed
2949,21,122,7017.1,9122.3,0.7373,mixed
2950,22,122,6725.3,8742.9,0.7021,mixed
2951,23,122,7009.3,9112.1,0.6701,mixed
2952,0,123,6416.9,8341.9,0.5743,mixed
2953,1,123,6916.7,8991.7,0.5854,mixed
2954,2,123,6609.9,8592.9,0.6001,mixed
2955,3,123,6283.9,8169.1,0.6189,mixed
2956,4,123,7033.4,9143.4,0.6423,mixed
2957,5,123,6923.6,9000.7,0.6701,mixed
2958,6,123,6876.2,8939.0,0.7021,mixed
2959,7,123,7038.3,9149.8,0.7373,mixed
2960,8,123,6765.3,8794.9,0.7744,mixed
2961,9,123,6740.9,8763.2,0.8115,mixed
2962,10,123,7222.1,9388.7,0.8463,mixed
2963,11,123,7624.7,9912.2,0.8765,mixed
2964,12,123,7480.1,9724.1,0.9,mixed
2965,13,123,7818.3,10163.8,0.9149,mixed
2966,14,123,7747.7,10072.0,0.92,mixed
2967,15,123,7441.6,9674.1,0.9149,mixed
2968,16,123,7654.8,9951.3,0.9,mixed
2969,17,123,7656.3,9953.2,0.8765,mixed
2970,18,123,7213.7,9377.9,0.8463,mixed
2971,19,123,7081.0,9205.3,0.8115,mixed
2972,20,123,7045.1,9158.7,0.7744,mixed
2973,21,123,6404.8,8326.2,0.7373,mixed
2974,22,123,6855.8,8912.6,0.7021,mixed
2975,23,123,6847.5,8901.8,0.6701,mixed
2976,0,124,6421.1,8347.4,0.567,mixed
2977,1,124,6483.0,8427.9,0.5748,mixed
2978,2,124,6439.1,8370.8,0.5851,mixed
2979,3,124,6098.4,7927.9,0.5982,mixed
2980,4,124,6862.1,8920.7,0.6146,mixed
2981,5,124,6521.8,8478.3,0.6341,mixed
2982,6,124,6538.3,8499.8,0.6565,mixed
2983,7,124,7010.1,9113.2,0.6811,mixed
2984,8,124,7013.6,9117.7,0.7071,mixed
2985,9,124,6947.8,9032.2,0.733,mixed
2986,10,124,7125.2,9262.8,0.7574,mixed
2987,11,124,6784.5,8819.8,0.7786,mixed
2988,12,124,7060.1,9178.2,0.795,mixed
2989,13,124,7384.7,9600.1,0.8054,mixed
2990,14,124,6974.7,9067.1,0.809,mixed
2991,15,124,6895.7,8964.4,0.8054,mixed
2992,16,124,7094.0,9222.2,0.795,mixed
2993,17,124,7049.5,9164.4,0.7786,mixed
2994,18,124,7099.8,9229.7,0.7574,mixed
2995,19,124,6606.5,8588.4,0.733,mixed
2996,20,124,6292.5,8180.2,0.7071,mixed
2997,21,124,6921.9,8998.5,0.6811,mixed
2998,22,124,6445.3,8378.9,0.6565,mixed
2999,23,124,6473.9,8416.0,0.6341,mixed
3000,0,125,5974.6,7767.0,0.567,mixed
3001,1,125,6613.5,8597.6,0.5748,mixed
3002,2,125,6515.2,8469.8,0.5851,mixed
3003,3,125,6547.4,8511.6,0.5982,mixed
3004,4,125,6595.6,8574.2,0.6146,mixed
3005,5,125,6187.0,8043.1,0.6341,mixed
3006,6,125,6464.9,8404.3,0.6565,mixed
3007,7,125,6644.4,8637.8,0.6811,mixed
3008,8,125,6660.5,8658.7,0.7071,mixed
3009,9,125,6835.2,8885.8,0.733,mixed
3010,10,125,7015.9,9120.7,0.7574,mixed
3011,11,125,7240.2,9412.3,0.7786,mixed
3012,12,125,6763.0,8792.0,0.795,mixed
3013,13,125,7106.7,9238.7,0.8054,mixed
3014,14,125,7271.3,9452.7,0.809,mixed
3015,15,125,6911.5,8985.0,0.8054,mixed
3016,16,125,7036.4,9147.3,0.795,mixed
3017,17,125,7126.4,9264.3,0.7786,mixed
3018,18,125,6966.8,9056.9,0.7574,mixed
3019,19,125,7030.8,9140.0,0.733,mixed
3020,20,125,6832.9,8882.8,0.7071,mixed
3021,21,125,6672.7,8674.5,0.6811,mixed
3022,22,125,6427.4,8355.6,0.6565,mixed
3023,23,125,6643.5,8636.5,0.6341,mixed
3024,0,126,6434.5,8364.9,0.5743,mixed
3025,1,126,6256.4,8133.3,0.5854,mixed
3026,2,126,6605.9,8587.7,0.6001,mixed
3027,3,126,6798.2,8837.6,0.6189,mixed
3028,4,126,6488.0,8434.4,0.6423,mixed
3029,5,126,6556.4,8523.3,0.6701,mixed
3030,6,126,6642.8,8635.6,0.7021,mixed
3031,7,126,6556.6,8523.6,0.7373,mixed
3032,8,126,7437.4,9668.7,0.7744,mixed
3033,9,126,7030.7,9139.9,0.8115,mixed
3034,10,126,7044.9,9158.4,0.8463,mixed
3035,11,126,7074.4,9196.7,0.8765,mixed
3036,12,126,7306.3,9498.2,0.9,mixed
3037,13,126,7281.9,9466.5,0.9149,mixed
3038,14,126,7773.8,10106.0,0.92,mixed
3039,15,126,7158.4,9305.9,0.9149,mixed
3040,16,126,7051.1,9166.5,0.9,mixed
3041,17,126,7443.1,9676.0,0.8765,mixed
3042,18,126,7207.9,9370.2,0.8463,mixed
3043,19,126,7079.0,9202.7,0.8115,mixed
3044,20,126,7133.3,9273.3,0.7744,mixed
3045,21,126,6932.7,9012.5,0.7373,mixed
3046,22,126,6789.1,8825.8,0.7021,mixed
3047,23,126,6420.0,8346.0,0.6701,mixed
3048,0,127,6094.2,7922.5,0.5743,mixed
3049,1,127,6313.0,8206.8,0.5854,mixed
3050,2,127,6281.3,8165.7,0.6001,mixed
3051,3,127,6602.0,8582.5,0.6189,mixed
3052,4,127,6261.9,8140.5,0.6423,mixed
3053,5,127,6612.8,8596.6,0.6701,mixed
3054,6,127,6763.3,8792.3,0.7021,mixed
3055,7,127,6896.1,8965.0,0.7373,mixed
3056,8,127,7099.5,9229.4,0.7744,mixed
3057,9,127,7056.9,9173.9,0.8115,mixed
3058,10,127,7086.3,9212.2,0.8463,mixed
3059,11,127,7595.2,9873.8,0.8765,mixed
3060,12,127,7321.3,9517.8,0.9,mixed
3061,13,127,7753.6,10079.7,0.9149,mixed
3062,14,127,7379.6,9593.5,0.92,mixed
3063,15,127,7433.4,9663.4,0.9149,mixed
3064,16,127,7361.6,9570.0,0.9,mixed
3065,17,127,7372.7,9584.5,0.8765,mixed
3066,18,127,7140.0,9282.1,0.8463,mixed
3067,19,127,7147.2,9291.4,0.8115,mixed
3068,20,127,7337.7,9539.1,0.7744,mixed
3069,21,127,7121.6,9258.1,0.7373,mixed
3070,22,127,7014.0,9118.2,0.7021,mixed
3071,23,127,6432.8,8362.7,0.6701,mixed
3072,0,128,6188.1,8044.6,0.5743,mixed
3073,1,128,6490.6,8437.8,0.5854,mixed
3074,2,128,6642.7,8635.4,0.6001,mixed
3075,3,128,6447.1,8381.2,0.6189,mixed
3076,4,128,6480.6,8424.7,0.6423,mixed
3077,5,128,6982.9,9077.8,0.6701,mixed
3078,6,128,6938.5,9020.1,0.7021,mixed
3079,7,128,7123.5,9260.5,0.7373,mixed
3080,8,128,6922.6,8999.4,0.7744,mixed
3081,9,128,7015.5,9120.2,0.8115,mixed
3082,10,128,7437.0,9668.1,0.8463,mixed
3083,11,128,7264.2,9443.4,0.8765,mixed
3084,12,128,7256.9,9433.9,0.9,mixed
3085,13,128,7233.3,9403.2,0.9149,mixed
3086,14,128,7338.0,9539.4,0.92,mixed
3087,15,128,7632.2,9921.9,0.9149,mixed
3088,16,128,7057.5,9174.8,0.9,mixed
3089,17,128,7460.1,9698.1,0.8765,mixed
3090,18,128,7077.5,9200.7,0.8463,mixed
3091,19,128,7081.7,9206.2,0.8115,mixed
3092,20,128,6984.8,9080.2,0.7744,mixed
3093,21,128,6858.6,8916.2,0.7373,mixed
3094,22,128,6740.1,8762.1,0.7021,mixed
3095,23,128,6613.3,8597.3,0.6701,mixed
3096,0,129,6305.3,8196.9,0.5743,mixed
3097,1,129,6703.8,8714.9,0.5854,mixed
3098,2,129,6497.4,8446.6,0.6001,mixed
3099,3,129,6524.3,8481.6,0.6189,mixed
3100,4,129,6491.1,8438.4,0.6423,mixed
3101,5,129,6620.6,8606.8,0.6701,mixed
3102,6,129,6667.9,8668.2,0.7021,mixed
3103,7,129,7062.9,9181.7,0.7373,mixed
3104,8,129,6856.9,8914.0,0.7744,mixed
3105,9,129,6646.4,8640.4,0.8115,mixed
3106,10,129,7243.8,9416.9,0.8463,mixed
3107,11,129,7260.5,9438.7,0.8765,mixed
3108,12,129,7262.4,9441.1,0.9,mixed
3109,13,129,7640.4,9932.5,0.9149,mixed
3110,14,129,6841.2,8893.5,0.92,mixed
3111,15,129,7788.7,10125.3,0.9149,mixed
3112,16,129,7626.2,9914.1,0.9,mixed
3113,17,129,7183.9,9339.1,0.8765,mixed
3114,18,129,7133.3,9273.3,0.8463,mixed
3115,19,129,7234.5,9404.9,0.8115,mixed
3116,20,129,7127.4,9265.6,0.7744,mixed
3117,21,129,6773.0,8805.0,0.7373,mixed
3118,22,129,6468.9,8409.6,0.7021,mixed
3119,23,129,7127.7,9266.0,0.6701,mixed
3120,0,130,6599.3,8579.1,0.5743,mixed
3121,1,130,6478.8,8422.4,0.5854,mixed
3122,2,130,6526.8,8484.8,0.6001,mixed
3123,3,130,6671.1,8672.5,0.6189,mixed
3124,4,130,6766.2,8796.1,0.6423,mixed
3125,5,130,6283.1,8168.1,0.6701,mixed
3126,6,130,6727.1,8745.2,0.7021,mixed
3127,7,130,6810.1,8853.2,0.7373,mixed
3128,8,130,6981.6,9076.1,0.7744,mixed
3129,9,130,7291.5,9478.9,0.8115,mixed
3130,10,130,6842.8,8895.6,0.8463,mixed
3131,11,130,7025.5,9133.2,0.8765,mixed
3132,12,130,7241.1,9413.5,0.9,mixed
3133,13,130,7471.4,9712.9,0.9149,mixed
3134,14,130,7638.3,9929.8,0.92,mixed
3135,15,130,7801.0,10141.3,0.9149,mixed
3136,16,130,7328.8,9527.5,0.9,mixed
3137,17,130,7504.3,9755.6,0.8765,mixed
3138,18,130,7385.2,9600.7,0.8463,mixed
3139,19,130,7242.5,9415.2,0.8115,mixed
3140,20,130,7010.4,9113.6,0.7744,mixed
3141,21,130,6821.6,8868.1,0.7373,mixed
3142,22,130,6581.3,8555.7,0.7021,mixed
3143,23,130,6475.1,8417.7,0.6701,mixed
3144,0,131,6459.9,8397.9,0.567,mixed
3145,1,131,6406.1,8328.0,0.5748,mixed
3146,2,131,6367.1,8277.2,0.5851,mixed
3147,3,131,6616.4,8601.3,0.5982,mixed
3148,4,131,6496.7,8445.8,0.6146,mixed
3149,5,131,6413.9,8338.1,0.6341,mixed
3150,6,131,6608.5,8591.0,0.6565,mixed
3151,7,131,6901.6,8972.0,0.6811,mixed
3152,8,131,6604.4,8585.7,0.7071,mixed
3153,9,131,6934.6,9015.0,0.733,mixed
3154,10,131,6952.9,9038.8,0.7574,mixed
3155,11,131,6867.6,8927.9,0.7786,mixed
3156,12,131,7015.0,9119.5,0.795,mixed
3157,13,131,6773.4,8805.4,0.8054,mixed
3158,14,131,7142.7,9285.5,0.809,mixed
3159,15,131,6817.6,8862.8,0.8054,mixed
3160,16,131,7305.0,9496.5,0.795,mixed
3161,17,131,7008.6,9111.2,0.7786,mixed
3162,18,131,6845.0,8898.5,0.7574,mixed
3163,19,131,7131.3,9270.7,0.733,mixed
3164,20,131,6602.7,8583.5,0.7071,mixed
3165,21,131,6584.6,8560.0,0.6811,mixed
3166,22,131,6296.2,8185.0,0.6565,mixed
3167,23,131,6853.6,8909.7,0.6341,mixed
3168,0,132,6752.6,8778.4,0.567,mixed
3169,1,132,6094.5,7922.8,0.5748,mixed
3170,2,132,6289.7,8176.6,0.5851,mixed
3171,3,132,6500.6,8450.8,0.5982,mixed
3172,4,132,6434.9,8365.4,0.6146,mixed
3173,5,132,6588.4,8564.9,0.6341,mixed
3174,6,132,6638.2,8629.7,0.6565,mixed
3175,7,132,6818.1,8863.5,0.6811,mixed
3176,8,132,6617.2,8602.3,0.7071,mixed
3177,9,132,6931.2,9010.6,0.733,mixed
3178,10,132,6731.3,8750.7,0.7574,mixed
3179,11,132,6941.2,9023.5,0.7786,mixed
3180,12,132,6708.6,8721.1,0.795,mixed
3181,13,132,7022.3,9129.0,0.8054,mixed
3182,14,132,6997.0,9096.1,0.809,mixed
3183,15,132,7309.8,9502.8,0.8054,mixed
3184,16,132,7064.7,9184.2,0.795,mixed
3185,17,132,7053.8,9170.0,0.7786,mixed
3186,18,132,6959.8,9047.7,0.7574,mixed
3187,19,132,6451.2,8386.6,0.733,mixed
3188,20,132,6405.4,8327.0,0.7071,mixed
3189,21,132,6671.3,8672.7,0.6811,mixed
3190,22,132,6717.4,8732.6,0.6565,mixed
3191,23,132,6548.1,8512.5,0.6341,mixed
3192,0,133,6249.0,8123.7,0.5743,mixed
3193,1,133,6402.0,8322.6,0.5854,mixed
3194,2,133,6428.8,8357.5,0.6001,mixed
3195,3,133,6702.1,8712.8,0.6189,mixed
3196,4,133,6762.7,8791.5,0.6423,mixed
3197,5,133,6591.4,8568.8,0.6701,mixed
3198,6,133,6788.5,8825.0,0.7021,mixed
3199,7,133,6961.5,9050.0,0.7373,mixed
3200,8,133,7104.9,9236.4,0.7744,mixed
3201,9,133,7480.0,9724.0,0.8115,mixed
3202,10,133,7225.0,9392.5,0.8463,mixed
3203,11,133,7578.6,9852.2,0.8765,mixed
3204,12,133,7135.1,9275.6,0.9,mixed
3205,13,133,7294.7,9483.1,0.9149,mixed
3206,14,133,6974.8,9067.2,0.92,mixed
3207,15,133,7470.8,9712.0,0.9149,mixed
3208,16,133,7535.9,9796.7,0.9,mixed
3209,17,133,6760.6,8788.7,0.8765,mixed
3210,18,133,7272.0,9453.6,0.8463,mixed
3211,19,133,7255.9,9432.6,0.8115,mixed
3212,20,133,7130.7,9270.0,0.7744,mixed
3213,21,133,6656.6,8653.6,0.7373,mixed
3214,22,133,6956.3,9043.2,0.7021,mixed
3215,23,133,6704.5,8715.9,0.6701,mixed
3216,0,134,6529.0,8487.7,0.5743,mixed
3217,1,134,6424.1,8351.3,0.5854,mixed
3218,2,134,6566.7,8536.8,0.6001,mixed
3219,3,134,6767.0,8797.1,0.6189,mixed
3220,4,134,6578.6,8552.1,0.6423,mixed
3221,5,134,6759.8,8787.7,0.6701,mixed
3222,6,134,7053.5,9169.6,0.7021,mixed
3223,7,134,6876.7,8939.8,0.7373,mixed
3224,8,134,6778.7,8812.3,0.7744,mixed
3225,9,134,7271.2,9452.6,0.8115,mixed
3226,10,134,7542.4,9805.1,0.8463,mixed
3227,11,134,7605.0,9886.5,0.8765,mixed
3228,12,134,7550.9,9816.2,0.9,mixed
3229,13,134,6914.0,8988.2,0.9149,mixed
3230,14,134,7310.2,9503.2,0.92,mixed
3231,15,134,7306.6,9498.5,0.9149,mixed
3232,16,134,7402.3,9623.0,0.9,mixed
3233,17,134,7692.7,10000.5,0.8765,mixed
3234,18,134,6996.7,9095.7,0.8463,mixed
3235,19,134,7606.1,9887.9,0.8115,mixed
3236,20,134,6935.1,9015.6,0.7744,mixed
3237,21,134,6745.5,8769.1,0.7373,mixed
3238,22,134,6971.0,9062.3,0.7021,mixed
3239,23,134,6888.5,8955.1,0.6701,mixed
3240,0,135,6540.4,8502.5,0.5743,mixed
3241,1,135,6299.6,8189.5,0.5854,mixed
3242,2,135,6590.3,8567.4,0.6001,mixed
3243,3,135,6346.0,8249.8,0.6189,mixed
3244,4,135,6460.8,8399.0,0.6423,mixed
3245,5,135,6683.6,8688.7,0.6701,mixed
3246,6,135,6631.4,8620.8,0.7021,mixed
3247,7,135,7122.4,9259.1,0.7373,mixed
3248,8,135,6893.9,8962.0,0.7744,mixed
3249,9,135,7079.6,9203.4,0.8115,mixed
3250,10,135,7040.2,9152.2,0.8463,mixed
3251,11,135,7549.8,9814.7,0.8765,mixed
3252,12,135,7244.6,9418.0,0.9,mixed
3253,13,135,7691.8,9999.3,0.9149,mixed
3254,14,135,7691.2,9998.6,0.92,mixed
3255,15,135,7337.5,9538.8,0.9149,mixed
3256,16,135,7398.9,9618.6,0.9,mixed
3257,17,135,7217.8,9383.2,0.8765,mixed
3258,18,135,7349.5,9554.4,0.8463,mixed
3259,19,135,7085.1,9210.6,0.8115,mixed
3260,20,135,6927.7,9006.0,0.7744,mixed
3261,21,135,6913.9,8988.1,0.7373,mixed
3262,22,135,6475.9,8418.7,0.7021,mixed
3263,23,135,6687.4,8693.6,0.6701,mixed
3264,0,136,6540.3,8502.4,0.5743,mixed
3265,1,136,6475.2,8417.7,0.5854,mixed
3266,2,136,6677.9,8681.3,0.6001,mixed
3267,3,136,6474.9,8417.4,0.6189,mixed
3268,4,136,6527.9,8486.3,0.6423,mixed
3269,5,136,6478.0,8421.4,0.6701,mixed
3270,6,136,6715.9,8730.7,0.7021,mixed
3271,7,136,7311.5,9505.0,0.7373,mixed
3272,8,136,7073.5,9195.6,0.7744,mixed
3273,9,136,7001.5,9101.9,0.8115,mixed
3274,10,136,7012.9,9116.7,0.8463,mixed
3275,11,136,6970.8,9062.0,0.8765,mixed
3276,12,136,7208.2,9370.6,0.9,mixed
3277,13,136,7606.4,9888.3,0.9149,mixed
3278,14,136,7356.8,9563.9,0.92,mixed
3279,15,136,7223.2,9390.2,0.9149,mixed
3280,16,136,7204.2,9365.5,0.9,mixed
3281,17,136,7464.5,9703.9,0.8765,mixed
3282,18,136,7213.5,9377.5,0.8463,mixed
3283,19,136,6992.6,9090.4,0.8115,mixed
3284,20,136,6950.7,9035.8,0.7744,mixed
3285,21,136,7361.2,9569.6,0.7373,mixed
3286,22,136,7047.4,9161.6,0.7021,mixed
3287,23,136,6998.0,9097.4,0.6701,mixed
3288,0,137,6078.1,7901.5,0.5743,mixed
3289,1,137,6419.2,8345.0,0.5854,mixed
3290,2,137,6366.9,8277.0,0.6001,mixed
3291,3,137,6655.9,8652.7,0.6189,mixed
3292,4,137,6829.5,8878.4,0.6423,mixed
3293,5,137,6768.3,8798.8,0.6701,mixed
3294,6,137,6620.7,8606.9,0.7021,mixed
3295,7,137,6767.4,8797.7,0.7373,mixed
3296,8,137,7146.2,9290.0,0.7744,mixed
3297,9,137,7280.6,9464.8,0.8115,mixed
3298,10,137,7261.7,9440.2,0.8463,mixed
3299,11,137,7350.4,9555.5,0.8765,mixed
3300,12,137,7403.4,9624.5,0.9,mixed
3301,13,137,7497.0,9746.1,0.9149,mixed
3302,14,137,7612.4,9896.1,0.92,mixed
3303,15,137,7577.6,9850.9,0.9149,mixed
3304,16,137,7397.6,9616.8,0.9,mixed
3305,17,137,7311.1,9504.4,0.8765,mixed
3306,18,137,7212.2,9375.8,0.8463,mixed
3307,19,137,6959.9,9047.8,0.8115,mixed
3308,20,137,6848.7,8903.2,0.7744,mixed
3309,21,137,7017.0,9122.1,0.7373,mixed
3310,22,137,6653.2,8649.2,0.7021,mixed
3311,23,137,6866.3,8926.2,0.6701,mixed
3312,0,138,6383.5,8298.6,0.567,mixed
3313,1,138,6574.4,8546.7,0.5748,mixed
3314,2,138,6570.7,8541.9,0.5851,mixed
3315,3,138,6651.1,8646.4,0.5982,mixed
3316,4,138,6442.6,8375.4,0.6146,mixed
3317,5,138,6675.5,8678.1,0.6341,mixed
3318,6,138,6809.2,8852.0,0.6565,mixed
3319,7,138,6422.3,8348.9,0.6811,mixed
3320,8,138,7161.4,9309.8,0.7071,mixed
3321,9,138,7359.8,9567.8,0.733,mixed
3322,10,138,7162.4,9311.1,0.7574,mixed
3323,11,138,7197.9,9357.3,0.7786,mixed
3324,12,138,7202.3,9363.0,0.795,mixed
3325,13,138,7039.6,9151.5,0.8054,mixed
3326,14,138,7095.8,9224.5,0.809,mixed
3327,15,138,7314.3,9508.5,0.8054,mixed
3328,16,138,6870.7,8931.9,0.795,mixed
3329,17,138,6804.4,8845.7,0.7786,mixed
3330,18,138,6881.5,8945.9,0.7574,mixed
3331,19,138,7027.0,9135.2,0.733,mixed
3332,20,138,6636.6,8627.6,0.7071,mixed
3333,21,138,6690.2,8697.2,0.6811,mixed
3334,22,138,6640.4,8632.5,0.6565,mixed
3335,23,138,6394.4,8312.7,0.6341,mixed
3336,0,139,5925.4,7703.1,0.567,mixed
3337,1,139,6219.0,8084.7,0.5748,mixed
3338,2,139,6497.9,8447.3,0.5851,mixed
3339,3,139,6581.6,8556.1,0.5982,mixed
3340,4,139,6633.0,8622.9,0.6146,mixed
3341,5,139,6715.2,8729.7,0.6341,mixed
3342,6,139,6536.6,8497.5,0.6565,mixed
3343,7,139,6565.9,8535.6,0.6811,mixed
3344,8,139,6890.2,8957.3,0.7071,mixed
3345,9,139,6847.6,8901.9,0.733,mixed
3346,10,139,7154.0,9300.2,0.7574,mixed
3347,11,139,7108.4,9240.9,0.7786,mixed
3348,12,139,7349.9,9554.9,0.795,mixed
3349,13,139,7009.3,9112.1,0.8054,mixed
3350,14,139,7347.3,9551.5,0.809,mixed
3351,15,139,7542.5,9805.3,0.8054,mixed
3352,16,139,7088.7,9215.3,0.795,mixed
3353,17,139,7133.3,9273.3,0.7786,mixed
3354,18,139,6770.1,8801.1,0.7574,mixed
3355,19,139,7076.2,9199.1,0.733,mixed
3356,20,139,7044.4,9157.7,0.7071,mixed
3357,21,139,6635.8,8626.6,0.6811,mixed
3358,22,139,6778.9,8812.6,0.6565,mixed
3359,23,139,6650.1,8645.1,0.6341,mixed
3360,0,140,6490.5,8437.6,0.5743,mixed
3361,1,140,6605.6,8587.2,0.5854,mixed
3362,2,140,6593.6,8571.7,0.6001,mixed
3363,3,140,6521.8,8478.3,0.6189,mixed
3364,4,140,6784.6,8819.9,0.6423,mixed
3365,5,140,6926.2,9004.1,0.6701,mixed
3366,6,140,6685.6,8691.3,0.7021,mixed
3367,7,140,6904.0,8975.2,0.7373,mixed
3368,8,140,6643.3,8636.3,0.7744,mixed
3369,9,140,7251.5,9426.9,0.8115,mixed
3370,10,140,7496.5,9745.4,0.8463,mixed
3371,11,140,7265.4,9445.0,0.8765,mixed
3372,12,140,7421.9,9648.5,0.9,mixed
3373,13,140,7387.9,9604.2,0.9149,mixed
3374,14,140,7366.5,9576.4,0.92,mixed
3375,15,140,7488.8,9735.4,0.9149,mixed
3376,16,140,7218.4,9383.9,0.9,mixed
3377,17,140,7270.2,9451.3,0.8765,mixed
3378,18,140,7034.9,9145.4,0.8463,mixed
3379,19,140,7252.6,9428.4,0.8115,mixed
3380,20,140,7065.9,9185.7,0.7744,mixed
3381,21,140,6815.0,8859.5,0.7373,mixed
3382,22,140,6806.2,8848.1,0.7021,mixed
3383,23,140,6658.3,8655.8,0.6701,mixed
3384,0,141,6635.4,8626.0,0.5743,mixed
3385,1,141,6363.1,8272.1,0.5854,mixed
3386,2,141,6616.2,8601.1,0.6001,mixed
3387,3,141,6410.5,8333.7,0.6189,mixed
3388,4,141,6780.8,8815.0,0.6423,mixed
3389,5,141,6911.3,8984.6,0.6701,mixed
3390,6,141,7019.8,9125.8,0.7021,mixed
3391,7,141,7209.0,9371.7,0.7373,mixed
3392,8,141,7077.1,9200.2,0.7744,mixed
3393,9,141,7391.4,9608.8,0.8115,mixed
3394,10,141,7583.5,9858.5,0.8463,mixed
3395,11,141,7075.4,9198.0,0.8765,mixed
3396,12,141,7258.5,9436.1,0.9,mixed
3397,13,141,7103.3,9234.3,0.9149,mixed
3398,14,141,7689.5,9996.4,0.92,mixed
3399,15,141,7100.4,9230.6,0.9149,mixed
3400,16,141,6997.6,9096.9,0.9,mixed
3401,17,141,7080.8,9205.1,0.8765,mixed
3402,18,141,6854.0,8910.2,0.8463,mixed
3403,19,141,7184.9,9340.3,0.8115,mixed
3404,20,141,6787.3,8823.5,0.7744,mixed
3405,21,141,6554.2,8520.5,0.7373,mixed
3406,22,141,6790.1,8827.1,0.7021,mixed
3407,23,141,6706.1,8717.9,0.6701,mixed
3408,0,142,6055.4,7872.0,0.5743,mixed
3409,1,142,6310.4,8203.5,0.5854,mixed
3410,2,142,6478.0,8421.4,0.6001,mixed
3411,3,142,6479.0,8422.7,0.6189,mixed
3412,4,142,6553.7,8519.8,0.6423,mixed
3413,5,142,6939.8,9021.7,0.6701,mixed
3414,6,142,7236.5,9407.4,0.7021,mixed
3415,7,142,6839.4,8891.3,0.7373,mixed
3416,8,142,6737.3,8758.5,0.7744,mixed
3417,9,142,7076.5,9199.5,0.8115,mixed
3418,10,142,7273.3,9455.3,0.8463,mixed
3419,11,142,7310.2,9503.2,0.8765,mixed
3420,12,142,7527.8,9786.1,0.9,mixed
3421,13,142,7930.5,10309.6,0.9149,mixed
3422,14,142,7069.3,9190.1,0.92,mixed
3423,15,142,7323.9,9521.0,0.9149,mixed
3424,16,142,7734.1,10054.3,0.9,mixed
3425,17,142,7207.2,9369.4,0.8765,mixed
3426,18,142,7402.4,9623.1,0.8463,mixed
3427,19,142,7261.6,9440.0,0.8115,mixed
3428,20,142,7275.9,9458.6,0.7744,mixed
3429,21,142,7300.7,9490.8,0.7373,mixed
3430,22,142,6866.6,8926.5,0.7021,mixed
3431,23,142,6351.6,8257.1,0.6701,mixed
3432,0,143,6280.5,8164.6,0.5743,mixed
3433,1,143,6871.4,8932.8,0.5854,mixed
3434,2,143,6217.1,8082.2,0.6001,mixed
3435,3,143,6646.7,8640.7,0.6189,mixed
3436,4,143,6119.8,7955.7,0.6423,mixed
3437,5,143,6431.0,8360.3,0.6701,mixed
3438,6,143,6979.5,9073.4,0.7021,mixed
3439,7,143,6911.8,8985.3,0.7373,mixed
3440,8,143,6936.3,9017.2,0.7744,mixed
3441,9,143,6952.6,9038.4,0.8115,mixed
3442,10,143,6798.0,8837.4,0.8463,mixed
3443,11,143,7474.2,9716.4,0.8765,mixed
3444,12,143,7329.5,9528.4,0.9,mixed
3445,13,143,7097.5,9226.7,0.9149,mixed
3446,14,143,7459.1,9696.8,0.92,mixed
3447,15,143,7566.7,9836.7,0.9149,mixed
3448,16,143,7347.8,9552.2,0.9,mixed
3449,17,143,7347.4,9551.6,0.8765,mixed
3450,18,143,7239.4,9411.2,0.8463,mixed
3451,19,143,6975.6,9068.2,0.8115,mixed
3452,20,143,7027.0,9135.1,0.7744,mixed
3453,21,143,7056.6,9173.6,0.7373,mixed
3454,22,143,7009.7,9112.6,0.7021,mixed
3455,23,143,6861.7,8920.2,0.6701,mixed
3456,0,144,6285.3,8170.9,0.5743,mixed
3457,1,144,6571.5,8543.0,0.5854,mixed
3458,2,144,6583.2,8558.1,0.6001,mixed
3459,3,144,6409.6,8332.5,0.6189,mixed
3460,4,144,6526.9,8485.0,0.6423,mixed
3461,5,144,6839.3,8891.1,0.6701,mixed
3462,6,144,7079.5,9203.3,0.7021,mixed
3463,7,144,6529.1,8487.8,0.7373,mixed
3464,8,144,7360.7,9569.0,0.7744,mixed
3465,9,144,7375.6,9588.3,0.8115,mixed
3466,10,144,7274.3,9456.6,0.8463,mixed
3467,11,144,7269.0,9449.7,0.8765,mixed
3468,12,144,7478.9,9722.6,0.9,mixed
3469,13,144,7294.1,9482.3,0.9149,mixed
3470,14,144,7412.6,9636.4,0.92,mixed
3471,15,144,7107.9,9240.3,0.9149,mixed
3472,16,144,7006.1,9107.9,0.9,mixed
3473,17,144,7834.2,10184.4,0.8765,mixed
3474,18,144,7244.8,9418.3,0.8463,mixed
3475,19,144,7170.2,9321.3,0.8115,mixed
3476,20,144,7009.1,9111.8,0.7744,mixed
3477,21,144,6732.9,8752.7,0.7373,mixed
3478,22,144,6736.0,8756.8,0.7021,mixed
3479,23,144,6721.0,8737.3,0.6701,mixed
3480,0,145,6355.7,8262.4,0.567,mixed
3481,1,145,6271.8,8153.4,0.5748,mixed
3482,2,145,6540.2,8502.3,0.5851,mixed
3483,3,145,6523.7,8480.8,0.5982,mixed
3484,4,145,6613.1,8597.0,0.6146,mixed
3485,5,145,6734.0,8754.3,0.6341,mixed
3486,6,145,6627.7,8616.0,0.6565,mixed
3487,7,145,6701.6,8712.1,0.6811,mixed
3488,8,145,7116.6,9251.6,0.7071,mixed
3489,9,145,6696.2,8705.1,0.733,mixed
3490,10,145,6573.0,8544.9,0.7574,mixed
3491,11,145,7145.1,9288.7,0.7786,mixed
3492,12,145,6943.7,9026.8,0.795,mixed
3493,13,145,6878.8,8942.5,0.8054,mixed
3494,14,145,7308.4,9500.9,0.809,mixed
3495,15,145,7077.7,9201.0,0.8054,mixed
3496,16,145,6809.0,8851.8,0.795,mixed
3497,17,145,7436.0,9666.8,0.7786,mixed
3498,18,145,6628.0,8616.3,0.7574,mixed
3499,19,145,6873.5,8935.5,0.733,mixed
3500,20,145,6427.4,8355.6,0.7071,mixed
3501,21,145,6790.4,8827.5,0.6811,mixed
3502,22,145,6533.6,8493.7,0.6565,mixed
3503,23,145,6756.6,8783.6,0.6341,mixed
3504,0,146,6390.0,8307.1,0.567,mixed
3505,1,146,6676.6,8679.6,0.5748,mixed
3506,2,146,6364.3,8273.7,0.5851,mixed
3507,3,146,6174.8,8027.2,0.5982,mixed
3508,4,146,6582.6,8557.4,0.6146,mixed
3509,5,146,6544.6,8508.0,0.6341,mixed
3510,6,146,6298.2,8187.6,0.6565,mixed
3511,7,146,6522.5,8479.2,0.6811,mixed
3512,8,146,6662.9,8661.8,0.7071,mixed
3513,9,146,7212.9,9376.8,0.733,mixed
3514,10,146,7112.3,9246.0,0.7574,mixed
3515,11,146,6954.7,9041.1,0.7786,mixed
3516,12,146,7177.3,9330.5,0.795,mixed
3517,13,146,6673.7,8675.8,0.8054,mixed
3518,14,146,6998.7,9098.3,0.809,mixed
3519,15,146,7194.1,9352.3,0.8054,mixed
3520,16,146,7112.4,9246.2,0.795,mixed
3521,17,146,6914.3,8988.6,0.7786,mixed
3522,18,146,6956.5,9043.4,0.7574,mixed
3523,19,146,6961.3,9049.7,0.733,mixed
3524,20,146,6811.7,8855.2,0.7071,mixed
3525,21,146,6909.7,8982.6,0.6811,mixed
3526,22,146,6725.4,8743.1,0.6565,mixed
3527,23,146,6695.7,8704.4,0.6341,mixed
3528,0,147,6745.1,8768.6,0.5743,mixed
3529,1,147,6608.5,8591.1,0.5854,mixed
3530,2,147,6831.6,8881.1,0.6001,mixed
3531,3,147,6417.1,8342.2,0.6189,mixed
3532,4,147,6302.9,8193.7,0.6423,mixed
3533,5,147,6674.5,8676.8,0.6701,mixed
3534,6,147,6752.6,8778.4,0.7021,mixed
3535,7,147,7206.6,9368.6,0.7373,mixed
3536,8,147,6777.7,8811.0,0.7744,mixed
3537,9,147,7109.8,9242.8,0.8115,mixed
3538,10,147,7319.0,9514.7,0.8463,mixed
3539,11,147,7343.9,9547.0,0.8765,mixed
3540,12,147,7354.3,9560.6,0.9,mixed
3541,13,147,7517.0,9772.1,0.9149,mixed
3542,14,147,7693.6,10001.6,0.92,mixed
3543,15,147,7779.6,10113.5,0.9149,mixed
3544,16,147,7399.6,9619.5,0.9,mixed
3545,17,147,7142.7,9285.5,0.8765,mixed
3546,18,147,7564.0,9833.2,0.8463,mixed
3547,19,147,6896.3,8965.2,0.8115,mixed
3548,20,147,7392.4,9610.1,0.7744,mixed
3549,21,147,7182.8,9337.6,0.7373,mixed
3550,22,147,7102.4,9233.1,0.7021,mixed
3551,23,147,6840.5,8892.6,0.6701,mixed
3552,0,148,6008.7,7811.3,0.5743,mixed
3553,1,148,6247.4,8121.7,0.5854,mixed
3554,2,148,6552.3,8518.0,0.6001,mixed
3555,3,148,6416.3,8341.2,0.6189,mixed
3556,4,148,6556.5,8523.4,0.6423,mixed
3557,5,148,6825.9,8873.7,0.6701,mixed
3558,6,148,6764.0,8793.2,0.7021,mixed
3559,7,148,6651.8,8647.4,0.7373,mixed
3560,8,148,7202.0,9362.5,0.7744,mixed
3561,9,148,7236.8,9407.8,0.8115,mixed
3562,10,148,7177.1,9330.2,0.8463,mixed
3563,11,148,7478.1,9721.5,0.8765,mixed
3564,12,148,7413.4,9637.4,0.9,mixed
3565,13,148,7734.0,10054.2,0.9149,mixed
3566,14,148,7486.1,9731.9,0.92,mixed
3567,15,148,7732.4,10052.1,0.9149,mixed
3568,16,148,6976.8,9069.8,0.9,mixed
3569,17,148,7422.7,9649.6,0.8765,mixed
3570,18,148,7144.8,9288.3,0.8463,mixed
3571,19,148,6943.0,9025.9,0.8115,mixed
3572,20,148,7259.4,9437.2,0.7744,mixed
3573,21,148,7088.5,9215.0,0.7373,mixed
3574,22,148,6389.4,8306.2,0.7021,mixed
3575,23,148,6846.5,8900.5,0.6701,mixed
3576,0,149,6529.6,8488.5,0.5743,mixed
3577,1,149,6308.6,8201.2,0.5854,mixed
3578,2,149,6329.8,8228.8,0.6001,mixed
3579,3,149,6236.6,8107.5,0.6189,mixed
3580,4,149,6552.1,8517.7,0.6423,mixed
3581,5,149,6667.0,8667.1,0.6701,mixed
3582,6,149,6961.2,9049.6,0.7021,mixed
3583,7,149,6960.1,9048.2,0.7373,mixed
3584,8,149,6792.5,8830.2,0.7744,mixed
3585,9,149,7177.8,9331.1,0.8115,mixed
3586,10,149,7176.0,9328.8,0.8463,mixed
3587,11,149,7116.5,9251.5,0.8765,mixed
3588,12,149,7039.8,9151.8,0.9,mixed
3589,13,149,7576.4,9849.3,0.9149,mixed
3590,14,149,7552.1,9817.7,0.92,mixed
3591,15,149,7561.2,9829.6,0.9149,mixed
3592,16,149,7230.8,9400.1,0.9,mixed
3593,17,149,7359.5,9567.3,0.8765,mixed
3594,18,149,6932.8,9012.6,0.8463,mixed
3595,19,149,6915.8,8990.5,0.8115,mixed
3596,20,149,7022.7,9129.5,0.7744,mixed
3597,21,149,6958.7,9046.3,0.7373,mixed
3598,22,149,6466.4,8406.4,0.7021,mixed
3599,23,149,6490.0,8437.0,0.6701,mixed
3600,0,150,6344.9,8248.4,0.5743,mixed
3601,1,150,6633.9,8624.1,0.5854,mixed
3602,2,150,6334.2,8234.4,0.6001,mixed
3603,3,150,6576.7,8549.7,0.6189,mixed
3604,4,150,6667.8,8668.2,0.6423,mixed
3605,5,150,6652.5,8648.2,0.6701,mixed
3606,6,150,6853.3,8909.3,0.7021,mixed
3607,7,150,6625.8,8613.5,0.7373,mixed
3608,8,150,6877.5,8940.8,0.7744,mixed
3609,9,150,7433.4,9663.4,0.8115,mixed
3610,10,150,7557.6,9824.8,0.8463,mixed
3611,11,150,7507.0,9759.1,0.8765,mixed
3612,12,150,7636.4,9927.3,0.9,mixed
3613,13,150,7029.6,9138.5,0.9149,mixed
3614,14,150,7240.2,9412.3,0.92,mixed
3615,15,150,7367.6,9577.9,0.9149,mixed
3616,16,150,7928.0,10306.5,0.9,mixed
3617,17,150,7253.1,9429.0,0.8765,mixed
3618,18,150,7392.7,9610.5,0.8463,mixed
3619,19,150,7207.6,9369.9,0.8115,mixed
3620,20,150,7090.5,9217.7,0.7744,mixed
3621,21,150,6899.5,8969.3,0.7373,mixed
3622,22,150,6553.9,8520.0,0.7021,mixed
3623,23,150,6159.5,8007.4,0.6701,mixed
3624,0,151,6662.0,8660.6,0.5743,mixed
3625,1,151,6329.2,8228.0,0.5854,mixed
3626,2,151,6128.9,7967.5,0.6001,mixed
3627,3,151,6635.1,8625.6,0.6189,mixed
3628,4,151,6702.2,8712.9,0.6423,mixed
3629,5,151,6857.1,8914.2,0.6701,mixed
3630,6,151,7026.2,9134.1,0.7021,mixed
3631,7,151,6714.0,8728.2,0.7373,mixed
3632,8,151,6831.4,8880.8,0.7744,mixed
3633,9,151,7058.5,9176.1,0.8115,mixed
3634,10,151,7409.4,9632.2,0.8463,mixed
3635,11,151,6860.0,8918.0,0.8765,mixed
3636,12,151,7420.8,9647.0,0.9,mixed
3637,13,151,7645.0,9938.5,0.9149,mixed
3638,14,151,7651.5,9946.9,0.92,mixed
3639,15,151,7595.1,9873.6,0.9149,mixed
3640,16,151,7628.1,9916.5,0.9,mixed
3641,17,151,6718.4,8734.0,0.8765,mixed
3642,18,151,7581.1,9855.5,0.8463,mixed
3643,19,151,7197.3,9356.5,0.8115,mixed
3644,20,151,7296.5,9485.4,0.7744,mixed
3645,21,151,6661.0,8659.3,0.7373,mixed
3646,22,151,6440.9,8373.2,0.7021,mixed
3647,23,151,7061.9,9180.4,0.6701,mixed
3648,0,152,6215.7,8080.4,0.567,mixed
3649,1,152,6356.8,8263.8,0.5748,mixed
3650,2,152,6549.5,8514.3,0.5851,mixed
3651,3,152,6637.5,8628.7,0.5982,mixed
3652,4,152,6747.5,8771.8,0.6146,mixed
3653,5,152,6638.8,8630.4,0.6341,mixed
3654,6,152,6451.0,8386.3,0.6565,mixed
3655,7,152,6878.5,8942.1,0.6811,mixed
3656,8,152,6961.3,9049.7,0.7071,mixed
3657,9,152,6516.1,8471.0,0.733,mixed
3658,10,152,7260.9,9439.2,0.7574,mixed
3659,11,152,6503.6,8454.7,0.7786,mixed
3660,12,152,7296.9,9486.0,0.795,mixed
3661,13,152,6973.4,9065.4,0.8054,mixed
3662,14,152,7270.0,9451.0,0.809,mixed
3663,15,152,7217.4,9382.6,0.8054,mixed
3664,16,152,7069.4,9190.3,0.795,mixed
3665,17,152,7123.1,9260.0,0.7786,mixed
3666,18,152,6946.4,9030.3,0.7574,mixed
3667,19,152,7039.0,9150.7,0.733,mixed
3668,20,152,7260.3,9438.3,0.7071,mixed
3669,21,152,6464.7,8404.1,0.6811,mixed
3670,22,152,6024.6,7832.0,0.6565,mixed
3671,23,152,6512.3,8466.0,0.6341,mixed
3672,0,153,6300.5,8190.7,0.567,mixed
3673,1,153,6343.9,8247.1,0.5748,mixed
3674,2,153,6268.3,8148.7,0.5851,mixed
3675,3,153,6656.8,8653.9,0.5982,mixed
3676,4,153,6265.2,8144.8,0.6146,mixed
3677,5,153,6683.7,8688.9,0.6341,mixed
3678,6,153,6789.3,8826.1,0.6565,mixed
3679,7,153,6799.7,8839.6,0.6811,mixed
3680,8,153,6913.2,8987.1,0.7071,mixed
3681,9,153,7087.6,9213.9,0.733,mixed
3682,10,153,6975.7,9068.4,0.7574,mixed
3683,11,153,6955.0,9041.4,0.7786,mixed
3684,12,153,7180.6,9334.8,0.795,mixed
3685,13,153,7236.6,9407.6,0.8054,mixed
3686,14,153,7309.3,9502.1,0.809,mixed
3687,15,153,6743.4,8766.4,0.8054,mixed
3688,16,153,7038.4,9149.9,0.795,mixed
3689,17,153,6803.4,8844.4,0.7786,mixed
3690,18,153,7081.7,9206.2,0.7574,mixed
3691,19,153,7041.6,9154.1,0.733,mixed
3692,20,153,6757.5,8784.7,0.7071,mixed
3693,21,153,6588.4,8564.9,0.6811,mixed
3694,22,153,6781.0,8815.4,0.6565,mixed
3695,23,153,6568.2,8538.7,0.6341,mixed
3696,0,154,6689.8,8696.7,0.5743,mixed
3697,1,154,6791.4,8828.9,0.5854,mixed
3698,2,154,6687.4,8693.7,0.6001,mixed
3699,3,154,6594.8,8573.2,0.6189,mixed
3700,4,154,6981.6,9076.1,0.6423,mixed
3701,5,154,6751.1,8776.4,0.6701,mixed
3702,6,154,6700.9,8711.2,0.7021,mixed
3703,7,154,6764.5,8793.8,0.7373,mixed
3704,8,154,6867.5,8927.7,0.7744,mixed
3705,9,154,7125.3,9262.9,0.8115,mixed
3706,10,154,7331.6,9531.1,0.8463,mixed
3707,11,154,7011.0,9114.3,0.8765,mixed
3708,12,154,7292.8,9480.6,0.9,mixed
3709,13,154,7484.5,9729.8,0.9149,mixed
3710,14,154,7596.2,9875.1,0.92,mixed
3711,15,154,7431.2,9660.6,0.9149,mixed
3712,16,154,7446.5,9680.5,0.9,mixed
3713,17,154,7049.8,9164.8,0.8765,mixed
3714,18,154,7033.3,9143.3,0.8463,mixed
3715,19,154,7113.7,9247.8,0.8115,mixed
3716,20,154,7123.0,9259.9,0.7744,mixed
3717,21,154,6952.3,9037.9,0.7373,mixed
3718,22,154,6625.5,8613.2,0.7021,mixed
3719,23,154,6655.1,8651.6,0.6701,mixed
3720,0,155,6706.2,8718.1,0.5743,mixed
3721,1,155,6553.8,8519.9,0.5854,mixed
3722,2,155,6460.9,8399.1,0.6001,mixed
3723,3,155,6347.5,8251.8,0.6189,mixed
3724,4,155,6477.4,8420.7,0.6423,mixed
3725,5,155,6704.0,8715.2,0.6701,mixed
3726,6,155,6854.9,8911.4,0.7021,mixed
3727,7,155,7021.5,9127.9,0.7373,mixed
3728,8,155,7097.2,9226.4,0.7744,mixed
3729,9,155,7047.5,9161.8,0.8115,mixed
3730,10,155,7120.3,9256.3,0.8463,mixed
3731,11,155,7771.5,10103.0,0.8765,mixed
3732,12,155,7268.9,9449.6,0.9,mixed
3733,13,155,7148.8,9293.4,0.9149,mixed
3734,14,155,7085.9,9211.7,0.92,mixed
3735,15,155,7358.2,9565.7,0.9149,mixed
3736,16,155,7600.8,9881.0,0.9,mixed
3737,17,155,7195.4,9354.0,0.8765,mixed
3738,18,155,7551.6,9817.1,0.8463,mixed
3739,19,155,7125.1,9262.7,0.8115,mixed
3740,20,155,7249.1,9423.8,0.7744,mixed
3741,21,155,6747.4,8771.6,0.7373,mixed
3742,22,155,6647.3,8641.4,0.7021,mixed
3743,23,155,6721.0,8737.3,0.6701,mixed
3744,0,156,6508.1,8460.6,0.5743,mixed
3745,1,156,6413.8,8338.0,0.5854,mixed
3746,2,156,6549.5,8514.3,0.6001,mixed
3747,3,156,6664.7,8664.1,0.6189,mixed
3748,4,156,6337.0,8238.1,0.6423,mixed
3749,5,156,6634.1,8624.4,0.6701,mixed
3750,6,156,6692.9,8700.7,0.7021,mixed
3751,7,156,6807.0,8849.1,0.7373,mixed
3752,8,156,7101.2,9231.5,0.7744,mixed
3753,9,156,7018.8,9124.4,0.8115,mixed
3754,10,156,6796.2,8835.0,0.8463,mixed
3755,11,156,7269.9,9450.9,0.8765,mixed
3756,12,156,7156.3,9303.2,0.9,mixed
3757,13,156,7547.7,9812.1,0.9149,mixed
3758,14,156,7632.4,9922.2,0.92,mixed
3759,15,156,6951.8,9037.3,0.9149,mixed
3760,16,156,7220.6,9386.8,0.9,mixed
3761,17,156,7399.5,9619.3,0.8765,mixed
3762,18,156,6925.5,9003.1,0.8463,mixed
3763,19,156,7294.0,9482.2,0.8115,mixed
3764,20,156,7236.4,9407.3,0.7744,mixed
3765,21,156,6870.8,8932.0,0.7373,mixed
3766,22,156,6640.8,8633.0,0.7021,mixed
3767,23,156,6238.1,8109.5,0.6701,mixed
3768,0,157,6571.9,8543.5,0.5743,mixed
3769,1,157,6835.9,8886.6,0.5854,mixed
3770,2,157,6842.3,8895.0,0.6001,mixed
3771,3,157,6510.8,8464.0,0.6189,mixed
3772,4,157,6402.1,8322.7,0.6423,mixed
3773,5,157,6871.1,8932.4,0.6701,mixed
3774,6,157,6772.8,8804.6,0.7021,mixed
3775,7,157,7003.4,9104.4,0.7373,mixed
3776,8,157,7079.3,9203.1,0.7744,mixed
3777,9,157,7146.6,9290.5,0.8115,mixed
3778,10,157,7454.2,9690.5,0.8463,mixed
3779,11,157,7556.0,9822.7,0.8765,mixed
3780,12,157,7276.4,9459.3,0.9,mixed
3781,13,157,7231.0,9400.4,0.9149,mixed
3782,14,157,6893.6,8961.7,0.92,mixed
3783,15,157,7359.8,9567.7,0.9149,mixed
3784,16,157,7149.9,9294.8,0.9,mixed
3785,17,157,7414.0,9638.1,0.8765,mixed
3786,18,157,7158.3,9305.7,0.8463,mixed
3787,19,157,7078.1,9201.5,0.8115,mixed
3788,20,157,7186.4,9342.4,0.7744,mixed
3789,21,157,6986.6,9082.6,0.7373,mixed
3790,22,157,6774.8,8807.3,0.7021,mixed
3791,23,157,7041.8,9154.3,0.6701,mixed
3792,0,158,6557.3,8524.5,0.5743,mixed
3793,1,158,6368.0,8278.4,0.5854,mixed
3794,2,158,6420.2,8346.3,0.6001,mixed
3795,3,158,6704.0,8715.2,0.6189,mixed
3796,4,158,6659.4,8657.2,0.6423,mixed
3797,5,158,6477.2,8420.4,0.6701,mixed
3798,6,158,6981.1,9075.5,0.7021,mixed
3799,7,158,7164.8,9314.2,0.7373,mixed
3800,8,158,7264.2,9443.5,0.7744,mixed
3801,9,158,7456.5,9693.5,0.8115,mixed
3802,10,158,7680.0,9984.0,0.8463,mixed
3803,11,158,7701.9,10012.4,0.8765,mixed
3804,12,158,7467.9,9708.2,0.9,mixed
3805,13,158,7390.5,9607.6,0.9149,mixed
3806,14,158,7043.3,9156.2,0.92,mixed
3807,15,158,7439.4,9671.2,0.9149,mixed
3808,16,158,7507.5,9759.7,0.9,mixed
3809,17,158,7331.4,9530.9,0.8765,mixed
3810,18,158,6821.5,8868.0,0.8463,mixed
3811,19,158,7065.4,9185.0,0.8115,mixed
3812,20,158,7151.4,9296.8,0.7744,mixed
3813,21,158,6691.8,8699.4,0.7373,mixed
3814,22,158,6832.4,8882.2,0.7021,mixed
3815,23,158,6789.5,8826.3,0.6701,mixed
3816,0,159,6607.8,8590.1,0.567,mixed
3817,1,159,6746.3,8770.2,0.5748,mixed
3818,2,159,6374.4,8286.7,0.5851,mixed
3819,3,159,6522.8,8479.6,0.5982,mixed
3820,4,159,6578.2,8551.7,0.6146,mixed
3821,5,159,6723.0,8739.9,0.6341,mixed
3822,6,159,6769.1,8799.9,0.6565,mixed
3823,7,159,7023.7,9130.8,0.6811,mixed
3824,8,159,6337.0,8238.2,0.7071,mixed
3825,9,159,6977.8,9071.1,0.733,mixed
3826,10,159,7066.3,9186.2,0.7574,mixed
3827,11,159,6978.4,9071.9,0.7786,mixed
3828,12,159,6596.6,8575.6,0.795,mixed
3829,13,159,7095.6,9224.3,0.8054,mixed
3830,14,159,6967.5,9057.8,0.809,mixed
3831,15,159,7466.4,9706.4,0.8054,mixed
3832,16,159,7157.0,9304.1,0.795,mixed
3833,17,159,6860.3,8918.4,0.7786,mixed
3834,18,159,6535.6,8496.3,0.7574,mixed
3835,19,159,7013.5,9117.5,0.733,mixed
3836,20,159,6955.9,9042.6,0.7071,mixed
3837,21,159,6692.1,8699.8,0.6811,mixed
3838,22,159,6782.4,8817.1,0.6565,mixed
3839,23,159,6525.7,8483.4,0.6341,mixed
3840,0,160,6598.1,8577.5,0.567,mixed
3841,1,160,6607.7,8590.0,0.5748,mixed
3842,2,160,6130.5,7969.6,0.5851,mixed
3843,3,160,6215.5,8080.2,0.5982,mixed
3844,4,160,6934.4,9014.7,0.6146,mixed
3845,5,160,6779.0,8812.7,0.6341,mixed
3846,6,160,6409.5,8332.3,0.6565,mixed
3847,7,160,6418.4,8343.9,0.6811,mixed
3848,8,160,6856.1,8912.9,0.7071,mixed
3849,9,160,6655.2,8651.8,0.733,mixed
3850,10,160,6898.3,8967.8,0.7574,mixed
3851,11,160,7018.0,9123.5,0.7786,mixed
3852,12,160,7058.1,9175.6,0.795,mixed
3853,13,160,7348.8,9553.5,0.8054,mixed
3854,14,160,7511.2,9764.5,0.809,mixed
3855,15,160,7006.5,9108.4,0.8054,mixed
3856,16,160,6837.3,8888.4,0.795,mixed
3857,17,160,7110.0,9243.0,0.7786,mixed
3858,18,160,7305.4,9497.0,0.7574,mixed
3859,19,160,6808.0,8850.4,0.733,mixed
3860,20,160,6987.4,9083.6,0.7071,mixed
3861,21,160,6566.6,8536.5,0.6811,mixed
3862,22,160,6666.0,8665.8,0.6565,mixed
3863,23,160,6364.7,8274.1,0.6341,mixed
3864,0,161,6417.4,8342.6,0.5743,mixed
3865,1,161,6425.9,8353.7,0.5854,mixed
3866,2,161,6611.0,8594.3,0.6001,mixed
3867,3,161,6898.4,8967.9,0.6189,mixed
3868,4,161,6541.9,8504.4,0.6423,mixed
3869,5,161,6300.6,8190.7,0.6701,mixed
3870,6,161,6757.4,8784.6,0.7021,mixed
3871,7,161,6966.3,9056.2,0.7373,mixed
3872,8,161,7058.0,9175.5,0.7744,mixed
3873,9,161,7093.0,9220.9,0.8115,mixed
3874,10,161,7553.9,9820.0,0.8463,mixed
3875,11,161,7351.8,9557.3,0.8765,mixed
3876,12,161,7369.1,9579.8,0.9,mixed
3877,13,161,7263.5,9442.5,0.9149,mixed
3878,14,161,7061.8,9180.3,0.92,mixed
3879,15,161,7510.5,9763.6,0.9149,mixed
3880,16,161,7446.7,9680.8,0.9,mixed
3881,17,161,7089.2,9215.9,0.8765,mixed
3882,18,161,7221.5,9388.0,0.8463,mixed
3883,19,161,7095.9,9224.7,0.8115,mixed
3884,20,161,6884.1,8949.4,0.7744,mixed
3885,21,161,6740.0,8762.0,0.7373,mixed
3886,22,161,6881.3,8945.6,0.7021,mixed
3887,23,161,6657.3,8654.4,0.6701,mixed
3888,0,162,6301.5,8192.0,0.5743,mixed
3889,1,162,6281.8,8166.3,0.5854,mixed
3890,2,162,6467.2,8407.4,0.6001,mixed
3891,3,162,6730.7,8749.9,0.6189,mixed
3892,4,162,6660.1,8658.2,0.6423,mixed
3893,5,162,6655.0,8651.5,0.6701,mixed
3894,6,162,6861.6,8920.0,0.7021,mixed
3895,7,162,7186.9,9343.0,0.7373,mixed
3896,8,162,7118.8,9254.4,0.7744,mixed
3897,9,162,7182.3,9337.0,0.8115,mixed
3898,10,162,7369.6,9580.5,0.8463,mixed
3899,11,162,7287.2,9473.3,0.8765,mixed
3900,12,162,7433.1,9663.1,0.9,mixed
3901,13,162,7327.9,9526.3,0.9149,mixed
3902,14,162,7105.7,9237.3,0.92,mixed
3903,15,162,7513.5,9767.5,0.9149,mixed
3904,16,162,7469.2,9710.0,0.9,mixed
3905,17,162,7258.7,9436.3,0.8765,mixed
3906,18,162,7455.8,9692.6,0.8463,mixed
3907,19,162,6972.4,9064.1,0.8115,mixed
3908,20,162,6642.7,8635.6,0.7744,mixed
3909,21,162,6759.9,8787.9,0.7373,mixed
3910,22,162,6484.4,8429.7,0.7021,mixed
3911,23,162,6770.6,8801.8,0.6701,mixed
3912,0,163,6270.5,8151.7,0.5743,mixed
3913,1,163,6639.0,8630.6,0.5854,mixed
3914,2,163,6680.3,8684.3,0.6001,mixed
3915,3,163,6367.3,8277.5,0.6189,mixed
3916,4,163,6458.6,8396.2,0.6423,mixed
3917,5,163,6810.1,8853.2,0.6701,mixed
3918,6,163,6998.5,9098.0,0.7021,mixed
3919,7,163,6487.5,8433.7,0.7373,mixed
3920,8,163,7074.8,9197.3,0.7744,mixed
3921,9,163,6656.8,8653.9,0.8115,mixed
3922,10,163,7112.1,9245.8,0.8463,mixed
3923,11,163,7562.1,9830.7,0.8765,mixed
3924,12,163,8059.8,10477.7,0.9,mixed
3925,13,163,7383.7,9598.8,0.9149,mixed
3926,14,163,7173.5,9325.5,0.92,mixed
3927,15,163,7322.4,9519.2,0.9149,mixed
3928,16,163,7407.0,9629.1,0.9,mixed
3929,17,163,7174.7,9327.1,0.8765,mixed
3930,18,163,7030.5,9139.7,0.8463,mixed
3931,19,163,7035.4,9146.1,0.8115,mixed
3932,20,163,7098.8,9228.5,0.7744,mixed
3933,21,163,6869.3,8930.0,0.7373,mixed
3934,22,163,6618.8,8604.5,0.7021,mixed
3935,23,163,6567.9,8538.3,0.6701,mixed
3936,0,164,6335.6,8236.3,0.5743,mixed
3937,1,164,6255.1,8131.7,0.5854,mixed
3938,2,164,6354.8,8261.2,0.6001,mixed
3939,3,164,6675.5,8678.2,0.6189,mixed
3940,4,164,6573.4,8545.4,0.6423,mixed
3941,5,164,6350.1,8255.1,0.6701,mixed
3942,6,164,7007.7,9110.0,0.7021,mixed
3943,7,164,6990.7,9087.9,0.7373,mixed
3944,8,164,6724.5,8741.8,0.7744,mixed
3945,9,164,7048.6,9163.1,0.8115,mixed
3946,10,164,7059.3,9177.1,0.8463,mixed
3947,11,164,7470.6,9711.7,0.8765,mixed
3948,12,164,7309.9,9502.9,0.9,mixed
3949,13,164,7420.8,9647.0,0.9149,mixed
3950,14,164,7410.0,9633.0,0.92,mixed
3951,15,164,7106.8,9238.8,0.9149,mixed
3952,16,164,7704.0,10015.2,0.9,mixed
3953,17,164,7467.4,9707.6,0.8765,mixed
3954,18,164,7069.0,9189.7,0.8463,mixed
3955,19,164,7167.7,9318.0,0.8115,mixed
3956,20,164,7220.6,9386.7,0.7744,mixed
3957,21,164,6915.9,8990.7,0.7373,mixed
3958,22,164,7116.2,9251.0,0.7021,mixed
3959,23,164,7289.4,9476.2,0.6701,mixed
3960,0,165,6391.0,8308.3,0.5743,mixed
3961,1,165,6335.8,8236.5,0.5854,mixed
3962,2,165,6299.8,8189.8,0.6001,mixed
3963,3,165,6114.2,7948.4,0.6189,mixed
3964,4,165,6866.9,8927.0,0.6423,mixed
3965,5,165,6631.6,8621.1,0.6701,mixed
3966,6,165,6977.2,9070.3,0.7021,mixed
3967,7,165,7127.3,9265.5,0.7373,mixed
3968,8,165,6788.0,8824.5,0.7744,mixed
3969,9,165,6927.7,9006.0,0.8115,mixed
3970,10,165,7609.6,9892.5,0.8463,mixed
3971,11,165,7306.5,9498.4,0.8765,mixed
3972,12,165,7245.9,9419.7,0.9,mixed
3973,13,165,7203.8,9365.0,0.9149,mixed
3974,14,165,7420.7,9646.9,0.92,mixed
3975,15,165,7773.4,10105.5,0.9149,mixed
3976,16,165,7544.3,9807.6,0.9,mixed
3977,17,165,7361.8,9570.3,0.8765,mixed
3978,18,165,7575.7,9848.4,0.8463,mixed
3979,19,165,7425.1,9652.6,0.8115,mixed
3980,20,165,7085.9,9211.6,0.7744,mixed
3981,21,165,7479.4,9723.2,0.7373,mixed
3982,22,165,6748.2,8772.6,0.7021,mixed
3983,23,165,6923.5,9000.5,0.6701,mixed
3984,0,166,6318.0,8213.4,0.567,mixed
3985,1,166,6590.4,8567.5,0.5748,mixed
3986,2,166,6399.4,8319.2,0.5851,mixed
3987,3,166,6576.8,8549.9,0.5982,mixed
3988,4,166,7004.7,9106.1,0.6146,mixed
3989,5,166,6782.9,8817.7,0.6341,mixed
3990,6,166,6757.0,8784.2,0.6565,mixed
3991,7,166,6579.2,8552.9,0.6811,mixed
3992,8,166,6852.1,8907.7,0.7071,mixed
3993,9,166,6683.0,8687.9,0.733,mixed
3994,10,166,7149.8,9294.7,0.7574,mixed
3995,11,166,7209.7,9372.6,0.7786,mixed
3996,12,166,7039.2,9150.9,0.795,mixed
3997,13,166,7463.4,9702.4,0.8054,mixed
3998,14,166,7444.6,9677.9,0.809,mixed
3999,15,166,7140.5,9282.7,0.8054,mixed
4000,16,166,7197.4,9356.6,0.795,mixed
4001,17,166,6903.9,8975.1,0.7786,mixed
4002,18,166,6907.6,8979.9,0.7574,mixed
4003,19,166,6668.5,8669.1,0.733,mixed
4004,20,166,6715.8,8730.5,0.7071,mixed
4005,21,166,6714.6,8729.0,0.6811,mixed
4006,22,166,6329.9,8228.9,0.6565,mixed
4007,23,166,6708.7,8721.3,0.6341,mixed
4008,0,167,6589.4,8566.3,0.567,mixed
4009,1,167,6415.1,8339.6,0.5748,mixed
4010,2,167,5925.8,7703.5,0.5851,mixed
4011,3,167,6437.8,8369.1,0.5982,mixed
4012,4,167,6262.8,8141.7,0.6146,mixed
4013,5,167,6474.0,8416.1,0.6341,mixed
4014,6,167,6951.9,9037.5,0.6565,mixed
4015,7,167,6243.8,8116.9,0.6811,mixed
4016,8,167,6646.7,8640.7,0.7071,mixed
4017,9,167,7062.9,9181.7,0.733,mixed
4018,10,167,6817.8,8863.2,0.7574,mixed
4019,11,167,6863.9,8923.0,0.7786,mixed
4020,12,167,7508.8,9761.5,0.795,mixed
4021,13,167,7189.3,9346.1,0.8054,mixed
4022,14,167,7318.9,9514.5,0.809,mixed
4023,15,167,7214.1,9378.3,0.8054,mixed
4024,16,167,7111.6,9245.1,0.795,mixed
4025,17,167,7294.5,9482.9,0.7786,mixed
4026,18,167,7362.6,9571.3,0.7574,mixed
4027,19,167,6543.3,8506.3,0.733,mixed
4028,20,167,6806.4,8848.3,0.7071,mixed
4029,21,167,6727.0,8745.1,0.6811,mixed
4030,22,167,6575.9,8548.7,0.6565,mixed
4031,23,167,6788.7,8825.2,0.6341,mixed
4032,0,168,6464.7,8404.1,0.5743,mixed
4033,1,168,6821.0,8867.2,0.5854,mixed
4034,2,168,6706.8,8718.9,0.6001,mixed
4035,3,168,6817.2,8862.4,0.6189,mixed
4036,4,168,6381.0,8295.3,0.6423,mixed
4037,5,168,6540.6,8502.8,0.6701,mixed
4038,6,168,6651.0,8646.4,0.7021,mixed
4039,7,168,7178.4,9331.9,0.7373,mixed
4040,8,168,6812.0,8855.6,0.7744,mixed
4041,9,168,6926.2,9004.0,0.8115,mixed
4042,10,168,6987.9,9084.2,0.8463,mixed
4043,11,168,7926.6,10304.6,0.8765,mixed
4044,12,168,7360.8,9569.0,0.9,mixed
4045,13,168,7555.2,9821.8,0.9149,mixed
4046,14,168,7197.3,9356.5,0.92,mixed
4047,15,168,7651.0,9946.3,0.9149,mixed
4048,16,168,6999.0,9098.7,0.9,mixed
4049,17,168,7106.8,9238.9,0.8765,mixed
4050,18,168,7072.5,9194.2,0.8463,mixed
4051,19,168,7173.5,9325.5,0.8115,mixed
4052,20,168,6848.6,8903.2,0.7744,mixed
4053,21,168,7220.0,9386.0,0.7373,mixed
4054,22,168,6901.3,8971.7,0.7021,mixed
4055,23,168,6564.0,8533.2,0.6701,mixed
4056,0,169,6607.3,8589.4,0.5743,mixed
4057,1,169,6372.4,8284.1,0.5854,mixed
4058,2,169,6377.5,8290.8,0.6001,mixed
4059,3,169,6725.1,8742.6,0.6189,mixed
4060,4,169,6132.0,7971.6,0.6423,mixed
4061,5,169,6850.4,8905.6,0.6701,mixed
4062,6,169,6653.2,8649.2,0.7021,mixed
4063,7,169,6756.3,8783.2,0.7373,mixed
4064,8,169,7427.7,9656.0,0.7744,mixed
4065,9,169,7013.1,9117.0,0.8115,mixed
4066,10,169,7438.5,9670.0,0.8463,mixed
4067,11,169,7383.2,9598.2,0.8765,mixed
4068,12,169,7477.3,9720.4,0.9,mixed
4069,13,169,7381.1,9595.4,0.9149,mixed
4070,14,169,7384.6,9600.0,0.92,mixed
4071,15,169,7777.9,10111.3,0.9149,mixed
4072,16,169,7598.7,9878.3,0.9,mixed
4073,17,169,7212.1,9375.8,0.8765,mixed
4074,18,169,7004.2,9105.5,0.8463,mixed
4075,19,169,7001.7,9102.2,0.8115,mixed
4076,20,169,7222.1,9388.8,0.7744,mixed
4077,21,169,7148.5,9293.0,0.7373,mixed
4078,22,169,6911.8,8985.4,0.7021,mixed
4079,23,169,6377.6,8290.8,0.6701,mixed
4080,0,170,6560.3,8528.4,0.5743,mixed
4081,1,170,6700.6,8710.8,0.5854,mixed
4082,2,170,6526.3,8484.2,0.6001,mixed
4083,3,170,6938.0,9019.5,0.6189,mixed
4084,4,170,6356.8,8263.8,0.6423,mixed
4085,5,170,6840.4,8892.5,0.6701,mixed
4086,6,170,6590.6,8567.7,0.7021,mixed
4087,7,170,7123.6,9260.7,0.7373,mixed
4088,8,170,7144.5,9287.9,0.7744,mixed
4089,9,170,7511.8,9765.4,0.8115,mixed
4090,10,170,7339.5,9541.4,0.8463,mixed
4091,11,170,7233.1,9403.1,0.8765,mixed
4092,12,170,7283.4,9468.4,0.9,mixed
4093,13,170,7381.2,9595.5,0.9149,mixed
4094,14,170,7338.1,9539.6,0.92,mixed
4095,15,170,7737.6,10058.8,0.9149,mixed
4096,16,170,7675.2,9977.8,0.9,mixed
4097,17,170,6993.1,9091.1,0.8765,mixed
4098,18,170,7239.4,9411.3,0.8463,mixed
4099,19,170,7140.0,9282.1,0.8115,mixed
4100,20,170,6851.1,8906.5,0.7744,mixed
4101,21,170,6995.1,9093.6,0.7373,mixed
4102,22,170,7096.6,9225.6,0.7021,mixed
4103,23,170,6882.0,8946.6,0.6701,mixed
4104,0,171,6674.5,8676.9,0.5743,mixed
4105,1,171,6309.5,8202.3,0.5854,mixed
4106,2,171,6499.6,8449.5,0.6001,mixed
4107,3,171,6398.6,8318.2,0.6189,mixed
4108,4,171,6666.6,8666.6,0.6423,mixed
4109,5,171,6768.9,8799.6,0.6701,mixed
4110,6,171,6994.4,9092.7,0.7021,mixed
4111,7,171,7176.4,9329.3,0.7373,mixed
4112,8,171,7160.6,9308.7,0.7744,mixed
4113,9,171,6942.8,9025.6,0.8115,mixed
4114,10,171,6937.8,9019.1,0.8463,mixed
4115,11,171,7436.1,9666.9,0.8765,mixed
4116,12,171,7725.1,10042.6,0.9,mixed
4117,13,171,7431.5,9660.9,0.9149,mixed
4118,14,171,7110.8,9244.1,0.92,mixed
4119,15,171,7902.1,10272.8,0.9149,mixed
4120,16,171,7500.9,9751.1,0.9,mixed
4121,17,171,7359.5,9567.3,0.8765,mixed
4122,18,171,6977.8,9071.1,0.8463,mixed
4123,19,171,7130.2,9269.2,0.8115,mixed
4124,20,171,7160.1,9308.2,0.7744,mixed
4125,21,171,7008.5,9111.1,0.7373,mixed
4126,22,171,6660.0,8658.0,0.7021,mixed
4127,23,171,6691.2,8698.6,0.6701,mixed
4128,0,172,6296.7,8185.7,0.5743,mixed
4129,1,172,6770.4,8801.5,0.5854,mixed
4130,2,172,6666.8,8666.9,0.6001,mixed
4131,3,172,6446.1,8379.9,0.6189,mixed
4132,4,172,6387.1,8303.2,0.6423,mixed
4133,5,172,6758.5,8786.1,0.6701,mixed
4134,6,172,6698.1,8707.6,0.7021,mixed
4135,7,172,6817.7,8863.0,0.7373,mixed
4136,8,172,6776.6,8809.6,0.7744,mixed
4137,9,172,6910.4,8983.6,0.8115,mixed
4138,10,172,7266.4,9446.3,0.8463,mixed
4139,11,172,7263.3,9442.2,0.8765,mixed
4140,12,172,7946.0,10329.8,0.9,mixed
4141,13,172,7569.6,9840.5,0.9149,mixed
4142,14,172,7194.8,9353.3,0.92,mixed
4143,15,172,7094.4,9222.7,0.9149,mixed
4144,16,172,7480.6,9724.8,0.9,mixed
4145,17,172,7234.7,9405.1,0.8765,mixed
4146,18,172,7520.0,9776.0,0.8463,mixed
4147,19,172,7186.9,9343.0,0.8115,mixed
4148,20,172,6598.3,8577.8,0.7744,mixed
4149,21,172,6693.2,8701.1,0.7373,mixed
4150,22,172,6660.9,8659.2,0.7021,mixed
4151,23,172,6791.6,8829.0,0.6701,mixed
4152,0,173,6191.5,8048.9,0.567,mixed
4153,1,173,6446.0,8379.8,0.5748,mixed
4154,2,173,6189.0,8045.7,0.5851,mixed
4155,3,173,6488.2,8434.7,0.5982,mixed
4156,4,173,6608.6,8591.2,0.6146,mixed
4157,5,173,6883.7,8948.8,0.6341,mixed
4158,6,173,6710.8,8724.1,0.6565,mixed
4159,7,173,6570.7,8541.9,0.6811,mixed
4160,8,173,7118.8,9254.4,0.7071,mixed
4161,9,173,6853.5,8909.6,0.733,mixed
4162,10,173,7126.1,9263.9,0.7574,mixed
4163,11,173,6898.8,8968.4,0.7786,mixed
4164,12,173,7096.6,9225.6,0.795,mixed
4165,13,173,6937.7,9019.0,0.8054,mixed
4166,14,173,7188.1,9344.6,0.809,mixed
4167,15,173,7280.0,9464.0,0.8054,mixed
4168,16,173,6972.3,9063.9,0.795,mixed
4169,17,173,6911.8,8985.4,0.7786,mixed
4170,18,173,7039.0,9150.7,0.7574,mixed
4171,19,173,6720.8,8737.1,0.733,mixed
4172,20,173,6503.3,8454.3,0.7071,mixed
4173,21,173,6807.1,8849.2,0.6811,mixed
4174,22,173,6640.2,8632.3,0.6565,mixed
4175,23,173,6569.1,8539.8,0.6341,mixed
4176,0,174,6493.3,8441.3,0.567,mixed
4177,1,174,6543.8,8507.0,0.5748,mixed
4178,2,174,6416.3,8341.2,0.5851,mixed
4179,3,174,6268.6,8149.1,0.5982,mixed
4180,4,174,6410.8,8334.1,0.6146,mixed
4181,5,174,6710.3,8723.4,0.6341,mixed
4182,6,174,6689.0,8695.7,0.6565,mixed
4183,7,174,6624.6,8612.0,0.6811,mixed
4184,8,174,6653.2,8649.2,0.7071,mixed
4185,9,174,7019.1,9124.8,0.733,mixed
4186,10,174,6918.2,8993.6,0.7574,mixed
4187,11,174,7186.7,9342.7,0.7786,mixed
4188,12,174,7264.0,9443.2,0.795,mixed
4189,13,174,7041.9,9154.4,0.8054,mixed
4190,14,174,7322.1,9518.8,0.809,mixed
4191,15,174,7138.1,9279.5,0.8054,mixed
4192,16,174,7134.2,9274.4,0.795,mixed
4193,17,174,6566.5,8536.5,0.7786,mixed
4194,18,174,6761.6,8790.1,0.7574,mixed
4195,19,174,6701.9,8712.4,0.733,mixed
4196,20,174,6748.4,8773.0,0.7071,mixed
4197,21,174,6758.8,8786.5,0.6811,mixed
4198,22,174,6692.8,8700.6,0.6565,mixed
4199,23,174,6651.1,8646.4,0.6341,mixed
4200,0,175,6283.4,8168.5,0.5743,mixed
4201,1,175,6582.2,8556.9,0.5854,mixed
4202,2,175,6844.9,8898.4,0.6001,mixed
4203,3,175,6479.6,8423.5,0.6189,mixed
4204,4,175,6487.3,8433.5,0.6423,mixed
4205,5,175,6564.9,8534.3,0.6701,mixed
4206,6,175,6816.1,8860.9,0.7021,mixed
4207,7,175,6795.4,8834.1,0.7373,mixed
4208,8,175,6651.4,8646.8,0.7744,mixed
4209,9,175,6815.2,8859.8,0.8115,mixed
4210,10,175,7452.4,9688.2,0.8463,mixed
4211,11,175,7603.4,9884.5,0.8765,mixed
4212,12,175,7747.1,10071.3,0.9,mixed
4213,13,175,7487.5,9733.7,0.9149,mixed
4214,14,175,7230.8,9400.0,0.92,mixed
4215,15,175,7339.3,9541.1,0.9149,mixed
4216,16,175,7061.6,9180.1,0.9,mixed
4217,17,175,6985.8,9081.6,0.8765,mixed
4218,18,175,7286.5,9472.5,0.8463,mixed
4219,19,175,7241.9,9414.5,0.8115,mixed
4220,20,175,7427.7,9656.0,0.7744,mixed
4221,21,175,6887.1,8953.3,0.7373,mixed
4222,22,175,6521.7,8478.2,0.7021,mixed
4223,23,175,6678.2,8681.6,0.6701,mixed
4224,0,176,6360.9,8269.2,0.5743,mixed
4225,1,176,6353.4,8259.5,0.5854,mixed
4226,2,176,6559.5,8527.3,0.6001,mixed
4227,3,176,6310.5,8203.6,0.6189,mixed
4228,4,176,6645.0,8638.6,0.6423,mixed
4229,5,176,6833.7,8883.8,0.6701,mixed
4230,6,176,7088.2,9214.7,0.7021,mixed
4231,7,176,6968.6,9059.2,0.7373,mixed
4232,8,176,7235.1,9405.6,0.7744,mixed
4233,9,176,7031.8,9141.3,0.8115,mixed
4234,10,176,7165.1,9314.6,0.8463,mixed
4235,11,176,7617.9,9903.3,0.8765,mixed
4236,12,176,7088.1,9214.6,0.9,mixed
4237,13,176,7347.1,9551.2,0.9149,mixed
4238,14,176,7704.6,10016.0,0.92,mixed
4239,15,176,7389.9,9606.9,0.9149,mixed
4240,16,176,7329.0,9527.7,0.9,mixed
4241,17,176,7263.6,9442.7,0.8765,mixed
4242,18,176,7256.5,9433.5,0.8463,mixed
4243,19,176,7358.9,9566.6,0.8115,mixed
4244,20,176,7210.1,9373.1,0.7744,mixed
4245,21,176,6906.7,8978.7,0.7373,mixed
4246,22,176,7021.4,9127.9,0.7021,mixed
4247,23,176,6771.4,8802.8,0.6701,mixed
4248,0,177,6580.6,8554.8,0.5743,mixed
4249,1,177,6249.5,8124.4,0.5854,mixed
4250,2,177,6831.2,8880.5,0.6001,mixed
4251,3,177,6592.3,8570.0,0.6189,mixed
4252,4,177,6073.3,7895.4,0.6423,mixed
4253,5,177,7036.4,9147.3,0.6701,mixed
4254,6,177,6799.7,8839.6,0.7021,mixed
4255,7,177,6822.4,8869.1,0.7373,mixed
4256,8,177,6888.1,8954.5,0.7744,mixed
4257,9,177,7220.7,9386.8,0.8115,mixed
4258,10,177,7038.4,9149.9,0.8463,mixed
4259,11,177,7195.2,9353.7,0.8765,mixed
4260,12,177,7269.7,9450.6,0.9,mixed
4261,13,177,7371.8,9583.3,0.9149,mixed
4262,14,177,7337.1,9538.3,0.92,mixed
4263,15,177,7627.3,9915.4,0.9149,mixed
4264,16,177,7452.4,9688.2,0.9,mixed
4265,17,177,7408.2,9630.7,0.8765,mixed
4266,18,177,7363.6,9572.7,0.8463,mixed
4267,19,177,7106.8,9238.8,0.8115,mixed
4268,20,177,6800.8,8841.1,0.7744,mixed
4269,21,177,7278.2,9461.7,0.7373,mixed
4270,22,177,6987.8,9084.2,0.7021,mixed
4271,23,177,7027.0,9135.1,0.6701,mixed
4272,0,178,6614.4,8598.7,0.5743,mixed
4273,1,178,6359.4,8267.2,0.5854,mixed
4274,2,178,6035.2,7845.8,0.6001,mixed
4275,3,178,6307.6,8199.9,0.6189,mixed
4276,4,178,6745.5,8769.1,0.6423,mixed
4277,5,178,6682.2,8686.9,0.6701,mixed
4278,6,178,6713.0,8726.9,0.7021,mixed
4279,7,178,6387.4,8303.7,0.7373,mixed
4280,8,178,7012.8,9116.6,0.7744,mixed
4281,9,178,6895.4,8964.0,0.8115,mixed
4282,10,178,7074.0,9196.2,0.8463,mixed
4283,11,178,7508.6,9761.2,0.8765,mixed
4284,12,178,7164.1,9313.3,0.9,mixed
4285,13,178,7228.7,9397.3,0.9149,mixed
4286,14,178,7493.8,9741.9,0.92,mixed
4287,15,178,7631.6,9921.1,0.9149,mixed
4288,16,178,7303.0,9493.9,0.9,mixed
4289,17,178,7644.2,9937.4,0.8765,mixed
4290,18,178,6953.7,9039.9,0.8463,mixed
4291,19,178,6815.8,8860.6,0.8115,mixed
4292,20,178,6691.6,8699.1,0.7744,mixed
4293,21,178,6562.1,8530.8,0.7373,mixed
4294,22,178,6867.3,8927.5,0.7021,mixed
4295,23,178,6506.1,8457.9,0.6701,mixed
4296,0,179,6143.9,7987.0,0.5743,mixed
4297,1,179,6521.9,8478.5,0.5854,mixed
4298,2,179,6653.0,8648.9,0.6001,mixed
4299,3,179,6755.5,8782.2,0.6189,mixed
4300,4,179,6792.9,8830.8,0.6423,mixed
4301,5,179,6518.1,8473.5,0.6701,mixed
4302,6,179,6855.0,8911.4,0.7021,mixed
4303,7,179,7007.3,9109.4,0.7373,mixed
4304,8,179,6915.6,8990.3,0.7744,mixed
4305,9,179,7161.9,9310.5,0.8115,mixed
4306,10,179,6959.6,9047.5,0.8463,mixed
4307,11,179,7184.0,9339.2,0.8765,mixed
4308,12,179,7474.8,9717.2,0.9,mixed
4309,13,179,7773.3,10105.3,0.9149,mixed
4310,14,179,7709.7,10022.7,0.92,mixed
4311,15,179,7584.4,9859.8,0.9149,mixed
4312,16,179,7410.0,9633.0,0.9,mixed
4313,17,179,7305.4,9497.0,0.8765,mixed
4314,18,179,6917.1,8992.2,0.8463,mixed
4315,19,179,6948.1,9032.5,0.8115,mixed
4316,20,179,6846.6,8900.6,0.7744,mixed
4317,21,179,7023.4,9130.4,0.7373,mixed
4318,22,179,6991.4,9088.8,0.7021,mixed
4319,23,179,6850.8,8906.0,0.6701,mixed
4320,0,180,6620.2,8606.3,0.567,mixed
4321,1,180,6430.5,8359.7,0.5748,mixed
4322,2,180,6257.3,8134.5,0.5851,mixed
4323,3,180,6477.3,8420.5,0.5982,mixed
4324,4,180,6393.9,8312.1,0.6146,mixed
4325,5,180,6724.7,8742.1,0.6341,mixed
4326,6,180,6590.0,8567.0,0.6565,mixed
4327,7,180,6715.8,8730.6,0.6811,mixed
4328,8,180,6955.4,9042.0,0.7071,mixed
4329,9,180,6738.2,8759.6,0.733,mixed
4330,10,180,7165.9,9315.7,0.7574,mixed
4331,11,180,6743.9,8767.0,0.7786,mixed
4332,12,180,7142.4,9285.1,0.795,mixed
4333,13,180,7089.2,9216.0,0.8054,mixed
4334,14,180,7296.0,9484.8,0.809,mixed
4335,15,180,6815.5,8860.1,0.8054,mixed
4336,16,180,6752.3,8778.0,0.795,mixed
4337,17,180,7186.1,9342.0,0.7786,mixed
4338,18,180,6882.8,8947.6,0.7574,mixed
4339,19,180,6872.6,8934.4,0.733,mixed
4340,20,180,6678.7,8682.3,0.7071,mixed
4341,21,180,6920.2,8996.2,0.6811,mixed
4342,22,180,6721.5,8738.0,0.6565,mixed
4343,23,180,6642.2,8634.8,0.6341,mixed
4344,0,181,6169.0,8019.8,0.567,mixed
4345,1,181,6513.2,8467.1,0.5748,mixed
4346,2,181,6255.5,8132.2,0.5851,mixed
4347,3,181,6358.9,8266.5,0.5982,mixed
4348,4,181,6268.3,8148.8,0.6146,mixed
4349,5,181,6563.6,8532.7,0.6341,mixed
4350,6,181,6874.5,8936.8,0.6565,mixed
4351,7,181,6781.5,8816.0,0.6811,mixed
4352,8,181,6723.3,8740.3,0.7071,mixed
4353,9,181,6913.9,8988.1,0.733,mixed
4354,10,181,6986.1,9082.0,0.7574,mixed
4355,11,181,7041.9,9154.5,0.7786,mixed
4356,12,181,7115.0,9249.5,0.795,mixed
4357,13,181,6886.8,8952.8,0.8054,mixed
4358,14,181,7142.1,9284.7,0.809,mixed
4359,15,181,6734.3,8754.6,0.8054,mixed
4360,16,181,7199.5,9359.4,0.795,mixed
4361,17,181,6795.5,8834.2,0.7786,mixed
4362,18,181,7210.5,9373.7,0.7574,mixed
4363,19,181,6385.8,8301.6,0.733,mixed
4364,20,181,7155.8,9302.6,0.7071,mixed
4365,21,181,6404.5,8325.8,0.6811,mixed
4366,22,181,6421.9,8348.5,0.6565,mixed
4367,23,181,6653.7,8649.8,0.6341,mixed
4368,0,182,6534.3,8494.6,0.5743,mixed
4369,1,182,6393.6,8311.7,0.5854,mixed
4370,2,182,6666.4,8666.3,0.6001,mixed
4371,3,182,6392.6,8310.3,0.6189,mixed
4372,4,182,6539.7,8501.6,0.6423,mixed
4373,5,182,6641.9,8634.5,0.6701,mixed
4374,6,182,6688.8,8695.5,0.7021,mixed
4375,7,182,6503.7,8454.8,0.7373,mixed
4376,8,182,7010.4,9113.5,0.7744,mixed
4377,9,182,7102.1,9232.7,0.8115,mixed
4378,10,182,7465.0,9704.5,0.8463,mixed
4379,11,182,7039.4,9151.2,0.8765,mixed
4380,12,182,7250.5,9425.7,0.9,mixed
4381,13,182,7705.5,10017.2,0.9149,mixed
4382,14,182,7517.9,9773.2,0.92,mixed
4383,15,182,7559.6,9827.4,0.9149,mixed
4384,16,182,7492.9,9740.7,0.9,mixed
4385,17,182,7422.5,9649.2,0.8765,mixed
4386,18,182,7626.2,9914.0,0.8463,mixed
4387,19,182,7146.3,9290.1,0.8115,mixed
4388,20,182,6802.7,8843.5,0.7744,mixed
4389,21,182,7036.7,9147.7,0.7373,mixed
4390,22,182,6683.1,8688.0,0.7021,mixed
4391,23,182,6680.6,8684.7,0.6701,mixed
4392,0,183,6486.5,8432.5,0.5743,mixed
4393,1,183,6289.6,8176.4,0.5854,mixed
4394,2,183,6393.1,8311.1,0.6001,mixed
4395,3,183,6642.6,8635.3,0.6189,mixed
4396,4,183,6510.1,8463.2,0.6423,mixed
4397,5,183,6898.4,8967.9,0.6701,mixed
4398,6,183,6597.5,8576.8,0.7021,mixed
4399,7,183,6699.4,8709.2,0.7373,mixed
4400,8,183,7416.7,9641.7,0.7744,mixed
4401,9,183,6799.5,8839.4,0.8115,mixed
4402,10,183,7225.3,9392.9,0.8463,mixed
4403,11,183,7728.6,10047.1,0.8765,mixed
4404,12,183,7386.0,9601.8,0.9,mixed
4405,13,183,7737.5,10058.7,0.9149,mixed
4406,14,183,7598.2,9877.6,0.92,mixed
4407,15,183,7435.4,9666.0,0.9149,mixed
4408,16,183,7363.3,9572.4,0.9,mixed
4409,17,183,6856.4,8913.3,0.8765,mixed
4410,18,183,7161.9,9310.5,0.8463,mixed
4411,19,183,7176.3,9329.2,0.8115,mixed
4412,20,183,7064.3,9183.6,0.7744,mixed
4413,21,183,7415.1,9639.6,0.7373,mixed
4414,22,183,6855.9,8912.7,0.7021,mixed
4415,23,183,6829.4,8878.2,0.6701,mixed
4416,0,184,6639.5,8631.3,0.5743,mixed
4417,1,184,6553.0,8518.9,0.5854,mixed
4418,2,184,6475.8,8418.5,0.6001,mixed
4419,3,184,6533.1,8493.1,0.6189,mixed
4420,4,184,6549.5,8514.3,0.6423,mixed
4421,5,184,6792.0,8829.6,0.6701,mixed
4422,6,184,6763.9,8793.1,0.7021,mixed
4423,7,184,7033.8,9143.9,0.7373,mixed
4424,8,184,6803.2,8844.1,0.7744,mixed
4425,9,184,7158.1,9305.5,0.8115,mixed
4426,10,184,7567.8,9838.2,0.8463,mixed
4427,11,184,7272.5,9454.3,0.8765,mixed
4428,12,184,7801.0,10141.4,0.9,mixed
4429,13,184,7473.5,9715.6,0.9149,mixed
4430,14,184,7439.7,9671.6,0.92,mixed
4431,15,184,7463.0,9701.9,0.9149,mixed
4432,16,184,7323.3,9520.2,0.9,mixed
4433,17,184,6886.8,8952.9,0.8765,mixed
4434,18,184,7422.1,9648.7,0.8463,mixed
4435,19,184,7595.5,9874.1,0.8115,mixed
4436,20,184,7116.7,9251.7,0.7744,mixed
4437,21,184,7016.5,9121.4,0.7373,mixed
4438,22,184,6761.4,8789.8,0.7021,mixed
4439,23,184,6935.5,9016.1,0.6701,mixed
4440,0,185,6407.7,8330.0,0.5743,mixed
4441,1,185,6500.2,8450.2,0.5854,mixed
4442,2,185,6187.7,8044.0,0.6001,mixed
4443,3,185,6445.1,8378.6,0.6189,mixed
4444,4,185,6692.0,8699.6,0.6423,mixed
4445,5,185,6885.1,8950.6,0.6701,mixed
4446,6,185,6989.3,9086.1,0.7021,mixed
4447,7,185,6577.2,8550.4,0.7373,mixed
4448,8,185,6704.5,8715.9,0.7744,mixed
4449,9,185,7251.6,9427.0,0.8115,mixed
4450,10,185,7069.1,9189.9,0.8463,mixed
4451,11,185,7518.4,9773.9,0.8765,mixed
4452,12,185,7030.8,9140.0,0.9,mixed
4453,13,185,7415.0,9639.6,0.9149,mixed
4454,14,185,7444.7,9678.0,0.92,mixed
4455,15,185,7544.2,9807.5,0.9149,mixed
4456,16,185,7163.6,9312.7,0.9,mixed
4457,17,185,6889.9,8956.8,0.8765,mixed
4458,18,185,7268.3,9448.8,0.8463,mixed
4459,19,185,7239.2,9411.0,0.8115,mixed
4460,20,185,7227.6,9395.9,0.7744,mixed
4461,21,185,6830.1,8879.1,0.7373,mixed
4462,22,185,6956.8,9043.9,0.7021,mixed
4463,23,185,6800.4,8840.5,0.6701,mixed
4464,0,186,6669.8,8670.7,0.5743,mixed
4465,1,186,6437.7,8369.1,0.5854,mixed
4466,2,186,6155.6,8002.3,0.6001,mixed
4467,3,186,6535.8,8496.5,0.6189,mixed
4468,4,186,6636.7,8627.6,0.6423,mixed
4469,5,186,6806.9,8848.9,0.6701,mixed
4470,6,186,6486.0,8431.8,0.7021,mixed
4471,7,186,6839.7,8891.6,0.7373,mixed
4472,8,186,7198.3,9357.7,0.7744,mixed
4473,9,186,7104.4,9235.8,0.8115,mixed
4474,10,186,7164.8,9314.2,0.8463,mixed
4475,11,186,7740.6,10062.8,0.8765,mixed
4476,12,186,7155.0,9301.5,0.9,mixed
4477,13,186,7712.1,10025.8,0.9149,mixed
4478,14,186,7680.6,9984.8,0.92,mixed
4479,15,186,7386.8,9602.8,0.9149,mixed
4480,16,186,7385.0,9600.5,0.9,mixed
4481,17,186,7313.9,9508.0,0.8765,mixed
4482,18,186,7270.6,9451.8,0.8463,mixed
4483,19,186,6999.6,9099.4,0.8115,mixed
4484,20,186,6925.4,9003.1,0.7744,mixed
4485,21,186,6830.8,8880.0,0.7373,mixed
4486,22,186,6732.7,8752.5,0.7021,mixed
4487,23,186,6640.2,8632.2,0.6701,mixed
4488,0,187,5963.6,7752.7,0.567,mixed
4489,1,187,6435.4,8366.0,0.5748,mixed
4490,2,187,6345.4,8249.1,0.5851,mixed
4491,3,187,6123.7,7960.9,0.5982,mixed
4492,4,187,6467.4,8407.6,0.6146,mixed
4493,5,187,6519.2,8475.0,0.6341,mixed
4494,6,187,6916.6,8991.6,0.6565,mixed
4495,7,187,6626.8,8614.8,0.6811,mixed
4496,8,187,6950.1,9035.1,0.7071,mixed
4497,9,187,7177.3,9330.4,0.733,mixed
4498,10,187,6833.3,8883.2,0.7574,mixed
4499,11,187,7018.0,9123.4,0.7786,mixed
4500,12,187,7444.4,9677.7,0.795,mixed
4501,13,187,7157.4,9304.6,0.8054,mixed
4502,14,187,7199.1,9358.9,0.809,mixed
4503,15,187,7021.7,9128.3,0.8054,mixed
4504,16,187,7223.2,9390.2,0.795,mixed
4505,17,187,7019.6,9125.5,0.7786,mixed
4506,18,187,6581.7,8556.2,0.7574,mixed
4507,19,187,6817.9,8863.3,0.733,mixed
4508,20,187,6571.7,8543.3,0.7071,mixed
4509,21,187,6758.4,8785.9,0.6811,mixed
4510,22,187,6478.5,8422.1,0.6565,mixed
4511,23,187,6689.2,8695.9,0.6341,mixed
4512,0,188,6402.0,8322.6,0.567,mixed
4513,1,188,6176.4,8029.3,0.5748,mixed
4514,2,188,6352.2,8257.9,0.5851,mixed
4515,3,188,6607.8,8590.2,0.5982,mixed
4516,4,188,6761.2,8789.5,0.6146,mixed
4517,5,188,6416.0,8340.8,0.6341,mixed
4518,6,188,6442.4,8375.1,0.6565,mixed
4519,7,188,7130.0,9269.0,0.6811,mixed
4520,8,188,6811.6,8855.1,0.7071,mixed
4521,9,188,6910.3,8983.4,0.733,mixed
4522,10,188,6810.0,8853.0,0.7574,mixed
4523,11,188,7073.4,9195.4,0.7786,mixed
4524,12,188,7441.5,9673.9,0.795,mixed
4525,13,188,7162.8,9311.7,0.8054,mixed
4526,14,188,7346.8,9550.8,0.809,mixed
4527,15,188,7114.8,9249.2,0.8054,mixed
4528,16,188,6859.5,8917.4,0.795,mixed
4529,17,188,6884.0,8949.1,0.7786,mixed
4530,18,188,6730.9,8750.2,0.7574,mixed
4531,19,188,6936.4,9017.3,0.733,mixed
4532,20,188,7063.8,9182.9,0.7071,mixed
4533,21,188,6768.3,8798.7,0.6811,mixed
4534,22,188,6600.2,8580.3,0.6565,mixed
4535,23,188,6438.3,8369.8,0.6341,mixed
4536,0,189,6483.7,8428.8,0.5743,mixed
4537,1,189,6208.9,8071.6,0.5854,mixed
4538,2,189,6271.6,8153.1,0.6001,mixed
4539,3,189,6725.9,8743.7,0.6189,mixed
4540,4,189,6563.9,8533.1,0.6423,mixed
4541,5,189,6642.9,8635.7,0.6701,mixed
4542,6,189,6764.2,8793.4,0.7021,mixed
4543,7,189,7054.7,9171.1,0.7373,mixed
4544,8,189,7050.4,9165.5,0.7744,mixed
4545,9,189,6967.8,9058.2,0.8115,mixed
4546,10,189,7077.7,9201.1,0.8463,mixed
4547,11,189,7279.0,9462.7,0.8765,mixed
4548,12,189,7459.3,9697.1,0.9,mixed
4549,13,189,7429.1,9657.8,0.9149,mixed
4550,14,189,7424.5,9651.8,0.92,mixed
4551,15,189,7447.3,9681.5,0.9149,mixed
4552,16,189,7384.3,9599.6,0.9,mixed
4553,17,189,7150.5,9295.6,0.8765,mixed
4554,18,189,7471.3,9712.7,0.8463,mixed
4555,19,189,7023.6,9130.6,0.8115,mixed
4556,20,189,7042.8,9155.6,0.7744,mixed
4557,21,189,6477.6,8420.9,0.7373,mixed
4558,22,189,6754.8,8781.2,0.7021,mixed
4559,23,189,6481.6,8426.0,0.6701,mixed
4560,0,190,6226.8,8094.9,0.5743,mixed
4561,1,190,6917.0,8992.2,0.5854,mixed
4562,2,190,6541.1,8503.5,0.6001,mixed
4563,3,190,6789.9,8826.9,0.6189,mixed
4564,4,190,6788.9,8825.6,0.6423,mixed
4565,5,190,6900.4,8970.5,0.6701,mixed
4566,6,190,6758.0,8785.5,0.7021,mixed
4567,7,190,7237.1,9408.2,0.7373,mixed
4568,8,190,7193.8,9351.9,0.7744,mixed
4569,9,190,7135.5,9276.2,0.8115,mixed
4570,10,190,7288.2,9474.7,0.8463,mixed
4571,11,190,7291.8,9479.4,0.8765,mixed
4572,12,190,7403.9,9625.1,0.9,mixed
4573,13,190,7427.3,9655.5,0.9149,mixed
4574,14,190,7537.6,9798.9,0.92,mixed
4575,15,190,7825.2,10172.8,0.9149,mixed
4576,16,190,7125.0,9262.6,0.9,mixed
4577,17,190,7572.8,9844.6,0.8765,mixed
4578,18,190,7151.2,9296.6,0.8463,mixed
4579,19,190,7398.1,9617.6,0.8115,mixed
4580,20,190,6945.4,9029.0,0.7744,mixed
4581,21,190,6989.8,9086.8,0.7373,mixed
4582,22,190,6766.2,8796.1,0.7021,mixed
4583,23,190,6354.7,8261.1,0.6701,mixed
4584,0,191,6749.9,8774.9,0.5743,mixed
4585,1,191,6266.1,8145.9,0.5854,mixed
4586,2,191,6508.9,8461.5,0.6001,mixed
4587,3,191,6342.3,8245.0,0.6189,mixed
4588,4,191,6353.6,8259.7,0.6423,mixed
4589,5,191,6661.5,8659.9,0.6701,mixed
4590,6,191,6677.6,8680.9,0.7021,mixed
4591,7,191,6662.2,8660.9,0.7373,mixed
4592,8,191,7008.1,9110.5,0.7744,mixed
4593,9,191,6809.9,8852.8,0.8115,mixed
4594,10,191,7258.3,9435.8,0.8463,mixed
4595,11,191,7293.9,9482.1,0.8765,mixed
4596,12,191,6842.2,8894.9,0.9,mixed
4597,13,191,7320.3,9516.4,0.9149,mixed
4598,14,191,7557.0,9824.1,0.92,mixed
4599,15,191,7199.7,9359.6,0.9149,mixed
4600,16,191,7505.8,9757.6,0.9,mixed
4601,17,191,7416.9,9642.0,0.8765,mixed
4602,18,191,7010.3,9113.5,0.8463,mixed
4603,19,191,7124.1,9261.3,0.8115,mixed
4604,20,191,7189.2,9345.9,0.7744,mixed
4605,21,191,6722.8,8739.6,0.7373,mixed
4606,22,191,6756.7,8783.7,0.7021,mixed
4607,23,191,6934.0,9014.2,0.6701,mixed
4608,0,192,6250.2,8125.3,0.5743,mixed
4609,1,192,6537.3,8498.5,0.5854,mixed
4610,2,192,6282.3,8167.0,0.6001,mixed
4611,3,192,6517.4,8472.7,0.6189,mixed
4612,4,192,6707.8,8720.1,0.6423,mixed
4613,5,192,6219.2,8084.9,0.6701,mixed
4614,6,192,6689.7,8696.6,0.7021,mixed
4615,7,192,6993.3,9091.2,0.7373,mixed
4616,8,192,7063.1,9182.0,0.7744,mixed
4617,9,192,7015.0,9119.5,0.8115,mixed
4618,10,192,6991.5,9089.0,0.8463,mixed
4619,11,192,7459.9,9697.9,0.8765,mixed
4620,12,192,7320.8,9517.1,0.9,mixed
4621,13,192,7558.7,9826.3,0.9149,mixed
4622,14,192,7537.3,9798.5,0.92,mixed
4623,15,192,7337.2,9538.3,0.9149,mixed
4624,16,192,7630.2,9919.2,0.9,mixed
4625,17,192,7191.3,9348.7,0.8765,mixed
4626,18,192,7489.4,9736.2,0.8463,mixed
4627,19,192,7409.2,9631.9,0.8115,mixed
4628,20,192,7236.6,9407.5,0.7744,mixed
4629,21,192,6866.9,8927.0,0.7373,mixed
4630,22,192,7318.1,9513.6,0.7021,mixed
4631,23,192,6733.2,8753.2,0.6701,mixed
4632,0,193,6461.7,8400.2,0.5743,mixed
4633,1,193,6444.2,8377.5,0.5854,mixed
4634,2,193,6272.5,8154.2,0.6001,mixed
4635,3,193,6803.5,8844.6,0.6189,mixed
4636,4,193,6505.4,8457.1,0.6423,mixed
4637,5,193,6887.6,8953.9,0.6701,mixed
4638,6,193,7035.1,9145.7,0.7021,mixed
4639,7,193,7029.3,9138.1,0.7373,mixed
4640,8,193,6869.9,8930.9,0.7744,mixed
4641,9,193,7053.8,9169.9,0.8115,mixed
4642,10,193,6650.4,8645.5,0.8463,mixed
4643,11,193,7296.3,9485.2,0.8765,mixed
4644,12,193,7570.3,9841.4,0.9,mixed
4645,13,193,7384.0,9599.2,0.9149,mixed
4646,14,193,7320.4,9516.5,0.92,mixed
4647,15,193,7370.6,9581.7,0.9149,mixed
4648,16,193,7661.9,9960.4,0.9,mixed
4649,17,193,7309.9,9502.9,0.8765,mixed
4650,18,193,7634.2,9924.4,0.8463,mixed
4651,19,193,7004.7,9106.1,0.8115,mixed
4652,20,193,7061.3,9179.7,0.7744,mixed
4653,21,193,6814.6,8858.9,0.7373,mixed
4654,22,193,7221.8,9388.3,0.7021,mixed
4655,23,193,6738.8,8760.4,0.6701,mixed
4656,0,194,6801.5,8842.0,0.567,mixed
4657,1,194,6335.7,8236.5,0.5748,mixed
4658,2,194,6742.9,8765.8,0.5851,mixed
4659,3,194,6510.0,8463.0,0.5982,mixed
4660,4,194,6700.1,8710.1,0.6146,mixed
4661,5,194,6353.3,8259.2,0.6341,mixed
4662,6,194,6731.4,8750.8,0.6565,mixed
4663,7,194,6519.7,8475.6,0.6811,mixed
4664,8,194,6866.1,8926.0,0.7071,mixed
4665,9,194,6577.5,8550.7,0.733,mixed
4666,10,194,6944.8,9028.3,0.7574,mixed
4667,11,194,7259.0,9436.7,0.7786,mixed
4668,12,194,7193.6,9351.6,0.795,mixed
4669,13,194,6845.4,8899.1,0.8054,mixed
4670,14,194,6713.9,8728.0,0.809,mixed
4671,15,194,7214.6,9378.9,0.8054,mixed
4672,16,194,7413.0,9636.9,0.795,mixed
4673,17,194,6824.8,8872.2,0.7786,mixed
4674,18,194,7402.7,9623.5,0.7574,mixed
4675,19,194,6890.0,8957.0,0.733,mixed
4676,20,194,6413.2,8337.2,0.7071,mixed
4677,21,194,6420.3,8346.4,0.6811,mixed
4678,22,194,6815.6,8860.3,0.6565,mixed
4679,23,194,6620.2,8606.3,0.6341,mixed
4680,0,195,6677.7,8681.0,0.567,mixed
4681,1,195,6186.0,8041.8,0.5748,mixed
4682,2,195,6470.4,8411.5,0.5851,mixed
4683,3,195,6488.4,8434.9,0.5982,mixed
4684,4,195,6508.0,8460.4,0.6146,mixed
4685,5,195,6518.9,8474.5,0.6341,mixed
4686,6,195,6589.3,8566.0,0.6565,mixed
4687,7,195,6771.0,8802.3,0.6811,mixed
4688,8,195,6875.4,8938.1,0.7071,mixed
4689,9,195,6943.6,9026.7,0.733,mixed
4690,10,195,7216.5,9381.4,0.7574,mixed
4691,11,195,6774.7,8807.1,0.7786,mixed
4692,12,195,6692.7,8700.5,0.795,mixed
4693,13,195,7325.5,9523.1,0.8054,mixed
4694,14,195,6917.8,8993.1,0.809,mixed
4695,15,195,7027.7,9136.0,0.8054,mixed
4696,16,195,6947.4,9031.6,0.795,mixed
4697,17,195,6894.4,8962.8,0.7786,mixed
4698,18,195,6659.8,8657.7,0.7574,mixed
4699,19,195,6773.6,8805.7,0.733,mixed
4700,20,195,6946.3,9030.2,0.7071,mixed
4701,21,195,6734.9,8755.4,0.6811,mixed
4702,22,195,6762.6,8791.3,0.6565,mixed
4703,23,195,6496.4,8445.3,0.6341,mixed
4704,0,196,6589.0,8565.7,0.5743,mixed
4705,1,196,6350.1,8255.2,0.5854,mixed
4706,2,196,6081.8,7906.4,0.6001,mixed
4707,3,196,6611.3,8594.7,0.6189,mixed
4708,4,196,6771.5,8802.9,0.6423,mixed
4709,5,196,6590.2,8567.3,0.6701,mixed
4710,6,196,7043.2,9156.2,0.7021,mixed
4711,7,196,6728.1,8746.6,0.7373,mixed
4712,8,196,7156.7,9303.7,0.7744,mixed
4713,9,196,7499.7,9749.6,0.8115,mixed
4714,10,196,7239.1,9410.8,0.8463,mixed
4715,11,196,7272.1,9453.8,0.8765,mixed
4716,12,196,7368.9,9579.6,0.9,mixed
4717,13,196,7800.3,10140.4,0.9149,mixed
4718,14,196,7542.4,9805.1,0.92,mixed
4719,15,196,7915.4,10290.0,0.9149,mixed
4720,16,196,7454.3,9690.5,0.9,mixed
4721,17,196,7178.3,9331.7,0.8765,mixed
4722,18,196,7104.5,9235.9,0.8463,mixed
4723,19,196,7139.9,9281.8,0.8115,mixed
4724,20,196,6585.9,8561.7,0.7744,mixed
4725,21,196,6806.0,8847.7,0.7373,mixed
4726,22,196,6706.3,8718.2,0.7021,mixed
4727,23,196,6750.9,8776.2,0.6701,mixed
4728,0,197,6789.0,8825.7,0.5743,mixed
4729,1,197,6459.1,8396.8,0.5854,mixed
4730,2,197,6118.0,7953.5,0.6001,mixed
4731,3,197,6369.5,8280.4,0.6189,mixed
4732,4,197,6671.2,8672.5,0.6423,mixed
4733,5,197,6721.4,8737.8,0.6701,mixed
4734,6,197,7130.0,9269.0,0.7021,mixed
4735,7,197,7103.2,9234.2,0.7373,mixed
4736,8,197,7211.3,9374.7,0.7744,mixed
4737,9,197,7080.3,9204.3,0.8115,mixed
4738,10,197,7469.6,9710.4,0.8463,mixed
4739,11,197,7125.1,9262.6,0.8765,mixed
4740,12,197,7607.1,9889.2,0.9,mixed
4741,13,197,7374.0,9586.2,0.9149,mixed
4742,14,197,7128.6,9267.2,0.92,mixed
4743,15,197,7569.4,9840.2,0.9149,mixed
4744,16,197,7702.3,10012.9,0.9,mixed
4745,17,197,7232.6,9402.3,0.8765,mixed
4746,18,197,7570.1,9841.2,0.8463,mixed
4747,19,197,6772.6,8804.4,0.8115,mixed
4748,20,197,6763.7,8792.8,0.7744,mixed
4749,21,197,6873.9,8936.1,0.7373,mixed
4750,22,197,6723.0,8739.9,0.7021,mixed
4751,23,197,6568.5,8539.1,0.6701,mixed
4752,0,198,6441.0,8373.3,0.5743,mixed
4753,1,198,6346.2,8250.1,0.5854,mixed
4754,2,198,6422.6,8349.4,0.6001,mixed
4755,3,198,6603.8,8584.9,0.6189,mixed
4756,4,198,6486.5,8432.5,0.6423,mixed
4757,5,198,6681.4,8685.8,0.6701,mixed
4758,6,198,6667.0,8667.1,0.7021,mixed
4759,7,198,6654.6,8651.0,0.7373,mixed
4760,8,198,7176.3,9329.2,0.7744,mixed
4761,9,198,7491.8,9739.4,0.8115,mixed
4762,10,198,7462.1,9700.7,0.8463,mixed
4763,11,198,7394.7,9613.2,0.8765,mixed
4764,12,198,7250.1,9425.1,0.9,mixed
4765,13,198,7373.0,9584.9,0.9149,mixed
4766,14,198,7688.6,9995.2,0.92,mixed
4767,15,198,6928.0,9006.4,0.9149,mixed
4768,16,198,7311.8,9505.3,0.9,mixed
4769,17,198,7483.1,9728.1,0.8765,mixed
4770,18,198,6984.2,9079.5,0.8463,mixed
4771,19,198,7217.2,9382.4,0.8115,mixed
4772,20,198,7094.9,9223.4,0.7744,mixed
4773,21,198,6603.1,8584.0,0.7373,mixed
4774,22,198,6816.4,8861.3,0.7021,mixed
4775,23,198,6578.5,8552.1,0.6701,mixed
4776,0,199,6495.3,8444.0,0.5743,mixed
4777,1,199,6578.0,8551.4,0.5854,mixed
4778,2,199,6570.2,8541.3,0.6001,mixed
4779,3,199,6563.3,8532.3,0.6189,mixed
4780,4,199,6676.5,8679.4,0.6423,mixed
4781,5,199,6466.2,8406.0,0.6701,mixed
4782,6,199,6792.4,8830.1,0.7021,mixed
4783,7,199,6739.4,8761.2,0.7373,mixed
4784,8,199,7232.7,9402.5,0.7744,mixed
4785,9,199,7272.8,9454.6,0.8115,mixed
4786,10,199,7378.7,9592.3,0.8463,mixed
4787,11,199,7698.3,10007.7,0.8765,mixed
4788,12,199,7319.1,9514.9,0.9,mixed
4789,13,199,7314.5,9508.9,0.9149,mixed
4790,14,199,7373.3,9585.2,0.92,mixed
4791,15,199,7079.5,9203.4,0.9149,mixed
4792,16,199,7054.4,9170.8,0.9,mixed
4793,17,199,7458.3,9695.8,0.8765,mixed
4794,18,199,6928.5,9007.0,0.8463,mixed
4795,19,199,6896.9,8965.9,0.8115,mixed
4796,20,199,6994.1,9092.4,0.7744,mixed
4797,21,199,6819.0,8864.6,0.7373,mixed
4798,22,199,6979.3,9073.1,0.7021,mixed
4799,23,199,6714.8,8729.3,0.6701,mixed
4800,0,200,6261.6,8140.1,0.5743,mixed
4801,1,200,6636.4,8627.4,0.5854,mixed
4802,2,200,6634.5,8624.8,0.6001,mixed
4803,3,200,6271.8,8153.4,0.6189,mixed
4804,4,200,6669.2,8669.9,0.6423,mixed
4805,5,200,6558.9,8526.5,0.6701,mixed
4806,6,200,6647.4,8641.6,0.7021,mixed
4807,7,200,7291.6,9479.0,0.7373,mixed
4808,8,200,7041.7,9154.2,0.7744,mixed
4809,9,200,7080.2,9204.2,0.8115,mixed
4810,10,200,7249.6,9424.4,0.8463,mixed
4811,11,200,7513.9,9768.1,0.8765,mixed
4812,12,200,7236.7,9407.7,0.9,mixed
4813,13,200,7318.6,9514.1,0.9149,mixed
4814,14,200,7599.1,9878.9,0.92,mixed
4815,15,200,7098.7,9228.3,0.9149,mixed
4816,16,200,7612.0,9895.7,0.9,mixed
4817,17,200,6969.3,9060.1,0.8765,mixed
4818,18,200,7177.8,9331.2,0.8463,mixed
4819,19,200,6784.9,8820.3,0.8115,mixed
4820,20,200,6793.3,8831.2,0.7744,mixed
4821,21,200,7173.1,9325.1,0.7373,mixed
4822,22,200,7011.7,9115.2,0.7021,mixed
4823,23,200,6934.2,9014.4,0.6701,mixed
4824,0,201,6115.5,7950.1,0.567,mixed
4825,1,201,6214.3,8078.6,0.5748,mixed
4826,2,201,6513.2,8467.2,0.5851,mixed
4827,3,201,6626.2,8614.1,0.5982,mixed
4828,4,201,6379.3,8293.1,0.6146,mixed
4829,5,201,6480.0,8424.0,0.6341,mixed
4830,6,201,6435.6,8366.3,0.6565,mixed
4831,7,201,7070.8,9192.1,0.6811,mixed
4832,8,201,6716.5,8731.4,0.7071,mixed
4833,9,201,6897.8,8967.2,0.733,mixed
4834,10,201,6982.0,9076.5,0.7574,mixed
4835,11,201,7261.1,9439.5,0.7786,mixed
4836,12,201,6875.1,8937.6,0.795,mixed
4837,13,201,7357.7,9565.1,0.8054,mixed
4838,14,201,6846.2,8900.1,0.809,mixed
4839,15,201,7357.2,9564.3,0.8054,mixed
4840,16,201,6713.1,8727.1,0.795,mixed
4841,17,201,7006.0,9107.8,0.7786,mixed
4842,18,201,7304.1,9495.3,0.7574,mixed
4843,19,201,7035.5,9146.2,0.733,mixed
4844,20,201,6899.7,8969.6,0.7071,mixed
4845,21,201,6523.9,8481.0,0.6811,mixed
4846,22,201,6514.9,8469.4,0.6565,mixed
4847,23,201,6860.5,8918.7,0.6341,mixed
4848,0,202,6484.0,8429.2,0.567,mixed
4849,1,202,6588.0,8564.4,0.5748,mixed
4850,2,202,6461.7,8400.3,0.5851,mixed
4851,3,202,6432.2,8361.9,0.5982,mixed
4852,4,202,6686.4,8692.3,0.6146,mixed
4853,5,202,6645.9,8639.6,0.6341,mixed
4854,6,202,6627.8,8616.1,0.6565,mixed
4855,7,202,6450.0,8385.0,0.6811,mixed
4856,8,202,7008.6,9111.1,0.7071,mixed
4857,9,202,6982.3,9077.0,0.733,mixed
4858,10,202,6837.8,8889.2,0.7574,mixed
4859,11,202,7276.6,9459.6,0.7786,mixed
4860,12,202,7129.1,9267.8,0.795,mixed
4861,13,202,7164.8,9314.2,0.8054,mixed
4862,14,202,7308.1,9500.5,0.809,mixed
4863,15,202,7251.2,9426.6,0.8054,mixed
4864,16,202,7139.7,9281.6,0.795,mixed
4865,17,202,6988.2,9084.7,0.7786,mixed
4866,18,202,7378.9,9592.6,0.7574,mixed
4867,19,202,6739.7,8761.6,0.733,mixed
4868,20,202,6966.1,9055.9,0.7071,mixed
4869,21,202,6718.8,8734.4,0.6811,mixed
4870,22,202,6752.6,8778.4,0.6565,mixed
4871,23,202,6838.6,8890.2,0.6341,mixed
4872,0,203,6355.3,8261.9,0.5743,mixed
4873,1,203,6564.9,8534.4,0.5854,mixed
4874,2,203,6544.3,8507.5,0.6001,mixed
4875,3,203,6423.1,8350.0,0.6189,mixed
4876,4,203,6868.9,8929.6,0.6423,mixed
4877,5,203,6845.7,8899.4,0.6701,mixed
4878,6,203,6710.0,8723.0,0.7021,mixed
4879,7,203,7132.9,9272.8,0.7373,mixed
4880,8,203,6840.6,8892.7,0.7744,mixed
4881,9,203,7120.5,9256.7,0.8115,mixed
4882,10,203,7138.0,9279.4,0.8463,mixed
4883,11,203,7486.9,9733.0,0.8765,mixed
4884,12,203,7285.9,9471.7,0.9,mixed
4885,13,203,7606.2,9888.1,0.9149,mixed
4886,14,203,7585.2,9860.8,0.92,mixed
4887,15,203,7353.3,9559.3,0.9149,mixed
4888,16,203,7798.1,10137.5,0.9,mixed
4889,17,203,7158.2,9305.6,0.8765,mixed
4890,18,203,6925.5,9003.1,0.8463,mixed
4891,19,203,7309.7,9502.6,0.8115,mixed
4892,20,203,6563.2,8532.1,0.7744,mixed
4893,21,203,7213.3,9377.3,0.7373,mixed
4894,22,203,6819.4,8865.2,0.7021,mixed
4895,23,203,6415.7,8340.5,0.6701,mixed
4896,0,204,6232.7,8102.5,0.5743,mixed
4897,1,204,6132.3,7972.0,0.5854,mixed
4898,2,204,6567.1,8537.2,0.6001,mixed
4899,3,204,6288.4,8174.9,0.6189,mixed
4900,4,204,6718.8,8734.4,0.6423,mixed
4901,5,204,6641.4,8633.8,0.6701,mixed
4902,6,204,6701.7,8712.2,0.7021,mixed
4903,7,204,7009.8,9112.8,0.7373,mixed
4904,8,204,7146.8,9290.8,0.7744,mixed
4905,9,204,7371.7,9583.2,0.8115,mixed
4906,10,204,7093.6,9221.7,0.8463,mixed
4907,11,204,7315.3,9509.9,0.8765,mixed
4908,12,204,7251.4,9426.9,0.9,mixed
4909,13,204,7473.4,9715.4,0.9149,mixed
4910,14,204,7278.3,9461.8,0.92,mixed
4911,15,204,7342.4,9545.1,0.9149,mixed
4912,16,204,7299.4,9489.2,0.9,mixed
4913,17,204,7386.3,9602.2,0.8765,mixed
4914,18,204,7231.8,9401.3,0.8463,mixed
4915,19,204,7234.9,9405.4,0.8115,mixed
4916,20,204,6993.0,9090.9,0.7744,mixed
4917,21,204,6784.3,8819.5,0.7373,mixed
4918,22,204,6837.7,8889.0,0.7021,mixed
4919,23,204,6518.2,8473.7,0.6701,mixed
4920,0,205,6524.8,8482.2,0.5743,mixed
4921,1,205,6393.2,8311.2,0.5854,mixed
4922,2,205,6532.4,8492.1,0.6001,mixed
4923,3,205,6592.3,8570.0,0.6189,mixed
4924,4,205,6937.1,9018.2,0.6423,mixed
4925,5,205,6779.4,8813.2,0.6701,mixed
4926,6,205,6813.6,8857.6,0.7021,mixed
4927,7,205,6760.9,8789.2,0.7373,mixed
4928,8,205,7184.4,9339.8,0.7744,mixed
4929,9,205,7068.9,9189.6,0.8115,mixed
4930,10,205,6900.2,8970.3,0.8463,mixed
4931,11,205,7279.0,9462.7,0.8765,mixed
4932,12,205,7434.8,9665.2,0.9,mixed
4933,13,205,7254.4,9430.7,0.9149,mixed
4934,14,205,7425.9,9653.7,0.92,mixed
4935,15,205,7421.0,9647.4,0.9149,mixed
4936,16,205,7379.9,9593.9,0.9,mixed
4937,17,205,7593.1,9871.0,0.8765,mixed
4938,18,205,6946.6,9030.6,0.8463,mixed
4939,19,205,7561.5,9830.0,0.8115,mixed
4940,20,205,7008.6,9111.2,0.7744,mixed
4941,21,205,7024.5,9131.9,0.7373,mixed
4942,22,205,6824.7,8872.1,0.7021,mixed
4943,23,205,6355.6,8262.3,0.6701,mixed
4944,0,206,6211.9,8075.5,0.5743,mixed
4945,1,206,6347.0,8251.2,0.5854,mixed
4946,2,206,6686.1,8691.9,0.6001,mixed
4947,3,206,6277.1,8160.2,0.6189,mixed
4948,4,206,6449.2,8383.9,0.6423,mixed
4949,5,206,6735.8,8756.6,0.6701,mixed
4950,6,206,6895.1,8963.6,0.7021,mixed
4951,7,206,6996.0,9094.9,0.7373,mixed
4952,8,206,6808.5,8851.0,0.7744,mixed
4953,9,206,6785.0,8820.5,0.8115,mixed
4954,10,206,7348.1,9552.5,0.8463,mixed
4955,11,206,7636.7,9927.7,0.8765,mixed
4956,12,206,7315.7,9510.5,0.9,mixed
4957,13,206,7181.6,9336.1,0.9149,mixed
4958,14,206,7356.2,9563.1,0.92,mixed
4959,15,206,7524.9,9782.4,0.9149,mixed
4960,16,206,7340.6,9542.8,0.9,mixed
4961,17,206,7631.0,9920.3,0.8765,mixed
4962,18,206,7431.8,9661.3,0.8463,mixed
4963,19,206,7166.1,9315.9,0.8115,mixed
4964,20,206,6604.2,8585.5,0.7744,mixed
4965,21,206,6761.0,8789.2,0.7373,mixed
4966,22,206,6686.9,8692.9,0.7021,mixed
4967,23,206,6552.5,8518.3,0.6701,mixed
4968,0,207,6452.0,8387.6,0.5743,mixed
4969,1,207,6489.4,8436.2,0.5854,mixed
4970,2,207,6166.5,8016.4,0.6001,mixed
4971,3,207,6707.1,8719.3,0.6189,mixed
4972,4,207,6622.3,8609.0,0.6423,mixed
4973,5,207,6774.6,8807.0,0.6701,mixed
4974,6,207,6950.6,9035.7,0.7021,mixed
4975,7,207,6745.5,8769.1,0.7373,mixed
4976,8,207,7280.5,9464.7,0.7744,mixed
4977,9,207,7096.4,9225.3,0.8115,mixed
4978,10,207,7559.2,9827.0,0.8463,mixed
4979,11,207,7125.5,9263.2,0.8765,mixed
4980,12,207,7711.3,10024.7,0.9,mixed
4981,13,207,7235.3,9405.9,0.9149,mixed
4982,14,207,8022.1,10428.8,0.92,mixed
4983,15,207,7224.6,9392.0,0.9149,mixed
4984,16,207,7626.6,9914.6,0.9,mixed
4985,17,207,7242.3,9415.0,0.8765,mixed
4986,18,207,7386.2,9602.1,0.8463,mixed
4987,19,207,7118.0,9253.4,0.8115,mixed
4988,20,207,6785.9,8821.7,0.7744,mixed
4989,21,207,6325.0,8222.5,0.7373,mixed
4990,22,207,7310.1,9503.1,0.7021,mixed
4991,23,207,6717.4,8732.6,0.6701,mixed
4992,0,208,5828.8,7577.4,0.567,mixed
4993,1,208,6474.9,8417.3,0.5748,mixed
4994,2,208,6580.8,8555.1,0.5851,mixed
4995,3,208,6347.9,8252.2,0.5982,mixed
4996,4,208,6397.2,8316.3,0.6146,mixed
4997,5,208,6590.6,8567.8,0.6341,mixed
4998,6,208,6902.1,8972.7,0.6565,mixed
4999,7,208,6755.9,8782.7,0.6811,mixed
5000,8,208,7112.7,9246.5,0.7071,mixed
5001,9,208,7125.2,9262.8,0.733,mixed
5002,10,208,6916.7,8991.7,0.7574,mixed
5003,11,208,6696.9,8705.9,0.7786,mixed
5004,12,208,7029.2,9137.9,0.795,mixed
5005,13,208,7220.9,9387.1,0.8054,mixed
5006,14,208,7132.1,9271.7,0.809,mixed
5007,15,208,7243.9,9417.1,0.8054,mixed
5008,16,208,7260.6,9438.8,0.795,mixed
5009,17,208,7139.9,9281.9,0.7786,mixed
5010,18,208,6907.0,8979.0,0.7574,mixed
5011,19,208,6998.9,9098.5,0.733,mixed
5012,20,208,7270.5,9451.7,0.7071,mixed
5013,21,208,6434.7,8365.1,0.6811,mixed
5014,22,208,6759.1,8786.9,0.6565,mixed
5015,23,208,6957.0,9044.1,0.6341,mixed
5016,0,209,6168.1,8018.5,0.567,mixed
5017,1,209,6609.3,8592.1,0.5748,mixed
5018,2,209,6666.9,8667.0,0.5851,mixed
5019,3,209,6199.6,8059.5,0.5982,mixed
5020,4,209,6675.7,8678.5,0.6146,mixed
5021,5,209,6540.9,8503.2,0.6341,mixed
5022,6,209,6649.7,8644.6,0.6565,mixed
5023,7,209,6670.1,8671.1,0.6811,mixed
5024,8,209,7081.9,9206.5,0.7071,mixed
5025,9,209,6868.2,8928.7,0.733,mixed
5026,10,209,6867.7,8928.0,0.7574,mixed
5027,11,209,6933.9,9014.1,0.7786,mixed
5028,12,209,7004.9,9106.4,0.795,mixed
5029,13,209,6878.4,8941.9,0.8054,mixed
5030,14,209,7018.5,9124.0,0.809,mixed
5031,15,209,7133.7,9273.8,0.8054,mixed
5032,16,209,7163.2,9312.1,0.795,mixed
5033,17,209,7281.9,9466.4,0.7786,mixed
5034,18,209,7014.8,9119.3,0.7574,mixed
5035,19,209,6793.3,8831.3,0.733,mixed
5036,20,209,6606.9,8589.0,0.7071,mixed
5037,21,209,6795.2,8833.8,0.6811,mixed
5038,22,209,6638.3,8629.8,0.6565,mixed
5039,23,209,6577.9,8551.2,0.6341,mixed
5040,0,210,6465.8,8405.5,0.5743,mixed
5041,1,210,6548.9,8513.6,0.5854,mixed
5042,2,210,6545.1,8508.6,0.6001,mixed
5043,3,210,6515.6,8470.2,0.6189,mixed
5044,4,210,6460.0,8397.9,0.6423,mixed
5045,5,210,6579.5,8553.3,0.6701,mixed
5046,6,210,6971.7,9063.1,0.7021,mixed
5047,7,210,6816.6,8861.6,0.7373,mixed
5048,8,210,6732.3,8751.9,0.7744,mixed
5049,9,210,7374.6,9587.0,0.8115,mixed
5050,10,210,7026.7,9134.7,0.8463,mixed
5051,11,210,7329.6,9528.5,0.8765,mixed
5052,12,210,7501.2,9751.6,0.9,mixed
5053,13,210,7437.7,9669.0,0.9149,mixed
5054,14,210,6898.3,8967.8,0.92,mixed
5055,15,210,7524.1,9781.4,0.9149,mixed
5056,16,210,7686.5,9992.4,0.9,mixed
5057,17,210,7494.6,9743.0,0.8765,mixed
5058,18,210,6770.4,8801.5,0.8463,mixed
5059,19,210,7581.5,9855.9,0.8115,mixed
5060,20,210,6736.5,8757.5,0.7744,mixed
5061,21,210,6681.0,8685.3,0.7373,mixed
5062,22,210,6958.1,9045.5,0.7021,mixed
5063,23,210,6793.7,8831.8,0.6701,mixed
5064,0,211,6430.7,8359.9,0.5743,mixed
5065,1,211,6338.3,8239.8,0.5854,mixed
5066,2,211,6751.7,8777.3,0.6001,mixed
5067,3,211,6541.3,8503.7,0.6189,mixed
5068,4,211,6308.2,8200.6,0.6423,mixed
5069,5,211,6950.5,9035.6,0.6701,mixed
5070,6,211,6843.4,8896.4,0.7021,mixed
5071,7,211,7135.3,9275.9,0.7373,mixed
5072,8,211,7136.1,9276.9,0.7744,mixed
5073,9,211,7638.0,9929.4,0.8115,mixed
5074,10,211,7163.9,9313.0,0.8463,mixed
5075,11,211,7325.4,9523.0,0.8765,mixed
5076,12,211,7552.0,9817.5,0.9,mixed
5077,13,211,7369.2,9580.0,0.9149,mixed
5078,14,211,7631.8,9921.3,0.92,mixed
5079,15,211,6779.4,8813.2,0.9149,mixed
5080,16,211,7376.2,9589.0,0.9,mixed
5081,17,211,7299.3,9489.0,0.8765,mixed
5082,18,211,7200.9,9361.2,0.8463,mixed
5083,19,211,6939.2,9021.0,0.8115,mixed
5084,20,211,7206.3,9368.1,0.7744,mixed
5085,21,211,6799.9,8839.8,0.7373,mixed
5086,22,211,6839.5,8891.3,0.7021,mixed
5087,23,211,6695.2,8703.8,0.6701,mixed
5088,0,212,6511.6,8465.0,0.5743,mixed
5089,1,212,6725.3,8742.9,0.5854,mixed
5090,2,212,6530.5,8489.7,0.6001,mixed
5091,3,212,6714.4,8728.7,0.6189,mixed
5092,4,212,6647.9,8642.2,0.6423,mixed
5093,5,212,6600.9,8581.2,0.6701,mixed
5094,6,212,6769.8,8800.7,0.7021,mixed
5095,7,212,6845.6,8899.3,0.7373,mixed
5096,8,212,7135.1,9275.7,0.7744,mixed
5097,9,212,7149.5,9294.3,0.8115,mixed
5098,10,212,7058.8,9176.5,0.8463,mixed
5099,11,212,7273.1,9455.1,0.8765,mixed
5100,12,212,7053.9,9170.1,0.9,mixed
5101,13,212,7395.8,9614.6,0.9149,mixed
5102,14,212,7452.6,9688.4,0.92,mixed
5103,15,212,7840.5,10192.6,0.9149,mixed
5104,16,212,7691.4,9998.8,0.9,mixed
5105,17,212,7094.7,9223.2,0.8765,mixed
5106,18,212,7274.9,9457.4,0.8463,mixed
5107,19,212,7173.6,9325.6,0.8115,mixed
5108,20,212,6967.1,9057.2,0.7744,mixed
5109,21,212,6869.8,8930.8,0.7373,mixed
5110,22,212,6726.5,8744.4,0.7021,mixed
5111,23,212,7079.2,9203.0,0.6701,mixed
5112,0,213,6335.2,8235.7,0.5743,mixed
5113,1,213,6514.4,8468.7,0.5854,mixed
5114,2,213,5999.9,7799.9,0.6001,mixed
5115,3,213,6710.9,8724.1,0.6189,mixed
5116,4,213,6854.2,8910.5,0.6423,mixed
5117,5,213,6491.1,8438.5,0.6701,mixed
5118,6,213,6694.2,8702.5,0.7021,mixed
5119,7,213,6997.9,9097.2,0.7373,mixed
5120,8,213,7019.7,9125.5,0.7744,mixed
5121,9,213,7226.4,9394.3,0.8115,mixed
5122,10,213,7168.8,9319.5,0.8463,mixed
5123,11,213,7731.2,10050.5,0.8765,mixed
5124,12,213,7243.8,9416.9,0.9,mixed
5125,13,213,8037.5,10448.8,0.9149,mixed
5126,14,213,7730.0,10049.0,0.92,mixed
5127,15,213,7622.7,9909.4,0.9149,mixed
5128,16,213,7161.6,9310.0,0.9,mixed
5129,17,213,7521.7,9778.2,0.8765,mixed
5130,18,213,7362.1,9570.8,0.8463,mixed
5131,19,213,6673.5,8675.6,0.8115,mixed
5132,20,213,6719.9,8735.9,0.7744,mixed
5133,21,213,6978.4,9071.9,0.7373,mixed
5134,22,213,6771.5,8802.9,0.7021,mixed
5135,23,213,6598.8,8578.5,0.6701,mixed
5136,0,214,6622.9,8609.8,0.5743,mixed
5137,1,214,6277.5,8160.7,0.5854,mixed
5138,2,214,6403.9,8325.0,0.6001,mixed
5139,3,214,6421.9,8348.5,0.6189,mixed
5140,4,214,6720.4,8736.5,0.6423,mixed
5141,5,214,6356.9,8264.0,0.6701,mixed
5142,6,214,6697.1,8706.3,0.7021,mixed
5143,7,214,6547.5,8511.8,0.7373,mixed
5144,8,214,6949.7,9034.6,0.7744,mixed
5145,9,214,7281.3,9465.7,0.8115,mixed
5146,10,214,7391.9,9609.4,0.8463,mixed
5147,11,214,7162.1,9310.7,0.8765,mixed
5148,12,214,7510.6,9763.8,0.9,mixed
5149,13,214,7395.7,9614.4,0.9149,mixed
5150,14,214,7756.6,10083.6,0.92,mixed
5151,15,214,7408.0,9630.4,0.9149,mixed
5152,16,214,6733.0,8752.9,0.9,mixed
5153,17,214,7518.4,9773.9,0.8765,mixed
5154,18,214,7131.5,9271.0,0.8463,mixed
5155,19,214,7068.1,9188.5,0.8115,mixed
5156,20,214,7086.3,9212.1,0.7744,mixed
5157,21,214,6609.2,8592.0,0.7373,mixed
5158,22,214,6813.9,8858.0,0.7021,mixed
5159,23,214,6810.1,8853.2,0.6701,mixed
5160,0,215,6463.2,8402.2,0.567,mixed
5161,1,215,6301.3,8191.7,0.5748,mixed
5162,2,215,6639.3,8631.1,0.5851,mixed
5163,3,215,6292.9,8180.8,0.5982,mixed
5164,4,215,6413.4,8337.4,0.6146,mixed
5165,5,215,6567.7,8538.0,0.6341,mixed
5166,6,215,6720.8,8737.0,0.6565,mixed
5167,7,215,6670.1,8671.2,0.6811,mixed
5168,8,215,7064.7,9184.1,0.7071,mixed
5169,9,215,6952.4,9038.1,0.733,mixed
5170,10,215,6980.3,9074.4,0.7574,mixed
5171,11,215,7082.9,9207.7,0.7786,mixed
5172,12,215,7232.9,9402.8,0.795,mixed
5173,13,215,7159.9,9307.9,0.8054,mixed
5174,14,215,6732.8,8752.7,0.809,mixed
5175,15,215,7340.9,9543.2,0.8054,mixed
5176,16,215,7102.7,9233.5,0.795,mixed
5177,17,215,7172.4,9324.1,0.7786,mixed
5178,18,215,6879.7,8943.6,0.7574,mixed
5179,19,215,6513.7,8467.8,0.733,mixed
5180,20,215,6347.8,8252.1,0.7071,mixed
5181,21,215,6544.9,8508.4,0.6811,mixed
5182,22,215,6765.1,8794.7,0.6565,mixed
5183,23,215,6851.3,8906.7,0.6341,mixed
5184,0,216,6451.3,8386.7,0.567,mixed
5185,1,216,6214.1,8078.3,0.5748,mixed
5186,2,216,6295.8,8184.5,0.5851,mixed
5187,3,216,6751.9,8777.4,0.5982,mixed
5188,4,216,6279.0,8162.7,0.6146,mixed
5189,5,216,7010.4,9113.5,0.6341,mixed
5190,6,216,7036.7,9147.7,0.6565,mixed
5191,7,216,7167.1,9317.2,0.6811,mixed
5192,8,216,6891.4,8958.8,0.7071,mixed
5193,9,216,6820.8,8867.0,0.733,mixed
5194,10,216,7038.9,9150.6,0.7574,mixed
5195,11,216,7219.6,9385.4,0.7786,mixed
5196,12,216,6939.1,9020.9,0.795,mixed
5197,13,216,6873.8,8935.9,0.8054,mixed
5198,14,216,7058.7,9176.3,0.809,mixed
5199,15,216,6943.9,9027.1,0.8054,mixed
5200,16,216,7340.8,9543.0,0.795,mixed
5201,17,216,6898.0,8967.5,0.7786,mixed
5202,18,216,6984.5,9079.8,0.7574,mixed
5203,19,216,7094.6,9223.0,0.733,mixed
5204,20,216,7075.2,9197.7,0.7071,mixed
5205,21,216,6777.9,8811.2,0.6811,mixed
5206,22,216,6738.5,8760.1,0.6565,mixed
5207,23,216,6393.4,8311.4,0.6341,mixed
5208,0,217,6612.2,8595.8,0.5743,mixed
5209,1,217,6692.9,8700.8,0.5854,mixed
5210,2,217,6128.2,7966.7,0.6001,mixed
5211,3,217,6895.4,8964.1,0.6189,mixed
5212,4,217,6480.0,8423.9,0.6423,mixed
5213,5,217,6822.2,8868.9,0.6701,mixed
5214,6,217,6814.5,8858.8,0.7021,mixed
5215,7,217,6891.8,8959.4,0.7373,mixed
5216,8,217,6972.1,9063.7,0.7744,mixed
5217,9,217,6914.5,8988.8,0.8115,mixed
5218,10,217,7344.8,9548.2,0.8463,mixed
5219,11,217,7259.0,9436.8,0.8765,mixed
5220,12,217,7101.9,9232.5,0.9,mixed
5221,13,217,7206.1,9367.9,0.9149,mixed
5222,14,217,7163.4,9312.4,0.92,mixed
5223,15,217,7320.0,9515.9,0.9149,mixed
5224,16,217,7499.9,9749.9,0.9,mixed
5225,17,217,7165.7,9315.4,0.8765,mixed
5226,18,217,7442.7,9675.6,0.8463,mixed
5227,19,217,7101.2,9231.6,0.8115,mixed
5228,20,217,6954.6,9041.0,0.7744,mixed
5229,21,217,6907.8,8980.2,0.7373,mixed
5230,22,217,7083.2,9208.2,0.7021,mixed
5231,23,217,6426.9,8355.0,0.6701,mixed
5232,0,218,6734.0,8754.3,0.5743,mixed
5233,1,218,6634.2,8624.5,0.5854,mixed
5234,2,218,6488.3,8434.8,0.6001,mixed
5235,3,218,6781.5,8815.9,0.6189,mixed
5236,4,218,6555.1,8521.6,0.6423,mixed
5237,5,218,6760.1,8788.2,0.6701,mixed
5238,6,218,6688.2,8694.7,0.7021,mixed
5239,7,218,7104.5,9235.9,0.7373,mixed
5240,8,218,6866.7,8926.7,0.7744,mixed
5241,9,218,7115.7,9250.4,0.8115,mixed
5242,10,218,7378.5,9592.0,0.8463,mixed
5243,11,218,7552.1,9817.8,0.8765,mixed
5244,12,218,7210.2,9373.3,0.9,mixed
5245,13,218,7605.0,9886.5,0.9149,mixed
5246,14,218,7232.8,9402.6,0.92,mixed
5247,15,218,6957.2,9044.4,0.9149,mixed
5248,16,218,7226.4,9394.4,0.9,mixed
5249,17,218,7505.2,9756.8,0.8765,mixed
5250,18,218,7228.5,9397.0,0.8463,mixed
5251,19,218,7012.3,9116.0,0.8115,mixed
5252,20,218,7027.2,9135.4,0.7744,mixed
5253,21,218,6909.0,8981.7,0.7373,mixed
5254,22,218,6925.5,9003.1,0.7021,mixed
5255,23,218,6378.6,8292.2,0.6701,mixed
5256,0,219,6395.6,8314.2,0.5743,mixed
5257,1,219,6472.5,8414.3,0.5854,mixed
5258,2,219,6226.6,8094.6,0.6001,mixed
5259,3,219,6278.1,8161.6,0.6189,mixed
5260,4,219,6546.7,8510.7,0.6423,mixed
5261,5,219,6704.4,8715.7,0.6701,mixed
5262,6,219,6801.1,8841.4,0.7021,mixed
5263,7,219,6789.1,8825.8,0.7373,mixed
5264,8,219,6889.8,8956.8,0.7744,mixed
5265,9,219,7042.2,9154.9,0.8115,mixed
5266,10,219,7295.9,9484.7,0.8463,mixed
5267,11,219,7595.3,9873.8,0.8765,mixed
5268,12,219,6899.9,8969.9,0.9,mixed
5269,13,219,7576.0,9848.8,0.9149,mixed
5270,14,219,7427.5,9655.7,0.92,mixed
5271,15,219,7554.3,9820.6,0.9149,mixed
5272,16,219,7655.2,9951.8,0.9,mixed
5273,17,219,7156.0,9302.8,0.8765,mixed
5274,18,219,7436.0,9666.8,0.8463,mixed
5275,19,219,6858.6,8916.1,0.8115,mixed
5276,20,219,7042.4,9155.1,0.7744,mixed
5277,21,219,6854.1,8910.3,0.7373,mixed
5278,22,219,6808.1,8850.5,0.7021,mixed
5279,23,219,6503.8,8454.9,0.6701,mixed
5280,0,220,6499.3,8449.2,0.5743,mixed
5281,1,220,6755.3,8781.9,0.5854,mixed
5282,2,220,6303.2,8194.2,0.6001,mixed
5283,3,220,6586.3,8562.2,0.6189,mixed
5284,4,220,6789.0,8825.8,0.6423,mixed
5285,5,220,6643.0,8635.9,0.6701,mixed
5286,6,220,7076.1,9198.9,0.7021,mixed
5287,7,220,6815.3,8859.9,0.7373,mixed
5288,8,220,6991.1,9088.4,0.7744,mixed
5289,9,220,6914.4,8988.7,0.8115,mixed
5290,10,220,7258.6,9436.2,0.8463,mixed
5291,11,220,7322.5,9519.3,0.8765,mixed
5292,12,220,7533.3,9793.4,0.9,mixed
5293,13,220,7295.1,9483.6,0.9149,mixed
5294,14,220,7299.8,9489.8,0.92,mixed
5295,15,220,7540.2,9802.2,0.9149,mixed
5296,16,220,7702.2,10012.8,0.9,mixed
5297,17,220,7460.0,9698.1,0.8765,mixed
5298,18,220,7631.9,9921.5,0.8463,mixed
5299,19,220,7245.4,9419.0,0.8115,mixed
5300,20,220,7124.9,9262.3,0.7744,mixed
5301,21,220,7045.0,9158.6,0.7373,mixed
5302,22,220,7102.2,9232.8,0.7021,mixed
5303,23,220,6951.5,9037.0,0.6701,mixed
5304,0,221,6206.5,8068.4,0.5743,mixed
5305,1,221,6603.3,8584.3,0.5854,mixed
5306,2,221,6544.2,8507.5,0.6001,mixed
5307,3,221,6510.9,8464.2,0.6189,mixed
5308,4,221,6267.0,8147.1,0.6423,mixed
5309,5,221,6393.0,8310.9,0.6701,mixed
5310,6,221,6724.3,8741.6,0.7021,mixed
5311,7,221,6601.0,8581.3,0.7373,mixed
5312,8,221,6943.2,9026.2,0.7744,mixed
5313,9,221,7279.4,9463.2,0.8115,mixed
5314,10,221,7105.1,9236.6,0.8463,mixed
5315,11,221,7340.2,9542.3,0.8765,mixed
5316,12,221,7155.0,9301.6,0.9,mixed
5317,13,221,7503.7,9754.8,0.9149,mixed
5318,14,221,7565.9,9835.7,0.92,mixed
5319,15,221,7119.5,9255.4,0.9149,mixed
5320,16,221,7225.6,9393.3,0.9,mixed
5321,17,221,7043.5,9156.6,0.8765,mixed
5322,18,221,7341.6,9544.1,0.8463,mixed
5323,19,221,7161.8,9310.3,0.8115,mixed
5324,20,221,7005.1,9106.6,0.7744,mixed
5325,21,221,6877.8,8941.1,0.7373,mixed
5326,22,221,6864.5,8923.8,0.7021,mixed
5327,23,221,6771.6,8803.1,0.6701,mixed
5328,0,222,6298.3,8187.8,0.567,mixed
5329,1,222,6294.3,8182.5,0.5748,mixed
5330,2,222,6436.1,8366.9,0.5851,mixed
5331,3,222,6450.1,8385.1,0.5982,mixed
5332,4,222,6940.1,9022.2,0.6146,mixed
5333,5,222,6518.6,8474.2,0.6341,mixed
5334,6,222,6719.6,8735.5,0.6565,mixed
5335,7,222,6829.9,8878.8,0.6811,mixed
5336,8,222,7099.9,9229.8,0.7071,mixed
5337,9,222,6723.7,8740.8,0.733,mixed
5338,10,222,7244.4,9417.7,0.7574,mixed
5339,11,222,6996.9,9096.0,0.7786,mixed
5340,12,222,7608.4,9890.9,0.795,mixed
5341,13,222,7185.9,9341.7,0.8054,mixed
5342,14,222,6856.8,8913.9,0.809,mixed
5343,15,222,7066.5,9186.5,0.8054,mixed
5344,16,222,7361.0,9569.3,0.795,mixed
5345,17,222,7045.2,9158.8,0.7786,mixed
5346,18,222,6952.0,9037.6,0.7574,mixed
5347,19,222,7040.0,9152.0,0.733,mixed
5348,20,222,6743.1,8766.0,0.7071,mixed
5349,21,222,6693.1,8701.1,0.6811,mixed
5350,22,222,6472.9,8414.8,0.6565,mixed
5351,23,222,6936.6,9017.6,0.6341,mixed
5352,0,223,6158.9,8006.5,0.567,mixed
5353,1,223,6449.2,8384.0,0.5748,mixed
5354,2,223,6540.3,8502.4,0.5851,mixed
5355,3,223,6484.4,8429.7,0.5982,mixed
5356,4,223,6290.2,8177.3,0.6146,mixed
5357,5,223,6397.0,8316.1,0.6341,mixed
5358,6,223,6766.2,8796.0,0.6565,mixed
5359,7,223,6578.1,8551.6,0.6811,mixed
5360,8,223,6390.0,8307.1,0.7071,mixed
5361,9,223,6971.4,9062.8,0.733,mixed
5362,10,223,6782.2,8816.8,0.7574,mixed
5363,11,223,7161.1,9309.4,0.7786,mixed
5364,12,223,7034.5,9144.9,0.795,mixed
5365,13,223,7055.3,9171.9,0.8054,mixed
5366,14,223,7130.5,9269.6,0.809,mixed
5367,15,223,6865.8,8925.5,0.8054,mixed
5368,16,223,6902.1,8972.7,0.795,mixed
5369,17,223,6973.2,9065.2,0.7786,mixed
5370,18,223,6725.4,8743.0,0.7574,mixed
5371,19,223,7038.9,9150.6,0.733,mixed
5372,20,223,6750.8,8776.0,0.7071,mixed
5373,21,223,6442.8,8375.7,0.6811,mixed
5374,22,223,6550.0,8515.0,0.6565,mixed
5375,23,223,6614.6,8599.0,0.6341,mixed
5376,0,224,6329.4,8228.2,0.5743,mixed
5377,1,224,6525.8,8483.6,0.5854,mixed
5378,2,224,6604.3,8585.6,0.6001,mixed
5379,3,224,7020.9,9127.2,0.6189,mixed
5380,4,224,6847.6,8901.8,0.6423,mixed
5381,5,224,6373.6,8285.7,0.6701,mixed
5382,6,224,6725.2,8742.7,0.7021,mixed
5383,7,224,6849.1,8903.8,0.7373,mixed
5384,8,224,7136.6,9277.6,0.7744,mixed
5385,9,224,6927.1,9005.2,0.8115,mixed
5386,10,224,7115.9,9250.6,0.8463,mixed
5387,11,224,7048.5,9163.1,0.8765,mixed
5388,12,224,7258.8,9436.4,0.9,mixed
5389,13,224,7310.9,9504.2,0.9149,mixed
5390,14,224,7382.3,9597.0,0.92,mixed
5391,15,224,7172.3,9324.0,0.9149,mixed
5392,16,224,7610.1,9893.1,0.9,mixed
5393,17,224,7425.6,9653.3,0.8765,mixed
5394,18,224,6916.8,8991.9,0.8463,mixed
5395,19,224,7132.2,9271.9,0.8115,mixed
5396,20,224,6686.1,8692.0,0.7744,mixed
5397,21,224,7182.4,9337.1,0.7373,mixed
5398,22,224,7127.9,9266.2,0.7021,mixed
5399,23,224,6691.5,8698.9,0.6701,mixed
5400,0,225,6251.2,8126.5,0.5743,mixed
5401,1,225,6320.0,8215.9,0.5854,mixed
5402,2,225,6404.2,8325.4,0.6001,mixed
5403,3,225,6528.1,8486.5,0.6189,mixed
5404,4,225,6891.2,8958.6,0.6423,mixed
5405,5,225,6894.8,8963.3,0.6701,mixed
5406,6,225,6996.7,9095.7,0.7021,mixed
5407,7,225,6939.7,9021.6,0.7373,mixed
5408,8,225,6772.8,8804.6,0.7744,mixed
5409,9,225,6962.0,9050.7,0.8115,mixed
5410,10,225,7244.3,9417.6,0.8463,mixed
5411,11,225,7058.0,9175.5,0.8765,mixed
5412,12,225,7459.7,9697.7,0.9,mixed
5413,13,225,7616.6,9901.6,0.9149,mixed
5414,14,225,7574.2,9846.5,0.92,mixed
5415,15,225,7549.7,9814.6,0.9149,mixed
5416,16,225,6978.4,9072.0,0.9,mixed
5417,17,225,7614.8,9899.2,0.8765,mixed
5418,18,225,6891.1,8958.4,0.8463,mixed
5419,19,225,7094.0,9222.2,0.8115,mixed
5420,20,225,7145.7,9289.5,0.7744,mixed
5421,21,225,6978.6,9072.2,0.7373,mixed
5422,22,225,6538.0,8499.4,0.7021,mixed
5423,23,225,6481.8,8426.4,0.6701,mixed
5424,0,226,6470.5,8411.7,0.5743,mixed
5425,1,226,6547.3,8511.5,0.5854,mixed
5426,2,226,6276.9,8159.9,0.6001,mixed
5427,3,226,6626.2,8614.1,0.6189,mixed
5428,4,226,6318.2,8213.7,0.6423,mixed
5429,5,226,6828.2,8876.7,0.6701,mixed
5430,6,226,6618.4,8603.9,0.7021,mixed
5431,7,226,6921.0,8997.3,0.7373,mixed
5432,8,226,6997.2,9096.3,0.7744,mixed
5433,9,226,7374.8,9587.3,0.8115,mixed
5434,10,226,7283.7,9468.7,0.8463,mixed
5435,11,226,7190.3,9347.4,0.8765,mixed
5436,12,226,7472.1,9713.7,0.9,mixed
5437,13,226,7915.0,10289.5,0.9149,mixed
5438,14,226,7617.8,9903.1,0.92,mixed
5439,15,226,7423.8,9650.9,0.9149,mixed
5440,16,226,7207.5,9369.7,0.9,mixed
5441,17,226,7186.5,9342.4,0.8765,mixed
5442,18,226,7378.6,9592.2,0.8463,mixed
5443,19,226,6937.3,9018.5,0.8115,mixed
5444,20,226,7016.1,9121.0,0.7744,mixed
5445,21,226,7202.1,9362.7,0.7373,mixed
5446,22,226,6829.3,8878.1,0.7021,mixed
5447,23,226,6485.7,8431.4,0.6701,mixed
5448,0,227,6834.4,8884.7,0.5743,mixed
5449,1,227,6789.4,8826.2,0.5854,mixed
5450,2,227,6590.1,8567.2,0.6001,mixed
5451,3,227,6799.7,8839.6,0.6189,mixed
5452,4,227,6566.1,8535.9,0.6423,mixed
5453,5,227,6848.3,8902.8,0.6701,mixed
5454,6,227,6712.3,8725.9,0.7021,mixed
5455,7,227,6623.6,8610.7,0.7373,mixed
5456,8,227,7561.1,9829.4,0.7744,mixed
5457,9,227,6826.0,8873.8,0.8115,mixed
5458,10,227,7295.7,9484.4,0.8463,mixed
5459,11,227,7384.7,9600.1,0.8765,mixed
5460,12,227,7506.8,9758.8,0.9,mixed
5461,13,227,7417.0,9642.1,0.9149,mixed
5462,14,227,7434.6,9665.0,0.92,mixed
5463,15,227,7467.9,9708.2,0.9149,mixed
5464,16,227,7498.7,9748.4,0.9,mixed
5465,17,227,7321.5,9517.9,0.8765,mixed
5466,18,227,7216.3,9381.2,0.8463,mixed
5467,19,227,6844.2,8897.5,0.8115,mixed
5468,20,227,7439.4,9671.2,0.7744,mixed
5469,21,227,7015.3,9119.9,0.7373,mixed
5470,22,227,6841.3,8893.6,0.7021,mixed
5471,23,227,6577.1,8550.2,0.6701,mixed
5472,0,228,6222.1,8088.7,0.5743,mixed
5473,1,228,6614.8,8599.3,0.5854,mixed
5474,2,228,6461.4,8399.8,0.6001,mixed
5475,3,228,6671.1,8672.4,0.6189,mixed
5476,4,228,6350.6,8255.8,0.6423,mixed
5477,5,228,7013.7,9117.8,0.6701,mixed
5478,6,228,6982.5,9077.2,0.7021,mixed
5479,7,228,6887.5,8953.8,0.7373,mixed
5480,8,228,7114.0,9248.2,0.7744,mixed
5481,9,228,7285.1,9470.6,0.8115,mixed
5482,10,228,6941.1,9023.4,0.8463,mixed
5483,11,228,7690.4,9997.6,0.8765,mixed
5484,12,228,7499.5,9749.3,0.9,mixed
5485,13,228,7279.9,9463.9,0.9149,mixed
5486,14,228,7207.1,9369.3,0.92,mixed
5487,15,228,7657.2,9954.4,0.9149,mixed
5488,16,228,7439.2,9670.9,0.9,mixed
5489,17,228,7427.9,9656.3,0.8765,mixed
5490,18,228,7236.9,9408.0,0.8463,mixed
5491,19,228,6912.3,8986.0,0.8115,mixed
5492,20,228,7122.6,9259.4,0.7744,mixed
5493,21,228,6863.4,8922.5,0.7373,mixed
5494,22,228,6794.2,8832.5,0.7021,mixed
5495,23,228,7180.6,9334.8,0.6701,mixed
5496,0,229,6560.1,8528.1,0.567,mixed
5497,1,229,6595.0,8573.5,0.5748,mixed
5498,2,229,6973.7,9065.8,0.5851,mixed
5499,3,229,6561.9,8530.4,0.5982,mixed
5500,4,229,6559.5,8527.4,0.6146,mixed
5501,5,229,6460.2,8398.2,0.6341,mixed
5502,6,229,6571.3,8542.7,0.6565,mixed
5503,7,229,6322.1,8218.7,0.6811,mixed
5504,8,229,6975.2,9067.7,0.7071,mixed
5505,9,229,6629.4,8618.3,0.733,mixed
5506,10,229,7153.1,9299.0,0.7574,mixed
5507,11,229,7018.9,9124.6,0.7786,mixed
5508,12,229,7104.5,9235.9,0.795,mixed
5509,13,229,7099.6,9229.4,0.8054,mixed
5510,14,229,7415.3,9639.9,0.809,mixed
5511,15,229,7366.5,9576.5,0.8054,mixed
5512,16,229,7071.2,9192.5,0.795,mixed
5513,17,229,6838.5,8890.0,0.7786,mixed
5514,18,229,7157.5,9304.8,0.7574,mixed
5515,19,229,6689.9,8696.9,0.733,mixed
5516,20,229,6495.8,8444.5,0.7071,mixed
5517,21,229,6836.4,8887.4,0.6811,mixed
5518,22,229,6905.3,8976.8,0.6565,mixed
5519,23,229,6514.4,8468.7,0.6341,mixed
5520,0,230,6471.0,8412.3,0.567,mixed
5521,1,230,6336.6,8237.6,0.5748,mixed
5522,2,230,6587.1,8563.2,0.5851,mixed
5523,3,230,6700.1,8710.2,0.5982,mixed
5524,4,230,6484.5,8429.9,0.6146,mixed
5525,5,230,6391.3,8308.6,0.6341,mixed
5526,6,230,6370.6,8281.7,0.6565,mixed
5527,7,230,6922.8,8999.6,0.6811,mixed
5528,8,230,6581.3,8555.6,0.7071,mixed
5529,9,230,6968.3,9058.8,0.733,mixed
5530,10,230,7126.9,9265.0,0.7574,mixed
5531,11,230,6922.3,8999.0,0.7786,mixed
5532,12,230,7042.0,9154.6,0.795,mixed
5533,13,230,7321.6,9518.1,0.8054,mixed
5534,14,230,6946.7,9030.7,0.809,mixed
5535,15,230,6914.6,8989.0,0.8054,mixed
5536,16,230,7027.6,9135.8,0.795,mixed
5537,17,230,7297.4,9486.7,0.7786,mixed
5538,18,230,7301.0,9491.3,0.7574,mixed
5539,19,230,6871.0,8932.2,0.733,mixed
5540,20,230,6668.0,8668.4,0.7071,mixed
5541,21,230,6950.8,9036.0,0.6811,mixed
5542,22,230,6328.1,8226.6,0.6565,mixed
5543,23,230,6643.5,8636.6,0.6341,mixed
5544,0,231,6406.8,8328.9,0.5743,mixed
5545,1,231,6698.8,8708.4,0.5854,mixed
5546,2,231,6764.2,8793.5,0.6001,mixed
5547,3,231,6363.9,8273.1,0.6189,mixed
5548,4,231,6652.4,8648.1,0.6423,mixed
5549,5,231,6587.9,8564.3,0.6701,mixed
5550,6,231,6738.8,8760.5,0.7021,mixed
5551,7,231,7032.2,9141.9,0.7373,mixed
5552,8,231,6945.1,9028.6,0.7744,mixed
5553,9,231,7168.1,9318.6,0.8115,mixed
5554,10,231,7438.8,9670.4,0.8463,mixed
5555,11,231,7654.7,9951.1,0.8765,mixed
5556,12,231,7456.3,9693.2,0.9,mixed
5557,13,231,7463.3,9702.3,0.9149,mixed
5558,14,231,7204.8,9366.2,0.92,mixed
5559,15,231,7790.8,10128.0,0.9149,mixed
5560,16,231,7502.3,9752.9,0.9,mixed
5561,17,231,7351.8,9557.3,0.8765,mixed
5562,18,231,7249.6,9424.4,0.8463,mixed
5563,19,231,7203.8,9364.9,0.8115,mixed
5564,20,231,7178.0,9331.4,0.7744,mixed
5565,21,231,7089.8,9216.8,0.7373,mixed
5566,22,231,7127.2,9265.3,0.7021,mixed
5567,23,231,6751.5,8776.9,0.6701,mixed
5568,0,232,6752.9,8778.7,0.5743,mixed
5569,1,232,6653.1,8649.0,0.5854,mixed
5570,2,232,6480.8,8425.1,0.6001,mixed
5571,3,232,6221.5,8087.9,0.6189,mixed
5572,4,232,6636.1,8626.9,0.6423,mixed
5573,5,232,7016.1,9120.9,0.6701,mixed
5574,6,232,6640.5,8632.7,0.7021,mixed
5575,7,232,6921.4,8997.8,0.7373,mixed
5576,8,232,7050.3,9165.4,0.7744,mixed
5577,9,232,7328.1,9526.5,0.8115,mixed
5578,10,232,7147.0,9291.1,0.8463,mixed
5579,11,232,7130.9,9270.2,0.8765,mixed
5580,12,232,7518.7,9774.4,0.9,mixed
5581,13,232,7271.1,9452.5,0.9149,mixed
5582,14,232,7041.9,9154.5,0.92,mixed
5583,15,232,7847.6,10201.9,0.9149,mixed
5584,16,232,7597.9,9877.3,0.9,mixed
5585,17,232,7735.6,10056.3,0.8765,mixed
5586,18,232,7420.7,9646.9,0.8463,mixed
5587,19,232,7272.1,9453.8,0.8115,mixed
5588,20,232,7093.3,9221.3,0.7744,mixed
5589,21,232,6865.8,8925.6,0.7373,mixed
5590,22,232,6903.1,8974.0,0.7021,mixed
5591,23,232,6591.4,8568.9,0.6701,mixed
5592,0,233,6209.5,8072.3,0.5743,mixed
5593,1,233,6384.2,8299.4,0.5854,mixed
5594,2,233,6744.1,8767.3,0.6001,mixed
5595,3,233,6306.9,8199.0,0.6189,mixed
5596,4,233,6377.5,8290.8,0.6423,mixed
5597,5,233,6821.6,8868.0,0.6701,mixed
5598,6,233,6714.0,8728.2,0.7021,mixed
5599,7,233,7004.9,9106.4,0.7373,mixed
5600,8,233,7223.9,9391.1,0.7744,mixed
5601,9,233,7225.4,9393.0,0.8115,mixed
5602,10,233,7094.0,9222.2,0.8463,mixed
5603,11,233,7603.7,9884.8,0.8765,mixed
5604,12,233,7556.9,9824.0,0.9,mixed
5605,13,233,7443.0,9675.9,0.9149,mixed
5606,14,233,7447.5,9681.7,0.92,mixed
5607,15,233,7520.4,9776.6,0.9149,mixed
5608,16,233,7323.1,9520.1,0.9,mixed
5609,17,233,6963.6,9052.6,0.8765,mixed
5610,18,233,7393.9,9612.0,0.8463,mixed
5611,19,233,7274.4,9456.7,0.8115,mixed
5612,20,233,6531.3,8490.6,0.7744,mixed
5613,21,233,7010.1,9113.2,0.7373,mixed
5614,22,233,7156.9,9304.0,0.7021,mixed
5615,23,233,6475.9,8418.7,0.6701,mixed
5616,0,234,6401.2,8321.5,0.5743,mixed
5617,1,234,6413.3,8337.2,0.5854,mixed
5618,2,234,6815.9,8860.7,0.6001,mixed
5619,3,234,6769.3,8800.1,0.6189,mixed
5620,4,234,6444.7,8378.1,0.6423,mixed
5621,5,234,6771.5,8802.9,0.6701,mixed
5622,6,234,7268.3,9448.8,0.7021,mixed
5623,7,234,6774.9,8807.4,0.7373,mixed
5624,8,234,7013.2,9117.2,0.7744,mixed
5625,9,234,7236.5,9407.4,0.8115,mixed
5626,10,234,7098.8,9228.4,0.8463,mixed
5627,11,234,7709.2,10021.9,0.8765,mixed
5628,12,234,7287.5,9473.7,0.9,mixed
5629,13,234,7127.1,9265.2,0.9149,mixed
5630,14,234,7334.9,9535.4,0.92,mixed
5631,15,234,7582.7,9857.5,0.9149,mixed
5632,16,234,7215.3,9379.9,0.9,mixed
5633,17,234,7388.3,9604.7,0.8765,mixed
5634,18,234,7353.2,9559.1,0.8463,mixed
5635,19,234,6868.2,8928.7,0.8115,mixed
5636,20,234,6896.9,8966.0,0.7744,mixed
5637,21,234,6976.6,9069.6,0.7373,mixed
5638,22,234,6941.9,9024.5,0.7021,mixed
5639,23,234,6594.3,8572.6,0.6701,mixed
5640,0,235,6444.5,8377.8,0.5743,mixed
5641,1,235,6393.5,8311.6,0.5854,mixed
5642,2,235,6634.3,8624.6,0.6001,mixed
5643,3,235,6651.1,8646.5,0.6189,mixed
5644,4,235,6544.9,8508.4,0.6423,mixed
5645,5,235,6798.9,8838.5,0.6701,mixed
5646,6,235,6714.5,8728.8,0.7021,mixed
5647,7,235,6999.1,9098.8,0.7373,mixed
5648,8,235,7114.7,9249.2,0.7744,mixed
5649,9,235,7633.6,9923.7,0.8115,mixed
5650,10,235,7158.2,9305.6,0.8463,mixed
5651,11,235,7290.8,9478.1,0.8765,mixed
5652,12,235,7248.8,9423.4,0.9,mixed
5653,13,235,7206.6,9368.5,0.9149,mixed
5654,14,235,7350.3,9555.3,0.92,mixed
5655,15,235,7585.4,9861.0,0.9149,mixed
5656,16,235,7555.9,9822.6,0.9,mixed
5657,17,235,7386.8,9602.9,0.8765,mixed
5658,18,235,7167.0,9317.1,0.8463,mixed
5659,19,235,7021.2,9127.6,0.8115,mixed
5660,20,235,6822.6,8869.4,0.7744,mixed
5661,21,235,6789.0,8825.7,0.7373,mixed
5662,22,235,6534.5,8494.8,0.7021,mixed
5663,23,235,6975.7,9068.4,0.6701,mixed
5664,0,236,6745.7,8769.5,0.567,mixed
5665,1,236,6044.0,7857.2,0.5748,mixed
5666,2,236,6503.4,8454.4,0.5851,mixed
5667,3,236,6540.1,8502.1,0.5982,mixed
5668,4,236,6577.0,8550.1,0.6146,mixed
5669,5,236,6477.3,8420.5,0.6341,mixed
5670,6,236,6866.1,8925.9,0.6565,mixed
5671,7,236,6818.7,8864.3,0.6811,mixed
5672,8,236,7025.0,9132.5,0.7071,mixed
5673,9,236,6738.9,8760.6,0.733,mixed
5674,10,236,6675.5,8678.1,0.7574,mixed
5675,11,236,7119.7,9255.6,0.7786,mixed
5676,12,236,6872.9,8934.7,0.795,mixed
5677,13,236,7333.5,9533.5,0.8054,mixed
5678,14,236,6665.1,8664.6,0.809,mixed
5679,15,236,7008.7,9111.3,0.8054,mixed
5680,16,236,6946.5,9030.5,0.795,mixed
5681,17,236,6957.9,9045.3,0.7786,mixed
5682,18,236,7019.0,9124.7,0.7574,mixed
5683,19,236,6973.3,9065.3,0.733,mixed
5684,20,236,6944.3,9027.7,0.7071,mixed
5685,21,236,6888.3,8954.8,0.6811,mixed
5686,22,236,6627.5,8615.7,0.6565,mixed
5687,23,236,7011.7,9115.3,0.6341,mixed
5688,0,237,6659.4,8657.3,0.567,mixed
5689,1,237,6356.6,8263.5,0.5748,mixed
5690,2,237,6421.0,8347.3,0.5851,mixed
5691,3,237,6422.2,8348.9,0.5982,mixed
5692,4,237,6607.3,8589.5,0.6146,mixed
5693,5,237,6402.3,8323.0,0.6341,mixed
5694,6,237,6504.0,8455.1,0.6565,mixed
5695,7,237,6297.8,8187.1,0.6811,mixed
5696,8,237,6732.1,8751.7,0.7071,mixed
5697,9,237,7111.5,9245.0,0.733,mixed
5698,10,237,6932.7,9012.5,0.7574,mixed
5699,11,237,7007.7,9110.1,0.7786,mixed
5700,12,237,7136.4,9277.3,0.795,mixed
5701,13,237,6894.9,8963.3,0.8054,mixed
5702,14,237,7124.7,9262.1,0.809,mixed
5703,15,237,7298.5,9488.0,0.8054,mixed
5704,16,237,7142.4,9285.1,0.795,mixed
5705,17,237,7234.2,9404.5,0.7786,mixed
5706,18,237,7228.6,9397.2,0.7574,mixed
5707,19,237,7028.4,9136.9,0.733,mixed
5708,20,237,6667.8,8668.1,0.7071,mixed
5709,21,237,6666.2,8666.0,0.6811,mixed
5710,22,237,7047.8,9162.1,0.6565,mixed
5711,23,237,6656.7,8653.7,0.6341,mixed
5712,0,238,6450.1,8385.1,0.5743,mixed
5713,1,238,6282.1,8166.7,0.5854,mixed
5714,2,238,6474.7,8417.1,0.6001,mixed
5715,3,238,6689.8,8696.8,0.6189,mixed
5716,4,238,6622.0,8608.6,0.6423,mixed
5717,5,238,6598.2,8577.7,0.6701,mixed
5718,6,238,6740.0,8762.0,0.7021,mixed
5719,7,238,7151.2,9296.6,0.7373,mixed
5720,8,238,7156.1,9302.9,0.7744,mixed
5721,9,238,7240.9,9413.1,0.8115,mixed
5722,10,238,7326.8,9524.8,0.8463,mixed
5723,11,238,7062.0,9180.6,0.8765,mixed
5724,12,238,7452.7,9688.5,0.9,mixed
5725,13,238,7675.3,9977.9,0.9149,mixed
5726,14,238,7394.0,9612.2,0.92,mixed
5727,15,238,7655.1,9951.6,0.9149,mixed
5728,16,238,7513.2,9767.2,0.9,mixed
5729,17,238,7503.7,9754.8,0.8765,mixed
5730,18,238,7242.2,9414.8,0.8463,mixed
5731,19,238,7316.2,9511.1,0.8115,mixed
5732,20,238,6707.3,8719.5,0.7744,mixed
5733,21,238,6911.2,8984.6,0.7373,mixed
5734,22,238,6944.1,9027.3,0.7021,mixed
5735,23,238,6762.3,8790.9,0.6701,mixed
5736,0,239,6626.1,8614.0,0.5743,mixed
5737,1,239,6418.1,8343.5,0.5854,mixed
5738,2,239,6385.9,8301.7,0.6001,mixed
5739,3,239,6227.0,8095.1,0.6189,mixed
5740,4,239,6564.9,8534.4,0.6423,mixed
5741,5,239,6806.6,8848.6,0.6701,mixed
5742,6,239,6953.9,9040.0,0.7021,mixed
5743,7,239,6614.5,8598.9,0.7373,mixed
5744,8,239,7262.9,9441.8,0.7744,mixed
5745,9,239,6918.4,8993.9,0.8115,mixed
5746,10,239,7204.8,9366.3,0.8463,mixed
5747,11,239,7196.9,9356.0,0.8765,mixed
5748,12,239,7484.9,9730.3,0.9,mixed
5749,13,239,7458.0,9695.4,0.9149,mixed
5750,14,239,7603.9,9885.0,0.92,mixed
5751,15,239,7848.4,10202.9,0.9149,mixed
5752,16,239,7480.6,9724.7,0.9,mixed
5753,17,239,7195.2,9353.8,0.8765,mixed
5754,18,239,7331.1,9530.5,0.8463,mixed
5755,19,239,7542.6,9805.3,0.8115,mixed
5756,20,239,7153.7,9299.8,0.7744,mixed
5757,21,239,7100.2,9230.3,0.7373,mixed
5758,22,239,6473.6,8415.7,0.7021,mixed
5759,23,239,6780.5,8814.6,0.6701,mixed
5760,0,240,6363.7,8272.8,0.5743,mixed
5761,1,240,6316.9,8212.0,0.5854,mixed
5762,2,240,6488.2,8434.6,0.6001,mixed
5763,3,240,6570.4,8541.5,0.6189,mixed
5764,4,240,6495.1,8443.6,0.6423,mixed
5765,5,240,6740.6,8762.7,0.6701,mixed
5766,6,240,6763.3,8792.2,0.7021,mixed
5767,7,240,7049.8,9164.8,0.7373,mixed
5768,8,240,7063.5,9182.5,0.7744,mixed
5769,9,240,7207.1,9369.2,0.8115,mixed
5770,10,240,7443.6,9676.7,0.8463,mixed
5771,11,240,7443.8,9676.9,0.8765,mixed
5772,12,240,7391.0,9608.3,0.9,mixed
5773,13,240,6971.4,9062.8,0.9149,mixed
5774,14,240,7567.2,9837.3,0.92,mixed
5775,15,240,7233.5,9403.6,0.9149,mixed
5776,16,240,7373.2,9585.2,0.9,mixed
5777,17,240,7403.4,9624.4,0.8765,mixed
5778,18,240,7520.3,9776.4,0.8463,mixed
5779,19,240,7520.6,9776.8,0.8115,mixed
5780,20,240,6821.7,8868.2,0.7744,mixed
5781,21,240,6631.8,8621.3,0.7373,mixed
5782,22,240,6865.1,8924.6,0.7021,mixed
5783,23,240,6751.4,8776.8,0.6701,mixed
5784,0,241,6184.0,8039.1,0.5743,mixed
5785,1,241,6445.3,8378.8,0.5854,mixed
5786,2,241,6608.9,8591.6,0.6001,mixed
5787,3,241,6307.4,8199.6,0.6189,mixed
5788,4,241,6421.6,8348.1,0.6423,mixed
5789,5,241,6573.1,8545.1,0.6701,mixed
5790,6,241,6755.3,8782.0,0.7021,mixed
5791,7,241,7048.1,9162.5,0.7373,mixed
5792,8,241,6946.8,9030.9,0.7744,mixed
5793,9,241,7138.5,9280.1,0.8115,mixed
5794,10,241,7718.4,10033.9,0.8463,mixed
5795,11,241,7111.8,9245.4,0.8765,mixed
5796,12,241,7247.5,9421.8,0.9,mixed
5797,13,241,7588.3,9864.8,0.9149,mixed
5798,14,241,7673.2,9975.2,0.92,mixed
5799,15,241,7529.5,9788.4,0.9149,mixed
5800,16,241,7793.5,10131.5,0.9,mixed
5801,17,241,7391.6,9609.1,0.8765,mixed
5802,18,241,6802.4,8843.2,0.8463,mixed
5803,19,241,7147.4,9291.7,0.8115,mixed
5804,20,241,6895.4,8964.0,0.7744,mixed
5805,21,241,7191.0,9348.3,0.7373,mixed
5806,22,241,6995.4,9094.0,0.7021,mixed
5807,23,241,6383.0,8297.9,0.6701,mixed
5808,0,242,6675.1,8677.7,0.5743,mixed
5809,1,242,6630.2,8619.2,0.5854,mixed
5810,2,242,6429.3,8358.1,0.6001,mixed
5811,3,242,6533.7,8493.8,0.6189,mixed
5812,4,242,6895.5,8964.2,0.6423,mixed
5813,5,242,6306.2,8198.1,0.6701,mixed
5814,6,242,6889.5,8956.3,0.7021,mixed
5815,7,242,7130.8,9270.1,0.7373,mixed
5816,8,242,6996.9,9096.0,0.7744,mixed
5817,9,242,7265.2,9444.8,0.8115,mixed
5818,10,242,7253.5,9429.6,0.8463,mixed
5819,11,242,7149.7,9294.6,0.8765,mixed
5820,12,242,7212.9,9376.8,0.9,mixed
5821,13,242,7595.8,9874.6,0.9149,mixed
5822,14,242,7310.2,9503.2,0.92,mixed
5823,15,242,7096.8,9225.9,0.9149,mixed
5824,16,242,7419.5,9645.3,0.9,mixed
5825,17,242,7209.2,9371.9,0.8765,mixed
5826,18,242,6971.0,9062.3,0.8463,mixed
5827,19,242,7142.0,9284.6,0.8115,mixed
5828,20,242,7177.0,9330.2,0.7744,mixed
5829,21,242,6908.5,8981.1,0.7373,mixed
5830,22,242,6581.2,8555.5,0.7021,mixed
5831,23,242,6799.6,8839.4,0.6701,mixed
5832,0,243,6591.9,8569.5,0.567,mixed
5833,1,243,6842.6,8895.4,0.5748,mixed
5834,2,243,6726.4,8744.3,0.5851,mixed
5835,3,243,6291.4,8178.8,0.5982,mixed
5836,4,243,6704.3,8715.6,0.6146,mixed
5837,5,243,6645.3,8638.9,0.6341,mixed
5838,6,243,6431.5,8360.9,0.6565,mixed
5839,7,243,6793.1,8831.0,0.6811,mixed
5840,8,243,7205.8,9367.5,0.7071,mixed
5841,9,243,7138.6,9280.2,0.733,mixed
5842,10,243,6752.7,8778.6,0.7574,mixed
5843,11,243,7030.9,9140.2,0.7786,mixed
5844,12,243,7181.7,9336.2,0.795,mixed
5845,13,243,6739.7,8761.6,0.8054,mixed
5846,14,243,6757.2,8784.4,0.809,mixed
5847,15,243,7141.6,9284.0,0.8054,mixed
5848,16,243,7112.9,9246.8,0.795,mixed
5849,17,243,6640.3,8632.4,0.7786,mixed
5850,18,243,7045.5,9159.2,0.7574,mixed
5851,19,243,7116.1,9250.9,0.733,mixed
5852,20,243,6769.0,8799.6,0.7071,mixed
5853,21,243,6747.8,8772.2,0.6811,mixed
5854,22,243,6775.9,8808.7,0.6565,mixed
5855,23,243,6681.4,8685.8,0.6341,mixed
5856,0,244,6073.3,7895.3,0.567,mixed
5857,1,244,6242.4,8115.1,0.5748,mixed
5858,2,244,6370.9,8282.2,0.5851,mixed
5859,3,244,6319.5,8215.4,0.5982,mixed
5860,4,244,6823.7,8870.8,0.6146,mixed
5861,5,244,6720.1,8736.1,0.6341,mixed
5862,6,244,6440.0,8371.9,0.6565,mixed
5863,7,244,6692.4,8700.1,0.6811,mixed
5864,8,244,7044.6,9158.0,0.7071,mixed
5865,9,244,6757.8,8785.1,0.733,mixed
5866,10,244,7142.4,9285.1,0.7574,mixed
5867,11,244,7319.6,9515.5,0.7786,mixed
5868,12,244,7335.5,9536.2,0.795,mixed
5869,13,244,7147.1,9291.2,0.8054,mixed
5870,14,244,7386.5,9602.5,0.809,mixed
5871,15,244,6997.2,9096.4,0.8054,mixed
5872,16,244,7605.1,9886.7,0.795,mixed
5873,17,244,7078.8,9202.4,0.7786,mixed
5874,18,244,7204.1,9365.3,0.7574,mixed
5875,19,244,6816.5,8861.5,0.733,mixed
5876,20,244,6915.7,8990.4,0.7071,mixed
5877,21,244,6845.5,8899.2,0.6811,mixed
5878,22,244,6476.1,8418.9,0.6565,mixed
5879,23,244,6404.9,8326.4,0.6341,mixed
5880,0,245,6375.9,8288.7,0.5743,mixed
5881,1,245,6662.3,8661.0,0.5854,mixed
5882,2,245,6135.8,7976.6,0.6001,mixed
5883,3,245,6477.8,8421.1,0.6189,mixed
5884,4,245,6879.2,8943.0,0.6423,mixed
5885,5,245,6454.9,8391.4,0.6701,mixed
5886,6,245,7054.4,9170.7,0.7021,mixed
5887,7,245,6670.7,8672.0,0.7373,mixed
5888,8,245,6822.7,8869.5,0.7744,mixed
5889,9,245,7095.2,9223.8,0.8115,mixed
5890,10,245,7637.5,9928.8,0.8463,mixed
5891,11,245,7181.3,9335.7,0.8765,mixed
5892,12,245,7008.0,9110.4,0.9,mixed
5893,13,245,7124.2,9261.5,0.9149,mixed
5894,14,245,7660.7,9958.9,0.92,mixed
5895,15,245,7134.7,9275.2,0.9149,mixed
5896,16,245,7655.8,9952.5,0.9,mixed
5897,17,245,7337.2,9538.4,0.8765,mixed
5898,18,245,7224.1,9391.4,0.8463,mixed
5899,19,245,7190.3,9347.3,0.8115,mixed
5900,20,245,6847.0,8901.1,0.7744,mixed
5901,21,245,6932.9,9012.8,0.7373,mixed
5902,22,245,6555.3,8521.9,0.7021,mixed
5903,23,245,6973.9,9066.1,0.6701,mixed
5904,0,246,6217.6,8082.8,0.5743,mixed
5905,1,246,6533.4,8493.4,0.5854,mixed
5906,2,246,6291.0,8178.3,0.6001,mixed
5907,3,246,6444.3,8377.6,0.6189,mixed
5908,4,246,6544.9,8508.3,0.6423,mixed
5909,5,246,7302.2,9492.8,0.6701,mixed
5910,6,246,6795.7,8834.4,0.7021,mixed
5911,7,246,6734.2,8754.4,0.7373,mixed
5912,8,246,6922.0,8998.6,0.7744,mixed
5913,9,246,6805.0,8846.5,0.8115,mixed
5914,10,246,7195.8,9354.6,0.8463,mixed
5915,11,246,7728.5,10047.0,0.8765,mixed
5916,12,246,7466.8,9706.9,0.9,mixed
5917,13,246,7638.6,9930.1,0.9149,mixed
5918,14,246,7248.9,9423.5,0.92,mixed
5919,15,246,7391.6,9609.1,0.9149,mixed
5920,16,246,7437.5,9668.8,0.9,mixed
5921,17,246,7162.6,9311.3,0.8765,mixed
5922,18,246,7317.9,9513.3,0.8463,mixed
5923,19,246,7258.3,9435.7,0.8115,mixed
5924,20,246,7129.8,9268.8,0.7744,mixed
5925,21,246,6873.0,8935.0,0.7373,mixed
5926,22,246,7021.1,9127.5,0.7021,mixed
5927,23,246,6650.9,8646.1,0.6701,mixed
5928,0,247,6348.1,8252.6,0.5743,mixed
5929,1,247,6727.3,8745.5,0.5854,mixed
5930,2,247,6276.9,8160.0,0.6001,mixed
5931,3,247,6214.5,8078.8,0.6189,mixed
5932,4,247,6446.8,8380.8,0.6423,mixed
5933,5,247,6780.5,8814.7,0.6701,mixed
5934,6,247,7060.4,9178.6,0.7021,mixed
5935,7,247,6767.5,8797.8,0.7373,mixed
5936,8,247,7397.5,9616.8,0.7744,mixed
5937,9,247,7132.5,9272.3,0.8115,mixed
5938,10,247,7206.1,9367.9,0.8463,mixed
5939,11,247,7135.2,9275.7,0.8765,mixed
5940,12,247,7825.1,10172.6,0.9,mixed
5941,13,247,7403.5,9624.5,0.9149,mixed
5942,14,247,7154.5,9300.9,0.92,mixed
5943,15,247,7985.3,10380.9,0.9149,mixed
5944,16,247,7479.6,9723.5,0.9,mixed
5945,17,247,7497.3,9746.6,0.8765,mixed
5946,18,247,7595.9,9874.7,0.8463,mixed
5947,19,247,7258.1,9435.5,0.8115,mixed
5948,20,247,7220.7,9387.0,0.7744,mixed
5949,21,247,6915.6,8990.3,0.7373,mixed
5950,22,247,6948.3,9032.8,0.7021,mixed
5951,23,247,6695.8,8704.5,0.6701,mixed
5952,0,248,6411.4,8334.8,0.5743,mixed
5953,1,248,6471.6,8413.1,0.5854,mixed
5954,2,248,6415.2,8339.8,0.6001,mixed
5955,3,248,6648.2,8642.6,0.6189,mixed
5956,4,248,6718.7,8734.4,0.6423,mixed
5957,5,248,6867.3,8927.5,0.6701,mixed
5958,6,248,6929.1,9007.8,0.7021,mixed
5959,7,248,7318.6,9514.2,0.7373,mixed
5960,8,248,7237.1,9408.2,0.7744,mixed
5961,9,248,7082.4,9207.1,0.8115,mixed
5962,10,248,7329.4,9528.2,0.8463,mixed
5963,11,248,7632.2,9921.8,0.8765,mixed
5964,12,248,7181.6,9336.1,0.9,mixed
5965,13,248,7886.4,10252.3,0.9149,mixed
5966,14,248,7279.1,9462.9,0.92,mixed
5967,15,248,7637.9,9929.2,0.9149,mixed
5968,16,248,7393.8,9611.9,0.9,mixed
5969,17,248,7310.7,9503.9,0.8765,mixed
5970,18,248,6948.5,9033.0,0.8463,mixed
5971,19,248,7320.7,9516.9,0.8115,mixed
5972,20,248,6744.4,8767.7,0.7744,mixed
5973,21,248,6605.5,8587.1,0.7373,mixed
5974,22,248,7035.2,9145.7,0.7021,mixed
5975,23,248,7062.5,9181.3,0.6701,mixed
5976,0,249,6286.8,8172.9,0.5743,mixed
5977,1,249,6642.5,8635.3,0.5854,mixed
5978,2,249,6647.7,8642.0,0.6001,mixed
5979,3,249,6531.1,8490.4,0.6189,mixed
5980,4,249,6884.3,8949.6,0.6423,mixed
5981,5,249,6669.8,8670.7,0.6701,mixed
5982,6,249,6904.2,8975.5,0.7021,mixed
5983,7,249,6644.6,8638.0,0.7373,mixed
5984,8,249,6760.7,8788.9,0.7744,mixed
5985,9,249,7376.6,9589.6,0.8115,mixed
5986,10,249,7350.7,9555.9,0.8463,mixed
5987,11,249,7290.6,9477.8,0.8765,mixed
5988,12,249,7815.4,10160.1,0.9,mixed
5989,13,249,7860.3,10218.4,0.9149,mixed
5990,14,249,7550.5,9815.6,0.92,mixed
5991,15,249,7112.2,9245.9,0.9149,mixed
5992,16,249,7367.6,9577.8,0.9,mixed
5993,17,249,7139.0,9280.7,0.8765,mixed
5994,18,249,7250.5,9425.7,0.8463,mixed
5995,19,249,6926.5,9004.5,0.8115,mixed
5996,20,249,6763.8,8792.9,0.7744,mixed
5997,21,249,6435.7,8366.4,0.7373,mixed
5998,22,249,6832.8,8882.6,0.7021,mixed
5999,23,249,6240.4,8112.6,0.6701,mixed
6000,0,250,6332.0,8231.5,0.567,mixed
6001,1,250,6550.3,8515.4,0.5748,mixed
6002,2,250,6307.8,8200.1,0.5851,mixed
6003,3,250,6275.9,8158.7,0.5982,mixed
6004,4,250,6522.8,8479.6,0.6146,mixed
6005,5,250,6430.6,8359.8,0.6341,mixed
6006,6,250,6698.8,8708.5,0.6565,mixed
6007,7,250,6527.0,8485.1,0.6811,mixed
6008,8,250,6792.2,8829.9,0.7071,mixed
6009,9,250,6819.8,8865.7,0.733,mixed
6010,10,250,6962.1,9050.7,0.7574,mixed
6011,11,250,7372.8,9584.6,0.7786,mixed
6012,12,250,7119.7,9255.7,0.795,mixed
6013,13,250,7216.2,9381.0,0.8054,mixed
6014,14,250,6985.9,9081.6,0.809,mixed
6015,15,250,7156.2,9303.1,0.8054,mixed
6016,16,250,7019.0,9124.7,0.795,mixed
6017,17,250,7034.3,9144.5,0.7786,mixed
6018,18,250,7100.1,9230.1,0.7574,mixed
6019,19,250,6788.0,8824.3,0.733,mixed
6020,20,250,6732.2,8751.9,0.7071,mixed
6021,21,250,6637.4,8628.7,0.6811,mixed
6022,22,250,6560.7,8528.9,0.6565,mixed
6023,23,250,6628.8,8617.5,0.6341,mixed
6024,0,251,6323.6,8220.6,0.567,mixed
6025,1,251,6705.0,8716.5,0.5748,mixed
6026,2,251,6965.7,9055.4,0.5851,mixed
6027,3,251,6376.5,8289.5,0.5982,mixed
6028,4,251,6593.7,8571.8,0.6146,mixed
6029,5,251,6799.9,8839.9,0.6341,mixed
6030,6,251,6608.6,8591.2,0.6565,mixed
6031,7,251,6534.8,8495.2,0.6811,mixed
6032,8,251,7168.9,9319.5,0.7071,mixed
6033,9,251,7033.2,9143.2,0.733,mixed
6034,10,251,7031.1,9140.4,0.7574,mixed
6035,11,251,7333.8,9534.0,0.7786,mixed
6036,12,251,7240.9,9413.1,0.795,mixed
6037,13,251,7098.4,9227.9,0.8054,mixed
6038,14,251,6910.7,8983.9,0.809,mixed
6039,15,251,7003.4,9104.4,0.8054,mixed
6040,16,251,7333.1,9533.1,0.795,mixed
6041,17,251,7171.8,9323.4,0.7786,mixed
6042,18,251,6925.5,9003.1,0.7574,mixed
6043,19,251,7256.6,9433.6,0.733,mixed
6044,20,251,6781.4,8815.9,0.7071,mixed
6045,21,251,6935.3,9015.9,0.6811,mixed
6046,22,251,6705.7,8717.4,0.6565,mixed
6047,23,251,6977.0,9070.1,0.6341,mixed
6048,0,252,6560.2,8528.3,0.5743,mixed
6049,1,252,6457.4,8394.6,0.5854,mixed
6050,2,252,6457.7,8395.0,0.6001,mixed
6051,3,252,6546.0,8509.9,0.6189,mixed
6052,4,252,6475.0,8417.6,0.6423,mixed
6053,5,252,6427.9,8356.2,0.6701,mixed
6054,6,252,6861.6,8920.1,0.7021,mixed
6055,7,252,6793.8,8832.0,0.7373,mixed
6056,8,252,6902.7,8973.5,0.7744,mixed
6057,9,252,7107.7,9240.0,0.8115,mixed
6058,10,252,7242.5,9415.2,0.8463,mixed
6059,11,252,7323.5,9520.5,0.8765,mixed
6060,12,252,7777.8,10111.2,0.9,mixed
6061,13,252,7584.8,9860.2,0.9149,mixed
6062,14,252,7923.6,10300.6,0.92,mixed
6063,15,252,7339.1,9540.8,0.9149,mixed
6064,16,252,7566.1,9836.0,0.9,mixed
6065,17,252,7237.7,9409.0,0.8765,mixed
6066,18,252,7109.4,9242.2,0.8463,mixed
6067,19,252,7585.4,9861.0,0.8115,mixed
6068,20,252,6853.9,8910.1,0.7744,mixed
6069,21,252,6442.1,8374.7,0.7373,mixed
6070,22,252,6654.2,8650.5,0.7021,mixed
6071,23,252,6298.8,8188.5,0.6701,mixed
6072,0,253,6232.2,8101.8,0.5743,mixed
6073,1,253,6282.3,8167.1,0.5854,mixed
6074,2,253,6499.4,8449.2,0.6001,mixed
6075,3,253,6146.4,7990.3,0.6189,mixed
6076,4,253,6856.6,8913.5,0.6423,mixed
6077,5,253,6325.5,8223.1,0.6701,mixed
6078,6,253,6772.6,8804.4,0.7021,mixed
6079,7,253,6837.2,8888.4,0.7373,mixed
6080,8,253,7189.3,9346.0,0.7744,mixed
6081,9,253,7201.8,9362.4,0.8115,mixed
6082,10,253,7488.6,9735.2,0.8463,mixed
6083,11,253,7242.5,9415.2,0.8765,mixed
6084,12,253,7289.3,9476.0,0.9,mixed
6085,13,253,7529.1,9787.8,0.9149,mixed
6086,14,253,7682.4,9987.1,0.92,mixed
6087,15,253,7621.1,9907.4,0.9149,mixed
6088,16,253,7463.7,9702.8,0.9,mixed
6089,17,253,7373.0,9584.9,0.8765,mixed
6090,18,253,7223.3,9390.2,0.8463,mixed
6091,19,253,7214.3,9378.6,0.8115,mixed
6092,20,253,7443.8,9677.0,0.7744,mixed
6093,21,253,6854.1,8910.3,0.7373,mixed
6094,22,253,6724.3,8741.6,0.7021,mixed
6095,23,253,6614.0,8598.2,0.6701,mixed
6096,0,254,6490.2,8437.3,0.5743,mixed
6097,1,254,6038.0,7849.4,0.5854,mixed
6098,2,254,6466.2,8406.1,0.6001,mixed
6099,3,254,6722.1,8738.7,0.6189,mixed
6100,4,254,6514.6,8469.0,0.6423,mixed
6101,5,254,6740.2,8762.3,0.6701,mixed
6102,6,254,7228.9,9397.5,0.7021,mixed
6103,7,254,6973.0,9064.9,0.7373,mixed
6104,8,254,6544.3,8507.6,0.7744,mixed
6105,9,254,6825.3,8872.8,0.8115,mixed
6106,10,254,7176.7,9329.7,0.8463,mixed
6107,11,254,7145.3,9288.9,0.8765,mixed
6108,12,254,7415.2,9639.8,0.9,mixed
6109,13,254,7371.3,9582.7,0.9149,mixed
6110,14,254,7713.0,10026.9,0.92,mixed
6111,15,254,7193.5,9351.6,0.9149,mixed
6112,16,254,7346.3,9550.2,0.9,mixed
6113,17,254,7369.6,9580.5,0.8765,mixed
6114,18,254,7305.1,9496.7,0.8463,mixed
6115,19,254,7158.1,9305.5,0.8115,mixed
6116,20,254,6508.1,8460.5,0.7744,mixed
6117,21,254,6921.6,8998.1,0.7373,mixed
6118,22,254,6767.9,8798.3,0.7021,mixed
6119,23,254,6876.4,8939.4,0.6701,mixed
6120,0,255,6554.4,8520.7,0.5743,mixed
6121,1,255,6495.1,8443.6,0.5854,mixed
6122,2,255,6553.5,8519.6,0.6001,mixed
6123,3,255,6814.8,8859.2,0.6189,mixed
6124,4,255,6847.5,8901.8,0.6423,mixed
6125,5,255,6758.0,8785.4,0.6701,mixed
6126,6,255,7236.2,9407.1,0.7021,mixed
6127,7,255,6774.2,8806.5,0.7373,mixed
6128,8,255,6766.1,8795.9,0.7744,mixed
6129,9,255,7124.4,9261.7,0.8115,mixed
6130,10,255,7150.0,9295.0,0.8463,mixed
6131,11,255,6780.4,8814.5,0.8765,mixed
6132,12,255,7247.6,9421.9,0.9,mixed
6133,13,255,7513.7,9767.8,0.9149,mixed
6134,14,255,7439.3,9671.1,0.92,mixed
6135,15,255,7263.8,9442.9,0.9149,mixed
6136,16,255,7401.7,9622.2,0.9,mixed
6137,17,255,7348.9,9553.6,0.8765,mixed
6138,18,255,7386.3,9602.1,0.8463,mixed
6139,19,255,6989.5,9086.4,0.8115,mixed
6140,20,255,7199.5,9359.3,0.7744,mixed
6141,21,255,6678.4,8682.0,0.7373,mixed
6142,22,255,6696.0,8704.8,0.7021,mixed
6143,23,255,7044.3,9157.6,0.6701,mixed
6144,0,256,6218.2,8083.7,0.5743,mixed
6145,1,256,6321.0,8217.3,0.5854,mixed
6146,2,256,6248.5,8123.0,0.6001,mixed
6147,3,256,6386.5,8302.5,0.6189,mixed
6148,4,256,6646.6,8640.5,0.6423,mixed
6149,5,256,6844.7,8898.2,0.6701,mixed
6150,6,256,6794.8,8833.3,0.7021,mixed
6151,7,256,6837.1,8888.2,0.7373,mixed
6152,8,256,6754.0,8780.2,0.7744,mixed
6153,9,256,6971.2,9062.6,0.8115,mixed
6154,10,256,6895.7,8964.5,0.8463,mixed
6155,11,256,7483.7,9728.8,0.8765,mixed
6156,12,256,7571.1,9842.4,0.9,mixed
6157,13,256,7428.0,9656.4,0.9149,mixed
6158,14,256,7551.0,9816.3,0.92,mixed
6159,15,256,7632.5,9922.2,0.9149,mixed
6160,16,256,7414.8,9639.2,0.9,mixed
6161,17,256,7628.0,9916.4,0.8765,mixed
6162,18,256,7009.0,9111.7,0.8463,mixed
6163,19,256,7052.1,9167.8,0.8115,mixed
6164,20,256,6917.1,8992.2,0.7744,mixed
6165,21,256,7038.4,9149.9,0.7373,mixed
6166,22,256,6506.1,8458.0,0.7021,mixed
6167,23,256,6993.8,9092.0,0.6701,mixed
6168,0,257,6501.1,8451.5,0.567,mixed
6169,1,257,6753.5,8779.6,0.5748,mixed
6170,2,257,6439.6,8371.5,0.5851,mixed
6171,3,257,6379.9,8293.9,0.5982,mixed
6172,4,257,6664.9,8664.4,0.6146,mixed
6173,5,257,6798.4,8838.0,0.6341,mixed
6174,6,257,6519.0,8474.7,0.6565,mixed
6175,7,257,6332.1,8231.7,0.6811,mixed
6176,8,257,6440.3,8372.4,0.7071,mixed
6177,9,257,6945.4,9029.0,0.733,mixed
6178,10,257,7286.3,9472.2,0.7574,mixed
6179,11,257,6753.7,8779.9,0.7786,mixed
6180,12,257,7019.5,9125.3,0.795,mixed
6181,13,257,7034.3,9144.6,0.8054,mixed
6182,14,257,7529.5,9788.3,0.809,mixed
6183,15,257,7590.3,9867.4,0.8054,mixed
6184,16,257,7167.4,9317.7,0.795,mixed
6185,17,257,7217.3,9382.5,0.7786,mixed
6186,18,257,7146.3,9290.2,0.7574,mixed
6187,19,257,6626.7,8614.7,0.733,mixed
6188,20,257,6956.4,9043.3,0.7071,mixed
6189,21,257,6529.7,8488.6,0.6811,mixed
6190,22,257,6627.5,8615.7,0.6565,mixed
6191,23,257,6820.0,8866.1,0.6341,mixed
6192,0,258,6408.9,8331.6,0.567,mixed
6193,1,258,6628.8,8617.5,0.5748,mixed
6194,2,258,6698.8,8708.4,0.5851,mixed
6195,3,258,6145.1,7988.7,0.5982,mixed
6196,4,258,6109.0,7941.8,0.6146,mixed
6197,5,258,6824.5,8871.8,0.6341,mixed
6198,6,258,6902.0,8972.7,0.6565,mixed
6199,7,258,6787.6,8823.9,0.6811,mixed
6200,8,258,6893.8,8961.9,0.7071,mixed
6201,9,258,7076.0,9198.8,0.733,mixed
6202,10,258,7147.2,9291.3,0.7574,mixed
6203,11,258,6963.9,9053.0,0.7786,mixed
6204,12,258,7280.3,9464.3,0.795,mixed
6205,13,258,7034.7,9145.1,0.8054,mixed
6206,14,258,7171.3,9322.7,0.809,mixed
6207,15,258,7151.2,9296.6,0.8054,mixed
6208,16,258,6894.8,8963.3,0.795,mixed
6209,17,258,6871.4,8932.8,0.7786,mixed
6210,18,258,7431.3,9660.6,0.7574,mixed
6211,19,258,6707.0,8719.1,0.733,mixed
6212,20,258,6889.2,8956.0,0.7071,mixed
6213,21,258,6852.9,8908.8,0.6811,mixed
6214,22,258,6650.9,8646.2,0.6565,mixed
6215,23,258,6727.4,8745.6,0.6341,mixed
6216,0,259,6478.6,8422.2,0.5743,mixed
6217,1,259,6280.1,8164.1,0.5854,mixed
6218,2,259,6597.1,8576.2,0.6001,mixed
6219,3,259,6442.0,8374.7,0.6189,mixed
6220,4,259,6964.7,9054.2,0.6423,mixed
6221,5,259,6789.0,8825.6,0.6701,mixed
6222,6,259,6655.8,8652.6,0.7021,mixed
6223,7,259,6975.2,9067.8,0.7373,mixed
6224,8,259,6820.9,8867.2,0.7744,mixed
6225,9,259,7181.8,9336.3,0.8115,mixed
6226,10,259,7182.2,9336.8,0.8463,mixed
6227,11,259,7140.3,9282.3,0.8765,mixed
6228,12,259,7206.2,9368.0,0.9,mixed
6229,13,259,7980.3,10374.3,0.9149,mixed
6230,14,259,7472.7,9714.6,0.92,mixed
6231,15,259,7340.7,9542.9,0.9149,mixed
6232,16,259,7258.2,9435.6,0.9,mixed
6233,17,259,7425.4,9653.0,0.8765,mixed
6234,18,259,7092.6,9220.4,0.8463,mixed
6235,19,259,6892.7,8960.5,0.8115,mixed
6236,20,259,7008.7,9111.4,0.7744,mixed
6237,21,259,6896.1,8964.9,0.7373,mixed
6238,22,259,6713.6,8727.7,0.7021,mixed
6239,23,259,6523.5,8480.5,0.6701,mixed
6240,0,260,6340.0,8242.0,0.5743,mixed
6241,1,260,6357.6,8264.9,0.5854,mixed
6242,2,260,6374.0,8286.2,0.6001,mixed
6243,3,260,6603.4,8584.4,0.6189,mixed
6244,4,260,7061.2,9179.5,0.6423,mixed
6245,5,260,6970.5,9061.6,0.6701,mixed
6246,6,260,7194.7,9353.1,0.7021,mixed
6247,7,260,6786.8,8822.8,0.7373,mixed
6248,8,260,7368.0,9578.4,0.7744,mixed
6249,9,260,7175.3,9327.9,0.8115,mixed
6250,10,260,7445.1,9678.6,0.8463,mixed
6251,11,260,7422.4,9649.1,0.8765,mixed
6252,12,260,7316.2,9511.1,0.9,mixed
6253,13,260,7597.5,9876.8,0.9149,mixed
6254,14,260,7560.7,9828.9,0.92,mixed
6255,15,260,7042.5,9155.2,0.9149,mixed
6256,16,260,7364.8,9574.2,0.9,mixed
6257,17,260,7513.5,9767.6,0.8765,mixed
6258,18,260,7291.3,9478.7,0.8463,mixed
6259,19,260,7227.1,9395.2,0.8115,mixed
6260,20,260,6857.4,8914.6,0.7744,mixed
6261,21,260,6957.4,9044.6,0.7373,mixed
6262,22,260,6779.0,8812.7,0.7021,mixed
6263,23,260,6661.8,8660.3,0.6701,mixed
6264,0,261,6284.5,8169.9,0.5743,mixed
6265,1,261,6625.4,8613.1,0.5854,mixed
6266,2,261,6559.8,8527.8,0.6001,mixed
6267,3,261,6597.1,8576.2,0.6189,mixed
6268,4,261,7026.3,9134.2,0.6423,mixed
6269,5,261,6797.9,8837.3,0.6701,mixed
6270,6,261,7043.5,9156.5,0.7021,mixed
6271,7,261,6960.9,9049.1,0.7373,mixed
6272,8,261,6941.2,9023.6,0.7744,mixed
6273,9,261,6900.2,8970.3,0.8115,mixed
6274,10,261,7283.5,9468.5,0.8463,mixed
6275,11,261,6736.8,8757.9,0.8765,mixed
6276,12,261,7452.7,9688.6,0.9,mixed
6277,13,261,7507.4,9759.6,0.9149,mixed
6278,14,261,7403.7,9624.8,0.92,mixed
6279,15,261,7416.4,9641.3,0.9149,mixed
6280,16,261,7114.9,9249.3,0.9,mixed
6281,17,261,7626.2,9914.1,0.8765,mixed
6282,18,261,7158.0,9305.4,0.8463,mixed
6283,19,261,6918.9,8994.5,0.8115,mixed
6284,20,261,7130.2,9269.2,0.7744,mixed
6285,21,261,6927.3,9005.5,0.7373,mixed
6286,22,261,6725.6,8743.2,0.7021,mixed
6287,23,261,6609.4,8592.2,0.6701,mixed
6288,0,262,6414.2,8338.4,0.5743,mixed
6289,1,262,6708.8,8721.5,0.5854,mixed
6290,2,262,6584.0,8559.2,0.6001,mixed
6291,3,262,6542.3,8505.0,0.6189,mixed
6292,4,262,6788.4,8824.9,0.6423,mixed
6293,5,262,6708.2,8720.7,0.6701,mixed
6294,6,262,6880.5,8944.7,0.7021,mixed
6295,7,262,6935.6,9016.3,0.7373,mixed
6296,8,262,7139.7,9281.6,0.7744,mixed
6297,9,262,7031.7,9141.2,0.8115,mixed
6298,10,262,6984.0,9079.2,0.8463,mixed
6299,11,262,7521.1,9777.4,0.8765,mixed
6300,12,262,7726.1,10043.9,0.9,mixed
6301,13,262,7193.4,9351.4,0.9149,mixed
6302,14,262,7492.4,9740.1,0.92,mixed
6303,15,262,7336.9,9537.9,0.9149,mixed
6304,16,262,7588.2,9864.7,0.9,mixed
6305,17,262,7376.1,9588.9,0.8765,mixed
6306,18,262,7953.0,10338.9,0.8463,mixed
6307,19,262,7062.2,9180.9,0.8115,mixed
6308,20,262,7339.1,9540.8,0.7744,mixed
6309,21,262,7242.9,9415.8,0.7373,mixed
6310,22,262,6907.5,8979.7,0.7021,mixed
6311,23,262,6710.1,8723.2,0.6701,mixed
6312,0,263,6433.5,8363.6,0.5743,mixed
6313,1,263,6450.4,8385.6,0.5854,mixed
6314,2,263,6713.3,8727.3,0.6001,mixed
6315,3,263,6377.6,8290.9,0.6189,mixed
6316,4,263,6587.1,8563.3,0.6423,mixed
6317,5,263,6645.9,8639.7,0.6701,mixed
6318,6,263,6446.6,8380.5,0.7021,mixed
6319,7,263,7082.2,9206.9,0.7373,mixed
6320,8,263,7239.3,9411.0,0.7744,mixed
6321,9,263,6991.1,9088.4,0.8115,mixed
6322,10,263,7454.6,9691.0,0.8463,mixed
6323,11,263,6974.0,9066.2,0.8765,mixed
6324,12,263,7397.6,9616.9,0.9,mixed
6325,13,263,7408.8,9631.5,0.9149,mixed
6326,14,263,7471.9,9713.5,0.92,mixed
6327,15,263,7455.4,9692.0,0.9149,mixed
6328,16,263,7375.2,9587.8,0.9,mixed
6329,17,263,7236.7,9407.7,0.8765,mixed
6330,18,263,7207.5,9369.8,0.8463,mixed
6331,19,263,7418.1,9643.6,0.8115,mixed
6332,20,263,6893.8,8961.9,0.7744,mixed
6333,21,263,7371.5,9582.9,0.7373,mixed
6334,22,263,6669.1,8669.8,0.7021,mixed
6335,23,263,6750.9,8776.2,0.6701,mixed
6336,0,264,6502.9,8453.8,0.567,mixed
6337,1,264,6360.5,8268.6,0.5748,mixed
6338,2,264,6714.8,8729.3,0.5851,mixed
6339,3,264,6593.1,8571.1,0.5982,mixed
6340,4,264,6495.9,8444.6,0.6146,mixed
6341,5,264,6865.8,8925.6,0.6341,mixed
6342,6,264,6458.8,8396.4,0.6565,mixed
6343,7,264,6621.5,8607.9,0.6811,mixed
6344,8,264,6928.6,9007.1,0.7071,mixed
6345,9,264,7057.1,9174.2,0.733,mixed
6346,10,264,7031.9,9141.5,0.7574,mixed
6347,11,264,7001.2,9101.5,0.7786,mixed
6348,12,264,7023.9,9131.1,0.795,mixed
6349,13,264,7349.9,9554.8,0.8054,mixed
6350,14,264,7170.7,9321.8,0.809,mixed
6351,15,264,6922.6,8999.4,0.8054,mixed
6352,16,264,6879.9,8943.8,0.795,mixed
6353,17,264,7347.1,9551.2,0.7786,mixed
6354,18,264,6814.3,8858.6,0.7574,mixed
6355,19,264,6947.8,9032.1,0.733,mixed
6356,20,264,7089.7,9216.6,0.7071,mixed
6357,21,264,6845.3,8898.9,0.6811,mixed
6358,22,264,6510.3,8463.4,0.6565,mixed
6359,23,264,6393.6,8311.7,0.6341,mixed
6360,0,265,6752.0,8777.6,0.567,mixed
6361,1,265,6216.2,8081.1,0.5748,mixed
6362,2,265,6340.4,8242.6,0.5851,mixed
6363,3,265,6559.5,8527.4,0.5982,mixed
6364,4,265,6493.1,8441.1,0.6146,mixed
6365,5,265,6708.1,8720.5,0.6341,mixed
6366,6,265,6368.4,8278.9,0.6565,mixed
6367,7,265,6693.2,8701.2,0.6811,mixed
6368,8,265,6952.1,9037.7,0.7071,mixed
6369,9,265,7032.2,9141.8,0.733,mixed
6370,10,265,6844.9,8898.3,0.7574,mixed
6371,11,265,6812.6,8856.4,0.7786,mixed
6372,12,265,7122.7,9259.5,0.795,mixed
6373,13,265,6828.7,8877.3,0.8054,mixed
6374,14,265,7393.6,9611.7,0.809,mixed
6375,15,265,7142.2,9284.8,0.8054,mixed
6376,16,265,6929.4,9008.2,0.795,mixed
6377,17,265,6805.7,8847.4,0.7786,mixed
6378,18,265,6832.2,8881.9,0.7574,mixed
6379,19,265,6568.5,8539.0,0.733,mixed
6380,20,265,6914.7,8989.1,0.7071,mixed
6381,21,265,6573.5,8545.5,0.6811,mixed
6382,22,265,6741.6,8764.1,0.6565,mixed
6383,23,265,6700.9,8711.2,0.6341,mixed
6384,0,266,6601.2,8581.5,0.5743,mixed
6385,1,266,6497.2,8446.3,0.5854,mixed
6386,2,266,6711.7,8725.2,0.6001,mixed
6387,3,266,6821.4,8867.8,0.6189,mixed
6388,4,266,6670.4,8671.5,0.6423,mixed
6389,5,266,6766.7,8796.7,0.6701,mixed
6390,6,266,6684.9,8690.4,0.7021,mixed
6391,7,266,6699.8,8709.7,0.7373,mixed
6392,8,266,7285.4,9471.0,0.7744,mixed
6393,9,266,7256.2,9433.1,0.8115,mixed
6394,10,266,7380.1,9594.2,0.8463,mixed
6395,11,266,7192.1,9349.8,0.8765,mixed
6396,12,266,7752.5,10078.2,0.9,mixed
6397,13,266,7386.0,9601.8,0.9149,mixed
6398,14,266,7273.0,9455.0,0.92,mixed
6399,15,266,7309.0,9501.7,0.9149,mixed
6400,16,266,7740.8,10063.0,0.9,mixed
6401,17,266,7077.8,9201.2,0.8765,mixed
6402,18,266,7068.2,9188.6,0.8463,mixed
6403,19,266,7746.4,10070.3,0.8115,mixed
6404,20,266,7213.6,9377.7,0.7744,mixed
6405,21,266,6752.5,8778.3,0.7373,mixed
6406,22,266,6578.1,8551.5,0.7021,mixed
6407,23,266,6366.3,8276.2,0.6701,mixed
6408,0,267,6434.0,8364.1,0.5743,mixed
6409,1,267,6589.3,8566.1,0.5854,mixed
6410,2,267,6788.4,8824.9,0.6001,mixed
6411,3,267,6177.0,8030.0,0.6189,mixed
6412,4,267,6355.9,8262.7,0.6423,mixed
6413,5,267,6678.6,8682.2,0.6701,mixed
6414,6,267,7367.2,9577.4,0.7021,mixed
6415,7,267,7087.8,9214.2,0.7373,mixed
6416,8,267,7094.0,9222.2,0.7744,mixed
6417,9,267,6864.8,8924.2,0.8115,mixed
6418,10,267,6771.2,8802.6,0.8463,mixed
6419,11,267,7330.4,9529.5,0.8765,mixed
6420,12,267,7370.3,9581.4,0.9,mixed
6421,13,267,7377.2,9590.4,0.9149,mixed
6422,14,267,7367.3,9577.4,0.92,mixed
6423,15,267,7270.0,9451.0,0.9149,mixed
6424,16,267,7175.5,9328.2,0.9,mixed
6425,17,267,7627.1,9915.2,0.8765,mixed
6426,18,267,7038.8,9150.5,0.8463,mixed
6427,19,267,7067.6,9187.9,0.8115,mixed
6428,20,267,7007.3,9109.5,0.7744,mixed
6429,21,267,7050.6,9165.8,0.7373,mixed
6430,22,267,6624.9,8612.4,0.7021,mixed
6431,23,267,6899.3,8969.1,0.6701,mixed
6432,0,268,6303.7,8194.8,0.5743,mixed
6433,1,268,6417.1,8342.3,0.5854,mixed
6434,2,268,6812.6,8856.3,0.6001,mixed
6435,3,268,6358.6,8266.2,0.6189,mixed
6436,4,268,6762.2,8790.9,0.6423,mixed
6437,5,268,6904.7,8976.1,0.6701,mixed
6438,6,268,6861.8,8920.4,0.7021,mixed
6439,7,268,6880.0,8944.0,0.7373,mixed
6440,8,268,7462.9,9701.8,0.7744,mixed
6441,9,268,7123.7,9260.8,0.8115,mixed
6442,10,268,7275.4,9458.0,0.8463,mixed
6443,11,268,7248.0,9422.3,0.8765,mixed
6444,12,268,7425.8,9653.6,0.9,mixed
6445,13,268,7652.1,9947.7,0.9149,mixed
6446,14,268,7390.8,9608.0,0.92,mixed
6447,15,268,6966.6,9056.5,0.9149,mixed
6448,16,268,7506.2,9758.1,0.9,mixed
6449,17,268,7085.0,9210.5,0.8765,mixed
6450,18,268,7392.1,9609.7,0.8463,mixed
6451,19,268,7126.4,9264.3,0.8115,mixed
6452,20,268,7214.0,9378.3,0.7744,mixed
6453,21,268,6707.9,8720.3,0.7373,mixed
6454,22,268,6689.5,8696.3,0.7021,mixed
6455,23,268,6634.3,8624.6,0.6701,mixed
6456,0,269,6130.0,7969.0,0.5743,mixed
6457,1,269,6663.5,8662.5,0.5854,mixed
6458,2,269,6175.9,8028.7,0.6001,mixed
6459,3,269,6764.7,8794.1,0.6189,mixed
6460,4,269,6703.4,8714.4,0.6423,mixed
6461,5,269,6662.7,8661.5,0.6701,mixed
6462,6,269,6869.0,8929.7,0.7021,mixed
6463,7,269,6970.2,9061.2,0.7373,mixed
6464,8,269,6931.3,9010.7,0.7744,mixed
6465,9,269,7190.4,9347.6,0.8115,mixed
6466,10,269,7389.7,9606.7,0.8463,mixed
6467,11,269,7114.4,9248.7,0.8765,mixed
6468,12,269,7469.1,9709.8,0.9,mixed
6469,13,269,6851.0,8906.3,0.9149,mixed
6470,14,269,7020.9,9127.2,0.92,mixed
6471,15,269,7562.9,9831.8,0.9149,mixed
6472,16,269,7299.7,9489.6,0.9,mixed
6473,17,269,7134.4,9274.7,0.8765,mixed
6474,18,269,7219.6,9385.5,0.8463,mixed
6475,19,269,7042.0,9154.6,0.8115,mixed
6476,20,269,6807.5,8849.7,0.7744,mixed
6477,21,269,6564.8,8534.3,0.7373,mixed
6478,22,269,6397.2,8316.4,0.7021,mixed
6479,23,269,6851.2,8906.6,0.6701,mixed
6480,0,270,6334.0,8234.1,0.5743,mixed
6481,1,270,6636.0,8626.8,0.5854,mixed
6482,2,270,6408.3,8330.7,0.6001,mixed
6483,3,270,6618.8,8604.5,0.6189,mixed
6484,4,270,6594.2,8572.4,0.6423,mixed
6485,5,270,6711.6,8725.1,0.6701,mixed
6486,6,270,6817.6,8862.9,0.7021,mixed
6487,7,270,6812.0,8855.6,0.7373,mixed
6488,8,270,6756.8,8783.8,0.7744,mixed
6489,9,270,7290.5,9477.6,0.8115,mixed
6490,10,270,7576.8,9849.9,0.8463,mixed
6491,11,270,7686.3,9992.2,0.8765,mixed
6492,12,270,7269.6,9450.5,0.9,mixed
6493,13,270,7273.4,9455.4,0.9149,mixed
6494,14,270,7328.4,9526.9,0.92,mixed
6495,15,270,7397.8,9617.1,0.9149,mixed
6496,16,270,7380.7,9594.9,0.9,mixed
6497,17,270,7102.7,9233.5,0.8765,mixed
6498,18,270,6910.1,8983.2,0.8463,mixed
6499,19,270,7137.4,9278.6,0.8115,mixed
6500,20,270,6272.5,8154.3,0.7744,mixed
6501,21,270,6883.5,8948.5,0.7373,mixed
6502,22,270,6606.0,8587.7,0.7021,mixed
6503,23,270,6859.5,8917.4,0.6701,mixed
6504,0,271,6594.3,8572.6,0.567,mixed
6505,1,271,6622.8,8609.7,0.5748,mixed
6506,2,271,6380.5,8294.6,0.5851,mixed
6507,3,271,6266.1,8146.0,0.5982,mixed
6508,4,271,6376.3,8289.2,0.6146,mixed
6509,5,271,6651.5,8646.9,0.6341,mixed
6510,6,271,6332.8,8232.7,0.6565,mixed
6511,7,271,7017.3,9122.5,0.6811,mixed
6512,8,271,6746.0,8769.8,0.7071,mixed
6513,9,271,6994.8,9093.2,0.733,mixed
6514,10,271,6592.3,8570.0,0.7574,mixed
6515,11,271,6832.8,8882.6,0.7786,mixed
6516,12,271,6672.7,8674.5,0.795,mixed
6517,13,271,7326.4,9524.3,0.8054,mixed
6518,14,271,7085.1,9210.6,0.809,mixed
6519,15,271,7230.4,9399.6,0.8054,mixed
6520,16,271,7090.8,9218.0,0.795,mixed
6521,17,271,7126.8,9264.8,0.7786,mixed
6522,18,271,6894.0,8962.2,0.7574,mixed
6523,19,271,6849.3,8904.1,0.733,mixed
6524,20,271,6794.8,8833.3,0.7071,mixed
6525,21,271,6817.7,8863.0,0.6811,mixed
6526,22,271,6748.1,8772.5,0.6565,mixed
6527,23,271,7150.8,9296.0,0.6341,mixed
6528,0,272,6715.9,8730.7,0.567,mixed
6529,1,272,6074.2,7896.5,0.5748,mixed
6530,2,272,6419.8,8345.7,0.5851,mixed
6531,3,272,6408.0,8330.5,0.5982,mixed
6532,4,272,6787.1,8823.2,0.6146,mixed
6533,5,272,6532.1,8491.7,0.6341,mixed
6534,6,272,6754.5,8780.9,0.6565,mixed
6535,7,272,6263.5,8142.5,0.6811,mixed
6536,8,272,6504.2,8455.4,0.7071,mixed
6537,9,272,7323.9,9521.1,0.733,mixed
6538,10,272,6975.0,9067.5,0.7574,mixed
6539,11,272,6817.5,8862.7,0.7786,mixed
6540,12,272,7128.9,9267.5,0.795,mixed
6541,13,272,6884.0,8949.2,0.8054,mixed
6542,14,272,7058.8,9176.4,0.809,mixed
6543,15,272,6798.8,8838.5,0.8054,mixed
6544,16,272,6909.9,8982.8,0.795,mixed
6545,17,272,6940.2,9022.3,0.7786,mixed
6546,18,272,7198.6,9358.2,0.7574,mixed
6547,19,272,6987.3,9083.5,0.733,mixed
6548,20,272,6944.1,9027.3,0.7071,mixed
6549,21,272,6730.5,8749.7,0.6811,mixed
6550,22,272,6826.2,8874.0,0.6565,mixed
6551,23,272,6421.7,8348.3,0.6341,mixed
6552,0,273,6274.3,8156.5,0.5743,mixed
6553,1,273,6527.3,8485.5,0.5854,mixed
6554,2,273,6438.2,8369.6,0.6001,mixed
6555,3,273,6546.3,8510.3,0.6189,mixed
6556,4,273,6586.5,8562.4,0.6423,mixed
6557,5,273,6954.7,9041.1,0.6701,mixed
6558,6,273,7064.9,9184.4,0.7021,mixed
6559,7,273,6774.6,8807.0,0.7373,mixed
6560,8,273,6645.2,8638.7,0.7744,mixed
6561,9,273,6974.6,9066.9,0.8115,mixed
6562,10,273,7036.5,9147.5,0.8463,mixed
6563,11,273,7504.6,9756.0,0.8765,mixed
6564,12,273,7596.5,9875.4,0.9,mixed
6565,13,273,7207.0,9369.0,0.9149,mixed
6566,14,273,7283.6,9468.7,0.92,mixed
6567,15,273,7107.0,9239.1,0.9149,mixed
6568,16,273,7422.1,9648.8,0.9,mixed
6569,17,273,7312.0,9505.6,0.8765,mixed
6570,18,273,7402.3,9623.0,0.8463,mixed
6571,19,273,7233.0,9402.9,0.8115,mixed
6572,20,273,7144.0,9287.2,0.7744,mixed
6573,21,273,6584.9,8560.4,0.7373,mixed
6574,22,273,6670.9,8672.2,0.7021,mixed
6575,23,273,6893.5,8961.5,0.6701,mixed
6576,0,274,6311.6,8205.1,0.5743,mixed
6577,1,274,6133.6,7973.7,0.5854,mixed
6578,2,274,6649.9,8644.9,0.6001,mixed
6579,3,274,6435.7,8366.3,0.6189,mixed
6580,4,274,6830.1,8879.1,0.6423,mixed
6581,5,274,6699.0,8708.7,0.6701,mixed
6582,6,274,6742.1,8764.7,0.7021,mixed
6583,7,274,7186.7,9342.7,0.7373,mixed
6584,8,274,6741.4,8763.8,0.7744,mixed
6585,9,274,7433.3,9663.3,0.8115,mixed
6586,10,274,7092.4,9220.2,0.8463,mixed
6587,11,274,7357.5,9564.8,0.8765,mixed
6588,12,274,7430.4,9659.6,0.9,mixed
6589,13,274,7341.7,9544.2,0.9149,mixed
6590,14,274,7281.9,9466.5,0.92,mixed
6591,15,274,7354.5,9560.8,0.9149,mixed
6592,16,274,7167.3,9317.5,0.9,mixed
6593,17,274,7752.8,10078.7,0.8765,mixed
6594,18,274,7126.8,9264.8,0.8463,mixed
6595,19,274,7374.5,9586.8,0.8115,mixed
6596,20,274,7231.7,9401.3,0.7744,mixed
6597,21,274,6979.5,9073.4,0.7373,mixed
6598,22,274,6771.0,8802.3,0.7021,mixed
6599,23,274,6741.6,8764.1,0.6701,mixed
6600,0,275,6525.4,8483.0,0.5743,mixed
6601,1,275,6467.9,8408.3,0.5854,mixed
6602,2,275,6187.4,8043.6,0.6001,mixed
6603,3,275,6191.8,8049.4,0.6189,mixed
6604,4,275,6918.7,8994.4,0.6423,mixed
6605,5,275,6172.9,8024.7,0.6701,mixed
6606,6,275,6838.6,8890.1,0.7021,mixed
6607,7,275,6855.7,8912.4,0.7373,mixed
6608,8,275,7049.4,9164.2,0.7744,mixed
6609,9,275,6883.0,8947.9,0.8115,mixed
6610,10,275,7307.2,9499.4,0.8463,mixed
6611,11,275,7367.1,9577.3,0.8765,mixed
6612,12,275,8004.6,10406.0,0.9,mixed
6613,13,275,7466.0,9705.8,0.9149,mixed
6614,14,275,7753.7,10079.9,0.92,mixed
6615,15,275,7102.6,9233.4,0.9149,mixed
6616,16,275,7618.5,9904.1,0.9,mixed
6617,17,275,7371.6,9583.1,0.8765,mixed
6618,18,275,7289.6,9476.5,0.8463,mixed
6619,19,275,7187.3,9343.5,0.8115,mixed
6620,20,275,7374.7,9587.1,0.7744,mixed
6621,21,275,6957.2,9044.3,0.7373,mixed
6622,22,275,6638.7,8630.3,0.7021,mixed
6623,23,275,6578.8,8552.5,0.6701,mixed
6624,0,276,6572.5,8544.3,0.5743,mixed
6625,1,276,6535.0,8495.5,0.5854,mixed
6626,2,276,6194.4,8052.8,0.6001,mixed
6627,3,276,6650.2,8645.2,0.6189,mixed
6628,4,276,6404.2,8325.4,0.6423,mixed
6629,5,276,6790.8,8828.0,0.6701,mixed
6630,6,276,6634.3,8624.6,0.7021,mixed
6631,7,276,6846.0,8899.8,0.7373,mixed
6632,8,276,6900.9,8971.2,0.7744,mixed
6633,9,276,7451.4,9686.9,0.8115,mixed
6634,10,276,7318.3,9513.8,0.8463,mixed
6635,11,276,7598.9,9878.6,0.8765,mixed
6636,12,276,8034.4,10444.7,0.9,mixed
6637,13,276,7447.4,9681.7,0.9149,mixed
6638,14,276,7788.1,10124.5,0.92,mixed
6639,15,276,7280.9,9465.2,0.9149,mixed
6640,16,276,7670.6,9971.8,0.9,mixed
6641,17,276,7144.5,9287.9,0.8765,mixed
6642,18,276,7227.1,9395.3,0.8463,mixed
6643,19,276,7241.5,9413.9,0.8115,mixed
6644,20,276,7161.7,9310.2,0.7744,mixed
6645,21,276,6640.8,8633.0,0.7373,mixed
6646,22,276,6621.8,8608.3,0.7021,mixed
6647,23,276,6825.6,8873.3,0.6701,mixed
6648,0,277,6344.5,8247.8,0.5743,mixed
6649,1,277,6178.1,8031.6,0.5854,mixed
6650,2,277,6478.7,8422.3,0.6001,mixed
6651,3,277,6525.7,8483.4,0.6189,mixed
6652,4,277,6654.2,8650.5,0.6423,mixed
6653,5,277,6809.1,8851.8,0.6701,mixed
6654,6,277,6893.6,8961.7,0.7021,mixed
6655,7,277,6745.2,8768.8,0.7373,mixed
6656,8,277,6929.1,9007.8,0.7744,mixed
6657,9,277,7325.0,9522.6,0.8115,mixed
6658,10,277,7113.3,9247.3,0.8463,mixed
6659,11,277,7235.1,9405.6,0.8765,mixed
6660,12,277,7058.7,9176.3,0.9,mixed
6661,13,277,7430.6,9659.8,0.9149,mixed
6662,14,277,7529.5,9788.3,0.92,mixed
6663,15,277,6996.2,9095.1,0.9149,mixed
6664,16,277,7155.0,9301.5,0.9,mixed
6665,17,277,7009.6,9112.5,0.8765,mixed
6666,18,277,7402.1,9622.8,0.8463,mixed
6667,19,277,6717.8,8733.2,0.8115,mixed
6668,20,277,6999.0,9098.7,0.7744,mixed
6669,21,277,7053.0,9168.9,0.7373,mixed
6670,22,277,6837.0,8888.0,0.7021,mixed
6671,23,277,6614.2,8598.5,0.6701,mixed
6672,0,278,6459.8,8397.8,0.567,mixed
6673,1,278,6616.2,8601.1,0.5748,mixed
6674,2,278,6426.6,8354.6,0.5851,mixed
6675,3,278,6051.3,7866.7,0.5982,mixed
6676,4,278,6761.1,8789.4,0.6146,mixed
6677,5,278,6673.7,8675.9,0.6341,mixed
6678,6,278,6655.1,8651.7,0.6565,mixed
6679,7,278,6335.6,8236.2,0.6811,mixed
6680,8,278,6752.6,8778.4,0.7071,mixed
6681,9,278,6710.4,8723.5,0.733,mixed
6682,10,278,6710.4,8723.5,0.7574,mixed
6683,11,278,6999.2,9099.0,0.7786,mixed
6684,12,278,6963.5,9052.6,0.795,mixed
6685,13,278,7008.3,9110.8,0.8054,mixed
6686,14,278,7277.3,9460.5,0.809,mixed
6687,15,278,7163.1,9312.0,0.8054,mixed
6688,16,278,6972.1,9063.7,0.795,mixed
6689,17,278,6896.8,8965.8,0.7786,mixed
6690,18,278,6869.4,8930.3,0.7574,mixed
6691,19,278,6840.2,8892.3,0.733,mixed
6692,20,278,6933.0,9012.9,0.7071,mixed
6693,21,278,6525.1,8482.6,0.6811,mixed
6694,22,278,6953.2,9039.2,0.6565,mixed
6695,23,278,6710.3,8723.3,0.6341,mixed
6696,0,279,5868.2,7628.7,0.567,mixed
6697,1,279,6433.0,8363.0,0.5748,mixed
6698,2,279,6648.8,8643.4,0.5851,mixed
6699,3,279,6562.7,8531.5,0.5982,mixed
6700,4,279,6455.2,8391.8,0.6146,mixed
6701,5,279,6582.5,8557.2,0.6341,mixed
6702,6,279,6697.4,8706.6,0.6565,mixed
6703,7,279,6891.2,8958.6,0.6811,mixed
6704,8,279,6524.3,8481.6,0.7071,mixed
6705,9,279,6766.3,8796.2,0.733,mixed
6706,10,279,7306.8,9498.9,0.7574,mixed
6707,11,279,7035.0,9145.4,0.7786,mixed
6708,12,279,7401.7,9622.2,0.795,mixed
6709,13,279,7745.3,10068.9,0.8054,mixed
6710,14,279,7014.2,9118.5,0.809,mixed
6711,15,279,6853.3,8909.2,0.8054,mixed
6712,16,279,7020.9,9127.2,0.795,mixed
6713,17,279,7259.7,9437.6,0.7786,mixed
6714,18,279,7223.3,9390.3,0.7574,mixed
6715,19,279,7361.1,9569.4,0.733,mixed
6716,20,279,6806.1,8847.9,0.7071,mixed
6717,21,279,6834.4,8884.7,0.6811,mixed
6718,22,279,6519.5,8475.3,0.6565,mixed
6719,23,279,6098.6,7928.2,0.6341,mixed
6720,0,280,6407.6,8329.9,0.5743,mixed
6721,1,280,6225.3,8092.8,0.5854,mixed
6722,2,280,6617.8,8603.2,0.6001,mixed
6723,3,280,6179.4,8033.3,0.6189,mixed
6724,4,280,6472.3,8414.0,0.6423,mixed
6725,5,280,6756.5,8783.4,0.6701,mixed
6726,6,280,6874.6,8937.0,0.7021,mixed
6727,7,280,6894.5,8962.9,0.7373,mixed
6728,8,280,7408.6,9631.1,0.7744,mixed
6729,9,280,7462.2,9700.9,0.8115,mixed
6730,10,280,7082.7,9207.5,0.8463,mixed
6731,11,280,7675.4,9978.0,0.8765,mixed
6732,12,280,7783.1,10118.1,0.9,mixed
6733,13,280,7409.4,9632.2,0.9149,mixed
6734,14,280,7462.5,9701.2,0.92,mixed
6735,15,280,7425.7,9653.4,0.9149,mixed
6736,16,280,7249.3,9424.1,0.9,mixed
6737,17,280,7202.0,9362.6,0.8765,mixed
6738,18,280,7517.3,9772.5,0.8463,mixed
6739,19,280,7220.2,9386.3,0.8115,mixed
6740,20,280,6898.9,8968.6,0.7744,mixed
6741,21,280,6712.5,8726.3,0.7373,mixed
6742,22,280,6644.0,8637.2,0.7021,mixed
6743,23,280,6669.7,8670.6,0.6701,mixed
6744,0,281,6591.0,8568.3,0.5743,mixed
6745,1,281,6282.1,8166.7,0.5854,mixed
6746,2,281,6668.2,8668.6,0.6001,mixed
6747,3,281,6587.8,8564.1,0.6189,mixed
6748,4,281,6647.5,8641.7,0.6423,mixed
6749,5,281,6908.9,8981.6,0.6701,mixed
6750,6,281,6970.7,9061.8,0.7021,mixed
6751,7,281,6613.4,8597.4,0.7373,mixed
6752,8,281,6787.4,8823.6,0.7744,mixed
6753,9,281,7077.6,9200.9,0.8115,mixed
6754,10,281,7308.3,9500.9,0.8463,mixed
6755,11,281,7621.6,9908.1,0.8765,mixed
6756,12,281,7406.8,9628.8,0.9,mixed
6757,13,281,7817.1,10162.2,0.9149,mixed
6758,14,281,7294.3,9482.6,0.92,mixed
6759,15,281,7317.1,9512.2,0.9149,mixed
6760,16,281,7324.5,9521.9,0.9,mixed
6761,17,281,7142.4,9285.1,0.8765,mixed
6762,18,281,7482.6,9727.4,0.8463,mixed
6763,19,281,6534.5,8494.8,0.8115,mixed
6764,20,281,6909.6,8982.4,0.7744,mixed
6765,21,281,7142.2,9284.8,0.7373,mixed
6766,22,281,6734.9,8755.4,0.7021,mixed
6767,23,281,6918.4,8993.9,0.6701,mixed
6768,0,282,6838.2,8889.7,0.5743,mixed
6769,1,282,6464.0,8403.2,0.5854,mixed
6770,2,282,6720.2,8736.3,0.6001,mixed
6771,3,282,7024.4,9131.7,0.6189,mixed
6772,4,282,6698.9,8708.6,0.6423,mixed
6773,5,282,6693.0,8700.9,0.6701,mixed
6774,6,282,6982.7,9077.5,0.7021,mixed
6775,7,282,7149.6,9294.5,0.7373,mixed
6776,8,282,7007.4,9109.6,0.7744,mixed
6777,9,282,7023.2,9130.2,0.8115,mixed
6778,10,282,7603.7,9884.8,0.8463,mixed
6779,11,282,7262.4,9441.2,0.8765,mixed
6780,12,282,7657.1,9954.2,0.9,mixed
6781,13,282,7495.6,9744.3,0.9149,mixed
6782,14,282,7860.8,10219.0,0.92,mixed
6783,15,282,7247.6,9421.8,0.9149,mixed
6784,16,282,7203.6,9364.7,0.9,mixed
6785,17,282,7509.6,9762.4,0.8765,mixed
6786,18,282,6985.9,9081.7,0.8463,mixed
6787,19,282,7151.6,9297.1,0.8115,mixed
6788,20,282,7341.4,9543.9,0.7744,mixed
6789,21,282,6534.6,8495.0,0.7373,mixed
6790,22,282,6880.7,8944.9,0.7021,mixed
6791,23,282,6946.3,9030.2,0.6701,mixed
6792,0,283,6410.3,8333.4,0.5743,mixed
6793,1,283,6269.1,8149.8,0.5854,mixed
6794,2,283,6441.4,8373.8,0.6001,mixed
6795,3,283,6384.3,8299.6,0.6189,mixed
6796,4,283,6632.8,8622.7,0.6423,mixed
6797,5,283,6647.0,8641.1,0.6701,mixed
6798,6,283,6694.0,8702.1,0.7021,mixed
6799,7,283,7000.9,9101.2,0.7373,mixed
6800,8,283,7347.9,9552.3,0.7744,mixed
6801,9,283,7196.8,9355.8,0.8115,mixed
6802,10,283,7522.6,9779.4,0.8463,mixed
6803,11,283,7668.7,9969.3,0.8765,mixed
6804,12,283,7262.2,9440.9,0.9,mixed
6805,13,283,7498.3,9747.8,0.9149,mixed
6806,14,283,7357.3,9564.5,0.92,mixed
6807,15,283,7106.3,9238.2,0.9149,mixed
6808,16,283,7471.2,9712.6,0.9,mixed
6809,17,283,7090.8,9218.0,0.8765,mixed
6810,18,283,7336.2,9537.0,0.8463,mixed
6811,19,283,6794.0,8832.3,0.8115,mixed
6812,20,283,7051.5,9167.0,0.7744,mixed
6813,21,283,6579.0,8552.7,0.7373,mixed
6814,22,283,6936.1,9016.9,0.7021,mixed
6815,23,283,6623.6,8610.6,0.6701,mixed
6816,0,284,6321.0,8217.3,0.5743,mixed
6817,1,284,6666.4,8666.3,0.5854,mixed
6818,2,284,6429.9,8358.9,0.6001,mixed
6819,3,284,6570.8,8542.1,0.6189,mixed
6820,4,284,6579.6,8553.5,0.6423,mixed
6821,5,284,6804.7,8846.1,0.6701,mixed
6822,6,284,7011.4,9114.8,0.7021,mixed
6823,7,284,7077.4,9200.7,0.7373,mixed
6824,8,284,6917.3,8992.5,0.7744,mixed
6825,9,284,7385.2,9600.7,0.8115,mixed
6826,10,284,7032.3,9142.0,0.8463,mixed
6827,11,284,7158.8,9306.4,0.8765,mixed
6828,12,284,7364.0,9573.2,0.9,mixed
6829,13,284,7670.5,9971.7,0.9149,mixed
6830,14,284,7190.7,9347.9,0.92,mixed
6831,15,284,7635.9,9926.7,0.9149,mixed
6832,16,284,7380.2,9594.2,0.9,mixed
6833,17,284,7226.6,9394.6,0.8765,mixed
6834,18,284,7469.3,9710.1,0.8463,mixed
6835,19,284,6955.1,9041.6,0.8115,mixed
6836,20,284,7496.6,9745.6,0.7744,mixed
6837,21,284,6867.8,8928.1,0.7373,mixed
6838,22,284,6829.2,8878.0,0.7021,mixed
6839,23,284,7012.9,9116.8,0.6701,mixed
6840,0,285,6427.1,8355.3,0.567,mixed
6841,1,285,6645.5,8639.1,0.5748,mixed
6842,2,285,6069.7,7890.6,0.5851,mixed
6843,3,285,6400.9,8321.2,0.5982,mixed
6844,4,285,6613.8,8598.0,0.6146,mixed
6845,5,285,6808.5,8851.1,0.6341,mixed
6846,6,285,6815.6,8860.2,0.6565,mixed
6847,7,285,6872.3,8934.0,0.6811,mixed
6848,8,285,7030.5,9139.6,0.7071,mixed
6849,9,285,6989.6,9086.5,0.733,mixed
6850,10,285,6516.7,8471.7,0.7574,mixed
6851,11,285,7332.1,9531.7,0.7786,mixed
6852,12,285,6899.5,8969.3,0.795,mixed
6853,13,285,7175.5,9328.1,0.8054,mixed
6854,14,285,7158.0,9305.4,0.809,mixed
6855,15,285,7118.7,9254.3,0.8054,mixed
6856,16,285,6842.5,8895.2,0.795,mixed
6857,17,285,6619.3,8605.0,0.7786,mixed
6858,18,285,6755.0,8781.6,0.7574,mixed
6859,19,285,7062.2,9180.8,0.733,mixed
6860,20,285,6517.9,8473.2,0.7071,mixed
6861,21,285,6557.9,8525.2,0.6811,mixed
6862,22,285,6745.3,8768.9,0.6565,mixed
6863,23,285,6391.3,8308.7,0.6341,mixed
6864,0,286,6289.2,8176.0,0.567,mixed
6865,1,286,6432.4,8362.1,0.5748,mixed
6866,2,286,6502.1,8452.8,0.5851,mixed
6867,3,286,6283.2,8168.2,0.5982,mixed
6868,4,286,6563.7,8532.8,0.6146,mixed
6869,5,286,6673.5,8675.5,0.6341,mixed
6870,6,286,6407.3,8329.5,0.6565,mixed
6871,7,286,6779.1,8812.9,0.6811,mixed
6872,8,286,6667.1,8667.2,0.7071,mixed
6873,9,286,6917.0,8992.1,0.733,mixed
6874,10,286,7115.6,9250.2,0.7574,mixed
6875,11,286,6990.8,9088.1,0.7786,mixed
6876,12,286,7271.3,9452.6,0.795,mixed
6877,13,286,7277.2,9460.4,0.8054,mixed
6878,14,286,7313.2,9507.2,0.809,mixed
6879,15,286,7194.6,9352.9,0.8054,mixed
6880,16,286,7311.0,9504.3,0.795,mixed
6881,17,286,7109.2,9242.0,0.7786,mixed
6882,18,286,6616.1,8601.0,0.7574,mixed
6883,19,286,6727.6,8745.9,0.733,mixed
6884,20,286,6770.4,8801.5,0.7071,mixed
6885,21,286,6718.1,8733.5,0.6811,mixed
6886,22,286,6733.2,8753.2,0.6565,mixed
6887,23,286,6434.9,8365.4,0.6341,mixed
6888,0,287,6801.9,8842.4,0.5743,mixed
6889,1,287,6428.6,8357.2,0.5854,mixed
6890,2,287,6491.0,8438.3,0.6001,mixed
6891,3,287,6417.3,8342.5,0.6189,mixed
6892,4,287,6419.8,8345.8,0.6423,mixed
6893,5,287,6677.3,8680.5,0.6701,mixed
6894,6,287,6804.3,8845.5,0.7021,mixed
6895,7,287,6886.3,8952.2,0.7373,mixed
6896,8,287,7363.9,9573.1,0.7744,mixed
6897,9,287,7099.7,9229.6,0.8115,mixed
6898,10,287,7212.5,9376.2,0.8463,mixed
6899,11,287,7501.0,9751.3,0.8765,mixed
6900,12,287,7354.4,9560.7,0.9,mixed
6901,13,287,7557.3,9824.5,0.9149,mixed
6902,14,287,7166.4,9316.3,0.92,mixed
6903,15,287,7153.4,9299.4,0.9149,mixed
6904,16,287,7419.4,9645.2,0.9,mixed
6905,17,287,7271.0,9452.3,0.8765,mixed
6906,18,287,7055.6,9172.3,0.8463,mixed
6907,19,287,7152.7,9298.6,0.8115,mixed
6908,20,287,7059.6,9177.4,0.7744,mixed
6909,21,287,6757.3,8784.5,0.7373,mixed
6910,22,287,6692.8,8700.7,0.7021,mixed
6911,23,287,6746.2,8770.1,0.6701,mixed
6912,0,288,6218.8,8084.4,0.5743,mixed
6913,1,288,6331.6,8231.1,0.5854,mixed
6914,2,288,6596.5,8575.5,0.6001,mixed
6915,3,288,6544.4,8507.7,0.6189,mixed
6916,4,288,6524.3,8481.6,0.6423,mixed
6917,5,288,6521.1,8477.4,0.6701,mixed
6918,6,288,6592.0,8569.6,0.7021,mixed
6919,7,288,6877.0,8940.2,0.7373,mixed
6920,8,288,7441.9,9674.5,0.7744,mixed
6921,9,288,7247.7,9421.9,0.8115,mixed
6922,10,288,6942.0,9024.6,0.8463,mixed
6923,11,288,7477.2,9720.4,0.8765,mixed
6924,12,288,7224.0,9391.2,0.9,mixed
6925,13,288,7435.9,9666.7,0.9149,mixed
6926,14,288,7320.7,9516.9,0.92,mixed
6927,15,288,7888.3,10254.8,0.9149,mixed
6928,16,288,7140.8,9283.1,0.9,mixed
6929,17,288,7390.8,9608.0,0.8765,mixed
6930,18,288,7082.5,9207.2,0.8463,mixed
6931,19,288,7284.6,9470.0,0.8115,mixed
6932,20,288,7077.3,9200.5,0.7744,mixed
6933,21,288,7164.2,9313.5,0.7373,mixed
6934,22,288,6945.1,9028.6,0.7021,mixed
6935,23,288,6563.2,8532.2,0.6701,mixed
6936,0,289,6976.5,9069.5,0.5743,mixed
6937,1,289,6555.9,8522.7,0.5854,mixed
6938,2,289,6385.3,8300.9,0.6001,mixed
6939,3,289,6589.5,8566.3,0.6189,mixed
6940,4,289,6744.4,8767.7,0.6423,mixed
6941,5,289,6821.9,8868.4,0.6701,mixed
6942,6,289,6899.8,8969.8,0.7021,mixed
6943,7,289,7104.5,9235.9,0.7373,mixed
6944,8,289,7198.3,9357.8,0.7744,mixed
6945,9,289,6945.5,9029.1,0.8115,mixed
6946,10,289,7688.4,9995.0,0.8463,mixed
6947,11,289,7754.4,10080.7,0.8765,mixed
6948,12,289,7570.0,9840.9,0.9,mixed
6949,13,289,7445.6,9679.3,0.9149,mixed
6950,14,289,7464.8,9704.2,0.92,mixed
6951,15,289,7364.8,9574.2,0.9149,mixed
6952,16,289,7349.2,9554.0,0.9,mixed
6953,17,289,6841.5,8894.0,0.8765,mixed
6954,18,289,7563.1,9832.0,0.8463,mixed
6955,19,289,7378.4,9592.0,0.8115,mixed
6956,20,289,6662.7,8661.5,0.7744,mixed
6957,21,289,7088.7,9215.3,0.7373,mixed
6958,22,289,6797.1,8836.2,0.7021,mixed
6959,23,289,6662.6,8661.4,0.6701,mixed
6960,0,290,6510.1,8463.2,0.5743,mixed
6961,1,290,6111.3,7944.7,0.5854,mixed
6962,2,290,6490.3,8437.4,0.6001,mixed
6963,3,290,6564.7,8534.1,0.6189,mixed
6964,4,290,6635.1,8625.6,0.6423,mixed
6965,5,290,6427.7,8356.0,0.6701,mixed
6966,6,290,6889.8,8956.7,0.7021,mixed
6967,7,290,7123.9,9261.0,0.7373,mixed
6968,8,290,7101.3,9231.7,0.7744,mixed
6969,9,290,7077.7,9201.0,0.8115,mixed
6970,10,290,7814.5,10158.8,0.8463,mixed
6971,11,290,7118.8,9254.4,0.8765,mixed
6972,12,290,7563.9,9833.0,0.9,mixed
6973,13,290,7491.3,9738.7,0.9149,mixed
6974,14,290,7902.2,10272.9,0.92,mixed
6975,15,290,7523.3,9780.3,0.9149,mixed
6976,16,290,7525.6,9783.3,0.9,mixed
6977,17,290,7433.0,9662.9,0.8765,mixed
6978,18,290,7001.5,9102.0,0.8463,mixed
6979,19,290,6940.9,9023.2,0.8115,mixed
6980,20,290,6957.5,9044.8,0.7744,mixed
6981,21,290,7102.6,9233.4,0.7373,mixed
6982,22,290,6846.2,8900.0,0.7021,mixed
6983,23,290,6661.1,8659.4,0.6701,mixed
6984,0,291,6679.4,8683.2,0.5743,mixed
6985,1,291,6065.0,7884.4,0.5854,mixed
6986,2,291,6240.1,8112.2,0.6001,mixed
6987,3,291,6058.6,7876.1,0.6189,mixed
6988,4,291,6859.0,8916.7,0.6423,mixed
6989,5,291,6683.2,8688.2,0.6701,mixed
6990,6,291,6995.7,9094.4,0.7021,mixed
6991,7,291,6881.7,8946.2,0.7373,mixed
6992,8,291,7230.9,9400.2,0.7744,mixed
6993,9,291,7099.6,9229.5,0.8115,mixed
6994,10,291,7320.0,9516.1,0.8463,mixed
6995,11,291,7379.8,9593.7,0.8765,mixed
6996,12,291,7467.2,9707.4,0.9,mixed
6997,13,291,7812.9,10156.7,0.9149,mixed
6998,14,291,7089.1,9215.9,0.92,mixed
6999,15,291,7421.7,9648.3,0.9149,mixed
7000,16,291,7436.2,9667.1,0.9,mixed
7001,17,291,7332.5,9532.2,0.8765,mixed
7002,18,291,7144.8,9288.3,0.8463,mixed
7003,19,291,7012.4,9116.1,0.8115,mixed
7004,20,291,7337.6,9538.8,0.7744,mixed
7005,21,291,6889.7,8956.6,0.7373,mixed
7006,22,291,7295.9,9484.6,0.7021,mixed
7007,23,291,6808.9,8851.6,0.6701,mixed
7008,0,292,6337.8,8239.2,0.567,mixed
7009,1,292,6523.0,8479.9,0.5748,mixed
7010,2,292,6468.5,8409.1,0.5851,mixed
7011,3,292,6748.2,8772.7,0.5982,mixed
7012,4,292,6307.1,8199.2,0.6146,mixed
7013,5,292,6238.2,8109.7,0.6341,mixed
7014,6,292,6733.9,8754.1,0.6565,mixed
7015,7,292,6904.6,8976.0,0.6811,mixed
7016,8,292,6872.0,8933.6,0.7071,mixed
7017,9,292,7030.4,9139.5,0.733,mixed
7018,10,292,7074.3,9196.5,0.7574,mixed
7019,11,292,6715.9,8730.6,0.7786,mixed
7020,12,292,7137.0,9278.1,0.795,mixed
7021,13,292,7389.4,9606.2,0.8054,mixed
7022,14,292,7156.0,9302.8,0.809,mixed
7023,15,292,6829.2,8878.0,0.8054,mixed
7024,16,292,7006.4,9108.4,0.795,mixed
7025,17,292,7145.4,9289.0,0.7786,mixed
7026,18,292,7339.6,9541.5,0.7574,mixed
7027,19,292,6486.9,8433.0,0.733,mixed
7028,20,292,6887.4,8953.6,0.7071,mixed
7029,21,292,6547.4,8511.6,0.6811,mixed
7030,22,292,6763.2,8792.2,0.6565,mixed
7031,23,292,6710.9,8724.1,0.6341,mixed
7032,0,293,6348.7,8253.3,0.567,mixed
7033,1,293,6538.2,8499.7,0.5748,mixed
7034,2,293,6667.9,8668.3,0.5851,mixed
7035,3,293,6455.0,8391.5,0.5982,mixed
7036,4,293,6273.9,8156.0,0.6146,mixed
7037,5,293,6876.6,8939.6,0.6341,mixed
7038,6,293,6827.4,8875.6,0.6565,mixed
7039,7,293,6849.6,8904.5,0.6811,mixed
7040,8,293,6672.3,8674.0,0.7071,mixed
7041,9,293,7095.1,9223.6,0.733,mixed
7042,10,293,7391.2,9608.6,0.7574,mixed
7043,11,293,7002.4,9103.2,0.7786,mixed
7044,12,293,7097.4,9226.6,0.795,mixed
7045,13,293,6881.4,8945.9,0.8054,mixed
7046,14,293,6965.6,9055.3,0.809,mixed
7047,15,293,6879.4,8943.3,0.8054,mixed
7048,16,293,7105.1,9236.6,0.795,mixed
7049,17,293,6956.2,9043.0,0.7786,mixed
7050,18,293,7042.4,9155.1,0.7574,mixed
7051,19,293,6707.0,8719.1,0.733,mixed
7052,20,293,6779.3,8813.1,0.7071,mixed
7053,21,293,6543.0,8506.0,0.6811,mixed
7054,22,293,6699.2,8709.0,0.6565,mixed
7055,23,293,6271.6,8153.1,0.6341,mixed
7056,0,294,6444.4,8377.8,0.5743,mixed
7057,1,294,6394.5,8312.9,0.5854,mixed
7058,2,294,6527.8,8486.1,0.6001,mixed
7059,3,294,6224.4,8091.8,0.6189,mixed
7060,4,294,6749.1,8773.8,0.6423,mixed
7061,5,294,6642.6,8635.4,0.6701,mixed
7062,6,294,6842.9,8895.8,0.7021,mixed
7063,7,294,6517.0,8472.1,0.7373,mixed
7064,8,294,6754.0,8780.2,0.7744,mixed
7065,9,294,7043.3,9156.3,0.8115,mixed
7066,10,294,7529.5,9788.4,0.8463,mixed
7067,11,294,7437.7,9669.0,0.8765,mixed
7068,12,294,7421.1,9647.5,0.9,mixed
7069,13,294,7230.8,9400.0,0.9149,mixed
7070,14,294,7205.0,9366.5,0.92,mixed
7071,15,294,7498.7,9748.3,0.9149,mixed
7072,16,294,7547.7,9812.0,0.9,mixed
7073,17,294,7367.8,9578.1,0.8765,mixed
7074,18,294,7602.0,9882.6,0.8463,mixed
7075,19,294,6980.8,9075.0,0.8115,mixed
7076,20,294,7053.3,9169.3,0.7744,mixed
7077,21,294,6553.6,8519.7,0.7373,mixed
7078,22,294,6841.7,8894.2,0.7021,mixed
7079,23,294,6998.1,9097.6,0.6701,mixed
7080,0,295,6214.8,8079.3,0.5743,mixed
7081,1,295,6611.4,8594.8,0.5854,mixed
7082,2,295,6773.2,8805.2,0.6001,mixed
7083,3,295,6413.6,8337.6,0.6189,mixed
7084,4,295,6711.8,8725.4,0.6423,mixed
7085,5,295,7020.3,9126.4,0.6701,mixed
7086,6,295,6845.6,8899.3,0.7021,mixed
7087,7,295,7067.3,9187.5,0.7373,mixed
7088,8,295,6642.2,8634.9,0.7744,mixed
7089,9,295,7254.4,9430.7,0.8115,mixed
7090,10,295,7343.3,9546.3,0.8463,mixed
7091,11,295,7030.6,9139.7,0.8765,mixed
7092,12,295,7178.5,9332.0,0.9,mixed
7093,13,295,7571.8,9843.3,0.9149,mixed
7094,14,295,7384.6,9600.0,0.92,mixed
7095,15,295,7685.1,9990.6,0.9149,mixed
7096,16,295,7461.2,9699.6,0.9,mixed
7097,17,295,7334.3,9534.6,0.8765,mixed
7098,18,295,7194.2,9352.4,0.8463,mixed
7099,19,295,7189.3,9346.0,0.8115,mixed
7100,20,295,7184.5,9339.9,0.7744,mixed
7101,21,295,7014.9,9119.4,0.7373,mixed
7102,22,295,6712.4,8726.1,0.7021,mixed
7103,23,295,6951.9,9037.5,0.6701,mixed
7104,0,296,6541.8,8504.4,0.5743,mixed
7105,1,296,6523.0,8479.9,0.5854,mixed
7106,2,296,6510.4,8463.5,0.6001,mixed
7107,3,296,6647.3,8641.5,0.6189,mixed
7108,4,296,6255.4,8132.0,0.6423,mixed
7109,5,296,6751.2,8776.6,0.6701,mixed
7110,6,296,7133.2,9273.1,0.7021,mixed
7111,7,296,6949.9,9034.9,0.7373,mixed
7112,8,296,7033.1,9143.1,0.7744,mixed
7113,9,296,6999.3,9099.1,0.8115,mixed
7114,10,296,7338.0,9539.4,0.8463,mixed
7115,11,296,7279.0,9462.7,0.8765,mixed
7116,12,296,7682.7,9987.5,0.9,mixed
7117,13,296,7244.3,9417.6,0.9149,mixed
7118,14,296,7351.2,9556.5,0.92,mixed
7119,15,296,7302.9,9493.8,0.9149,mixed
7120,16,296,7799.2,10138.9,0.9,mixed
7121,17,296,7280.2,9464.3,0.8765,mixed
7122,18,296,7112.2,9245.9,0.8463,mixed
7123,19,296,6679.7,8683.6,0.8115,mixed
7124,20,296,6823.7,8870.9,0.7744,mixed
7125,21,296,7013.7,9117.8,0.7373,mixed
7126,22,296,6905.5,8977.1,0.7021,mixed
7127,23,296,6571.7,8543.2,0.6701,mixed
7128,0,297,6300.6,8190.8,0.5743,mixed
7129,1,297,6808.3,8850.7,0.5854,mixed
7130,2,297,7017.7,9123.0,0.6001,mixed
7131,3,297,6775.0,8807.5,0.6189,mixed
7132,4,297,6928.7,9007.3,0.6423,mixed
7133,5,297,7058.9,9176.5,0.6701,mixed
7134,6,297,7250.3,9425.4,0.7021,mixed
7135,7,297,6841.8,8894.3,0.7373,mixed
7136,8,297,6830.7,8879.9,0.7744,mixed
7137,9,297,7518.7,9774.3,0.8115,mixed
7138,10,297,7021.9,9128.5,0.8463,mixed
7139,11,297,7095.9,9224.7,0.8765,mixed
7140,12,297,7169.3,9320.1,0.9,mixed
7141,13,297,7407.7,9630.0,0.9149,mixed
7142,14,297,7008.7,9111.3,0.92,mixed
7143,15,297,7117.3,9252.4,0.9149,mixed
7144,16,297,7254.3,9430.6,0.9,mixed
7145,17,297,7059.2,9176.9,0.8765,mixed
7146,18,297,7461.6,9700.1,0.8463,mixed
7147,19,297,7128.1,9266.5,0.8115,mixed
7148,20,297,7137.0,9278.1,0.7744,mixed
7149,21,297,7001.2,9101.5,0.7373,mixed
7150,22,297,6756.5,8783.4,0.7021,mixed
7151,23,297,6901.4,8971.8,0.6701,mixed
7152,0,298,6502.3,8453.0,0.5743,mixed
7153,1,298,6386.9,8302.9,0.5854,mixed
7154,2,298,6164.5,8013.9,0.6001,mixed
7155,3,298,6651.4,8646.8,0.6189,mixed
7156,4,298,6368.6,8279.2,0.6423,mixed
7157,5,298,6779.1,8812.9,0.6701,mixed
7158,6,298,6814.7,8859.2,0.7021,mixed
7159,7,298,6622.6,8609.3,0.7373,mixed
7160,8,298,7069.9,9190.9,0.7744,mixed
7161,9,298,7167.6,9317.9,0.8115,mixed
7162,10,298,7273.4,9455.4,0.8463,mixed
7163,11,298,7354.2,9560.4,0.8765,mixed
7164,12,298,7247.6,9421.9,0.9,mixed
7165,13,298,7569.0,9839.7,0.9149,mixed
7166,14,298,7298.6,9488.1,0.92,mixed
7167,15,298,7197.2,9356.4,0.9149,mixed
7168,16,298,7541.9,9804.5,0.9,mixed
7169,17,298,7527.6,9785.8,0.8765,mixed
7170,18,298,7362.6,9571.4,0.8463,mixed
7171,19,298,7082.4,9207.1,0.8115,mixed
7172,20,298,6607.4,8589.6,0.7744,mixed
7173,21,298,7211.2,9374.6,0.7373,mixed
7174,22,298,6399.9,8319.8,0.7021,mixed
7175,23,298,6820.5,8866.7,0.6701,mixed
7176,0,299,6798.1,8837.6,0.567,mixed
7177,1,299,6445.4,8379.0,0.5748,mixed
7178,2,299,6503.8,8454.9,0.5851,mixed
7179,3,299,6560.9,8529.1,0.5982,mixed
7180,4,299,6574.9,8547.4,0.6146,mixed
7181,5,299,7059.6,9177.5,0.6341,mixed
7182,6,299,6493.2,8441.2,0.6565,mixed
7183,7,299,6540.0,8502.0,0.6811,mixed
7184,8,299,6746.6,8770.6,0.7071,mixed
7185,9,299,7251.3,9426.7,0.733,mixed
7186,10,299,6844.0,8897.1,0.7574,mixed
7187,11,299,7118.7,9254.4,0.7786,mixed
7188,12,299,7304.7,9496.1,0.795,mixed
7189,13,299,7274.7,9457.1,0.8054,mixed
7190,14,299,7336.7,9537.8,0.809,mixed
7191,15,299,7411.0,9634.3,0.8054,mixed
7192,16,299,7142.8,9285.6,0.795,mixed
7193,17,299,6931.6,9011.1,0.7786,mixed
7194,18,299,6995.2,9093.8,0.7574,mixed
7195,19,299,6821.3,8867.7,0.733,mixed
7196,20,299,7329.0,9527.7,0.7071,mixed
7197,21,299,6628.1,8616.5,0.6811,mixed
7198,22,299,6758.3,8785.8,0.6565,mixed
7199,23,299,6297.6,8186.9,0.6341,mixed
7200,0,300,6418.9,8344.5,0.567,mixed
7201,1,300,6361.3,8269.8,0.5748,mixed
7202,2,300,6578.2,8551.6,0.5851,mixed
7203,3,300,6623.6,8610.7,0.5982,mixed
7204,4,300,6813.9,8858.1,0.6146,mixed
7205,5,300,6859.2,8916.9,0.6341,mixed
7206,6,300,6648.5,8643.0,0.6565,mixed
7207,7,300,6544.9,8508.4,0.6811,mixed
7208,8,300,6644.5,8637.9,0.7071,mixed
7209,9,300,6954.0,9040.2,0.733,mixed
7210,10,300,6997.4,9096.7,0.7574,mixed
7211,11,300,7082.4,9207.1,0.7786,mixed
7212,12,300,6963.7,9052.8,0.795,mixed
7213,13,300,7415.1,9639.6,0.8054,mixed
7214,14,300,6804.8,8846.2,0.809,mixed
7215,15,300,6982.7,9077.5,0.8054,mixed
7216,16,300,6848.6,8903.2,0.795,mixed
7217,17,300,6983.9,9079.1,0.7786,mixed
7218,18,300,7224.9,9392.4,0.7574,mixed
7219,19,300,6831.9,8881.4,0.733,mixed
7220,20,300,6834.3,8884.6,0.7071,mixed
7221,21,300,6870.0,8930.9,0.6811,mixed
7222,22,300,6594.7,8573.1,0.6565,mixed
7223,23,300,6670.3,8671.3,0.6341,mixed
7224,0,301,6463.5,8402.6,0.5743,mixed
7225,1,301,6229.7,8098.6,0.5854,mixed
7226,2,301,6402.1,8322.7,0.6001,mixed
7227,3,301,6618.7,8604.4,0.6189,mixed
7228,4,301,6873.7,8935.8,0.6423,mixed
7229,5,301,6960.3,9048.4,0.6701,mixed
7230,6,301,7226.0,9393.8,0.7021,mixed
7231,7,301,7004.9,9106.4,0.7373,mixed
7232,8,301,6928.6,9007.1,0.7744,mixed
7233,9,301,7113.0,9246.9,0.8115,mixed
7234,10,301,7206.4,9368.4,0.8463,mixed
7235,11,301,7232.3,9402.0,0.8765,mixed
7236,12,301,7477.3,9720.4,0.9,mixed
7237,13,301,7532.8,9792.7,0.9149,mixed
7238,14,301,7189.9,9346.9,0.92,mixed
7239,15,301,7679.8,9983.7,0.9149,mixed
7240,16,301,6985.0,9080.5,0.9,mixed
7241,17,301,7273.0,9454.9,0.8765,mixed
7242,18,301,7480.5,9724.6,0.8463,mixed
7243,19,301,7256.5,9433.5,0.8115,mixed
7244,20,301,6940.4,9022.6,0.7744,mixed
7245,21,301,7312.1,9505.8,0.7373,mixed
7246,22,301,6708.9,8721.6,0.7021,mixed
7247,23,301,6300.1,8190.2,0.6701,mixed
7248,0,302,6502.4,8453.1,0.5743,mixed
7249,1,302,6104.4,7935.7,0.5854,mixed
7250,2,302,6330.6,8229.8,0.6001,mixed
7251,3,302,6671.4,8672.8,0.6189,mixed
7252,4,302,6527.6,8485.8,0.6423,mixed
7253,5,302,6819.4,8865.2,0.6701,mixed
7254,6,302,6562.4,8531.2,0.7021,mixed
7255,7,302,7082.2,9206.8,0.7373,mixed
7256,8,302,6659.7,8657.6,0.7744,mixed
7257,9,302,7408.6,9631.2,0.8115,mixed
7258,10,302,7128.0,9266.4,0.8463,mixed
7259,11,302,7658.2,9955.7,0.8765,mixed
7260,12,302,7205.9,9367.7,0.9,mixed
7261,13,302,7866.4,10226.4,0.9149,mixed
7262,14,302,7238.2,9409.7,0.92,mixed
7263,15,302,7036.7,9147.8,0.9149,mixed
7264,16,302,7401.9,9622.4,0.9,mixed
7265,17,302,7592.9,9870.8,0.8765,mixed
7266,18,302,7402.7,9623.5,0.8463,mixed
7267,19,302,7375.3,9587.9,0.8115,mixed
7268,20,302,7186.1,9342.0,0.7744,mixed
7269,21,302,6734.4,8754.8,0.7373,mixed
7270,22,302,6955.0,9041.4,0.7021,mixed
7271,23,302,6721.3,8737.7,0.6701,mixed
7272,0,303,6278.7,8162.3,0.5743,mixed
7273,1,303,6483.2,8428.1,0.5854,mixed
7274,2,303,6481.6,8426.0,0.6001,mixed
7275,3,303,6827.3,8875.5,0.6189,mixed
7276,4,303,6516.8,8471.9,0.6423,mixed
7277,5,303,6589.7,8566.7,0.6701,mixed
7278,6,303,6656.1,8653.0,0.7021,mixed
7279,7,303,7297.2,9486.4,0.7373,mixed
7280,8,303,6880.3,8944.4,0.7744,mixed
7281,9,303,7404.0,9625.1,0.8115,mixed
7282,10,303,7007.4,9109.6,0.8463,mixed
7283,11,303,7433.2,9663.1,0.8765,mixed
7284,12,303,7450.5,9685.7,0.9,mixed
7285,13,303,7712.2,10025.8,0.9149,mixed
7286,14,303,7695.6,10004.3,0.92,mixed
7287,15,303,7455.3,9691.8,0.9149,mixed
7288,16,303,7273.2,9455.2,0.9,mixed
7289,17,303,7678.8,9982.5,0.8765,mixed
7290,18,303,7093.0,9220.8,0.8463,mixed
7291,19,303,6641.8,8634.4,0.8115,mixed
7292,20,303,6624.4,8611.7,0.7744,mixed
7293,21,303,6569.8,8540.8,0.7373,mixed
7294,22,303,6920.1,8996.2,0.7021,mixed
7295,23,303,7148.0,9292.3,0.6701,mixed
7296,0,304,6022.7,7829.5,0.5743,mixed
7297,1,304,6297.1,8186.2,0.5854,mixed
7298,2,304,6509.9,8462.8,0.6001,mixed
7299,3,304,6852.7,8908.5,0.6189,mixed
7300,4,304,6462.6,8401.4,0.6423,mixed
7301,5,304,6821.5,8867.9,0.6701,mixed
7302,6,304,6747.6,8771.9,0.7021,mixed
7303,7,304,7444.4,9677.7,0.7373,mixed
7304,8,304,7046.0,9159.8,0.7744,mixed
7305,9,304,7202.7,9363.6,0.8115,mixed
7306,10,304,7249.4,9424.2,0.8463,mixed
7307,11,304,7230.8,9400.0,0.8765,mixed
7308,12,304,7603.0,9883.9,0.9,mixed
7309,13,304,7178.4,9331.9,0.9149,mixed
7310,14,304,7004.7,9106.1,0.92,mixed
7311,15,304,7403.5,9624.5,0.9149,mixed
7312,16,304,7573.2,9845.1,0.9,mixed
7313,17,304,7194.3,9352.6,0.8765,mixed
7314,18,304,7271.6,9453.1,0.8463,mixed
7315,19,304,6865.7,8925.4,0.8115,mixed
7316,20,304,7239.2,9411.0,0.7744,mixed
7317,21,304,7039.4,9151.2,0.7373,mixed
7318,22,304,6802.7,8843.5,0.7021,mixed
7319,23,304,6736.6,8757.6,0.6701,mixed
7320,0,305,6147.1,7991.2,0.5743,mixed
7321,1,305,6187.5,8043.8,0.5854,mixed
7322,2,305,6468.8,8409.4,0.6001,mixed
7323,3,305,6650.0,8645.0,0.6189,mixed
7324,4,305,6731.2,8750.5,0.6423,mixed
7325,5,305,6629.7,8618.6,0.6701,mixed
7326,6,305,6950.7,9035.9,0.7021,mixed
7327,7,305,7198.6,9358.2,0.7373,mixed
7328,8,305,6996.9,9096.0,0.7744,mixed
7329,9,305,7192.9,9350.8,0.8115,mixed
7330,10,305,7186.0,9341.8,0.8463,mixed
7331,11,305,7294.1,9482.4,0.8765,mixed
7332,12,305,7429.9,9658.9,0.9,mixed
7333,13,305,7817.0,10162.1,0.9149,mixed
7334,14,305,7656.9,9954.0,0.92,mixed
7335,15,305,7621.1,9907.4,0.9149,mixed
7336,16,305,7291.7,9479.2,0.9,mixed
7337,17,305,7124.6,9262.0,0.8765,mixed
7338,18,305,7315.6,9510.3,0.8463,mixed
7339,19,305,7392.6,9610.4,0.8115,mixed
7340,20,305,7378.3,9591.8,0.7744,mixed
7341,21,305,6396.3,8315.2,0.7373,mixed
7342,22,305,7297.6,9486.9,0.7021,mixed
7343,23,305,6786.5,8822.5,0.6701,mixed
7344,0,306,6567.7,8538.0,0.567,mixed
7345,1,306,6081.7,7906.2,0.5748,mixed
7346,2,306,6401.6,8322.1,0.5851,mixed
7347,3,306,6647.2,8641.3,0.5982,mixed
7348,4,306,6305.7,8197.4,0.6146,mixed
7349,5,306,6023.1,7830.1,0.6341,mixed
7350,6,306,6728.8,8747.4,0.6565,mixed
7351,7,306,6725.7,8743.4,0.6811,mixed
7352,8,306,7108.2,9240.7,0.7071,mixed
7353,9,306,6858.3,8915.8,0.733,mixed
7354,10,306,6946.4,9030.3,0.7574,mixed
7355,11,306,7175.1,9327.6,0.7786,mixed
7356,12,306,7296.8,9485.8,0.795,mixed
7357,13,306,6957.4,9044.7,0.8054,mixed
7358,14,306,7321.0,9517.3,0.809,mixed
7359,15,306,6997.3,9096.5,0.8054,mixed
7360,16,306,7080.8,9205.1,0.795,mixed
7361,17,306,7169.4,9320.3,0.7786,mixed
7362,18,306,7141.1,9283.4,0.7574,mixed
7363,19,306,6957.2,9044.3,0.733,mixed
7364,20,306,6592.7,8570.5,0.7071,mixed
7365,21,306,6357.8,8265.1,0.6811,mixed
7366,22,306,6624.2,8611.4,0.6565,mixed
7367,23,306,6786.7,8822.7,0.6341,mixed
7368,0,307,6479.6,8423.5,0.567,mixed
7369,1,307,6463.2,8402.2,0.5748,mixed
7370,2,307,6446.1,8379.9,0.5851,mixed
7371,3,307,6547.2,8511.4,0.5982,mixed
7372,4,307,6341.1,8243.5,0.6146,mixed
7373,5,307,6748.9,8773.6,0.6341,mixed
7374,6,307,6830.9,8880.1,0.6565,mixed
7375,7,307,6663.9,8663.1,0.6811,mixed
7376,8,307,6902.9,8973.8,0.7071,mixed
7377,9,307,6536.5,8497.4,0.733,mixed
7378,10,307,7002.1,9102.7,0.7574,mixed
7379,11,307,6999.9,9099.9,0.7786,mixed
7380,12,307,7344.7,9548.1,0.795,mixed
7381,13,307,7066.2,9186.1,0.8054,mixed
7382,14,307,7304.8,9496.3,0.809,mixed
7383,15,307,7025.2,9132.7,0.8054,mixed
7384,16,307,6591.9,8569.5,0.795,mixed
7385,17,307,6980.5,9074.6,0.7786,mixed
7386,18,307,7005.6,9107.3,0.7574,mixed
7387,19,307,6922.6,8999.3,0.733,mixed
7388,20,307,6847.5,8901.8,0.7071,mixed
7389,21,307,6633.4,8623.4,0.6811,mixed
7390,22,307,6597.0,8576.2,0.6565,mixed
7391,23,307,6371.7,8283.2,0.6341,mixed
7392,0,308,6031.0,7840.3,0.5743,mixed
7393,1,308,6427.9,8356.2,0.5854,mixed
7394,2,308,6347.4,8251.6,0.6001,mixed
7395,3,308,6761.2,8789.6,0.6189,mixed
7396,4,308,6185.8,8041.5,0.6423,mixed
7397,5,308,6761.2,8789.5,0.6701,mixed
7398,6,308,7231.3,9400.7,0.7021,mixed
7399,7,308,6866.5,8926.4,0.7373,mixed
7400,8,308,7015.0,9119.5,0.7744,mixed
7401,9,308,7217.8,9383.2,0.8115,mixed
7402,10,308,7340.6,9542.7,0.8463,mixed
7403,11,308,7232.1,9401.8,0.8765,mixed
7404,12,308,7168.7,9319.3,0.9,mixed
7405,13,308,7582.6,9857.4,0.9149,mixed
7406,14,308,7025.7,9133.4,0.92,mixed
7407,15,308,7622.7,9909.5,0.9149,mixed
7408,16,308,7305.4,9497.1,0.9,mixed
7409,17,308,7322.6,9519.3,0.8765,mixed
7410,18,308,7117.1,9252.2,0.8463,mixed
7411,19,308,7432.6,9662.4,0.8115,mixed
7412,20,308,7068.0,9188.4,0.7744,mixed
7413,21,308,6837.7,8889.0,0.7373,mixed
7414,22,308,6727.3,8745.5,0.7021,mixed
7415,23,308,6672.9,8674.7,0.6701,mixed
7416,0,309,6876.6,8939.5,0.5743,mixed
7417,1,309,6193.7,8051.8,0.5854,mixed
7418,2,309,6703.4,8714.5,0.6001,mixed
7419,3,309,6660.7,8658.9,0.6189,mixed
7420,4,309,6924.9,9002.3,0.6423,mixed
7421,5,309,6829.2,8877.9,0.6701,mixed
7422,6,309,6799.3,8839.1,0.7021,mixed
7423,7,309,7115.6,9250.3,0.7373,mixed
7424,8,309,7063.9,9183.1,0.7744,mixed
7425,9,309,7288.1,9474.5,0.8115,mixed
7426,10,309,7541.0,9803.2,0.8463,mixed
7427,11,309,7342.2,9544.9,0.8765,mixed
7428,12,309,7298.2,9487.7,0.9,mixed
7429,13,309,7293.4,9481.4,0.9149,mixed
7430,14,309,7553.0,9818.9,0.92,mixed
7431,15,309,7241.1,9413.4,0.9149,mixed
7432,16,309,7314.7,9509.2,0.9,mixed
7433,17,309,7109.3,9242.2,0.8765,mixed
7434,18,309,7341.4,9543.8,0.8463,mixed
7435,19,309,6965.9,9055.6,0.8115,mixed
7436,20,309,6744.7,8768.2,0.7744,mixed
7437,21,309,6674.3,8676.5,0.7373,mixed
7438,22,309,6682.2,8686.8,0.7021,mixed
7439,23,309,6606.1,8587.9,0.6701,mixed
7440,0,310,6463.7,8402.8,0.5743,mixed
7441,1,310,6417.2,8342.4,0.5854,mixed
7442,2,310,6564.7,8534.1,0.6001,mixed
7443,3,310,6637.6,8628.9,0.6189,mixed
7444,4,310,6766.1,8796.0,0.6423,mixed
7445,5,310,6319.0,8214.8,0.6701,mixed
7446,6,310,6568.7,8539.4,0.7021,mixed
7447,7,310,7019.3,9125.1,0.7373,mixed
7448,8,310,7060.1,9178.1,0.7744,mixed
7449,9,310,7335.6,9536.2,0.8115,mixed
7450,10,310,6896.2,8965.0,0.8463,mixed
7451,11,310,7217.5,9382.8,0.8765,mixed
7452,12,310,7326.6,9524.6,0.9,mixed
7453,13,310,7474.2,9716.4,0.9149,mixed
7454,14,310,7460.3,9698.4,0.92,mixed
7455,15,310,7541.7,9804.1,0.9149,mixed
7456,16,310,7366.9,9577.0,0.9,mixed
7457,17,310,7623.3,9910.3,0.8765,mixed
7458,18,310,7598.0,9877.4,0.8463,mixed
7459,19,310,6887.7,8954.0,0.8115,mixed
7460,20,310,7025.1,9132.6,0.7744,mixed
7461,21,310,7069.6,9190.5,0.7373,mixed
7462,22,310,6918.0,8993.4,0.7021,mixed
7463,23,310,6620.7,8606.9,0.6701,mixed
7464,0,311,6464.3,8403.6,0.5743,mixed
7465,1,311,6142.1,7984.8,0.5854,mixed
7466,2,311,6488.8,8435.4,0.6001,mixed
7467,3,311,6262.2,8140.8,0.6189,mixed
7468,4,311,6720.0,8735.9,0.6423,mixed
7469,5,311,6478.3,8421.8,0.6701,mixed
7470,6,311,6831.9,8881.5,0.7021,mixed
7471,7,311,6970.5,9061.6,0.7373,mixed
7472,8,311,7031.5,9141.0,0.7744,mixed
7473,9,311,6991.6,9089.0,0.8115,mixed
7474,10,311,7185.5,9341.1,0.8463,mixed
7475,11,311,7581.3,9855.7,0.8765,mixed
7476,12,311,7298.2,9487.6,0.9,mixed
7477,13,311,7441.8,9674.3,0.9149,mixed
7478,14,311,7327.8,9526.2,0.92,mixed
7479,15,311,7664.7,9964.1,0.9149,mixed
7480,16,311,7409.6,9632.5,0.9,mixed
7481,17,311,7154.1,9300.3,0.8765,mixed
7482,18,311,7232.7,9402.5,0.8463,mixed
7483,19,311,7075.2,9197.7,0.8115,mixed
7484,20,311,7308.6,9501.2,0.7744,mixed
7485,21,311,6895.1,8963.6,0.7373,mixed
7486,22,311,6516.6,8471.6,0.7021,mixed
7487,23,311,6802.9,8843.8,0.6701,mixed
7488,0,312,6759.0,8786.7,0.5743,mixed
7489,1,312,6680.0,8684.0,0.5854,mixed
7490,2,312,6277.7,8161.0,0.6001,mixed
7491,3,312,6496.3,8445.2,0.6189,mixed
7492,4,312,6613.0,8596.9,0.6423,mixed
7493,5,312,6698.9,8708.6,0.6701,mixed
7494,6,312,6876.3,8939.2,0.7021,mixed
7495,7,312,6833.1,8883.0,0.7373,mixed
7496,8,312,6822.8,8869.7,0.7744,mixed
7497,9,312,7330.2,9529.2,0.8115,mixed
7498,10,312,6987.4,9083.6,0.8463,mixed
7499,11,312,7145.7,9289.4,0.8765,mixed
7500,12,312,7141.8,9284.3,0.9,mixed
7501,13,312,7573.6,9845.7,0.9149,mixed
7502,14,312,7476.1,9718.9,0.92,mixed
7503,15,312,7634.1,9924.4,0.9149,mixed
7504,16,312,7218.2,9383.6,0.9,mixed
7505,17,312,7046.6,9160.6,0.8765,mixed
7506,18,312,7134.8,9275.3,0.8463,mixed
7507,19,312,7087.7,9214.0,0.8115,mixed
7508,20,312,7059.6,9177.4,0.7744,mixed
7509,21,312,6555.9,8522.6,0.7373,mixed
7510,22,312,6896.3,8965.2,0.7021,mixed
7511,23,312,6522.9,8479.7,0.6701,mixed
7512,0,313,6269.2,8150.0,0.567,mixed
7513,1,313,6642.6,8635.3,0.5748,mixed
7514,2,313,6025.2,7832.7,0.5851,mixed
7515,3,313,6549.8,8514.7,0.5982,mixed
7516,4,313,6598.6,8578.1,0.6146,mixed
7517,5,313,6432.6,8362.3,0.6341,mixed
7518,6,313,6572.4,8544.1,0.6565,mixed
7519,7,313,6982.5,9077.2,0.6811,mixed
7520,8,313,7214.8,9379.3,0.7071,mixed
7521,9,313,7111.5,9244.9,0.733,mixed
7522,10,313,7358.5,9566.1,0.7574,mixed
7523,11,313,6882.2,8946.9,0.7786,mixed
7524,12,313,6741.8,8764.4,0.795,mixed
7525,13,313,7097.4,9226.6,0.8054,mixed
7526,14,313,7291.2,9478.6,0.809,mixed
7527,15,313,6713.1,8727.0,0.8054,mixed
7528,16,313,6880.6,8944.8,0.795,mixed
7529,17,313,6856.1,8912.9,0.7786,mixed
7530,18,313,7039.0,9150.7,0.7574,mixed
7531,19,313,6938.4,9020.0,0.733,mixed
7532,20,313,6655.1,8651.7,0.7071,mixed
7533,21,313,6772.1,8803.7,0.6811,mixed
7534,22,313,6433.0,8362.8,0.6565,mixed
7535,23,313,6510.2,8463.3,0.6341,mixed
7536,0,314,6150.8,7996.0,0.567,mixed
7537,1,314,6387.7,8304.0,0.5748,mixed
7538,2,314,6292.6,8180.4,0.5851,mixed
7539,3,314,6621.4,8607.8,0.5982,mixed
7540,4,314,6530.9,8490.2,0.6146,mixed
7541,5,314,6549.7,8514.6,0.6341,mixed
7542,6,314,7015.1,9119.6,0.6565,mixed
7543,7,314,6813.2,8857.1,0.6811,mixed
7544,8,314,6738.3,8759.8,0.7071,mixed
7545,9,314,6770.7,8801.9,0.733,mixed
7546,10,314,6717.7,8733.0,0.7574,mixed
7547,11,314,7014.1,9118.4,0.7786,mixed
7548,12,314,7142.6,9285.4,0.795,mixed
7549,13,314,6700.3,8710.4,0.8054,mixed
7550,14,314,6828.0,8876.4,0.809,mixed
7551,15,314,6998.5,9098.1,0.8054,mixed
7552,16,314,6844.2,8897.4,0.795,mixed
7553,17,314,7037.1,9148.3,0.7786,mixed
7554,18,314,7002.5,9103.3,0.7574,mixed
7555,19,314,6866.1,8925.9,0.733,mixed
7556,20,314,6926.0,9003.9,0.7071,mixed
7557,21,314,6617.5,8602.8,0.6811,mixed
7558,22,314,6652.6,8648.3,0.6565,mixed
7559,23,314,6396.1,8314.9,0.6341,mixed
7560,0,315,6470.0,8411.1,0.5743,mixed
7561,1,315,6463.1,8402.1,0.5854,mixed
7562,2,315,6259.1,8136.8,0.6001,mixed
7563,3,315,6518.6,8474.2,0.6189,mixed
7564,4,315,6611.6,8595.1,0.6423,mixed
7565,5,315,6759.2,8786.9,0.6701,mixed
7566,6,315,6863.5,8922.6,0.7021,mixed
7567,7,315,6755.0,8781.4,0.7373,mixed
7568,8,315,7176.3,9329.2,0.7744,mixed
7569,9,315,7238.5,9410.1,0.8115,mixed
7570,10,315,7073.9,9196.1,0.8463,mixed
7571,11,315,7070.9,9192.1,0.8765,mixed
7572,12,315,7248.6,9423.2,0.9,mixed
7573,13,315,7108.7,9241.3,0.9149,mixed
7574,14,315,7498.8,9748.5,0.92,mixed
7575,15,315,7701.1,10011.4,0.9149,mixed
7576,16,315,7707.6,10019.9,0.9,mixed
7577,17,315,7082.6,9207.4,0.8765,mixed
7578,18,315,7401.8,9622.4,0.8463,mixed
7579,19,315,7144.8,9288.2,0.8115,mixed
7580,20,315,6511.3,8464.7,0.7744,mixed
7581,21,315,6835.5,8886.1,0.7373,mixed
7582,22,315,6708.1,8720.6,0.7021,mixed
7583,23,315,6946.1,9030.0,0.6701,mixed
7584,0,316,6247.6,8121.9,0.5743,mixed
7585,1,316,6557.4,8524.6,0.5854,mixed
7586,2,316,6471.7,8413.2,0.6001,mixed
7587,3,316,6265.0,8144.5,0.6189,mixed
7588,4,316,6509.4,8462.3,0.6423,mixed
7589,5,316,7010.7,9113.8,0.6701,mixed
7590,6,316,6763.3,8792.3,0.7021,mixed
7591,7,316,7092.0,9219.6,0.7373,mixed
7592,8,316,7194.7,9353.1,0.7744,mixed
7593,9,316,7030.8,9140.1,0.8115,mixed
7594,10,316,6952.7,9038.5,0.8463,mixed
7595,11,316,7068.9,9189.5,0.8765,mixed
7596,12,316,7714.3,10028.5,0.9,mixed
7597,13,316,7470.9,9712.1,0.9149,mixed
7598,14,316,7064.7,9184.1,0.92,mixed
7599,15,316,7623.1,9910.0,0.9149,mixed
7600,16,316,6996.1,9094.9,0.9,mixed
7601,17,316,7140.4,9282.5,0.8765,mixed
7602,18,316,7248.8,9423.4,0.8463,mixed
7603,19,316,7665.6,9965.2,0.8115,mixed
7604,20,316,7187.3,9343.5,0.7744,mixed
7605,21,316,6804.4,8845.7,0.7373,mixed
7606,22,316,6804.4,8845.7,0.7021,mixed
7607,23,316,6887.6,8953.9,0.6701,mixed
7608,0,317,6688.9,8695.6,0.5743,mixed
7609,1,317,6400.6,8320.7,0.5854,mixed
7610,2,317,6449.9,8384.9,0.6001,mixed
7611,3,317,6386.0,8301.8,0.6189,mixed
7612,4,317,6751.2,8776.5,0.6423,mixed
7613,5,317,6909.0,8981.7,0.6701,mixed
7614,6,317,6403.2,8324.2,0.7021,mixed
7615,7,317,6822.1,8868.8,0.7373,mixed
7616,8,317,6760.2,8788.2,0.7744,mixed
7617,9,317,7159.0,9306.6,0.8115,mixed
7618,10,317,6962.6,9051.3,0.8463,mixed
7619,11,317,7031.9,9141.5,0.8765,mixed
7620,12,317,7641.5,9933.9,0.9,mixed
7621,13,317,7400.1,9620.1,0.9149,mixed
7622,14,317,7438.9,9670.6,0.92,mixed
7623,15,317,7533.3,9793.3,0.9149,mixed
7624,16,317,7607.6,9889.9,0.9,mixed
7625,17,317,7229.9,9398.9,0.8765,mixed
7626,18,317,7145.2,9288.7,0.8463,mixed
7627,19,317,7042.9,9155.7,0.8115,mixed
7628,20,317,7243.2,9416.1,0.7744,mixed
7629,21,317,6890.2,8957.3,0.7373,mixed
7630,22,317,6739.3,8761.1,0.7021,mixed
7631,23,317,6781.3,8815.7,0.6701,mixed
7632,0,318,6767.7,8798.0,0.5743,mixed
7633,1,318,6462.8,8401.7,0.5854,mixed
7634,2,318,6440.0,8372.1,0.6001,mixed
7635,3,318,6930.8,9010.1,0.6189,mixed
7636,4,318,6883.2,8948.1,0.6423,mixed
7637,5,318,6940.9,9023.2,0.6701,mixed
7638,6,318,6696.5,8705.5,0.7021,mixed
7639,7,318,6780.1,8814.1,0.7373,mixed
7640,8,318,6629.5,8618.4,0.7744,mixed
7641,9,318,7333.0,9532.9,0.8115,mixed
7642,10,318,7247.8,9422.2,0.8463,mixed
7643,11,318,6926.3,9004.2,0.8765,mixed
7644,12,318,7658.9,9956.5,0.9,mixed
7645,13,318,7361.7,9570.3,0.9149,mixed
7646,14,318,7404.4,9625.8,0.92,mixed
7647,15,318,7099.4,9229.3,0.9149,mixed
7648,16,318,7501.5,9751.9,0.9,mixed
7649,17,318,7432.1,9661.7,0.8765,mixed
7650,18,318,7220.7,9386.9,0.8463,mixed
7651,19,318,7037.3,9148.4,0.8115,mixed
7652,20,318,7568.3,9838.8,0.7744,mixed
7653,21,318,6655.1,8651.6,0.7373,mixed
7654,22,318,6651.5,8646.9,0.7021,mixed
7655,23,318,6845.1,8898.6,0.6701,mixed
7656,0,319,6220.0,8086.0,0.5743,mixed
7657,1,319,6237.9,8109.3,0.5854,mixed
7658,2,319,6712.9,8726.8,0.6001,mixed
7659,3,319,6668.0,8668.4,0.6189,mixed
7660,4,319,6715.2,8729.8,0.6423,mixed
7661,5,319,6739.2,8761.0,0.6701,mixed
7662,6,319,6657.5,8654.7,0.7021,mixed
7663,7,319,6852.0,8907.6,0.7373,mixed
7664,8,319,6998.9,9098.6,0.7744,mixed
7665,9,319,7307.6,9499.9,0.8115,mixed
7666,10,319,7323.5,9520.6,0.8463,mixed
7667,11,319,7118.1,9253.5,0.8765,mixed
7668,12,319,7567.4,9837.6,0.9,mixed
7669,13,319,7062.5,9181.3,0.9149,mixed
7670,14,319,7380.7,9594.9,0.92,mixed
7671,15,319,7182.2,9336.9,0.9149,mixed
7672,16,319,7202.2,9362.9,0.9,mixed
7673,17,319,7745.1,10068.6,0.8765,mixed
7674,18,319,6912.1,8985.7,0.8463,mixed
7675,19,319,6951.5,9037.0,0.8115,mixed
7676,20,319,7123.0,9259.9,0.7744,mixed
7677,21,319,6807.0,8849.1,0.7373,mixed
7678,22,319,6830.4,8879.5,0.7021,mixed
7679,23,319,6990.1,9087.2,0.6701,mixed
7680,0,320,6518.9,8474.6,0.567,mixed
7681,1,320,6326.4,8224.3,0.5748,mixed
7682,2,320,6421.6,8348.1,0.5851,mixed
7683,3,320,6590.3,8567.4,0.5982,mixed
7684,4,320,6660.6,8658.7,0.6146,mixed
7685,5,320,6598.7,8578.3,0.6341,mixed
7686,6,320,6733.8,8754.0,0.6565,mixed
7687,7,320,6808.8,8851.4,0.6811,mixed
7688,8,320,6794.7,8833.1,0.7071,mixed
7689,9,320,6766.2,8796.1,0.733,mixed
7690,10,320,7119.6,9255.5,0.7574,mixed
7691,11,320,7089.5,9216.4,0.7786,mixed
7692,12,320,6635.5,8626.1,0.795,mixed
7693,13,320,6932.5,9012.2,0.8054,mixed
7694,14,320,7016.6,9121.6,0.809,mixed
7695,15,320,7065.7,9185.4,0.8054,mixed
7696,16,320,7332.9,9532.8,0.795,mixed
7697,17,320,7703.2,10014.1,0.7786,mixed
7698,18,320,6450.7,8386.0,0.7574,mixed
7699,19,320,6954.3,9040.6,0.733,mixed
7700,20,320,6827.8,8876.1,0.7071,mixed
7701,21,320,6699.3,8709.0,0.6811,mixed
7702,22,320,6770.2,8801.3,0.6565,mixed
7703,23,320,6624.2,8611.5,0.6341,mixed
7704,0,321,6324.1,8221.3,0.567,mixed
7705,1,321,6422.2,8348.9,0.5748,mixed
7706,2,321,6555.1,8521.7,0.5851,mixed
7707,3,321,6576.8,8549.9,0.5982,mixed
7708,4,321,6573.0,8545.0,0.6146,mixed
7709,5,321,6479.1,8422.9,0.6341,mixed
7710,6,321,7225.2,9392.7,0.6565,mixed
7711,7,321,6808.4,8850.9,0.6811,mixed
7712,8,321,6969.4,9060.3,0.7071,mixed
7713,9,321,6786.4,8822.3,0.733,mixed
7714,10,321,7004.1,9105.3,0.7574,mixed
7715,11,321,7066.3,9186.2,0.7786,mixed
7716,12,321,6671.4,8672.8,0.795,mixed
7717,13,321,6955.8,9042.5,0.8054,mixed
7718,14,321,6962.3,9051.0,0.809,mixed
7719,15,321,6980.5,9074.7,0.8054,mixed
7720,16,321,6850.2,8905.2,0.795,mixed
7721,17,321,7037.3,9148.4,0.7786,mixed
7722,18,321,7256.4,9433.4,0.7574,mixed
7723,19,321,6918.4,8993.9,0.733,mixed
7724,20,321,6572.1,8543.8,0.7071,mixed
7725,21,321,6527.4,8485.6,0.6811,mixed
7726,22,321,6586.4,8562.3,0.6565,mixed
7727,23,321,6314.5,8208.9,0.6341,mixed
7728,0,322,6473.9,8416.0,0.5743,mixed
7729,1,322,6710.2,8723.3,0.5854,mixed
7730,2,322,6380.4,8294.5,0.6001,mixed
7731,3,322,6564.0,8533.2,0.6189,mixed
7732,4,322,6533.9,8494.1,0.6423,mixed
7733,5,322,6576.1,8548.9,0.6701,mixed
7734,6,322,6837.3,8888.5,0.7021,mixed
7735,7,322,6766.9,8797.0,0.7373,mixed
7736,8,322,6845.4,8899.0,0.7744,mixed
7737,9,322,6780.5,8814.6,0.8115,mixed
7738,10,322,7245.1,9418.7,0.8463,mixed
7739,11,322,7556.3,9823.1,0.8765,mixed
7740,12,322,7549.2,9813.9,0.9,mixed
7741,13,322,7769.9,10100.8,0.9149,mixed
7742,14,322,7301.5,9492.0,0.92,mixed
7743,15,322,7626.8,9914.9,0.9149,mixed
7744,16,322,7147.8,9292.1,0.9,mixed
7745,17,322,7477.7,9721.0,0.8765,mixed
7746,18,322,7587.8,9864.1,0.8463,mixed
7747,19,322,7233.2,9403.2,0.8115,mixed
7748,20,322,7365.3,9574.9,0.7744,mixed
7749,21,322,6780.3,8814.4,0.7373,mixed
7750,22,322,6771.3,8802.6,0.7021,mixed
7751,23,322,6518.5,8474.1,0.6701,mixed
7752,0,323,6422.0,8348.6,0.5743,mixed
7753,1,323,6500.6,8450.8,0.5854,mixed
7754,2,323,6497.6,8446.9,0.6001,mixed
7755,3,323,6455.9,8392.7,0.6189,mixed
7756,4,323,6521.6,8478.1,0.6423,mixed
7757,5,323,6772.1,8803.7,0.6701,mixed
7758,6,323,6766.2,8796.0,0.7021,mixed
7759,7,323,6665.8,8665.5,0.7373,mixed
7760,8,323,6616.2,8601.1,0.7744,mixed
7761,9,323,6999.4,9099.2,0.8115,mixed
7762,10,323,6931.3,9010.6,0.8463,mixed
7763,11,323,7138.3,9279.8,0.8765,mixed
7764,12,323,7298.4,9488.0,0.9,mixed
7765,13,323,7404.4,9625.7,0.9149,mixed
7766,14,323,7303.4,9494.4,0.92,mixed
7767,15,323,7925.9,10303.6,0.9149,mixed
7768,16,323,7112.6,9246.4,0.9,mixed
7769,17,323,7587.5,9863.7,0.8765,mixed
7770,18,323,7195.9,9354.6,0.8463,mixed
7771,19,323,6986.1,9081.9,0.8115,mixed
7772,20,323,7139.2,9281.0,0.7744,mixed
7773,21,323,6810.5,8853.7,0.7373,mixed
7774,22,323,6634.1,8624.3,0.7021,mixed
7775,23,323,7062.6,9181.3,0.6701,mixed
7776,0,324,5992.9,7790.8,0.5743,mixed
7777,1,324,6401.1,8321.4,0.5854,mixed
7778,2,324,6529.6,8488.4,0.6001,mixed
7779,3,324,6825.7,8873.4,0.6189,mixed
7780,4,324,6540.0,8502.0,0.6423,mixed
7781,5,324,7237.7,9409.1,0.6701,mixed
7782,6,324,6953.5,9039.5,0.7021,mixed
7783,7,324,6414.0,8338.2,0.7373,mixed
7784,8,324,6709.6,8722.5,0.7744,mixed
7785,9,324,7177.3,9330.5,0.8115,mixed
7786,10,324,6983.0,9077.9,0.8463,mixed
7787,11,324,7442.2,9674.9,0.8765,mixed
7788,12,324,7291.7,9479.2,0.9,mixed
7789,13,324,7170.2,9321.2,0.9149,mixed
7790,14,324,7236.7,9407.7,0.92,mixed
7791,15,324,7627.1,9915.2,0.9149,mixed
7792,16,324,6943.7,9026.8,0.9,mixed
7793,17,324,7551.5,9816.9,0.8765,mixed
7794,18,324,7464.2,9703.5,0.8463,mixed
7795,19,324,7055.8,9172.6,0.8115,mixed
7796,20,324,6720.0,8736.0,0.7744,mixed
7797,21,324,7019.5,9125.3,0.7373,mixed
7798,22,324,6699.4,8709.3,0.7021,mixed
7799,23,324,6398.0,8317.4,0.6701,mixed
7800,0,325,6782.7,8817.5,0.5743,mixed
7801,1,325,6277.4,8160.6,0.5854,mixed
7802,2,325,6205.8,8067.5,0.6001,mixed
7803,3,325,6605.1,8586.6,0.6189,mixed
7804,4,325,6605.6,8587.3,0.6423,mixed
7805,5,325,7001.5,9102.0,0.6701,mixed
7806,6,325,6721.0,8737.3,0.7021,mixed
7807,7,325,6827.7,8876.0,0.7373,mixed
7808,8,325,7086.1,9211.9,0.7744,mixed
7809,9,325,7169.3,9320.1,0.8115,mixed
7810,10,325,7281.0,9465.3,0.8463,mixed
7811,11,325,7381.6,9596.1,0.8765,mixed
7812,12,325,7428.8,9657.5,0.9,mixed
7813,13,325,7344.1,9547.3,0.9149,mixed
7814,14,325,7638.5,9930.0,0.92,mixed
7815,15,325,7356.7,9563.7,0.9149,mixed
7816,16,325,7570.7,9841.9,0.9,mixed
7817,17,325,7626.7,9914.7,0.8765,mixed
7818,18,325,7084.1,9209.4,0.8463,mixed
7819,19,325,7640.8,9933.0,0.8115,mixed
7820,20,325,6865.6,8925.2,0.7744,mixed
7821,21,325,6758.2,8785.7,0.7373,mixed
7822,22,325,6908.8,8981.4,0.7021,mixed
7823,23,325,6791.5,8828.9,0.6701,mixed
7824,0,326,6429.1,8357.8,0.5743,mixed
7825,1,326,6606.8,8588.8,0.5854,mixed
7826,2,326,6541.7,8504.3,0.6001,mixed
7827,3,326,6954.9,9041.4,0.6189,mixed
7828,4,326,6608.5,8591.1,0.6423,mixed
7829,5,326,6530.9,8490.1,0.6701,mixed
7830,6,326,6686.1,8692.0,0.7021,mixed
7831,7,326,7002.0,9102.6,0.7373,mixed
7832,8,326,7117.8,9253.2,0.7744,mixed
7833,9,326,7170.8,9322.1,0.8115,mixed
7834,10,326,7046.8,9160.9,0.8463,mixed
7835,11,326,7565.4,9835.0,0.8765,mixed
7836,12,326,7821.9,10168.5,0.9,mixed
7837,13,326,7443.5,9676.6,0.9149,mixed
7838,14,326,7857.1,10214.2,0.92,mixed
7839,15,326,7630.3,9919.3,0.9149,mixed
7840,16,326,7884.4,10249.7,0.9,mixed
7841,17,326,7425.7,9653.4,0.8765,mixed
7842,18,326,7260.8,9439.0,0.8463,mixed
7843,19,326,7306.8,9498.8,0.8115,mixed
7844,20,326,6924.3,9001.6,0.7744,mixed
7845,21,326,6988.7,9085.3,0.7373,mixed
7846,22,326,7070.1,9191.1,0.7021,mixed
7847,23,326,6867.5,8927.7,0.6701,mixed
7848,0,327,6387.4,8303.7,0.567,mixed
7849,1,327,6455.2,8391.8,0.5748,mixed
7850,2,327,6594.0,8572.2,0.5851,mixed
7851,3,327,6628.0,8616.4,0.5982,mixed
7852,4,327,6683.1,8688.1,0.6146,mixed
7853,5,327,6661.7,8660.2,0.6341,mixed
7854,6,327,6497.0,8446.0,0.6565,mixed
7855,7,327,6601.3,8581.7,0.6811,mixed
7856,8,327,6907.8,8980.2,0.7071,mixed
7857,9,327,7063.3,9182.3,0.733,mixed
7858,10,327,7111.1,9244.5,0.7574,mixed
7859,11,327,6885.6,8951.3,0.7786,mixed
7860,12,327,7045.2,9158.8,0.795,mixed
7861,13,327,6858.2,8915.6,0.8054,mixed
7862,14,327,6822.1,8868.8,0.809,mixed
7863,15,327,7126.0,9263.8,0.8054,mixed
7864,16,327,7365.7,9575.4,0.795,mixed
7865,17,327,7049.1,9163.8,0.7786,mixed
7866,18,327,7363.2,9572.1,0.7574,mixed
7867,19,327,6857.4,8914.7,0.733,mixed
7868,20,327,6820.0,8866.0,0.7071,mixed
7869,21,327,6535.5,8496.1,0.6811,mixed
7870,22,327,6592.3,8570.0,0.6565,mixed
7871,23,327,6359.1,8266.9,0.6341,mixed
7872,0,328,6097.0,7926.1,0.567,mixed
7873,1,328,6190.8,8048.1,0.5748,mixed
7874,2,328,6464.0,8403.1,0.5851,mixed
7875,3,328,6343.7,8246.8,0.5982,mixed
7876,4,328,6438.0,8369.5,0.6146,mixed
7877,5,328,6675.7,8678.3,0.6341,mixed
7878,6,328,6352.2,8257.9,0.6565,mixed
7879,7,328,6752.1,8777.7,0.6811,mixed
7880,8,328,6986.9,9083.0,0.7071,mixed
7881,9,328,7084.6,9210.0,0.733,mixed
7882,10,328,7072.4,9194.1,0.7574,mixed
7883,11,328,7017.0,9122.1,0.7786,mixed
7884,12,328,6944.9,9028.4,0.795,mixed
7885,13,328,7091.0,9218.3,0.8054,mixed
7886,14,328,7472.5,9714.2,0.809,mixed
7887,15,328,7166.8,9316.9,0.8054,mixed
7888,16,328,7054.6,9171.0,0.795,mixed
7889,17,328,7146.9,9290.9,0.7786,mixed
7890,18,328,6974.9,9067.3,0.7574,mixed
7891,19,328,6938.1,9019.5,0.733,mixed
7892,20,328,6763.2,8792.1,0.7071,mixed
7893,21,328,6651.9,8647.4,0.6811,mixed
7894,22,328,6860.8,8919.0,0.6565,mixed
7895,23,328,6208.7,8071.3,0.6341,mixed
7896,0,329,6507.4,8459.6,0.5743,mixed
7897,1,329,6356.2,8263.1,0.5854,mixed
7898,2,329,6121.4,7957.9,0.6001,mixed
7899,3,329,6357.6,8264.9,0.6189,mixed
7900,4,329,6611.9,8595.5,0.6423,mixed
7901,5,329,6723.1,8740.0,0.6701,mixed
7902,6,329,6949.6,9034.4,0.7021,mixed
7903,7,329,7071.7,9193.2,0.7373,mixed
7904,8,329,6690.0,8697.0,0.7744,mixed
7905,9,329,7207.4,9369.6,0.8115,mixed
7906,10,329,7389.2,9605.9,0.8463,mixed
7907,11,329,7370.0,9581.0,0.8765,mixed
7908,12,329,7503.7,9754.9,0.9,mixed
7909,13,329,7005.8,9107.6,0.9149,mixed
7910,14,329,7230.9,9400.2,0.92,mixed
7911,15,329,7741.8,10064.3,0.9149,mixed
7912,16,329,7330.3,9529.4,0.9,mixed
7913,17,329,7810.2,10153.3,0.8765,mixed
7914,18,329,6953.8,9039.9,0.8463,mixed
7915,19,329,7461.0,9699.3,0.8115,mixed
7916,20,329,6887.0,8953.1,0.7744,mixed
7917,21,329,7083.0,9207.9,0.7373,mixed
7918,22,329,6738.4,8759.9,0.7021,mixed
7919,23,329,6725.9,8743.7,0.6701,mixed
7920,0,330,6529.9,8488.8,0.5743,mixed
7921,1,330,6329.8,8228.7,0.5854,mixed
7922,2,330,6648.6,8643.1,0.6001,mixed
7923,3,330,6496.8,8445.9,0.6189,mixed
7924,4,330,6654.4,8650.8,0.6423,mixed
7925,5,330,6170.8,8022.0,0.6701,mixed
7926,6,330,6729.8,8748.8,0.7021,mixed
7927,7,330,7166.1,9315.9,0.7373,mixed
7928,8,330,7161.8,9310.3,0.7744,mixed
7929,9,330,7316.2,9511.1,0.8115,mixed
7930,10,330,7242.7,9415.5,0.8463,mixed
7931,11,330,7690.1,9997.1,0.8765,mixed
7932,12,330,7456.3,9693.2,0.9,mixed
7933,13,330,7289.7,9476.6,0.9149,mixed
7934,14,330,7643.5,9936.5,0.92,mixed
7935,15,330,7642.8,9935.7,0.9149,mixed
7936,16,330,7531.9,9791.5,0.9,mixed
7937,17,330,7233.4,9403.4,0.8765,mixed
7938,18,330,7292.2,9479.8,0.8463,mixed
7939,19,330,7424.6,9652.0,0.8115,mixed
7940,20,330,7116.1,9250.9,0.7744,mixed
7941,21,330,6598.3,8577.7,0.7373,mixed
7942,22,330,6670.4,8671.5,0.7021,mixed
7943,23,330,6566.9,8537.0,0.6701,mixed
7944,0,331,6270.1,8151.1,0.5743,mixed
7945,1,331,6040.0,7852.0,0.5854,mixed
7946,2,331,6860.8,8919.0,0.6001,mixed
7947,3,331,6376.9,8290.0,0.6189,mixed
7948,4,331,6459.4,8397.3,0.6423,mixed
7949,5,331,6312.2,8205.9,0.6701,mixed
7950,6,331,6975.4,9068.0,0.7021,mixed
7951,7,331,6885.5,8951.2,0.7373,mixed
7952,8,331,6941.7,9024.2,0.7744,mixed
7953,9,331,7063.0,9181.9,0.8115,mixed
7954,10,331,7358.6,9566.2,0.8463,mixed
7955,11,331,7216.4,9381.4,0.8765,mixed
7956,12,331,6951.2,9036.6,0.9,mixed
7957,13,331,7148.8,9293.5,0.9149,mixed
7958,14,331,7151.9,9297.5,0.92,mixed
7959,15,331,7498.4,9748.0,0.9149,mixed
7960,16,331,7598.6,9878.1,0.9,mixed
7961,17,331,7643.9,9937.0,0.8765,mixed
7962,18,331,6876.5,8939.4,0.8463,mixed
7963,19,331,7259.3,9437.1,0.8115,mixed
7964,20,331,6886.1,8951.9,0.7744,mixed
7965,21,331,7509.9,9762.8,0.7373,mixed
7966,22,331,7080.8,9205.1,0.7021,mixed
7967,23,331,7044.9,9158.4,0.6701,mixed
7968,0,332,6569.7,8540.6,0.5743,mixed
7969,1,332,6522.3,8479.0,0.5854,mixed
7970,2,332,6414.1,8338.4,0.6001,mixed
7971,3,332,6431.3,8360.7,0.6189,mixed
7972,4,332,6460.2,8398.3,0.6423,mixed
7973,5,332,6826.9,8874.9,0.6701,mixed
7974,6,332,7116.9,9252.0,0.7021,mixed
7975,7,332,6830.4,8879.6,0.7373,mixed
7976,8,332,6863.5,8922.6,0.7744,mixed
7977,9,332,6809.5,8852.4,0.8115,mixed
7978,10,332,7284.2,9469.5,0.8463,mixed
7979,11,332,7591.9,9869.5,0.8765,mixed
7980,12,332,7676.0,9978.9,0.9,mixed
7981,13,332,7744.5,10067.9,0.9149,mixed
7982,14,332,7545.2,9808.7,0.92,mixed
7983,15,332,7457.1,9694.3,0.9149,mixed
7984,16,332,7676.7,9979.7,0.9,mixed
7985,17,332,7078.0,9201.5,0.8765,mixed
7986,18,332,7135.5,9276.1,0.8463,mixed
7987,19,332,7492.5,9740.2,0.8115,mixed
7988,20,332,6789.4,8826.2,0.7744,mixed
7989,21,332,6897.2,8966.4,0.7373,mixed
7990,22,332,6927.4,9005.6,0.7021,mixed
7991,23,332,6719.3,8735.1,0.6701,mixed
7992,0,333,6636.5,8627.4,0.5743,mixed
7993,1,333,6743.6,8766.7,0.5854,mixed
7994,2,333,6586.0,8561.7,0.6001,mixed
7995,3,333,6822.2,8868.8,0.6189,mixed
7996,4,333,6434.7,8365.1,0.6423,mixed
7997,5,333,6671.0,8672.3,0.6701,mixed
7998,6,333,7289.2,9476.0,0.7021,mixed
7999,7,333,7306.8,9498.8,0.7373,mixed
8000,8,333,6746.8,8770.8,0.7744,mixed
8001,9,333,7124.0,9261.1,0.8115,mixed
8002,10,333,7260.6,9438.8,0.8463,mixed
8003,11,333,7413.4,9637.4,0.8765,mixed
8004,12,333,7674.9,9977.3,0.9,mixed
8005,13,333,7847.3,10201.5,0.9149,mixed
8006,14,333,7460.7,9698.9,0.92,mixed
8007,15,333,7687.3,9993.5,0.9149,mixed
8008,16,333,7536.1,9796.9,0.9,mixed
8009,17,333,7317.2,9512.4,0.8765,mixed
8010,18,333,6862.7,8921.6,0.8463,mixed
8011,19,333,7344.4,9547.8,0.8115,mixed
8012,20,333,7142.9,9285.8,0.7744,mixed
8013,21,333,6985.0,9080.5,0.7373,mixed
8014,22,333,6598.5,8578.1,0.7021,mixed
8015,23,333,7096.6,9225.6,0.6701,mixed
8016,0,334,6422.6,8349.4,0.567,mixed
8017,1,334,6196.9,8056.0,0.5748,mixed
8018,2,334,6195.6,8054.2,0.5851,mixed
8019,3,334,6618.9,8604.5,0.5982,mixed
8020,4,334,6674.7,8677.2,0.6146,mixed
8021,5,334,6503.0,8453.9,0.6341,mixed
8022,6,334,6754.2,8780.5,0.6565,mixed
8023,7,334,6870.6,8931.8,0.6811,mixed
8024,8,334,6842.2,8894.8,0.7071,mixed
8025,9,334,6746.4,8770.3,0.733,mixed
8026,10,334,7165.3,9314.9,0.7574,mixed
8027,11,334,7204.6,9366.0,0.7786,mixed
8028,12,334,7197.8,9357.2,0.795,mixed
8029,13,334,6930.8,9010.0,0.8054,mixed
8030,14,334,6835.0,8885.5,0.809,mixed
8031,15,334,7124.9,9262.4,0.8054,mixed
8032,16,334,7274.7,9457.1,0.795,mixed
8033,17,334,7247.4,9421.6,0.7786,mixed
8034,18,334,7086.6,9212.6,0.7574,mixed
8035,19,334,6798.2,8837.7,0.733,mixed
8036,20,334,6649.2,8644.0,0.7071,mixed
8037,21,334,6732.3,8752.0,0.6811,mixed
8038,22,334,6660.3,8658.3,0.6565,mixed
8039,23,334,6813.6,8857.7,0.6341,mixed
8040,0,335,6301.4,8191.8,0.567,mixed
8041,1,335,6340.3,8242.3,0.5748,mixed
8042,2,335,6844.9,8898.4,0.5851,mixed
8043,3,335,6788.9,8825.6,0.5982,mixed
8044,4,335,6363.0,8271.8,0.6146,mixed
8045,5,335,6885.1,8950.7,0.6341,mixed
8046,6,335,6437.5,8368.8,0.6565,mixed
8047,7,335,6648.0,8642.4,0.6811,mixed
8048,8,335,6748.1,8772.6,0.7071,mixed
8049,9,335,6875.3,8937.9,0.733,mixed
8050,10,335,7094.0,9222.2,0.7574,mixed
8051,11,335,7050.5,9165.6,0.7786,mixed
8052,12,335,7207.8,9370.2,0.795,mixed
8053,13,335,7022.9,9129.8,0.8054,mixed
8054,14,335,7199.2,9359.0,0.809,mixed
8055,15,335,7125.4,9263.1,0.8054,mixed
8056,16,335,6782.5,8817.3,0.795,mixed
8057,17,335,7129.8,9268.8,0.7786,mixed
8058,18,335,6984.5,9079.9,0.7574,mixed
8059,19,335,6743.8,8766.9,0.733,mixed
8060,20,335,6726.7,8744.8,0.7071,mixed
8061,21,335,6654.8,8651.3,0.6811,mixed
8062,22,335,6612.8,8596.6,0.6565,mixed
8063,23,335,6942.5,9025.3,0.6341,mixed
8064,0,336,6817.6,8862.8,0.5743,mixed
8065,1,336,5921.1,7697.4,0.5854,mixed
8066,2,336,6587.6,8563.9,0.6001,mixed
8067,3,336,6736.7,8757.7,0.6189,mixed
8068,4,336,6576.2,8549.0,0.6423,mixed
8069,5,336,6889.3,8956.1,0.6701,mixed
8070,6,336,7136.0,9276.8,0.7021,mixed
8071,7,336,6620.2,8606.2,0.7373,mixed
8072,8,336,7043.7,9156.8,0.7744,mixed
8073,9,336,7545.0,9808.6,0.8115,mixed
8074,10,336,6962.6,9051.4,0.8463,mixed
8075,11,336,7296.6,9485.5,0.8765,mixed
8076,12,336,7292.9,9480.7,0.9,mixed
8077,13,336,7671.7,9973.2,0.9149,mixed
8078,14,336,7718.6,10034.2,0.92,mixed
8079,15,336,7473.2,9715.2,0.9149,mixed
8080,16,336,7399.5,9619.3,0.9,mixed
8081,17,336,6944.3,9027.5,0.8765,mixed
8082,18,336,7539.8,9801.8,0.8463,mixed
8083,19,336,7051.2,9166.5,0.8115,mixed
8084,20,336,6985.6,9081.3,0.7744,mixed
8085,21,336,7105.6,9237.3,0.7373,mixed
8086,22,336,6838.9,8890.6,0.7021,mixed
8087,23,336,6904.5,8975.9,0.6701,mixed
8088,0,337,6531.4,8490.8,0.5743,mixed
8089,1,337,6487.9,8434.3,0.5854,mixed
8090,2,337,6553.0,8518.9,0.6001,mixed
8091,3,337,6328.5,8227.0,0.6189,mixed
8092,4,337,6589.5,8566.4,0.6423,mixed
8093,5,337,6920.7,8996.8,0.6701,mixed
8094,6,337,6615.4,8600.0,0.7021,mixed
8095,7,337,6756.2,8783.0,0.7373,mixed
8096,8,337,6830.4,8879.6,0.7744,mixed
8097,9,337,7159.5,9307.3,0.8115,mixed
8098,10,337,7535.4,9796.0,0.8463,mixed
8099,11,337,7442.1,9674.7,0.8765,mixed
8100,12,337,6909.5,8982.4,0.9,mixed
8101,13,337,7581.7,9856.2,0.9149,mixed
8102,14,337,7353.5,9559.5,0.92,mixed
8103,15,337,7550.6,9815.8,0.9149,mixed
8104,16,337,7359.2,9566.9,0.9,mixed
8105,17,337,7132.9,9272.7,0.8765,mixed
8106,18,337,7215.6,9380.3,0.8463,mixed
8107,19,337,7032.3,9142.0,0.8115,mixed
8108,20,337,7080.3,9204.4,0.7744,mixed
8109,21,337,6720.8,8737.1,0.7373,mixed
8110,22,337,6569.2,8540.0,0.7021,mixed
8111,23,337,6849.9,8904.8,0.6701,mixed
8112,0,338,6628.7,8617.3,0.5743,mixed
8113,1,338,6560.7,8528.9,0.5854,mixed
8114,2,338,6366.2,8276.0,0.6001,mixed
8115,3,338,6403.7,8324.8,0.6189,mixed
8116,4,338,6483.6,8428.6,0.6423,mixed
8117,5,338,6881.7,8946.2,0.6701,mixed
8118,6,338,6630.4,8619.5,0.7021,mixed
8119,7,338,7087.5,9213.7,0.7373,mixed
8120,8,338,7149.6,9294.5,0.7744,mixed
8121,9,338,7391.3,9608.7,0.8115,mixed
8122,10,338,7461.8,9700.3,0.8463,mixed
8123,11,338,7441.1,9673.4,0.8765,mixed
8124,12,338,7066.6,9186.6,0.9,mixed
8125,13,338,7573.1,9845.1,0.9149,mixed
8126,14,338,7478.1,9721.6,0.92,mixed
8127,15,338,7353.7,9559.8,0.9149,mixed
8128,16,338,7694.4,10002.7,0.9,mixed
8129,17,338,7288.6,9475.2,0.8765,mixed
8130,18,338,7116.3,9251.2,0.8463,mixed
8131,19,338,7367.0,9577.1,0.8115,mixed
8132,20,338,6930.3,9009.4,0.7744,mixed
8133,21,338,6784.3,8819.6,0.7373,mixed
8134,22,338,6568.7,8539.4,0.7021,mixed
8135,23,338,6537.8,8499.1,0.6701,mixed
8136,0,339,6273.9,8156.1,0.5743,mixed
8137,1,339,6568.6,8539.2,0.5854,mixed
8138,2,339,6294.0,8182.3,0.6001,mixed
8139,3,339,6184.1,8039.3,0.6189,mixed
8140,4,339,6679.3,8683.1,0.6423,mixed
8141,5,339,6575.2,8547.8,0.6701,mixed
8142,6,339,6795.3,8833.9,0.7021,mixed
8143,7,339,7170.0,9321.0,0.7373,mixed
8144,8,339,7030.6,9139.8,0.7744,mixed
8145,9,339,7449.4,9684.3,0.8115,mixed
8146,10,339,7216.3,9381.2,0.8463,mixed
8147,11,339,7543.1,9806.0,0.8765,mixed
8148,12,339,7270.9,9452.2,0.9,mixed
8149,13,339,7461.0,9699.3,0.9149,mixed
8150,14,339,7243.7,9416.8,0.92,mixed
8151,15,339,7255.3,9431.9,0.9149,mixed
8152,16,339,7342.5,9545.2,0.9,mixed
8153,17,339,7030.1,9139.1,0.8765,mixed
8154,18,339,7265.7,9445.4,0.8463,mixed
8155,19,339,7062.0,9180.5,0.8115,mixed
8156,20,339,7064.9,9184.4,0.7744,mixed
8157,21,339,6632.3,8622.0,0.7373,mixed
8158,22,339,6941.8,9024.3,0.7021,mixed
8159,23,339,7044.0,9157.2,0.6701,mixed
8160,0,340,6701.4,8711.8,0.5743,mixed
8161,1,340,6816.8,8861.8,0.5854,mixed
8162,2,340,6500.8,8451.0,0.6001,mixed
8163,3,340,6479.8,8423.8,0.6189,mixed
8164,4,340,6715.9,8730.7,0.6423,mixed
8165,5,340,6654.8,8651.2,0.6701,mixed
8166,6,340,6443.7,8376.8,0.7021,mixed
8167,7,340,7074.0,9196.3,0.7373,mixed
8168,8,340,6966.2,9056.1,0.7744,mixed
8169,9,340,6813.0,8856.9,0.8115,mixed
8170,10,340,7120.9,9257.1,0.8463,mixed
8171,11,340,7275.4,9458.0,0.8765,mixed
8172,12,340,7394.9,9613.4,0.9,mixed
8173,13,340,7442.3,9675.0,0.9149,mixed
8174,14,340,7758.4,10085.9,0.92,mixed
8175,15,340,7149.5,9294.4,0.9149,mixed
8176,16,340,7358.6,9566.2,0.9,mixed
8177,17,340,7128.8,9267.5,0.8765,mixed
8178,18,340,7503.6,9754.7,0.8463,mixed
8179,19,340,7006.6,9108.6,0.8115,mixed
8180,20,340,6943.2,9026.1,0.7744,mixed
8181,21,340,7121.8,9258.3,0.7373,mixed
8182,22,340,7068.8,9189.5,0.7021,mixed
8183,23,340,6998.8,9098.4,0.6701,mixed
8184,0,341,6078.2,7901.7,0.567,mixed
8185,1,341,6509.6,8462.4,0.5748,mixed
8186,2,341,6499.7,8449.6,0.5851,mixed
8187,3,341,6477.1,8420.2,0.5982,mixed
8188,4,341,6549.1,8513.8,0.6146,mixed
8189,5,341,6848.9,8903.6,0.6341,mixed
8190,6,341,6869.3,8930.1,0.6565,mixed
8191,7,341,6917.0,8992.1,0.6811,mixed
8192,8,341,6855.9,8912.6,0.7071,mixed
8193,9,341,7360.8,9569.0,0.733,mixed
8194,10,341,6880.8,8945.0,0.7574,mixed
8195,11,341,6687.3,8693.5,0.7786,mixed
8196,12,341,7021.0,9127.3,0.795,mixed
8197,13,341,7120.9,9257.2,0.8054,mixed
8198,14,341,7397.6,9616.9,0.809,mixed
8199,15,341,6999.6,9099.5,0.8054,mixed
8200,16,341,7181.6,9336.1,0.795,mixed
8201,17,341,6716.5,8731.5,0.7786,mixed
8202,18,341,7190.4,9347.6,0.7574,mixed
8203,19,341,6905.5,8977.1,0.733,mixed
8204,20,341,6756.2,8783.1,0.7071,mixed
8205,21,341,7166.5,9316.4,0.6811,mixed
8206,22,341,6875.6,8938.2,0.6565,mixed
8207,23,341,6388.8,8305.5,0.6341,mixed
8208,0,342,6372.4,8284.1,0.567,mixed
8209,1,342,6943.4,9026.4,0.5748,mixed
8210,2,342,6830.2,8879.3,0.5851,mixed
8211,3,342,6666.7,8666.7,0.5982,mixed
8212,4,342,6173.9,8026.0,0.6146,mixed
8213,5,342,6858.1,8915.5,0.6341,mixed
8214,6,342,6534.8,8495.2,0.6565,mixed
8215,7,342,7003.2,9104.1,0.6811,mixed
8216,8,342,6665.9,8665.6,0.7071,mixed
8217,9,342,6992.4,9090.2,0.733,mixed
8218,10,342,6830.7,8879.9,0.7574,mixed
8219,11,342,6951.4,9036.8,0.7786,mixed
8220,12,342,7209.4,9372.2,0.795,mixed
8221,13,342,6827.3,8875.5,0.8054,mixed
8222,14,342,7626.0,9913.8,0.809,mixed
8223,15,342,6889.5,8956.4,0.8054,mixed
8224,16,342,6847.3,8901.5,0.795,mixed
8225,17,342,7159.8,9307.8,0.7786,mixed
8226,18,342,7234.4,9404.7,0.7574,mixed
8227,19,342,6824.5,8871.8,0.733,mixed
8228,20,342,6594.6,8572.9,0.7071,mixed
8229,21,342,6549.3,8514.1,0.6811,mixed
8230,22,342,6455.9,8392.7,0.6565,mixed
8231,23,342,6655.5,8652.2,0.6341,mixed
8232,0,343,6401.8,8322.3,0.5743,mixed
8233,1,343,6530.8,8490.1,0.5854,mixed
8234,2,343,6563.6,8532.7,0.6001,mixed
8235,3,343,6711.0,8724.3,0.6189,mixed
8236,4,343,6537.7,8499.0,0.6423,mixed
8237,5,343,6554.2,8520.5,0.6701,mixed
8238,6,343,6830.5,8879.7,0.7021,mixed
8239,7,343,6893.0,8960.8,0.7373,mixed
8240,8,343,7068.8,9189.4,0.7744,mixed
8241,9,343,6974.5,9066.9,0.8115,mixed
8242,10,343,7370.4,9581.6,0.8463,mixed
8243,11,343,7063.0,9182.0,0.8765,mixed
8244,12,343,7294.7,9483.1,0.9,mixed
8245,13,343,7688.9,9995.6,0.9149,mixed
8246,14,343,7199.4,9359.2,0.92,mixed
8247,15,343,7671.3,9972.7,0.9149,mixed
8248,16,343,7079.8,9203.8,0.9,mixed
8249,17,343,6973.7,9065.8,0.8765,mixed
8250,18,343,6907.1,8979.2,0.8463,mixed
8251,19,343,7151.7,9297.2,0.8115,mixed
8252,20,343,7169.1,9319.8,0.7744,mixed
8253,21,343,7172.1,9323.7,0.7373,mixed
8254,22,343,7046.0,9159.8,0.7021,mixed
8255,23,343,6876.1,8939.0,0.6701,mixed
8256,0,344,6255.2,8131.7,0.5743,mixed
8257,1,344,6285.9,8171.6,0.5854,mixed
8258,2,344,6646.0,8639.8,0.6001,mixed
8259,3,344,6828.3,8876.8,0.6189,mixed
8260,4,344,6414.3,8338.6,0.6423,mixed
8261,5,344,6962.9,9051.7,0.6701,mixed
8262,6,344,6407.0,8329.1,0.7021,mixed
8263,7,344,6985.1,9080.6,0.7373,mixed
8264,8,344,6993.7,9091.8,0.7744,mixed
8265,9,344,7083.0,9207.9,0.8115,mixed
8266,10,344,7237.9,9409.3,0.8463,mixed
8267,11,344,7134.4,9274.7,0.8765,mixed
8268,12,344,7491.2,9738.6,0.9,mixed
8269,13,344,7450.5,9685.7,0.9149,mixed
8270,14,344,7661.4,9959.8,0.92,mixed
8271,15,344,7791.8,10129.4,0.9149,mixed
8272,16,344,7420.5,9646.6,0.9,mixed
8273,17,344,7142.0,9284.7,0.8765,mixed
8274,18,344,6984.3,9079.6,0.8463,mixed
8275,19,344,7489.8,9736.7,0.8115,mixed
8276,20,344,7346.1,9549.9,0.7744,mixed
8277,21,344,7088.1,9214.6,0.7373,mixed
8278,22,344,6810.9,8854.1,0.7021,mixed
8279,23,344,6866.6,8926.6,0.6701,mixed
8280,0,345,6666.3,8666.2,0.5743,mixed
8281,1,345,6328.9,8227.6,0.5854,mixed
8282,2,345,6498.3,8447.8,0.6001,mixed
8283,3,345,6331.7,8231.2,0.6189,mixed
8284,4,345,6593.5,8571.5,0.6423,mixed
8285,5,345,7013.2,9117.2,0.6701,mixed
8286,6,345,7018.6,9124.2,0.7021,mixed
8287,7,345,6932.3,9012.0,0.7373,mixed
8288,8,345,6448.7,8383.3,0.7744,mixed
8289,9,345,6986.5,9082.4,0.8115,mixed
8290,10,345,7253.3,9429.3,0.8463,mixed
8291,11,345,7274.5,9456.8,0.8765,mixed
8292,12,345,7399.6,9619.5,0.9,mixed
8293,13,345,7491.1,9738.5,0.9149,mixed
8294,14,345,7333.0,9532.9,0.92,mixed
8295,15,345,7435.3,9665.9,0.9149,mixed
8296,16,345,7359.2,9566.9,0.9,mixed
8297,17,345,7167.4,9317.6,0.8765,mixed
8298,18,345,7631.7,9921.2,0.8463,mixed
8299,19,345,7024.8,9132.3,0.8115,mixed
8300,20,345,6541.1,8503.5,0.7744,mixed
8301,21,345,7273.7,9455.8,0.7373,mixed
8302,22,345,6626.0,8613.8,0.7021,mixed
8303,23,345,6883.6,8948.7,0.6701,mixed
8304,0,346,6284.2,8169.5,0.5743,mixed
8305,1,346,6558.6,8526.2,0.5854,mixed
8306,2,346,6483.2,8428.1,0.6001,mixed
8307,3,346,6745.6,8769.3,0.6189,mixed
8308,4,346,6576.7,8549.6,0.6423,mixed
8309,5,346,6570.9,8542.2,0.6701,mixed
8310,6,346,6851.1,8906.4,0.7021,mixed
8311,7,346,6825.1,8872.6,0.7373,mixed
8312,8,346,6609.5,8592.4,0.7744,mixed
8313,9,346,6998.1,9097.5,0.8115,mixed
8314,10,346,7853.5,10209.5,0.8463,mixed
8315,11,346,6921.8,8998.3,0.8765,mixed
8316,12,346,7445.8,9679.5,0.9,mixed
8317,13,346,7382.8,9597.6,0.9149,mixed
8318,14,346,7862.9,10221.7,0.92,mixed
8319,15,346,7189.1,9345.8,0.9149,mixed
8320,16,346,7414.8,9639.2,0.9,mixed
8321,17,346,7472.6,9714.4,0.8765,mixed
8322,18,346,7192.2,9349.9,0.8463,mixed
8323,19,346,6962.6,9051.4,0.8115,mixed
8324,20,346,7010.9,9114.2,0.7744,mixed
8325,21,346,6840.2,8892.3,0.7373,mixed
8326,22,346,6734.9,8755.4,0.7021,mixed
8327,23,346,6889.8,8956.8,0.6701,mixed
8328,0,347,6492.8,8440.7,0.5743,mixed
8329,1,347,6555.2,8521.8,0.5854,mixed
8330,2,347,6556.9,8523.9,0.6001,mixed
8331,3,347,6737.7,8759.0,0.6189,mixed
8332,4,347,6878.1,8941.5,0.6423,mixed
8333,5,347,6645.0,8638.5,0.6701,mixed
8334,6,347,6965.8,9055.5,0.7021,mixed
8335,7,347,6635.9,8626.6,0.7373,mixed
8336,8,347,6541.4,8503.8,0.7744,mixed
8337,9,347,7517.2,9772.3,0.8115,mixed
8338,10,347,7158.8,9306.5,0.8463,mixed
8339,11,347,7377.3,9590.5,0.8765,mixed
8340,12,347,7120.6,9256.8,0.9,mixed
8341,13,347,7153.3,9299.4,0.9149,mixed
8342,14,347,7292.9,9480.8,0.92,mixed
8343,15,347,7580.4,9854.6,0.9149,mixed
8344,16,347,7277.8,9461.1,0.9,mixed
8345,17,347,7248.1,9422.6,0.8765,mixed
8346,18,347,7069.6,9190.5,0.8463,mixed
8347,19,347,7375.9,9588.7,0.8115,mixed
8348,20,347,7198.4,9357.9,0.7744,mixed
8349,21,347,6804.1,8845.3,0.7373,mixed
8350,22,347,6938.2,9019.6,0.7021,mixed
8351,23,347,6653.4,8649.4,0.6701,mixed
8352,0,348,6328.6,8227.2,0.567,mixed
8353,1,348,6407.0,8329.2,0.5748,mixed
8354,2,348,6571.9,8543.4,0.5851,mixed
8355,3,348,6313.4,8207.4,0.5982,mixed
8356,4,348,6634.6,8624.9,0.6146,mixed
8357,5,348,7088.7,9215.3,0.6341,mixed
8358,6,348,6698.3,8707.8,0.6565,mixed
8359,7,348,6742.9,8765.8,0.6811,mixed
8360,8,348,6796.4,8835.3,0.7071,mixed
8361,9,348,6990.2,9087.3,0.733,mixed
8362,10,348,6628.0,8616.4,0.7574,mixed
8363,11,348,7386.7,9602.7,0.7786,mixed
8364,12,348,7285.6,9471.3,0.795,mixed
8365,13,348,6971.1,9062.5,0.8054,mixed
8366,14,348,7126.0,9263.9,0.809,mixed
8367,15,348,6989.7,9086.7,0.8054,mixed
8368,16,348,7140.9,9283.1,0.795,mixed
8369,17,348,7040.9,9153.2,0.7786,mixed
8370,18,348,7012.3,9115.9,0.7574,mixed
8371,19,348,6678.8,8682.4,0.733,mixed
8372,20,348,6715.2,8729.7,0.7071,mixed
8373,21,348,6967.3,9057.5,0.6811,mixed
8374,22,348,6555.1,8521.6,0.6565,mixed
8375,23,348,6071.6,7893.1,0.6341,mixed
8376,0,349,6364.5,8273.8,0.567,mixed
8377,1,349,6880.8,8945.1,0.5748,mixed
8378,2,349,6611.7,8595.2,0.5851,mixed
8379,3,349,6373.4,8285.4,0.5982,mixed
8380,4,349,6526.1,8484.0,0.6146,mixed
8381,5,349,6729.1,8747.8,0.6341,mixed
8382,6,349,6310.8,8204.0,0.6565,mixed
8383,7,349,6562.7,8531.6,0.6811,mixed
8384,8,349,6895.0,8963.5,0.7071,mixed
8385,9,349,7221.0,9387.3,0.733,mixed
8386,10,349,6872.7,8934.5,0.7574,mixed
8387,11,349,7358.4,9565.9,0.7786,mixed
8388,12,349,6917.2,8992.3,0.795,mixed
8389,13,349,6386.6,8302.6,0.8054,mixed
8390,14,349,7278.2,9461.6,0.809,mixed
8391,15,349,7223.8,9391.0,0.8054,mixed
8392,16,349,7233.6,9403.7,0.795,mixed
8393,17,349,7175.0,9327.5,0.7786,mixed
8394,18,349,7004.5,9105.9,0.7574,mixed
8395,19,349,6837.9,8889.2,0.733,mixed
8396,20,349,6768.5,8799.0,0.7071,mixed
8397,21,349,6642.7,8635.5,0.6811,mixed
8398,22,349,6581.7,8556.2,0.6565,mixed
8399,23,349,6236.3,8107.2,0.6341,mixed
8400,0,350,6181.6,8036.0,0.5743,mixed
8401,1,350,6416.8,8341.9,0.5854,mixed
8402,2,350,6056.1,7872.9,0.6001,mixed
8403,3,350,6154.6,8001.0,0.6189,mixed
8404,4,350,6552.7,8518.5,0.6423,mixed
8405,5,350,6676.9,8679.9,0.6701,mixed
8406,6,350,6734.7,8755.1,0.7021,mixed
8407,7,350,6411.4,8334.8,0.7373,mixed
8408,8,350,7342.3,9545.0,0.7744,mixed
8409,9,350,6819.6,8865.5,0.8115,mixed
8410,10,350,7053.6,9169.7,0.8463,mixed
8411,11,350,7044.7,9158.1,0.8765,mixed
8412,12,350,7680.4,9984.5,0.9,mixed
8413,13,350,7531.0,9790.3,0.9149,mixed
8414,14,350,7346.5,9550.5,0.92,mixed
8415,15,350,7315.7,9510.4,0.9149,mixed
8416,16,350,7432.2,9661.8,0.9,mixed
8417,17,350,7048.1,9162.5,0.8765,mixed
8418,18,350,7313.7,9507.8,0.8463,mixed
8419,19,350,7009.4,9112.2,0.8115,mixed
8420,20,350,7124.9,9262.4,0.7744,mixed
8421,21,350,7004.9,9106.4,0.7373,mixed
8422,22,350,6677.6,8680.8,0.7021,mixed
8423,23,350,6289.9,8176.9,0.6701,mixed
8424,0,351,6367.8,8278.1,0.5743,mixed
8425,1,351,6168.1,8018.5,0.5854,mixed
8426,2,351,6507.8,8460.2,0.6001,mixed
8427,3,351,6498.7,8448.3,0.6189,mixed
8428,4,351,6502.3,8453.0,0.6423,mixed
8429,5,351,6442.2,8374.8,0.6701,mixed
8430,6,351,7040.7,9152.9,0.7021,mixed
8431,7,351,6810.4,8853.5,0.7373,mixed
8432,8,351,7510.9,9764.1,0.7744,mixed
8433,9,351,7134.2,9274.4,0.8115,mixed
8434,10,351,7307.4,9499.6,0.8463,mixed
8435,11,351,7330.5,9529.6,0.8765,mixed
8436,12,351,7468.1,9708.5,0.9,mixed
8437,13,351,7680.8,9985.0,0.9149,mixed
8438,14,351,7699.2,10008.9,0.92,mixed
8439,15,351,7042.8,9155.7,0.9149,mixed
8440,16,351,7582.0,9856.7,0.9,mixed
8441,17,351,7431.1,9660.4,0.8765,mixed
8442,18,351,7238.9,9410.6,0.8463,mixed
8443,19,351,7492.8,9740.7,0.8115,mixed
8444,20,351,7384.5,9599.8,0.7744,mixed
8445,21,351,7091.7,9219.2,0.7373,mixed
8446,22,351,6687.8,8694.1,0.7021,mixed
8447,23,351,6462.9,8401.8,0.6701,mixed
8448,0,352,6560.5,8528.6,0.5743,mixed
8449,1,352,6711.5,8724.9,0.5854,mixed
8450,2,352,6097.4,7926.6,0.6001,mixed
8451,3,352,6762.5,8791.2,0.6189,mixed
8452,4,352,6568.5,8539.0,0.6423,mixed
8453,5,352,6338.9,8240.6,0.6701,mixed
8454,6,352,6894.4,8962.7,0.7021,mixed
8455,7,352,7092.7,9220.5,0.7373,mixed
8456,8,352,6941.6,9024.1,0.7744,mixed
8457,9,352,6900.6,8970.8,0.8115,mixed
8458,10,352,7602.5,9883.3,0.8463,mixed
8459,11,352,7175.0,9327.5,0.8765,mixed
8460,12,352,7649.5,9944.3,0.9,mixed
8461,13,352,7099.4,9229.2,0.9149,mixed
8462,14,352,7545.3,9808.9,0.92,mixed
8463,15,352,7523.5,9780.5,0.9149,mixed
8464,16,352,7586.0,9861.8,0.9,mixed
8465,17,352,7649.8,9944.8,0.8765,mixed
8466,18,352,7054.6,9171.0,0.8463,mixed
8467,19,352,7238.0,9409.4,0.8115,mixed
8468,20,352,6727.9,8746.3,0.7744,mixed
8469,21,352,6618.9,8604.6,0.7373,mixed
8470,22,352,6680.7,8684.9,0.7021,mixed
8471,23,352,6785.0,8820.5,0.6701,mixed
8472,0,353,6738.0,8759.4,0.5743,mixed
8473,1,353,6808.1,8850.5,0.5854,mixed
8474,2,353,6423.4,8350.4,0.6001,mixed
8475,3,353,6609.1,8591.8,0.6189,mixed
8476,4,353,6806.3,8848.2,0.6423,mixed
8477,5,353,6856.6,8913.5,0.6701,mixed
8478,6,353,6764.1,8793.3,0.7021,mixed
8479,7,353,6920.1,8996.1,0.7373,mixed
8480,8,353,6992.4,9090.1,0.7744,mixed
8481,9,353,7082.1,9206.8,0.8115,mixed
8482,10,353,7157.1,9304.2,0.8463,mixed
8483,11,353,7295.6,9484.3,0.8765,mixed
8484,12,353,7302.3,9493.0,0.9,mixed
8485,13,353,7183.7,9338.8,0.9149,mixed
8486,14,353,7645.2,9938.7,0.92,mixed
8487,15,353,7552.2,9817.8,0.9149,mixed
8488,16,353,7808.5,10151.0,0.9,mixed
8489,17,353,7403.0,9624.0,0.8765,mixed
8490,18,353,7140.7,9282.9,0.8463,mixed
8491,19,353,6992.8,9090.6,0.8115,mixed
8492,20,353,7025.5,9133.2,0.7744,mixed
8493,21,353,7018.9,9124.5,0.7373,mixed
8494,22,353,6748.7,8773.4,0.7021,mixed
8495,23,353,6407.0,8329.1,0.6701,mixed
8496,0,354,6273.0,8154.9,0.5743,mixed
8497,1,354,6451.9,8387.5,0.5854,mixed
8498,2,354,6636.7,8627.7,0.6001,mixed
8499,3,354,6257.1,8134.3,0.6189,mixed
8500,4,354,6671.7,8673.2,0.6423,mixed
8501,5,354,6747.1,8771.3,0.6701,mixed
8502,6,354,6706.5,8718.5,0.7021,mixed
8503,7,354,6782.8,8817.6,0.7373,mixed
8504,8,354,6860.6,8918.8,0.7744,mixed
8505,9,354,7156.8,9303.8,0.8115,mixed
8506,10,354,7475.6,9718.2,0.8463,mixed
8507,11,354,7585.0,9860.5,0.8765,mixed
8508,12,354,7143.1,9286.0,0.9,mixed
8509,13,354,7395.3,9613.9,0.9149,mixed
8510,14,354,6961.9,9050.5,0.92,mixed
8511,15,354,7461.4,9699.8,0.9149,mixed
8512,16,354,7524.9,9782.3,0.9,mixed
8513,17,354,7667.0,9967.0,0.8765,mixed
8514,18,354,6843.6,8896.7,0.8463,mixed
8515,19,354,6894.1,8962.3,0.8115,mixed
8516,20,354,7045.9,9159.7,0.7744,mixed
8517,21,354,6569.1,8539.9,0.7373,mixed
8518,22,354,6833.8,8883.9,0.7021,mixed
8519,23,354,6827.9,8876.3,0.6701,mixed
8520,0,355,6147.6,7991.9,0.567,mixed
8521,1,355,6442.1,8374.8,0.5748,mixed
8522,2,355,6213.0,8076.9,0.5851,mixed
8523,3,355,6754.7,8781.1,0.5982,mixed
8524,4,355,6576.6,8549.5,0.6146,mixed
8525,5,355,6467.9,8408.3,0.6341,mixed
8526,6,355,6414.3,8338.6,0.6565,mixed
8527,7,355,6814.4,8858.7,0.6811,mixed
8528,8,355,7091.2,9218.5,0.7071,mixed
8529,9,355,6731.9,8751.4,0.733,mixed
8530,10,355,6872.6,8934.4,0.7574,mixed
8531,11,355,6869.4,8930.3,0.7786,mixed
8532,12,355,7407.6,9629.9,0.795,mixed
8533,13,355,6701.6,8712.0,0.8054,mixed
8534,14,355,7393.9,9612.0,0.809,mixed
8535,15,355,7028.2,9136.6,0.8054,mixed
8536,16,355,7062.1,9180.7,0.795,mixed
8537,17,355,6956.2,9043.0,0.7786,mixed
8538,18,355,7014.5,9118.9,0.7574,mixed
8539,19,355,6740.5,8762.6,0.733,mixed
8540,20,355,7029.9,9138.9,0.7071,mixed
8541,21,355,6957.8,9045.1,0.6811,mixed
8542,22,355,6465.2,8404.8,0.6565,mixed
8543,23,355,6726.6,8744.6,0.6341,mixed
8544,0,356,6325.0,8222.5,0.567,mixed
8545,1,356,6426.6,8354.5,0.5748,mixed
8546,2,356,6742.5,8765.2,0.5851,mixed
8547,3,356,6355.9,8262.6,0.5982,mixed
8548,4,356,6717.7,8733.1,0.6146,mixed
8549,5,356,6685.0,8690.5,0.6341,mixed
8550,6,356,6623.0,8609.9,0.6565,mixed
8551,7,356,6810.0,8853.0,0.6811,mixed
8552,8,356,6864.4,8923.7,0.7071,mixed
8553,9,356,6651.9,8647.5,0.733,mixed
8554,10,356,6837.7,8889.0,0.7574,mixed
8555,11,356,6807.6,8849.9,0.7786,mixed
8556,12,356,7018.6,9124.2,0.795,mixed
8557,13,356,7395.4,9614.1,0.8054,mixed
8558,14,356,7243.4,9416.4,0.809,mixed
8559,15,356,6803.1,8844.0,0.8054,mixed
8560,16,356,7019.3,9125.1,0.795,mixed
8561,17,356,7077.3,9200.4,0.7786,mixed
8562,18,356,7119.9,9255.9,0.7574,mixed
8563,19,356,6756.8,8783.9,0.733,mixed
8564,20,356,6560.6,8528.8,0.7071,mixed
8565,21,356,6724.3,8741.6,0.6811,mixed
8566,22,356,6775.5,8808.1,0.6565,mixed
8567,23,356,6641.0,8633.3,0.6341,mixed
8568,0,357,6245.0,8118.5,0.5743,mixed
8569,1,357,6787.9,8824.3,0.5854,mixed
8570,2,357,6473.3,8415.3,0.6001,mixed
8571,3,357,6587.1,8563.3,0.6189,mixed
8572,4,357,6487.6,8433.9,0.6423,mixed
8573,5,357,6925.2,9002.7,0.6701,mixed
8574,6,357,6915.3,8989.9,0.7021,mixed
8575,7,357,6969.5,9060.4,0.7373,mixed
8576,8,357,6773.2,8805.1,0.7744,mixed
8577,9,357,7360.6,9568.8,0.8115,mixed
8578,10,357,7395.3,9613.9,0.8463,mixed
8579,11,357,7544.8,9808.3,0.8765,mixed
8580,12,357,7400.5,9620.7,0.9,mixed
8581,13,357,7420.3,9646.4,0.9149,mixed
8582,14,357,7411.6,9635.1,0.92,mixed
8583,15,357,7945.5,10329.1,0.9149,mixed
8584,16,357,7272.0,9453.6,0.9,mixed
8585,17,357,7061.3,9179.7,0.8765,mixed
8586,18,357,7150.2,9295.2,0.8463,mixed
8587,19,357,7012.7,9116.5,0.8115,mixed
8588,20,357,7280.7,9464.9,0.7744,mixed
8589,21,357,6623.5,8610.5,0.7373,mixed
8590,22,357,6684.2,8689.4,0.7021,mixed
8591,23,357,6741.0,8763.3,0.6701,mixed
8592,0,358,6659.4,8657.2,0.5743,mixed
8593,1,358,6586.4,8562.3,0.5854,mixed
8594,2,358,6807.9,8850.2,0.6001,mixed
8595,3,358,6617.0,8602.1,0.6189,mixed
8596,4,358,6578.7,8552.3,0.6423,mixed
8597,5,358,6874.7,8937.1,0.6701,mixed
8598,6,358,6519.8,8475.7,0.7021,mixed
8599,7,358,6550.2,8515.2,0.7373,mixed
8600,8,358,7221.0,9387.3,0.7744,mixed
8601,9,358,7171.7,9323.2,0.8115,mixed
8602,10,358,7440.3,9672.3,0.8463,mixed
8603,11,358,7134.7,9275.0,0.8765,mixed
8604,12,358,7677.2,9980.4,0.9,mixed
8605,13,358,7586.6,9862.5,0.9149,mixed
8606,14,358,7445.4,9679.0,0.92,mixed
8607,15,358,7483.3,9728.2,0.9149,mixed
8608,16,358,7469.3,9710.0,0.9,mixed
8609,17,358,7133.7,9273.8,0.8765,mixed
8610,18,358,7147.6,9291.9,0.8463,mixed
8611,19,358,7197.5,9356.7,0.8115,mixed
8612,20,358,6926.1,9003.9,0.7744,mixed
8613,21,358,6600.0,8580.0,0.7373,mixed
8614,22,358,6858.8,8916.4,0.7021,mixed
8615,23,358,6870.8,8932.0,0.6701,mixed
8616,0,359,6620.9,8607.2,0.5743,mixed
8617,1,359,6551.4,8516.9,0.5854,mixed
8618,2,359,6651.9,8647.5,0.6001,mixed
8619,3,359,6743.1,8766.0,0.6189,mixed
8620,4,359,6634.9,8625.4,0.6423,mixed
8621,5,359,6276.6,8159.6,0.6701,mixed
8622,6,359,7035.2,9145.7,0.7021,mixed
8623,7,359,6719.3,8735.1,0.7373,mixed
8624,8,359,6777.5,8810.8,0.7744,mixed
8625,9,359,6890.8,8958.0,0.8115,mixed
8626,10,359,7770.1,10101.1,0.8463,mixed
8627,11,359,7418.6,9644.2,0.8765,mixed
8628,12,359,7161.3,9309.7,0.9,mixed
8629,13,359,7284.5,9469.9,0.9149,mixed
8630,14,359,7452.1,9687.8,0.92,mixed
8631,15,359,7558.0,9825.4,0.9149,mixed
8632,16,359,7454.3,9690.5,0.9,mixed
8633,17,359,7117.9,9253.3,0.8765,mixed
8634,18,359,7299.9,9489.9,0.8463,mixed
8635,19,359,6996.0,9094.8,0.8115,mixed
8636,20,359,7235.9,9406.7,0.7744,mixed
8637,21,359,6916.0,8990.8,0.7373,mixed
8638,22,359,6643.8,8636.9,0.7021,mixed
8639,23,359,6841.2,8893.6,0.6701,mixed
8640,0,360,6489.0,8435.7,0.5743,mixed
8641,1,360,6356.6,8263.6,0.5854,mixed
8642,2,360,6634.7,8625.2,0.6001,mixed
8643,3,360,6672.7,8674.5,0.6189,mixed
8644,4,360,6857.7,8915.1,0.6423,mixed
8645,5,360,6845.5,8899.1,0.6701,mixed
8646,6,360,6755.0,8781.5,0.7021,mixed
8647,7,360,6554.2,8520.4,0.7373,mixed
8648,8,360,7054.8,9171.3,0.7744,mixed
8649,9,360,7199.8,9359.7,0.8115,mixed
8650,10,360,7242.2,9414.9,0.8463,mixed
8651,11,360,6660.5,8658.7,0.8765,mixed
8652,12,360,7542.9,9805.7,0.9,mixed
8653,13,360,7233.5,9403.6,0.9149,mixed
8654,14,360,7605.6,9887.3,0.92,mixed
8655,15,360,7816.4,10161.4,0.9149,mixed
8656,16,360,7336.3,9537.1,0.9,mixed
8657,17,360,7418.2,9643.7,0.8765,mixed
8658,18,360,7238.2,9409.7,0.8463,mixed
8659,19,360,7239.1,9410.8,0.8115,mixed
8660,20,360,7037.3,9148.5,0.7744,mixed
8661,21,360,6797.3,8836.4,0.7373,mixed
8662,22,360,6614.1,8598.3,0.7021,mixed
8663,23,360,7022.5,9129.2,0.6701,mixed
8664,0,361,6499.7,8449.6,0.5743,mixed
8665,1,361,6609.1,8591.9,0.5854,mixed
8666,2,361,6570.3,8541.3,0.6001,mixed
8667,3,361,6740.8,8763.0,0.6189,mixed
8668,4,361,6441.2,8373.5,0.6423,mixed
8669,5,361,6719.4,8735.2,0.6701,mixed
8670,6,361,6901.7,8972.3,0.7021,mixed
8671,7,361,7172.1,9323.7,0.7373,mixed
8672,8,361,7578.2,9851.6,0.7744,mixed
8673,9,361,7213.8,9378.0,0.8115,mixed
8674,10,361,7087.7,9214.0,0.8463,mixed
8675,11,361,7059.2,9177.0,0.8765,mixed
8676,12,361,7191.7,9349.2,0.9,mixed
8677,13,361,7264.3,9443.6,0.9149,mixed
8678,14,361,6803.7,8844.8,0.92,mixed
8679,15,361,7286.3,9472.1,0.9149,mixed
8680,16,361,7551.3,9816.7,0.9,mixed
8681,17,361,7338.4,9540.0,0.8765,mixed
8682,18,361,7175.0,9327.5,0.8463,mixed
8683,19,361,6779.9,8813.9,0.8115,mixed
8684,20,361,7236.6,9407.6,0.7744,mixed
8685,21,361,7010.4,9113.5,0.7373,mixed
8686,22,361,6796.0,8834.8,0.7021,mixed
8687,23,361,6259.8,8137.7,0.6701,mixed
8688,0,362,6299.2,8189.0,0.567,mixed
8689,1,362,6500.1,8450.1,0.5748,mixed
8690,2,362,6441.9,8374.5,0.5851,mixed
8691,3,362,6524.4,8481.7,0.5982,mixed
8692,4,362,6670.5,8671.6,0.6146,mixed
8693,5,362,6625.2,8612.7,0.6341,mixed
8694,6,362,6791.6,8829.1,0.6565,mixed
8695,7,362,6565.3,8534.9,0.6811,mixed
8696,8,362,6563.6,8532.7,0.7071,mixed
8697,9,362,6990.1,9087.1,0.733,mixed
8698,10,362,7107.1,9239.2,0.7574,mixed
8699,11,362,7137.4,9278.7,0.7786,mixed
8700,12,362,7105.3,9236.8,0.795,mixed
8701,13,362,7039.5,9151.3,0.8054,mixed
8702,14,362,7164.4,9313.7,0.809,mixed
8703,15,362,7189.5,9346.3,0.8054,mixed
8704,16,362,7170.6,9321.8,0.795,mixed
8705,17,362,7577.7,9851.0,0.7786,mixed
8706,18,362,6772.1,8803.7,0.7574,mixed
8707,19,362,7558.3,9825.8,0.733,mixed
8708,20,362,6556.7,8523.7,0.7071,mixed
8709,21,362,6813.7,8857.8,0.6811,mixed
8710,22,362,6422.9,8349.8,0.6565,mixed
8711,23,362,6655.1,8651.7,0.6341,mixed
8712,0,363,6581.8,8556.3,0.567,mixed
8713,1,363,6422.9,8349.8,0.5748,mixed
8714,2,363,6635.7,8626.4,0.5851,mixed
8715,3,363,6404.6,8326.0,0.5982,mixed
8716,4,363,6134.1,7974.3,0.6146,mixed
8717,5,363,6718.5,8734.1,0.6341,mixed
8718,6,363,6667.9,8668.2,0.6565,mixed
8719,7,363,6638.8,8630.5,0.6811,mixed
8720,8,363,6729.7,8748.6,0.7071,mixed
8721,9,363,6975.4,9068.1,0.733,mixed
8722,10,363,6794.3,8832.6,0.7574,mixed
8723,11,363,7107.1,9239.3,0.7786,mixed
8724,12,363,7329.7,9528.6,0.795,mixed
8725,13,363,7547.9,9812.3,0.8054,mixed
8726,14,363,7419.3,9645.1,0.809,mixed
8727,15,363,7143.1,9286.0,0.8054,mixed
8728,16,363,7132.0,9271.6,0.795,mixed
8729,17,363,6943.6,9026.7,0.7786,mixed
8730,18,363,6867.2,8927.3,0.7574,mixed
8731,19,363,7071.7,9193.2,0.733,mixed
8732,20,363,6750.7,8775.9,0.7071,mixed
8733,21,363,6809.7,8852.6,0.6811,mixed
8734,22,363,6469.4,8410.2,0.6565,mixed
8735,23,363,6865.7,8925.4,0.6341,mixed
8736,0,364,6353.2,8259.2,0.5743,mixed
8737,1,364,6658.9,8656.6,0.5854,mixed
8738,2,364,6355.4,8262.1,0.6001,mixed
8739,3,364,6400.4,8320.5,0.6189,mixed
8740,4,364,6882.8,8947.6,0.6423,mixed
8741,5,364,6576.8,8549.8,0.6701,mixed
8742,6,364,6478.9,8422.5,0.7021,mixed
8743,7,364,6688.9,8695.6,0.7373,mixed
8744,8,364,7195.9,9354.6,0.7744,mixed
8745,9,364,7289.3,9476.1,0.8115,mixed
8746,10,364,7065.7,9185.4,0.8463,mixed
8747,11,364,7183.1,9338.1,0.8765,mixed
8748,12,364,7541.6,9804.1,0.9,mixed
8749,13,364,7730.6,10049.8,0.9149,mixed
8750,14,364,7436.9,9668.0,0.92,mixed
8751,15,364,7560.7,9828.8,0.9149,mixed
8752,16,364,7586.0,9861.8,0.9,mixed
8753,17,364,7794.8,10133.2,0.8765,mixed
8754,18,364,6980.4,9074.5,0.8463,mixed
8755,19,364,6983.7,9078.8,0.8115,mixed
8756,20,364,6909.0,8981.6,0.7744,mixed
8757,21,364,7075.7,9198.5,0.7373,mixed
8758,22,364,6747.3,8771.4,0.7021,mixed
8759,23,364,6765.5,8795.1,0.6701,mixed
