hour,hour_of_day,day_of_year,it_load_kw,facility_load_kw,utilization,scenario
0,0,0,8649.7,10812.2,0.4829,cloud_heavy
1,1,0,8400.0,10500.0,0.4978,cloud_heavy
2,2,0,9000.3,11250.4,0.5177,cloud_heavy
3,3,0,9224.1,11530.2,0.5431,cloud_heavy
4,4,0,8642.8,10803.5,0.5747,cloud_heavy
5,5,0,9061.3,11326.7,0.6123,cloud_heavy
6,6,0,9753.6,12192.0,0.6556,cloud_heavy
7,7,0,9936.8,12421.0,0.7032,cloud_heavy
8,8,0,10358.9,12948.7,0.7533,cloud_heavy
9,9,0,10422.3,13027.9,0.8033,cloud_heavy
10,10,0,11298.4,14122.9,0.8504,cloud_heavy
11,11,0,11542.2,14427.7,0.8912,cloud_heavy
12,12,0,11512.1,14390.1,0.923,cloud_heavy
13,13,0,12015.8,15019.8,0.9431,cloud_heavy
14,14,0,11832.2,14790.2,0.95,cloud_heavy
15,15,0,11323.2,14153.9,0.9431,cloud_heavy
16,16,0,11616.5,14520.6,0.923,cloud_heavy
17,17,0,10954.5,13693.2,0.8912,cloud_heavy
18,18,0,11298.0,14122.6,0.8504,cloud_heavy
19,19,0,10680.0,13350.0,0.8033,cloud_heavy
20,20,0,10306.7,12883.3,0.7533,cloud_heavy
21,21,0,9827.1,12283.8,0.7032,cloud_heavy
22,22,0,10072.7,12590.9,0.6556,cloud_heavy
23,23,0,9386.0,11732.5,0.6123,cloud_heavy
24,0,1,8461.2,10576.6,0.4829,cloud_heavy
25,1,1,8578.9,10723.7,0.4978,cloud_heavy
26,2,1,8942.7,11178.4,0.5177,cloud_heavy
27,3,1,9069.3,11336.7,0.5431,cloud_heavy
28,4,1,9293.8,11617.2,0.5747,cloud_heavy
29,5,1,9551.6,11939.5,0.6123,cloud_heavy
30,6,1,10340.6,12925.8,0.6556,cloud_heavy
31,7,1,9909.7,12387.1,0.7032,cloud_heavy
32,8,1,10204.9,12756.1,0.7533,cloud_heavy
33,9,1,10434.9,13043.6,0.8033,cloud_heavy
34,10,1,11211.4,14014.2,0.8504,cloud_heavy
35,11,1,11661.0,14576.2,0.8912,cloud_heavy
36,12,1,11450.1,14312.6,0.923,cloud_heavy
37,13,1,11329.8,14162.3,0.9431,cloud_heavy
38,14,1,11379.9,14224.9,0.95,cloud_heavy
39,15,1,11849.6,14812.0,0.9431,cloud_heavy
40,16,1,11745.5,14681.9,0.923,cloud_heavy
41,17,1,11462.8,14328.5,0.8912,cloud_heavy
42,18,1,10788.2,13485.2,0.8504,cloud_heavy
43,19,1,10770.5,13463.2,0.8033,cloud_heavy
44,20,1,10400.4,13000.5,0.7533,cloud_heavy
45,21,1,10097.8,12622.3,0.7032,cloud_heavy
46,22,1,9970.4,12462.9,0.6556,cloud_heavy
47,23,1,9493.0,11866.2,0.6123,cloud_heavy
48,0,2,8746.0,10932.5,0.4829,cloud_heavy
49,1,2,8688.1,10860.1,0.4978,cloud_heavy
50,2,2,8878.5,11098.1,0.5177,cloud_heavy
51,3,2,9140.9,11426.1,0.5431,cloud_heavy
52,4,2,8778.8,10973.5,0.5747,cloud_heavy
53,5,2,9339.3,11674.1,0.6123,cloud_heavy
54,6,2,9579.2,11974.0,0.6556,cloud_heavy
55,7,2,9839.7,12299.7,0.7032,cloud_heavy
56,8,2,10278.6,12848.3,0.7533,cloud_heavy
57,9,2,11175.7,13969.7,0.8033,cloud_heavy
58,10,2,10722.0,13402.5,0.8504,cloud_heavy
59,11,2,11606.6,14508.3,0.8912,cloud_heavy
60,12,2,10909.3,13636.6,0.923,cloud_heavy
61,13,2,11506.0,14382.5,0.9431,cloud_heavy
62,14,2,11725.5,14656.8,0.95,cloud_heavy
63,15,2,11827.2,14784.0,0.9431,cloud_heavy
64,16,2,11734.5,14668.1,0.923,cloud_heavy
65,17,2,11547.4,14434.3,0.8912,cloud_heavy
66,18,2,10892.8,13616.0,0.8504,cloud_heavy
67,19,2,10547.7,13184.6,0.8033,cloud_heavy
68,20,2,10630.9,13288.6,0.7533,cloud_heavy
69,21,2,9974.4,12468.0,0.7032,cloud_heavy
70,22,2,9344.5,11680.6,0.6556,cloud_heavy
71,23,2,9109.1,11386.4,0.6123,cloud_heavy
72,0,3,8335.0,10418.7,0.4829,cloud_heavy
73,1,3,8799.8,10999.8,0.4978,cloud_heavy
74,2,3,8839.7,11049.7,0.5177,cloud_heavy
75,3,3,9156.8,11446.0,0.5431,cloud_heavy
76,4,3,9062.4,11328.0,0.5747,cloud_heavy
77,5,3,9474.6,11843.2,0.6123,cloud_heavy
78,6,3,9898.7,12373.4,0.6556,cloud_heavy
79,7,3,9938.9,12423.6,0.7032,cloud_heavy
80,8,3,10506.2,13132.7,0.7533,cloud_heavy
81,9,3,10483.6,13104.5,0.8033,cloud_heavy
82,10,3,10888.1,13610.1,0.8504,cloud_heavy
83,11,3,11149.8,13937.3,0.8912,cloud_heavy
84,12,3,11077.2,13846.5,0.923,cloud_heavy
85,13,3,11792.6,14740.7,0.9431,cloud_heavy
86,14,3,11504.2,14380.2,0.95,cloud_heavy
87,15,3,11627.1,14533.9,0.9431,cloud_heavy
88,16,3,11655.1,14568.8,0.923,cloud_heavy
89,17,3,11430.1,14287.6,0.8912,cloud_heavy
90,18,3,11227.7,14034.6,0.8504,cloud_heavy
91,19,3,10664.4,13330.5,0.8033,cloud_heavy
92,20,3,10232.5,12790.7,0.7533,cloud_heavy
93,21,3,10008.0,12510.0,0.7032,cloud_heavy
94,22,3,9224.5,11530.6,0.6556,cloud_heavy
95,23,3,9020.3,11275.4,0.6123,cloud_heavy
96,0,4,8231.3,10289.1,0.4829,cloud_heavy
97,1,4,8411.1,10513.9,0.4978,cloud_heavy
98,2,4,8907.7,11134.6,0.5177,cloud_heavy
99,3,4,8727.3,10909.1,0.5431,cloud_heavy
100,4,4,9076.0,11344.9,0.5747,cloud_heavy
101,5,4,9797.3,12246.6,0.6123,cloud_heavy
102,6,4,9612.5,12015.6,0.6556,cloud_heavy
103,7,4,10254.0,12817.5,0.7032,cloud_heavy
104,8,4,10073.9,12592.3,0.7533,cloud_heavy
105,9,4,10630.1,13287.6,0.8033,cloud_heavy
106,10,4,10694.2,13367.8,0.8504,cloud_heavy
107,11,4,11164.3,13955.3,0.8912,cloud_heavy
108,12,4,11779.0,14723.7,0.923,cloud_heavy
109,13,4,11020.5,13775.6,0.9431,cloud_heavy
110,14,4,11820.6,14775.7,0.95,cloud_heavy
111,15,4,11705.7,14632.1,0.9431,cloud_heavy
112,16,4,11284.6,14105.7,0.923,cloud_heavy
113,17,4,10789.7,13487.1,0.8912,cloud_heavy
114,18,4,11031.8,13789.7,0.8504,cloud_heavy
115,19,4,10526.1,13157.7,0.8033,cloud_heavy
116,20,4,10436.5,13045.6,0.7533,cloud_heavy
117,21,4,10038.6,12548.2,0.7032,cloud_heavy
118,22,4,10183.2,12729.0,0.6556,cloud_heavy
119,23,4,9362.0,11702.5,0.6123,cloud_heavy
120,0,5,8244.8,10306.1,0.473,cloud_heavy
121,1,5,8621.5,10776.9,0.4835,cloud_heavy
122,2,5,8724.8,10905.9,0.4974,cloud_heavy
123,3,5,9144.0,11430.0,0.5152,cloud_heavy
124,4,5,9155.9,11444.9,0.5373,cloud_heavy
125,5,5,9204.4,11505.4,0.5636,cloud_heavy
126,6,5,9716.1,12145.1,0.5939,cloud_heavy
127,7,5,9188.6,11485.8,0.6272,cloud_heavy
128,8,5,9573.6,11967.0,0.6623,cloud_heavy
129,9,5,9715.5,12144.4,0.6973,cloud_heavy
130,10,5,10092.2,12615.2,0.7303,cloud_heavy
131,11,5,9971.8,12464.7,0.7589,cloud_heavy
132,12,5,10749.6,13437.0,0.7811,cloud_heavy
133,13,5,10571.0,13213.8,0.7952,cloud_heavy
134,14,5,10203.0,12753.8,0.8,cloud_heavy
135,15,5,10317.8,12897.2,0.7952,cloud_heavy
136,16,5,10647.8,13309.8,0.7811,cloud_heavy
137,17,5,10662.9,13328.6,0.7589,cloud_heavy
138,18,5,10823.3,13529.1,0.7303,cloud_heavy
139,19,5,10866.8,13583.6,0.6973,cloud_heavy
140,20,5,9882.3,12352.9,0.6623,cloud_heavy
141,21,5,9245.6,11557.0,0.6272,cloud_heavy
142,22,5,8712.2,10890.2,0.5939,cloud_heavy
143,23,5,9180.0,11475.0,0.5636,cloud_heavy
144,0,6,8298.6,10373.2,0.473,cloud_heavy
145,1,6,8468.6,10585.7,0.4835,cloud_heavy
146,2,6,8508.4,10635.5,0.4974,cloud_heavy
147,3,6,8748.6,10935.8,0.5152,cloud_heavy
148,4,6,9217.8,11522.2,0.5373,cloud_heavy
149,5,6,9149.8,11437.2,0.5636,cloud_heavy
150,6,6,9263.2,11579.0,0.5939,cloud_heavy
151,7,6,9232.4,11540.5,0.6272,cloud_heavy
152,8,6,9270.6,11588.2,0.6623,cloud_heavy
153,9,6,9847.5,12309.4,0.6973,cloud_heavy
154,10,6,10195.1,12743.9,0.7303,cloud_heavy
155,11,6,10953.0,13691.2,0.7589,cloud_heavy
156,12,6,10589.8,13237.3,0.7811,cloud_heavy
157,13,6,10955.7,13694.7,0.7952,cloud_heavy
158,14,6,10514.1,13142.6,0.8,cloud_heavy
159,15,6,10263.7,12829.6,0.7952,cloud_heavy
160,16,6,10243.2,12804.0,0.7811,cloud_heavy
161,17,6,10175.0,12718.8,0.7589,cloud_heavy
162,18,6,10863.7,13579.6,0.7303,cloud_heavy
163,19,6,9747.0,12183.8,0.6973,cloud_heavy
164,20,6,10006.5,12508.1,0.6623,cloud_heavy
165,21,6,9270.3,11587.9,0.6272,cloud_heavy
166,22,6,9567.6,11959.5,0.5939,cloud_heavy
167,23,6,9212.0,11515.0,0.5636,cloud_heavy
168,0,7,8531.1,10663.9,0.4829,cloud_heavy
169,1,7,8659.9,10824.9,0.4978,cloud_heavy
170,2,7,8629.2,10786.5,0.5177,cloud_heavy
171,3,7,9091.0,11363.8,0.5431,cloud_heavy
172,4,7,9054.8,11318.5,0.5747,cloud_heavy
173,5,7,9083.0,11353.8,0.6123,cloud_heavy
174,6,7,9343.8,11679.8,0.6556,cloud_heavy
175,7,7,10083.9,12604.9,0.7032,cloud_heavy
176,8,7,10855.1,13568.9,0.7533,cloud_heavy
177,9,7,10747.4,13434.2,0.8033,cloud_heavy
178,10,7,10968.8,13711.0,0.8504,cloud_heavy
179,11,7,11375.7,14219.6,0.8912,cloud_heavy
180,12,7,11939.5,14924.4,0.923,cloud_heavy
181,13,7,11699.3,14624.1,0.9431,cloud_heavy
182,14,7,11524.7,14405.8,0.95,cloud_heavy
183,15,7,12008.5,15010.7,0.9431,cloud_heavy
184,16,7,11637.1,14546.4,0.923,cloud_heavy
185,17,7,11798.6,14748.3,0.8912,cloud_heavy
186,18,7,11068.5,13835.6,0.8504,cloud_heavy
187,19,7,10303.1,12878.9,0.8033,cloud_heavy
188,20,7,9938.8,12423.4,0.7533,cloud_heavy
189,21,7,10528.9,13161.1,0.7032,cloud_heavy
190,22,7,10218.8,12773.5,0.6556,cloud_heavy
191,23,7,9378.9,11723.7,0.6123,cloud_heavy
192,0,8,8472.9,10591.1,0.4829,cloud_heavy
193,1,8,9050.7,11313.3,0.4978,cloud_heavy
194,2,8,8509.8,10637.3,0.5177,cloud_heavy
195,3,8,8730.2,10912.7,0.5431,cloud_heavy
196,4,8,9357.3,11696.6,0.5747,cloud_heavy
197,5,8,9318.1,11647.6,0.6123,cloud_heavy
198,6,8,9714.8,12143.6,0.6556,cloud_heavy
199,7,8,9982.8,12478.5,0.7032,cloud_heavy
200,8,8,10469.1,13086.4,0.7533,cloud_heavy
201,9,8,11147.7,13934.6,0.8033,cloud_heavy
202,10,8,11037.9,13797.3,0.8504,cloud_heavy
203,11,8,11496.9,14371.1,0.8912,cloud_heavy
204,12,8,10782.7,13478.4,0.923,cloud_heavy
205,13,8,11605.8,14507.2,0.9431,cloud_heavy
206,14,8,11373.3,14216.7,0.95,cloud_heavy
207,15,8,11197.8,13997.2,0.9431,cloud_heavy
208,16,8,11186.7,13983.3,0.923,cloud_heavy
209,17,8,11165.9,13957.4,0.8912,cloud_heavy
210,18,8,11310.4,14138.0,0.8504,cloud_heavy
211,19,8,10270.4,12838.0,0.8033,cloud_heavy
212,20,8,10373.7,12967.1,0.7533,cloud_heavy
213,21,8,9886.3,12357.9,0.7032,cloud_heavy
214,22,8,9620.8,12026.0,0.6556,cloud_heavy
215,23,8,9713.4,12141.7,0.6123,cloud_heavy
216,0,9,8709.8,10887.2,0.4829,cloud_heavy
217,1,9,9018.4,11273.0,0.4978,cloud_heavy
218,2,9,8761.3,10951.7,0.5177,cloud_heavy
219,3,9,8783.7,10979.6,0.5431,cloud_heavy
220,4,9,9118.5,11398.1,0.5747,cloud_heavy
221,5,9,9498.3,11872.9,0.6123,cloud_heavy
222,6,9,9767.8,12209.8,0.6556,cloud_heavy
223,7,9,9705.6,12132.1,0.7032,cloud_heavy
224,8,9,10392.3,12990.4,0.7533,cloud_heavy
225,9,9,10769.3,13461.6,0.8033,cloud_heavy
226,10,9,11839.3,14799.1,0.8504,cloud_heavy
227,11,9,11914.0,14892.6,0.8912,cloud_heavy
228,12,9,11195.3,13994.1,0.923,cloud_heavy
229,13,9,11522.6,14403.2,0.9431,cloud_heavy
230,14,9,11156.2,13945.3,0.95,cloud_heavy
231,15,9,11416.8,14271.0,0.9431,cloud_heavy
232,16,9,11598.1,14497.7,0.923,cloud_heavy
233,17,9,11687.0,14608.8,0.8912,cloud_heavy
234,18,9,10767.2,13459.0,0.8504,cloud_heavy
235,19,9,10486.1,13107.7,0.8033,cloud_heavy
236,20,9,9696.5,12120.6,0.7533,cloud_heavy
237,21,9,9983.0,12478.8,0.7032,cloud_heavy
238,22,9,9406.7,11758.3,0.6556,cloud_heavy
239,23,9,9279.9,11599.9,0.6123,cloud_heavy
240,0,10,8345.9,10432.4,0.4829,cloud_heavy
241,1,10,8646.0,10807.5,0.4978,cloud_heavy
242,2,10,8338.0,10422.5,0.5177,cloud_heavy
243,3,10,8576.2,10720.2,0.5431,cloud_heavy
244,4,10,9766.5,12208.1,0.5747,cloud_heavy
245,5,10,9065.5,11331.9,0.6123,cloud_heavy
246,6,10,9396.6,11745.8,0.6556,cloud_heavy
247,7,10,10584.8,13231.1,0.7032,cloud_heavy
248,8,10,11267.4,14084.3,0.7533,cloud_heavy
249,9,10,10320.1,12900.1,0.8033,cloud_heavy
250,10,10,10886.3,13607.9,0.8504,cloud_heavy
251,11,10,11394.5,14243.2,0.8912,cloud_heavy
252,12,10,12085.2,15106.5,0.923,cloud_heavy
253,13,10,11278.7,14098.3,0.9431,cloud_heavy
254,14,10,11582.6,14478.3,0.95,cloud_heavy
255,15,10,11893.8,14867.3,0.9431,cloud_heavy
256,16,10,11639.2,14549.0,0.923,cloud_heavy
257,17,10,11151.7,13939.6,0.8912,cloud_heavy
258,18,10,10963.8,13704.7,0.8504,cloud_heavy
259,19,10,10254.9,12818.6,0.8033,cloud_heavy
260,20,10,10290.1,12862.6,0.7533,cloud_heavy
261,21,10,9951.8,12439.8,0.7032,cloud_heavy
262,22,10,9784.0,12230.0,0.6556,cloud_heavy
263,23,10,9272.6,11590.8,0.6123,cloud_heavy
264,0,11,8692.6,10865.8,0.4829,cloud_heavy
265,1,11,8934.0,11167.4,0.4978,cloud_heavy
266,2,11,8843.2,11054.0,0.5177,cloud_heavy
267,3,11,9065.7,11332.1,0.5431,cloud_heavy
268,4,11,9194.7,11493.4,0.5747,cloud_heavy
269,5,11,9429.7,11787.2,0.6123,cloud_heavy
270,6,11,9506.0,11882.5,0.6556,cloud_heavy
271,7,11,10127.3,12659.1,0.7032,cloud_heavy
272,8,11,10333.9,12917.4,0.7533,cloud_heavy
273,9,11,11367.7,14209.6,0.8033,cloud_heavy
274,10,11,11527.5,14409.4,0.8504,cloud_heavy
275,11,11,11409.5,14261.9,0.8912,cloud_heavy
276,12,11,11226.3,14032.9,0.923,cloud_heavy
277,13,11,11234.9,14043.6,0.9431,cloud_heavy
278,14,11,12085.5,15106.8,0.95,cloud_heavy
279,15,11,11714.4,14643.0,0.9431,cloud_heavy
280,16,11,11654.9,14568.6,0.923,cloud_heavy
281,17,11,10688.7,13360.8,0.8912,cloud_heavy
282,18,11,11314.2,14142.8,0.8504,cloud_heavy
283,19,11,10841.9,13552.3,0.8033,cloud_heavy
284,20,11,10018.9,12523.6,0.7533,cloud_heavy
285,21,11,9890.1,12362.6,0.7032,cloud_heavy
286,22,11,9793.2,12241.5,0.6556,cloud_heavy
287,23,11,9444.6,11805.7,0.6123,cloud_heavy
288,0,12,8431.5,10539.3,0.473,cloud_heavy
289,1,12,8548.8,10686.0,0.4835,cloud_heavy
290,2,12,8602.0,10752.5,0.4974,cloud_heavy
291,3,12,8826.0,11032.4,0.5152,cloud_heavy
292,4,12,9326.4,11658.0,0.5373,cloud_heavy
293,5,12,8405.6,10507.0,0.5636,cloud_heavy
294,6,12,9241.4,11551.7,0.5939,cloud_heavy
295,7,12,9578.9,11973.6,0.6272,cloud_heavy
296,8,12,9847.6,12309.5,0.6623,cloud_heavy
297,9,12,9881.8,12352.2,0.6973,cloud_heavy
298,10,12,9673.4,12091.8,0.7303,cloud_heavy
299,11,12,10503.7,13129.6,0.7589,cloud_heavy
300,12,12,11095.2,13869.0,0.7811,cloud_heavy
301,13,12,10152.3,12690.4,0.7952,cloud_heavy
302,14,12,10950.6,13688.3,0.8,cloud_heavy
303,15,12,10537.1,13171.4,0.7952,cloud_heavy
304,16,12,10529.2,13161.5,0.7811,cloud_heavy
305,17,12,10072.8,12591.0,0.7589,cloud_heavy
306,18,12,10109.2,12636.4,0.7303,cloud_heavy
307,19,12,10383.0,12978.8,0.6973,cloud_heavy
308,20,12,9931.6,12414.5,0.6623,cloud_heavy
309,21,12,10023.6,12529.5,0.6272,cloud_heavy
310,22,12,9636.2,12045.3,0.5939,cloud_heavy
311,23,12,9226.8,11533.5,0.5636,cloud_heavy
312,0,13,8951.0,11188.8,0.473,cloud_heavy
313,1,13,8688.4,10860.4,0.4835,cloud_heavy
314,2,13,8882.8,11103.6,0.4974,cloud_heavy
315,3,13,8707.6,10884.5,0.5152,cloud_heavy
316,4,13,8950.0,11187.4,0.5373,cloud_heavy
317,5,13,8916.3,11145.4,0.5636,cloud_heavy
318,6,13,9583.8,11979.8,0.5939,cloud_heavy
319,7,13,9191.6,11489.5,0.6272,cloud_heavy
320,8,13,9990.0,12487.6,0.6623,cloud_heavy
321,9,13,9936.1,12420.2,0.6973,cloud_heavy
322,10,13,10570.4,13213.0,0.7303,cloud_heavy
323,11,13,10635.6,13294.5,0.7589,cloud_heavy
324,12,13,11124.8,13905.9,0.7811,cloud_heavy
325,13,13,10875.3,13594.1,0.7952,cloud_heavy
326,14,13,10170.6,12713.3,0.8,cloud_heavy
327,15,13,10620.6,13275.8,0.7952,cloud_heavy
328,16,13,10177.7,12722.1,0.7811,cloud_heavy
329,17,13,10239.6,12799.5,0.7589,cloud_heavy
330,18,13,10674.6,13343.2,0.7303,cloud_heavy
331,19,13,10184.4,12730.5,0.6973,cloud_heavy
332,20,13,9556.3,11945.4,0.6623,cloud_heavy
333,21,13,9238.7,11548.3,0.6272,cloud_heavy
334,22,13,9316.6,11645.8,0.5939,cloud_heavy
335,23,13,8774.5,10968.1,0.5636,cloud_heavy
336,0,14,8398.8,10498.5,0.4829,cloud_heavy
337,1,14,8751.7,10939.6,0.4978,cloud_heavy
338,2,14,9107.2,11384.0,0.5177,cloud_heavy
339,3,14,9134.8,11418.5,0.5431,cloud_heavy
340,4,14,8549.1,10686.3,0.5747,cloud_heavy
341,5,14,9515.8,11894.8,0.6123,cloud_heavy
342,6,14,9737.3,12171.7,0.6556,cloud_heavy
343,7,14,10156.6,12695.7,0.7032,cloud_heavy
344,8,14,10866.7,13583.3,0.7533,cloud_heavy
345,9,14,10034.0,12542.5,0.8033,cloud_heavy
346,10,14,10812.7,13515.9,0.8504,cloud_heavy
347,11,14,11478.9,14348.7,0.8912,cloud_heavy
348,12,14,10944.2,13680.3,0.923,cloud_heavy
349,13,14,12137.4,15171.8,0.9431,cloud_heavy
350,14,14,11797.4,14746.8,0.95,cloud_heavy
351,15,14,11918.0,14897.5,0.9431,cloud_heavy
352,16,14,11292.6,14115.7,0.923,cloud_heavy
353,17,14,11554.3,14442.9,0.8912,cloud_heavy
354,18,14,11360.8,14201.0,0.8504,cloud_heavy
355,19,14,10770.8,13463.5,0.8033,cloud_heavy
356,20,14,10437.0,13046.3,0.7533,cloud_heavy
357,21,14,10113.4,12641.7,0.7032,cloud_heavy
358,22,14,9464.7,11830.9,0.6556,cloud_heavy
359,23,14,9388.0,11735.0,0.6123,cloud_heavy
360,0,15,8532.2,10665.2,0.4829,cloud_heavy
361,1,15,8770.3,10962.8,0.4978,cloud_heavy
362,2,15,9066.2,11332.7,0.5177,cloud_heavy
363,3,15,8686.1,10857.6,0.5431,cloud_heavy
364,4,15,9145.7,11432.1,0.5747,cloud_heavy
365,5,15,9848.8,12311.0,0.6123,cloud_heavy
366,6,15,9499.6,11874.5,0.6556,cloud_heavy
367,7,15,9784.5,12230.7,0.7032,cloud_heavy
368,8,15,10427.1,13033.8,0.7533,cloud_heavy
369,9,15,10967.0,13708.7,0.8033,cloud_heavy
370,10,15,11011.7,13764.6,0.8504,cloud_heavy
371,11,15,11728.7,14660.8,0.8912,cloud_heavy
372,12,15,11784.7,14730.8,0.923,cloud_heavy
373,13,15,11916.3,14895.4,0.9431,cloud_heavy
374,14,15,11862.5,14828.1,0.95,cloud_heavy
375,15,15,12434.4,15543.0,0.9431,cloud_heavy
376,16,15,11418.6,14273.3,0.923,cloud_heavy
377,17,15,10601.0,13251.3,0.8912,cloud_heavy
378,18,15,11537.7,14422.2,0.8504,cloud_heavy
379,19,15,10549.2,13186.5,0.8033,cloud_heavy
380,20,15,10397.7,12997.1,0.7533,cloud_heavy
381,21,15,10426.1,13032.7,0.7032,cloud_heavy
382,22,15,9249.3,11561.6,0.6556,cloud_heavy
383,23,15,9075.6,11344.6,0.6123,cloud_heavy
384,0,16,8159.6,10199.5,0.4829,cloud_heavy
385,1,16,8464.0,10580.0,0.4978,cloud_heavy
386,2,16,8918.2,11147.8,0.5177,cloud_heavy
387,3,16,9112.1,11390.1,0.5431,cloud_heavy
388,4,16,9256.2,11570.2,0.5747,cloud_heavy
389,5,16,9030.1,11287.6,0.6123,cloud_heavy
390,6,16,9043.0,11303.7,0.6556,cloud_heavy
391,7,16,10048.4,12560.5,0.7032,cloud_heavy
392,8,16,10217.5,12771.8,0.7533,cloud_heavy
393,9,16,10843.4,13554.3,0.8033,cloud_heavy
394,10,16,11239.8,14049.7,0.8504,cloud_heavy
395,11,16,11325.8,14157.2,0.8912,cloud_heavy
396,12,16,11751.4,14689.2,0.923,cloud_heavy
397,13,16,11702.7,14628.4,0.9431,cloud_heavy
398,14,16,11854.1,14817.6,0.95,cloud_heavy
399,15,16,11377.1,14221.3,0.9431,cloud_heavy
400,16,16,11427.4,14284.3,0.923,cloud_heavy
401,17,16,11345.6,14182.0,0.8912,cloud_heavy
402,18,16,11278.9,14098.6,0.8504,cloud_heavy
403,19,16,10569.7,13212.1,0.8033,cloud_heavy
404,20,16,10526.2,13157.7,0.7533,cloud_heavy
405,21,16,9952.0,12440.0,0.7032,cloud_heavy
406,22,16,9682.1,12102.6,0.6556,cloud_heavy
407,23,16,9664.4,12080.5,0.6123,cloud_heavy
408,0,17,8058.9,10073.6,0.4829,cloud_heavy
409,1,17,8333.3,10416.6,0.4978,cloud_heavy
410,2,17,8410.7,10513.4,0.5177,cloud_heavy
411,3,17,8342.9,10428.7,0.5431,cloud_heavy
412,4,17,8993.3,11241.6,0.5747,cloud_heavy
413,5,17,9641.7,12052.2,0.6123,cloud_heavy
414,6,17,9633.3,12041.6,0.6556,cloud_heavy
415,7,17,10091.5,12614.4,0.7032,cloud_heavy
416,8,17,10702.8,13378.5,0.7533,cloud_heavy
417,9,17,11122.1,13902.6,0.8033,cloud_heavy
418,10,17,10985.1,13731.4,0.8504,cloud_heavy
419,11,17,11737.0,14671.2,0.8912,cloud_heavy
420,12,17,11521.1,14401.4,0.923,cloud_heavy
421,13,17,11330.8,14163.5,0.9431,cloud_heavy
422,14,17,11460.4,14325.5,0.95,cloud_heavy
423,15,17,11106.5,13883.2,0.9431,cloud_heavy
424,16,17,11183.2,13979.0,0.923,cloud_heavy
425,17,17,11157.8,13947.3,0.8912,cloud_heavy
426,18,17,11273.3,14091.6,0.8504,cloud_heavy
427,19,17,11248.2,14060.3,0.8033,cloud_heavy
428,20,17,9934.4,12418.0,0.7533,cloud_heavy
429,21,17,10150.2,12687.8,0.7032,cloud_heavy
430,22,17,9413.0,11766.3,0.6556,cloud_heavy
431,23,17,9564.0,11955.0,0.6123,cloud_heavy
432,0,18,8537.7,10672.1,0.4829,cloud_heavy
433,1,18,8194.3,10242.9,0.4978,cloud_heavy
434,2,18,9047.3,11309.1,0.5177,cloud_heavy
435,3,18,8808.2,11010.2,0.5431,cloud_heavy
436,4,18,9033.1,11291.3,0.5747,cloud_heavy
437,5,18,9127.1,11408.9,0.6123,cloud_heavy
438,6,18,9525.6,11907.0,0.6556,cloud_heavy
439,7,18,10160.8,12701.0,0.7032,cloud_heavy
440,8,18,10305.3,12881.6,0.7533,cloud_heavy
441,9,18,10801.5,13501.9,0.8033,cloud_heavy
442,10,18,11127.5,13909.3,0.8504,cloud_heavy
443,11,18,11725.8,14657.3,0.8912,cloud_heavy
444,12,18,11371.2,14214.0,0.923,cloud_heavy
445,13,18,11107.8,13884.8,0.9431,cloud_heavy
446,14,18,12042.1,15052.6,0.95,cloud_heavy
447,15,18,11507.2,14384.0,0.9431,cloud_heavy
448,16,18,11873.5,14841.9,0.923,cloud_heavy
449,17,18,11408.7,14260.9,0.8912,cloud_heavy
450,18,18,10964.6,13705.8,0.8504,cloud_heavy
451,19,18,10808.0,13509.9,0.8033,cloud_heavy
452,20,18,10970.8,13713.5,0.7533,cloud_heavy
453,21,18,10657.1,13321.4,0.7032,cloud_heavy
454,22,18,9736.6,12170.7,0.6556,cloud_heavy
455,23,18,9475.0,11843.8,0.6123,cloud_heavy
456,0,19,8780.7,10975.8,0.473,cloud_heavy
457,1,19,8357.9,10447.3,0.4835,cloud_heavy
458,2,19,8754.2,10942.7,0.4974,cloud_heavy
459,3,19,8778.9,10973.7,0.5152,cloud_heavy
460,4,19,9016.2,11270.3,0.5373,cloud_heavy
461,5,19,8879.2,11099.0,0.5636,cloud_heavy
462,6,19,8863.6,11079.5,0.5939,cloud_heavy
463,7,19,8935.9,11169.9,0.6272,cloud_heavy
464,8,19,9433.8,11792.2,0.6623,cloud_heavy
465,9,19,9855.8,12319.7,0.6973,cloud_heavy
466,10,19,10121.8,12652.2,0.7303,cloud_heavy
467,11,19,11005.8,13757.3,0.7589,cloud_heavy
468,12,19,10898.6,13623.2,0.7811,cloud_heavy
469,13,19,10334.8,12918.5,0.7952,cloud_heavy
470,14,19,10785.3,13481.7,0.8,cloud_heavy
471,15,19,10512.0,13140.0,0.7952,cloud_heavy
472,16,19,10458.6,13073.3,0.7811,cloud_heavy
473,17,19,10459.2,13074.0,0.7589,cloud_heavy
474,18,19,10401.3,13001.6,0.7303,cloud_heavy
475,19,19,9891.6,12364.5,0.6973,cloud_heavy
476,20,19,10072.5,12590.6,0.6623,cloud_heavy
477,21,19,9202.0,11502.5,0.6272,cloud_heavy
478,22,19,9309.3,11636.6,0.5939,cloud_heavy
479,23,19,9816.6,12270.7,0.5636,cloud_heavy
480,0,20,8562.9,10703.7,0.473,cloud_heavy
481,1,20,8944.1,11180.2,0.4835,cloud_heavy
482,2,20,8691.3,10864.2,0.4974,cloud_heavy
483,3,20,8938.8,11173.5,0.5152,cloud_heavy
484,4,20,8916.9,11146.1,0.5373,cloud_heavy
485,5,20,9060.3,11325.4,0.5636,cloud_heavy
486,6,20,9089.8,11362.3,0.5939,cloud_heavy
487,7,20,9651.5,12064.3,0.6272,cloud_heavy
488,8,20,9511.6,11889.5,0.6623,cloud_heavy
489,9,20,10192.8,12741.0,0.6973,cloud_heavy
490,10,20,10544.1,13180.1,0.7303,cloud_heavy
491,11,20,10515.7,13144.6,0.7589,cloud_heavy
492,12,20,10458.0,13072.5,0.7811,cloud_heavy
493,13,20,10786.9,13483.7,0.7952,cloud_heavy
494,14,20,10575.2,13218.9,0.8,cloud_heavy
495,15,20,10940.7,13675.8,0.7952,cloud_heavy
496,16,20,9969.0,12461.3,0.7811,cloud_heavy
497,17,20,10296.6,12870.8,0.7589,cloud_heavy
498,18,20,9601.7,12002.2,0.7303,cloud_heavy
499,19,20,9545.1,11931.3,0.6973,cloud_heavy
500,20,20,10160.3,12700.4,0.6623,cloud_heavy
501,21,20,9784.3,12230.4,0.6272,cloud_heavy
502,22,20,9106.6,11383.2,0.5939,cloud_heavy
503,23,20,8696.4,10870.5,0.5636,cloud_heavy
504,0,21,7809.1,9761.4,0.4829,cloud_heavy
505,1,21,8529.2,10661.4,0.4978,cloud_heavy
506,2,21,9441.3,11801.6,0.5177,cloud_heavy
507,3,21,9088.0,11360.0,0.5431,cloud_heavy
508,4,21,9026.0,11282.5,0.5747,cloud_heavy
509,5,21,9561.3,11951.6,0.6123,cloud_heavy
510,6,21,9261.3,11576.7,0.6556,cloud_heavy
511,7,21,9942.5,12428.2,0.7032,cloud_heavy
512,8,21,10395.1,12993.8,0.7533,cloud_heavy
513,9,21,10668.4,13335.5,0.8033,cloud_heavy
514,10,21,11269.1,14086.4,0.8504,cloud_heavy
515,11,21,11395.6,14244.5,0.8912,cloud_heavy
516,12,21,11719.7,14649.6,0.923,cloud_heavy
517,13,21,11382.8,14228.4,0.9431,cloud_heavy
518,14,21,11982.8,14978.5,0.95,cloud_heavy
519,15,21,12190.8,15238.4,0.9431,cloud_heavy
520,16,21,11155.0,13943.7,0.923,cloud_heavy
521,17,21,10978.6,13723.3,0.8912,cloud_heavy
522,18,21,11449.1,14311.3,0.8504,cloud_heavy
523,19,21,10634.6,13293.3,0.8033,cloud_heavy
524,20,21,10800.6,13500.8,0.7533,cloud_heavy
525,21,21,9898.8,12373.5,0.7032,cloud_heavy
526,22,21,10140.5,12675.6,0.6556,cloud_heavy
527,23,21,9466.9,11833.6,0.6123,cloud_heavy
528,0,22,8637.8,10797.2,0.4829,cloud_heavy
529,1,22,9077.5,11346.9,0.4978,cloud_heavy
530,2,22,8706.6,10883.3,0.5177,cloud_heavy
531,3,22,8717.7,10897.1,0.5431,cloud_heavy
532,4,22,9056.6,11320.7,0.5747,cloud_heavy
533,5,22,9557.7,11947.1,0.6123,cloud_heavy
534,6,22,9259.9,11574.9,0.6556,cloud_heavy
535,7,22,10223.9,12779.8,0.7032,cloud_heavy
536,8,22,10196.6,12745.8,0.7533,cloud_heavy
537,9,22,11064.4,13830.4,0.8033,cloud_heavy
538,10,22,10217.3,12771.6,0.8504,cloud_heavy
539,11,22,11012.8,13766.0,0.8912,cloud_heavy
540,12,22,10908.1,13635.1,0.923,cloud_heavy
541,13,22,11334.7,14168.4,0.9431,cloud_heavy
542,14,22,11755.2,14694.0,0.95,cloud_heavy
543,15,22,11560.3,14450.4,0.9431,cloud_heavy
544,16,22,11402.0,14252.5,0.923,cloud_heavy
545,17,22,11225.1,14031.4,0.8912,cloud_heavy
546,18,22,11075.1,13843.9,0.8504,cloud_heavy
547,19,22,10372.4,12965.5,0.8033,cloud_heavy
548,20,22,10583.9,13229.9,0.7533,cloud_heavy
549,21,22,10231.4,12789.3,0.7032,cloud_heavy
550,22,22,9828.6,12285.7,0.6556,cloud_heavy
551,23,22,9587.2,11984.0,0.6123,cloud_heavy
552,0,23,8647.6,10809.5,0.4829,cloud_heavy
553,1,23,9199.9,11499.9,0.4978,cloud_heavy
554,2,23,8779.1,10973.9,0.5177,cloud_heavy
555,3,23,8888.3,11110.4,0.5431,cloud_heavy
556,4,23,8972.6,11215.7,0.5747,cloud_heavy
557,5,23,9137.7,11422.1,0.6123,cloud_heavy
558,6,23,9353.6,11692.0,0.6556,cloud_heavy
559,7,23,9764.5,12205.6,0.7032,cloud_heavy
560,8,23,10342.2,12927.7,0.7533,cloud_heavy
561,9,23,10803.3,13504.1,0.8033,cloud_heavy
562,10,23,11024.8,13781.0,0.8504,cloud_heavy
563,11,23,11019.9,13774.9,0.8912,cloud_heavy
564,12,23,11799.6,14749.5,0.923,cloud_heavy
565,13,23,11880.6,14850.7,0.9431,cloud_heavy
566,14,23,11612.6,14515.8,0.95,cloud_heavy
567,15,23,11395.1,14243.9,0.9431,cloud_heavy
568,16,23,11678.4,14598.0,0.923,cloud_heavy
569,17,23,11342.6,14178.2,0.8912,cloud_heavy
570,18,23,10529.7,13162.1,0.8504,cloud_heavy
571,19,23,10674.2,13342.8,0.8033,cloud_heavy
572,20,23,10445.6,13057.0,0.7533,cloud_heavy
573,21,23,9761.2,12201.5,0.7032,cloud_heavy
574,22,23,9771.7,12214.6,0.6556,cloud_heavy
575,23,23,9018.2,11272.7,0.6123,cloud_heavy
576,0,24,8915.0,11143.7,0.4829,cloud_heavy
577,1,24,8995.1,11243.9,0.4978,cloud_heavy
578,2,24,8735.5,10919.3,0.5177,cloud_heavy
579,3,24,9068.8,11336.0,0.5431,cloud_heavy
580,4,24,8516.4,10645.5,0.5747,cloud_heavy
581,5,24,9102.6,11378.3,0.6123,cloud_heavy
582,6,24,9630.7,12038.4,0.6556,cloud_heavy
583,7,24,9709.3,12136.7,0.7032,cloud_heavy
584,8,24,10586.3,13232.8,0.7533,cloud_heavy
585,9,24,11336.9,14171.2,0.8033,cloud_heavy
586,10,24,10619.4,13274.2,0.8504,cloud_heavy
587,11,24,10995.6,13744.5,0.8912,cloud_heavy
588,12,24,11570.5,14463.1,0.923,cloud_heavy
589,13,24,12184.5,15230.7,0.9431,cloud_heavy
590,14,24,11240.6,14050.8,0.95,cloud_heavy
591,15,24,11709.6,14637.0,0.9431,cloud_heavy
592,16,24,12117.1,15146.4,0.923,cloud_heavy
593,17,24,10720.1,13400.1,0.8912,cloud_heavy
594,18,24,10584.9,13231.1,0.8504,cloud_heavy
595,19,24,10560.1,13200.1,0.8033,cloud_heavy
596,20,24,10202.3,12752.9,0.7533,cloud_heavy
597,21,24,10276.6,12845.7,0.7032,cloud_heavy
598,22,24,9786.8,12233.5,0.6556,cloud_heavy
599,23,24,8927.6,11159.5,0.6123,cloud_heavy
600,0,25,8703.9,10879.9,0.4829,cloud_heavy
601,1,25,8520.3,10650.4,0.4978,cloud_heavy
602,2,25,9138.7,11423.3,0.5177,cloud_heavy
603,3,25,8802.1,11002.6,0.5431,cloud_heavy
604,4,25,9004.8,11256.0,0.5747,cloud_heavy
605,5,25,9582.8,11978.5,0.6123,cloud_heavy
606,6,25,9938.7,12423.4,0.6556,cloud_heavy
607,7,25,10166.9,12708.6,0.7032,cloud_heavy
608,8,25,9840.1,12300.1,0.7533,cloud_heavy
609,9,25,10868.7,13585.9,0.8033,cloud_heavy
610,10,25,10666.4,13333.0,0.8504,cloud_heavy
611,11,25,11358.6,14198.2,0.8912,cloud_heavy
612,12,25,10998.6,13748.3,0.923,cloud_heavy
613,13,25,11778.4,14723.0,0.9431,cloud_heavy
614,14,25,11386.1,14232.7,0.95,cloud_heavy
615,15,25,11175.5,13969.4,0.9431,cloud_heavy
616,16,25,11735.4,14669.2,0.923,cloud_heavy
617,17,25,11360.7,14200.9,0.8912,cloud_heavy
618,18,25,10805.2,13506.5,0.8504,cloud_heavy
619,19,25,11161.7,13952.1,0.8033,cloud_heavy
620,20,25,10227.1,12783.9,0.7533,cloud_heavy
621,21,25,10041.7,12552.1,0.7032,cloud_heavy
622,22,25,9794.7,12243.4,0.6556,cloud_heavy
623,23,25,9254.4,11568.0,0.6123,cloud_heavy
624,0,26,8626.2,10782.8,0.473,cloud_heavy
625,1,26,8438.2,10547.7,0.4835,cloud_heavy
626,2,26,8560.5,10700.6,0.4974,cloud_heavy
627,3,26,9144.9,11431.1,0.5152,cloud_heavy
628,4,26,8653.3,10816.6,0.5373,cloud_heavy
629,5,26,8447.7,10559.6,0.5636,cloud_heavy
630,6,26,9757.3,12196.6,0.5939,cloud_heavy
631,7,26,10257.2,12821.5,0.6272,cloud_heavy
632,8,26,9642.3,12052.8,0.6623,cloud_heavy
633,9,26,9412.6,11765.8,0.6973,cloud_heavy
634,10,26,10116.5,12645.6,0.7303,cloud_heavy
635,11,26,10312.0,12890.0,0.7589,cloud_heavy
636,12,26,10488.5,13110.6,0.7811,cloud_heavy
637,13,26,10286.5,12858.2,0.7952,cloud_heavy
638,14,26,10859.6,13574.5,0.8,cloud_heavy
639,15,26,10809.4,13511.8,0.7952,cloud_heavy
640,16,26,10075.7,12594.6,0.7811,cloud_heavy
641,17,26,10619.5,13274.4,0.7589,cloud_heavy
642,18,26,10840.4,13550.6,0.7303,cloud_heavy
643,19,26,10044.8,12556.0,0.6973,cloud_heavy
644,20,26,9662.2,12077.7,0.6623,cloud_heavy
645,21,26,9487.9,11859.8,0.6272,cloud_heavy
646,22,26,9479.3,11849.1,0.5939,cloud_heavy
647,23,26,8634.0,10792.5,0.5636,cloud_heavy
648,0,27,8548.0,10685.0,0.473,cloud_heavy
649,1,27,8475.0,10593.7,0.4835,cloud_heavy
650,2,27,9148.0,11435.0,0.4974,cloud_heavy
651,3,27,8739.8,10924.8,0.5152,cloud_heavy
652,4,27,9379.1,11723.8,0.5373,cloud_heavy
653,5,27,8805.3,11006.6,0.5636,cloud_heavy
654,6,27,9471.5,11839.3,0.5939,cloud_heavy
655,7,27,9619.8,12024.7,0.6272,cloud_heavy
656,8,27,9506.5,11883.1,0.6623,cloud_heavy
657,9,27,10046.5,12558.1,0.6973,cloud_heavy
658,10,27,10583.1,13228.8,0.7303,cloud_heavy
659,11,27,10300.3,12875.4,0.7589,cloud_heavy
660,12,27,10013.2,12516.5,0.7811,cloud_heavy
661,13,27,10636.4,13295.5,0.7952,cloud_heavy
662,14,27,10385.0,12981.3,0.8,cloud_heavy
663,15,27,10532.7,13165.9,0.7952,cloud_heavy
664,16,27,10522.8,13153.5,0.7811,cloud_heavy
665,17,27,9869.1,12336.4,0.7589,cloud_heavy
666,18,27,9716.7,12145.8,0.7303,cloud_heavy
667,19,27,10137.8,12672.3,0.6973,cloud_heavy
668,20,27,9607.9,12009.9,0.6623,cloud_heavy
669,21,27,8795.3,10994.1,0.6272,cloud_heavy
670,22,27,9526.6,11908.3,0.5939,cloud_heavy
671,23,27,9181.3,11476.6,0.5636,cloud_heavy
672,0,28,8387.8,10484.8,0.4829,cloud_heavy
673,1,28,8328.0,10410.0,0.4978,cloud_heavy
674,2,28,9022.8,11278.6,0.5177,cloud_heavy
675,3,28,9065.0,11331.3,0.5431,cloud_heavy
676,4,28,9836.3,12295.3,0.5747,cloud_heavy
677,5,28,9548.6,11935.7,0.6123,cloud_heavy
678,6,28,9829.3,12286.7,0.6556,cloud_heavy
679,7,28,9981.8,12477.2,0.7032,cloud_heavy
680,8,28,10618.1,13272.6,0.7533,cloud_heavy
681,9,28,10896.6,13620.8,0.8033,cloud_heavy
682,10,28,11421.3,14276.6,0.8504,cloud_heavy
683,11,28,11102.6,13878.2,0.8912,cloud_heavy
684,12,28,11339.3,14174.1,0.923,cloud_heavy
685,13,28,11455.7,14319.7,0.9431,cloud_heavy
686,14,28,11945.3,14931.7,0.95,cloud_heavy
687,15,28,12145.2,15181.5,0.9431,cloud_heavy
688,16,28,11331.2,14164.0,0.923,cloud_heavy
689,17,28,11135.2,13919.1,0.8912,cloud_heavy
690,18,28,11111.7,13889.6,0.8504,cloud_heavy
691,19,28,10617.2,13271.5,0.8033,cloud_heavy
692,20,28,10660.2,13325.2,0.7533,cloud_heavy
693,21,28,9354.3,11692.9,0.7032,cloud_heavy
694,22,28,9475.4,11844.2,0.6556,cloud_heavy
695,23,28,9208.4,11510.5,0.6123,cloud_heavy
696,0,29,7974.7,9968.4,0.4829,cloud_heavy
697,1,29,8419.9,10524.8,0.4978,cloud_heavy
698,2,29,8560.5,10700.6,0.5177,cloud_heavy
699,3,29,8916.9,11146.1,0.5431,cloud_heavy
700,4,29,9486.6,11858.3,0.5747,cloud_heavy
701,5,29,9360.4,11700.5,0.6123,cloud_heavy
702,6,29,9415.9,11769.8,0.6556,cloud_heavy
703,7,29,10014.9,12518.6,0.7032,cloud_heavy
704,8,29,10690.4,13363.0,0.7533,cloud_heavy
705,9,29,10382.9,12978.6,0.8033,cloud_heavy
706,10,29,10707.2,13384.0,0.8504,cloud_heavy
707,11,29,11468.0,14335.0,0.8912,cloud_heavy
708,12,29,11413.0,14266.2,0.923,cloud_heavy
709,13,29,11848.5,14810.7,0.9431,cloud_heavy
710,14,29,11663.7,14579.7,0.95,cloud_heavy
711,15,29,11867.4,14834.3,0.9431,cloud_heavy
712,16,29,11132.6,13915.7,0.923,cloud_heavy
713,17,29,11274.9,14093.6,0.8912,cloud_heavy
714,18,29,10938.4,13673.0,0.8504,cloud_heavy
715,19,29,10305.9,12882.4,0.8033,cloud_heavy
716,20,29,9878.0,12347.5,0.7533,cloud_heavy
717,21,29,10238.4,12798.0,0.7032,cloud_heavy
718,22,29,9614.0,12017.5,0.6556,cloud_heavy
719,23,29,9140.5,11425.7,0.6123,cloud_heavy
720,0,30,8546.7,10683.3,0.4829,cloud_heavy
721,1,30,8963.9,11204.9,0.4978,cloud_heavy
722,2,30,8199.9,10249.8,0.5177,cloud_heavy
723,3,30,8568.2,10710.2,0.5431,cloud_heavy
724,4,30,8925.9,11157.4,0.5747,cloud_heavy
725,5,30,9843.1,12303.8,0.6123,cloud_heavy
726,6,30,9798.7,12248.4,0.6556,cloud_heavy
727,7,30,10262.9,12828.7,0.7032,cloud_heavy
728,8,30,10009.6,12512.1,0.7533,cloud_heavy
729,9,30,10336.8,12921.0,0.8033,cloud_heavy
730,10,30,11155.8,13944.8,0.8504,cloud_heavy
731,11,30,11298.7,14123.4,0.8912,cloud_heavy
732,12,30,11678.5,14598.1,0.923,cloud_heavy
733,13,30,11557.3,14446.7,0.9431,cloud_heavy
734,14,30,11765.9,14707.3,0.95,cloud_heavy
735,15,30,11677.9,14597.4,0.9431,cloud_heavy
736,16,30,11757.4,14696.8,0.923,cloud_heavy
737,17,30,11552.0,14440.1,0.8912,cloud_heavy
738,18,30,10473.0,13091.3,0.8504,cloud_heavy
739,19,30,9974.9,12468.7,0.8033,cloud_heavy
740,20,30,10675.6,13344.5,0.7533,cloud_heavy
741,21,30,10389.5,12986.8,0.7032,cloud_heavy
742,22,30,9418.8,11773.5,0.6556,cloud_heavy
743,23,30,8903.6,11129.5,0.6123,cloud_heavy
744,0,31,8596.9,10746.1,0.4829,cloud_heavy
745,1,31,8912.7,11140.8,0.4978,cloud_heavy
746,2,31,9276.8,11596.0,0.5177,cloud_heavy
747,3,31,9109.9,11387.4,0.5431,cloud_heavy
748,4,31,9077.7,11347.2,0.5747,cloud_heavy
749,5,31,9177.1,11471.3,0.6123,cloud_heavy
750,6,31,9719.7,12149.6,0.6556,cloud_heavy
751,7,31,9941.9,12427.4,0.7032,cloud_heavy
752,8,31,10048.5,12560.7,0.7533,cloud_heavy
753,9,31,11353.4,14191.8,0.8033,cloud_heavy
754,10,31,11597.5,14496.8,0.8504,cloud_heavy
755,11,31,11663.4,14579.2,0.8912,cloud_heavy
756,12,31,11172.0,13964.9,0.923,cloud_heavy
757,13,31,11920.9,14901.1,0.9431,cloud_heavy
758,14,31,11892.4,14865.5,0.95,cloud_heavy
759,15,31,11777.1,14721.4,0.9431,cloud_heavy
760,16,31,11920.1,14900.1,0.923,cloud_heavy
761,17,31,11494.0,14367.5,0.8912,cloud_heavy
762,18,31,11252.3,14065.4,0.8504,cloud_heavy
763,19,31,10900.4,13625.5,0.8033,cloud_heavy
764,20,31,10470.1,13087.6,0.7533,cloud_heavy
765,21,31,9495.2,11869.0,0.7032,cloud_heavy
766,22,31,9740.7,12175.9,0.6556,cloud_heavy
767,23,31,9272.4,11590.5,0.6123,cloud_heavy
768,0,32,8242.3,10302.9,0.4829,cloud_heavy
769,1,32,9108.0,11385.0,0.4978,cloud_heavy
770,2,32,9258.7,11573.4,0.5177,cloud_heavy
771,3,32,9336.8,11671.0,0.5431,cloud_heavy
772,4,32,9250.4,11563.0,0.5747,cloud_heavy
773,5,32,9811.8,12264.8,0.6123,cloud_heavy
774,6,32,9719.9,12149.8,0.6556,cloud_heavy
775,7,32,10093.0,12616.3,0.7032,cloud_heavy
776,8,32,10024.2,12530.2,0.7533,cloud_heavy
777,9,32,10823.4,13529.3,0.8033,cloud_heavy
778,10,32,11027.9,13784.9,0.8504,cloud_heavy
779,11,32,10838.2,13547.7,0.8912,cloud_heavy
780,12,32,11471.7,14339.6,0.923,cloud_heavy
781,13,32,11595.0,14493.7,0.9431,cloud_heavy
782,14,32,12297.7,15372.2,0.95,cloud_heavy
783,15,32,11934.6,14918.2,0.9431,cloud_heavy
784,16,32,11493.3,14366.6,0.923,cloud_heavy
785,17,32,11363.2,14203.9,0.8912,cloud_heavy
786,18,32,11022.5,13778.2,0.8504,cloud_heavy
787,19,32,10630.9,13288.7,0.8033,cloud_heavy
788,20,32,10027.6,12534.5,0.7533,cloud_heavy
789,21,32,9986.5,12483.2,0.7032,cloud_heavy
790,22,32,9498.9,11873.6,0.6556,cloud_heavy
791,23,32,9076.0,11345.0,0.6123,cloud_heavy
792,0,33,8636.5,10795.6,0.473,cloud_heavy
793,1,33,8676.1,10845.1,0.4835,cloud_heavy
794,2,33,8203.0,10253.7,0.4974,cloud_heavy
795,3,33,8753.4,10941.8,0.5152,cloud_heavy
796,4,33,9198.9,11498.7,0.5373,cloud_heavy
797,5,33,9396.2,11745.3,0.5636,cloud_heavy
798,6,33,9593.9,11992.4,0.5939,cloud_heavy
799,7,33,9539.6,11924.5,0.6272,cloud_heavy
800,8,33,9513.5,11891.9,0.6623,cloud_heavy
801,9,33,9668.4,12085.5,0.6973,cloud_heavy
802,10,33,10317.2,12896.5,0.7303,cloud_heavy
803,11,33,10519.7,13149.6,0.7589,cloud_heavy
804,12,33,10956.0,13695.0,0.7811,cloud_heavy
805,13,33,10993.2,13741.5,0.7952,cloud_heavy
806,14,33,10631.7,13289.6,0.8,cloud_heavy
807,15,33,10244.8,12806.0,0.7952,cloud_heavy
808,16,33,10447.6,13059.5,0.7811,cloud_heavy
809,17,33,10469.1,13086.4,0.7589,cloud_heavy
810,18,33,10149.7,12687.1,0.7303,cloud_heavy
811,19,33,9820.0,12275.0,0.6973,cloud_heavy
812,20,33,9835.0,12293.8,0.6623,cloud_heavy
813,21,33,9384.4,11730.5,0.6272,cloud_heavy
814,22,33,9132.1,11415.1,0.5939,cloud_heavy
815,23,33,9191.9,11489.9,0.5636,cloud_heavy
816,0,34,8403.4,10504.3,0.473,cloud_heavy
817,1,34,8638.2,10797.8,0.4835,cloud_heavy
818,2,34,8738.6,10923.2,0.4974,cloud_heavy
819,3,34,8485.4,10606.8,0.5152,cloud_heavy
820,4,34,8803.2,11004.0,0.5373,cloud_heavy
821,5,34,9499.7,11874.6,0.5636,cloud_heavy
822,6,34,8983.0,11228.8,0.5939,cloud_heavy
823,7,34,8923.4,11154.2,0.6272,cloud_heavy
824,8,34,9215.8,11519.7,0.6623,cloud_heavy
825,9,34,10002.0,12502.5,0.6973,cloud_heavy
826,10,34,10221.1,12776.4,0.7303,cloud_heavy
827,11,34,10364.6,12955.8,0.7589,cloud_heavy
828,12,34,10932.8,13666.0,0.7811,cloud_heavy
829,13,34,9788.7,12235.8,0.7952,cloud_heavy
830,14,34,10800.8,13501.0,0.8,cloud_heavy
831,15,34,11140.5,13925.6,0.7952,cloud_heavy
832,16,34,10191.7,12739.6,0.7811,cloud_heavy
833,17,34,10282.8,12853.5,0.7589,cloud_heavy
834,18,34,9981.0,12476.2,0.7303,cloud_heavy
835,19,34,9725.2,12156.4,0.6973,cloud_heavy
836,20,34,9665.4,12081.8,0.6623,cloud_heavy
837,21,34,9936.5,12420.6,0.6272,cloud_heavy
838,22,34,9820.5,12275.7,0.5939,cloud_heavy
839,23,34,9015.1,11268.8,0.5636,cloud_heavy
840,0,35,9061.3,11326.6,0.4829,cloud_heavy
841,1,35,8679.8,10849.7,0.4978,cloud_heavy
842,2,35,9265.2,11581.5,0.5177,cloud_heavy
843,3,35,8945.9,11182.3,0.5431,cloud_heavy
844,4,35,9216.2,11520.2,0.5747,cloud_heavy
845,5,35,9533.1,11916.4,0.6123,cloud_heavy
846,6,35,10642.9,13303.7,0.6556,cloud_heavy
847,7,35,10288.2,12860.3,0.7032,cloud_heavy
848,8,35,10144.2,12680.3,0.7533,cloud_heavy
849,9,35,11007.0,13758.7,0.8033,cloud_heavy
850,10,35,10888.5,13610.6,0.8504,cloud_heavy
851,11,35,11113.3,13891.6,0.8912,cloud_heavy
852,12,35,11802.5,14753.2,0.923,cloud_heavy
853,13,35,11633.6,14542.0,0.9431,cloud_heavy
854,14,35,11766.0,14707.5,0.95,cloud_heavy
855,15,35,11627.7,14534.6,0.9431,cloud_heavy
856,16,35,11605.4,14506.7,0.923,cloud_heavy
857,17,35,11422.8,14278.5,0.8912,cloud_heavy
858,18,35,10368.3,12960.4,0.8504,cloud_heavy
859,19,35,10909.9,13637.4,0.8033,cloud_heavy
860,20,35,10058.8,12573.5,0.7533,cloud_heavy
861,21,35,9597.9,11997.4,0.7032,cloud_heavy
862,22,35,9699.3,12124.1,0.6556,cloud_heavy
863,23,35,9453.5,11816.9,0.6123,cloud_heavy
864,0,36,8393.1,10491.3,0.4829,cloud_heavy
865,1,36,8886.7,11108.4,0.4978,cloud_heavy
866,2,36,8447.7,10559.6,0.5177,cloud_heavy
867,3,36,8861.5,11076.8,0.5431,cloud_heavy
868,4,36,9019.0,11273.8,0.5747,cloud_heavy
869,5,36,9416.5,11770.7,0.6123,cloud_heavy
870,6,36,9797.6,12247.0,0.6556,cloud_heavy
871,7,36,9728.7,12160.8,0.7032,cloud_heavy
872,8,36,10589.3,13236.7,0.7533,cloud_heavy
873,9,36,10716.3,13395.3,0.8033,cloud_heavy
874,10,36,10383.2,12978.9,0.8504,cloud_heavy
875,11,36,10616.2,13270.3,0.8912,cloud_heavy
876,12,36,11485.1,14356.4,0.923,cloud_heavy
877,13,36,11545.7,14432.2,0.9431,cloud_heavy
878,14,36,11632.3,14540.4,0.95,cloud_heavy
879,15,36,11613.0,14516.3,0.9431,cloud_heavy
880,16,36,11567.1,14458.9,0.923,cloud_heavy
881,17,36,11599.6,14499.5,0.8912,cloud_heavy
882,18,36,10641.0,13301.3,0.8504,cloud_heavy
883,19,36,10320.0,12900.0,0.8033,cloud_heavy
884,20,36,10024.2,12530.3,0.7533,cloud_heavy
885,21,36,10119.0,12648.7,0.7032,cloud_heavy
886,22,36,10079.2,12599.0,0.6556,cloud_heavy
887,23,36,9307.7,11634.6,0.6123,cloud_heavy
888,0,37,7928.1,9910.1,0.4829,cloud_heavy
889,1,37,8227.3,10284.1,0.4978,cloud_heavy
890,2,37,8582.2,10727.7,0.5177,cloud_heavy
891,3,37,8820.9,11026.1,0.5431,cloud_heavy
892,4,37,9067.6,11334.5,0.5747,cloud_heavy
893,5,37,9440.6,11800.8,0.6123,cloud_heavy
894,6,37,9625.5,12031.8,0.6556,cloud_heavy
895,7,37,10347.8,12934.8,0.7032,cloud_heavy
896,8,37,10154.0,12692.4,0.7533,cloud_heavy
897,9,37,10419.3,13024.2,0.8033,cloud_heavy
898,10,37,11166.1,13957.6,0.8504,cloud_heavy
899,11,37,10759.4,13449.2,0.8912,cloud_heavy
900,12,37,11623.7,14529.6,0.923,cloud_heavy
901,13,37,11658.5,14573.2,0.9431,cloud_heavy
902,14,37,11616.9,14521.1,0.95,cloud_heavy
903,15,37,12176.6,15220.7,0.9431,cloud_heavy
904,16,37,11274.9,14093.6,0.923,cloud_heavy
905,17,37,11976.1,14970.1,0.8912,cloud_heavy
906,18,37,10933.5,13666.9,0.8504,cloud_heavy
907,19,37,10286.3,12857.8,0.8033,cloud_heavy
908,20,37,10385.9,12982.4,0.7533,cloud_heavy
909,21,37,9708.1,12135.1,0.7032,cloud_heavy
910,22,37,9497.2,11871.5,0.6556,cloud_heavy
911,23,37,9542.0,11927.6,0.6123,cloud_heavy
912,0,38,8714.3,10892.8,0.4829,cloud_heavy
913,1,38,8508.7,10635.9,0.4978,cloud_heavy
914,2,38,9062.9,11328.6,0.5177,cloud_heavy
915,3,38,9282.5,11603.1,0.5431,cloud_heavy
916,4,38,9575.7,11969.6,0.5747,cloud_heavy
917,5,38,9579.5,11974.4,0.6123,cloud_heavy
918,6,38,10113.8,12642.2,0.6556,cloud_heavy
919,7,38,9466.0,11832.4,0.7032,cloud_heavy
920,8,38,10265.3,12831.6,0.7533,cloud_heavy
921,9,38,10417.8,13022.3,0.8033,cloud_heavy
922,10,38,11047.3,13809.1,0.8504,cloud_heavy
923,11,38,11085.6,13857.0,0.8912,cloud_heavy
924,12,38,11432.1,14290.1,0.923,cloud_heavy
925,13,38,12279.1,15348.8,0.9431,cloud_heavy
926,14,38,11609.1,14511.4,0.95,cloud_heavy
927,15,38,11767.1,14708.8,0.9431,cloud_heavy
928,16,38,11409.3,14261.6,0.923,cloud_heavy
929,17,38,11304.6,14130.7,0.8912,cloud_heavy
930,18,38,11009.9,13762.4,0.8504,cloud_heavy
931,19,38,10839.9,13549.9,0.8033,cloud_heavy
932,20,38,10726.5,13408.1,0.7533,cloud_heavy
933,21,38,10527.8,13159.8,0.7032,cloud_heavy
934,22,38,9806.6,12258.2,0.6556,cloud_heavy
935,23,38,9596.5,11995.6,0.6123,cloud_heavy
936,0,39,8275.5,10344.3,0.4829,cloud_heavy
937,1,39,8647.7,10809.6,0.4978,cloud_heavy
938,2,39,9050.4,11313.0,0.5177,cloud_heavy
939,3,39,9204.0,11505.1,0.5431,cloud_heavy
940,4,39,9238.4,11548.0,0.5747,cloud_heavy
941,5,39,9680.5,12100.6,0.6123,cloud_heavy
942,6,39,9859.4,12324.2,0.6556,cloud_heavy
943,7,39,10393.2,12991.6,0.7032,cloud_heavy
944,8,39,10454.1,13067.6,0.7533,cloud_heavy
945,9,39,10581.9,13227.4,0.8033,cloud_heavy
946,10,39,11118.9,13898.6,0.8504,cloud_heavy
947,11,39,10287.4,12859.2,0.8912,cloud_heavy
948,12,39,11621.3,14526.7,0.923,cloud_heavy
949,13,39,10350.6,12938.3,0.9431,cloud_heavy
950,14,39,11065.2,13831.5,0.95,cloud_heavy
951,15,39,11780.3,14725.4,0.9431,cloud_heavy
952,16,39,11654.0,14567.4,0.923,cloud_heavy
953,17,39,10885.6,13607.1,0.8912,cloud_heavy
954,18,39,10772.8,13466.0,0.8504,cloud_heavy
955,19,39,11135.8,13919.8,0.8033,cloud_heavy
956,20,39,10213.7,12767.1,0.7533,cloud_heavy
957,21,39,10707.0,13383.8,0.7032,cloud_heavy
958,22,39,9715.8,12144.7,0.6556,cloud_heavy
959,23,39,9545.2,11931.4,0.6123,cloud_heavy
960,0,40,8918.6,11148.3,0.473,cloud_heavy
961,1,40,8609.1,10761.4,0.4835,cloud_heavy
962,2,40,8406.9,10508.6,0.4974,cloud_heavy
963,3,40,8756.8,10946.0,0.5152,cloud_heavy
964,4,40,8922.6,11153.2,0.5373,cloud_heavy
965,5,40,8734.0,10917.5,0.5636,cloud_heavy
966,6,40,9236.1,11545.1,0.5939,cloud_heavy
967,7,40,9316.3,11645.4,0.6272,cloud_heavy
968,8,40,10031.6,12539.5,0.6623,cloud_heavy
969,9,40,10003.7,12504.6,0.6973,cloud_heavy
970,10,40,10125.0,12656.2,0.7303,cloud_heavy
971,11,40,10368.2,12960.3,0.7589,cloud_heavy
972,12,40,10619.2,13274.0,0.7811,cloud_heavy
973,13,40,10838.9,13548.6,0.7952,cloud_heavy
974,14,40,10353.9,12942.3,0.8,cloud_heavy
975,15,40,10309.5,12886.8,0.7952,cloud_heavy
976,16,40,10898.2,13622.7,0.7811,cloud_heavy
977,17,40,10272.7,12840.8,0.7589,cloud_heavy
978,18,40,9777.6,12222.0,0.7303,cloud_heavy
979,19,40,10126.3,12657.9,0.6973,cloud_heavy
980,20,40,9896.6,12370.8,0.6623,cloud_heavy
981,21,40,9090.9,11363.6,0.6272,cloud_heavy
982,22,40,9371.6,11714.5,0.5939,cloud_heavy
983,23,40,9307.8,11634.8,0.5636,cloud_heavy
984,0,41,8601.6,10751.9,0.473,cloud_heavy
985,1,41,8738.0,10922.5,0.4835,cloud_heavy
986,2,41,8302.4,10378.0,0.4974,cloud_heavy
987,3,41,8873.0,11091.2,0.5152,cloud_heavy
988,4,41,8851.0,11063.8,0.5373,cloud_heavy
989,5,41,8975.0,11218.7,0.5636,cloud_heavy
990,6,41,9550.6,11938.2,0.5939,cloud_heavy
991,7,41,9951.3,12439.1,0.6272,cloud_heavy
992,8,41,10286.4,12858.0,0.6623,cloud_heavy
993,9,41,10387.5,12984.3,0.6973,cloud_heavy
994,10,41,10178.0,12722.5,0.7303,cloud_heavy
995,11,41,10511.4,13139.2,0.7589,cloud_heavy
996,12,41,10791.3,13489.1,0.7811,cloud_heavy
997,13,41,10680.7,13350.9,0.7952,cloud_heavy
998,14,41,10715.9,13394.8,0.8,cloud_heavy
999,15,41,10905.0,13631.2,0.7952,cloud_heavy
1000,16,41,10529.8,13162.3,0.7811,cloud_heavy
1001,17,41,10173.8,12717.2,0.7589,cloud_heavy
1002,18,41,10084.6,12605.8,0.7303,cloud_heavy
1003,19,41,10183.3,12729.2,0.6973,cloud_heavy
1004,20,41,9761.8,12202.3,0.6623,cloud_heavy
1005,21,41,9625.7,12032.1,0.6272,cloud_heavy
1006,22,41,9494.6,11868.2,0.5939,cloud_heavy
1007,23,41,9004.4,11255.6,0.5636,cloud_heavy
1008,0,42,8765.9,10957.3,0.4829,cloud_heavy
1009,1,42,8769.1,10961.3,0.4978,cloud_heavy
1010,2,42,8476.1,10595.1,0.5177,cloud_heavy
1011,3,42,9359.2,11698.9,0.5431,cloud_heavy
1012,4,42,9042.2,11302.7,0.5747,cloud_heavy
1013,5,42,8961.5,11201.9,0.6123,cloud_heavy
1014,6,42,9411.7,11764.6,0.6556,cloud_heavy
1015,7,42,9724.7,12155.9,0.7032,cloud_heavy
1016,8,42,10380.4,12975.5,0.7533,cloud_heavy
1017,9,42,10608.2,13260.2,0.8033,cloud_heavy
1018,10,42,10896.7,13620.9,0.8504,cloud_heavy
1019,11,42,11488.7,14360.8,0.8912,cloud_heavy
1020,12,42,11606.5,14508.1,0.923,cloud_heavy
1021,13,42,11733.0,14666.2,0.9431,cloud_heavy
1022,14,42,11812.0,14765.0,0.95,cloud_heavy
1023,15,42,11837.6,14797.0,0.9431,cloud_heavy
1024,16,42,10762.8,13453.5,0.923,cloud_heavy
1025,17,42,11155.7,13944.6,0.8912,cloud_heavy
1026,18,42,10288.0,12859.9,0.8504,cloud_heavy
1027,19,42,10707.6,13384.5,0.8033,cloud_heavy
1028,20,42,10362.7,12953.4,0.7533,cloud_heavy
1029,21,42,10346.7,12933.3,0.7032,cloud_heavy
1030,22,42,10062.5,12578.2,0.6556,cloud_heavy
1031,23,42,9487.1,11858.9,0.6123,cloud_heavy
1032,0,43,8442.7,10553.4,0.4829,cloud_heavy
1033,1,43,8796.7,10995.9,0.4978,cloud_heavy
1034,2,43,8662.7,10828.4,0.5177,cloud_heavy
1035,3,43,8970.6,11213.3,0.5431,cloud_heavy
1036,4,43,9451.7,11814.6,0.5747,cloud_heavy
1037,5,43,9271.9,11589.9,0.6123,cloud_heavy
1038,6,43,9951.2,12439.0,0.6556,cloud_heavy
1039,7,43,10235.9,12794.8,0.7032,cloud_heavy
1040,8,43,10067.3,12584.1,0.7533,cloud_heavy
1041,9,43,11008.5,13760.7,0.8033,cloud_heavy
1042,10,43,11238.6,14048.3,0.8504,cloud_heavy
1043,11,43,11313.5,14141.8,0.8912,cloud_heavy
1044,12,43,11226.6,14033.2,0.923,cloud_heavy
1045,13,43,11323.2,14154.0,0.9431,cloud_heavy
1046,14,43,11480.3,14350.4,0.95,cloud_heavy
1047,15,43,11812.0,14765.0,0.9431,cloud_heavy
1048,16,43,11160.0,13950.0,0.923,cloud_heavy
1049,17,43,11427.0,14283.8,0.8912,cloud_heavy
1050,18,43,10597.9,13247.3,0.8504,cloud_heavy
1051,19,43,10630.6,13288.2,0.8033,cloud_heavy
1052,20,43,10398.2,12997.8,0.7533,cloud_heavy
1053,21,43,10767.9,13459.9,0.7032,cloud_heavy
1054,22,43,9314.9,11643.6,0.6556,cloud_heavy
1055,23,43,9846.1,12307.7,0.6123,cloud_heavy
1056,0,44,8609.9,10762.4,0.4829,cloud_heavy
1057,1,44,8777.5,10971.9,0.4978,cloud_heavy
1058,2,44,8833.4,11041.7,0.5177,cloud_heavy
1059,3,44,9090.7,11363.3,0.5431,cloud_heavy
1060,4,44,9137.8,11422.2,0.5747,cloud_heavy
1061,5,44,9841.1,12301.3,0.6123,cloud_heavy
1062,6,44,9583.3,11979.1,0.6556,cloud_heavy
1063,7,44,10372.8,12965.9,0.7032,cloud_heavy
1064,8,44,10163.8,12704.7,0.7533,cloud_heavy
1065,9,44,10676.7,13345.9,0.8033,cloud_heavy
1066,10,44,10653.9,13317.4,0.8504,cloud_heavy
1067,11,44,11432.9,14291.2,0.8912,cloud_heavy
1068,12,44,11987.5,14984.3,0.923,cloud_heavy
1069,13,44,11595.8,14494.8,0.9431,cloud_heavy
1070,14,44,11599.6,14499.5,0.95,cloud_heavy
1071,15,44,11234.1,14042.7,0.9431,cloud_heavy
1072,16,44,11410.3,14262.9,0.923,cloud_heavy
1073,17,44,10740.0,13425.0,0.8912,cloud_heavy
1074,18,44,10706.5,13383.1,0.8504,cloud_heavy
1075,19,44,10768.8,13461.0,0.8033,cloud_heavy
1076,20,44,10774.3,13467.8,0.7533,cloud_heavy
1077,21,44,10877.5,13596.8,0.7032,cloud_heavy
1078,22,44,9545.4,11931.7,0.6556,cloud_heavy
1079,23,44,9835.8,12294.7,0.6123,cloud_heavy
1080,0,45,8634.1,10792.6,0.4829,cloud_heavy
1081,1,45,8631.2,10789.0,0.4978,cloud_heavy
1082,2,45,8916.4,11145.5,0.5177,cloud_heavy
1083,3,45,8987.7,11234.6,0.5431,cloud_heavy
1084,4,45,9210.5,11513.1,0.5747,cloud_heavy
1085,5,45,9314.2,11642.8,0.6123,cloud_heavy
1086,6,45,9308.8,11636.0,0.6556,cloud_heavy
1087,7,45,9567.4,11959.3,0.7032,cloud_heavy
1088,8,45,10567.3,13209.1,0.7533,cloud_heavy
1089,9,45,10607.3,13259.1,0.8033,cloud_heavy
1090,10,45,10811.1,13513.9,0.8504,cloud_heavy
1091,11,45,11281.9,14102.3,0.8912,cloud_heavy
1092,12,45,11763.4,14704.2,0.923,cloud_heavy
1093,13,45,11685.7,14607.1,0.9431,cloud_heavy
1094,14,45,11438.8,14298.6,0.95,cloud_heavy
1095,15,45,12050.4,15063.0,0.9431,cloud_heavy
1096,16,45,12033.7,15042.1,0.923,cloud_heavy
1097,17,45,11446.3,14307.9,0.8912,cloud_heavy
1098,18,45,11329.5,14161.9,0.8504,cloud_heavy
1099,19,45,11094.6,13868.2,0.8033,cloud_heavy
1100,20,45,10715.5,13394.4,0.7533,cloud_heavy
1101,21,45,10216.8,12771.0,0.7032,cloud_heavy
1102,22,45,9890.7,12363.4,0.6556,cloud_heavy
1103,23,45,9576.7,11970.9,0.6123,cloud_heavy
1104,0,46,8289.2,10361.5,0.4829,cloud_heavy
1105,1,46,8852.8,11066.0,0.4978,cloud_heavy
1106,2,46,8444.1,10555.1,0.5177,cloud_heavy
1107,3,46,8757.1,10946.4,0.5431,cloud_heavy
1108,4,46,9539.1,11923.9,0.5747,cloud_heavy
1109,5,46,9667.4,12084.3,0.6123,cloud_heavy
1110,6,46,10149.9,12687.4,0.6556,cloud_heavy
1111,7,46,9950.2,12437.8,0.7032,cloud_heavy
1112,8,46,10005.9,12507.4,0.7533,cloud_heavy
1113,9,46,10618.9,13273.6,0.8033,cloud_heavy
1114,10,46,11041.6,13802.0,0.8504,cloud_heavy
1115,11,46,11305.7,14132.1,0.8912,cloud_heavy
1116,12,46,11880.1,14850.1,0.923,cloud_heavy
1117,13,46,11496.8,14371.0,0.9431,cloud_heavy
1118,14,46,11791.7,14739.7,0.95,cloud_heavy
1119,15,46,11278.1,14097.6,0.9431,cloud_heavy
1120,16,46,11644.6,14555.7,0.923,cloud_heavy
1121,17,46,11280.0,14100.0,0.8912,cloud_heavy
1122,18,46,10760.3,13450.4,0.8504,cloud_heavy
1123,19,46,10620.4,13275.5,0.8033,cloud_heavy
1124,20,46,10306.9,12883.6,0.7533,cloud_heavy
1125,21,46,9950.7,12438.4,0.7032,cloud_heavy
1126,22,46,10232.7,12790.8,0.6556,cloud_heavy
1127,23,46,9401.9,11752.3,0.6123,cloud_heavy
1128,0,47,8443.8,10554.7,0.473,cloud_heavy
1129,1,47,8035.8,10044.8,0.4835,cloud_heavy
1130,2,47,8435.0,10543.8,0.4974,cloud_heavy
1131,3,47,8716.4,10895.5,0.5152,cloud_heavy
1132,4,47,8748.3,10935.4,0.5373,cloud_heavy
1133,5,47,9484.3,11855.4,0.5636,cloud_heavy
1134,6,47,9261.4,11576.8,0.5939,cloud_heavy
1135,7,47,9896.8,12370.9,0.6272,cloud_heavy
1136,8,47,9779.0,12223.8,0.6623,cloud_heavy
1137,9,47,10004.4,12505.5,0.6973,cloud_heavy
1138,10,47,10184.4,12730.5,0.7303,cloud_heavy
1139,11,47,10402.5,13003.1,0.7589,cloud_heavy
1140,12,47,11092.5,13865.7,0.7811,cloud_heavy
1141,13,47,9901.4,12376.8,0.7952,cloud_heavy
1142,14,47,10033.1,12541.3,0.8,cloud_heavy
1143,15,47,10468.6,13085.7,0.7952,cloud_heavy
1144,16,47,10553.2,13191.5,0.7811,cloud_heavy
1145,17,47,10616.7,13270.8,0.7589,cloud_heavy
1146,18,47,10356.5,12945.7,0.7303,cloud_heavy
1147,19,47,9878.1,12347.6,0.6973,cloud_heavy
1148,20,47,10059.4,12574.2,0.6623,cloud_heavy
1149,21,47,9822.9,12278.7,0.6272,cloud_heavy
1150,22,47,9358.9,11698.6,0.5939,cloud_heavy
1151,23,47,9369.9,11712.3,0.5636,cloud_heavy
1152,0,48,8575.6,10719.5,0.473,cloud_heavy
1153,1,48,8431.0,10538.7,0.4835,cloud_heavy
1154,2,48,8849.0,11061.2,0.4974,cloud_heavy
1155,3,48,8814.9,11018.6,0.5152,cloud_heavy
1156,4,48,8932.5,11165.6,0.5373,cloud_heavy
1157,5,48,9509.3,11886.6,0.5636,cloud_heavy
1158,6,48,8623.1,10778.9,0.5939,cloud_heavy
1159,7,48,9123.2,11404.0,0.6272,cloud_heavy
1160,8,48,9413.3,11766.7,0.6623,cloud_heavy
1161,9,48,9884.4,12355.5,0.6973,cloud_heavy
1162,10,48,10133.6,12667.0,0.7303,cloud_heavy
1163,11,48,9931.0,12413.7,0.7589,cloud_heavy
1164,12,48,10236.8,12796.0,0.7811,cloud_heavy
1165,13,48,10367.2,12959.0,0.7952,cloud_heavy
1166,14,48,11460.9,14326.1,0.8,cloud_heavy
1167,15,48,11217.2,14021.5,0.7952,cloud_heavy
1168,16,48,10418.3,13022.9,0.7811,cloud_heavy
1169,17,48,10287.9,12859.9,0.7589,cloud_heavy
1170,18,48,9859.6,12324.4,0.7303,cloud_heavy
1171,19,48,9421.2,11776.5,0.6973,cloud_heavy
1172,20,48,9726.7,12158.4,0.6623,cloud_heavy
1173,21,48,9243.2,11554.0,0.6272,cloud_heavy
1174,22,48,9283.8,11604.7,0.5939,cloud_heavy
1175,23,48,8669.7,10837.1,0.5636,cloud_heavy
1176,0,49,8375.5,10469.3,0.4829,cloud_heavy
1177,1,49,8709.2,10886.5,0.4978,cloud_heavy
1178,2,49,8898.8,11123.5,0.5177,cloud_heavy
1179,3,49,9083.3,11354.2,0.5431,cloud_heavy
1180,4,49,8816.4,11020.5,0.5747,cloud_heavy
1181,5,49,9671.5,12089.4,0.6123,cloud_heavy
1182,6,49,9483.1,11853.9,0.6556,cloud_heavy
1183,7,49,10222.5,12778.1,0.7032,cloud_heavy
1184,8,49,10360.8,12951.1,0.7533,cloud_heavy
1185,9,49,10254.4,12818.0,0.8033,cloud_heavy
1186,10,49,10903.5,13629.4,0.8504,cloud_heavy
1187,11,49,11402.6,14253.3,0.8912,cloud_heavy
1188,12,49,11700.6,14625.8,0.923,cloud_heavy
1189,13,49,11573.6,14467.0,0.9431,cloud_heavy
1190,14,49,12204.7,15255.9,0.95,cloud_heavy
1191,15,49,11974.1,14967.6,0.9431,cloud_heavy
1192,16,49,11400.9,14251.1,0.923,cloud_heavy
1193,17,49,11532.8,14416.0,0.8912,cloud_heavy
1194,18,49,11646.6,14558.2,0.8504,cloud_heavy
1195,19,49,11325.1,14156.4,0.8033,cloud_heavy
1196,20,49,9982.3,12477.9,0.7533,cloud_heavy
1197,21,49,9753.2,12191.4,0.7032,cloud_heavy
1198,22,49,10149.2,12686.5,0.6556,cloud_heavy
1199,23,49,9130.3,11412.9,0.6123,cloud_heavy
1200,0,50,8231.3,10289.1,0.4829,cloud_heavy
1201,1,50,8544.1,10680.1,0.4978,cloud_heavy
1202,2,50,8913.1,11141.4,0.5177,cloud_heavy
1203,3,50,8943.4,11179.3,0.5431,cloud_heavy
1204,4,50,9000.9,11251.2,0.5747,cloud_heavy
1205,5,50,9239.0,11548.7,0.6123,cloud_heavy
1206,6,50,9508.7,11885.9,0.6556,cloud_heavy
1207,7,50,9767.3,12209.1,0.7032,cloud_heavy
1208,8,50,11073.6,13842.0,0.7533,cloud_heavy
1209,9,50,10791.5,13489.4,0.8033,cloud_heavy
1210,10,50,11300.8,14126.0,0.8504,cloud_heavy
1211,11,50,11113.5,13891.9,0.8912,cloud_heavy
1212,12,50,11425.3,14281.6,0.923,cloud_heavy
1213,13,50,11374.0,14217.5,0.9431,cloud_heavy
1214,14,50,10740.3,13425.3,0.95,cloud_heavy
1215,15,50,11142.3,13927.9,0.9431,cloud_heavy
1216,16,50,10865.3,13581.6,0.923,cloud_heavy
1217,17,50,10517.7,13147.1,0.8912,cloud_heavy
1218,18,50,10613.2,13266.5,0.8504,cloud_heavy
1219,19,50,11121.2,13901.5,0.8033,cloud_heavy
1220,20,50,10350.3,12937.9,0.7533,cloud_heavy
1221,21,50,10420.4,13025.5,0.7032,cloud_heavy
1222,22,50,9836.1,12295.2,0.6556,cloud_heavy
1223,23,50,9651.1,12063.9,0.6123,cloud_heavy
1224,0,51,8339.7,10424.7,0.4829,cloud_heavy
1225,1,51,8806.8,11008.5,0.4978,cloud_heavy
1226,2,51,8994.6,11243.2,0.5177,cloud_heavy
1227,3,51,8815.8,11019.7,0.5431,cloud_heavy
1228,4,51,9334.2,11667.8,0.5747,cloud_heavy
1229,5,51,9589.9,11987.4,0.6123,cloud_heavy
1230,6,51,9556.1,11945.2,0.6556,cloud_heavy
1231,7,51,9694.1,12117.6,0.7032,cloud_heavy
1232,8,51,9996.0,12495.0,0.7533,cloud_heavy
1233,9,51,10723.8,13404.7,0.8033,cloud_heavy
1234,10,51,11115.9,13894.9,0.8504,cloud_heavy
1235,11,51,11010.8,13763.5,0.8912,cloud_heavy
1236,12,51,11498.5,14373.1,0.923,cloud_heavy
1237,13,51,11821.7,14777.1,0.9431,cloud_heavy
1238,14,51,11884.9,14856.1,0.95,cloud_heavy
1239,15,51,12163.9,15204.9,0.9431,cloud_heavy
1240,16,51,11929.5,14911.9,0.923,cloud_heavy
1241,17,51,10940.2,13675.2,0.8912,cloud_heavy
1242,18,51,11563.9,14454.9,0.8504,cloud_heavy
1243,19,51,10525.7,13157.1,0.8033,cloud_heavy
1244,20,51,10689.0,13361.3,0.7533,cloud_heavy
1245,21,51,10052.5,12565.6,0.7032,cloud_heavy
1246,22,51,9596.2,11995.2,0.6556,cloud_heavy
1247,23,51,8918.3,11147.9,0.6123,cloud_heavy
1248,0,52,8527.3,10659.1,0.4829,cloud_heavy
1249,1,52,8264.9,10331.1,0.4978,cloud_heavy
1250,2,52,9057.6,11322.0,0.5177,cloud_heavy
1251,3,52,9379.2,11724.0,0.5431,cloud_heavy
1252,4,52,8960.6,11200.8,0.5747,cloud_heavy
1253,5,52,9515.1,11893.9,0.6123,cloud_heavy
1254,6,52,9504.9,11881.1,0.6556,cloud_heavy
1255,7,52,9842.9,12303.6,0.7032,cloud_heavy
1256,8,52,10605.0,13256.2,0.7533,cloud_heavy
1257,9,52,10683.7,13354.6,0.8033,cloud_heavy
1258,10,52,11582.4,14478.1,0.8504,cloud_heavy
1259,11,52,11115.8,13894.8,0.8912,cloud_heavy
1260,12,52,11833.8,14792.3,0.923,cloud_heavy
1261,13,52,11656.7,14570.9,0.9431,cloud_heavy
1262,14,52,11947.1,14933.8,0.95,cloud_heavy
1263,15,52,11466.9,14333.6,0.9431,cloud_heavy
1264,16,52,11472.3,14340.3,0.923,cloud_heavy
1265,17,52,11239.9,14049.9,0.8912,cloud_heavy
1266,18,52,10731.8,13414.8,0.8504,cloud_heavy
1267,19,52,10908.5,13635.6,0.8033,cloud_heavy
1268,20,52,10566.3,13207.9,0.7533,cloud_heavy
1269,21,52,10210.6,12763.3,0.7032,cloud_heavy
1270,22,52,10164.3,12705.4,0.6556,cloud_heavy
1271,23,52,9839.7,12299.7,0.6123,cloud_heavy
1272,0,53,8475.0,10593.7,0.4829,cloud_heavy
1273,1,53,8767.6,10959.5,0.4978,cloud_heavy
1274,2,53,8637.5,10796.8,0.5177,cloud_heavy
1275,3,53,8977.3,11221.6,0.5431,cloud_heavy
1276,4,53,9014.9,11268.7,0.5747,cloud_heavy
1277,5,53,9888.0,12360.0,0.6123,cloud_heavy
1278,6,53,9822.4,12277.9,0.6556,cloud_heavy
1279,7,53,9966.4,12458.0,0.7032,cloud_heavy
1280,8,53,10735.3,13419.1,0.7533,cloud_heavy
1281,9,53,9999.5,12499.4,0.8033,cloud_heavy
1282,10,53,10342.8,12928.5,0.8504,cloud_heavy
1283,11,53,11548.3,14435.3,0.8912,cloud_heavy
1284,12,53,11510.2,14387.7,0.923,cloud_heavy
1285,13,53,11710.1,14637.6,0.9431,cloud_heavy
1286,14,53,11204.2,14005.2,0.95,cloud_heavy
1287,15,53,11614.7,14518.3,0.9431,cloud_heavy
1288,16,53,12179.9,15224.9,0.923,cloud_heavy
1289,17,53,11557.9,14447.3,0.8912,cloud_heavy
1290,18,53,11064.0,13830.0,0.8504,cloud_heavy
1291,19,53,10555.2,13193.9,0.8033,cloud_heavy
1292,20,53,10241.5,12801.8,0.7533,cloud_heavy
1293,21,53,9391.2,11739.0,0.7032,cloud_heavy
1294,22,53,9791.4,12239.3,0.6556,cloud_heavy
1295,23,53,9668.9,12086.1,0.6123,cloud_heavy
1296,0,54,8104.0,10129.9,0.473,cloud_heavy
1297,1,54,8405.3,10506.6,0.4835,cloud_heavy
1298,2,54,8366.6,10458.2,0.4974,cloud_heavy
1299,3,54,8531.3,10664.1,0.5152,cloud_heavy
1300,4,54,8946.5,11183.1,0.5373,cloud_heavy
1301,5,54,8537.4,10671.7,0.5636,cloud_heavy
1302,6,54,9479.0,11848.8,0.5939,cloud_heavy
1303,7,54,9743.9,12179.9,0.6272,cloud_heavy
1304,8,54,9687.4,12109.3,0.6623,cloud_heavy
1305,9,54,9249.6,11562.0,0.6973,cloud_heavy
1306,10,54,9906.4,12382.9,0.7303,cloud_heavy
1307,11,54,10786.0,13482.6,0.7589,cloud_heavy
1308,12,54,9669.5,12086.9,0.7811,cloud_heavy
1309,13,54,10531.0,13163.8,0.7952,cloud_heavy
1310,14,54,10296.1,12870.2,0.8,cloud_heavy
1311,15,54,10898.9,13623.6,0.7952,cloud_heavy
1312,16,54,10335.0,12918.7,0.7811,cloud_heavy
1313,17,54,10527.4,13159.2,0.7589,cloud_heavy
1314,18,54,10384.8,12981.0,0.7303,cloud_heavy
1315,19,54,10543.8,13179.7,0.6973,cloud_heavy
1316,20,54,9701.5,12126.9,0.6623,cloud_heavy
1317,21,54,9635.9,12044.9,0.6272,cloud_heavy
1318,22,54,8892.8,11116.0,0.5939,cloud_heavy
1319,23,54,9432.1,11790.1,0.5636,cloud_heavy
1320,0,55,8312.0,10389.9,0.473,cloud_heavy
1321,1,55,8431.2,10538.9,0.4835,cloud_heavy
1322,2,55,8661.8,10827.2,0.4974,cloud_heavy
1323,3,55,8373.8,10467.3,0.5152,cloud_heavy
1324,4,55,8993.4,11241.8,0.5373,cloud_heavy
1325,5,55,9371.2,11714.0,0.5636,cloud_heavy
1326,6,55,9389.3,11736.6,0.5939,cloud_heavy
1327,7,55,9074.3,11342.8,0.6272,cloud_heavy
1328,8,55,9724.7,12155.9,0.6623,cloud_heavy
1329,9,55,10215.7,12769.7,0.6973,cloud_heavy
1330,10,55,9636.3,12045.4,0.7303,cloud_heavy
1331,11,55,10066.0,12582.5,0.7589,cloud_heavy
1332,12,55,10826.0,13532.5,0.7811,cloud_heavy
1333,13,55,10728.2,13410.3,0.7952,cloud_heavy
1334,14,55,10805.9,13507.4,0.8,cloud_heavy
1335,15,55,11235.7,14044.6,0.7952,cloud_heavy
1336,16,55,10696.9,13371.1,0.7811,cloud_heavy
1337,17,55,10606.6,13258.3,0.7589,cloud_heavy
1338,18,55,11042.0,13802.6,0.7303,cloud_heavy
1339,19,55,9929.2,12411.5,0.6973,cloud_heavy
1340,20,55,9527.3,11909.1,0.6623,cloud_heavy
1341,21,55,9650.7,12063.4,0.6272,cloud_heavy
1342,22,55,9430.1,11787.6,0.5939,cloud_heavy
1343,23,55,8963.0,11203.7,0.5636,cloud_heavy
1344,0,56,8305.9,10382.4,0.4829,cloud_heavy
1345,1,56,9271.4,11589.2,0.4978,cloud_heavy
1346,2,56,8888.4,11110.6,0.5177,cloud_heavy
1347,3,56,8773.9,10967.4,0.5431,cloud_heavy
1348,4,56,9432.4,11790.4,0.5747,cloud_heavy
1349,5,56,9398.8,11748.6,0.6123,cloud_heavy
1350,6,56,9642.6,12053.3,0.6556,cloud_heavy
1351,7,56,10201.2,12751.5,0.7032,cloud_heavy
1352,8,56,9962.5,12453.1,0.7533,cloud_heavy
1353,9,56,10809.2,13511.5,0.8033,cloud_heavy
1354,10,56,11639.7,14549.6,0.8504,cloud_heavy
1355,11,56,11436.7,14295.9,0.8912,cloud_heavy
1356,12,56,11359.7,14199.6,0.923,cloud_heavy
1357,13,56,11446.0,14307.4,0.9431,cloud_heavy
1358,14,56,11524.9,14406.1,0.95,cloud_heavy
1359,15,56,11534.2,14417.8,0.9431,cloud_heavy
1360,16,56,11359.1,14198.9,0.923,cloud_heavy
1361,17,56,11589.0,14486.3,0.8912,cloud_heavy
1362,18,56,10435.6,13044.5,0.8504,cloud_heavy
1363,19,56,10972.6,13715.8,0.8033,cloud_heavy
1364,20,56,10246.1,12807.6,0.7533,cloud_heavy
1365,21,56,10145.4,12681.8,0.7032,cloud_heavy
1366,22,56,9387.8,11734.8,0.6556,cloud_heavy
1367,23,56,9805.6,12257.0,0.6123,cloud_heavy
1368,0,57,8891.7,11114.6,0.4829,cloud_heavy
1369,1,57,8920.1,11150.2,0.4978,cloud_heavy
1370,2,57,8402.1,10502.7,0.5177,cloud_heavy
1371,3,57,9194.1,11492.7,0.5431,cloud_heavy
1372,4,57,9291.6,11614.5,0.5747,cloud_heavy
1373,5,57,8975.6,11219.5,0.6123,cloud_heavy
1374,6,57,9709.3,12136.6,0.6556,cloud_heavy
1375,7,57,10141.7,12677.1,0.7032,cloud_heavy
1376,8,57,10537.0,13171.3,0.7533,cloud_heavy
1377,9,57,10752.9,13441.1,0.8033,cloud_heavy
1378,10,57,11104.1,13880.2,0.8504,cloud_heavy
1379,11,57,11777.6,14722.0,0.8912,cloud_heavy
1380,12,57,11911.9,14889.9,0.923,cloud_heavy
1381,13,57,10623.1,13278.9,0.9431,cloud_heavy
1382,14,57,11557.4,14446.7,0.95,cloud_heavy
1383,15,57,11565.4,14456.7,0.9431,cloud_heavy
1384,16,57,10885.4,13606.8,0.923,cloud_heavy
1385,17,57,11310.8,14138.6,0.8912,cloud_heavy
1386,18,57,11420.3,14275.4,0.8504,cloud_heavy
1387,19,57,10347.4,12934.2,0.8033,cloud_heavy
1388,20,57,10468.7,13085.9,0.7533,cloud_heavy
1389,21,57,9756.4,12195.5,0.7032,cloud_heavy
1390,22,57,9520.5,11900.6,0.6556,cloud_heavy
1391,23,57,9847.7,12309.6,0.6123,cloud_heavy
1392,0,58,8431.9,10539.8,0.4829,cloud_heavy
1393,1,58,8790.8,10988.4,0.4978,cloud_heavy
1394,2,58,8308.0,10385.0,0.5177,cloud_heavy
1395,3,58,9472.2,11840.2,0.5431,cloud_heavy
1396,4,58,9346.1,11682.6,0.5747,cloud_heavy
1397,5,58,9378.1,11722.6,0.6123,cloud_heavy
1398,6,58,9884.1,12355.1,0.6556,cloud_heavy
1399,7,58,9607.7,12009.6,0.7032,cloud_heavy
1400,8,58,10731.8,13414.8,0.7533,cloud_heavy
1401,9,58,10592.1,13240.1,0.8033,cloud_heavy
1402,10,58,10940.6,13675.7,0.8504,cloud_heavy
1403,11,58,11112.6,13890.8,0.8912,cloud_heavy
1404,12,58,11289.2,14111.5,0.923,cloud_heavy
1405,13,58,11865.0,14831.2,0.9431,cloud_heavy
1406,14,58,11758.1,14697.6,0.95,cloud_heavy
1407,15,58,11850.0,14812.5,0.9431,cloud_heavy
1408,16,58,11486.3,14357.9,0.923,cloud_heavy
1409,17,58,11452.6,14315.8,0.8912,cloud_heavy
1410,18,58,10869.6,13587.0,0.8504,cloud_heavy
1411,19,58,11411.5,14264.4,0.8033,cloud_heavy
1412,20,58,9876.6,12345.8,0.7533,cloud_heavy
1413,21,58,10411.5,13014.4,0.7032,cloud_heavy
1414,22,58,10115.1,12643.8,0.6556,cloud_heavy
1415,23,58,9188.7,11485.8,0.6123,cloud_heavy
1416,0,59,9144.6,11430.8,0.4829,cloud_heavy
1417,1,59,8929.5,11161.8,0.4978,cloud_heavy
1418,2,59,9058.6,11323.2,0.5177,cloud_heavy
1419,3,59,8978.5,11223.2,0.5431,cloud_heavy
1420,4,59,9120.3,11400.3,0.5747,cloud_heavy
1421,5,59,9370.5,11713.1,0.6123,cloud_heavy
1422,6,59,9830.2,12287.7,0.6556,cloud_heavy
1423,7,59,10453.7,13067.1,0.7032,cloud_heavy
1424,8,59,10420.5,13025.7,0.7533,cloud_heavy
1425,9,59,10403.6,13004.5,0.8033,cloud_heavy
1426,10,59,11280.2,14100.3,0.8504,cloud_heavy
1427,11,59,11590.7,14488.3,0.8912,cloud_heavy
1428,12,59,11715.0,14643.8,0.923,cloud_heavy
1429,13,59,11882.7,14853.4,0.9431,cloud_heavy
1430,14,59,11573.7,14467.1,0.95,cloud_heavy
1431,15,59,11298.9,14123.6,0.9431,cloud_heavy
1432,16,59,11190.1,13987.6,0.923,cloud_heavy
1433,17,59,10725.6,13407.0,0.8912,cloud_heavy
1434,18,59,11086.2,13857.7,0.8504,cloud_heavy
1435,19,59,10669.3,13336.6,0.8033,cloud_heavy
1436,20,59,10227.3,12784.2,0.7533,cloud_heavy
1437,21,59,9142.5,11428.1,0.7032,cloud_heavy
1438,22,59,9352.8,11690.9,0.6556,cloud_heavy
1439,23,59,9746.8,12183.5,0.6123,cloud_heavy
1440,0,60,8400.5,10500.6,0.4829,cloud_heavy
1441,1,60,8764.3,10955.4,0.4978,cloud_heavy
1442,2,60,8434.9,10543.6,0.5177,cloud_heavy
1443,3,60,9358.2,11697.7,0.5431,cloud_heavy
1444,4,60,9140.4,11425.5,0.5747,cloud_heavy
1445,5,60,9511.8,11889.7,0.6123,cloud_heavy
1446,6,60,10394.3,12992.8,0.6556,cloud_heavy
1447,7,60,10488.4,13110.5,0.7032,cloud_heavy
1448,8,60,10268.8,12836.0,0.7533,cloud_heavy
1449,9,60,10505.7,13132.1,0.8033,cloud_heavy
1450,10,60,10900.4,13625.5,0.8504,cloud_heavy
1451,11,60,11451.5,14314.4,0.8912,cloud_heavy
1452,12,60,11453.1,14316.4,0.923,cloud_heavy
1453,13,60,11485.0,14356.2,0.9431,cloud_heavy
1454,14,60,12182.1,15227.6,0.95,cloud_heavy
1455,15,60,11583.0,14478.7,0.9431,cloud_heavy
1456,16,60,12282.0,15352.5,0.923,cloud_heavy
1457,17,60,11309.7,14137.1,0.8912,cloud_heavy
1458,18,60,11597.5,14496.9,0.8504,cloud_heavy
1459,19,60,10810.7,13513.4,0.8033,cloud_heavy
1460,20,60,10663.6,13329.4,0.7533,cloud_heavy
1461,21,60,9813.9,12267.4,0.7032,cloud_heavy
1462,22,60,9467.5,11834.3,0.6556,cloud_heavy
1463,23,60,9559.8,11949.7,0.6123,cloud_heavy
1464,0,61,8758.3,10947.9,0.473,cloud_heavy
1465,1,61,8585.8,10732.2,0.4835,cloud_heavy
1466,2,61,8333.0,10416.3,0.4974,cloud_heavy
1467,3,61,8427.2,10534.0,0.5152,cloud_heavy
1468,4,61,8549.7,10687.1,0.5373,cloud_heavy
1469,5,61,8623.9,10779.9,0.5636,cloud_heavy
1470,6,61,9338.1,11672.6,0.5939,cloud_heavy
1471,7,61,9850.0,12312.6,0.6272,cloud_heavy
1472,8,61,9757.0,12196.3,0.6623,cloud_heavy
1473,9,61,9315.6,11644.5,0.6973,cloud_heavy
1474,10,61,10153.2,12691.5,0.7303,cloud_heavy
1475,11,61,10350.5,12938.2,0.7589,cloud_heavy
1476,12,61,11211.9,14014.9,0.7811,cloud_heavy
1477,13,61,10176.8,12721.0,0.7952,cloud_heavy
1478,14,61,10548.9,13186.1,0.8,cloud_heavy
1479,15,61,11186.6,13983.3,0.7952,cloud_heavy
1480,16,61,10691.0,13363.7,0.7811,cloud_heavy
1481,17,61,10577.1,13221.4,0.7589,cloud_heavy
1482,18,61,10246.7,12808.4,0.7303,cloud_heavy
1483,19,61,10092.2,12615.2,0.6973,cloud_heavy
1484,20,61,9988.7,12485.8,0.6623,cloud_heavy
1485,21,61,9297.1,11621.3,0.6272,cloud_heavy
1486,22,61,9552.7,11940.8,0.5939,cloud_heavy
1487,23,61,8731.7,10914.7,0.5636,cloud_heavy
1488,0,62,8589.8,10737.3,0.473,cloud_heavy
1489,1,62,8621.4,10776.8,0.4835,cloud_heavy
1490,2,62,8507.3,10634.1,0.4974,cloud_heavy
1491,3,62,8779.8,10974.7,0.5152,cloud_heavy
1492,4,62,8765.3,10956.6,0.5373,cloud_heavy
1493,5,62,8814.1,11017.6,0.5636,cloud_heavy
1494,6,62,9208.7,11510.9,0.5939,cloud_heavy
1495,7,62,9212.9,11516.1,0.6272,cloud_heavy
1496,8,62,9855.5,12319.3,0.6623,cloud_heavy
1497,9,62,9648.5,12060.6,0.6973,cloud_heavy
1498,10,62,10429.7,13037.2,0.7303,cloud_heavy
1499,11,62,10032.7,12540.8,0.7589,cloud_heavy
1500,12,62,10369.4,12961.7,0.7811,cloud_heavy
1501,13,62,10442.6,13053.2,0.7952,cloud_heavy
1502,14,62,11098.3,13872.9,0.8,cloud_heavy
1503,15,62,10747.4,13434.3,0.7952,cloud_heavy
1504,16,62,10481.6,13102.0,0.7811,cloud_heavy
1505,17,62,10557.0,13196.2,0.7589,cloud_heavy
1506,18,62,9566.1,11957.6,0.7303,cloud_heavy
1507,19,62,9980.3,12475.4,0.6973,cloud_heavy
1508,20,62,10345.9,12932.4,0.6623,cloud_heavy
1509,21,62,9566.3,11957.9,0.6272,cloud_heavy
1510,22,62,9326.4,11658.1,0.5939,cloud_heavy
1511,23,62,9256.6,11570.8,0.5636,cloud_heavy
1512,0,63,8801.7,11002.1,0.4829,cloud_heavy
1513,1,63,8151.0,10188.7,0.4978,cloud_heavy
1514,2,63,8357.9,10447.4,0.5177,cloud_heavy
1515,3,63,9027.6,11284.5,0.5431,cloud_heavy
1516,4,63,8983.2,11229.0,0.5747,cloud_heavy
1517,5,63,9800.9,12251.1,0.6123,cloud_heavy
1518,6,63,9624.5,12030.6,0.6556,cloud_heavy
1519,7,63,9449.8,11812.2,0.7032,cloud_heavy
1520,8,63,9969.9,12462.4,0.7533,cloud_heavy
1521,9,63,9813.7,12267.1,0.8033,cloud_heavy
1522,10,63,10930.6,13663.3,0.8504,cloud_heavy
1523,11,63,11215.2,14019.0,0.8912,cloud_heavy
1524,12,63,11343.1,14178.8,0.923,cloud_heavy
1525,13,63,11999.0,14998.7,0.9431,cloud_heavy
1526,14,63,12088.0,15110.1,0.95,cloud_heavy
1527,15,63,11563.4,14454.2,0.9431,cloud_heavy
1528,16,63,10753.6,13442.0,0.923,cloud_heavy
1529,17,63,11487.8,14359.8,0.8912,cloud_heavy
1530,18,63,11191.3,13989.2,0.8504,cloud_heavy
1531,19,63,10795.3,13494.1,0.8033,cloud_heavy
1532,20,63,10669.3,13336.6,0.7533,cloud_heavy
1533,21,63,9681.4,12101.8,0.7032,cloud_heavy
1534,22,63,10301.9,12877.3,0.6556,cloud_heavy
1535,23,63,9158.3,11447.9,0.6123,cloud_heavy
1536,0,64,8764.0,10955.1,0.4829,cloud_heavy
1537,1,64,8231.6,10289.5,0.4978,cloud_heavy
1538,2,64,8556.5,10695.6,0.5177,cloud_heavy
1539,3,64,9379.1,11723.9,0.5431,cloud_heavy
1540,4,64,9108.2,11385.3,0.5747,cloud_heavy
1541,5,64,9667.3,12084.2,0.6123,cloud_heavy
1542,6,64,9785.4,12231.8,0.6556,cloud_heavy
1543,7,64,10000.4,12500.5,0.7032,cloud_heavy
1544,8,64,10788.2,13485.3,0.7533,cloud_heavy
1545,9,64,10620.1,13275.1,0.8033,cloud_heavy
1546,10,64,10419.9,13024.8,0.8504,cloud_heavy
1547,11,64,11007.2,13759.0,0.8912,cloud_heavy
1548,12,64,11679.3,14599.2,0.923,cloud_heavy
1549,13,64,11760.7,14700.9,0.9431,cloud_heavy
1550,14,64,11119.9,13899.9,0.95,cloud_heavy
1551,15,64,11370.2,14212.8,0.9431,cloud_heavy
1552,16,64,11288.8,14111.1,0.923,cloud_heavy
1553,17,64,11155.3,13944.1,0.8912,cloud_heavy
1554,18,64,10553.6,13192.0,0.8504,cloud_heavy
1555,19,64,10494.4,13118.0,0.8033,cloud_heavy
1556,20,64,10137.6,12672.0,0.7533,cloud_heavy
1557,21,64,10264.2,12830.3,0.7032,cloud_heavy
1558,22,64,9952.2,12440.2,0.6556,cloud_heavy
1559,23,64,9388.5,11735.6,0.6123,cloud_heavy
1560,0,65,8470.6,10588.2,0.4829,cloud_heavy
1561,1,65,8706.9,10883.7,0.4978,cloud_heavy
1562,2,65,8586.5,10733.1,0.5177,cloud_heavy
1563,3,65,8662.3,10827.9,0.5431,cloud_heavy
1564,4,65,8921.2,11151.5,0.5747,cloud_heavy
1565,5,65,9250.1,11562.7,0.6123,cloud_heavy
1566,6,65,9377.2,11721.5,0.6556,cloud_heavy
1567,7,65,10080.8,12601.0,0.7032,cloud_heavy
1568,8,65,10591.0,13238.8,0.7533,cloud_heavy
1569,9,65,10186.8,12733.5,0.8033,cloud_heavy
1570,10,65,11016.2,13770.3,0.8504,cloud_heavy
1571,11,65,11204.6,14005.7,0.8912,cloud_heavy
1572,12,65,11607.1,14508.8,0.923,cloud_heavy
1573,13,65,11618.3,14522.8,0.9431,cloud_heavy
1574,14,65,11159.7,13949.6,0.95,cloud_heavy
1575,15,65,11182.6,13978.3,0.9431,cloud_heavy
1576,16,65,11499.5,14374.4,0.923,cloud_heavy
1577,17,65,11627.1,14533.9,0.8912,cloud_heavy
1578,18,65,10276.7,12845.9,0.8504,cloud_heavy
1579,19,65,10807.0,13508.7,0.8033,cloud_heavy
1580,20,65,10734.0,13417.5,0.7533,cloud_heavy
1581,21,65,9985.9,12482.4,0.7032,cloud_heavy
1582,22,65,9876.7,12345.9,0.6556,cloud_heavy
1583,23,65,9230.8,11538.5,0.6123,cloud_heavy
1584,0,66,8540.7,10675.9,0.4829,cloud_heavy
1585,1,66,8248.9,10311.1,0.4978,cloud_heavy
1586,2,66,8183.1,10228.8,0.5177,cloud_heavy
1587,3,66,9224.7,11530.9,0.5431,cloud_heavy
1588,4,66,8908.8,11136.0,0.5747,cloud_heavy
1589,5,66,9300.9,11626.1,0.6123,cloud_heavy
1590,6,66,9312.2,11640.3,0.6556,cloud_heavy
1591,7,66,9607.7,12009.6,0.7032,cloud_heavy
1592,8,66,10310.1,12887.6,0.7533,cloud_heavy
1593,9,66,10461.9,13077.4,0.8033,cloud_heavy
1594,10,66,11132.8,13916.0,0.8504,cloud_heavy
1595,11,66,11432.1,14290.1,0.8912,cloud_heavy
1596,12,66,11599.9,14499.9,0.923,cloud_heavy
1597,13,66,11706.0,14632.5,0.9431,cloud_heavy
1598,14,66,12220.8,15276.0,0.95,cloud_heavy
1599,15,66,11250.5,14063.2,0.9431,cloud_heavy
1600,16,66,11470.4,14338.0,0.923,cloud_heavy
1601,17,66,11662.2,14577.8,0.8912,cloud_heavy
1602,18,66,11425.5,14281.9,0.8504,cloud_heavy
1603,19,66,10239.8,12799.8,0.8033,cloud_heavy
1604,20,66,10267.0,12833.8,0.7533,cloud_heavy
1605,21,66,10440.7,13050.9,0.7032,cloud_heavy
1606,22,66,9864.4,12330.5,0.6556,cloud_heavy
1607,23,66,9485.0,11856.2,0.6123,cloud_heavy
1608,0,67,8515.4,10644.3,0.4829,cloud_heavy
1609,1,67,8570.7,10713.4,0.4978,cloud_heavy
1610,2,67,8878.2,11097.8,0.5177,cloud_heavy
1611,3,67,8903.1,11128.8,0.5431,cloud_heavy
1612,4,67,9168.4,11460.5,0.5747,cloud_heavy
1613,5,67,9452.0,11814.9,0.6123,cloud_heavy
1614,6,67,9518.7,11898.4,0.6556,cloud_heavy
1615,7,67,10192.2,12740.2,0.7032,cloud_heavy
1616,8,67,11270.3,14087.8,0.7533,cloud_heavy
1617,9,67,10125.8,12657.3,0.8033,cloud_heavy
1618,10,67,11114.9,13893.7,0.8504,cloud_heavy
1619,11,67,11021.8,13777.2,0.8912,cloud_heavy
1620,12,67,11688.4,14610.5,0.923,cloud_heavy
1621,13,67,11639.0,14548.8,0.9431,cloud_heavy
1622,14,67,11935.2,14919.0,0.95,cloud_heavy
1623,15,67,12032.7,15040.8,0.9431,cloud_heavy
1624,16,67,11555.7,14444.6,0.923,cloud_heavy
1625,17,67,11662.0,14577.5,0.8912,cloud_heavy
1626,18,67,10233.8,12792.2,0.8504,cloud_heavy
1627,19,67,11206.4,14008.0,0.8033,cloud_heavy
1628,20,67,10480.8,13101.0,0.7533,cloud_heavy
1629,21,67,10356.4,12945.5,0.7032,cloud_heavy
1630,22,67,9360.8,11700.9,0.6556,cloud_heavy
1631,23,67,9194.7,11493.4,0.6123,cloud_heavy
1632,0,68,8543.3,10679.1,0.473,cloud_heavy
1633,1,68,8571.0,10713.8,0.4835,cloud_heavy
1634,2,68,8741.2,10926.4,0.4974,cloud_heavy
1635,3,68,9071.6,11339.5,0.5152,cloud_heavy
1636,4,68,8459.1,10573.9,0.5373,cloud_heavy
1637,5,68,9372.9,11716.1,0.5636,cloud_heavy
1638,6,68,9309.8,11637.2,0.5939,cloud_heavy
1639,7,68,9470.2,11837.8,0.6272,cloud_heavy
1640,8,68,9330.2,11662.7,0.6623,cloud_heavy
1641,9,68,10144.1,12680.1,0.6973,cloud_heavy
1642,10,68,9472.1,11840.1,0.7303,cloud_heavy
1643,11,68,10603.7,13254.6,0.7589,cloud_heavy
1644,12,68,10076.4,12595.5,0.7811,cloud_heavy
1645,13,68,10659.1,13323.8,0.7952,cloud_heavy
1646,14,68,10635.8,13294.8,0.8,cloud_heavy
1647,15,68,11015.4,13769.2,0.7952,cloud_heavy
1648,16,68,10492.1,13115.1,0.7811,cloud_heavy
1649,17,68,10184.7,12730.9,0.7589,cloud_heavy
1650,18,68,10056.4,12570.5,0.7303,cloud_heavy
1651,19,68,10374.9,12968.6,0.6973,cloud_heavy
1652,20,68,9918.0,12397.5,0.6623,cloud_heavy
1653,21,68,9418.2,11772.8,0.6272,cloud_heavy
1654,22,68,9241.5,11551.8,0.5939,cloud_heavy
1655,23,68,8678.7,10848.4,0.5636,cloud_heavy
1656,0,69,8605.2,10756.4,0.473,cloud_heavy
1657,1,69,8122.7,10153.4,0.4835,cloud_heavy
1658,2,69,8863.0,11078.8,0.4974,cloud_heavy
1659,3,69,8819.6,11024.6,0.5152,cloud_heavy
1660,4,69,9571.7,11964.7,0.5373,cloud_heavy
1661,5,69,8806.3,11007.9,0.5636,cloud_heavy
1662,6,69,9278.8,11598.5,0.5939,cloud_heavy
1663,7,69,10042.5,12553.1,0.6272,cloud_heavy
1664,8,69,10109.8,12637.3,0.6623,cloud_heavy
1665,9,69,9784.6,12230.7,0.6973,cloud_heavy
1666,10,69,10280.2,12850.3,0.7303,cloud_heavy
1667,11,69,10402.0,13002.4,0.7589,cloud_heavy
1668,12,69,10637.8,13297.3,0.7811,cloud_heavy
1669,13,69,10418.9,13023.7,0.7952,cloud_heavy
1670,14,69,10645.4,13306.7,0.8,cloud_heavy
1671,15,69,10131.8,12664.7,0.7952,cloud_heavy
1672,16,69,10591.4,13239.2,0.7811,cloud_heavy
1673,17,69,10541.8,13177.2,0.7589,cloud_heavy
1674,18,69,10141.9,12677.4,0.7303,cloud_heavy
1675,19,69,9509.1,11886.4,0.6973,cloud_heavy
1676,20,69,10050.4,12563.0,0.6623,cloud_heavy
1677,21,69,9632.7,12040.8,0.6272,cloud_heavy
1678,22,69,9104.8,11381.0,0.5939,cloud_heavy
1679,23,69,9030.2,11287.7,0.5636,cloud_heavy
1680,0,70,8185.5,10231.9,0.4829,cloud_heavy
1681,1,70,8403.8,10504.8,0.4978,cloud_heavy
1682,2,70,8660.1,10825.1,0.5177,cloud_heavy
1683,3,70,9301.6,11627.0,0.5431,cloud_heavy
1684,4,70,9004.0,11255.0,0.5747,cloud_heavy
1685,5,70,9610.8,12013.5,0.6123,cloud_heavy
1686,6,70,9559.4,11949.3,0.6556,cloud_heavy
1687,7,70,10106.6,12633.3,0.7032,cloud_heavy
1688,8,70,10320.2,12900.2,0.7533,cloud_heavy
1689,9,70,10976.2,13720.2,0.8033,cloud_heavy
1690,10,70,10831.3,13539.2,0.8504,cloud_heavy
1691,11,70,10746.9,13433.6,0.8912,cloud_heavy
1692,12,70,11013.0,13766.3,0.923,cloud_heavy
1693,13,70,11437.3,14296.6,0.9431,cloud_heavy
1694,14,70,11231.3,14039.1,0.95,cloud_heavy
1695,15,70,11765.8,14707.3,0.9431,cloud_heavy
1696,16,70,11328.8,14161.0,0.923,cloud_heavy
1697,17,70,12082.5,15103.1,0.8912,cloud_heavy
1698,18,70,10434.1,13042.6,0.8504,cloud_heavy
1699,19,70,10761.4,13451.7,0.8033,cloud_heavy
1700,20,70,10013.4,12516.8,0.7533,cloud_heavy
1701,21,70,9883.5,12354.4,0.7032,cloud_heavy
1702,22,70,9757.6,12196.9,0.6556,cloud_heavy
1703,23,70,8771.9,10964.9,0.6123,cloud_heavy
1704,0,71,8632.3,10790.4,0.4829,cloud_heavy
1705,1,71,9165.5,11456.9,0.4978,cloud_heavy
1706,2,71,8682.4,10853.0,0.5177,cloud_heavy
1707,3,71,9040.9,11301.1,0.5431,cloud_heavy
1708,4,71,9462.4,11828.0,0.5747,cloud_heavy
1709,5,71,9383.3,11729.2,0.6123,cloud_heavy
1710,6,71,9547.0,11933.7,0.6556,cloud_heavy
1711,7,71,9347.1,11683.9,0.7032,cloud_heavy
1712,8,71,10563.4,13204.3,0.7533,cloud_heavy
1713,9,71,10659.7,13324.7,0.8033,cloud_heavy
1714,10,71,10673.5,13341.9,0.8504,cloud_heavy
1715,11,71,11321.8,14152.3,0.8912,cloud_heavy
1716,12,71,11288.2,14110.2,0.923,cloud_heavy
1717,13,71,11438.5,14298.2,0.9431,cloud_heavy
1718,14,71,11880.7,14850.9,0.95,cloud_heavy
1719,15,71,11156.1,13945.1,0.9431,cloud_heavy
1720,16,71,11850.3,14812.9,0.923,cloud_heavy
1721,17,71,10806.0,13507.6,0.8912,cloud_heavy
1722,18,71,10789.1,13486.4,0.8504,cloud_heavy
1723,19,71,11313.1,14141.3,0.8033,cloud_heavy
1724,20,71,10714.7,13393.3,0.7533,cloud_heavy
1725,21,71,10061.4,12576.7,0.7032,cloud_heavy
1726,22,71,9442.2,11802.7,0.6556,cloud_heavy
1727,23,71,9280.0,11600.0,0.6123,cloud_heavy
1728,0,72,8590.2,10737.8,0.4829,cloud_heavy
1729,1,72,8680.3,10850.4,0.4978,cloud_heavy
1730,2,72,8778.1,10972.7,0.5177,cloud_heavy
1731,3,72,8962.7,11203.4,0.5431,cloud_heavy
1732,4,72,9121.1,11401.3,0.5747,cloud_heavy
1733,5,72,9021.8,11277.2,0.6123,cloud_heavy
1734,6,72,9565.8,11957.2,0.6556,cloud_heavy
1735,7,72,10307.3,12884.1,0.7032,cloud_heavy
1736,8,72,9938.7,12423.4,0.7533,cloud_heavy
1737,9,72,10635.2,13294.0,0.8033,cloud_heavy
1738,10,72,10737.2,13421.5,0.8504,cloud_heavy
1739,11,72,11316.7,14145.8,0.8912,cloud_heavy
1740,12,72,11355.4,14194.3,0.923,cloud_heavy
1741,13,72,12137.9,15172.4,0.9431,cloud_heavy
1742,14,72,11845.8,14807.3,0.95,cloud_heavy
1743,15,72,11165.4,13956.7,0.9431,cloud_heavy
1744,16,72,11720.7,14650.9,0.923,cloud_heavy
1745,17,72,11016.9,13771.1,0.8912,cloud_heavy
1746,18,72,10817.4,13521.7,0.8504,cloud_heavy
1747,19,72,10796.7,13495.9,0.8033,cloud_heavy
1748,20,72,10211.3,12764.1,0.7533,cloud_heavy
1749,21,72,10300.7,12875.9,0.7032,cloud_heavy
1750,22,72,9490.6,11863.2,0.6556,cloud_heavy
1751,23,72,9254.6,11568.3,0.6123,cloud_heavy
1752,0,73,8402.6,10503.3,0.4829,cloud_heavy
1753,1,73,8523.4,10654.2,0.4978,cloud_heavy
1754,2,73,9092.4,11365.5,0.5177,cloud_heavy
1755,3,73,9140.2,11425.3,0.5431,cloud_heavy
1756,4,73,9651.0,12063.8,0.5747,cloud_heavy
1757,5,73,10071.2,12589.0,0.6123,cloud_heavy
1758,6,73,9415.9,11769.9,0.6556,cloud_heavy
1759,7,73,10053.2,12566.5,0.7032,cloud_heavy
1760,8,73,9998.4,12498.0,0.7533,cloud_heavy
1761,9,73,10446.5,13058.1,0.8033,cloud_heavy
1762,10,73,10799.9,13499.8,0.8504,cloud_heavy
1763,11,73,10921.3,13651.6,0.8912,cloud_heavy
1764,12,73,11126.8,13908.5,0.923,cloud_heavy
1765,13,73,11572.5,14465.6,0.9431,cloud_heavy
1766,14,73,11242.6,14053.2,0.95,cloud_heavy
1767,15,73,11916.4,14895.5,0.9431,cloud_heavy
1768,16,73,11173.0,13966.3,0.923,cloud_heavy
1769,17,73,12229.6,15287.1,0.8912,cloud_heavy
1770,18,73,10858.9,13573.6,0.8504,cloud_heavy
1771,19,73,10719.1,13398.9,0.8033,cloud_heavy
1772,20,73,9961.4,12451.7,0.7533,cloud_heavy
1773,21,73,10545.5,13181.8,0.7032,cloud_heavy
1774,22,73,10042.7,12553.3,0.6556,cloud_heavy
1775,23,73,9513.7,11892.1,0.6123,cloud_heavy
1776,0,74,8225.1,10281.3,0.4829,cloud_heavy
1777,1,74,8725.3,10906.7,0.4978,cloud_heavy
1778,2,74,8506.0,10632.5,0.5177,cloud_heavy
1779,3,74,9364.5,11705.7,0.5431,cloud_heavy
1780,4,74,9403.0,11753.7,0.5747,cloud_heavy
1781,5,74,9456.7,11820.9,0.6123,cloud_heavy
1782,6,74,9006.2,11257.7,0.6556,cloud_heavy
1783,7,74,9736.0,12170.0,0.7032,cloud_heavy
1784,8,74,10578.0,13222.5,0.7533,cloud_heavy
1785,9,74,11085.2,13856.5,0.8033,cloud_heavy
1786,10,74,11374.2,14217.8,0.8504,cloud_heavy
1787,11,74,10740.3,13425.4,0.8912,cloud_heavy
1788,12,74,11593.3,14491.6,0.923,cloud_heavy
1789,13,74,11976.9,14971.1,0.9431,cloud_heavy
1790,14,74,11088.0,13860.0,0.95,cloud_heavy
1791,15,74,11620.0,14525.0,0.9431,cloud_heavy
1792,16,74,11583.7,14479.7,0.923,cloud_heavy
1793,17,74,11177.2,13971.5,0.8912,cloud_heavy
1794,18,74,10396.3,12995.4,0.8504,cloud_heavy
1795,19,74,10591.5,13239.4,0.8033,cloud_heavy
1796,20,74,10262.4,12828.0,0.7533,cloud_heavy
1797,21,74,9987.4,12484.3,0.7032,cloud_heavy
1798,22,74,9552.1,11940.1,0.6556,cloud_heavy
1799,23,74,9304.4,11630.5,0.6123,cloud_heavy
1800,0,75,8495.9,10619.9,0.473,cloud_heavy
1801,1,75,8689.2,10861.6,0.4835,cloud_heavy
1802,2,75,8588.4,10735.5,0.4974,cloud_heavy
1803,3,75,8677.8,10847.2,0.5152,cloud_heavy
1804,4,75,8956.9,11196.1,0.5373,cloud_heavy
1805,5,75,8582.1,10727.6,0.5636,cloud_heavy
1806,6,75,9440.7,11800.9,0.5939,cloud_heavy
1807,7,75,9528.3,11910.4,0.6272,cloud_heavy
1808,8,75,9772.6,12215.7,0.6623,cloud_heavy
1809,9,75,10281.3,12851.6,0.6973,cloud_heavy
1810,10,75,9613.4,12016.7,0.7303,cloud_heavy
1811,11,75,9785.4,12231.8,0.7589,cloud_heavy
1812,12,75,10635.2,13294.1,0.7811,cloud_heavy
1813,13,75,10639.7,13299.7,0.7952,cloud_heavy
1814,14,75,10728.5,13410.6,0.8,cloud_heavy
1815,15,75,10494.5,13118.1,0.7952,cloud_heavy
1816,16,75,10758.8,13448.5,0.7811,cloud_heavy
1817,17,75,10692.4,13365.4,0.7589,cloud_heavy
1818,18,75,10359.9,12949.8,0.7303,cloud_heavy
1819,19,75,9915.1,12393.9,0.6973,cloud_heavy
1820,20,75,9143.8,11429.7,0.6623,cloud_heavy
1821,21,75,9748.3,12185.4,0.6272,cloud_heavy
1822,22,75,9648.6,12060.8,0.5939,cloud_heavy
1823,23,75,9283.0,11603.7,0.5636,cloud_heavy
1824,0,76,8281.6,10351.9,0.473,cloud_heavy
1825,1,76,8748.8,10936.0,0.4835,cloud_heavy
1826,2,76,8891.3,11114.1,0.4974,cloud_heavy
1827,3,76,9196.6,11495.8,0.5152,cloud_heavy
1828,4,76,8697.4,10871.7,0.5373,cloud_heavy
1829,5,76,9045.0,11306.2,0.5636,cloud_heavy
1830,6,76,9516.1,11895.2,0.5939,cloud_heavy
1831,7,76,9544.9,11931.1,0.6272,cloud_heavy
1832,8,76,9433.8,11792.2,0.6623,cloud_heavy
1833,9,76,10117.6,12647.0,0.6973,cloud_heavy
1834,10,76,10388.9,12986.1,0.7303,cloud_heavy
1835,11,76,10428.8,13036.0,0.7589,cloud_heavy
1836,12,76,10618.1,13272.6,0.7811,cloud_heavy
1837,13,76,10559.4,13199.2,0.7952,cloud_heavy
1838,14,76,11147.4,13934.2,0.8,cloud_heavy
1839,15,76,10354.4,12943.0,0.7952,cloud_heavy
1840,16,76,10362.7,12953.4,0.7811,cloud_heavy
1841,17,76,10404.8,13006.0,0.7589,cloud_heavy
1842,18,76,10480.9,13101.1,0.7303,cloud_heavy
1843,19,76,9544.4,11930.5,0.6973,cloud_heavy
1844,20,76,9377.3,11721.6,0.6623,cloud_heavy
1845,21,76,8946.0,11182.4,0.6272,cloud_heavy
1846,22,76,9316.6,11645.8,0.5939,cloud_heavy
1847,23,76,8801.3,11001.7,0.5636,cloud_heavy
1848,0,77,8472.5,10590.6,0.4829,cloud_heavy
1849,1,77,8842.6,11053.2,0.4978,cloud_heavy
1850,2,77,8632.7,10790.9,0.5177,cloud_heavy
1851,3,77,9033.2,11291.5,0.5431,cloud_heavy
1852,4,77,9097.7,11372.1,0.5747,cloud_heavy
1853,5,77,9619.9,12024.8,0.6123,cloud_heavy
1854,6,77,9854.8,12318.5,0.6556,cloud_heavy
1855,7,77,9823.8,12279.7,0.7032,cloud_heavy
1856,8,77,10311.7,12889.6,0.7533,cloud_heavy
1857,9,77,11031.0,13788.7,0.8033,cloud_heavy
1858,10,77,11137.9,13922.3,0.8504,cloud_heavy
1859,11,77,10806.3,13507.9,0.8912,cloud_heavy
1860,12,77,11715.3,14644.2,0.923,cloud_heavy
1861,13,77,11244.6,14055.7,0.9431,cloud_heavy
1862,14,77,12163.0,15203.7,0.95,cloud_heavy
1863,15,77,11979.9,14974.8,0.9431,cloud_heavy
1864,16,77,11589.3,14486.6,0.923,cloud_heavy
1865,17,77,11332.2,14165.2,0.8912,cloud_heavy
1866,18,77,10938.9,13673.6,0.8504,cloud_heavy
1867,19,77,10913.8,13642.2,0.8033,cloud_heavy
1868,20,77,10248.9,12811.1,0.7533,cloud_heavy
1869,21,77,10102.9,12628.6,0.7032,cloud_heavy
1870,22,77,9970.5,12463.1,0.6556,cloud_heavy
1871,23,77,9270.8,11588.5,0.6123,cloud_heavy
1872,0,78,8412.9,10516.2,0.4829,cloud_heavy
1873,1,78,8359.9,10449.8,0.4978,cloud_heavy
1874,2,78,8521.0,10651.3,0.5177,cloud_heavy
1875,3,78,8478.9,10598.6,0.5431,cloud_heavy
1876,4,78,9381.1,11726.4,0.5747,cloud_heavy
1877,5,78,9941.4,12426.8,0.6123,cloud_heavy
1878,6,78,10131.8,12664.8,0.6556,cloud_heavy
1879,7,78,9542.6,11928.3,0.7032,cloud_heavy
1880,8,78,10589.5,13236.9,0.7533,cloud_heavy
1881,9,78,11152.4,13940.5,0.8033,cloud_heavy
1882,10,78,10857.1,13571.4,0.8504,cloud_heavy
1883,11,78,11313.3,14141.6,0.8912,cloud_heavy
1884,12,78,10797.3,13496.6,0.923,cloud_heavy
1885,13,78,11715.8,14644.7,0.9431,cloud_heavy
1886,14,78,11296.2,14120.2,0.95,cloud_heavy
1887,15,78,11692.4,14615.5,0.9431,cloud_heavy
1888,16,78,10951.2,13689.0,0.923,cloud_heavy
1889,17,78,11462.7,14328.3,0.8912,cloud_heavy
1890,18,78,11346.3,14182.8,0.8504,cloud_heavy
1891,19,78,10444.7,13055.9,0.8033,cloud_heavy
1892,20,78,10010.7,12513.3,0.7533,cloud_heavy
1893,21,78,9383.1,11728.9,0.7032,cloud_heavy
1894,22,78,9638.7,12048.4,0.6556,cloud_heavy
1895,23,78,9265.2,11581.5,0.6123,cloud_heavy
1896,0,79,8172.6,10215.7,0.4829,cloud_heavy
1897,1,79,8788.4,10985.5,0.4978,cloud_heavy
1898,2,79,8683.3,10854.1,0.5177,cloud_heavy
1899,3,79,8681.5,10851.8,0.5431,cloud_heavy
1900,4,79,9027.4,11284.2,0.5747,cloud_heavy
1901,5,79,9732.8,12166.0,0.6123,cloud_heavy
1902,6,79,9892.1,12365.1,0.6556,cloud_heavy
1903,7,79,9992.9,12491.1,0.7032,cloud_heavy
1904,8,79,10556.6,13195.8,0.7533,cloud_heavy
1905,9,79,10323.5,12904.4,0.8033,cloud_heavy
1906,10,79,11018.6,13773.3,0.8504,cloud_heavy
1907,11,79,11328.8,14161.0,0.8912,cloud_heavy
1908,12,79,11327.4,14159.3,0.923,cloud_heavy
1909,13,79,11774.6,14718.3,0.9431,cloud_heavy
1910,14,79,11395.3,14244.1,0.95,cloud_heavy
1911,15,79,11800.5,14750.7,0.9431,cloud_heavy
1912,16,79,11679.6,14599.5,0.923,cloud_heavy
1913,17,79,10291.9,12864.9,0.8912,cloud_heavy
1914,18,79,11401.0,14251.3,0.8504,cloud_heavy
1915,19,79,9718.1,12147.6,0.8033,cloud_heavy
1916,20,79,10172.6,12715.8,0.7533,cloud_heavy
1917,21,79,10340.6,12925.7,0.7032,cloud_heavy
1918,22,79,9623.9,12029.8,0.6556,cloud_heavy
1919,23,79,9015.0,11268.7,0.6123,cloud_heavy
1920,0,80,8290.1,10362.7,0.4829,cloud_heavy
1921,1,80,8937.6,11172.1,0.4978,cloud_heavy
1922,2,80,8294.7,10368.4,0.5177,cloud_heavy
1923,3,80,9274.8,11593.5,0.5431,cloud_heavy
1924,4,80,9164.9,11456.2,0.5747,cloud_heavy
1925,5,80,9092.4,11365.5,0.6123,cloud_heavy
1926,6,80,9546.4,11933.0,0.6556,cloud_heavy
1927,7,80,9725.9,12157.3,0.7032,cloud_heavy
1928,8,80,10633.5,13291.8,0.7533,cloud_heavy
1929,9,80,10931.1,13663.8,0.8033,cloud_heavy
1930,10,80,10440.2,13050.3,0.8504,cloud_heavy
1931,11,80,11142.4,13928.0,0.8912,cloud_heavy
1932,12,80,11191.8,13989.8,0.923,cloud_heavy
1933,13,80,12073.8,15092.3,0.9431,cloud_heavy
1934,14,80,11195.9,13994.9,0.95,cloud_heavy
1935,15,80,12182.1,15227.7,0.9431,cloud_heavy
1936,16,80,11477.9,14347.3,0.923,cloud_heavy
1937,17,80,10885.8,13607.3,0.8912,cloud_heavy
1938,18,80,10784.3,13480.4,0.8504,cloud_heavy
1939,19,80,10438.8,13048.5,0.8033,cloud_heavy
1940,20,80,9967.8,12459.8,0.7533,cloud_heavy
1941,21,80,10060.5,12575.7,0.7032,cloud_heavy
1942,22,80,9358.4,11698.0,0.6556,cloud_heavy
1943,23,80,8812.9,11016.1,0.6123,cloud_heavy
1944,0,81,8473.8,10592.2,0.4829,cloud_heavy
1945,1,81,8201.6,10252.0,0.4978,cloud_heavy
1946,2,81,8603.5,10754.4,0.5177,cloud_heavy
1947,3,81,8726.3,10907.9,0.5431,cloud_heavy
1948,4,81,8940.2,11175.2,0.5747,cloud_heavy
1949,5,81,9995.8,12494.7,0.6123,cloud_heavy
1950,6,81,9732.8,12166.0,0.6556,cloud_heavy
1951,7,81,10105.8,12632.3,0.7032,cloud_heavy
1952,8,81,9811.8,12264.8,0.7533,cloud_heavy
1953,9,81,10486.2,13107.7,0.8033,cloud_heavy
1954,10,81,11079.0,13848.8,0.8504,cloud_heavy
1955,11,81,10932.3,13665.4,0.8912,cloud_heavy
1956,12,81,11802.3,14752.9,0.923,cloud_heavy
1957,13,81,11203.4,14004.3,0.9431,cloud_heavy
1958,14,81,11568.3,14460.3,0.95,cloud_heavy
1959,15,81,11418.4,14273.0,0.9431,cloud_heavy
1960,16,81,11546.0,14432.5,0.923,cloud_heavy
1961,17,81,11062.3,13827.8,0.8912,cloud_heavy
1962,18,81,10918.5,13648.1,0.8504,cloud_heavy
1963,19,81,10620.3,13275.3,0.8033,cloud_heavy
1964,20,81,10135.8,12669.8,0.7533,cloud_heavy
1965,21,81,10178.0,12722.5,0.7032,cloud_heavy
1966,22,81,9785.8,12232.3,0.6556,cloud_heavy
1967,23,81,9404.7,11755.8,0.6123,cloud_heavy
1968,0,82,8396.2,10495.2,0.473,cloud_heavy
1969,1,82,8780.3,10975.4,0.4835,cloud_heavy
1970,2,82,8606.2,10757.8,0.4974,cloud_heavy
1971,3,82,8704.9,10881.1,0.5152,cloud_heavy
1972,4,82,8960.2,11200.2,0.5373,cloud_heavy
1973,5,82,9570.4,11963.0,0.5636,cloud_heavy
1974,6,82,8933.2,11166.5,0.5939,cloud_heavy
1975,7,82,9748.5,12185.6,0.6272,cloud_heavy
1976,8,82,9206.6,11508.2,0.6623,cloud_heavy
1977,9,82,10058.4,12573.0,0.6973,cloud_heavy
1978,10,82,10694.1,13367.7,0.7303,cloud_heavy
1979,11,82,10553.8,13192.3,0.7589,cloud_heavy
1980,12,82,10602.6,13253.2,0.7811,cloud_heavy
1981,13,82,10463.1,13078.8,0.7952,cloud_heavy
1982,14,82,10683.9,13354.9,0.8,cloud_heavy
1983,15,82,10561.5,13201.9,0.7952,cloud_heavy
1984,16,82,10299.9,12874.8,0.7811,cloud_heavy
1985,17,82,10310.9,12888.6,0.7589,cloud_heavy
1986,18,82,10272.4,12840.5,0.7303,cloud_heavy
1987,19,82,9763.3,12204.1,0.6973,cloud_heavy
1988,20,82,9524.9,11906.1,0.6623,cloud_heavy
1989,21,82,9139.6,11424.5,0.6272,cloud_heavy
1990,22,82,9416.6,11770.7,0.5939,cloud_heavy
1991,23,82,9255.8,11569.8,0.5636,cloud_heavy
1992,0,83,8565.1,10706.4,0.473,cloud_heavy
1993,1,83,8823.7,11029.7,0.4835,cloud_heavy
1994,2,83,8690.4,10863.0,0.4974,cloud_heavy
1995,3,83,8889.1,11111.3,0.5152,cloud_heavy
1996,4,83,9013.5,11266.9,0.5373,cloud_heavy
1997,5,83,9081.8,11352.3,0.5636,cloud_heavy
1998,6,83,9159.3,11449.1,0.5939,cloud_heavy
1999,7,83,10161.4,12701.7,0.6272,cloud_heavy
2000,8,83,9628.6,12035.8,0.6623,cloud_heavy
2001,9,83,9793.6,12242.1,0.6973,cloud_heavy
2002,10,83,10344.6,12930.7,0.7303,cloud_heavy
2003,11,83,10479.9,13099.9,0.7589,cloud_heavy
2004,12,83,10104.0,12630.1,0.7811,cloud_heavy
2005,13,83,11000.4,13750.5,0.7952,cloud_heavy
2006,14,83,10643.8,13304.8,0.8,cloud_heavy
2007,15,83,10287.3,12859.1,0.7952,cloud_heavy
2008,16,83,10924.8,13656.0,0.7811,cloud_heavy
2009,17,83,10596.6,13245.7,0.7589,cloud_heavy
2010,18,83,9824.2,12280.3,0.7303,cloud_heavy
2011,19,83,10526.1,13157.6,0.6973,cloud_heavy
2012,20,83,9953.9,12442.3,0.6623,cloud_heavy
2013,21,83,9525.5,11906.9,0.6272,cloud_heavy
2014,22,83,9751.5,12189.4,0.5939,cloud_heavy
2015,23,83,9150.4,11438.0,0.5636,cloud_heavy
2016,0,84,8564.2,10705.2,0.4829,cloud_heavy
2017,1,84,8498.8,10623.5,0.4978,cloud_heavy
2018,2,84,8955.8,11194.7,0.5177,cloud_heavy
2019,3,84,9099.3,11374.1,0.5431,cloud_heavy
2020,4,84,9184.1,11480.2,0.5747,cloud_heavy
2021,5,84,9206.2,11507.8,0.6123,cloud_heavy
2022,6,84,9754.2,12192.8,0.6556,cloud_heavy
2023,7,84,10011.0,12513.7,0.7032,cloud_heavy
2024,8,84,9949.5,12436.9,0.7533,cloud_heavy
2025,9,84,10223.8,12779.7,0.8033,cloud_heavy
2026,10,84,11194.6,13993.2,0.8504,cloud_heavy
2027,11,84,10398.6,12998.2,0.8912,cloud_heavy
2028,12,84,11560.2,14450.2,0.923,cloud_heavy
2029,13,84,11456.1,14320.1,0.9431,cloud_heavy
2030,14,84,12126.5,15158.1,0.95,cloud_heavy
2031,15,84,11450.7,14313.4,0.9431,cloud_heavy
2032,16,84,11716.7,14645.8,0.923,cloud_heavy
2033,17,84,11144.7,13930.8,0.8912,cloud_heavy
2034,18,84,11045.5,13806.9,0.8504,cloud_heavy
2035,19,84,10932.5,13665.6,0.8033,cloud_heavy
2036,20,84,10220.3,12775.4,0.7533,cloud_heavy
2037,21,84,10331.9,12914.9,0.7032,cloud_heavy
2038,22,84,9426.7,11783.4,0.6556,cloud_heavy
2039,23,84,9513.1,11891.3,0.6123,cloud_heavy
2040,0,85,8808.6,11010.8,0.4829,cloud_heavy
2041,1,85,8842.2,11052.8,0.4978,cloud_heavy
2042,2,85,9308.2,11635.3,0.5177,cloud_heavy
2043,3,85,8765.5,10956.9,0.5431,cloud_heavy
2044,4,85,8800.3,11000.4,0.5747,cloud_heavy
2045,5,85,9148.4,11435.5,0.6123,cloud_heavy
2046,6,85,9908.8,12386.1,0.6556,cloud_heavy
2047,7,85,10181.9,12727.3,0.7032,cloud_heavy
2048,8,85,10395.9,12994.9,0.7533,cloud_heavy
2049,9,85,10335.7,12919.6,0.8033,cloud_heavy
2050,10,85,11261.2,14076.5,0.8504,cloud_heavy
2051,11,85,10864.6,13580.7,0.8912,cloud_heavy
2052,12,85,11888.8,14861.0,0.923,cloud_heavy
2053,13,85,12600.0,15750.0,0.9431,cloud_heavy
2054,14,85,11796.8,14746.0,0.95,cloud_heavy
2055,15,85,11826.1,14782.6,0.9431,cloud_heavy
2056,16,85,11319.5,14149.3,0.923,cloud_heavy
2057,17,85,10666.5,13333.1,0.8912,cloud_heavy
2058,18,85,10808.9,13511.1,0.8504,cloud_heavy
2059,19,85,10345.3,12931.7,0.8033,cloud_heavy
2060,20,85,9914.2,12392.8,0.7533,cloud_heavy
2061,21,85,10550.4,13188.0,0.7032,cloud_heavy
2062,22,85,9795.9,12244.8,0.6556,cloud_heavy
2063,23,85,9537.1,11921.4,0.6123,cloud_heavy
2064,0,86,8491.9,10614.9,0.4829,cloud_heavy
2065,1,86,8625.6,10782.0,0.4978,cloud_heavy
2066,2,86,9056.8,11321.0,0.5177,cloud_heavy
2067,3,86,8962.3,11202.9,0.5431,cloud_heavy
2068,4,86,9326.3,11657.8,0.5747,cloud_heavy
2069,5,86,9374.3,11717.8,0.6123,cloud_heavy
2070,6,86,9616.6,12020.8,0.6556,cloud_heavy
2071,7,86,9608.6,12010.7,0.7032,cloud_heavy
2072,8,86,9749.2,12186.5,0.7533,cloud_heavy
2073,9,86,10612.1,13265.1,0.8033,cloud_heavy
2074,10,86,11026.6,13783.3,0.8504,cloud_heavy
2075,11,86,10843.8,13554.7,0.8912,cloud_heavy
2076,12,86,11477.5,14346.8,0.923,cloud_heavy
2077,13,86,11641.5,14551.9,0.9431,cloud_heavy
2078,14,86,10913.8,13642.2,0.95,cloud_heavy
2079,15,86,11303.7,14129.6,0.9431,cloud_heavy
2080,16,86,11629.7,14537.2,0.923,cloud_heavy
2081,17,86,11409.9,14262.4,0.8912,cloud_heavy
2082,18,86,10627.0,13283.7,0.8504,cloud_heavy
2083,19,86,10746.9,13433.6,0.8033,cloud_heavy
2084,20,86,10682.0,13352.6,0.7533,cloud_heavy
2085,21,86,10265.9,12832.3,0.7032,cloud_heavy
2086,22,86,9688.6,12110.7,0.6556,cloud_heavy
2087,23,86,9297.3,11621.7,0.6123,cloud_heavy
2088,0,87,8409.6,10511.9,0.4829,cloud_heavy
2089,1,87,8792.2,10990.3,0.4978,cloud_heavy
2090,2,87,8853.7,11067.1,0.5177,cloud_heavy
2091,3,87,9140.4,11425.5,0.5431,cloud_heavy
2092,4,87,9216.4,11520.5,0.5747,cloud_heavy
2093,5,87,9661.3,12076.7,0.6123,cloud_heavy
2094,6,87,9743.9,12179.9,0.6556,cloud_heavy
2095,7,87,10268.2,12835.2,0.7032,cloud_heavy
2096,8,87,10634.9,13293.6,0.7533,cloud_heavy
2097,9,87,10437.9,13047.4,0.8033,cloud_heavy
2098,10,87,10410.8,13013.5,0.8504,cloud_heavy
2099,11,87,11801.2,14751.6,0.8912,cloud_heavy
2100,12,87,11577.8,14472.3,0.923,cloud_heavy
2101,13,87,11025.0,13781.2,0.9431,cloud_heavy
2102,14,87,11418.6,14273.3,0.95,cloud_heavy
2103,15,87,11891.9,14864.9,0.9431,cloud_heavy
2104,16,87,11393.0,14241.2,0.923,cloud_heavy
2105,17,87,11105.7,13882.1,0.8912,cloud_heavy
2106,18,87,11470.6,14338.2,0.8504,cloud_heavy
2107,19,87,10360.0,12950.0,0.8033,cloud_heavy
2108,20,87,10116.0,12645.0,0.7533,cloud_heavy
2109,21,87,10095.6,12619.5,0.7032,cloud_heavy
2110,22,87,9830.2,12287.7,0.6556,cloud_heavy
2111,23,87,9570.1,11962.7,0.6123,cloud_heavy
2112,0,88,8805.7,11007.1,0.4829,cloud_heavy
2113,1,88,8722.2,10902.7,0.4978,cloud_heavy
2114,2,88,8931.4,11164.2,0.5177,cloud_heavy
2115,3,88,8901.2,11126.5,0.5431,cloud_heavy
2116,4,88,9197.4,11496.7,0.5747,cloud_heavy
2117,5,88,9460.1,11825.2,0.6123,cloud_heavy
2118,6,88,9779.0,12223.8,0.6556,cloud_heavy
2119,7,88,10264.5,12830.6,0.7032,cloud_heavy
2120,8,88,10536.8,13170.9,0.7533,cloud_heavy
2121,9,88,10710.2,13387.8,0.8033,cloud_heavy
2122,10,88,10740.7,13425.9,0.8504,cloud_heavy
2123,11,88,11301.9,14127.3,0.8912,cloud_heavy
2124,12,88,11479.7,14349.6,0.923,cloud_heavy
2125,13,88,11690.1,14612.7,0.9431,cloud_heavy
2126,14,88,12440.9,15551.1,0.95,cloud_heavy
2127,15,88,11440.1,14300.2,0.9431,cloud_heavy
2128,16,88,11634.9,14543.6,0.923,cloud_heavy
2129,17,88,11640.5,14550.6,0.8912,cloud_heavy
2130,18,88,11040.3,13800.4,0.8504,cloud_heavy
2131,19,88,11446.2,14307.8,0.8033,cloud_heavy
2132,20,88,10246.6,12808.3,0.7533,cloud_heavy
2133,21,88,10129.5,12661.9,0.7032,cloud_heavy
2134,22,88,9483.5,11854.4,0.6556,cloud_heavy
2135,23,88,9330.3,11662.8,0.6123,cloud_heavy
2136,0,89,8569.5,10711.9,0.473,cloud_heavy
2137,1,89,8793.1,10991.4,0.4835,cloud_heavy
2138,2,89,8750.5,10938.1,0.4974,cloud_heavy
2139,3,89,9117.6,11397.0,0.5152,cloud_heavy
2140,4,89,8906.7,11133.3,0.5373,cloud_heavy
2141,5,89,9016.1,11270.1,0.5636,cloud_heavy
2142,6,89,10062.5,12578.1,0.5939,cloud_heavy
2143,7,89,9641.1,12051.4,0.6272,cloud_heavy
2144,8,89,9550.3,11937.8,0.6623,cloud_heavy
2145,9,89,9785.1,12231.4,0.6973,cloud_heavy
2146,10,89,9922.8,12403.5,0.7303,cloud_heavy
2147,11,89,10693.6,13367.0,0.7589,cloud_heavy
2148,12,89,10433.3,13041.6,0.7811,cloud_heavy
2149,13,89,10682.7,13353.3,0.7952,cloud_heavy
2150,14,89,10653.7,13317.1,0.8,cloud_heavy
2151,15,89,10875.5,13594.4,0.7952,cloud_heavy
2152,16,89,10280.6,12850.8,0.7811,cloud_heavy
2153,17,89,10065.7,12582.1,0.7589,cloud_heavy
2154,18,89,10280.3,12850.4,0.7303,cloud_heavy
2155,19,89,10173.4,12716.8,0.6973,cloud_heavy
2156,20,89,9858.3,12322.9,0.6623,cloud_heavy
2157,21,89,9297.1,11621.3,0.6272,cloud_heavy
2158,22,89,9496.7,11870.8,0.5939,cloud_heavy
2159,23,89,8903.6,11129.5,0.5636,cloud_heavy
2160,0,90,8372.9,10466.2,0.473,cloud_heavy
2161,1,90,8332.6,10415.7,0.4835,cloud_heavy
2162,2,90,9005.9,11257.4,0.4974,cloud_heavy
2163,3,90,8952.7,11190.9,0.5152,cloud_heavy
2164,4,90,9094.2,11367.8,0.5373,cloud_heavy
2165,5,90,9447.6,11809.5,0.5636,cloud_heavy
2166,6,90,10092.8,12616.1,0.5939,cloud_heavy
2167,7,90,9039.9,11299.8,0.6272,cloud_heavy
2168,8,90,9544.7,11930.9,0.6623,cloud_heavy
2169,9,90,9808.5,12260.7,0.6973,cloud_heavy
2170,10,90,9951.0,12438.7,0.7303,cloud_heavy
2171,11,90,10065.1,12581.4,0.7589,cloud_heavy
2172,12,90,10453.8,13067.2,0.7811,cloud_heavy
2173,13,90,10253.6,12817.0,0.7952,cloud_heavy
2174,14,90,10781.3,13476.6,0.8,cloud_heavy
2175,15,90,10658.5,13323.1,0.7952,cloud_heavy
2176,16,90,10700.8,13376.0,0.7811,cloud_heavy
2177,17,90,10559.8,13199.7,0.7589,cloud_heavy
2178,18,90,10396.3,12995.4,0.7303,cloud_heavy
2179,19,90,9881.3,12351.7,0.6973,cloud_heavy
2180,20,90,10382.1,12977.6,0.6623,cloud_heavy
2181,21,90,9595.5,11994.3,0.6272,cloud_heavy
2182,22,90,8787.4,10984.3,0.5939,cloud_heavy
2183,23,90,8833.0,11041.3,0.5636,cloud_heavy
2184,0,91,8123.8,10154.8,0.4829,cloud_heavy
2185,1,91,8675.0,10843.8,0.4978,cloud_heavy
2186,2,91,8770.0,10962.5,0.5177,cloud_heavy
2187,3,91,8844.9,11056.1,0.5431,cloud_heavy
2188,4,91,9733.9,12167.4,0.5747,cloud_heavy
2189,5,91,9585.0,11981.3,0.6123,cloud_heavy
2190,6,91,9928.0,12410.0,0.6556,cloud_heavy
2191,7,91,9751.8,12189.7,0.7032,cloud_heavy
2192,8,91,10053.5,12566.9,0.7533,cloud_heavy
2193,9,91,10707.8,13384.8,0.8033,cloud_heavy
2194,10,91,11065.1,13831.3,0.8504,cloud_heavy
2195,11,91,10650.9,13313.6,0.8912,cloud_heavy
2196,12,91,11427.2,14284.0,0.923,cloud_heavy
2197,13,91,11627.7,14534.6,0.9431,cloud_heavy
2198,14,91,11593.2,14491.5,0.95,cloud_heavy
2199,15,91,11339.2,14174.0,0.9431,cloud_heavy
2200,16,91,11303.4,14129.2,0.923,cloud_heavy
2201,17,91,11219.1,14023.9,0.8912,cloud_heavy
2202,18,91,11037.9,13797.4,0.8504,cloud_heavy
2203,19,91,10890.1,13612.6,0.8033,cloud_heavy
2204,20,91,10700.2,13375.3,0.7533,cloud_heavy
2205,21,91,9943.4,12429.3,0.7032,cloud_heavy
2206,22,91,9583.4,11979.2,0.6556,cloud_heavy
2207,23,91,9553.5,11941.9,0.6123,cloud_heavy
2208,0,92,8728.5,10910.6,0.4829,cloud_heavy
2209,1,92,8557.6,10697.0,0.4978,cloud_heavy
2210,2,92,9010.9,11263.6,0.5177,cloud_heavy
2211,3,92,9234.6,11543.3,0.5431,cloud_heavy
2212,4,92,9535.8,11919.8,0.5747,cloud_heavy
2213,5,92,9932.8,12416.0,0.6123,cloud_heavy
2214,6,92,9463.8,11829.7,0.6556,cloud_heavy
2215,7,92,10036.2,12545.2,0.7032,cloud_heavy
2216,8,92,10367.7,12959.6,0.7533,cloud_heavy
2217,9,92,10664.6,13330.7,0.8033,cloud_heavy
2218,10,92,10793.5,13491.9,0.8504,cloud_heavy
2219,11,92,10776.3,13470.4,0.8912,cloud_heavy
2220,12,92,11521.3,14401.6,0.923,cloud_heavy
2221,13,92,11354.9,14193.6,0.9431,cloud_heavy
2222,14,92,11698.6,14623.3,0.95,cloud_heavy
2223,15,92,11345.9,14182.4,0.9431,cloud_heavy
2224,16,92,11110.3,13887.9,0.923,cloud_heavy
2225,17,92,11358.3,14197.8,0.8912,cloud_heavy
2226,18,92,11057.8,13822.2,0.8504,cloud_heavy
2227,19,92,10881.9,13602.4,0.8033,cloud_heavy
2228,20,92,11043.8,13804.7,0.7533,cloud_heavy
2229,21,92,10115.5,12644.3,0.7032,cloud_heavy
2230,22,92,9857.7,12322.2,0.6556,cloud_heavy
2231,23,92,9124.9,11406.1,0.6123,cloud_heavy
2232,0,93,8240.5,10300.6,0.4829,cloud_heavy
2233,1,93,9082.2,11352.8,0.4978,cloud_heavy
2234,2,93,8558.3,10697.8,0.5177,cloud_heavy
2235,3,93,8690.0,10862.5,0.5431,cloud_heavy
2236,4,93,9169.3,11461.7,0.5747,cloud_heavy
2237,5,93,9404.2,11755.3,0.6123,cloud_heavy
2238,6,93,9453.3,11816.6,0.6556,cloud_heavy
2239,7,93,9940.2,12425.3,0.7032,cloud_heavy
2240,8,93,10746.4,13433.0,0.7533,cloud_heavy
2241,9,93,10437.4,13046.8,0.8033,cloud_heavy
2242,10,93,10547.7,13184.6,0.8504,cloud_heavy
2243,11,93,11597.9,14497.4,0.8912,cloud_heavy
2244,12,93,11659.0,14573.8,0.923,cloud_heavy
2245,13,93,11406.4,14258.0,0.9431,cloud_heavy
2246,14,93,11114.7,13893.3,0.95,cloud_heavy
2247,15,93,11363.1,14203.9,0.9431,cloud_heavy
2248,16,93,11470.5,14338.1,0.923,cloud_heavy
2249,17,93,11673.4,14591.8,0.8912,cloud_heavy
2250,18,93,10665.6,13332.0,0.8504,cloud_heavy
2251,19,93,10668.9,13336.1,0.8033,cloud_heavy
2252,20,93,10574.1,13217.6,0.7533,cloud_heavy
2253,21,93,9315.3,11644.2,0.7032,cloud_heavy
2254,22,93,10017.7,12522.1,0.6556,cloud_heavy
2255,23,93,9095.2,11369.0,0.6123,cloud_heavy
2256,0,94,8656.8,10820.9,0.4829,cloud_heavy
2257,1,94,8734.7,10918.4,0.4978,cloud_heavy
2258,2,94,9088.5,11360.7,0.5177,cloud_heavy
2259,3,94,9119.3,11399.1,0.5431,cloud_heavy
2260,4,94,8525.4,10656.7,0.5747,cloud_heavy
2261,5,94,9207.7,11509.6,0.6123,cloud_heavy
2262,6,94,9756.6,12195.8,0.6556,cloud_heavy
2263,7,94,9973.3,12466.7,0.7032,cloud_heavy
2264,8,94,10512.7,13140.8,0.7533,cloud_heavy
2265,9,94,10949.3,13686.7,0.8033,cloud_heavy
2266,10,94,11208.9,14011.1,0.8504,cloud_heavy
2267,11,94,11206.5,14008.1,0.8912,cloud_heavy
2268,12,94,10853.0,13566.2,0.923,cloud_heavy
2269,13,94,11464.0,14329.9,0.9431,cloud_heavy
2270,14,94,11814.3,14767.8,0.95,cloud_heavy
2271,15,94,11242.6,14053.2,0.9431,cloud_heavy
2272,16,94,11706.9,14633.7,0.923,cloud_heavy
2273,17,94,11586.3,14482.9,0.8912,cloud_heavy
2274,18,94,11049.8,13812.3,0.8504,cloud_heavy
2275,19,94,9712.9,12141.2,0.8033,cloud_heavy
2276,20,94,9966.8,12458.5,0.7533,cloud_heavy
2277,21,94,10599.7,13249.6,0.7032,cloud_heavy
2278,22,94,9557.0,11946.3,0.6556,cloud_heavy
2279,23,94,8868.4,11085.5,0.6123,cloud_heavy
2280,0,95,8889.0,11111.3,0.4829,cloud_heavy
2281,1,95,8674.0,10842.5,0.4978,cloud_heavy
2282,2,95,9093.9,11367.4,0.5177,cloud_heavy
2283,3,95,9045.5,11306.9,0.5431,cloud_heavy
2284,4,95,9306.4,11633.0,0.5747,cloud_heavy
2285,5,95,9532.4,11915.5,0.6123,cloud_heavy
2286,6,95,9919.6,12399.6,0.6556,cloud_heavy
2287,7,95,10717.4,13396.8,0.7032,cloud_heavy
2288,8,95,10666.1,13332.6,0.7533,cloud_heavy
2289,9,95,10188.9,12736.2,0.8033,cloud_heavy
2290,10,95,11155.4,13944.3,0.8504,cloud_heavy
2291,11,95,11665.2,14581.5,0.8912,cloud_heavy
2292,12,95,11903.9,14879.9,0.923,cloud_heavy
2293,13,95,11474.0,14342.5,0.9431,cloud_heavy
2294,14,95,12076.3,15095.4,0.95,cloud_heavy
2295,15,95,11946.3,14932.8,0.9431,cloud_heavy
2296,16,95,12376.1,15470.1,0.923,cloud_heavy
2297,17,95,11025.2,13781.5,0.8912,cloud_heavy
2298,18,95,10840.4,13550.5,0.8504,cloud_heavy
2299,19,95,10597.8,13247.3,0.8033,cloud_heavy
2300,20,95,10211.7,12764.7,0.7533,cloud_heavy
2301,21,95,9764.1,12205.2,0.7032,cloud_heavy
2302,22,95,8911.0,11138.8,0.6556,cloud_heavy
2303,23,95,9306.8,11633.4,0.6123,cloud_heavy
2304,0,96,8600.3,10750.3,0.473,cloud_heavy
2305,1,96,8448.5,10560.7,0.4835,cloud_heavy
2306,2,96,9170.8,11463.5,0.4974,cloud_heavy
2307,3,96,8789.3,10986.6,0.5152,cloud_heavy
2308,4,96,9278.1,11597.6,0.5373,cloud_heavy
2309,5,96,9178.3,11472.8,0.5636,cloud_heavy
2310,6,96,9538.2,11922.8,0.5939,cloud_heavy
2311,7,96,9608.3,12010.3,0.6272,cloud_heavy
2312,8,96,10161.8,12702.2,0.6623,cloud_heavy
2313,9,96,10010.0,12512.6,0.6973,cloud_heavy
2314,10,96,10363.6,12954.5,0.7303,cloud_heavy
2315,11,96,10515.6,13144.6,0.7589,cloud_heavy
2316,12,96,10457.4,13071.7,0.7811,cloud_heavy
2317,13,96,10771.3,13464.1,0.7952,cloud_heavy
2318,14,96,11389.5,14236.9,0.8,cloud_heavy
2319,15,96,10555.7,13194.6,0.7952,cloud_heavy
2320,16,96,10681.3,13351.7,0.7811,cloud_heavy
2321,17,96,10793.8,13492.3,0.7589,cloud_heavy
2322,18,96,10560.9,13201.2,0.7303,cloud_heavy
2323,19,96,9996.8,12496.0,0.6973,cloud_heavy
2324,20,96,9063.0,11328.8,0.6623,cloud_heavy
2325,21,96,9676.2,12095.2,0.6272,cloud_heavy
2326,22,96,8687.8,10859.7,0.5939,cloud_heavy
2327,23,96,9508.5,11885.6,0.5636,cloud_heavy
2328,0,97,8549.3,10686.6,0.473,cloud_heavy
2329,1,97,8832.6,11040.7,0.4835,cloud_heavy
2330,2,97,8433.0,10541.2,0.4974,cloud_heavy
2331,3,97,8376.5,10470.7,0.5152,cloud_heavy
2332,4,97,9002.0,11252.5,0.5373,cloud_heavy
2333,5,97,9097.7,11372.1,0.5636,cloud_heavy
2334,6,97,9170.2,11462.8,0.5939,cloud_heavy
2335,7,97,9552.7,11940.8,0.6272,cloud_heavy
2336,8,97,10571.3,13214.2,0.6623,cloud_heavy
2337,9,97,10243.5,12804.3,0.6973,cloud_heavy
2338,10,97,10533.1,13166.4,0.7303,cloud_heavy
2339,11,97,10664.7,13330.8,0.7589,cloud_heavy
2340,12,97,11016.8,13771.0,0.7811,cloud_heavy
2341,13,97,10581.3,13226.6,0.7952,cloud_heavy
2342,14,97,10016.0,12520.0,0.8,cloud_heavy
2343,15,97,10581.8,13227.2,0.7952,cloud_heavy
2344,16,97,10805.5,13506.8,0.7811,cloud_heavy
2345,17,97,10098.7,12623.4,0.7589,cloud_heavy
2346,18,97,10157.6,12697.0,0.7303,cloud_heavy
2347,19,97,9785.9,12232.4,0.6973,cloud_heavy
2348,20,97,10200.8,12751.0,0.6623,cloud_heavy
2349,21,97,9742.7,12178.4,0.6272,cloud_heavy
2350,22,97,9489.4,11861.8,0.5939,cloud_heavy
2351,23,97,9276.7,11595.9,0.5636,cloud_heavy
2352,0,98,8561.8,10702.3,0.4829,cloud_heavy
2353,1,98,8721.9,10902.4,0.4978,cloud_heavy
2354,2,98,8489.2,10611.5,0.5177,cloud_heavy
2355,3,98,8382.6,10478.2,0.5431,cloud_heavy
2356,4,98,9221.4,11526.8,0.5747,cloud_heavy
2357,5,98,9521.4,11901.7,0.6123,cloud_heavy
2358,6,98,10068.8,12586.0,0.6556,cloud_heavy
2359,7,98,10504.9,13131.1,0.7032,cloud_heavy
2360,8,98,10852.3,13565.4,0.7533,cloud_heavy
2361,9,98,10375.8,12969.7,0.8033,cloud_heavy
2362,10,98,10891.6,13614.5,0.8504,cloud_heavy
2363,11,98,11441.5,14301.9,0.8912,cloud_heavy
2364,12,98,12362.1,15452.6,0.923,cloud_heavy
2365,13,98,12138.9,15173.6,0.9431,cloud_heavy
2366,14,98,12060.4,15075.4,0.95,cloud_heavy
2367,15,98,11487.6,14359.5,0.9431,cloud_heavy
2368,16,98,11184.9,13981.2,0.923,cloud_heavy
2369,17,98,11545.9,14432.4,0.8912,cloud_heavy
2370,18,98,10644.5,13305.6,0.8504,cloud_heavy
2371,19,98,10619.5,13274.4,0.8033,cloud_heavy
2372,20,98,10328.5,12910.6,0.7533,cloud_heavy
2373,21,98,10511.4,13139.3,0.7032,cloud_heavy
2374,22,98,9612.9,12016.2,0.6556,cloud_heavy
2375,23,98,8739.7,10924.6,0.6123,cloud_heavy
2376,0,99,8701.1,10876.4,0.4829,cloud_heavy
2377,1,99,8488.7,10610.9,0.4978,cloud_heavy
2378,2,99,8813.4,11016.7,0.5177,cloud_heavy
2379,3,99,8947.7,11184.6,0.5431,cloud_heavy
2380,4,99,9104.7,11380.9,0.5747,cloud_heavy
2381,5,99,9653.3,12066.6,0.6123,cloud_heavy
2382,6,99,9269.5,11586.9,0.6556,cloud_heavy
2383,7,99,9876.4,12345.5,0.7032,cloud_heavy
2384,8,99,10576.8,13221.0,0.7533,cloud_heavy
2385,9,99,10499.0,13123.7,0.8033,cloud_heavy
2386,10,99,10476.7,13095.8,0.8504,cloud_heavy
2387,11,99,11505.2,14381.5,0.8912,cloud_heavy
2388,12,99,11876.5,14845.6,0.923,cloud_heavy
2389,13,99,11607.1,14508.9,0.9431,cloud_heavy
2390,14,99,10982.1,13727.6,0.95,cloud_heavy
2391,15,99,11868.9,14836.2,0.9431,cloud_heavy
2392,16,99,10917.2,13646.5,0.923,cloud_heavy
2393,17,99,11383.5,14229.3,0.8912,cloud_heavy
2394,18,99,10714.9,13393.6,0.8504,cloud_heavy
2395,19,99,10323.9,12904.8,0.8033,cloud_heavy
2396,20,99,10226.7,12783.4,0.7533,cloud_heavy
2397,21,99,9976.8,12471.0,0.7032,cloud_heavy
2398,22,99,9528.6,11910.7,0.6556,cloud_heavy
2399,23,99,9596.3,11995.3,0.6123,cloud_heavy
2400,0,100,8456.7,10570.9,0.4829,cloud_heavy
2401,1,100,8925.5,11156.9,0.4978,cloud_heavy
2402,2,100,8876.4,11095.5,0.5177,cloud_heavy
2403,3,100,8783.3,10979.1,0.5431,cloud_heavy
2404,4,100,8941.6,11177.0,0.5747,cloud_heavy
2405,5,100,8963.7,11204.6,0.6123,cloud_heavy
2406,6,100,9801.1,12251.4,0.6556,cloud_heavy
2407,7,100,9925.3,12406.6,0.7032,cloud_heavy
2408,8,100,9626.6,12033.2,0.7533,cloud_heavy
2409,9,100,10524.1,13155.2,0.8033,cloud_heavy
2410,10,100,10710.4,13388.0,0.8504,cloud_heavy
2411,11,100,11812.1,14765.2,0.8912,cloud_heavy
2412,12,100,10902.4,13628.1,0.923,cloud_heavy
2413,13,100,11120.2,13900.3,0.9431,cloud_heavy
2414,14,100,12057.1,15071.3,0.95,cloud_heavy
2415,15,100,12095.9,15119.8,0.9431,cloud_heavy
2416,16,100,11232.6,14040.7,0.923,cloud_heavy
2417,17,100,11065.1,13831.4,0.8912,cloud_heavy
2418,18,100,11211.4,14014.3,0.8504,cloud_heavy
2419,19,100,9949.3,12436.6,0.8033,cloud_heavy
2420,20,100,9785.5,12231.8,0.7533,cloud_heavy
2421,21,100,9947.5,12434.4,0.7032,cloud_heavy
2422,22,100,10168.1,12710.1,0.6556,cloud_heavy
2423,23,100,9306.5,11633.1,0.6123,cloud_heavy
2424,0,101,8597.3,10746.7,0.4829,cloud_heavy
2425,1,101,8965.4,11206.8,0.4978,cloud_heavy
2426,2,101,9358.5,11698.1,0.5177,cloud_heavy
2427,3,101,8815.7,11019.7,0.5431,cloud_heavy
2428,4,101,9175.5,11469.3,0.5747,cloud_heavy
2429,5,101,9945.2,12431.5,0.6123,cloud_heavy
2430,6,101,9272.6,11590.8,0.6556,cloud_heavy
2431,7,101,10341.3,12926.6,0.7032,cloud_heavy
2432,8,101,10047.5,12559.4,0.7533,cloud_heavy
2433,9,101,10728.9,13411.2,0.8033,cloud_heavy
2434,10,101,10927.8,13659.8,0.8504,cloud_heavy
2435,11,101,10954.8,13693.5,0.8912,cloud_heavy
2436,12,101,11150.5,13938.1,0.923,cloud_heavy
2437,13,101,11719.2,14648.9,0.9431,cloud_heavy
2438,14,101,12017.0,15021.2,0.95,cloud_heavy
2439,15,101,11577.5,14471.9,0.9431,cloud_heavy
2440,16,101,11513.5,14391.9,0.923,cloud_heavy
2441,17,101,11472.2,14340.3,0.8912,cloud_heavy
2442,18,101,10687.1,13358.8,0.8504,cloud_heavy
2443,19,101,10933.4,13666.7,0.8033,cloud_heavy
2444,20,101,10618.9,13273.6,0.7533,cloud_heavy
2445,21,101,10815.6,13519.5,0.7032,cloud_heavy
2446,22,101,9606.7,12008.4,0.6556,cloud_heavy
2447,23,101,9300.1,11625.2,0.6123,cloud_heavy
2448,0,102,8769.1,10961.4,0.4829,cloud_heavy
2449,1,102,8883.6,11104.5,0.4978,cloud_heavy
2450,2,102,8660.8,10826.0,0.5177,cloud_heavy
2451,3,102,8862.5,11078.1,0.5431,cloud_heavy
2452,4,102,9329.1,11661.4,0.5747,cloud_heavy
2453,5,102,9195.6,11494.5,0.6123,cloud_heavy
2454,6,102,9596.7,11995.8,0.6556,cloud_heavy
2455,7,102,10059.0,12573.7,0.7032,cloud_heavy
2456,8,102,10673.8,13342.3,0.7533,cloud_heavy
2457,9,102,10502.0,13127.5,0.8033,cloud_heavy
2458,10,102,10399.5,12999.4,0.8504,cloud_heavy
2459,11,102,10630.5,13288.1,0.8912,cloud_heavy
2460,12,102,11055.3,13819.1,0.923,cloud_heavy
2461,13,102,11164.9,13956.1,0.9431,cloud_heavy
2462,14,102,11614.4,14518.0,0.95,cloud_heavy
2463,15,102,11208.2,14010.3,0.9431,cloud_heavy
2464,16,102,11247.1,14058.9,0.923,cloud_heavy
2465,17,102,11017.1,13771.3,0.8912,cloud_heavy
2466,18,102,10862.5,13578.1,0.8504,cloud_heavy
2467,19,102,11120.4,13900.5,0.8033,cloud_heavy
2468,20,102,10570.0,13212.5,0.7533,cloud_heavy
2469,21,102,10036.9,12546.1,0.7032,cloud_heavy
2470,22,102,9582.0,11977.4,0.6556,cloud_heavy
2471,23,102,9307.2,11634.0,0.6123,cloud_heavy
2472,0,103,8589.7,10737.1,0.473,cloud_heavy
2473,1,103,8725.7,10907.1,0.4835,cloud_heavy
2474,2,103,8431.5,10539.4,0.4974,cloud_heavy
2475,3,103,8795.4,10994.2,0.5152,cloud_heavy
2476,4,103,8387.7,10484.7,0.5373,cloud_heavy
2477,5,103,9164.7,11455.9,0.5636,cloud_heavy
2478,6,103,9520.3,11900.4,0.5939,cloud_heavy
2479,7,103,9448.4,11810.5,0.6272,cloud_heavy
2480,8,103,10292.9,12866.1,0.6623,cloud_heavy
2481,9,103,9729.1,12161.4,0.6973,cloud_heavy
2482,10,103,10278.2,12847.8,0.7303,cloud_heavy
2483,11,103,10390.2,12987.7,0.7589,cloud_heavy
2484,12,103,10516.9,13146.1,0.7811,cloud_heavy
2485,13,103,10605.5,13256.9,0.7952,cloud_heavy
2486,14,103,10708.3,13385.4,0.8,cloud_heavy
2487,15,103,10912.7,13640.9,0.7952,cloud_heavy
2488,16,103,10984.6,13730.7,0.7811,cloud_heavy
2489,17,103,10400.6,13000.8,0.7589,cloud_heavy
2490,18,103,10461.4,13076.7,0.7303,cloud_heavy
2491,19,103,9782.9,12228.6,0.6973,cloud_heavy
2492,20,103,9985.2,12481.6,0.6623,cloud_heavy
2493,21,103,9310.6,11638.3,0.6272,cloud_heavy
2494,22,103,9612.0,12015.0,0.5939,cloud_heavy
2495,23,103,9710.8,12138.5,0.5636,cloud_heavy
2496,0,104,8474.9,10593.6,0.473,cloud_heavy
2497,1,104,8011.4,10014.2,0.4835,cloud_heavy
2498,2,104,8525.0,10656.3,0.4974,cloud_heavy
2499,3,104,9110.4,11388.0,0.5152,cloud_heavy
2500,4,104,9080.3,11350.4,0.5373,cloud_heavy
2501,5,104,9174.9,11468.6,0.5636,cloud_heavy
2502,6,104,9589.1,11986.4,0.5939,cloud_heavy
2503,7,104,9666.9,12083.7,0.6272,cloud_heavy
2504,8,104,10117.5,12646.9,0.6623,cloud_heavy
2505,9,104,10268.9,12836.1,0.6973,cloud_heavy
2506,10,104,10677.8,13347.2,0.7303,cloud_heavy
2507,11,104,10513.3,13141.6,0.7589,cloud_heavy
2508,12,104,10835.1,13543.8,0.7811,cloud_heavy
2509,13,104,10543.9,13179.9,0.7952,cloud_heavy
2510,14,104,10481.4,13101.8,0.8,cloud_heavy
2511,15,104,11186.9,13983.6,0.7952,cloud_heavy
2512,16,104,10617.0,13271.3,0.7811,cloud_heavy
2513,17,104,10652.5,13315.6,0.7589,cloud_heavy
2514,18,104,10249.5,12811.9,0.7303,cloud_heavy
2515,19,104,9817.4,12271.8,0.6973,cloud_heavy
2516,20,104,9764.2,12205.2,0.6623,cloud_heavy
2517,21,104,9938.9,12423.7,0.6272,cloud_heavy
2518,22,104,9462.5,11828.2,0.5939,cloud_heavy
2519,23,104,8639.3,10799.1,0.5636,cloud_heavy
2520,0,105,8516.0,10645.1,0.4829,cloud_heavy
2521,1,105,9134.1,11417.7,0.4978,cloud_heavy
2522,2,105,8745.7,10932.1,0.5177,cloud_heavy
2523,3,105,8486.4,10608.0,0.5431,cloud_heavy
2524,4,105,9701.5,12126.8,0.5747,cloud_heavy
2525,5,105,9622.8,12028.5,0.6123,cloud_heavy
2526,6,105,9695.9,12119.9,0.6556,cloud_heavy
2527,7,105,9920.2,12400.3,0.7032,cloud_heavy
2528,8,105,10700.7,13375.8,0.7533,cloud_heavy
2529,9,105,10522.1,13152.7,0.8033,cloud_heavy
2530,10,105,11387.1,14233.9,0.8504,cloud_heavy
2531,11,105,11462.4,14328.0,0.8912,cloud_heavy
2532,12,105,11573.7,14467.1,0.923,cloud_heavy
2533,13,105,11673.5,14591.9,0.9431,cloud_heavy
2534,14,105,11607.3,14509.1,0.95,cloud_heavy
2535,15,105,11987.4,14984.2,0.9431,cloud_heavy
2536,16,105,11191.1,13988.9,0.923,cloud_heavy
2537,17,105,10730.2,13412.7,0.8912,cloud_heavy
2538,18,105,11210.9,14013.6,0.8504,cloud_heavy
2539,19,105,10898.6,13623.2,0.8033,cloud_heavy
2540,20,105,10513.5,13141.8,0.7533,cloud_heavy
2541,21,105,10154.7,12693.4,0.7032,cloud_heavy
2542,22,105,9622.9,12028.6,0.6556,cloud_heavy
2543,23,105,9652.5,12065.6,0.6123,cloud_heavy
2544,0,106,8559.7,10699.6,0.4829,cloud_heavy
2545,1,106,8543.8,10679.8,0.4978,cloud_heavy
2546,2,106,8719.8,10899.7,0.5177,cloud_heavy
2547,3,106,9514.8,11893.5,0.5431,cloud_heavy
2548,4,106,8702.3,10877.9,0.5747,cloud_heavy
2549,5,106,9571.1,11963.9,0.6123,cloud_heavy
2550,6,106,9226.9,11533.6,0.6556,cloud_heavy
2551,7,106,9999.4,12499.3,0.7032,cloud_heavy
2552,8,106,10229.3,12786.7,0.7533,cloud_heavy
2553,9,106,10027.0,12533.7,0.8033,cloud_heavy
2554,10,106,11136.4,13920.5,0.8504,cloud_heavy
2555,11,106,11150.4,13938.0,0.8912,cloud_heavy
2556,12,106,10765.8,13457.2,0.923,cloud_heavy
2557,13,106,11915.5,14894.4,0.9431,cloud_heavy
2558,14,106,12170.8,15213.5,0.95,cloud_heavy
2559,15,106,12142.4,15177.9,0.9431,cloud_heavy
2560,16,106,11613.1,14516.4,0.923,cloud_heavy
2561,17,106,11294.6,14118.2,0.8912,cloud_heavy
2562,18,106,11446.6,14308.2,0.8504,cloud_heavy
2563,19,106,11235.9,14044.9,0.8033,cloud_heavy
2564,20,106,10716.6,13395.8,0.7533,cloud_heavy
2565,21,106,9748.6,12185.8,0.7032,cloud_heavy
2566,22,106,9775.0,12218.8,0.6556,cloud_heavy
2567,23,106,9554.1,11942.6,0.6123,cloud_heavy
2568,0,107,8106.1,10132.6,0.4829,cloud_heavy
2569,1,107,8792.6,10990.8,0.4978,cloud_heavy
2570,2,107,9402.4,11752.9,0.5177,cloud_heavy
2571,3,107,9143.2,11429.0,0.5431,cloud_heavy
2572,4,107,9585.9,11982.4,0.5747,cloud_heavy
2573,5,107,9481.5,11851.8,0.6123,cloud_heavy
2574,6,107,9695.0,12118.7,0.6556,cloud_heavy
2575,7,107,10146.8,12683.4,0.7032,cloud_heavy
2576,8,107,10110.5,12638.1,0.7533,cloud_heavy
2577,9,107,10386.8,12983.5,0.8033,cloud_heavy
2578,10,107,11426.1,14282.7,0.8504,cloud_heavy
2579,11,107,11743.3,14679.2,0.8912,cloud_heavy
2580,12,107,11147.7,13934.7,0.923,cloud_heavy
2581,13,107,11960.3,14950.4,0.9431,cloud_heavy
2582,14,107,11638.1,14547.6,0.95,cloud_heavy
2583,15,107,11741.3,14676.6,0.9431,cloud_heavy
2584,16,107,11648.0,14560.0,0.923,cloud_heavy
2585,17,107,11615.4,14519.3,0.8912,cloud_heavy
2586,18,107,11035.3,13794.1,0.8504,cloud_heavy
2587,19,107,11148.5,13935.7,0.8033,cloud_heavy
2588,20,107,10460.4,13075.4,0.7533,cloud_heavy
2589,21,107,10219.9,12774.8,0.7032,cloud_heavy
2590,22,107,9473.4,11841.8,0.6556,cloud_heavy
2591,23,107,10040.4,12550.5,0.6123,cloud_heavy
2592,0,108,8692.2,10865.3,0.4829,cloud_heavy
2593,1,108,8856.0,11070.0,0.4978,cloud_heavy
2594,2,108,8377.5,10471.8,0.5177,cloud_heavy
2595,3,108,8749.6,10937.0,0.5431,cloud_heavy
2596,4,108,9521.0,11901.3,0.5747,cloud_heavy
2597,5,108,9510.9,11888.6,0.6123,cloud_heavy
2598,6,108,9158.5,11448.1,0.6556,cloud_heavy
2599,7,108,10344.5,12930.6,0.7032,cloud_heavy
2600,8,108,10195.1,12743.8,0.7533,cloud_heavy
2601,9,108,11148.9,13936.1,0.8033,cloud_heavy
2602,10,108,10978.9,13723.7,0.8504,cloud_heavy
2603,11,108,11348.2,14185.3,0.8912,cloud_heavy
2604,12,108,11895.7,14869.6,0.923,cloud_heavy
2605,13,108,11309.8,14137.3,0.9431,cloud_heavy
2606,14,108,11320.9,14151.2,0.95,cloud_heavy
2607,15,108,11554.3,14442.8,0.9431,cloud_heavy
2608,16,108,11774.5,14718.1,0.923,cloud_heavy
2609,17,108,10828.6,13535.8,0.8912,cloud_heavy
2610,18,108,10457.1,13071.4,0.8504,cloud_heavy
2611,19,108,10960.4,13700.4,0.8033,cloud_heavy
2612,20,108,10176.7,12720.8,0.7533,cloud_heavy
2613,21,108,9914.0,12392.4,0.7032,cloud_heavy
2614,22,108,9175.1,11468.9,0.6556,cloud_heavy
2615,23,108,9237.6,11547.1,0.6123,cloud_heavy
2616,0,109,8569.4,10711.8,0.4829,cloud_heavy
2617,1,109,8912.5,11140.7,0.4978,cloud_heavy
2618,2,109,8598.5,10748.1,0.5177,cloud_heavy
2619,3,109,9417.0,11771.3,0.5431,cloud_heavy
2620,4,109,8991.6,11239.5,0.5747,cloud_heavy
2621,5,109,9236.5,11545.6,0.6123,cloud_heavy
2622,6,109,10164.5,12705.6,0.6556,cloud_heavy
2623,7,109,10095.6,12619.6,0.7032,cloud_heavy
2624,8,109,10192.5,12740.6,0.7533,cloud_heavy
2625,9,109,10646.3,13307.8,0.8033,cloud_heavy
2626,10,109,11454.8,14318.5,0.8504,cloud_heavy
2627,11,109,11775.1,14718.9,0.8912,cloud_heavy
2628,12,109,11207.8,14009.8,0.923,cloud_heavy
2629,13,109,11608.0,14510.0,0.9431,cloud_heavy
2630,14,109,11700.1,14625.1,0.95,cloud_heavy
2631,15,109,11278.9,14098.6,0.9431,cloud_heavy
2632,16,109,11470.2,14337.7,0.923,cloud_heavy
2633,17,109,11280.8,14101.0,0.8912,cloud_heavy
2634,18,109,11384.5,14230.6,0.8504,cloud_heavy
2635,19,109,11083.5,13854.3,0.8033,cloud_heavy
2636,20,109,10261.8,12827.2,0.7533,cloud_heavy
2637,21,109,9967.6,12459.5,0.7032,cloud_heavy
2638,22,109,9910.0,12387.5,0.6556,cloud_heavy
2639,23,109,9264.2,11580.2,0.6123,cloud_heavy
2640,0,110,8656.2,10820.3,0.473,cloud_heavy
2641,1,110,8552.8,10691.0,0.4835,cloud_heavy
2642,2,110,8415.5,10519.3,0.4974,cloud_heavy
2643,3,110,8533.5,10666.9,0.5152,cloud_heavy
2644,4,110,9319.9,11649.9,0.5373,cloud_heavy
2645,5,110,9064.1,11330.2,0.5636,cloud_heavy
2646,6,110,9765.5,12206.9,0.5939,cloud_heavy
2647,7,110,9381.6,11727.0,0.6272,cloud_heavy
2648,8,110,9846.2,12307.8,0.6623,cloud_heavy
2649,9,110,10710.6,13388.2,0.6973,cloud_heavy
2650,10,110,9887.7,12359.6,0.7303,cloud_heavy
2651,11,110,9809.1,12261.4,0.7589,cloud_heavy
2652,12,110,10955.8,13694.7,0.7811,cloud_heavy
2653,13,110,10378.0,12972.5,0.7952,cloud_heavy
2654,14,110,10667.4,13334.2,0.8,cloud_heavy
2655,15,110,10454.9,13068.7,0.7952,cloud_heavy
2656,16,110,10633.5,13291.8,0.7811,cloud_heavy
2657,17,110,10104.7,12630.9,0.7589,cloud_heavy
2658,18,110,10156.5,12695.6,0.7303,cloud_heavy
2659,19,110,10128.1,12660.2,0.6973,cloud_heavy
2660,20,110,9465.7,11832.1,0.6623,cloud_heavy
2661,21,110,9328.3,11660.4,0.6272,cloud_heavy
2662,22,110,9210.5,11513.1,0.5939,cloud_heavy
2663,23,110,8716.5,10895.6,0.5636,cloud_heavy
2664,0,111,8398.2,10497.7,0.473,cloud_heavy
2665,1,111,8606.0,10757.5,0.4835,cloud_heavy
2666,2,111,8563.7,10704.6,0.4974,cloud_heavy
2667,3,111,8714.2,10892.8,0.5152,cloud_heavy
2668,4,111,8926.8,11158.5,0.5373,cloud_heavy
2669,5,111,8927.7,11159.6,0.5636,cloud_heavy
2670,6,111,9500.4,11875.6,0.5939,cloud_heavy
2671,7,111,9938.9,12423.7,0.6272,cloud_heavy
2672,8,111,9625.0,12031.2,0.6623,cloud_heavy
2673,9,111,10138.7,12673.4,0.6973,cloud_heavy
2674,10,111,10138.2,12672.8,0.7303,cloud_heavy
2675,11,111,10515.4,13144.2,0.7589,cloud_heavy
2676,12,111,11044.1,13805.1,0.7811,cloud_heavy
2677,13,111,10804.4,13505.5,0.7952,cloud_heavy
2678,14,111,10106.1,12632.6,0.8,cloud_heavy
2679,15,111,10786.9,13483.7,0.7952,cloud_heavy
2680,16,111,10938.7,13673.4,0.7811,cloud_heavy
2681,17,111,10332.2,12915.2,0.7589,cloud_heavy
2682,18,111,10516.6,13145.8,0.7303,cloud_heavy
2683,19,111,9786.4,12233.0,0.6973,cloud_heavy
2684,20,111,9325.9,11657.4,0.6623,cloud_heavy
2685,21,111,9568.8,11961.0,0.6272,cloud_heavy
2686,22,111,8817.0,11021.3,0.5939,cloud_heavy
2687,23,111,9041.3,11301.7,0.5636,cloud_heavy
2688,0,112,8902.3,11127.9,0.4829,cloud_heavy
2689,1,112,8173.8,10217.2,0.4978,cloud_heavy
2690,2,112,8464.3,10580.3,0.5177,cloud_heavy
2691,3,112,8693.2,10866.5,0.5431,cloud_heavy
2692,4,112,9162.7,11453.3,0.5747,cloud_heavy
2693,5,112,9326.3,11657.8,0.6123,cloud_heavy
2694,6,112,10124.2,12655.2,0.6556,cloud_heavy
2695,7,112,10319.2,12899.0,0.7032,cloud_heavy
2696,8,112,10518.1,13147.7,0.7533,cloud_heavy
2697,9,112,10742.8,13428.5,0.8033,cloud_heavy
2698,10,112,11137.8,13922.3,0.8504,cloud_heavy
2699,11,112,10987.3,13734.1,0.8912,cloud_heavy
2700,12,112,11784.8,14731.0,0.923,cloud_heavy
2701,13,112,11235.0,14043.8,0.9431,cloud_heavy
2702,14,112,11960.9,14951.2,0.95,cloud_heavy
2703,15,112,12036.4,15045.5,0.9431,cloud_heavy
2704,16,112,11562.0,14452.5,0.923,cloud_heavy
2705,17,112,11219.4,14024.2,0.8912,cloud_heavy
2706,18,112,11140.1,13925.2,0.8504,cloud_heavy
2707,19,112,9777.8,12222.3,0.8033,cloud_heavy
2708,20,112,10458.1,13072.7,0.7533,cloud_heavy
2709,21,112,9997.9,12497.4,0.7032,cloud_heavy
2710,22,112,9701.6,12127.0,0.6556,cloud_heavy
2711,23,112,9629.6,12037.0,0.6123,cloud_heavy
2712,0,113,8552.2,10690.2,0.4829,cloud_heavy
2713,1,113,8373.9,10467.4,0.4978,cloud_heavy
2714,2,113,8764.8,10956.0,0.5177,cloud_heavy
2715,3,113,8989.2,11236.5,0.5431,cloud_heavy
2716,4,113,9211.8,11514.7,0.5747,cloud_heavy
2717,5,113,9475.5,11844.4,0.6123,cloud_heavy
2718,6,113,10019.3,12524.1,0.6556,cloud_heavy
2719,7,113,9705.1,12131.4,0.7032,cloud_heavy
2720,8,113,10418.8,13023.5,0.7533,cloud_heavy
2721,9,113,11110.0,13887.4,0.8033,cloud_heavy
2722,10,113,10435.1,13043.9,0.8504,cloud_heavy
2723,11,113,11339.8,14174.7,0.8912,cloud_heavy
2724,12,113,11287.6,14109.5,0.923,cloud_heavy
2725,13,113,11493.5,14366.9,0.9431,cloud_heavy
2726,14,113,11351.8,14189.7,0.95,cloud_heavy
2727,15,113,11563.7,14454.6,0.9431,cloud_heavy
2728,16,113,12124.0,15155.0,0.923,cloud_heavy
2729,17,113,10851.1,13563.9,0.8912,cloud_heavy
2730,18,113,10621.7,13277.1,0.8504,cloud_heavy
2731,19,113,10278.3,12847.8,0.8033,cloud_heavy
2732,20,113,10901.2,13626.6,0.7533,cloud_heavy
2733,21,113,9892.9,12366.1,0.7032,cloud_heavy
2734,22,113,9708.9,12136.1,0.6556,cloud_heavy
2735,23,113,9315.8,11644.7,0.6123,cloud_heavy
2736,0,114,8328.5,10410.7,0.4829,cloud_heavy
2737,1,114,8609.4,10761.7,0.4978,cloud_heavy
2738,2,114,9451.3,11814.1,0.5177,cloud_heavy
2739,3,114,9345.6,11682.0,0.5431,cloud_heavy
2740,4,114,8945.2,11181.5,0.5747,cloud_heavy
2741,5,114,9612.9,12016.1,0.6123,cloud_heavy
2742,6,114,9474.0,11842.4,0.6556,cloud_heavy
2743,7,114,9497.4,11871.7,0.7032,cloud_heavy
2744,8,114,10681.1,13351.4,0.7533,cloud_heavy
2745,9,114,11068.3,13835.4,0.8033,cloud_heavy
2746,10,114,11353.4,14191.7,0.8504,cloud_heavy
2747,11,114,11120.0,13900.0,0.8912,cloud_heavy
2748,12,114,11431.9,14289.8,0.923,cloud_heavy
2749,13,114,11884.2,14855.3,0.9431,cloud_heavy
2750,14,114,11805.5,14756.9,0.95,cloud_heavy
2751,15,114,11485.5,14356.9,0.9431,cloud_heavy
2752,16,114,10931.3,13664.1,0.923,cloud_heavy
2753,17,114,11317.5,14146.9,0.8912,cloud_heavy
2754,18,114,11364.3,14205.3,0.8504,cloud_heavy
2755,19,114,10311.8,12889.7,0.8033,cloud_heavy
2756,20,114,10562.8,13203.4,0.7533,cloud_heavy
2757,21,114,10131.8,12664.7,0.7032,cloud_heavy
2758,22,114,9935.0,12418.7,0.6556,cloud_heavy
2759,23,114,9676.4,12095.5,0.6123,cloud_heavy
2760,0,115,8392.8,10491.0,0.4829,cloud_heavy
2761,1,115,8249.9,10312.4,0.4978,cloud_heavy
2762,2,115,8661.3,10826.6,0.5177,cloud_heavy
2763,3,115,9210.3,11512.8,0.5431,cloud_heavy
2764,4,115,9030.8,11288.5,0.5747,cloud_heavy
2765,5,115,9233.4,11541.7,0.6123,cloud_heavy
2766,6,115,9185.4,11481.8,0.6556,cloud_heavy
2767,7,115,10559.5,13199.3,0.7032,cloud_heavy
2768,8,115,10620.9,13276.1,0.7533,cloud_heavy
2769,9,115,10943.1,13678.9,0.8033,cloud_heavy
2770,10,115,11327.5,14159.4,0.8504,cloud_heavy
2771,11,115,11474.1,14342.6,0.8912,cloud_heavy
2772,12,115,11405.1,14256.4,0.923,cloud_heavy
2773,13,115,11565.7,14457.1,0.9431,cloud_heavy
2774,14,115,11518.8,14398.5,0.95,cloud_heavy
2775,15,115,12541.5,15676.8,0.9431,cloud_heavy
2776,16,115,11681.0,14601.2,0.923,cloud_heavy
2777,17,115,11122.0,13902.6,0.8912,cloud_heavy
2778,18,115,11161.7,13952.1,0.8504,cloud_heavy
2779,19,115,10371.7,12964.6,0.8033,cloud_heavy
2780,20,115,10831.9,13539.9,0.7533,cloud_heavy
2781,21,115,9833.0,12291.3,0.7032,cloud_heavy
2782,22,115,9862.4,12328.0,0.6556,cloud_heavy
2783,23,115,9731.3,12164.1,0.6123,cloud_heavy
2784,0,116,8670.3,10837.9,0.4829,cloud_heavy
2785,1,116,8695.1,10868.9,0.4978,cloud_heavy
2786,2,116,8805.0,11006.2,0.5177,cloud_heavy
2787,3,116,8955.8,11194.7,0.5431,cloud_heavy
2788,4,116,9021.3,11276.6,0.5747,cloud_heavy
2789,5,116,9302.6,11628.2,0.6123,cloud_heavy
2790,6,116,10147.6,12684.5,0.6556,cloud_heavy
2791,7,116,9999.3,12499.2,0.7032,cloud_heavy
2792,8,116,10119.8,12649.8,0.7533,cloud_heavy
2793,9,116,10530.4,13163.0,0.8033,cloud_heavy
2794,10,116,11371.3,14214.2,0.8504,cloud_heavy
2795,11,116,11507.6,14384.5,0.8912,cloud_heavy
2796,12,116,11682.5,14603.1,0.923,cloud_heavy
2797,13,116,11533.0,14416.2,0.9431,cloud_heavy
2798,14,116,11869.2,14836.5,0.95,cloud_heavy
2799,15,116,11398.4,14248.0,0.9431,cloud_heavy
2800,16,116,11399.9,14249.8,0.923,cloud_heavy
2801,17,116,11607.1,14508.9,0.8912,cloud_heavy
2802,18,116,11296.7,14120.8,0.8504,cloud_heavy
2803,19,116,10381.0,12976.2,0.8033,cloud_heavy
2804,20,116,10098.1,12622.7,0.7533,cloud_heavy
2805,21,116,10064.7,12580.9,0.7032,cloud_heavy
2806,22,116,10219.5,12774.4,0.6556,cloud_heavy
2807,23,116,8887.8,11109.8,0.6123,cloud_heavy
2808,0,117,8577.0,10721.3,0.473,cloud_heavy
2809,1,117,8221.4,10276.8,0.4835,cloud_heavy
2810,2,117,8502.6,10628.3,0.4974,cloud_heavy
2811,3,117,8689.7,10862.1,0.5152,cloud_heavy
2812,4,117,8819.4,11024.3,0.5373,cloud_heavy
2813,5,117,8961.0,11201.3,0.5636,cloud_heavy
2814,6,117,9309.5,11636.9,0.5939,cloud_heavy
2815,7,117,9375.4,11719.3,0.6272,cloud_heavy
2816,8,117,9332.7,11665.9,0.6623,cloud_heavy
2817,9,117,10227.1,12783.9,0.6973,cloud_heavy
2818,10,117,10442.3,13052.8,0.7303,cloud_heavy
2819,11,117,10664.4,13330.5,0.7589,cloud_heavy
2820,12,117,10061.0,12576.3,0.7811,cloud_heavy
2821,13,117,10737.4,13421.8,0.7952,cloud_heavy
2822,14,117,10890.5,13613.1,0.8,cloud_heavy
2823,15,117,10312.8,12891.0,0.7952,cloud_heavy
2824,16,117,10551.5,13189.4,0.7811,cloud_heavy
2825,17,117,10365.1,12956.3,0.7589,cloud_heavy
2826,18,117,10776.0,13469.9,0.7303,cloud_heavy
2827,19,117,10570.2,13212.8,0.6973,cloud_heavy
2828,20,117,9273.6,11592.0,0.6623,cloud_heavy
2829,21,117,10241.3,12801.7,0.6272,cloud_heavy
2830,22,117,9051.9,11314.9,0.5939,cloud_heavy
2831,23,117,9374.8,11718.5,0.5636,cloud_heavy
2832,0,118,8753.7,10942.1,0.473,cloud_heavy
2833,1,118,8319.3,10399.1,0.4835,cloud_heavy
2834,2,118,8795.8,10994.8,0.4974,cloud_heavy
2835,3,118,8757.4,10946.7,0.5152,cloud_heavy
2836,4,118,9080.7,11350.8,0.5373,cloud_heavy
2837,5,118,9169.9,11462.3,0.5636,cloud_heavy
2838,6,118,9641.5,12051.9,0.5939,cloud_heavy
2839,7,118,9550.0,11937.5,0.6272,cloud_heavy
2840,8,118,9711.8,12139.7,0.6623,cloud_heavy
2841,9,118,10321.9,12902.3,0.6973,cloud_heavy
2842,10,118,10389.4,12986.8,0.7303,cloud_heavy
2843,11,118,10629.7,13287.1,0.7589,cloud_heavy
2844,12,118,10338.3,12922.9,0.7811,cloud_heavy
2845,13,118,10308.3,12885.4,0.7952,cloud_heavy
2846,14,118,10492.2,13115.3,0.8,cloud_heavy
2847,15,118,10443.8,13054.7,0.7952,cloud_heavy
2848,16,118,10797.4,13496.7,0.7811,cloud_heavy
2849,17,118,10705.9,13382.4,0.7589,cloud_heavy
2850,18,118,10164.1,12705.1,0.7303,cloud_heavy
2851,19,118,10422.3,13027.8,0.6973,cloud_heavy
2852,20,118,10161.7,12702.1,0.6623,cloud_heavy
2853,21,118,9598.0,11997.5,0.6272,cloud_heavy
2854,22,118,9078.0,11347.5,0.5939,cloud_heavy
2855,23,118,9537.3,11921.6,0.5636,cloud_heavy
2856,0,119,8555.7,10694.6,0.4829,cloud_heavy
2857,1,119,8703.3,10879.2,0.4978,cloud_heavy
2858,2,119,8712.5,10890.6,0.5177,cloud_heavy
2859,3,119,8731.5,10914.4,0.5431,cloud_heavy
2860,4,119,8775.6,10969.5,0.5747,cloud_heavy
2861,5,119,9608.8,12010.9,0.6123,cloud_heavy
2862,6,119,9488.0,11860.0,0.6556,cloud_heavy
2863,7,119,10952.8,13691.0,0.7032,cloud_heavy
2864,8,119,10026.5,12533.1,0.7533,cloud_heavy
2865,9,119,10292.6,12865.7,0.8033,cloud_heavy
2866,10,119,11176.4,13970.5,0.8504,cloud_heavy
2867,11,119,11796.4,14745.6,0.8912,cloud_heavy
2868,12,119,11511.6,14389.5,0.923,cloud_heavy
2869,13,119,11822.3,14777.9,0.9431,cloud_heavy
2870,14,119,11023.2,13778.9,0.95,cloud_heavy
2871,15,119,11386.5,14233.2,0.9431,cloud_heavy
2872,16,119,11119.3,13899.1,0.923,cloud_heavy
2873,17,119,10637.8,13297.2,0.8912,cloud_heavy
2874,18,119,11046.6,13808.2,0.8504,cloud_heavy
2875,19,119,9976.4,12470.4,0.8033,cloud_heavy
2876,20,119,9953.0,12441.3,0.7533,cloud_heavy
2877,21,119,9870.3,12337.9,0.7032,cloud_heavy
2878,22,119,9474.0,11842.5,0.6556,cloud_heavy
2879,23,119,9541.9,11927.3,0.6123,cloud_heavy
2880,0,120,8650.0,10812.5,0.4829,cloud_heavy
2881,1,120,8903.0,11128.8,0.4978,cloud_heavy
2882,2,120,9000.8,11251.0,0.5177,cloud_heavy
2883,3,120,9278.0,11597.5,0.5431,cloud_heavy
2884,4,120,9179.6,11474.5,0.5747,cloud_heavy
2885,5,120,9515.6,11894.5,0.6123,cloud_heavy
2886,6,120,9865.4,12331.8,0.6556,cloud_heavy
2887,7,120,10074.6,12593.3,0.7032,cloud_heavy
2888,8,120,10240.7,12800.8,0.7533,cloud_heavy
2889,9,120,10589.4,13236.7,0.8033,cloud_heavy
2890,10,120,10738.0,13422.4,0.8504,cloud_heavy
2891,11,120,11421.6,14277.0,0.8912,cloud_heavy
2892,12,120,11457.0,14321.2,0.923,cloud_heavy
2893,13,120,11391.5,14239.4,0.9431,cloud_heavy
2894,14,120,11436.7,14295.8,0.95,cloud_heavy
2895,15,120,11200.7,14000.9,0.9431,cloud_heavy
2896,16,120,11826.7,14783.4,0.923,cloud_heavy
2897,17,120,11305.6,14132.0,0.8912,cloud_heavy
2898,18,120,10723.0,13403.8,0.8504,cloud_heavy
2899,19,120,10955.5,13694.4,0.8033,cloud_heavy
2900,20,120,10189.9,12737.4,0.7533,cloud_heavy
2901,21,120,9608.7,12010.9,0.7032,cloud_heavy
2902,22,120,10014.0,12517.5,0.6556,cloud_heavy
2903,23,120,9277.8,11597.2,0.6123,cloud_heavy
2904,0,121,8466.2,10582.8,0.4829,cloud_heavy
2905,1,121,8681.2,10851.5,0.4978,cloud_heavy
2906,2,121,9103.9,11379.8,0.5177,cloud_heavy
2907,3,121,8976.4,11220.5,0.5431,cloud_heavy
2908,4,121,8849.9,11062.3,0.5747,cloud_heavy
2909,5,121,9583.6,11979.5,0.6123,cloud_heavy
2910,6,121,9575.0,11968.7,0.6556,cloud_heavy
2911,7,121,10600.2,13250.2,0.7032,cloud_heavy
2912,8,121,10363.8,12954.8,0.7533,cloud_heavy
2913,9,121,9978.9,12473.6,0.8033,cloud_heavy
2914,10,121,11126.0,13907.5,0.8504,cloud_heavy
2915,11,121,11937.0,14921.2,0.8912,cloud_heavy
2916,12,121,12032.5,15040.7,0.923,cloud_heavy
2917,13,121,12261.2,15326.5,0.9431,cloud_heavy
2918,14,121,11311.5,14139.4,0.95,cloud_heavy
2919,15,121,11940.8,14926.0,0.9431,cloud_heavy
2920,16,121,11240.5,14050.6,0.923,cloud_heavy
2921,17,121,11354.9,14193.6,0.8912,cloud_heavy
2922,18,121,10587.6,13234.5,0.8504,cloud_heavy
2923,19,121,10489.2,13111.6,0.8033,cloud_heavy
2924,20,121,10153.9,12692.4,0.7533,cloud_heavy
2925,21,121,10302.4,12878.0,0.7032,cloud_heavy
2926,22,121,9949.7,12437.2,0.6556,cloud_heavy
2927,23,121,9508.0,11885.0,0.6123,cloud_heavy
2928,0,122,8224.1,10280.2,0.4829,cloud_heavy
2929,1,122,8589.5,10736.8,0.4978,cloud_heavy
2930,2,122,8605.1,10756.4,0.5177,cloud_heavy
2931,3,122,9205.0,11506.3,0.5431,cloud_heavy
2932,4,122,9504.6,11880.7,0.5747,cloud_heavy
2933,5,122,9728.6,12160.7,0.6123,cloud_heavy
2934,6,122,9496.2,11870.2,0.6556,cloud_heavy
2935,7,122,9207.5,11509.4,0.7032,cloud_heavy
2936,8,122,9814.8,12268.4,0.7533,cloud_heavy
2937,9,122,11152.2,13940.3,0.8033,cloud_heavy
2938,10,122,10875.4,13594.3,0.8504,cloud_heavy
2939,11,122,11025.0,13781.2,0.8912,cloud_heavy
2940,12,122,12055.5,15069.4,0.923,cloud_heavy
2941,13,122,12063.9,15079.9,0.9431,cloud_heavy
2942,14,122,11677.1,14596.3,0.95,cloud_heavy
2943,15,122,11520.5,14400.6,0.9431,cloud_heavy
2944,16,122,11443.8,14304.8,0.923,cloud_heavy
2945,17,122,11355.8,14194.8,0.8912,cloud_heavy
2946,18,122,11536.3,14420.4,0.8504,cloud_heavy
2947,19,122,10831.6,13539.5,0.8033,cloud_heavy
2948,20,122,10589.9,13237.4,0.7533,cloud_heavy
2949,21,122,10383.9,12979.9,0.7032,cloud_heavy
2950,22,122,9375.4,11719.2,0.6556,cloud_heavy
2951,23,122,9643.3,12054.1,0.6123,cloud_heavy
2952,0,123,8495.6,10619.6,0.4829,cloud_heavy
2953,1,123,8016.1,10020.1,0.4978,cloud_heavy
2954,2,123,8240.2,10300.2,0.5177,cloud_heavy
2955,3,123,8697.0,10871.2,0.5431,cloud_heavy
2956,4,123,9326.4,11658.0,0.5747,cloud_heavy
2957,5,123,9461.9,11827.4,0.6123,cloud_heavy
2958,6,123,9770.1,12212.6,0.6556,cloud_heavy
2959,7,123,10619.2,13273.9,0.7032,cloud_heavy
2960,8,123,9969.6,12461.9,0.7533,cloud_heavy
2961,9,123,10687.2,13359.0,0.8033,cloud_heavy
2962,10,123,11108.5,13885.6,0.8504,cloud_heavy
2963,11,123,11029.8,13787.3,0.8912,cloud_heavy
2964,12,123,11499.1,14373.9,0.923,cloud_heavy
2965,13,123,11064.9,13831.1,0.9431,cloud_heavy
2966,14,123,12162.0,15202.6,0.95,cloud_heavy
2967,15,123,11385.1,14231.4,0.9431,cloud_heavy
2968,16,123,12189.5,15236.9,0.923,cloud_heavy
2969,17,123,11268.0,14085.0,0.8912,cloud_heavy
2970,18,123,11347.4,14184.3,0.8504,cloud_heavy
2971,19,123,10678.9,13348.7,0.8033,cloud_heavy
2972,20,123,10354.6,12943.2,0.7533,cloud_heavy
2973,21,123,9856.2,12320.3,0.7032,cloud_heavy
2974,22,123,9751.1,12188.8,0.6556,cloud_heavy
2975,23,123,9519.7,11899.6,0.6123,cloud_heavy
2976,0,124,8305.9,10382.4,0.473,cloud_heavy
2977,1,124,8543.3,10679.1,0.4835,cloud_heavy
2978,2,124,8508.9,10636.1,0.4974,cloud_heavy
2979,3,124,9391.9,11739.8,0.5152,cloud_heavy
2980,4,124,8908.1,11135.1,0.5373,cloud_heavy
2981,5,124,9529.0,11911.3,0.5636,cloud_heavy
2982,6,124,9252.9,11566.1,0.5939,cloud_heavy
2983,7,124,9602.6,12003.2,0.6272,cloud_heavy
2984,8,124,9374.0,11717.5,0.6623,cloud_heavy
2985,9,124,9859.2,12324.1,0.6973,cloud_heavy
2986,10,124,10276.1,12845.1,0.7303,cloud_heavy
2987,11,124,10896.2,13620.3,0.7589,cloud_heavy
2988,12,124,10618.8,13273.6,0.7811,cloud_heavy
2989,13,124,11083.8,13854.7,0.7952,cloud_heavy
2990,14,124,10879.2,13599.0,0.8,cloud_heavy
2991,15,124,11161.6,13951.9,0.7952,cloud_heavy
2992,16,124,10529.9,13162.4,0.7811,cloud_heavy
2993,17,124,11147.2,13934.0,0.7589,cloud_heavy
2994,18,124,10062.9,12578.6,0.7303,cloud_heavy
2995,19,124,9763.5,12204.4,0.6973,cloud_heavy
2996,20,124,9406.6,11758.3,0.6623,cloud_heavy
2997,21,124,10194.8,12743.5,0.6272,cloud_heavy
2998,22,124,9536.3,11920.4,0.5939,cloud_heavy
2999,23,124,9015.6,11269.5,0.5636,cloud_heavy
3000,0,125,8824.7,11030.9,0.473,cloud_heavy
3001,1,125,8752.3,10940.4,0.4835,cloud_heavy
3002,2,125,9178.8,11473.5,0.4974,cloud_heavy
3003,3,125,8377.8,10472.2,0.5152,cloud_heavy
3004,4,125,8861.0,11076.3,0.5373,cloud_heavy
3005,5,125,8980.5,11225.6,0.5636,cloud_heavy
3006,6,125,8756.4,10945.5,0.5939,cloud_heavy
3007,7,125,9831.6,12289.4,0.6272,cloud_heavy
3008,8,125,9681.8,12102.2,0.6623,cloud_heavy
3009,9,125,10215.0,12768.8,0.6973,cloud_heavy
3010,10,125,10934.5,13668.2,0.7303,cloud_heavy
3011,11,125,10291.1,12863.9,0.7589,cloud_heavy
3012,12,125,10415.3,13019.2,0.7811,cloud_heavy
3013,13,125,10679.9,13349.8,0.7952,cloud_heavy
3014,14,125,10990.1,13737.7,0.8,cloud_heavy
3015,15,125,10461.1,13076.3,0.7952,cloud_heavy
3016,16,125,10348.9,12936.2,0.7811,cloud_heavy
3017,17,125,10731.2,13414.0,0.7589,cloud_heavy
3018,18,125,10327.6,12909.5,0.7303,cloud_heavy
3019,19,125,9380.3,11725.3,0.6973,cloud_heavy
3020,20,125,9402.1,11752.7,0.6623,cloud_heavy
3021,21,125,9957.6,12447.0,0.6272,cloud_heavy
3022,22,125,9419.7,11774.6,0.5939,cloud_heavy
3023,23,125,8898.6,11123.3,0.5636,cloud_heavy
3024,0,126,8527.6,10659.5,0.4829,cloud_heavy
3025,1,126,8674.0,10842.5,0.4978,cloud_heavy
3026,2,126,8996.4,11245.5,0.5177,cloud_heavy
3027,3,126,8605.4,10756.8,0.5431,cloud_heavy
3028,4,126,8948.5,11185.6,0.5747,cloud_heavy
3029,5,126,9506.9,11883.7,0.6123,cloud_heavy
3030,6,126,9687.2,12109.0,0.6556,cloud_heavy
3031,7,126,10204.1,12755.1,0.7032,cloud_heavy
3032,8,126,9981.9,12477.3,0.7533,cloud_heavy
3033,9,126,10810.6,13513.3,0.8033,cloud_heavy
3034,10,126,11368.4,14210.5,0.8504,cloud_heavy
3035,11,126,11443.7,14304.6,0.8912,cloud_heavy
3036,12,126,11537.3,14421.6,0.923,cloud_heavy
3037,13,126,11589.3,14486.7,0.9431,cloud_heavy
3038,14,126,11376.3,14220.3,0.95,cloud_heavy
3039,15,126,11597.7,14497.1,0.9431,cloud_heavy
3040,16,126,11923.6,14904.4,0.923,cloud_heavy
3041,17,126,11238.7,14048.4,0.8912,cloud_heavy
3042,18,126,10714.1,13392.6,0.8504,cloud_heavy
3043,19,126,10538.1,13172.6,0.8033,cloud_heavy
3044,20,126,10426.6,13033.2,0.7533,cloud_heavy
3045,21,126,9919.6,12399.5,0.7032,cloud_heavy
3046,22,126,9857.8,12322.2,0.6556,cloud_heavy
3047,23,126,9577.6,11972.0,0.6123,cloud_heavy
3048,0,127,8800.0,11000.0,0.4829,cloud_heavy
3049,1,127,9040.8,11301.0,0.4978,cloud_heavy
3050,2,127,9065.1,11331.4,0.5177,cloud_heavy
3051,3,127,8719.6,10899.4,0.5431,cloud_heavy
3052,4,127,8931.3,11164.1,0.5747,cloud_heavy
3053,5,127,9408.3,11760.4,0.6123,cloud_heavy
3054,6,127,9584.8,11981.0,0.6556,cloud_heavy
3055,7,127,9689.4,12111.8,0.7032,cloud_heavy
3056,8,127,10226.8,12783.5,0.7533,cloud_heavy
3057,9,127,10543.8,13179.7,0.8033,cloud_heavy
3058,10,127,10786.1,13482.6,0.8504,cloud_heavy
3059,11,127,11172.1,13965.2,0.8912,cloud_heavy
3060,12,127,11895.5,14869.4,0.923,cloud_heavy
3061,13,127,11692.2,14615.3,0.9431,cloud_heavy
3062,14,127,12533.8,15667.2,0.95,cloud_heavy
3063,15,127,11682.2,14602.8,0.9431,cloud_heavy
3064,16,127,11389.4,14236.7,0.923,cloud_heavy
3065,17,127,11280.4,14100.5,0.8912,cloud_heavy
3066,18,127,11092.6,13865.8,0.8504,cloud_heavy
3067,19,127,10835.7,13544.6,0.8033,cloud_heavy
3068,20,127,11009.8,13762.3,0.7533,cloud_heavy
3069,21,127,9777.6,12222.0,0.7032,cloud_heavy
3070,22,127,9966.7,12458.4,0.6556,cloud_heavy
3071,23,127,9488.5,11860.6,0.6123,cloud_heavy
3072,0,128,8167.4,10209.2,0.4829,cloud_heavy
3073,1,128,8871.0,11088.7,0.4978,cloud_heavy
3074,2,128,9136.9,11421.1,0.5177,cloud_heavy
3075,3,128,8740.3,10925.4,0.5431,cloud_heavy
3076,4,128,9177.6,11472.1,0.5747,cloud_heavy
3077,5,128,8941.6,11177.0,0.6123,cloud_heavy
3078,6,128,9349.4,11686.8,0.6556,cloud_heavy
3079,7,128,10347.4,12934.3,0.7032,cloud_heavy
3080,8,128,10219.1,12773.9,0.7533,cloud_heavy
3081,9,128,10340.2,12925.3,0.8033,cloud_heavy
3082,10,128,11083.7,13854.7,0.8504,cloud_heavy
3083,11,128,11102.2,13877.8,0.8912,cloud_heavy
3084,12,128,11327.1,14158.8,0.923,cloud_heavy
3085,13,128,11880.6,14850.7,0.9431,cloud_heavy
3086,14,128,11261.8,14077.3,0.95,cloud_heavy
3087,15,128,11307.1,14133.9,0.9431,cloud_heavy
3088,16,128,11542.5,14428.1,0.923,cloud_heavy
3089,17,128,11607.0,14508.7,0.8912,cloud_heavy
3090,18,128,11416.8,14271.0,0.8504,cloud_heavy
3091,19,128,10482.6,13103.3,0.8033,cloud_heavy
3092,20,128,10655.6,13319.5,0.7533,cloud_heavy
3093,21,128,9796.0,12245.0,0.7032,cloud_heavy
3094,22,128,10248.7,12810.8,0.6556,cloud_heavy
3095,23,128,9109.0,11386.2,0.6123,cloud_heavy
3096,0,129,8913.0,11141.2,0.4829,cloud_heavy
3097,1,129,8499.8,10624.7,0.4978,cloud_heavy
3098,2,129,9333.8,11667.2,0.5177,cloud_heavy
3099,3,129,9130.1,11412.7,0.5431,cloud_heavy
3100,4,129,8900.3,11125.4,0.5747,cloud_heavy
3101,5,129,9282.0,11602.5,0.6123,cloud_heavy
3102,6,129,9944.0,12430.1,0.6556,cloud_heavy
3103,7,129,10348.8,12936.0,0.7032,cloud_heavy
3104,8,129,10342.2,12927.7,0.7533,cloud_heavy
3105,9,129,10710.4,13388.0,0.8033,cloud_heavy
3106,10,129,11258.4,14073.0,0.8504,cloud_heavy
3107,11,129,11323.6,14154.5,0.8912,cloud_heavy
3108,12,129,11043.5,13804.4,0.923,cloud_heavy
3109,13,129,11339.3,14174.1,0.9431,cloud_heavy
3110,14,129,11750.8,14688.5,0.95,cloud_heavy
3111,15,129,12046.6,15058.2,0.9431,cloud_heavy
3112,16,129,12046.4,15057.9,0.923,cloud_heavy
3113,17,129,11542.7,14428.4,0.8912,cloud_heavy
3114,18,129,11102.8,13878.5,0.8504,cloud_heavy
3115,19,129,10936.3,13670.4,0.8033,cloud_heavy
3116,20,129,10156.8,12696.0,0.7533,cloud_heavy
3117,21,129,9985.9,12482.4,0.7032,cloud_heavy
3118,22,129,9476.1,11845.1,0.6556,cloud_heavy
3119,23,129,9076.5,11345.6,0.6123,cloud_heavy
3120,0,130,8657.2,10821.4,0.4829,cloud_heavy
3121,1,130,8718.8,10898.5,0.4978,cloud_heavy
3122,2,130,8983.7,11229.7,0.5177,cloud_heavy
3123,3,130,9118.0,11397.5,0.5431,cloud_heavy
3124,4,130,9246.9,11558.7,0.5747,cloud_heavy
3125,5,130,9587.2,11984.0,0.6123,cloud_heavy
3126,6,130,9703.9,12129.9,0.6556,cloud_heavy
3127,7,130,10156.3,12695.3,0.7032,cloud_heavy
3128,8,130,10138.4,12673.0,0.7533,cloud_heavy
3129,9,130,10814.7,13518.3,0.8033,cloud_heavy
3130,10,130,11228.7,14035.9,0.8504,cloud_heavy
3131,11,130,11052.4,13815.5,0.8912,cloud_heavy
3132,12,130,11507.2,14384.0,0.923,cloud_heavy
3133,13,130,11405.3,14256.7,0.9431,cloud_heavy
3134,14,130,11484.2,14355.2,0.95,cloud_heavy
3135,15,130,11230.5,14038.2,0.9431,cloud_heavy
3136,16,130,11925.6,14907.1,0.923,cloud_heavy
3137,17,130,11639.6,14549.5,0.8912,cloud_heavy
3138,18,130,11185.4,13981.8,0.8504,cloud_heavy
3139,19,130,11328.9,14161.1,0.8033,cloud_heavy
3140,20,130,10305.3,12881.6,0.7533,cloud_heavy
3141,21,130,10944.4,13680.6,0.7032,cloud_heavy
3142,22,130,9650.0,12062.5,0.6556,cloud_heavy
3143,23,130,9501.9,11877.4,0.6123,cloud_heavy
3144,0,131,8404.5,10505.6,0.473,cloud_heavy
3145,1,131,8671.2,10839.0,0.4835,cloud_heavy
3146,2,131,8884.8,11106.0,0.4974,cloud_heavy
3147,3,131,8755.7,10944.6,0.5152,cloud_heavy
3148,4,131,9408.2,11760.3,0.5373,cloud_heavy
3149,5,131,9172.2,11465.2,0.5636,cloud_heavy
3150,6,131,9383.0,11728.8,0.5939,cloud_heavy
3151,7,131,9268.6,11585.8,0.6272,cloud_heavy
3152,8,131,9883.5,12354.4,0.6623,cloud_heavy
3153,9,131,9953.1,12441.4,0.6973,cloud_heavy
3154,10,131,10025.3,12531.6,0.7303,cloud_heavy
3155,11,131,10159.0,12698.8,0.7589,cloud_heavy
3156,12,131,11394.1,14242.6,0.7811,cloud_heavy
3157,13,131,10557.9,13197.3,0.7952,cloud_heavy
3158,14,131,10207.4,12759.3,0.8,cloud_heavy
3159,15,131,10419.1,13023.8,0.7952,cloud_heavy
3160,16,131,10532.3,13165.3,0.7811,cloud_heavy
3161,17,131,10571.9,13214.9,0.7589,cloud_heavy
3162,18,131,10381.6,12977.0,0.7303,cloud_heavy
3163,19,131,10196.1,12745.2,0.6973,cloud_heavy
3164,20,131,9572.1,11965.2,0.6623,cloud_heavy
3165,21,131,9625.8,12032.2,0.6272,cloud_heavy
3166,22,131,9062.9,11328.6,0.5939,cloud_heavy
3167,23,131,8937.6,11172.0,0.5636,cloud_heavy
3168,0,132,8271.8,10339.8,0.473,cloud_heavy
3169,1,132,8269.7,10337.1,0.4835,cloud_heavy
3170,2,132,8944.3,11180.3,0.4974,cloud_heavy
3171,3,132,8967.2,11209.0,0.5152,cloud_heavy
3172,4,132,9193.8,11492.3,0.5373,cloud_heavy
3173,5,132,9117.6,11397.0,0.5636,cloud_heavy
3174,6,132,9524.4,11905.5,0.5939,cloud_heavy
3175,7,132,9025.0,11281.2,0.6272,cloud_heavy
3176,8,132,10013.7,12517.1,0.6623,cloud_heavy
3177,9,132,10046.4,12558.0,0.6973,cloud_heavy
3178,10,132,10403.7,13004.7,0.7303,cloud_heavy
3179,11,132,10519.9,13149.9,0.7589,cloud_heavy
3180,12,132,10236.2,12795.3,0.7811,cloud_heavy
3181,13,132,10163.7,12704.7,0.7952,cloud_heavy
3182,14,132,10446.0,13057.5,0.8,cloud_heavy
3183,15,132,10822.3,13527.9,0.7952,cloud_heavy
3184,16,132,10767.0,13458.7,0.7811,cloud_heavy
3185,17,132,9974.5,12468.1,0.7589,cloud_heavy
3186,18,132,9911.1,12388.8,0.7303,cloud_heavy
3187,19,132,9776.5,12220.6,0.6973,cloud_heavy
3188,20,132,9656.3,12070.4,0.6623,cloud_heavy
3189,21,132,9139.1,11423.9,0.6272,cloud_heavy
3190,22,132,8910.4,11138.0,0.5939,cloud_heavy
3191,23,132,8882.3,11102.9,0.5636,cloud_heavy
3192,0,133,8593.6,10742.0,0.4829,cloud_heavy
3193,1,133,8363.4,10454.3,0.4978,cloud_heavy
3194,2,133,8771.6,10964.4,0.5177,cloud_heavy
3195,3,133,9255.9,11569.8,0.5431,cloud_heavy
3196,4,133,8821.6,11027.0,0.5747,cloud_heavy
3197,5,133,9371.3,11714.2,0.6123,cloud_heavy
3198,6,133,10015.0,12518.8,0.6556,cloud_heavy
3199,7,133,9906.1,12382.7,0.7032,cloud_heavy
3200,8,133,10185.8,12732.2,0.7533,cloud_heavy
3201,9,133,11069.4,13836.7,0.8033,cloud_heavy
3202,10,133,10906.8,13633.5,0.8504,cloud_heavy
3203,11,133,11652.7,14565.9,0.8912,cloud_heavy
3204,12,133,11637.2,14546.5,0.923,cloud_heavy
3205,13,133,11503.2,14379.0,0.9431,cloud_heavy
3206,14,133,11836.4,14795.5,0.95,cloud_heavy
3207,15,133,11734.5,14668.1,0.9431,cloud_heavy
3208,16,133,11841.2,14801.5,0.923,cloud_heavy
3209,17,133,11093.4,13866.8,0.8912,cloud_heavy
3210,18,133,11021.6,13776.9,0.8504,cloud_heavy
3211,19,133,10676.3,13345.4,0.8033,cloud_heavy
3212,20,133,10583.1,13228.9,0.7533,cloud_heavy
3213,21,133,9723.5,12154.3,0.7032,cloud_heavy
3214,22,133,10012.8,12516.0,0.6556,cloud_heavy
3215,23,133,9561.6,11952.1,0.6123,cloud_heavy
3216,0,134,8232.8,10290.9,0.4829,cloud_heavy
3217,1,134,8984.8,11231.0,0.4978,cloud_heavy
3218,2,134,9392.1,11740.1,0.5177,cloud_heavy
3219,3,134,9240.6,11550.8,0.5431,cloud_heavy
3220,4,134,9573.1,11966.4,0.5747,cloud_heavy
3221,5,134,9453.9,11817.3,0.6123,cloud_heavy
3222,6,134,9232.0,11540.0,0.6556,cloud_heavy
3223,7,134,9477.0,11846.2,0.7032,cloud_heavy
3224,8,134,10443.5,13054.3,0.7533,cloud_heavy
3225,9,134,10506.1,13132.6,0.8033,cloud_heavy
3226,10,134,10705.9,13382.4,0.8504,cloud_heavy
3227,11,134,11257.7,14072.2,0.8912,cloud_heavy
3228,12,134,11701.5,14626.9,0.923,cloud_heavy
3229,13,134,11116.2,13895.3,0.9431,cloud_heavy
3230,14,134,11511.4,14389.2,0.95,cloud_heavy
3231,15,134,12149.2,15186.6,0.9431,cloud_heavy
3232,16,134,11118.7,13898.4,0.923,cloud_heavy
3233,17,134,11573.3,14466.6,0.8912,cloud_heavy
3234,18,134,10847.9,13559.8,0.8504,cloud_heavy
3235,19,134,10871.2,13589.0,0.8033,cloud_heavy
3236,20,134,10705.3,13381.7,0.7533,cloud_heavy
3237,21,134,10255.1,12818.9,0.7032,cloud_heavy
3238,22,134,9981.3,12476.7,0.6556,cloud_heavy
3239,23,134,9103.9,11379.9,0.6123,cloud_heavy
3240,0,135,8857.8,11072.2,0.4829,cloud_heavy
3241,1,135,8448.7,10560.9,0.4978,cloud_heavy
3242,2,135,8870.7,11088.3,0.5177,cloud_heavy
3243,3,135,9040.5,11300.6,0.5431,cloud_heavy
3244,4,135,9313.7,11642.1,0.5747,cloud_heavy
3245,5,135,9525.0,11906.3,0.6123,cloud_heavy
3246,6,135,9470.4,11838.0,0.6556,cloud_heavy
3247,7,135,9625.7,12032.2,0.7032,cloud_heavy
3248,8,135,10635.4,13294.2,0.7533,cloud_heavy
3249,9,135,10755.7,13444.6,0.8033,cloud_heavy
3250,10,135,11387.5,14234.4,0.8504,cloud_heavy
3251,11,135,11263.8,14079.8,0.8912,cloud_heavy
3252,12,135,11005.0,13756.3,0.923,cloud_heavy
3253,13,135,11959.6,14949.6,0.9431,cloud_heavy
3254,14,135,11538.8,14423.6,0.95,cloud_heavy
3255,15,135,11742.0,14677.5,0.9431,cloud_heavy
3256,16,135,11266.2,14082.7,0.923,cloud_heavy
3257,17,135,11835.4,14794.2,0.8912,cloud_heavy
3258,18,135,10718.5,13398.1,0.8504,cloud_heavy
3259,19,135,10587.8,13234.7,0.8033,cloud_heavy
3260,20,135,10397.6,12996.9,0.7533,cloud_heavy
3261,21,135,9703.3,12129.1,0.7032,cloud_heavy
3262,22,135,9812.7,12265.9,0.6556,cloud_heavy
3263,23,135,9885.7,12357.1,0.6123,cloud_heavy
3264,0,136,8445.3,10556.6,0.4829,cloud_heavy
3265,1,136,8773.3,10966.6,0.4978,cloud_heavy
3266,2,136,8076.1,10095.1,0.5177,cloud_heavy
3267,3,136,8960.5,11200.6,0.5431,cloud_heavy
3268,4,136,9093.9,11367.4,0.5747,cloud_heavy
3269,5,136,9198.2,11497.7,0.6123,cloud_heavy
3270,6,136,10031.6,12539.5,0.6556,cloud_heavy
3271,7,136,9933.8,12417.3,0.7032,cloud_heavy
3272,8,136,10309.0,12886.2,0.7533,cloud_heavy
3273,9,136,10575.0,13218.8,0.8033,cloud_heavy
3274,10,136,10374.9,12968.7,0.8504,cloud_heavy
3275,11,136,10895.9,13619.9,0.8912,cloud_heavy
3276,12,136,11820.6,14775.8,0.923,cloud_heavy
3277,13,136,10887.1,13608.8,0.9431,cloud_heavy
3278,14,136,11400.2,14250.3,0.95,cloud_heavy
3279,15,136,11483.4,14354.3,0.9431,cloud_heavy
3280,16,136,12090.3,15112.9,0.923,cloud_heavy
3281,17,136,11539.0,14423.8,0.8912,cloud_heavy
3282,18,136,10823.9,13529.9,0.8504,cloud_heavy
3283,19,136,11114.6,13893.3,0.8033,cloud_heavy
3284,20,136,10133.9,12667.4,0.7533,cloud_heavy
3285,21,136,10335.7,12919.6,0.7032,cloud_heavy
3286,22,136,9320.2,11650.3,0.6556,cloud_heavy
3287,23,136,9733.3,12166.7,0.6123,cloud_heavy
3288,0,137,8467.0,10583.7,0.4829,cloud_heavy
3289,1,137,8403.0,10503.7,0.4978,cloud_heavy
3290,2,137,8744.8,10931.0,0.5177,cloud_heavy
3291,3,137,9045.6,11307.0,0.5431,cloud_heavy
3292,4,137,9043.8,11304.8,0.5747,cloud_heavy
3293,5,137,9586.4,11983.0,0.6123,cloud_heavy
3294,6,137,9546.4,11933.0,0.6556,cloud_heavy
3295,7,137,10218.7,12773.4,0.7032,cloud_heavy
3296,8,137,10501.6,13127.1,0.7533,cloud_heavy
3297,9,137,10676.5,13345.6,0.8033,cloud_heavy
3298,10,137,10862.2,13577.7,0.8504,cloud_heavy
3299,11,137,11330.3,14162.8,0.8912,cloud_heavy
3300,12,137,11679.0,14598.8,0.923,cloud_heavy
3301,13,137,12341.7,15427.1,0.9431,cloud_heavy
3302,14,137,11997.3,14996.7,0.95,cloud_heavy
3303,15,137,11963.1,14953.9,0.9431,cloud_heavy
3304,16,137,12553.9,15692.4,0.923,cloud_heavy
3305,17,137,11453.6,14317.0,0.8912,cloud_heavy
3306,18,137,11168.0,13960.0,0.8504,cloud_heavy
3307,19,137,10921.9,13652.4,0.8033,cloud_heavy
3308,20,137,10050.4,12563.0,0.7533,cloud_heavy
3309,21,137,9898.4,12373.0,0.7032,cloud_heavy
3310,22,137,9568.8,11961.0,0.6556,cloud_heavy
3311,23,137,9612.9,12016.2,0.6123,cloud_heavy
3312,0,138,8461.6,10577.0,0.473,cloud_heavy
3313,1,138,8611.0,10763.7,0.4835,cloud_heavy
3314,2,138,8950.3,11187.9,0.4974,cloud_heavy
3315,3,138,9013.2,11266.6,0.5152,cloud_heavy
3316,4,138,8888.8,11111.0,0.5373,cloud_heavy
3317,5,138,8923.8,11154.8,0.5636,cloud_heavy
3318,6,138,9624.5,12030.6,0.5939,cloud_heavy
3319,7,138,9749.7,12187.1,0.6272,cloud_heavy
3320,8,138,9290.6,11613.2,0.6623,cloud_heavy
3321,9,138,9899.4,12374.2,0.6973,cloud_heavy
3322,10,138,10262.3,12827.9,0.7303,cloud_heavy
3323,11,138,10644.4,13305.5,0.7589,cloud_heavy
3324,12,138,10836.6,13545.8,0.7811,cloud_heavy
3325,13,138,10732.6,13415.8,0.7952,cloud_heavy
3326,14,138,10861.4,13576.8,0.8,cloud_heavy
3327,15,138,10662.5,13328.1,0.7952,cloud_heavy
3328,16,138,10335.4,12919.2,0.7811,cloud_heavy
3329,17,138,10319.8,12899.8,0.7589,cloud_heavy
3330,18,138,10217.4,12771.8,0.7303,cloud_heavy
3331,19,138,9982.9,12478.6,0.6973,cloud_heavy
3332,20,138,9208.8,11511.0,0.6623,cloud_heavy
3333,21,138,9414.8,11768.5,0.6272,cloud_heavy
3334,22,138,9323.2,11654.0,0.5939,cloud_heavy
3335,23,138,9030.0,11287.5,0.5636,cloud_heavy
3336,0,139,8443.0,10553.8,0.473,cloud_heavy
3337,1,139,8701.0,10876.2,0.4835,cloud_heavy
3338,2,139,8387.0,10483.7,0.4974,cloud_heavy
3339,3,139,8356.6,10445.8,0.5152,cloud_heavy
3340,4,139,8838.8,11048.5,0.5373,cloud_heavy
3341,5,139,9315.6,11644.5,0.5636,cloud_heavy
3342,6,139,9778.7,12223.4,0.5939,cloud_heavy
3343,7,139,9752.0,12190.0,0.6272,cloud_heavy
3344,8,139,9331.0,11663.8,0.6623,cloud_heavy
3345,9,139,9923.6,12404.5,0.6973,cloud_heavy
3346,10,139,10290.2,12862.8,0.7303,cloud_heavy
3347,11,139,10456.7,13070.9,0.7589,cloud_heavy
3348,12,139,10719.3,13399.1,0.7811,cloud_heavy
3349,13,139,10349.2,12936.5,0.7952,cloud_heavy
3350,14,139,10694.8,13368.5,0.8,cloud_heavy
3351,15,139,10776.2,13470.2,0.7952,cloud_heavy
3352,16,139,10809.9,13512.4,0.7811,cloud_heavy
3353,17,139,10149.9,12687.4,0.7589,cloud_heavy
3354,18,139,10105.9,12632.3,0.7303,cloud_heavy
3355,19,139,9182.7,11478.3,0.6973,cloud_heavy
3356,20,139,9579.0,11973.7,0.6623,cloud_heavy
3357,21,139,9378.5,11723.2,0.6272,cloud_heavy
3358,22,139,9022.8,11278.5,0.5939,cloud_heavy
3359,23,139,9152.1,11440.1,0.5636,cloud_heavy
3360,0,140,8557.0,10696.3,0.4829,cloud_heavy
3361,1,140,8082.9,10103.6,0.4978,cloud_heavy
3362,2,140,8859.0,11073.8,0.5177,cloud_heavy
3363,3,140,8721.1,10901.4,0.5431,cloud_heavy
3364,4,140,9313.9,11642.3,0.5747,cloud_heavy
3365,5,140,9067.1,11333.9,0.6123,cloud_heavy
3366,6,140,9725.1,12156.4,0.6556,cloud_heavy
3367,7,140,9946.8,12433.5,0.7032,cloud_heavy
3368,8,140,10458.4,13073.0,0.7533,cloud_heavy
3369,9,140,10736.1,13420.1,0.8033,cloud_heavy
3370,10,140,10923.7,13654.6,0.8504,cloud_heavy
3371,11,140,10759.1,13448.9,0.8912,cloud_heavy
3372,12,140,10980.2,13725.2,0.923,cloud_heavy
3373,13,140,11419.2,14274.0,0.9431,cloud_heavy
3374,14,140,11665.6,14582.0,0.95,cloud_heavy
3375,15,140,11410.7,14263.4,0.9431,cloud_heavy
3376,16,140,11704.9,14631.1,0.923,cloud_heavy
3377,17,140,11184.5,13980.6,0.8912,cloud_heavy
3378,18,140,10689.3,13361.6,0.8504,cloud_heavy
3379,19,140,10606.8,13258.5,0.8033,cloud_heavy
3380,20,140,10434.4,13043.0,0.7533,cloud_heavy
3381,21,140,10129.8,12662.2,0.7032,cloud_heavy
3382,22,140,10263.9,12829.8,0.6556,cloud_heavy
3383,23,140,9240.5,11550.6,0.6123,cloud_heavy
3384,0,141,8552.5,10690.6,0.4829,cloud_heavy
3385,1,141,8781.4,10976.7,0.4978,cloud_heavy
3386,2,141,8796.0,10994.9,0.5177,cloud_heavy
3387,3,141,8836.3,11045.3,0.5431,cloud_heavy
3388,4,141,8753.4,10941.8,0.5747,cloud_heavy
3389,5,141,9285.2,11606.5,0.6123,cloud_heavy
3390,6,141,9403.4,11754.2,0.6556,cloud_heavy
3391,7,141,9512.4,11890.5,0.7032,cloud_heavy
3392,8,141,10116.8,12645.9,0.7533,cloud_heavy
3393,9,141,10360.0,12950.1,0.8033,cloud_heavy
3394,10,141,11200.7,14000.9,0.8504,cloud_heavy
3395,11,141,11482.4,14353.0,0.8912,cloud_heavy
3396,12,141,11177.8,13972.3,0.923,cloud_heavy
3397,13,141,11532.0,14415.0,0.9431,cloud_heavy
3398,14,141,11018.0,13772.5,0.95,cloud_heavy
3399,15,141,11450.4,14313.0,0.9431,cloud_heavy
3400,16,141,11626.9,14533.6,0.923,cloud_heavy
3401,17,141,11558.1,14447.6,0.8912,cloud_heavy
3402,18,141,10772.5,13465.6,0.8504,cloud_heavy
3403,19,141,11033.6,13791.9,0.8033,cloud_heavy
3404,20,141,9892.9,12366.1,0.7533,cloud_heavy
3405,21,141,9656.5,12070.6,0.7032,cloud_heavy
3406,22,141,9923.2,12404.0,0.6556,cloud_heavy
3407,23,141,9902.5,12378.1,0.6123,cloud_heavy
3408,0,142,8698.3,10872.8,0.4829,cloud_heavy
3409,1,142,8660.0,10825.0,0.4978,cloud_heavy
3410,2,142,8222.5,10278.1,0.5177,cloud_heavy
3411,3,142,8426.7,10533.4,0.5431,cloud_heavy
3412,4,142,9215.7,11519.7,0.5747,cloud_heavy
3413,5,142,9328.4,11660.5,0.6123,cloud_heavy
3414,6,142,9394.0,11742.5,0.6556,cloud_heavy
3415,7,142,10051.7,12564.7,0.7032,cloud_heavy
3416,8,142,10399.9,12999.9,0.7533,cloud_heavy
3417,9,142,10999.1,13748.9,0.8033,cloud_heavy
3418,10,142,11053.1,13816.3,0.8504,cloud_heavy
3419,11,142,11694.6,14618.3,0.8912,cloud_heavy
3420,12,142,11492.1,14365.1,0.923,cloud_heavy
3421,13,142,11582.6,14478.2,0.9431,cloud_heavy
3422,14,142,12041.1,15051.3,0.95,cloud_heavy
3423,15,142,11281.6,14102.0,0.9431,cloud_heavy
3424,16,142,12459.4,15574.3,0.923,cloud_heavy
3425,17,142,11406.0,14257.4,0.8912,cloud_heavy
3426,18,142,11133.7,13917.1,0.8504,cloud_heavy
3427,19,142,10864.5,13580.7,0.8033,cloud_heavy
3428,20,142,10947.8,13684.7,0.7533,cloud_heavy
3429,21,142,10270.5,12838.1,0.7032,cloud_heavy
3430,22,142,9248.5,11560.6,0.6556,cloud_heavy
3431,23,142,9826.8,12283.4,0.6123,cloud_heavy
3432,0,143,8483.7,10604.7,0.4829,cloud_heavy
3433,1,143,8698.4,10873.0,0.4978,cloud_heavy
3434,2,143,8464.3,10580.4,0.5177,cloud_heavy
3435,3,143,9112.6,11390.8,0.5431,cloud_heavy
3436,4,143,9000.7,11250.9,0.5747,cloud_heavy
3437,5,143,9458.1,11822.6,0.6123,cloud_heavy
3438,6,143,9633.5,12041.9,0.6556,cloud_heavy
3439,7,143,10611.4,13264.2,0.7032,cloud_heavy
3440,8,143,10980.5,13725.6,0.7533,cloud_heavy
3441,9,143,10711.0,13388.7,0.8033,cloud_heavy
3442,10,143,11029.1,13786.3,0.8504,cloud_heavy
3443,11,143,11152.6,13940.8,0.8912,cloud_heavy
3444,12,143,11870.6,14838.2,0.923,cloud_heavy
3445,13,143,11508.1,14385.1,0.9431,cloud_heavy
3446,14,143,11521.0,14401.3,0.95,cloud_heavy
3447,15,143,11964.0,14955.0,0.9431,cloud_heavy
3448,16,143,11303.8,14129.8,0.923,cloud_heavy
3449,17,143,11266.2,14082.8,0.8912,cloud_heavy
3450,18,143,10485.7,13107.2,0.8504,cloud_heavy
3451,19,143,10922.0,13652.5,0.8033,cloud_heavy
3452,20,143,10967.6,13709.5,0.7533,cloud_heavy
3453,21,143,10249.1,12811.3,0.7032,cloud_heavy
3454,22,143,10142.4,12678.0,0.6556,cloud_heavy
3455,23,143,9190.4,11488.0,0.6123,cloud_heavy
3456,0,144,8632.2,10790.2,0.4829,cloud_heavy
3457,1,144,8425.2,10531.5,0.4978,cloud_heavy
3458,2,144,8742.0,10927.5,0.5177,cloud_heavy
3459,3,144,9178.8,11473.5,0.5431,cloud_heavy
3460,4,144,9208.1,11510.2,0.5747,cloud_heavy
3461,5,144,9030.1,11287.6,0.6123,cloud_heavy
3462,6,144,9333.0,11666.3,0.6556,cloud_heavy
3463,7,144,9616.3,12020.4,0.7032,cloud_heavy
3464,8,144,10517.0,13146.2,0.7533,cloud_heavy
3465,9,144,11358.3,14197.9,0.8033,cloud_heavy
3466,10,144,11457.9,14322.4,0.8504,cloud_heavy
3467,11,144,10637.4,13296.8,0.8912,cloud_heavy
3468,12,144,11979.2,14974.0,0.923,cloud_heavy
3469,13,144,11949.3,14936.6,0.9431,cloud_heavy
3470,14,144,11127.6,13909.5,0.95,cloud_heavy
3471,15,144,11517.1,14396.3,0.9431,cloud_heavy
3472,16,144,11867.0,14833.7,0.923,cloud_heavy
3473,17,144,11465.2,14331.5,0.8912,cloud_heavy
3474,18,144,10575.6,13219.5,0.8504,cloud_heavy
3475,19,144,10892.0,13615.0,0.8033,cloud_heavy
3476,20,144,9699.5,12124.4,0.7533,cloud_heavy
3477,21,144,9964.9,12456.2,0.7032,cloud_heavy
3478,22,144,10048.0,12560.1,0.6556,cloud_heavy
3479,23,144,9434.9,11793.7,0.6123,cloud_heavy
3480,0,145,8378.7,10473.4,0.473,cloud_heavy
3481,1,145,8804.2,11005.3,0.4835,cloud_heavy
3482,2,145,8921.0,11151.3,0.4974,cloud_heavy
3483,3,145,9131.0,11413.8,0.5152,cloud_heavy
3484,4,145,9166.4,11458.0,0.5373,cloud_heavy
3485,5,145,9402.3,11752.9,0.5636,cloud_heavy
3486,6,145,9512.1,11890.2,0.5939,cloud_heavy
3487,7,145,9604.4,12005.4,0.6272,cloud_heavy
3488,8,145,9787.2,12234.0,0.6623,cloud_heavy
3489,9,145,9922.1,12402.7,0.6973,cloud_heavy
3490,10,145,9840.2,12300.3,0.7303,cloud_heavy
3491,11,145,10103.2,12629.0,0.7589,cloud_heavy
3492,12,145,10459.4,13074.2,0.7811,cloud_heavy
3493,13,145,10719.1,13398.8,0.7952,cloud_heavy
3494,14,145,11135.4,13919.2,0.8,cloud_heavy
3495,15,145,10628.6,13285.8,0.7952,cloud_heavy
3496,16,145,10866.2,13582.7,0.7811,cloud_heavy
3497,17,145,10738.1,13422.7,0.7589,cloud_heavy
3498,18,145,10140.7,12675.9,0.7303,cloud_heavy
3499,19,145,10171.6,12714.5,0.6973,cloud_heavy
3500,20,145,9689.6,12112.1,0.6623,cloud_heavy
3501,21,145,9906.4,12383.0,0.6272,cloud_heavy
3502,22,145,9485.0,11856.3,0.5939,cloud_heavy
3503,23,145,8781.6,10977.0,0.5636,cloud_heavy
3504,0,146,8547.2,10684.1,0.473,cloud_heavy
3505,1,146,8999.4,11249.3,0.4835,cloud_heavy
3506,2,146,8620.4,10775.5,0.4974,cloud_heavy
3507,3,146,8903.7,11129.7,0.5152,cloud_heavy
3508,4,146,9078.4,11348.0,0.5373,cloud_heavy
3509,5,146,8823.6,11029.6,0.5636,cloud_heavy
3510,6,146,9450.1,11812.6,0.5939,cloud_heavy
3511,7,146,9130.0,11412.5,0.6272,cloud_heavy
3512,8,146,9577.8,11972.2,0.6623,cloud_heavy
3513,9,146,10315.8,12894.7,0.6973,cloud_heavy
3514,10,146,10320.9,12901.1,0.7303,cloud_heavy
3515,11,146,10306.3,12882.9,0.7589,cloud_heavy
3516,12,146,10689.9,13362.4,0.7811,cloud_heavy
3517,13,146,10622.8,13278.5,0.7952,cloud_heavy
3518,14,146,10678.0,13347.5,0.8,cloud_heavy
3519,15,146,10851.7,13564.6,0.7952,cloud_heavy
3520,16,146,10318.4,12898.0,0.7811,cloud_heavy
3521,17,146,10413.9,13017.4,0.7589,cloud_heavy
3522,18,146,10115.9,12644.9,0.7303,cloud_heavy
3523,19,146,9517.9,11897.4,0.6973,cloud_heavy
3524,20,146,9491.4,11864.3,0.6623,cloud_heavy
3525,21,146,9976.7,12470.9,0.6272,cloud_heavy
3526,22,146,9414.9,11768.6,0.5939,cloud_heavy
3527,23,146,8745.2,10931.6,0.5636,cloud_heavy
3528,0,147,8175.3,10219.1,0.4829,cloud_heavy
3529,1,147,8641.4,10801.7,0.4978,cloud_heavy
3530,2,147,9214.4,11518.0,0.5177,cloud_heavy
3531,3,147,8920.7,11150.9,0.5431,cloud_heavy
3532,4,147,9540.1,11925.1,0.5747,cloud_heavy
3533,5,147,9529.3,11911.6,0.6123,cloud_heavy
3534,6,147,9853.7,12317.1,0.6556,cloud_heavy
3535,7,147,9630.0,12037.5,0.7032,cloud_heavy
3536,8,147,10655.6,13319.6,0.7533,cloud_heavy
3537,9,147,10588.6,13235.7,0.8033,cloud_heavy
3538,10,147,11293.0,14116.2,0.8504,cloud_heavy
3539,11,147,11003.5,13754.4,0.8912,cloud_heavy
3540,12,147,11550.4,14438.0,0.923,cloud_heavy
3541,13,147,11745.5,14681.9,0.9431,cloud_heavy
3542,14,147,11614.6,14518.2,0.95,cloud_heavy
3543,15,147,11763.8,14704.8,0.9431,cloud_heavy
3544,16,147,11397.5,14246.9,0.923,cloud_heavy
3545,17,147,11059.4,13824.2,0.8912,cloud_heavy
3546,18,147,11538.1,14422.7,0.8504,cloud_heavy
3547,19,147,11032.6,13790.8,0.8033,cloud_heavy
3548,20,147,10127.6,12659.5,0.7533,cloud_heavy
3549,21,147,10203.1,12753.9,0.7032,cloud_heavy
3550,22,147,9499.9,11874.8,0.6556,cloud_heavy
3551,23,147,9094.6,11368.2,0.6123,cloud_heavy
3552,0,148,8837.2,11046.5,0.4829,cloud_heavy
3553,1,148,8227.3,10284.1,0.4978,cloud_heavy
3554,2,148,9046.9,11308.6,0.5177,cloud_heavy
3555,3,148,8903.0,11128.7,0.5431,cloud_heavy
3556,4,148,9121.8,11402.3,0.5747,cloud_heavy
3557,5,148,9545.6,11932.0,0.6123,cloud_heavy
3558,6,148,9885.8,12357.2,0.6556,cloud_heavy
3559,7,148,9783.3,12229.1,0.7032,cloud_heavy
3560,8,148,10587.3,13234.1,0.7533,cloud_heavy
3561,9,148,10732.4,13415.5,0.8033,cloud_heavy
3562,10,148,10593.1,13241.4,0.8504,cloud_heavy
3563,11,148,11221.5,14026.9,0.8912,cloud_heavy
3564,12,148,11965.5,14956.8,0.923,cloud_heavy
3565,13,148,12207.4,15259.2,0.9431,cloud_heavy
3566,14,148,11919.6,14899.5,0.95,cloud_heavy
3567,15,148,11207.7,14009.7,0.9431,cloud_heavy
3568,16,148,11658.5,14573.1,0.923,cloud_heavy
3569,17,148,11566.9,14458.6,0.8912,cloud_heavy
3570,18,148,11247.6,14059.5,0.8504,cloud_heavy
3571,19,148,10947.9,13684.9,0.8033,cloud_heavy
3572,20,148,10477.1,13096.4,0.7533,cloud_heavy
3573,21,148,10010.2,12512.8,0.7032,cloud_heavy
3574,22,148,9539.0,11923.8,0.6556,cloud_heavy
3575,23,148,8892.8,11116.0,0.6123,cloud_heavy
3576,0,149,8658.7,10823.4,0.4829,cloud_heavy
3577,1,149,8718.9,10898.7,0.4978,cloud_heavy
3578,2,149,8949.4,11186.7,0.5177,cloud_heavy
3579,3,149,8611.0,10763.8,0.5431,cloud_heavy
3580,4,149,9357.7,11697.2,0.5747,cloud_heavy
3581,5,149,10010.9,12513.7,0.6123,cloud_heavy
3582,6,149,9739.2,12174.0,0.6556,cloud_heavy
3583,7,149,10013.4,12516.8,0.7032,cloud_heavy
3584,8,149,10460.2,13075.3,0.7533,cloud_heavy
3585,9,149,11348.2,14185.2,0.8033,cloud_heavy
3586,10,149,10669.9,13337.4,0.8504,cloud_heavy
3587,11,149,11347.7,14184.7,0.8912,cloud_heavy
3588,12,149,11213.7,14017.2,0.923,cloud_heavy
3589,13,149,11432.0,14290.1,0.9431,cloud_heavy
3590,14,149,11651.1,14563.9,0.95,cloud_heavy
3591,15,149,12092.6,15115.7,0.9431,cloud_heavy
3592,16,149,12110.1,15137.7,0.923,cloud_heavy
3593,17,149,11430.6,14288.3,0.8912,cloud_heavy
3594,18,149,10883.6,13604.5,0.8504,cloud_heavy
3595,19,149,11495.9,14369.9,0.8033,cloud_heavy
3596,20,149,10231.2,12789.0,0.7533,cloud_heavy
3597,21,149,9860.1,12325.1,0.7032,cloud_heavy
3598,22,149,9199.0,11498.7,0.6556,cloud_heavy
3599,23,149,9824.7,12280.8,0.6123,cloud_heavy
3600,0,150,8820.4,11025.5,0.4829,cloud_heavy
3601,1,150,9299.4,11624.3,0.4978,cloud_heavy
3602,2,150,8435.2,10544.0,0.5177,cloud_heavy
3603,3,150,9363.4,11704.3,0.5431,cloud_heavy
3604,4,150,9199.4,11499.3,0.5747,cloud_heavy
3605,5,150,9657.8,12072.2,0.6123,cloud_heavy
3606,6,150,9236.0,11545.0,0.6556,cloud_heavy
3607,7,150,10473.8,13092.3,0.7032,cloud_heavy
3608,8,150,10608.7,13260.9,0.7533,cloud_heavy
3609,9,150,10683.6,13354.4,0.8033,cloud_heavy
3610,10,150,11221.0,14026.2,0.8504,cloud_heavy
3611,11,150,11020.0,13774.9,0.8912,cloud_heavy
3612,12,150,11289.6,14112.0,0.923,cloud_heavy
3613,13,150,11461.2,14326.5,0.9431,cloud_heavy
3614,14,150,11019.9,13774.9,0.95,cloud_heavy
3615,15,150,11923.3,14904.1,0.9431,cloud_heavy
3616,16,150,11900.1,14875.1,0.923,cloud_heavy
3617,17,150,11041.7,13802.1,0.8912,cloud_heavy
3618,18,150,11122.9,13903.7,0.8504,cloud_heavy
3619,19,150,10610.8,13263.5,0.8033,cloud_heavy
3620,20,150,10466.2,13082.8,0.7533,cloud_heavy
3621,21,150,9843.1,12303.9,0.7032,cloud_heavy
3622,22,150,9458.8,11823.5,0.6556,cloud_heavy
3623,23,150,9727.3,12159.2,0.6123,cloud_heavy
3624,0,151,8555.0,10693.7,0.4829,cloud_heavy
3625,1,151,9196.5,11495.6,0.4978,cloud_heavy
3626,2,151,8814.4,11018.0,0.5177,cloud_heavy
3627,3,151,8721.8,10902.2,0.5431,cloud_heavy
3628,4,151,9518.0,11897.5,0.5747,cloud_heavy
3629,5,151,9608.2,12010.2,0.6123,cloud_heavy
3630,6,151,9928.2,12410.3,0.6556,cloud_heavy
3631,7,151,10390.3,12987.9,0.7032,cloud_heavy
3632,8,151,10161.2,12701.5,0.7533,cloud_heavy
3633,9,151,10655.2,13319.0,0.8033,cloud_heavy
3634,10,151,10951.3,13689.2,0.8504,cloud_heavy
3635,11,151,10842.2,13552.8,0.8912,cloud_heavy
3636,12,151,11398.5,14248.1,0.923,cloud_heavy
3637,13,151,12088.7,15110.9,0.9431,cloud_heavy
3638,14,151,11751.6,14689.5,0.95,cloud_heavy
3639,15,151,11153.4,13941.8,0.9431,cloud_heavy
3640,16,151,10953.1,13691.4,0.923,cloud_heavy
3641,17,151,11842.3,14802.9,0.8912,cloud_heavy
3642,18,151,10978.1,13722.6,0.8504,cloud_heavy
3643,19,151,10488.3,13110.4,0.8033,cloud_heavy
3644,20,151,10279.0,12848.7,0.7533,cloud_heavy
3645,21,151,9587.4,11984.2,0.7032,cloud_heavy
3646,22,151,10131.2,12663.9,0.6556,cloud_heavy
3647,23,151,9318.5,11648.2,0.6123,cloud_heavy
3648,0,152,8855.0,11068.7,0.473,cloud_heavy
3649,1,152,8588.7,10735.9,0.4835,cloud_heavy
3650,2,152,9039.3,11299.1,0.4974,cloud_heavy
3651,3,152,8853.4,11066.7,0.5152,cloud_heavy
3652,4,152,9160.8,11450.9,0.5373,cloud_heavy
3653,5,152,9303.3,11629.1,0.5636,cloud_heavy
3654,6,152,9481.5,11851.9,0.5939,cloud_heavy
3655,7,152,9627.9,12034.9,0.6272,cloud_heavy
3656,8,152,9692.8,12116.0,0.6623,cloud_heavy
3657,9,152,10567.5,13209.4,0.6973,cloud_heavy
3658,10,152,9933.8,12417.2,0.7303,cloud_heavy
3659,11,152,10402.7,13003.3,0.7589,cloud_heavy
3660,12,152,10553.3,13191.6,0.7811,cloud_heavy
3661,13,152,10770.5,13463.1,0.7952,cloud_heavy
3662,14,152,10536.5,13170.6,0.8,cloud_heavy
3663,15,152,10742.5,13428.1,0.7952,cloud_heavy
3664,16,152,10495.2,13119.0,0.7811,cloud_heavy
3665,17,152,9907.7,12384.6,0.7589,cloud_heavy
3666,18,152,10214.5,12768.2,0.7303,cloud_heavy
3667,19,152,9663.3,12079.2,0.6973,cloud_heavy
3668,20,152,9253.1,11566.3,0.6623,cloud_heavy
3669,21,152,9567.6,11959.5,0.6272,cloud_heavy
3670,22,152,9443.7,11804.6,0.5939,cloud_heavy
3671,23,152,9250.8,11563.4,0.5636,cloud_heavy
3672,0,153,8650.8,10813.4,0.473,cloud_heavy
3673,1,153,8078.2,10097.8,0.4835,cloud_heavy
3674,2,153,8313.6,10392.1,0.4974,cloud_heavy
3675,3,153,9305.9,11632.4,0.5152,cloud_heavy
3676,4,153,8651.5,10814.4,0.5373,cloud_heavy
3677,5,153,9273.7,11592.2,0.5636,cloud_heavy
3678,6,153,9115.7,11394.6,0.5939,cloud_heavy
3679,7,153,9551.2,11939.0,0.6272,cloud_heavy
3680,8,153,9575.5,11969.4,0.6623,cloud_heavy
3681,9,153,10161.6,12702.0,0.6973,cloud_heavy
3682,10,153,10253.5,12816.9,0.7303,cloud_heavy
3683,11,153,10261.4,12826.8,0.7589,cloud_heavy
3684,12,153,10216.3,12770.3,0.7811,cloud_heavy
3685,13,153,10727.5,13409.4,0.7952,cloud_heavy
3686,14,153,10285.7,12857.1,0.8,cloud_heavy
3687,15,153,10778.5,13473.1,0.7952,cloud_heavy
3688,16,153,11379.8,14224.7,0.7811,cloud_heavy
3689,17,153,10822.6,13528.3,0.7589,cloud_heavy
3690,18,153,10431.7,13039.6,0.7303,cloud_heavy
3691,19,153,9967.6,12459.5,0.6973,cloud_heavy
3692,20,153,9193.2,11491.5,0.6623,cloud_heavy
3693,21,153,9150.5,11438.1,0.6272,cloud_heavy
3694,22,153,9665.7,12082.1,0.5939,cloud_heavy
3695,23,153,8891.1,11113.9,0.5636,cloud_heavy
3696,0,154,8391.6,10489.5,0.4829,cloud_heavy
3697,1,154,8627.4,10784.3,0.4978,cloud_heavy
3698,2,154,8521.7,10652.1,0.5177,cloud_heavy
3699,3,154,8640.8,10801.0,0.5431,cloud_heavy
3700,4,154,9166.2,11457.8,0.5747,cloud_heavy
3701,5,154,9177.5,11471.9,0.6123,cloud_heavy
3702,6,154,9500.3,11875.4,0.6556,cloud_heavy
3703,7,154,9796.9,12246.1,0.7032,cloud_heavy
3704,8,154,10526.6,13158.2,0.7533,cloud_heavy
3705,9,154,10621.6,13276.9,0.8033,cloud_heavy
3706,10,154,10949.0,13686.2,0.8504,cloud_heavy
3707,11,154,11481.0,14351.2,0.8912,cloud_heavy
3708,12,154,11440.4,14300.5,0.923,cloud_heavy
3709,13,154,11525.8,14407.2,0.9431,cloud_heavy
3710,14,154,11833.2,14791.5,0.95,cloud_heavy
3711,15,154,11855.8,14819.7,0.9431,cloud_heavy
3712,16,154,11438.7,14298.3,0.923,cloud_heavy
3713,17,154,11306.3,14132.8,0.8912,cloud_heavy
3714,18,154,10749.8,13437.2,0.8504,cloud_heavy
3715,19,154,10419.9,13024.8,0.8033,cloud_heavy
3716,20,154,10603.3,13254.1,0.7533,cloud_heavy
3717,21,154,10165.9,12707.4,0.7032,cloud_heavy
3718,22,154,9849.1,12311.3,0.6556,cloud_heavy
3719,23,154,9509.2,11886.5,0.6123,cloud_heavy
3720,0,155,8583.3,10729.1,0.4829,cloud_heavy
3721,1,155,8851.7,11064.6,0.4978,cloud_heavy
3722,2,155,9049.1,11311.3,0.5177,cloud_heavy
3723,3,155,9216.2,11520.3,0.5431,cloud_heavy
3724,4,155,9152.3,11440.4,0.5747,cloud_heavy
3725,5,155,9822.1,12277.6,0.6123,cloud_heavy
3726,6,155,9782.9,12228.7,0.6556,cloud_heavy
3727,7,155,10222.3,12777.9,0.7032,cloud_heavy
3728,8,155,10451.9,13064.8,0.7533,cloud_heavy
3729,9,155,10775.3,13469.1,0.8033,cloud_heavy
3730,10,155,10765.0,13456.2,0.8504,cloud_heavy
3731,11,155,11516.3,14395.4,0.8912,cloud_heavy
3732,12,155,12470.1,15587.6,0.923,cloud_heavy
3733,13,155,11492.1,14365.1,0.9431,cloud_heavy
3734,14,155,11693.4,14616.7,0.95,cloud_heavy
3735,15,155,11467.2,14334.0,0.9431,cloud_heavy
3736,16,155,11321.1,14151.4,0.923,cloud_heavy
3737,17,155,11801.6,14752.0,0.8912,cloud_heavy
3738,18,155,10785.7,13482.1,0.8504,cloud_heavy
3739,19,155,10543.9,13179.9,0.8033,cloud_heavy
3740,20,155,9870.6,12338.2,0.7533,cloud_heavy
3741,21,155,9804.0,12255.0,0.7032,cloud_heavy
3742,22,155,9218.4,11522.9,0.6556,cloud_heavy
3743,23,155,9608.5,12010.6,0.6123,cloud_heavy
3744,0,156,9291.3,11614.1,0.4829,cloud_heavy
3745,1,156,8575.1,10718.9,0.4978,cloud_heavy
3746,2,156,8362.0,10452.5,0.5177,cloud_heavy
3747,3,156,9213.2,11516.5,0.5431,cloud_heavy
3748,4,156,8979.9,11224.9,0.5747,cloud_heavy
3749,5,156,9797.3,12246.6,0.6123,cloud_heavy
3750,6,156,9634.1,12042.7,0.6556,cloud_heavy
3751,7,156,9841.9,12302.3,0.7032,cloud_heavy
3752,8,156,10308.8,12886.0,0.7533,cloud_heavy
3753,9,156,10939.2,13674.0,0.8033,cloud_heavy
3754,10,156,10932.8,13666.1,0.8504,cloud_heavy
3755,11,156,11110.9,13888.6,0.8912,cloud_heavy
3756,12,156,11420.8,14276.0,0.923,cloud_heavy
3757,13,156,11179.3,13974.1,0.9431,cloud_heavy
3758,14,156,11807.5,14759.4,0.95,cloud_heavy
3759,15,156,10999.8,13749.7,0.9431,cloud_heavy
3760,16,156,11336.3,14170.3,0.923,cloud_heavy
3761,17,156,11535.9,14419.9,0.8912,cloud_heavy
3762,18,156,11108.0,13885.0,0.8504,cloud_heavy
3763,19,156,10885.5,13606.8,0.8033,cloud_heavy
3764,20,156,10343.9,12929.9,0.7533,cloud_heavy
3765,21,156,10384.0,12980.1,0.7032,cloud_heavy
3766,22,156,9985.9,12482.3,0.6556,cloud_heavy
3767,23,156,9555.9,11944.9,0.6123,cloud_heavy
3768,0,157,8809.9,11012.4,0.4829,cloud_heavy
3769,1,157,8865.7,11082.2,0.4978,cloud_heavy
3770,2,157,8686.1,10857.6,0.5177,cloud_heavy
3771,3,157,8609.3,10761.6,0.5431,cloud_heavy
3772,4,157,9295.9,11619.8,0.5747,cloud_heavy
3773,5,157,9584.2,11980.3,0.6123,cloud_heavy
3774,6,157,10034.2,12542.7,0.6556,cloud_heavy
3775,7,157,9750.2,12187.8,0.7032,cloud_heavy
3776,8,157,10082.3,12602.9,0.7533,cloud_heavy
3777,9,157,10843.6,13554.5,0.8033,cloud_heavy
3778,10,157,10984.4,13730.6,0.8504,cloud_heavy
3779,11,157,10640.9,13301.1,0.8912,cloud_heavy
3780,12,157,11618.6,14523.3,0.923,cloud_heavy
3781,13,157,10976.9,13721.1,0.9431,cloud_heavy
3782,14,157,11337.6,14172.0,0.95,cloud_heavy
3783,15,157,12094.1,15117.6,0.9431,cloud_heavy
3784,16,157,12118.4,15147.9,0.923,cloud_heavy
3785,17,157,10867.6,13584.5,0.8912,cloud_heavy
3786,18,157,10899.2,13624.0,0.8504,cloud_heavy
3787,19,157,10709.7,13387.1,0.8033,cloud_heavy
3788,20,157,10918.0,13647.5,0.7533,cloud_heavy
3789,21,157,9883.7,12354.6,0.7032,cloud_heavy
3790,22,157,9577.3,11971.7,0.6556,cloud_heavy
3791,23,157,9867.8,12334.8,0.6123,cloud_heavy
3792,0,158,8475.0,10593.8,0.4829,cloud_heavy
3793,1,158,8858.4,11073.0,0.4978,cloud_heavy
3794,2,158,8412.1,10515.1,0.5177,cloud_heavy
3795,3,158,8924.9,11156.1,0.5431,cloud_heavy
3796,4,158,8723.0,10903.8,0.5747,cloud_heavy
3797,5,158,9131.1,11413.9,0.6123,cloud_heavy
3798,6,158,9961.0,12451.2,0.6556,cloud_heavy
3799,7,158,10017.0,12521.2,0.7032,cloud_heavy
3800,8,158,10264.9,12831.2,0.7533,cloud_heavy
3801,9,158,10455.8,13069.7,0.8033,cloud_heavy
3802,10,158,10935.1,13668.8,0.8504,cloud_heavy
3803,11,158,11380.9,14226.1,0.8912,cloud_heavy
3804,12,158,11828.1,14785.2,0.923,cloud_heavy
3805,13,158,10707.4,13384.3,0.9431,cloud_heavy
3806,14,158,11377.3,14221.7,0.95,cloud_heavy
3807,15,158,11678.3,14597.8,0.9431,cloud_heavy
3808,16,158,11455.3,14319.1,0.923,cloud_heavy
3809,17,158,11415.5,14269.3,0.8912,cloud_heavy
3810,18,158,11096.3,13870.4,0.8504,cloud_heavy
3811,19,158,10598.2,13247.8,0.8033,cloud_heavy
3812,20,158,10200.3,12750.4,0.7533,cloud_heavy
3813,21,158,9958.1,12447.6,0.7032,cloud_heavy
3814,22,158,10051.2,12564.0,0.6556,cloud_heavy
3815,23,158,9222.6,11528.3,0.6123,cloud_heavy
3816,0,159,8490.0,10612.5,0.473,cloud_heavy
3817,1,159,8622.6,10778.2,0.4835,cloud_heavy
3818,2,159,9073.3,11341.6,0.4974,cloud_heavy
3819,3,159,8706.6,10883.2,0.5152,cloud_heavy
3820,4,159,9189.0,11486.3,0.5373,cloud_heavy
3821,5,159,9443.4,11804.3,0.5636,cloud_heavy
3822,6,159,9289.7,11612.1,0.5939,cloud_heavy
3823,7,159,9468.2,11835.3,0.6272,cloud_heavy
3824,8,159,9664.6,12080.7,0.6623,cloud_heavy
3825,9,159,9916.6,12395.7,0.6973,cloud_heavy
3826,10,159,10473.3,13091.6,0.7303,cloud_heavy
3827,11,159,10473.4,13091.8,0.7589,cloud_heavy
3828,12,159,10623.1,13278.8,0.7811,cloud_heavy
3829,13,159,10282.8,12853.4,0.7952,cloud_heavy
3830,14,159,10364.2,12955.2,0.8,cloud_heavy
3831,15,159,11326.3,14157.9,0.7952,cloud_heavy
3832,16,159,10492.3,13115.4,0.7811,cloud_heavy
3833,17,159,10159.6,12699.5,0.7589,cloud_heavy
3834,18,159,10650.0,13312.5,0.7303,cloud_heavy
3835,19,159,10077.8,12597.2,0.6973,cloud_heavy
3836,20,159,9930.3,12412.8,0.6623,cloud_heavy
3837,21,159,9489.0,11861.2,0.6272,cloud_heavy
3838,22,159,9218.5,11523.1,0.5939,cloud_heavy
3839,23,159,9060.5,11325.7,0.5636,cloud_heavy
3840,0,160,8153.2,10191.5,0.473,cloud_heavy
3841,1,160,8552.8,10691.0,0.4835,cloud_heavy
3842,2,160,8744.5,10930.7,0.4974,cloud_heavy
3843,3,160,9273.5,11591.8,0.5152,cloud_heavy
3844,4,160,8955.2,11194.0,0.5373,cloud_heavy
3845,5,160,8469.1,10586.4,0.5636,cloud_heavy
3846,6,160,9281.2,11601.6,0.5939,cloud_heavy
3847,7,160,10311.5,12889.4,0.6272,cloud_heavy
3848,8,160,10014.7,12518.3,0.6623,cloud_heavy
3849,9,160,9750.2,12187.7,0.6973,cloud_heavy
3850,10,160,10392.7,12990.9,0.7303,cloud_heavy
3851,11,160,10169.8,12712.2,0.7589,cloud_heavy
3852,12,160,10120.2,12650.2,0.7811,cloud_heavy
3853,13,160,10530.8,13163.5,0.7952,cloud_heavy
3854,14,160,10703.3,13379.1,0.8,cloud_heavy
3855,15,160,10044.3,12555.4,0.7952,cloud_heavy
3856,16,160,10184.9,12731.2,0.7811,cloud_heavy
3857,17,160,10404.6,13005.7,0.7589,cloud_heavy
3858,18,160,10086.6,12608.2,0.7303,cloud_heavy
3859,19,160,10111.6,12639.6,0.6973,cloud_heavy
3860,20,160,9405.3,11756.6,0.6623,cloud_heavy
3861,21,160,9732.6,12165.7,0.6272,cloud_heavy
3862,22,160,8977.0,11221.2,0.5939,cloud_heavy
3863,23,160,9555.7,11944.6,0.5636,cloud_heavy
3864,0,161,8130.2,10162.7,0.4829,cloud_heavy
3865,1,161,8386.3,10482.9,0.4978,cloud_heavy
3866,2,161,8912.3,11140.4,0.5177,cloud_heavy
3867,3,161,9418.9,11773.6,0.5431,cloud_heavy
3868,4,161,9266.9,11583.6,0.5747,cloud_heavy
3869,5,161,9589.0,11986.2,0.6123,cloud_heavy
3870,6,161,9721.4,12151.8,0.6556,cloud_heavy
3871,7,161,9723.1,12153.9,0.7032,cloud_heavy
3872,8,161,10211.8,12764.7,0.7533,cloud_heavy
3873,9,161,10307.2,12884.0,0.8033,cloud_heavy
3874,10,161,10585.7,13232.1,0.8504,cloud_heavy
3875,11,161,11414.9,14268.6,0.8912,cloud_heavy
3876,12,161,11102.2,13877.8,0.923,cloud_heavy
3877,13,161,11734.2,14667.7,0.9431,cloud_heavy
3878,14,161,11212.8,14016.0,0.95,cloud_heavy
3879,15,161,11726.1,14657.7,0.9431,cloud_heavy
3880,16,161,11320.9,14151.1,0.923,cloud_heavy
3881,17,161,11754.9,14693.7,0.8912,cloud_heavy
3882,18,161,11114.8,13893.6,0.8504,cloud_heavy
3883,19,161,11092.6,13865.7,0.8033,cloud_heavy
3884,20,161,10129.2,12661.5,0.7533,cloud_heavy
3885,21,161,10048.9,12561.1,0.7032,cloud_heavy
3886,22,161,9430.4,11788.0,0.6556,cloud_heavy
3887,23,161,9312.7,11640.9,0.6123,cloud_heavy
3888,0,162,8504.0,10630.0,0.4829,cloud_heavy
3889,1,162,8481.7,10602.2,0.4978,cloud_heavy
3890,2,162,8481.2,10601.5,0.5177,cloud_heavy
3891,3,162,8590.6,10738.2,0.5431,cloud_heavy
3892,4,162,8535.7,10669.7,0.5747,cloud_heavy
3893,5,162,9130.9,11413.6,0.6123,cloud_heavy
3894,6,162,9899.2,12374.1,0.6556,cloud_heavy
3895,7,162,9550.9,11938.6,0.7032,cloud_heavy
3896,8,162,9938.8,12423.5,0.7533,cloud_heavy
3897,9,162,11270.7,14088.4,0.8033,cloud_heavy
3898,10,162,10797.7,13497.2,0.8504,cloud_heavy
3899,11,162,11387.6,14234.5,0.8912,cloud_heavy
3900,12,162,11710.7,14638.4,0.923,cloud_heavy
3901,13,162,11853.8,14817.2,0.9431,cloud_heavy
3902,14,162,11135.6,13919.5,0.95,cloud_heavy
3903,15,162,11542.2,14427.8,0.9431,cloud_heavy
3904,16,162,10931.6,13664.5,0.923,cloud_heavy
3905,17,162,12106.7,15133.4,0.8912,cloud_heavy
3906,18,162,10481.3,13101.6,0.8504,cloud_heavy
3907,19,162,10359.8,12949.8,0.8033,cloud_heavy
3908,20,162,10040.6,12550.8,0.7533,cloud_heavy
3909,21,162,9581.6,11977.0,0.7032,cloud_heavy
3910,22,162,10110.6,12638.3,0.6556,cloud_heavy
3911,23,162,10115.0,12643.8,0.6123,cloud_heavy
3912,0,163,8449.1,10561.3,0.4829,cloud_heavy
3913,1,163,8327.1,10408.8,0.4978,cloud_heavy
3914,2,163,8211.4,10264.3,0.5177,cloud_heavy
3915,3,163,8905.3,11131.6,0.5431,cloud_heavy
3916,4,163,9093.0,11366.2,0.5747,cloud_heavy
3917,5,163,9245.5,11556.8,0.6123,cloud_heavy
3918,6,163,9780.9,12226.1,0.6556,cloud_heavy
3919,7,163,10150.9,12688.7,0.7032,cloud_heavy
3920,8,163,10464.6,13080.8,0.7533,cloud_heavy
3921,9,163,10594.6,13243.3,0.8033,cloud_heavy
3922,10,163,10644.1,13305.2,0.8504,cloud_heavy
3923,11,163,11504.3,14380.3,0.8912,cloud_heavy
3924,12,163,11493.7,14367.1,0.923,cloud_heavy
3925,13,163,11932.5,14915.7,0.9431,cloud_heavy
3926,14,163,11945.1,14931.3,0.95,cloud_heavy
3927,15,163,11127.0,13908.8,0.9431,cloud_heavy
3928,16,163,10995.0,13743.8,0.923,cloud_heavy
3929,17,163,11023.3,13779.2,0.8912,cloud_heavy
3930,18,163,10659.1,13323.9,0.8504,cloud_heavy
3931,19,163,10938.4,13673.0,0.8033,cloud_heavy
3932,20,163,10473.4,13091.7,0.7533,cloud_heavy
3933,21,163,10362.8,12953.5,0.7032,cloud_heavy
3934,22,163,9831.9,12289.9,0.6556,cloud_heavy
3935,23,163,9488.7,11860.9,0.6123,cloud_heavy
3936,0,164,8879.9,11099.9,0.4829,cloud_heavy
3937,1,164,8792.7,10990.9,0.4978,cloud_heavy
3938,2,164,8820.1,11025.1,0.5177,cloud_heavy
3939,3,164,9369.4,11711.8,0.5431,cloud_heavy
3940,4,164,9211.8,11514.8,0.5747,cloud_heavy
3941,5,164,9343.6,11679.5,0.6123,cloud_heavy
3942,6,164,9472.1,11840.2,0.6556,cloud_heavy
3943,7,164,10243.6,12804.5,0.7032,cloud_heavy
3944,8,164,10748.8,13436.0,0.7533,cloud_heavy
3945,9,164,10679.8,13349.8,0.8033,cloud_heavy
3946,10,164,11439.9,14299.8,0.8504,cloud_heavy
3947,11,164,10612.4,13265.5,0.8912,cloud_heavy
3948,12,164,11470.2,14337.8,0.923,cloud_heavy
3949,13,164,11608.8,14511.0,0.9431,cloud_heavy
3950,14,164,11414.0,14267.5,0.95,cloud_heavy
3951,15,164,12454.0,15567.5,0.9431,cloud_heavy
3952,16,164,11466.5,14333.2,0.923,cloud_heavy
3953,17,164,11141.0,13926.3,0.8912,cloud_heavy
3954,18,164,11016.5,13770.6,0.8504,cloud_heavy
3955,19,164,10053.4,12566.7,0.8033,cloud_heavy
3956,20,164,10127.9,12659.9,0.7533,cloud_heavy
3957,21,164,10327.9,12909.9,0.7032,cloud_heavy
3958,22,164,9533.0,11916.3,0.6556,cloud_heavy
3959,23,164,9195.2,11494.1,0.6123,cloud_heavy
3960,0,165,8908.1,11135.2,0.4829,cloud_heavy
3961,1,165,9019.1,11273.9,0.4978,cloud_heavy
3962,2,165,8938.7,11173.3,0.5177,cloud_heavy
3963,3,165,8848.5,11060.6,0.5431,cloud_heavy
3964,4,165,9114.2,11392.7,0.5747,cloud_heavy
3965,5,165,9202.2,11502.8,0.6123,cloud_heavy
3966,6,165,9426.4,11783.0,0.6556,cloud_heavy
3967,7,165,9717.7,12147.1,0.7032,cloud_heavy
3968,8,165,10172.0,12715.0,0.7533,cloud_heavy
3969,9,165,10364.0,12955.0,0.8033,cloud_heavy
3970,10,165,10491.5,13114.4,0.8504,cloud_heavy
3971,11,165,11353.2,14191.5,0.8912,cloud_heavy
3972,12,165,11570.2,14462.8,0.923,cloud_heavy
3973,13,165,12215.8,15269.8,0.9431,cloud_heavy
3974,14,165,11434.5,14293.2,0.95,cloud_heavy
3975,15,165,11726.0,14657.5,0.9431,cloud_heavy
3976,16,165,11597.1,14496.4,0.923,cloud_heavy
3977,17,165,11193.1,13991.4,0.8912,cloud_heavy
3978,18,165,11253.8,14067.2,0.8504,cloud_heavy
3979,19,165,10944.8,13681.0,0.8033,cloud_heavy
3980,20,165,10465.9,13082.4,0.7533,cloud_heavy
3981,21,165,9955.1,12443.8,0.7032,cloud_heavy
3982,22,165,9612.1,12015.2,0.6556,cloud_heavy
3983,23,165,9042.8,11303.5,0.6123,cloud_heavy
3984,0,166,8300.4,10375.5,0.473,cloud_heavy
3985,1,166,8415.4,10519.3,0.4835,cloud_heavy
3986,2,166,8375.3,10469.1,0.4974,cloud_heavy
3987,3,166,8901.7,11127.1,0.5152,cloud_heavy
3988,4,166,9252.8,11566.0,0.5373,cloud_heavy
3989,5,166,8858.8,11073.5,0.5636,cloud_heavy
3990,6,166,9386.6,11733.3,0.5939,cloud_heavy
3991,7,166,9232.8,11541.1,0.6272,cloud_heavy
3992,8,166,9671.7,12089.6,0.6623,cloud_heavy
3993,9,166,9786.3,12232.9,0.6973,cloud_heavy
3994,10,166,10396.0,12995.0,0.7303,cloud_heavy
3995,11,166,10189.5,12736.9,0.7589,cloud_heavy
3996,12,166,10868.7,13585.9,0.7811,cloud_heavy
3997,13,166,10563.5,13204.4,0.7952,cloud_heavy
3998,14,166,10466.0,13082.5,0.8,cloud_heavy
3999,15,166,10241.9,12802.3,0.7952,cloud_heavy
4000,16,166,10628.7,13285.9,0.7811,cloud_heavy
4001,17,166,10680.7,13350.8,0.7589,cloud_heavy
4002,18,166,10295.3,12869.2,0.7303,cloud_heavy
4003,19,166,10664.5,13330.6,0.6973,cloud_heavy
4004,20,166,10179.6,12724.5,0.6623,cloud_heavy
4005,21,166,9440.5,11800.7,0.6272,cloud_heavy
4006,22,166,9218.7,11523.4,0.5939,cloud_heavy
4007,23,166,9235.2,11544.0,0.5636,cloud_heavy
4008,0,167,8292.2,10365.2,0.473,cloud_heavy
4009,1,167,8875.5,11094.3,0.4835,cloud_heavy
4010,2,167,8761.6,10952.0,0.4974,cloud_heavy
4011,3,167,8853.3,11066.7,0.5152,cloud_heavy
4012,4,167,9116.2,11395.3,0.5373,cloud_heavy
4013,5,167,9577.5,11971.9,0.5636,cloud_heavy
4014,6,167,9355.2,11694.0,0.5939,cloud_heavy
4015,7,167,9496.1,11870.2,0.6272,cloud_heavy
4016,8,167,10202.8,12753.4,0.6623,cloud_heavy
4017,9,167,10283.3,12854.2,0.6973,cloud_heavy
4018,10,167,10113.3,12641.6,0.7303,cloud_heavy
4019,11,167,10403.0,13003.7,0.7589,cloud_heavy
4020,12,167,10610.4,13263.0,0.7811,cloud_heavy
4021,13,167,10757.5,13446.9,0.7952,cloud_heavy
4022,14,167,10239.6,12799.5,0.8,cloud_heavy
4023,15,167,10149.5,12686.9,0.7952,cloud_heavy
4024,16,167,10267.8,12834.7,0.7811,cloud_heavy
4025,17,167,10100.3,12625.4,0.7589,cloud_heavy
4026,18,167,10014.4,12518.0,0.7303,cloud_heavy
4027,19,167,10183.6,12729.5,0.6973,cloud_heavy
4028,20,167,9711.5,12139.4,0.6623,cloud_heavy
4029,21,167,9584.6,11980.7,0.6272,cloud_heavy
4030,22,167,8965.6,11207.0,0.5939,cloud_heavy
4031,23,167,8980.7,11225.9,0.5636,cloud_heavy
4032,0,168,8722.4,10903.0,0.4829,cloud_heavy
4033,1,168,8825.3,11031.6,0.4978,cloud_heavy
4034,2,168,8610.8,10763.5,0.5177,cloud_heavy
4035,3,168,9014.5,11268.1,0.5431,cloud_heavy
4036,4,168,9785.7,12232.1,0.5747,cloud_heavy
4037,5,168,9424.7,11780.9,0.6123,cloud_heavy
4038,6,168,9514.3,11892.9,0.6556,cloud_heavy
4039,7,168,9979.7,12474.6,0.7032,cloud_heavy
4040,8,168,10392.8,12991.0,0.7533,cloud_heavy
4041,9,168,10647.5,13309.4,0.8033,cloud_heavy
4042,10,168,10997.6,13747.0,0.8504,cloud_heavy
4043,11,168,10790.6,13488.2,0.8912,cloud_heavy
4044,12,168,11157.6,13946.9,0.923,cloud_heavy
4045,13,168,11570.7,14463.4,0.9431,cloud_heavy
4046,14,168,11610.6,14513.3,0.95,cloud_heavy
4047,15,168,11425.4,14281.7,0.9431,cloud_heavy
4048,16,168,11428.3,14285.4,0.923,cloud_heavy
4049,17,168,11299.6,14124.5,0.8912,cloud_heavy
4050,18,168,11301.7,14127.1,0.8504,cloud_heavy
4051,19,168,10664.2,13330.3,0.8033,cloud_heavy
4052,20,168,10488.2,13110.3,0.7533,cloud_heavy
4053,21,168,9869.0,12336.3,0.7032,cloud_heavy
4054,22,168,9883.1,12353.9,0.6556,cloud_heavy
4055,23,168,9536.0,11920.0,0.6123,cloud_heavy
4056,0,169,8794.0,10992.5,0.4829,cloud_heavy
4057,1,169,8856.1,11070.1,0.4978,cloud_heavy
4058,2,169,8957.6,11197.0,0.5177,cloud_heavy
4059,3,169,8944.5,11180.6,0.5431,cloud_heavy
4060,4,169,9247.6,11559.4,0.5747,cloud_heavy
4061,5,169,9730.6,12163.2,0.6123,cloud_heavy
4062,6,169,9526.3,11907.8,0.6556,cloud_heavy
4063,7,169,9842.9,12303.6,0.7032,cloud_heavy
4064,8,169,10420.6,13025.7,0.7533,cloud_heavy
4065,9,169,10829.3,13536.6,0.8033,cloud_heavy
4066,10,169,10735.8,13419.7,0.8504,cloud_heavy
4067,11,169,11253.7,14067.1,0.8912,cloud_heavy
4068,12,169,11457.0,14321.2,0.923,cloud_heavy
4069,13,169,10850.3,13562.9,0.9431,cloud_heavy
4070,14,169,11591.6,14489.5,0.95,cloud_heavy
4071,15,169,11567.9,14459.9,0.9431,cloud_heavy
4072,16,169,11434.1,14292.6,0.923,cloud_heavy
4073,17,169,11758.1,14697.6,0.8912,cloud_heavy
4074,18,169,10606.4,13258.1,0.8504,cloud_heavy
4075,19,169,10431.4,13039.3,0.8033,cloud_heavy
4076,20,169,9552.0,11939.9,0.7533,cloud_heavy
4077,21,169,9887.3,12359.1,0.7032,cloud_heavy
4078,22,169,9601.0,12001.3,0.6556,cloud_heavy
4079,23,169,9285.5,11606.8,0.6123,cloud_heavy
4080,0,170,8856.2,11070.3,0.4829,cloud_heavy
4081,1,170,8894.4,11118.0,0.4978,cloud_heavy
4082,2,170,8822.7,11028.4,0.5177,cloud_heavy
4083,3,170,8871.2,11089.1,0.5431,cloud_heavy
4084,4,170,9462.7,11828.4,0.5747,cloud_heavy
4085,5,170,9424.1,11780.2,0.6123,cloud_heavy
4086,6,170,9477.8,11847.3,0.6556,cloud_heavy
4087,7,170,9515.5,11894.4,0.7032,cloud_heavy
4088,8,170,10226.9,12783.7,0.7533,cloud_heavy
4089,9,170,10938.2,13672.7,0.8033,cloud_heavy
4090,10,170,11759.7,14699.7,0.8504,cloud_heavy
4091,11,170,11299.8,14124.8,0.8912,cloud_heavy
4092,12,170,11225.6,14031.9,0.923,cloud_heavy
4093,13,170,11209.6,14012.0,0.9431,cloud_heavy
4094,14,170,11861.7,14827.1,0.95,cloud_heavy
4095,15,170,11007.5,13759.4,0.9431,cloud_heavy
4096,16,170,11679.0,14598.8,0.923,cloud_heavy
4097,17,170,11555.7,14444.6,0.8912,cloud_heavy
4098,18,170,11152.0,13940.0,0.8504,cloud_heavy
4099,19,170,10625.6,13281.9,0.8033,cloud_heavy
4100,20,170,10539.8,13174.8,0.7533,cloud_heavy
4101,21,170,10083.4,12604.3,0.7032,cloud_heavy
4102,22,170,9489.5,11861.9,0.6556,cloud_heavy
4103,23,170,9953.2,12441.5,0.6123,cloud_heavy
4104,0,171,8481.0,10601.2,0.4829,cloud_heavy
4105,1,171,8872.3,11090.4,0.4978,cloud_heavy
4106,2,171,8163.5,10204.3,0.5177,cloud_heavy
4107,3,171,9314.5,11643.2,0.5431,cloud_heavy
4108,4,171,9584.6,11980.8,0.5747,cloud_heavy
4109,5,171,9438.2,11797.7,0.6123,cloud_heavy
4110,6,171,9879.2,12349.0,0.6556,cloud_heavy
4111,7,171,10200.1,12750.1,0.7032,cloud_heavy
4112,8,171,10164.3,12705.4,0.7533,cloud_heavy
4113,9,171,10871.6,13589.5,0.8033,cloud_heavy
4114,10,171,10740.9,13426.1,0.8504,cloud_heavy
4115,11,171,11073.0,13841.2,0.8912,cloud_heavy
4116,12,171,11877.8,14847.2,0.923,cloud_heavy
4117,13,171,11962.6,14953.3,0.9431,cloud_heavy
4118,14,171,11421.2,14276.5,0.95,cloud_heavy
4119,15,171,11367.0,14208.7,0.9431,cloud_heavy
4120,16,171,11266.8,14083.5,0.923,cloud_heavy
4121,17,171,11526.9,14408.6,0.8912,cloud_heavy
4122,18,171,10677.7,13347.1,0.8504,cloud_heavy
4123,19,171,10810.5,13513.1,0.8033,cloud_heavy
4124,20,171,10596.4,13245.5,0.7533,cloud_heavy
4125,21,171,10005.4,12506.8,0.7032,cloud_heavy
4126,22,171,10010.8,12513.5,0.6556,cloud_heavy
4127,23,171,9343.6,11679.5,0.6123,cloud_heavy
4128,0,172,8516.4,10645.5,0.4829,cloud_heavy
4129,1,172,8416.3,10520.4,0.4978,cloud_heavy
4130,2,172,9070.7,11338.4,0.5177,cloud_heavy
4131,3,172,8764.7,10955.9,0.5431,cloud_heavy
4132,4,172,9276.4,11595.5,0.5747,cloud_heavy
4133,5,172,9409.5,11761.9,0.6123,cloud_heavy
4134,6,172,9409.5,11761.8,0.6556,cloud_heavy
4135,7,172,9848.7,12310.9,0.7032,cloud_heavy
4136,8,172,10794.1,13492.6,0.7533,cloud_heavy
4137,9,172,10760.7,13450.9,0.8033,cloud_heavy
4138,10,172,10674.7,13343.4,0.8504,cloud_heavy
4139,11,172,11382.3,14227.9,0.8912,cloud_heavy
4140,12,172,11439.0,14298.7,0.923,cloud_heavy
4141,13,172,12600.0,15750.0,0.9431,cloud_heavy
4142,14,172,11768.3,14710.4,0.95,cloud_heavy
4143,15,172,11490.1,14362.6,0.9431,cloud_heavy
4144,16,172,11978.8,14973.5,0.923,cloud_heavy
4145,17,172,10656.0,13320.0,0.8912,cloud_heavy
4146,18,172,11039.1,13798.9,0.8504,cloud_heavy
4147,19,172,11336.0,14170.0,0.8033,cloud_heavy
4148,20,172,10328.0,12910.0,0.7533,cloud_heavy
4149,21,172,9510.3,11887.9,0.7032,cloud_heavy
4150,22,172,9600.9,12001.2,0.6556,cloud_heavy
4151,23,172,9841.2,12301.5,0.6123,cloud_heavy
4152,0,173,8602.0,10752.5,0.473,cloud_heavy
4153,1,173,8359.6,10449.5,0.4835,cloud_heavy
4154,2,173,8489.4,10611.7,0.4974,cloud_heavy
4155,3,173,8638.2,10797.8,0.5152,cloud_heavy
4156,4,173,9028.9,11286.1,0.5373,cloud_heavy
4157,5,173,9472.5,11840.6,0.5636,cloud_heavy
4158,6,173,9601.3,12001.7,0.5939,cloud_heavy
4159,7,173,9658.8,12073.5,0.6272,cloud_heavy
4160,8,173,9371.0,11713.8,0.6623,cloud_heavy
4161,9,173,9595.2,11994.0,0.6973,cloud_heavy
4162,10,173,10375.0,12968.7,0.7303,cloud_heavy
4163,11,173,9981.5,12476.9,0.7589,cloud_heavy
4164,12,173,10477.2,13096.5,0.7811,cloud_heavy
4165,13,173,10739.1,13423.9,0.7952,cloud_heavy
4166,14,173,10309.7,12887.1,0.8,cloud_heavy
4167,15,173,10315.0,12893.7,0.7952,cloud_heavy
4168,16,173,10518.8,13148.5,0.7811,cloud_heavy
4169,17,173,10558.5,13198.1,0.7589,cloud_heavy
4170,18,173,10536.8,13171.0,0.7303,cloud_heavy
4171,19,173,10175.3,12719.1,0.6973,cloud_heavy
4172,20,173,9782.5,12228.2,0.6623,cloud_heavy
4173,21,173,9315.1,11643.9,0.6272,cloud_heavy
4174,22,173,9008.5,11260.6,0.5939,cloud_heavy
4175,23,173,8967.3,11209.1,0.5636,cloud_heavy
4176,0,174,8610.6,10763.3,0.473,cloud_heavy
4177,1,174,8662.0,10827.5,0.4835,cloud_heavy
4178,2,174,8121.5,10151.9,0.4974,cloud_heavy
4179,3,174,8578.7,10723.3,0.5152,cloud_heavy
4180,4,174,9254.9,11568.6,0.5373,cloud_heavy
4181,5,174,9128.5,11410.6,0.5636,cloud_heavy
4182,6,174,8911.8,11139.8,0.5939,cloud_heavy
4183,7,174,10201.9,12752.3,0.6272,cloud_heavy
4184,8,174,9752.5,12190.6,0.6623,cloud_heavy
4185,9,174,10108.5,12635.6,0.6973,cloud_heavy
4186,10,174,10334.0,12917.5,0.7303,cloud_heavy
4187,11,174,10286.6,12858.3,0.7589,cloud_heavy
4188,12,174,10318.4,12897.9,0.7811,cloud_heavy
4189,13,174,11319.4,14149.2,0.7952,cloud_heavy
4190,14,174,10995.2,13744.1,0.8,cloud_heavy
4191,15,174,10904.4,13630.5,0.7952,cloud_heavy
4192,16,174,10731.0,13413.7,0.7811,cloud_heavy
4193,17,174,10088.3,12610.3,0.7589,cloud_heavy
4194,18,174,10603.0,13253.7,0.7303,cloud_heavy
4195,19,174,9740.5,12175.6,0.6973,cloud_heavy
4196,20,174,9843.9,12304.9,0.6623,cloud_heavy
4197,21,174,9059.8,11324.8,0.6272,cloud_heavy
4198,22,174,8737.6,10922.0,0.5939,cloud_heavy
4199,23,174,9193.8,11492.3,0.5636,cloud_heavy
4200,0,175,8363.3,10454.2,0.4829,cloud_heavy
4201,1,175,8153.1,10191.4,0.4978,cloud_heavy
4202,2,175,8944.9,11181.1,0.5177,cloud_heavy
4203,3,175,9541.6,11927.0,0.5431,cloud_heavy
4204,4,175,9562.8,11953.5,0.5747,cloud_heavy
4205,5,175,9356.9,11696.2,0.6123,cloud_heavy
4206,6,175,9718.9,12148.6,0.6556,cloud_heavy
4207,7,175,10299.2,12874.0,0.7032,cloud_heavy
4208,8,175,10713.0,13391.3,0.7533,cloud_heavy
4209,9,175,10585.8,13232.3,0.8033,cloud_heavy
4210,10,175,11019.2,13774.0,0.8504,cloud_heavy
4211,11,175,11380.7,14225.9,0.8912,cloud_heavy
4212,12,175,11680.3,14600.3,0.923,cloud_heavy
4213,13,175,11576.4,14470.5,0.9431,cloud_heavy
4214,14,175,11626.5,14533.1,0.95,cloud_heavy
4215,15,175,12103.9,15129.9,0.9431,cloud_heavy
4216,16,175,11906.3,14882.8,0.923,cloud_heavy
4217,17,175,11440.5,14300.6,0.8912,cloud_heavy
4218,18,175,11575.7,14469.6,0.8504,cloud_heavy
4219,19,175,10572.0,13215.0,0.8033,cloud_heavy
4220,20,175,10868.8,13586.0,0.7533,cloud_heavy
4221,21,175,10195.3,12744.1,0.7032,cloud_heavy
4222,22,175,10669.8,13337.3,0.6556,cloud_heavy
4223,23,175,9092.4,11365.5,0.6123,cloud_heavy
4224,0,176,8394.1,10492.7,0.4829,cloud_heavy
4225,1,176,8779.5,10974.3,0.4978,cloud_heavy
4226,2,176,8907.0,11133.8,0.5177,cloud_heavy
4227,3,176,9495.8,11869.8,0.5431,cloud_heavy
4228,4,176,8996.0,11245.0,0.5747,cloud_heavy
4229,5,176,9685.7,12107.1,0.6123,cloud_heavy
4230,6,176,10055.2,12569.0,0.6556,cloud_heavy
4231,7,176,10244.1,12805.1,0.7032,cloud_heavy
4232,8,176,10065.4,12581.7,0.7533,cloud_heavy
4233,9,176,11147.8,13934.7,0.8033,cloud_heavy
4234,10,176,11413.9,14267.4,0.8504,cloud_heavy
4235,11,176,11481.9,14352.3,0.8912,cloud_heavy
4236,12,176,11559.8,14449.7,0.923,cloud_heavy
4237,13,176,11701.6,14627.0,0.9431,cloud_heavy
4238,14,176,11640.9,14551.2,0.95,cloud_heavy
4239,15,176,11846.2,14807.8,0.9431,cloud_heavy
4240,16,176,11500.1,14375.1,0.923,cloud_heavy
4241,17,176,10991.9,13739.8,0.8912,cloud_heavy
4242,18,176,10661.7,13327.1,0.8504,cloud_heavy
4243,19,176,10454.7,13068.4,0.8033,cloud_heavy
4244,20,176,10433.2,13041.5,0.7533,cloud_heavy
4245,21,176,10023.9,12529.9,0.7032,cloud_heavy
4246,22,176,9779.1,12223.9,0.6556,cloud_heavy
4247,23,176,9571.4,11964.2,0.6123,cloud_heavy
4248,0,177,8410.1,10512.6,0.4829,cloud_heavy
4249,1,177,9051.8,11314.7,0.4978,cloud_heavy
4250,2,177,8731.4,10914.3,0.5177,cloud_heavy
4251,3,177,8854.3,11067.9,0.5431,cloud_heavy
4252,4,177,9313.0,11641.2,0.5747,cloud_heavy
4253,5,177,8910.2,11137.7,0.6123,cloud_heavy
4254,6,177,9485.9,11857.4,0.6556,cloud_heavy
4255,7,177,10327.3,12909.1,0.7032,cloud_heavy
4256,8,177,9823.9,12279.9,0.7533,cloud_heavy
4257,9,177,11054.6,13818.3,0.8033,cloud_heavy
4258,10,177,11507.0,14383.7,0.8504,cloud_heavy
4259,11,177,11154.0,13942.5,0.8912,cloud_heavy
4260,12,177,11589.9,14487.4,0.923,cloud_heavy
4261,13,177,12013.0,15016.2,0.9431,cloud_heavy
4262,14,177,11505.1,14381.4,0.95,cloud_heavy
4263,15,177,11925.4,14906.7,0.9431,cloud_heavy
4264,16,177,11258.0,14072.5,0.923,cloud_heavy
4265,17,177,11117.4,13896.7,0.8912,cloud_heavy
4266,18,177,10744.0,13430.0,0.8504,cloud_heavy
4267,19,177,10806.0,13507.5,0.8033,cloud_heavy
4268,20,177,10724.2,13405.2,0.7533,cloud_heavy
4269,21,177,9976.6,12470.7,0.7032,cloud_heavy
4270,22,177,9345.8,11682.2,0.6556,cloud_heavy
4271,23,177,9123.4,11404.3,0.6123,cloud_heavy
4272,0,178,8672.9,10841.1,0.4829,cloud_heavy
4273,1,178,9150.2,11437.8,0.4978,cloud_heavy
4274,2,178,8906.1,11132.6,0.5177,cloud_heavy
4275,3,178,8866.9,11083.6,0.5431,cloud_heavy
4276,4,178,9391.1,11738.9,0.5747,cloud_heavy
4277,5,178,9362.0,11702.5,0.6123,cloud_heavy
4278,6,178,9606.1,12007.6,0.6556,cloud_heavy
4279,7,178,9743.5,12179.4,0.7032,cloud_heavy
4280,8,178,10802.1,13502.6,0.7533,cloud_heavy
4281,9,178,9881.3,12351.6,0.8033,cloud_heavy
4282,10,178,11271.4,14089.3,0.8504,cloud_heavy
4283,11,178,11122.1,13902.6,0.8912,cloud_heavy
4284,12,178,11347.9,14184.9,0.923,cloud_heavy
4285,13,178,12212.9,15266.1,0.9431,cloud_heavy
4286,14,178,11418.5,14273.1,0.95,cloud_heavy
4287,15,178,11385.6,14232.1,0.9431,cloud_heavy
4288,16,178,11444.4,14305.5,0.923,cloud_heavy
4289,17,178,11419.0,14273.8,0.8912,cloud_heavy
4290,18,178,10862.0,13577.5,0.8504,cloud_heavy
4291,19,178,10191.0,12738.8,0.8033,cloud_heavy
4292,20,178,10095.0,12618.7,0.7533,cloud_heavy
4293,21,178,10417.6,13022.0,0.7032,cloud_heavy
4294,22,178,9738.1,12172.7,0.6556,cloud_heavy
4295,23,178,9557.3,11946.7,0.6123,cloud_heavy
4296,0,179,8504.2,10630.2,0.4829,cloud_heavy
4297,1,179,8499.0,10623.7,0.4978,cloud_heavy
4298,2,179,9245.1,11556.4,0.5177,cloud_heavy
4299,3,179,8920.3,11150.4,0.5431,cloud_heavy
4300,4,179,9058.0,11322.5,0.5747,cloud_heavy
4301,5,179,9739.8,12174.8,0.6123,cloud_heavy
4302,6,179,9505.8,11882.2,0.6556,cloud_heavy
4303,7,179,9853.0,12316.3,0.7032,cloud_heavy
4304,8,179,10367.3,12959.2,0.7533,cloud_heavy
4305,9,179,10696.1,13370.2,0.8033,cloud_heavy
4306,10,179,11093.7,13867.1,0.8504,cloud_heavy
4307,11,179,11986.7,14983.4,0.8912,cloud_heavy
4308,12,179,11605.3,14506.6,0.923,cloud_heavy
4309,13,179,10793.6,13492.0,0.9431,cloud_heavy
4310,14,179,11782.7,14728.4,0.95,cloud_heavy
4311,15,179,11636.0,14545.0,0.9431,cloud_heavy
4312,16,179,11504.3,14380.4,0.923,cloud_heavy
4313,17,179,11362.2,14202.7,0.8912,cloud_heavy
4314,18,179,10998.5,13748.1,0.8504,cloud_heavy
4315,19,179,10679.2,13348.9,0.8033,cloud_heavy
4316,20,179,10554.8,13193.4,0.7533,cloud_heavy
4317,21,179,9868.9,12336.1,0.7032,cloud_heavy
4318,22,179,9440.1,11800.1,0.6556,cloud_heavy
4319,23,179,10285.1,12856.4,0.6123,cloud_heavy
4320,0,180,8323.4,10404.2,0.473,cloud_heavy
4321,1,180,8601.2,10751.5,0.4835,cloud_heavy
4322,2,180,8278.6,10348.3,0.4974,cloud_heavy
4323,3,180,8816.4,11020.5,0.5152,cloud_heavy
4324,4,180,8682.1,10852.6,0.5373,cloud_heavy
4325,5,180,8986.0,11232.5,0.5636,cloud_heavy
4326,6,180,9599.3,11999.1,0.5939,cloud_heavy
4327,7,180,9663.4,12079.2,0.6272,cloud_heavy
4328,8,180,9927.4,12409.3,0.6623,cloud_heavy
4329,9,180,9462.3,11827.8,0.6973,cloud_heavy
4330,10,180,10774.3,13467.9,0.7303,cloud_heavy
4331,11,180,10029.4,12536.8,0.7589,cloud_heavy
4332,12,180,11032.3,13790.4,0.7811,cloud_heavy
4333,13,180,10968.1,13710.2,0.7952,cloud_heavy
4334,14,180,10858.9,13573.6,0.8,cloud_heavy
4335,15,180,10369.0,12961.3,0.7952,cloud_heavy
4336,16,180,10596.6,13245.7,0.7811,cloud_heavy
4337,17,180,10254.4,12818.0,0.7589,cloud_heavy
4338,18,180,10220.5,12775.6,0.7303,cloud_heavy
4339,19,180,9918.4,12398.0,0.6973,cloud_heavy
4340,20,180,9164.0,11455.0,0.6623,cloud_heavy
4341,21,180,9849.1,12311.4,0.6272,cloud_heavy
4342,22,180,9284.8,11606.0,0.5939,cloud_heavy
4343,23,180,8974.4,11218.0,0.5636,cloud_heavy
4344,0,181,8363.0,10453.8,0.473,cloud_heavy
4345,1,181,8667.6,10834.5,0.4835,cloud_heavy
4346,2,181,8435.1,10543.9,0.4974,cloud_heavy
4347,3,181,8191.3,10239.2,0.5152,cloud_heavy
4348,4,181,9041.2,11301.5,0.5373,cloud_heavy
4349,5,181,9248.7,11560.8,0.5636,cloud_heavy
4350,6,181,9251.7,11564.7,0.5939,cloud_heavy
4351,7,181,9200.3,11500.4,0.6272,cloud_heavy
4352,8,181,9787.0,12233.7,0.6623,cloud_heavy
4353,9,181,9554.2,11942.8,0.6973,cloud_heavy
4354,10,181,9896.9,12371.2,0.7303,cloud_heavy
4355,11,181,10167.1,12708.9,0.7589,cloud_heavy
4356,12,181,10815.7,13519.6,0.7811,cloud_heavy
4357,13,181,10526.2,13157.8,0.7952,cloud_heavy
4358,14,181,10530.6,13163.2,0.8,cloud_heavy
4359,15,181,11266.0,14082.6,0.7952,cloud_heavy
4360,16,181,10660.1,13325.2,0.7811,cloud_heavy
4361,17,181,10507.1,13133.9,0.7589,cloud_heavy
4362,18,181,10098.4,12622.9,0.7303,cloud_heavy
4363,19,181,9814.5,12268.1,0.6973,cloud_heavy
4364,20,181,9120.7,11400.9,0.6623,cloud_heavy
4365,21,181,9805.4,12256.7,0.6272,cloud_heavy
4366,22,181,9432.7,11790.8,0.5939,cloud_heavy
4367,23,181,9057.9,11322.4,0.5636,cloud_heavy
4368,0,182,8536.1,10670.1,0.4829,cloud_heavy
4369,1,182,8862.0,11077.5,0.4978,cloud_heavy
4370,2,182,8391.6,10489.5,0.5177,cloud_heavy
4371,3,182,8812.2,11015.3,0.5431,cloud_heavy
4372,4,182,8867.2,11084.0,0.5747,cloud_heavy
4373,5,182,9930.9,12413.6,0.6123,cloud_heavy
4374,6,182,9971.6,12464.5,0.6556,cloud_heavy
4375,7,182,9369.1,11711.4,0.7032,cloud_heavy
4376,8,182,9893.5,12366.9,0.7533,cloud_heavy
4377,9,182,10653.6,13317.0,0.8033,cloud_heavy
4378,10,182,10851.9,13564.9,0.8504,cloud_heavy
4379,11,182,10830.8,13538.6,0.8912,cloud_heavy
4380,12,182,12159.7,15199.6,0.923,cloud_heavy
4381,13,182,11731.8,14664.7,0.9431,cloud_heavy
4382,14,182,11834.7,14793.4,0.95,cloud_heavy
4383,15,182,11381.5,14226.9,0.9431,cloud_heavy
4384,16,182,11738.3,14672.9,0.923,cloud_heavy
4385,17,182,11150.3,13937.8,0.8912,cloud_heavy
4386,18,182,10914.4,13643.0,0.8504,cloud_heavy
4387,19,182,10892.1,13615.1,0.8033,cloud_heavy
4388,20,182,9857.7,12322.1,0.7533,cloud_heavy
4389,21,182,10512.6,13140.8,0.7032,cloud_heavy
4390,22,182,9769.5,12211.9,0.6556,cloud_heavy
4391,23,182,9792.1,12240.1,0.6123,cloud_heavy
4392,0,183,8294.9,10368.6,0.4829,cloud_heavy
4393,1,183,8430.4,10538.0,0.4978,cloud_heavy
4394,2,183,8495.3,10619.2,0.5177,cloud_heavy
4395,3,183,9038.3,11297.9,0.5431,cloud_heavy
4396,4,183,9198.3,11497.8,0.5747,cloud_heavy
4397,5,183,9298.3,11622.9,0.6123,cloud_heavy
4398,6,183,9420.7,11775.9,0.6556,cloud_heavy
4399,7,183,9650.8,12063.5,0.7032,cloud_heavy
4400,8,183,10349.1,12936.3,0.7533,cloud_heavy
4401,9,183,10546.6,13183.3,0.8033,cloud_heavy
4402,10,183,10781.5,13476.9,0.8504,cloud_heavy
4403,11,183,11802.5,14753.1,0.8912,cloud_heavy
4404,12,183,11461.0,14326.2,0.923,cloud_heavy
4405,13,183,12065.6,15082.0,0.9431,cloud_heavy
4406,14,183,11481.8,14352.3,0.95,cloud_heavy
4407,15,183,11708.1,14635.2,0.9431,cloud_heavy
4408,16,183,11470.2,14337.8,0.923,cloud_heavy
4409,17,183,10704.6,13380.7,0.8912,cloud_heavy
4410,18,183,11479.6,14349.5,0.8504,cloud_heavy
4411,19,183,10652.7,13315.8,0.8033,cloud_heavy
4412,20,183,10596.2,13245.3,0.7533,cloud_heavy
4413,21,183,9805.7,12257.1,0.7032,cloud_heavy
4414,22,183,9668.3,12085.4,0.6556,cloud_heavy
4415,23,183,9184.5,11480.6,0.6123,cloud_heavy
4416,0,184,8889.2,11111.5,0.4829,cloud_heavy
4417,1,184,8751.5,10939.4,0.4978,cloud_heavy
4418,2,184,8899.1,11123.8,0.5177,cloud_heavy
4419,3,184,9336.5,11670.6,0.5431,cloud_heavy
4420,4,184,9498.6,11873.2,0.5747,cloud_heavy
4421,5,184,9646.2,12057.8,0.6123,cloud_heavy
4422,6,184,9301.9,11627.4,0.6556,cloud_heavy
4423,7,184,9822.6,12278.3,0.7032,cloud_heavy
4424,8,184,10052.0,12565.0,0.7533,cloud_heavy
4425,9,184,10929.5,13661.9,0.8033,cloud_heavy
4426,10,184,11064.3,13830.4,0.8504,cloud_heavy
4427,11,184,10808.5,13510.6,0.8912,cloud_heavy
4428,12,184,11424.3,14280.4,0.923,cloud_heavy
4429,13,184,11101.8,13877.3,0.9431,cloud_heavy
4430,14,184,11649.9,14562.4,0.95,cloud_heavy
4431,15,184,11045.6,13807.0,0.9431,cloud_heavy
4432,16,184,11671.6,14589.5,0.923,cloud_heavy
4433,17,184,11406.9,14258.6,0.8912,cloud_heavy
4434,18,184,11638.0,14547.5,0.8504,cloud_heavy
4435,19,184,10968.1,13710.1,0.8033,cloud_heavy
4436,20,184,10232.7,12790.8,0.7533,cloud_heavy
4437,21,184,10278.2,12847.8,0.7032,cloud_heavy
4438,22,184,9308.9,11636.2,0.6556,cloud_heavy
4439,23,184,9157.4,11446.8,0.6123,cloud_heavy
4440,0,185,8657.1,10821.3,0.4829,cloud_heavy
4441,1,185,8109.1,10136.4,0.4978,cloud_heavy
4442,2,185,8792.3,10990.4,0.5177,cloud_heavy
4443,3,185,8696.4,10870.5,0.5431,cloud_heavy
4444,4,185,9208.0,11510.0,0.5747,cloud_heavy
4445,5,185,9124.8,11406.1,0.6123,cloud_heavy
4446,6,185,9840.0,12300.0,0.6556,cloud_heavy
4447,7,185,10037.8,12547.3,0.7032,cloud_heavy
4448,8,185,10799.6,13499.4,0.7533,cloud_heavy
4449,9,185,10698.2,13372.8,0.8033,cloud_heavy
4450,10,185,10754.1,13442.6,0.8504,cloud_heavy
4451,11,185,11195.4,13994.3,0.8912,cloud_heavy
4452,12,185,11026.0,13782.5,0.923,cloud_heavy
4453,13,185,11764.4,14705.5,0.9431,cloud_heavy
4454,14,185,11875.0,14843.7,0.95,cloud_heavy
4455,15,185,12483.7,15604.7,0.9431,cloud_heavy
4456,16,185,11275.0,14093.8,0.923,cloud_heavy
4457,17,185,11188.4,13985.5,0.8912,cloud_heavy
4458,18,185,10817.8,13522.3,0.8504,cloud_heavy
4459,19,185,10764.1,13455.1,0.8033,cloud_heavy
4460,20,185,10482.8,13103.5,0.7533,cloud_heavy
4461,21,185,10015.9,12519.9,0.7032,cloud_heavy
4462,22,185,10033.0,12541.2,0.6556,cloud_heavy
4463,23,185,9255.2,11569.0,0.6123,cloud_heavy
4464,0,186,8825.0,11031.2,0.4829,cloud_heavy
4465,1,186,8810.6,11013.3,0.4978,cloud_heavy
4466,2,186,8799.0,10998.7,0.5177,cloud_heavy
4467,3,186,8886.2,11107.8,0.5431,cloud_heavy
4468,4,186,9848.4,12310.5,0.5747,cloud_heavy
4469,5,186,9198.6,11498.2,0.6123,cloud_heavy
4470,6,186,9803.2,12254.0,0.6556,cloud_heavy
4471,7,186,9806.2,12257.8,0.7032,cloud_heavy
4472,8,186,10919.3,13649.2,0.7533,cloud_heavy
4473,9,186,10980.6,13725.8,0.8033,cloud_heavy
4474,10,186,10783.9,13479.9,0.8504,cloud_heavy
4475,11,186,11452.4,14315.5,0.8912,cloud_heavy
4476,12,186,11578.2,14472.7,0.923,cloud_heavy
4477,13,186,11442.6,14303.3,0.9431,cloud_heavy
4478,14,186,11933.9,14917.4,0.95,cloud_heavy
4479,15,186,11758.5,14698.2,0.9431,cloud_heavy
4480,16,186,11563.7,14454.6,0.923,cloud_heavy
4481,17,186,11264.8,14081.0,0.8912,cloud_heavy
4482,18,186,11150.3,13937.9,0.8504,cloud_heavy
4483,19,186,10769.6,13462.1,0.8033,cloud_heavy
4484,20,186,10382.5,12978.2,0.7533,cloud_heavy
4485,21,186,9839.1,12298.9,0.7032,cloud_heavy
4486,22,186,10210.1,12762.6,0.6556,cloud_heavy
4487,23,186,9132.6,11415.7,0.6123,cloud_heavy
4488,0,187,8615.1,10768.9,0.473,cloud_heavy
4489,1,187,8493.0,10616.3,0.4835,cloud_heavy
4490,2,187,9125.1,11406.3,0.4974,cloud_heavy
4491,3,187,8547.6,10684.5,0.5152,cloud_heavy
4492,4,187,8735.1,10918.9,0.5373,cloud_heavy
4493,5,187,8841.9,11052.4,0.5636,cloud_heavy
4494,6,187,9397.8,11747.3,0.5939,cloud_heavy
4495,7,187,9136.0,11420.0,0.6272,cloud_heavy
4496,8,187,9620.8,12026.0,0.6623,cloud_heavy
4497,9,187,9348.0,11685.0,0.6973,cloud_heavy
4498,10,187,10285.3,12856.6,0.7303,cloud_heavy
4499,11,187,10245.2,12806.6,0.7589,cloud_heavy
4500,12,187,10077.7,12597.1,0.7811,cloud_heavy
4501,13,187,10988.6,13735.7,0.7952,cloud_heavy
4502,14,187,10255.3,12819.1,0.8,cloud_heavy
4503,15,187,10896.4,13620.5,0.7952,cloud_heavy
4504,16,187,10326.7,12908.4,0.7811,cloud_heavy
4505,17,187,10901.1,13626.4,0.7589,cloud_heavy
4506,18,187,10441.2,13051.5,0.7303,cloud_heavy
4507,19,187,9691.1,12113.8,0.6973,cloud_heavy
4508,20,187,9492.4,11865.5,0.6623,cloud_heavy
4509,21,187,9701.5,12126.9,0.6272,cloud_heavy
4510,22,187,9234.2,11542.8,0.5939,cloud_heavy
4511,23,187,9060.6,11325.7,0.5636,cloud_heavy
4512,0,188,8830.7,11038.3,0.473,cloud_heavy
4513,1,188,8382.8,10478.5,0.4835,cloud_heavy
4514,2,188,8691.3,10864.1,0.4974,cloud_heavy
4515,3,188,9037.4,11296.7,0.5152,cloud_heavy
4516,4,188,9148.9,11436.2,0.5373,cloud_heavy
4517,5,188,9063.2,11329.1,0.5636,cloud_heavy
4518,6,188,9226.8,11533.5,0.5939,cloud_heavy
4519,7,188,9031.4,11289.3,0.6272,cloud_heavy
4520,8,188,9451.7,11814.6,0.6623,cloud_heavy
4521,9,188,10088.7,12610.9,0.6973,cloud_heavy
4522,10,188,10169.4,12711.7,0.7303,cloud_heavy
4523,11,188,10424.7,13030.9,0.7589,cloud_heavy
4524,12,188,10877.5,13596.8,0.7811,cloud_heavy
4525,13,188,10262.9,12828.7,0.7952,cloud_heavy
4526,14,188,10598.4,13248.0,0.8,cloud_heavy
4527,15,188,10702.2,13377.8,0.7952,cloud_heavy
4528,16,188,10325.8,12907.2,0.7811,cloud_heavy
4529,17,188,10848.0,13560.0,0.7589,cloud_heavy
4530,18,188,10490.0,13112.4,0.7303,cloud_heavy
4531,19,188,10080.3,12600.3,0.6973,cloud_heavy
4532,20,188,10286.4,12857.9,0.6623,cloud_heavy
4533,21,188,9100.0,11375.0,0.6272,cloud_heavy
4534,22,188,9305.3,11631.7,0.5939,cloud_heavy
4535,23,188,9206.9,11508.7,0.5636,cloud_heavy
4536,0,189,8336.2,10420.3,0.4829,cloud_heavy
4537,1,189,8748.7,10935.9,0.4978,cloud_heavy
4538,2,189,8509.9,10637.4,0.5177,cloud_heavy
4539,3,189,9156.8,11446.0,0.5431,cloud_heavy
4540,4,189,9471.4,11839.3,0.5747,cloud_heavy
4541,5,189,9506.8,11883.5,0.6123,cloud_heavy
4542,6,189,9176.3,11470.3,0.6556,cloud_heavy
4543,7,189,9741.0,12176.3,0.7032,cloud_heavy
4544,8,189,10539.7,13174.7,0.7533,cloud_heavy
4545,9,189,10702.8,13378.6,0.8033,cloud_heavy
4546,10,189,10118.3,12647.9,0.8504,cloud_heavy
4547,11,189,11699.5,14624.4,0.8912,cloud_heavy
4548,12,189,11536.5,14420.6,0.923,cloud_heavy
4549,13,189,11337.2,14171.5,0.9431,cloud_heavy
4550,14,189,12016.8,15021.0,0.95,cloud_heavy
4551,15,189,11386.5,14233.2,0.9431,cloud_heavy
4552,16,189,11252.1,14065.1,0.923,cloud_heavy
4553,17,189,11400.2,14250.3,0.8912,cloud_heavy
4554,18,189,11596.1,14495.1,0.8504,cloud_heavy
4555,19,189,11217.0,14021.3,0.8033,cloud_heavy
4556,20,189,10476.0,13095.0,0.7533,cloud_heavy
4557,21,189,10171.2,12714.0,0.7032,cloud_heavy
4558,22,189,9947.1,12433.8,0.6556,cloud_heavy
4559,23,189,9074.1,11342.7,0.6123,cloud_heavy
4560,0,190,8737.0,10921.3,0.4829,cloud_heavy
4561,1,190,8479.6,10599.5,0.4978,cloud_heavy
4562,2,190,8886.2,11107.8,0.5177,cloud_heavy
4563,3,190,8909.8,11137.2,0.5431,cloud_heavy
4564,4,190,9318.1,11647.7,0.5747,cloud_heavy
4565,5,190,9463.1,11828.9,0.6123,cloud_heavy
4566,6,190,8820.6,11025.7,0.6556,cloud_heavy
4567,7,190,10085.8,12607.3,0.7032,cloud_heavy
4568,8,190,10563.8,13204.8,0.7533,cloud_heavy
4569,9,190,10839.1,13548.9,0.8033,cloud_heavy
4570,10,190,10974.1,13717.6,0.8504,cloud_heavy
4571,11,190,11834.6,14793.3,0.8912,cloud_heavy
4572,12,190,11596.7,14495.8,0.923,cloud_heavy
4573,13,190,11775.4,14719.2,0.9431,cloud_heavy
4574,14,190,12034.1,15042.7,0.95,cloud_heavy
4575,15,190,11749.2,14686.5,0.9431,cloud_heavy
4576,16,190,11179.8,13974.8,0.923,cloud_heavy
4577,17,190,10453.9,13067.4,0.8912,cloud_heavy
4578,18,190,10850.4,13563.0,0.8504,cloud_heavy
4579,19,190,10940.2,13675.3,0.8033,cloud_heavy
4580,20,190,10254.4,12818.0,0.7533,cloud_heavy
4581,21,190,10273.1,12841.4,0.7032,cloud_heavy
4582,22,190,9759.7,12199.6,0.6556,cloud_heavy
4583,23,190,9794.1,12242.6,0.6123,cloud_heavy
4584,0,191,8495.5,10619.3,0.4829,cloud_heavy
4585,1,191,8792.2,10990.2,0.4978,cloud_heavy
4586,2,191,8935.7,11169.7,0.5177,cloud_heavy
4587,3,191,9375.1,11718.9,0.5431,cloud_heavy
4588,4,191,8710.1,10887.6,0.5747,cloud_heavy
4589,5,191,9300.0,11625.1,0.6123,cloud_heavy
4590,6,191,9963.7,12454.6,0.6556,cloud_heavy
4591,7,191,10497.3,13121.6,0.7032,cloud_heavy
4592,8,191,10438.8,13048.5,0.7533,cloud_heavy
4593,9,191,10602.1,13252.6,0.8033,cloud_heavy
4594,10,191,11258.0,14072.5,0.8504,cloud_heavy
4595,11,191,11572.9,14466.1,0.8912,cloud_heavy
4596,12,191,11365.4,14206.7,0.923,cloud_heavy
4597,13,191,11737.9,14672.4,0.9431,cloud_heavy
4598,14,191,12081.7,15102.2,0.95,cloud_heavy
4599,15,191,12281.9,15352.4,0.9431,cloud_heavy
4600,16,191,11745.3,14681.6,0.923,cloud_heavy
4601,17,191,11293.9,14117.4,0.8912,cloud_heavy
4602,18,191,10990.1,13737.6,0.8504,cloud_heavy
4603,19,191,10874.9,13593.6,0.8033,cloud_heavy
4604,20,191,10328.2,12910.2,0.7533,cloud_heavy
4605,21,191,10089.1,12611.3,0.7032,cloud_heavy
4606,22,191,9408.0,11760.0,0.6556,cloud_heavy
4607,23,191,9796.6,12245.8,0.6123,cloud_heavy
4608,0,192,8278.2,10347.8,0.4829,cloud_heavy
4609,1,192,8558.1,10697.7,0.4978,cloud_heavy
4610,2,192,8827.9,11034.9,0.5177,cloud_heavy
4611,3,192,9506.8,11883.5,0.5431,cloud_heavy
4612,4,192,9063.7,11329.6,0.5747,cloud_heavy
4613,5,192,9241.3,11551.6,0.6123,cloud_heavy
4614,6,192,9555.8,11944.7,0.6556,cloud_heavy
4615,7,192,10531.3,13164.1,0.7032,cloud_heavy
4616,8,192,9489.7,11862.2,0.7533,cloud_heavy
4617,9,192,10374.3,12967.8,0.8033,cloud_heavy
4618,10,192,11909.9,14887.4,0.8504,cloud_heavy
4619,11,192,11478.9,14348.6,0.8912,cloud_heavy
4620,12,192,11108.1,13885.2,0.923,cloud_heavy
4621,13,192,11608.2,14510.2,0.9431,cloud_heavy
4622,14,192,11692.1,14615.1,0.95,cloud_heavy
4623,15,192,11917.8,14897.3,0.9431,cloud_heavy
4624,16,192,12123.4,15154.2,0.923,cloud_heavy
4625,17,192,11410.5,14263.1,0.8912,cloud_heavy
4626,18,192,10829.7,13537.1,0.8504,cloud_heavy
4627,19,192,10948.6,13685.7,0.8033,cloud_heavy
4628,20,192,10147.0,12683.8,0.7533,cloud_heavy
4629,21,192,9721.0,12151.3,0.7032,cloud_heavy
4630,22,192,9203.3,11504.2,0.6556,cloud_heavy
4631,23,192,8987.0,11233.7,0.6123,cloud_heavy
4632,0,193,8340.9,10426.1,0.4829,cloud_heavy
4633,1,193,8364.2,10455.2,0.4978,cloud_heavy
4634,2,193,8884.9,11106.1,0.5177,cloud_heavy
4635,3,193,8648.2,10810.2,0.5431,cloud_heavy
4636,4,193,8314.3,10392.9,0.5747,cloud_heavy
4637,5,193,9134.4,11418.0,0.6123,cloud_heavy
4638,6,193,9578.8,11973.5,0.6556,cloud_heavy
4639,7,193,9849.8,12312.2,0.7032,cloud_heavy
4640,8,193,10836.6,13545.8,0.7533,cloud_heavy
4641,9,193,10499.2,13124.0,0.8033,cloud_heavy
4642,10,193,11298.9,14123.6,0.8504,cloud_heavy
4643,11,193,11272.6,14090.7,0.8912,cloud_heavy
4644,12,193,11474.8,14343.5,0.923,cloud_heavy
4645,13,193,11331.5,14164.4,0.9431,cloud_heavy
4646,14,193,11647.9,14559.9,0.95,cloud_heavy
4647,15,193,11356.0,14195.0,0.9431,cloud_heavy
4648,16,193,11548.0,14434.9,0.923,cloud_heavy
4649,17,193,11199.0,13998.8,0.8912,cloud_heavy
4650,18,193,10696.0,13370.0,0.8504,cloud_heavy
4651,19,193,11014.3,13767.9,0.8033,cloud_heavy
4652,20,193,10496.9,13121.1,0.7533,cloud_heavy
4653,21,193,9897.2,12371.4,0.7032,cloud_heavy
4654,22,193,9758.7,12198.4,0.6556,cloud_heavy
4655,23,193,9406.0,11757.5,0.6123,cloud_heavy
4656,0,194,8284.6,10355.8,0.473,cloud_heavy
4657,1,194,8593.6,10741.9,0.4835,cloud_heavy
4658,2,194,8506.1,10632.6,0.4974,cloud_heavy
4659,3,194,8536.7,10670.9,0.5152,cloud_heavy
4660,4,194,8497.3,10621.6,0.5373,cloud_heavy
4661,5,194,9008.9,11261.1,0.5636,cloud_heavy
4662,6,194,9465.8,11832.2,0.5939,cloud_heavy
4663,7,194,9329.9,11662.4,0.6272,cloud_heavy
4664,8,194,10499.1,13123.9,0.6623,cloud_heavy
4665,9,194,10258.8,12823.5,0.6973,cloud_heavy
4666,10,194,10611.2,13264.0,0.7303,cloud_heavy
4667,11,194,10649.5,13311.9,0.7589,cloud_heavy
4668,12,194,11135.0,13918.7,0.7811,cloud_heavy
4669,13,194,10390.7,12988.4,0.7952,cloud_heavy
4670,14,194,9854.0,12317.5,0.8,cloud_heavy
4671,15,194,10499.6,13124.5,0.7952,cloud_heavy
4672,16,194,10725.3,13406.6,0.7811,cloud_heavy
4673,17,194,10448.6,13060.8,0.7589,cloud_heavy
4674,18,194,10296.0,12870.0,0.7303,cloud_heavy
4675,19,194,10389.3,12986.6,0.6973,cloud_heavy
4676,20,194,9872.8,12341.0,0.6623,cloud_heavy
4677,21,194,9756.8,12196.0,0.6272,cloud_heavy
4678,22,194,9045.1,11306.4,0.5939,cloud_heavy
4679,23,194,8807.6,11009.5,0.5636,cloud_heavy
4680,0,195,8917.9,11147.4,0.473,cloud_heavy
4681,1,195,8601.4,10751.7,0.4835,cloud_heavy
4682,2,195,8505.5,10631.9,0.4974,cloud_heavy
4683,3,195,8622.0,10777.4,0.5152,cloud_heavy
4684,4,195,8758.2,10947.7,0.5373,cloud_heavy
4685,5,195,8913.2,11141.5,0.5636,cloud_heavy
4686,6,195,8949.2,11186.5,0.5939,cloud_heavy
4687,7,195,9099.6,11374.4,0.6272,cloud_heavy
4688,8,195,9703.9,12129.8,0.6623,cloud_heavy
4689,9,195,9815.5,12269.4,0.6973,cloud_heavy
4690,10,195,10550.8,13188.5,0.7303,cloud_heavy
4691,11,195,10492.8,13116.0,0.7589,cloud_heavy
4692,12,195,10632.6,13290.7,0.7811,cloud_heavy
4693,13,195,10404.7,13005.9,0.7952,cloud_heavy
4694,14,195,10635.2,13294.1,0.8,cloud_heavy
4695,15,195,10757.2,13446.6,0.7952,cloud_heavy
4696,16,195,10775.2,13469.1,0.7811,cloud_heavy
4697,17,195,10372.0,12965.0,0.7589,cloud_heavy
4698,18,195,10542.2,13177.7,0.7303,cloud_heavy
4699,19,195,9995.7,12494.6,0.6973,cloud_heavy
4700,20,195,9993.1,12491.4,0.6623,cloud_heavy
4701,21,195,9388.4,11735.5,0.6272,cloud_heavy
4702,22,195,8801.4,11001.7,0.5939,cloud_heavy
4703,23,195,9180.2,11475.2,0.5636,cloud_heavy
4704,0,196,8757.9,10947.4,0.4829,cloud_heavy
4705,1,196,8820.2,11025.2,0.4978,cloud_heavy
4706,2,196,8913.6,11142.0,0.5177,cloud_heavy
4707,3,196,8877.2,11096.5,0.5431,cloud_heavy
4708,4,196,8957.9,11197.4,0.5747,cloud_heavy
4709,5,196,9585.8,11982.3,0.6123,cloud_heavy
4710,6,196,9840.6,12300.8,0.6556,cloud_heavy
4711,7,196,9863.2,12329.0,0.7032,cloud_heavy
4712,8,196,10709.1,13386.4,0.7533,cloud_heavy
4713,9,196,10412.7,13015.9,0.8033,cloud_heavy
4714,10,196,10815.2,13519.1,0.8504,cloud_heavy
4715,11,196,11832.7,14790.9,0.8912,cloud_heavy
4716,12,196,11788.7,14735.9,0.923,cloud_heavy
4717,13,196,11497.9,14372.4,0.9431,cloud_heavy
4718,14,196,11769.1,14711.4,0.95,cloud_heavy
4719,15,196,11676.8,14595.9,0.9431,cloud_heavy
4720,16,196,10543.0,13178.7,0.923,cloud_heavy
4721,17,196,10972.3,13715.3,0.8912,cloud_heavy
4722,18,196,10991.2,13738.9,0.8504,cloud_heavy
4723,19,196,10581.6,13227.0,0.8033,cloud_heavy
4724,20,196,10441.0,13051.2,0.7533,cloud_heavy
4725,21,196,10371.9,12964.9,0.7032,cloud_heavy
4726,22,196,9622.6,12028.3,0.6556,cloud_heavy
4727,23,196,9130.5,11413.2,0.6123,cloud_heavy
4728,0,197,8654.9,10818.7,0.4829,cloud_heavy
4729,1,197,8585.6,10732.0,0.4978,cloud_heavy
4730,2,197,8760.9,10951.2,0.5177,cloud_heavy
4731,3,197,8892.5,11115.6,0.5431,cloud_heavy
4732,4,197,9797.5,12246.9,0.5747,cloud_heavy
4733,5,197,8795.8,10994.8,0.6123,cloud_heavy
4734,6,197,9603.1,12003.9,0.6556,cloud_heavy
4735,7,197,10030.9,12538.6,0.7032,cloud_heavy
4736,8,197,10121.3,12651.6,0.7533,cloud_heavy
4737,9,197,10984.8,13731.0,0.8033,cloud_heavy
4738,10,197,11276.5,14095.6,0.8504,cloud_heavy
4739,11,197,11262.8,14078.5,0.8912,cloud_heavy
4740,12,197,11396.1,14245.1,0.923,cloud_heavy
4741,13,197,11583.7,14479.7,0.9431,cloud_heavy
4742,14,197,11631.8,14539.8,0.95,cloud_heavy
4743,15,197,11595.4,14494.3,0.9431,cloud_heavy
4744,16,197,11424.6,14280.7,0.923,cloud_heavy
4745,17,197,11364.4,14205.5,0.8912,cloud_heavy
4746,18,197,11256.7,14070.9,0.8504,cloud_heavy
4747,19,197,10301.3,12876.6,0.8033,cloud_heavy
4748,20,197,10037.5,12546.8,0.7533,cloud_heavy
4749,21,197,9505.8,11882.2,0.7032,cloud_heavy
4750,22,197,9968.9,12461.1,0.6556,cloud_heavy
4751,23,197,9500.5,11875.7,0.6123,cloud_heavy
4752,0,198,8701.3,10876.6,0.4829,cloud_heavy
4753,1,198,8298.7,10373.4,0.4978,cloud_heavy
4754,2,198,9273.5,11591.8,0.5177,cloud_heavy
4755,3,198,8807.1,11008.9,0.5431,cloud_heavy
4756,4,198,9226.4,11533.0,0.5747,cloud_heavy
4757,5,198,9671.4,12089.3,0.6123,cloud_heavy
4758,6,198,9428.6,11785.8,0.6556,cloud_heavy
4759,7,198,9867.6,12334.5,0.7032,cloud_heavy
4760,8,198,10419.9,13024.8,0.7533,cloud_heavy
4761,9,198,11612.9,14516.2,0.8033,cloud_heavy
4762,10,198,11107.4,13884.2,0.8504,cloud_heavy
4763,11,198,11822.5,14778.2,0.8912,cloud_heavy
4764,12,198,11904.9,14881.2,0.923,cloud_heavy
4765,13,198,11751.1,14688.9,0.9431,cloud_heavy
4766,14,198,11322.2,14152.8,0.95,cloud_heavy
4767,15,198,11992.3,14990.4,0.9431,cloud_heavy
4768,16,198,10973.0,13716.2,0.923,cloud_heavy
4769,17,198,11820.7,14775.8,0.8912,cloud_heavy
4770,18,198,11074.0,13842.5,0.8504,cloud_heavy
4771,19,198,9845.6,12307.0,0.8033,cloud_heavy
4772,20,198,10258.3,12822.8,0.7533,cloud_heavy
4773,21,198,10228.8,12786.0,0.7032,cloud_heavy
4774,22,198,9647.2,12059.1,0.6556,cloud_heavy
4775,23,198,9632.0,12040.0,0.6123,cloud_heavy
4776,0,199,8352.8,10441.0,0.4829,cloud_heavy
4777,1,199,8330.8,10413.5,0.4978,cloud_heavy
4778,2,199,8783.3,10979.1,0.5177,cloud_heavy
4779,3,199,8979.5,11224.4,0.5431,cloud_heavy
4780,4,199,9084.2,11355.2,0.5747,cloud_heavy
4781,5,199,9776.9,12221.1,0.6123,cloud_heavy
4782,6,199,9468.5,11835.6,0.6556,cloud_heavy
4783,7,199,10126.3,12657.8,0.7032,cloud_heavy
4784,8,199,10385.3,12981.6,0.7533,cloud_heavy
4785,9,199,10196.5,12745.6,0.8033,cloud_heavy
4786,10,199,10572.4,13215.4,0.8504,cloud_heavy
4787,11,199,11283.0,14103.8,0.8912,cloud_heavy
4788,12,199,12172.2,15215.3,0.923,cloud_heavy
4789,13,199,11824.8,14780.9,0.9431,cloud_heavy
4790,14,199,11064.4,13830.5,0.95,cloud_heavy
4791,15,199,10538.2,13172.8,0.9431,cloud_heavy
4792,16,199,11742.0,14677.5,0.923,cloud_heavy
4793,17,199,11246.4,14058.0,0.8912,cloud_heavy
4794,18,199,11384.8,14231.0,0.8504,cloud_heavy
4795,19,199,10413.4,13016.8,0.8033,cloud_heavy
4796,20,199,10473.0,13091.3,0.7533,cloud_heavy
4797,21,199,10286.7,12858.3,0.7032,cloud_heavy
4798,22,199,9585.9,11982.4,0.6556,cloud_heavy
4799,23,199,9309.2,11636.5,0.6123,cloud_heavy
4800,0,200,8577.9,10722.4,0.4829,cloud_heavy
4801,1,200,8811.7,11014.6,0.4978,cloud_heavy
4802,2,200,8798.4,10997.9,0.5177,cloud_heavy
4803,3,200,9233.1,11541.4,0.5431,cloud_heavy
4804,4,200,9052.9,11316.1,0.5747,cloud_heavy
4805,5,200,9053.9,11317.4,0.6123,cloud_heavy
4806,6,200,10292.6,12865.8,0.6556,cloud_heavy
4807,7,200,9850.0,12312.5,0.7032,cloud_heavy
4808,8,200,10187.4,12734.3,0.7533,cloud_heavy
4809,9,200,10674.9,13343.7,0.8033,cloud_heavy
4810,10,200,11030.1,13787.7,0.8504,cloud_heavy
4811,11,200,11148.1,13935.2,0.8912,cloud_heavy
4812,12,200,11483.3,14354.2,0.923,cloud_heavy
4813,13,200,11608.9,14511.1,0.9431,cloud_heavy
4814,14,200,11729.7,14662.1,0.95,cloud_heavy
4815,15,200,10800.8,13501.0,0.9431,cloud_heavy
4816,16,200,12137.7,15172.1,0.923,cloud_heavy
4817,17,200,11229.1,14036.4,0.8912,cloud_heavy
4818,18,200,11199.7,13999.6,0.8504,cloud_heavy
4819,19,200,10253.8,12817.3,0.8033,cloud_heavy
4820,20,200,10217.7,12772.1,0.7533,cloud_heavy
4821,21,200,9829.7,12287.1,0.7032,cloud_heavy
4822,22,200,10144.7,12680.9,0.6556,cloud_heavy
4823,23,200,9264.0,11580.0,0.6123,cloud_heavy
4824,0,201,8699.5,10874.3,0.473,cloud_heavy
4825,1,201,8408.1,10510.1,0.4835,cloud_heavy
4826,2,201,8549.9,10687.3,0.4974,cloud_heavy
4827,3,201,8721.0,10901.3,0.5152,cloud_heavy
4828,4,201,9276.1,11595.2,0.5373,cloud_heavy
4829,5,201,8590.5,10738.2,0.5636,cloud_heavy
4830,6,201,8940.1,11175.2,0.5939,cloud_heavy
4831,7,201,8971.8,11214.8,0.6272,cloud_heavy
4832,8,201,9442.5,11803.1,0.6623,cloud_heavy
4833,9,201,9750.0,12187.5,0.6973,cloud_heavy
4834,10,201,9717.0,12146.3,0.7303,cloud_heavy
4835,11,201,10172.3,12715.3,0.7589,cloud_heavy
4836,12,201,9911.0,12388.8,0.7811,cloud_heavy
4837,13,201,10317.0,12896.2,0.7952,cloud_heavy
4838,14,201,11058.4,13823.0,0.8,cloud_heavy
4839,15,201,10770.8,13463.6,0.7952,cloud_heavy
4840,16,201,10607.9,13259.9,0.7811,cloud_heavy
4841,17,201,10088.4,12610.5,0.7589,cloud_heavy
4842,18,201,9741.0,12176.3,0.7303,cloud_heavy
4843,19,201,9651.8,12064.7,0.6973,cloud_heavy
4844,20,201,9748.3,12185.4,0.6623,cloud_heavy
4845,21,201,9776.6,12220.8,0.6272,cloud_heavy
4846,22,201,9559.4,11949.3,0.5939,cloud_heavy
4847,23,201,9279.1,11598.9,0.5636,cloud_heavy
4848,0,202,8317.8,10397.3,0.473,cloud_heavy
4849,1,202,8581.7,10727.2,0.4835,cloud_heavy
4850,2,202,8584.0,10730.0,0.4974,cloud_heavy
4851,3,202,8732.7,10915.9,0.5152,cloud_heavy
4852,4,202,9478.0,11847.5,0.5373,cloud_heavy
4853,5,202,8625.5,10781.8,0.5636,cloud_heavy
4854,6,202,9242.0,11552.4,0.5939,cloud_heavy
4855,7,202,9874.8,12343.5,0.6272,cloud_heavy
4856,8,202,9331.7,11664.6,0.6623,cloud_heavy
4857,9,202,9800.3,12250.4,0.6973,cloud_heavy
4858,10,202,10049.5,12561.9,0.7303,cloud_heavy
4859,11,202,10331.7,12914.6,0.7589,cloud_heavy
4860,12,202,10043.5,12554.4,0.7811,cloud_heavy
4861,13,202,10832.0,13540.1,0.7952,cloud_heavy
4862,14,202,10887.4,13609.2,0.8,cloud_heavy
4863,15,202,10804.3,13505.4,0.7952,cloud_heavy
4864,16,202,10273.2,12841.5,0.7811,cloud_heavy
4865,17,202,10428.3,13035.4,0.7589,cloud_heavy
4866,18,202,9936.1,12420.1,0.7303,cloud_heavy
4867,19,202,9893.6,12367.0,0.6973,cloud_heavy
4868,20,202,10391.6,12989.4,0.6623,cloud_heavy
4869,21,202,9555.8,11944.8,0.6272,cloud_heavy
4870,22,202,8975.9,11219.9,0.5939,cloud_heavy
4871,23,202,9156.1,11445.2,0.5636,cloud_heavy
4872,0,203,8223.8,10279.7,0.4829,cloud_heavy
4873,1,203,8358.6,10448.3,0.4978,cloud_heavy
4874,2,203,8527.2,10659.0,0.5177,cloud_heavy
4875,3,203,8851.4,11064.3,0.5431,cloud_heavy
4876,4,203,9438.1,11797.7,0.5747,cloud_heavy
4877,5,203,9593.3,11991.7,0.6123,cloud_heavy
4878,6,203,9868.8,12336.0,0.6556,cloud_heavy
4879,7,203,9701.3,12126.6,0.7032,cloud_heavy
4880,8,203,10195.8,12744.8,0.7533,cloud_heavy
4881,9,203,10783.3,13479.1,0.8033,cloud_heavy
4882,10,203,10800.4,13500.6,0.8504,cloud_heavy
4883,11,203,11184.8,13981.0,0.8912,cloud_heavy
4884,12,203,11641.5,14551.9,0.923,cloud_heavy
4885,13,203,11501.2,14376.5,0.9431,cloud_heavy
4886,14,203,11747.6,14684.5,0.95,cloud_heavy
4887,15,203,12178.1,15222.7,0.9431,cloud_heavy
4888,16,203,11430.1,14287.6,0.923,cloud_heavy
4889,17,203,11678.0,14597.5,0.8912,cloud_heavy
4890,18,203,11192.7,13990.8,0.8504,cloud_heavy
4891,19,203,10225.2,12781.5,0.8033,cloud_heavy
4892,20,203,10021.5,12526.8,0.7533,cloud_heavy
4893,21,203,9781.1,12226.4,0.7032,cloud_heavy
4894,22,203,9467.2,11834.0,0.6556,cloud_heavy
4895,23,203,9404.2,11755.2,0.6123,cloud_heavy
4896,0,204,8729.4,10911.8,0.4829,cloud_heavy
4897,1,204,8997.0,11246.3,0.4978,cloud_heavy
4898,2,204,8883.5,11104.4,0.5177,cloud_heavy
4899,3,204,8851.0,11063.8,0.5431,cloud_heavy
4900,4,204,8606.6,10758.3,0.5747,cloud_heavy
4901,5,204,9449.7,11812.1,0.6123,cloud_heavy
4902,6,204,9723.8,12154.8,0.6556,cloud_heavy
4903,7,204,10087.1,12608.8,0.7032,cloud_heavy
4904,8,204,11019.0,13773.8,0.7533,cloud_heavy
4905,9,204,11094.1,13867.7,0.8033,cloud_heavy
4906,10,204,11267.2,14084.0,0.8504,cloud_heavy
4907,11,204,10953.4,13691.8,0.8912,cloud_heavy
4908,12,204,11312.5,14140.7,0.923,cloud_heavy
4909,13,204,11589.7,14487.1,0.9431,cloud_heavy
4910,14,204,11397.1,14246.3,0.95,cloud_heavy
4911,15,204,11797.3,14746.6,0.9431,cloud_heavy
4912,16,204,11612.4,14515.5,0.923,cloud_heavy
4913,17,204,10910.7,13638.4,0.8912,cloud_heavy
4914,18,204,11403.2,14254.0,0.8504,cloud_heavy
4915,19,204,10728.9,13411.1,0.8033,cloud_heavy
4916,20,204,9826.5,12283.2,0.7533,cloud_heavy
4917,21,204,10016.6,12520.7,0.7032,cloud_heavy
4918,22,204,9798.3,12247.9,0.6556,cloud_heavy
4919,23,204,9704.9,12131.1,0.6123,cloud_heavy
4920,0,205,8484.6,10605.8,0.4829,cloud_heavy
4921,1,205,8885.9,11107.4,0.4978,cloud_heavy
4922,2,205,8851.6,11064.4,0.5177,cloud_heavy
4923,3,205,8617.1,10771.3,0.5431,cloud_heavy
4924,4,205,8790.4,10988.0,0.5747,cloud_heavy
4925,5,205,9747.3,12184.1,0.6123,cloud_heavy
4926,6,205,10065.0,12581.2,0.6556,cloud_heavy
4927,7,205,10129.2,12661.5,0.7032,cloud_heavy
4928,8,205,10829.2,13536.5,0.7533,cloud_heavy
4929,9,205,11035.1,13793.9,0.8033,cloud_heavy
4930,10,205,11233.7,14042.1,0.8504,cloud_heavy
4931,11,205,10970.6,13713.3,0.8912,cloud_heavy
4932,12,205,12086.1,15107.7,0.923,cloud_heavy
4933,13,205,11809.8,14762.2,0.9431,cloud_heavy
4934,14,205,11533.4,14416.8,0.95,cloud_heavy
4935,15,205,11389.8,14237.2,0.9431,cloud_heavy
4936,16,205,11577.9,14472.3,0.923,cloud_heavy
4937,17,205,10713.5,13391.9,0.8912,cloud_heavy
4938,18,205,11239.0,14048.8,0.8504,cloud_heavy
4939,19,205,10390.1,12987.6,0.8033,cloud_heavy
4940,20,205,10479.4,13099.2,0.7533,cloud_heavy
4941,21,205,9875.0,12343.8,0.7032,cloud_heavy
4942,22,205,9639.3,12049.1,0.6556,cloud_heavy
4943,23,205,9215.6,11519.5,0.6123,cloud_heavy
4944,0,206,8529.9,10662.4,0.4829,cloud_heavy
4945,1,206,9162.0,11452.5,0.4978,cloud_heavy
4946,2,206,9167.9,11459.9,0.5177,cloud_heavy
4947,3,206,9066.4,11333.0,0.5431,cloud_heavy
4948,4,206,9173.1,11466.4,0.5747,cloud_heavy
4949,5,206,9668.5,12085.7,0.6123,cloud_heavy
4950,6,206,10045.7,12557.1,0.6556,cloud_heavy
4951,7,206,9782.3,12227.8,0.7032,cloud_heavy
4952,8,206,10340.1,12925.1,0.7533,cloud_heavy
4953,9,206,10111.4,12639.3,0.8033,cloud_heavy
4954,10,206,11378.8,14223.5,0.8504,cloud_heavy
4955,11,206,11977.7,14972.1,0.8912,cloud_heavy
4956,12,206,11517.0,14396.2,0.923,cloud_heavy
4957,13,206,10881.8,13602.3,0.9431,cloud_heavy
4958,14,206,11881.6,14852.1,0.95,cloud_heavy
4959,15,206,11307.5,14134.4,0.9431,cloud_heavy
4960,16,206,11260.7,14075.9,0.923,cloud_heavy
4961,17,206,11491.0,14363.7,0.8912,cloud_heavy
4962,18,206,11092.0,13865.0,0.8504,cloud_heavy
4963,19,206,10539.4,13174.3,0.8033,cloud_heavy
4964,20,206,10162.2,12702.7,0.7533,cloud_heavy
4965,21,206,10069.9,12587.3,0.7032,cloud_heavy
4966,22,206,9597.0,11996.2,0.6556,cloud_heavy
4967,23,206,9115.9,11394.9,0.6123,cloud_heavy
4968,0,207,8485.9,10607.3,0.4829,cloud_heavy
4969,1,207,8758.9,10948.6,0.4978,cloud_heavy
4970,2,207,8755.1,10943.9,0.5177,cloud_heavy
4971,3,207,8590.6,10738.2,0.5431,cloud_heavy
4972,4,207,9452.5,11815.6,0.5747,cloud_heavy
4973,5,207,8654.9,10818.7,0.6123,cloud_heavy
4974,6,207,9586.2,11982.8,0.6556,cloud_heavy
4975,7,207,9845.3,12306.7,0.7032,cloud_heavy
4976,8,207,10410.2,13012.8,0.7533,cloud_heavy
4977,9,207,10876.3,13595.3,0.8033,cloud_heavy
4978,10,207,11380.0,14225.1,0.8504,cloud_heavy
4979,11,207,11037.9,13797.4,0.8912,cloud_heavy
4980,12,207,11691.5,14614.4,0.923,cloud_heavy
4981,13,207,11691.1,14613.8,0.9431,cloud_heavy
4982,14,207,11069.4,13836.7,0.95,cloud_heavy
4983,15,207,12285.5,15356.8,0.9431,cloud_heavy
4984,16,207,10993.4,13741.8,0.923,cloud_heavy
4985,17,207,11420.9,14276.2,0.8912,cloud_heavy
4986,18,207,11136.7,13920.9,0.8504,cloud_heavy
4987,19,207,10784.5,13480.6,0.8033,cloud_heavy
4988,20,207,10210.4,12763.0,0.7533,cloud_heavy
4989,21,207,10281.0,12851.2,0.7032,cloud_heavy
4990,22,207,9261.5,11576.9,0.6556,cloud_heavy
4991,23,207,9411.1,11763.9,0.6123,cloud_heavy
4992,0,208,8362.1,10452.7,0.473,cloud_heavy
4993,1,208,8401.2,10501.5,0.4835,cloud_heavy
4994,2,208,8779.0,10973.8,0.4974,cloud_heavy
4995,3,208,9069.7,11337.2,0.5152,cloud_heavy
4996,4,208,8840.1,11050.2,0.5373,cloud_heavy
4997,5,208,9320.1,11650.2,0.5636,cloud_heavy
4998,6,208,9321.4,11651.7,0.5939,cloud_heavy
4999,7,208,9273.3,11591.6,0.6272,cloud_heavy
5000,8,208,9685.4,12106.8,0.6623,cloud_heavy
5001,9,208,9903.5,12379.4,0.6973,cloud_heavy
5002,10,208,9998.2,12497.7,0.7303,cloud_heavy
5003,11,208,10535.0,13168.8,0.7589,cloud_heavy
5004,12,208,10622.9,13278.6,0.7811,cloud_heavy
5005,13,208,10134.2,12667.7,0.7952,cloud_heavy
5006,14,208,10145.1,12681.4,0.8,cloud_heavy
5007,15,208,10777.6,13472.0,0.7952,cloud_heavy
5008,16,208,10290.6,12863.2,0.7811,cloud_heavy
5009,17,208,10495.6,13119.5,0.7589,cloud_heavy
5010,18,208,10450.8,13063.6,0.7303,cloud_heavy
5011,19,208,9612.2,12015.3,0.6973,cloud_heavy
5012,20,208,9347.6,11684.5,0.6623,cloud_heavy
5013,21,208,10007.1,12508.9,0.6272,cloud_heavy
5014,22,208,9405.7,11757.1,0.5939,cloud_heavy
5015,23,208,8992.3,11240.4,0.5636,cloud_heavy
5016,0,209,8267.7,10334.6,0.473,cloud_heavy
5017,1,209,8444.1,10555.1,0.4835,cloud_heavy
5018,2,209,8358.0,10447.5,0.4974,cloud_heavy
5019,3,209,9018.6,11273.2,0.5152,cloud_heavy
5020,4,209,8724.0,10905.0,0.5373,cloud_heavy
5021,5,209,9405.6,11757.0,0.5636,cloud_heavy
5022,6,209,9195.6,11494.5,0.5939,cloud_heavy
5023,7,209,9230.2,11537.8,0.6272,cloud_heavy
5024,8,209,9636.1,12045.2,0.6623,cloud_heavy
5025,9,209,9206.6,11508.2,0.6973,cloud_heavy
5026,10,209,10174.6,12718.3,0.7303,cloud_heavy
5027,11,209,10348.3,12935.3,0.7589,cloud_heavy
5028,12,209,10809.6,13512.0,0.7811,cloud_heavy
5029,13,209,10039.8,12549.7,0.7952,cloud_heavy
5030,14,209,11046.1,13807.6,0.8,cloud_heavy
5031,15,209,10904.0,13630.0,0.7952,cloud_heavy
5032,16,209,10944.8,13681.0,0.7811,cloud_heavy
5033,17,209,10384.9,12981.1,0.7589,cloud_heavy
5034,18,209,10522.2,13152.8,0.7303,cloud_heavy
5035,19,209,9552.2,11940.3,0.6973,cloud_heavy
5036,20,209,9969.8,12462.2,0.6623,cloud_heavy
5037,21,209,9308.0,11635.0,0.6272,cloud_heavy
5038,22,209,8846.4,11058.0,0.5939,cloud_heavy
5039,23,209,8799.7,10999.7,0.5636,cloud_heavy
5040,0,210,8572.8,10716.0,0.4829,cloud_heavy
5041,1,210,8456.1,10570.1,0.4978,cloud_heavy
5042,2,210,8901.4,11126.8,0.5177,cloud_heavy
5043,3,210,8484.3,10605.4,0.5431,cloud_heavy
5044,4,210,8594.3,10742.9,0.5747,cloud_heavy
5045,5,210,9818.0,12272.4,0.6123,cloud_heavy
5046,6,210,9979.8,12474.7,0.6556,cloud_heavy
5047,7,210,9716.2,12145.3,0.7032,cloud_heavy
5048,8,210,10363.2,12954.0,0.7533,cloud_heavy
5049,9,210,11023.2,13779.0,0.8033,cloud_heavy
5050,10,210,11146.4,13933.0,0.8504,cloud_heavy
5051,11,210,11329.1,14161.4,0.8912,cloud_heavy
5052,12,210,11866.8,14833.5,0.923,cloud_heavy
5053,13,210,11368.0,14210.0,0.9431,cloud_heavy
5054,14,210,11679.4,14599.3,0.95,cloud_heavy
5055,15,210,11616.6,14520.7,0.9431,cloud_heavy
5056,16,210,11395.3,14244.2,0.923,cloud_heavy
5057,17,210,11147.1,13933.8,0.8912,cloud_heavy
5058,18,210,11032.0,13790.0,0.8504,cloud_heavy
5059,19,210,10707.1,13383.8,0.8033,cloud_heavy
5060,20,210,10038.2,12547.7,0.7533,cloud_heavy
5061,21,210,10273.3,12841.6,0.7032,cloud_heavy
5062,22,210,9431.7,11789.7,0.6556,cloud_heavy
5063,23,210,9368.0,11710.0,0.6123,cloud_heavy
5064,0,211,8495.5,10619.3,0.4829,cloud_heavy
5065,1,211,8763.7,10954.6,0.4978,cloud_heavy
5066,2,211,8242.6,10303.2,0.5177,cloud_heavy
5067,3,211,9210.8,11513.4,0.5431,cloud_heavy
5068,4,211,8993.7,11242.1,0.5747,cloud_heavy
5069,5,211,9774.8,12218.6,0.6123,cloud_heavy
5070,6,211,9577.0,11971.2,0.6556,cloud_heavy
5071,7,211,10017.3,12521.6,0.7032,cloud_heavy
5072,8,211,10959.2,13699.0,0.7533,cloud_heavy
5073,9,211,10607.0,13258.8,0.8033,cloud_heavy
5074,10,211,11417.1,14271.3,0.8504,cloud_heavy
5075,11,211,11292.2,14115.2,0.8912,cloud_heavy
5076,12,211,11632.5,14540.7,0.923,cloud_heavy
5077,13,211,11647.2,14559.0,0.9431,cloud_heavy
5078,14,211,11965.3,14956.6,0.95,cloud_heavy
5079,15,211,11383.7,14229.7,0.9431,cloud_heavy
5080,16,211,11150.2,13937.7,0.923,cloud_heavy
5081,17,211,11062.9,13828.6,0.8912,cloud_heavy
5082,18,211,11040.9,13801.1,0.8504,cloud_heavy
5083,19,211,10625.2,13281.5,0.8033,cloud_heavy
5084,20,211,10585.0,13231.2,0.7533,cloud_heavy
5085,21,211,10424.7,13030.8,0.7032,cloud_heavy
5086,22,211,9431.9,11789.9,0.6556,cloud_heavy
5087,23,211,9222.1,11527.6,0.6123,cloud_heavy
5088,0,212,8202.1,10252.6,0.4829,cloud_heavy
5089,1,212,9198.7,11498.3,0.4978,cloud_heavy
5090,2,212,8882.6,11103.2,0.5177,cloud_heavy
5091,3,212,9100.1,11375.1,0.5431,cloud_heavy
5092,4,212,8811.0,11013.8,0.5747,cloud_heavy
5093,5,212,9429.4,11786.7,0.6123,cloud_heavy
5094,6,212,9864.8,12331.0,0.6556,cloud_heavy
5095,7,212,9955.9,12444.9,0.7032,cloud_heavy
5096,8,212,10698.6,13373.3,0.7533,cloud_heavy
5097,9,212,11437.9,14297.3,0.8033,cloud_heavy
5098,10,212,10695.2,13369.0,0.8504,cloud_heavy
5099,11,212,10933.1,13666.4,0.8912,cloud_heavy
5100,12,212,11186.8,13983.5,0.923,cloud_heavy
5101,13,212,12182.8,15228.5,0.9431,cloud_heavy
5102,14,212,12033.4,15041.7,0.95,cloud_heavy
5103,15,212,11575.5,14469.4,0.9431,cloud_heavy
5104,16,212,11502.0,14377.4,0.923,cloud_heavy
5105,17,212,11002.7,13753.4,0.8912,cloud_heavy
5106,18,212,11301.9,14127.3,0.8504,cloud_heavy
5107,19,212,10574.1,13217.7,0.8033,cloud_heavy
5108,20,212,10283.3,12854.1,0.7533,cloud_heavy
5109,21,212,10215.2,12769.0,0.7032,cloud_heavy
5110,22,212,9661.5,12076.9,0.6556,cloud_heavy
5111,23,212,9363.3,11704.1,0.6123,cloud_heavy
5112,0,213,8574.1,10717.6,0.4829,cloud_heavy
5113,1,213,8877.4,11096.8,0.4978,cloud_heavy
5114,2,213,9236.9,11546.1,0.5177,cloud_heavy
5115,3,213,9128.6,11410.7,0.5431,cloud_heavy
5116,4,213,9401.3,11751.7,0.5747,cloud_heavy
5117,5,213,9373.2,11716.5,0.6123,cloud_heavy
5118,6,213,9510.0,11887.5,0.6556,cloud_heavy
5119,7,213,10228.8,12786.0,0.7032,cloud_heavy
5120,8,213,10417.4,13021.7,0.7533,cloud_heavy
5121,9,213,10239.5,12799.4,0.8033,cloud_heavy
5122,10,213,10899.6,13624.5,0.8504,cloud_heavy
5123,11,213,11250.9,14063.7,0.8912,cloud_heavy
5124,12,213,11313.4,14141.8,0.923,cloud_heavy
5125,13,213,12139.4,15174.3,0.9431,cloud_heavy
5126,14,213,11836.5,14795.6,0.95,cloud_heavy
5127,15,213,12101.6,15127.0,0.9431,cloud_heavy
5128,16,213,11580.2,14475.2,0.923,cloud_heavy
5129,17,213,11306.5,14133.1,0.8912,cloud_heavy
5130,18,213,10698.6,13373.3,0.8504,cloud_heavy
5131,19,213,10699.9,13374.8,0.8033,cloud_heavy
5132,20,213,10368.2,12960.3,0.7533,cloud_heavy
5133,21,213,9620.6,12025.7,0.7032,cloud_heavy
5134,22,213,9559.1,11948.8,0.6556,cloud_heavy
5135,23,213,9338.3,11672.8,0.6123,cloud_heavy
5136,0,214,8677.7,10847.1,0.4829,cloud_heavy
5137,1,214,8790.5,10988.2,0.4978,cloud_heavy
5138,2,214,8648.6,10810.8,0.5177,cloud_heavy
5139,3,214,9097.2,11371.5,0.5431,cloud_heavy
5140,4,214,9130.0,11412.4,0.5747,cloud_heavy
5141,5,214,8617.9,10772.4,0.6123,cloud_heavy
5142,6,214,9575.1,11968.8,0.6556,cloud_heavy
5143,7,214,10356.7,12945.9,0.7032,cloud_heavy
5144,8,214,9841.2,12301.5,0.7533,cloud_heavy
5145,9,214,10732.2,13415.2,0.8033,cloud_heavy
5146,10,214,11531.5,14414.3,0.8504,cloud_heavy
5147,11,214,11021.6,13777.0,0.8912,cloud_heavy
5148,12,214,11490.1,14362.6,0.923,cloud_heavy
5149,13,214,11168.1,13960.1,0.9431,cloud_heavy
5150,14,214,12238.1,15297.7,0.95,cloud_heavy
5151,15,214,11593.7,14492.1,0.9431,cloud_heavy
5152,16,214,11505.4,14381.8,0.923,cloud_heavy
5153,17,214,11737.2,14671.5,0.8912,cloud_heavy
5154,18,214,11226.4,14033.0,0.8504,cloud_heavy
5155,19,214,10415.1,13018.8,0.8033,cloud_heavy
5156,20,214,10162.9,12703.6,0.7533,cloud_heavy
5157,21,214,10181.0,12726.2,0.7032,cloud_heavy
5158,22,214,9534.4,11918.0,0.6556,cloud_heavy
5159,23,214,8830.8,11038.5,0.6123,cloud_heavy
5160,0,215,8492.4,10615.5,0.473,cloud_heavy
5161,1,215,8194.6,10243.3,0.4835,cloud_heavy
5162,2,215,9087.8,11359.8,0.4974,cloud_heavy
5163,3,215,8832.3,11040.4,0.5152,cloud_heavy
5164,4,215,8689.6,10862.0,0.5373,cloud_heavy
5165,5,215,8916.0,11145.0,0.5636,cloud_heavy
5166,6,215,8779.9,10974.9,0.5939,cloud_heavy
5167,7,215,9214.2,11517.7,0.6272,cloud_heavy
5168,8,215,10058.6,12573.2,0.6623,cloud_heavy
5169,9,215,10662.4,13328.0,0.6973,cloud_heavy
5170,10,215,10434.1,13042.7,0.7303,cloud_heavy
5171,11,215,10372.6,12965.8,0.7589,cloud_heavy
5172,12,215,10411.9,13014.9,0.7811,cloud_heavy
5173,13,215,10336.6,12920.8,0.7952,cloud_heavy
5174,14,215,11333.6,14167.0,0.8,cloud_heavy
5175,15,215,10581.7,13227.2,0.7952,cloud_heavy
5176,16,215,11218.1,14022.6,0.7811,cloud_heavy
5177,17,215,10836.2,13545.2,0.7589,cloud_heavy
5178,18,215,9678.3,12097.9,0.7303,cloud_heavy
5179,19,215,9793.6,12242.0,0.6973,cloud_heavy
5180,20,215,9565.0,11956.3,0.6623,cloud_heavy
5181,21,215,9505.6,11882.0,0.6272,cloud_heavy
5182,22,215,9290.6,11613.3,0.5939,cloud_heavy
5183,23,215,9925.4,12406.8,0.5636,cloud_heavy
5184,0,216,8231.1,10288.9,0.473,cloud_heavy
5185,1,216,8634.3,10792.9,0.4835,cloud_heavy
5186,2,216,8827.9,11034.8,0.4974,cloud_heavy
5187,3,216,8785.3,10981.7,0.5152,cloud_heavy
5188,4,216,8961.6,11202.1,0.5373,cloud_heavy
5189,5,216,8821.4,11026.8,0.5636,cloud_heavy
5190,6,216,9337.2,11671.5,0.5939,cloud_heavy
5191,7,216,9674.6,12093.3,0.6272,cloud_heavy
5192,8,216,9856.9,12321.1,0.6623,cloud_heavy
5193,9,216,10164.2,12705.3,0.6973,cloud_heavy
5194,10,216,10644.4,13305.5,0.7303,cloud_heavy
5195,11,216,10693.7,13367.1,0.7589,cloud_heavy
5196,12,216,10571.2,13214.0,0.7811,cloud_heavy
5197,13,216,10267.9,12834.9,0.7952,cloud_heavy
5198,14,216,10481.9,13102.3,0.8,cloud_heavy
5199,15,216,10571.9,13214.8,0.7952,cloud_heavy
5200,16,216,10628.5,13285.6,0.7811,cloud_heavy
5201,17,216,10252.1,12815.1,0.7589,cloud_heavy
5202,18,216,9925.0,12406.2,0.7303,cloud_heavy
5203,19,216,9637.1,12046.3,0.6973,cloud_heavy
5204,20,216,9277.4,11596.8,0.6623,cloud_heavy
5205,21,216,9461.3,11826.6,0.6272,cloud_heavy
5206,22,216,8897.1,11121.4,0.5939,cloud_heavy
5207,23,216,8833.5,11041.9,0.5636,cloud_heavy
5208,0,217,8470.1,10587.6,0.4829,cloud_heavy
5209,1,217,8323.0,10403.8,0.4978,cloud_heavy
5210,2,217,8902.4,11128.0,0.5177,cloud_heavy
5211,3,217,9170.2,11462.8,0.5431,cloud_heavy
5212,4,217,9028.8,11286.0,0.5747,cloud_heavy
5213,5,217,9306.1,11632.6,0.6123,cloud_heavy
5214,6,217,9873.0,12341.2,0.6556,cloud_heavy
5215,7,217,9817.1,12271.4,0.7032,cloud_heavy
5216,8,217,10120.8,12651.0,0.7533,cloud_heavy
5217,9,217,11080.0,13850.0,0.8033,cloud_heavy
5218,10,217,11299.9,14124.9,0.8504,cloud_heavy
5219,11,217,11482.5,14353.2,0.8912,cloud_heavy
5220,12,217,11808.4,14760.5,0.923,cloud_heavy
5221,13,217,10933.3,13666.7,0.9431,cloud_heavy
5222,14,217,12142.4,15178.0,0.95,cloud_heavy
5223,15,217,11759.5,14699.4,0.9431,cloud_heavy
5224,16,217,11837.8,14797.2,0.923,cloud_heavy
5225,17,217,11410.0,14262.5,0.8912,cloud_heavy
5226,18,217,11024.1,13780.1,0.8504,cloud_heavy
5227,19,217,10607.7,13259.6,0.8033,cloud_heavy
5228,20,217,10478.3,13097.9,0.7533,cloud_heavy
5229,21,217,9938.2,12422.7,0.7032,cloud_heavy
5230,22,217,9969.3,12461.6,0.6556,cloud_heavy
5231,23,217,8980.9,11226.2,0.6123,cloud_heavy
5232,0,218,8432.1,10540.2,0.4829,cloud_heavy
5233,1,218,9202.4,11503.0,0.4978,cloud_heavy
5234,2,218,8636.8,10796.0,0.5177,cloud_heavy
5235,3,218,8906.7,11133.4,0.5431,cloud_heavy
5236,4,218,8937.0,11171.3,0.5747,cloud_heavy
5237,5,218,9524.7,11905.9,0.6123,cloud_heavy
5238,6,218,9501.7,11877.2,0.6556,cloud_heavy
5239,7,218,9976.1,12470.2,0.7032,cloud_heavy
5240,8,218,10628.1,13285.1,0.7533,cloud_heavy
5241,9,218,10471.8,13089.8,0.8033,cloud_heavy
5242,10,218,11268.4,14085.5,0.8504,cloud_heavy
5243,11,218,11557.2,14446.5,0.8912,cloud_heavy
5244,12,218,11853.0,14816.2,0.923,cloud_heavy
5245,13,218,11671.8,14589.7,0.9431,cloud_heavy
5246,14,218,12600.0,15750.0,0.95,cloud_heavy
5247,15,218,11990.5,14988.1,0.9431,cloud_heavy
5248,16,218,11601.3,14501.7,0.923,cloud_heavy
5249,17,218,10982.6,13728.2,0.8912,cloud_heavy
5250,18,218,10975.9,13719.9,0.8504,cloud_heavy
5251,19,218,11153.7,13942.2,0.8033,cloud_heavy
5252,20,218,10895.7,13619.6,0.7533,cloud_heavy
5253,21,218,10476.9,13096.2,0.7032,cloud_heavy
5254,22,218,9945.2,12431.5,0.6556,cloud_heavy
5255,23,218,9074.5,11343.1,0.6123,cloud_heavy
5256,0,219,8696.7,10870.8,0.4829,cloud_heavy
5257,1,219,8347.6,10434.5,0.4978,cloud_heavy
5258,2,219,8409.3,10511.7,0.5177,cloud_heavy
5259,3,219,9035.4,11294.2,0.5431,cloud_heavy
5260,4,219,9324.2,11655.2,0.5747,cloud_heavy
5261,5,219,9685.3,12106.6,0.6123,cloud_heavy
5262,6,219,9861.2,12326.6,0.6556,cloud_heavy
5263,7,219,10192.0,12740.0,0.7032,cloud_heavy
5264,8,219,10058.0,12572.5,0.7533,cloud_heavy
5265,9,219,10662.4,13327.9,0.8033,cloud_heavy
5266,10,219,10510.2,13137.8,0.8504,cloud_heavy
5267,11,219,10601.1,13251.4,0.8912,cloud_heavy
5268,12,219,11744.6,14680.8,0.923,cloud_heavy
5269,13,219,11360.2,14200.2,0.9431,cloud_heavy
5270,14,219,11973.9,14967.4,0.95,cloud_heavy
5271,15,219,12009.2,15011.5,0.9431,cloud_heavy
5272,16,219,11275.9,14094.9,0.923,cloud_heavy
5273,17,219,11478.7,14348.4,0.8912,cloud_heavy
5274,18,219,10789.6,13487.0,0.8504,cloud_heavy
5275,19,219,10103.7,12629.7,0.8033,cloud_heavy
5276,20,219,10402.5,13003.1,0.7533,cloud_heavy
5277,21,219,9890.3,12362.9,0.7032,cloud_heavy
5278,22,219,9588.1,11985.1,0.6556,cloud_heavy
5279,23,219,9988.5,12485.7,0.6123,cloud_heavy
5280,0,220,8179.0,10223.8,0.4829,cloud_heavy
5281,1,220,8770.1,10962.6,0.4978,cloud_heavy
5282,2,220,8539.4,10674.3,0.5177,cloud_heavy
5283,3,220,9215.4,11519.3,0.5431,cloud_heavy
5284,4,220,9262.3,11577.9,0.5747,cloud_heavy
5285,5,220,9537.0,11921.3,0.6123,cloud_heavy
5286,6,220,9440.9,11801.1,0.6556,cloud_heavy
5287,7,220,9801.6,12252.0,0.7032,cloud_heavy
5288,8,220,10652.5,13315.6,0.7533,cloud_heavy
5289,9,220,11264.3,14080.3,0.8033,cloud_heavy
5290,10,220,11166.6,13958.2,0.8504,cloud_heavy
5291,11,220,10975.3,13719.1,0.8912,cloud_heavy
5292,12,220,11606.2,14507.7,0.923,cloud_heavy
5293,13,220,12469.2,15586.5,0.9431,cloud_heavy
5294,14,220,11704.4,14630.4,0.95,cloud_heavy
5295,15,220,12132.5,15165.6,0.9431,cloud_heavy
5296,16,220,11234.2,14042.7,0.923,cloud_heavy
5297,17,220,11264.7,14080.9,0.8912,cloud_heavy
5298,18,220,11212.5,14015.7,0.8504,cloud_heavy
5299,19,220,10823.5,13529.4,0.8033,cloud_heavy
5300,20,220,10125.9,12657.3,0.7533,cloud_heavy
5301,21,220,9788.4,12235.5,0.7032,cloud_heavy
5302,22,220,10004.4,12505.5,0.6556,cloud_heavy
5303,23,220,9766.8,12208.5,0.6123,cloud_heavy
5304,0,221,8960.2,11200.3,0.4829,cloud_heavy
5305,1,221,9139.8,11424.7,0.4978,cloud_heavy
5306,2,221,8837.7,11047.1,0.5177,cloud_heavy
5307,3,221,8887.2,11109.0,0.5431,cloud_heavy
5308,4,221,9552.2,11940.2,0.5747,cloud_heavy
5309,5,221,9631.4,12039.3,0.6123,cloud_heavy
5310,6,221,9430.0,11787.5,0.6556,cloud_heavy
5311,7,221,9720.9,12151.1,0.7032,cloud_heavy
5312,8,221,10517.1,13146.4,0.7533,cloud_heavy
5313,9,221,10639.2,13298.9,0.8033,cloud_heavy
5314,10,221,10999.2,13749.0,0.8504,cloud_heavy
5315,11,221,11641.9,14552.4,0.8912,cloud_heavy
5316,12,221,11751.0,14688.7,0.923,cloud_heavy
5317,13,221,12086.5,15108.1,0.9431,cloud_heavy
5318,14,221,10992.4,13740.4,0.95,cloud_heavy
5319,15,221,11711.1,14638.9,0.9431,cloud_heavy
5320,16,221,11728.8,14661.0,0.923,cloud_heavy
5321,17,221,10762.4,13453.0,0.8912,cloud_heavy
5322,18,221,10791.7,13489.6,0.8504,cloud_heavy
5323,19,221,10426.3,13032.9,0.8033,cloud_heavy
5324,20,221,10370.9,12963.6,0.7533,cloud_heavy
5325,21,221,10521.9,13152.4,0.7032,cloud_heavy
5326,22,221,10305.9,12882.4,0.6556,cloud_heavy
5327,23,221,9199.4,11499.2,0.6123,cloud_heavy
5328,0,222,8640.4,10800.5,0.473,cloud_heavy
5329,1,222,8719.2,10899.0,0.4835,cloud_heavy
5330,2,222,8768.3,10960.4,0.4974,cloud_heavy
5331,3,222,8890.9,11113.6,0.5152,cloud_heavy
5332,4,222,9013.5,11266.9,0.5373,cloud_heavy
5333,5,222,9567.9,11959.9,0.5636,cloud_heavy
5334,6,222,9615.3,12019.2,0.5939,cloud_heavy
5335,7,222,9225.4,11531.8,0.6272,cloud_heavy
5336,8,222,9994.0,12492.5,0.6623,cloud_heavy
5337,9,222,10260.8,12826.0,0.6973,cloud_heavy
5338,10,222,10308.1,12885.1,0.7303,cloud_heavy
5339,11,222,10754.4,13443.0,0.7589,cloud_heavy
5340,12,222,10608.1,13260.1,0.7811,cloud_heavy
5341,13,222,10706.0,13382.5,0.7952,cloud_heavy
5342,14,222,10712.8,13391.0,0.8,cloud_heavy
5343,15,222,9997.6,12497.1,0.7952,cloud_heavy
5344,16,222,10523.2,13153.9,0.7811,cloud_heavy
5345,17,222,10192.8,12741.0,0.7589,cloud_heavy
5346,18,222,9848.1,12310.2,0.7303,cloud_heavy
5347,19,222,10423.2,13029.0,0.6973,cloud_heavy
5348,20,222,9908.6,12385.8,0.6623,cloud_heavy
5349,21,222,9519.9,11899.9,0.6272,cloud_heavy
5350,22,222,9149.8,11437.2,0.5939,cloud_heavy
5351,23,222,9187.8,11484.7,0.5636,cloud_heavy
5352,0,223,8759.0,10948.8,0.473,cloud_heavy
5353,1,223,8362.7,10453.3,0.4835,cloud_heavy
5354,2,223,8666.3,10832.9,0.4974,cloud_heavy
5355,3,223,9014.5,11268.2,0.5152,cloud_heavy
5356,4,223,8413.3,10516.7,0.5373,cloud_heavy
5357,5,223,9091.1,11363.9,0.5636,cloud_heavy
5358,6,223,9187.6,11484.5,0.5939,cloud_heavy
5359,7,223,9490.2,11862.7,0.6272,cloud_heavy
5360,8,223,9614.1,12017.6,0.6623,cloud_heavy
5361,9,223,10034.5,12543.2,0.6973,cloud_heavy
5362,10,223,10800.9,13501.1,0.7303,cloud_heavy
5363,11,223,10300.3,12875.3,0.7589,cloud_heavy
5364,12,223,10640.9,13301.1,0.7811,cloud_heavy
5365,13,223,11278.8,14098.5,0.7952,cloud_heavy
5366,14,223,10497.9,13122.3,0.8,cloud_heavy
5367,15,223,11221.3,14026.7,0.7952,cloud_heavy
5368,16,223,10550.3,13187.9,0.7811,cloud_heavy
5369,17,223,10957.4,13696.7,0.7589,cloud_heavy
5370,18,223,10441.4,13051.8,0.7303,cloud_heavy
5371,19,223,10085.3,12606.7,0.6973,cloud_heavy
5372,20,223,9741.7,12177.2,0.6623,cloud_heavy
5373,21,223,9350.1,11687.6,0.6272,cloud_heavy
5374,22,223,9328.6,11660.8,0.5939,cloud_heavy
5375,23,223,9352.0,11690.0,0.5636,cloud_heavy
5376,0,224,8568.0,10710.0,0.4829,cloud_heavy
5377,1,224,8588.2,10735.2,0.4978,cloud_heavy
5378,2,224,8735.9,10919.9,0.5177,cloud_heavy
5379,3,224,9238.1,11547.6,0.5431,cloud_heavy
5380,4,224,9517.5,11896.9,0.5747,cloud_heavy
5381,5,224,9241.0,11551.2,0.6123,cloud_heavy
5382,6,224,9521.5,11901.8,0.6556,cloud_heavy
5383,7,224,10146.2,12682.7,0.7032,cloud_heavy
5384,8,224,10839.1,13548.9,0.7533,cloud_heavy
5385,9,224,11063.8,13829.7,0.8033,cloud_heavy
5386,10,224,10594.5,13243.2,0.8504,cloud_heavy
5387,11,224,11189.6,13987.0,0.8912,cloud_heavy
5388,12,224,11168.6,13960.7,0.923,cloud_heavy
5389,13,224,11529.5,14411.9,0.9431,cloud_heavy
5390,14,224,12230.1,15287.7,0.95,cloud_heavy
5391,15,224,11126.7,13908.4,0.9431,cloud_heavy
5392,16,224,10931.4,13664.2,0.923,cloud_heavy
5393,17,224,10998.6,13748.3,0.8912,cloud_heavy
5394,18,224,11102.8,13878.5,0.8504,cloud_heavy
5395,19,224,10895.2,13619.0,0.8033,cloud_heavy
5396,20,224,10500.2,13125.2,0.7533,cloud_heavy
5397,21,224,10385.8,12982.3,0.7032,cloud_heavy
5398,22,224,9202.4,11503.0,0.6556,cloud_heavy
5399,23,224,9765.9,12207.4,0.6123,cloud_heavy
5400,0,225,8491.1,10613.9,0.4829,cloud_heavy
5401,1,225,8860.8,11076.0,0.4978,cloud_heavy
5402,2,225,8452.7,10565.8,0.5177,cloud_heavy
5403,3,225,8972.3,11215.4,0.5431,cloud_heavy
5404,4,225,9245.2,11556.5,0.5747,cloud_heavy
5405,5,225,9756.7,12195.8,0.6123,cloud_heavy
5406,6,225,9254.3,11567.8,0.6556,cloud_heavy
5407,7,225,10041.3,12551.6,0.7032,cloud_heavy
5408,8,225,10026.7,12533.4,0.7533,cloud_heavy
5409,9,225,10858.2,13572.8,0.8033,cloud_heavy
5410,10,225,11264.6,14080.8,0.8504,cloud_heavy
5411,11,225,11714.5,14643.1,0.8912,cloud_heavy
5412,12,225,11304.9,14131.2,0.923,cloud_heavy
5413,13,225,11946.1,14932.6,0.9431,cloud_heavy
5414,14,225,12144.9,15181.1,0.95,cloud_heavy
5415,15,225,11049.8,13812.3,0.9431,cloud_heavy
5416,16,225,11700.4,14625.5,0.923,cloud_heavy
5417,17,225,11603.3,14504.1,0.8912,cloud_heavy
5418,18,225,10922.5,13653.1,0.8504,cloud_heavy
5419,19,225,10307.5,12884.4,0.8033,cloud_heavy
5420,20,225,10657.3,13321.7,0.7533,cloud_heavy
5421,21,225,9671.0,12088.7,0.7032,cloud_heavy
5422,22,225,9664.3,12080.4,0.6556,cloud_heavy
5423,23,225,9418.4,11773.0,0.6123,cloud_heavy
5424,0,226,8755.4,10944.2,0.4829,cloud_heavy
5425,1,226,8507.5,10634.4,0.4978,cloud_heavy
5426,2,226,8621.4,10776.7,0.5177,cloud_heavy
5427,3,226,8997.6,11247.0,0.5431,cloud_heavy
5428,4,226,9457.3,11821.6,0.5747,cloud_heavy
5429,5,226,10076.8,12596.0,0.6123,cloud_heavy
5430,6,226,9276.9,11596.2,0.6556,cloud_heavy
5431,7,226,10126.9,12658.6,0.7032,cloud_heavy
5432,8,226,10026.3,12532.9,0.7533,cloud_heavy
5433,9,226,11023.0,13778.7,0.8033,cloud_heavy
5434,10,226,10698.0,13372.5,0.8504,cloud_heavy
5435,11,226,11050.7,13813.4,0.8912,cloud_heavy
5436,12,226,11286.2,14107.8,0.923,cloud_heavy
5437,13,226,11596.2,14495.3,0.9431,cloud_heavy
5438,14,226,11781.6,14727.0,0.95,cloud_heavy
5439,15,226,11791.4,14739.3,0.9431,cloud_heavy
5440,16,226,11487.4,14359.2,0.923,cloud_heavy
5441,17,226,10829.0,13536.2,0.8912,cloud_heavy
5442,18,226,11248.3,14060.4,0.8504,cloud_heavy
5443,19,226,10679.0,13348.8,0.8033,cloud_heavy
5444,20,226,10725.4,13406.7,0.7533,cloud_heavy
5445,21,226,9819.0,12273.8,0.7032,cloud_heavy
5446,22,226,9249.3,11561.6,0.6556,cloud_heavy
5447,23,226,9420.1,11775.1,0.6123,cloud_heavy
5448,0,227,8904.6,11130.8,0.4829,cloud_heavy
5449,1,227,8712.4,10890.5,0.4978,cloud_heavy
5450,2,227,8749.4,10936.8,0.5177,cloud_heavy
5451,3,227,8736.8,10920.9,0.5431,cloud_heavy
5452,4,227,9664.2,12080.2,0.5747,cloud_heavy
5453,5,227,9138.5,11423.1,0.6123,cloud_heavy
5454,6,227,9504.9,11881.1,0.6556,cloud_heavy
5455,7,227,10203.6,12754.5,0.7032,cloud_heavy
5456,8,227,9787.1,12233.8,0.7533,cloud_heavy
5457,9,227,11105.0,13881.3,0.8033,cloud_heavy
5458,10,227,11214.1,14017.6,0.8504,cloud_heavy
5459,11,227,11583.2,14479.1,0.8912,cloud_heavy
5460,12,227,11681.7,14602.2,0.923,cloud_heavy
5461,13,227,11566.6,14458.2,0.9431,cloud_heavy
5462,14,227,11296.3,14120.4,0.95,cloud_heavy
5463,15,227,11573.9,14467.4,0.9431,cloud_heavy
5464,16,227,11153.2,13941.5,0.923,cloud_heavy
5465,17,227,11443.5,14304.3,0.8912,cloud_heavy
5466,18,227,11274.4,14093.0,0.8504,cloud_heavy
5467,19,227,11169.9,13962.4,0.8033,cloud_heavy
5468,20,227,10479.7,13099.7,0.7533,cloud_heavy
5469,21,227,10310.3,12887.8,0.7032,cloud_heavy
5470,22,227,9629.7,12037.2,0.6556,cloud_heavy
5471,23,227,9294.4,11618.0,0.6123,cloud_heavy
5472,0,228,8693.2,10866.5,0.4829,cloud_heavy
5473,1,228,8570.0,10712.5,0.4978,cloud_heavy
5474,2,228,8873.2,11091.5,0.5177,cloud_heavy
5475,3,228,8685.4,10856.7,0.5431,cloud_heavy
5476,4,228,8937.3,11171.6,0.5747,cloud_heavy
5477,5,228,9609.5,12011.8,0.6123,cloud_heavy
5478,6,228,9974.8,12468.5,0.6556,cloud_heavy
5479,7,228,9735.4,12169.2,0.7032,cloud_heavy
5480,8,228,10572.7,13215.8,0.7533,cloud_heavy
5481,9,228,10525.1,13156.4,0.8033,cloud_heavy
5482,10,228,11013.4,13766.7,0.8504,cloud_heavy
5483,11,228,11758.4,14698.0,0.8912,cloud_heavy
5484,12,228,11767.7,14709.6,0.923,cloud_heavy
5485,13,228,11900.3,14875.4,0.9431,cloud_heavy
5486,14,228,12336.7,15420.9,0.95,cloud_heavy
5487,15,228,11377.3,14221.7,0.9431,cloud_heavy
5488,16,228,11149.5,13936.9,0.923,cloud_heavy
5489,17,228,11034.6,13793.3,0.8912,cloud_heavy
5490,18,228,10923.9,13654.9,0.8504,cloud_heavy
5491,19,228,9940.5,12425.6,0.8033,cloud_heavy
5492,20,228,10299.7,12874.6,0.7533,cloud_heavy
5493,21,228,9868.1,12335.1,0.7032,cloud_heavy
5494,22,228,9944.8,12431.0,0.6556,cloud_heavy
5495,23,228,9529.4,11911.8,0.6123,cloud_heavy
5496,0,229,8352.7,10440.9,0.473,cloud_heavy
5497,1,229,8727.2,10909.0,0.4835,cloud_heavy
5498,2,229,8855.6,11069.5,0.4974,cloud_heavy
5499,3,229,8583.2,10729.0,0.5152,cloud_heavy
5500,4,229,8800.0,11000.0,0.5373,cloud_heavy
5501,5,229,8498.9,10623.6,0.5636,cloud_heavy
5502,6,229,9002.9,11253.7,0.5939,cloud_heavy
5503,7,229,9316.2,11645.3,0.6272,cloud_heavy
5504,8,229,9782.7,12228.3,0.6623,cloud_heavy
5505,9,229,9709.9,12137.3,0.6973,cloud_heavy
5506,10,229,10054.3,12567.9,0.7303,cloud_heavy
5507,11,229,10019.0,12523.7,0.7589,cloud_heavy
5508,12,229,10602.7,13253.4,0.7811,cloud_heavy
5509,13,229,10777.9,13472.4,0.7952,cloud_heavy
5510,14,229,10802.8,13503.6,0.8,cloud_heavy
5511,15,229,10645.9,13307.4,0.7952,cloud_heavy
5512,16,229,10060.9,12576.1,0.7811,cloud_heavy
5513,17,229,10207.9,12759.9,0.7589,cloud_heavy
5514,18,229,10086.8,12608.5,0.7303,cloud_heavy
5515,19,229,9872.4,12340.5,0.6973,cloud_heavy
5516,20,229,9782.9,12228.6,0.6623,cloud_heavy
5517,21,229,9935.9,12419.9,0.6272,cloud_heavy
5518,22,229,9534.2,11917.8,0.5939,cloud_heavy
5519,23,229,8837.1,11046.3,0.5636,cloud_heavy
5520,0,230,8679.1,10848.9,0.473,cloud_heavy
5521,1,230,8740.1,10925.2,0.4835,cloud_heavy
5522,2,230,8457.9,10572.4,0.4974,cloud_heavy
5523,3,230,9009.5,11261.8,0.5152,cloud_heavy
5524,4,230,8889.1,11111.4,0.5373,cloud_heavy
5525,5,230,8721.6,10902.1,0.5636,cloud_heavy
5526,6,230,9434.6,11793.2,0.5939,cloud_heavy
5527,7,230,9590.5,11988.1,0.6272,cloud_heavy
5528,8,230,9694.3,12117.9,0.6623,cloud_heavy
5529,9,230,9982.0,12477.6,0.6973,cloud_heavy
5530,10,230,9991.3,12489.2,0.7303,cloud_heavy
5531,11,230,10591.7,13239.6,0.7589,cloud_heavy
5532,12,230,10534.8,13168.6,0.7811,cloud_heavy
5533,13,230,10695.1,13368.9,0.7952,cloud_heavy
5534,14,230,10788.4,13485.5,0.8,cloud_heavy
5535,15,230,10273.4,12841.7,0.7952,cloud_heavy
5536,16,230,10265.6,12832.0,0.7811,cloud_heavy
5537,17,230,9711.7,12139.7,0.7589,cloud_heavy
5538,18,230,10384.6,12980.8,0.7303,cloud_heavy
5539,19,230,9629.9,12037.3,0.6973,cloud_heavy
5540,20,230,9799.8,12249.7,0.6623,cloud_heavy
5541,21,230,9634.5,12043.1,0.6272,cloud_heavy
5542,22,230,9475.7,11844.6,0.5939,cloud_heavy
5543,23,230,8777.9,10972.4,0.5636,cloud_heavy
5544,0,231,8554.6,10693.3,0.4829,cloud_heavy
5545,1,231,9105.0,11381.2,0.4978,cloud_heavy
5546,2,231,9254.8,11568.5,0.5177,cloud_heavy
5547,3,231,9236.7,11545.9,0.5431,cloud_heavy
5548,4,231,9273.0,11591.3,0.5747,cloud_heavy
5549,5,231,9145.4,11431.7,0.6123,cloud_heavy
5550,6,231,9925.8,12407.3,0.6556,cloud_heavy
5551,7,231,9984.4,12480.6,0.7032,cloud_heavy
5552,8,231,10538.4,13173.0,0.7533,cloud_heavy
5553,9,231,10493.0,13116.2,0.8033,cloud_heavy
5554,10,231,10950.8,13688.5,0.8504,cloud_heavy
5555,11,231,11334.5,14168.1,0.8912,cloud_heavy
5556,12,231,11574.2,14467.8,0.923,cloud_heavy
5557,13,231,11794.9,14743.7,0.9431,cloud_heavy
5558,14,231,11465.7,14332.2,0.95,cloud_heavy
5559,15,231,11154.4,13943.0,0.9431,cloud_heavy
5560,16,231,12049.4,15061.7,0.923,cloud_heavy
5561,17,231,12121.3,15151.6,0.8912,cloud_heavy
5562,18,231,11155.7,13944.6,0.8504,cloud_heavy
5563,19,231,10271.2,12839.0,0.8033,cloud_heavy
5564,20,231,10123.7,12654.7,0.7533,cloud_heavy
5565,21,231,10185.2,12731.5,0.7032,cloud_heavy
5566,22,231,10107.3,12634.1,0.6556,cloud_heavy
5567,23,231,9086.6,11358.3,0.6123,cloud_heavy
5568,0,232,8539.4,10674.3,0.4829,cloud_heavy
5569,1,232,8721.5,10901.9,0.4978,cloud_heavy
5570,2,232,9030.4,11288.1,0.5177,cloud_heavy
5571,3,232,8878.5,11098.1,0.5431,cloud_heavy
5572,4,232,8749.4,10936.8,0.5747,cloud_heavy
5573,5,232,9605.5,12006.8,0.6123,cloud_heavy
5574,6,232,10044.2,12555.3,0.6556,cloud_heavy
5575,7,232,10007.1,12508.9,0.7032,cloud_heavy
5576,8,232,10490.1,13112.7,0.7533,cloud_heavy
5577,9,232,10543.8,13179.7,0.8033,cloud_heavy
5578,10,232,10728.6,13410.8,0.8504,cloud_heavy
5579,11,232,11626.3,14532.9,0.8912,cloud_heavy
5580,12,232,11622.9,14528.6,0.923,cloud_heavy
5581,13,232,11793.8,14742.2,0.9431,cloud_heavy
5582,14,232,12194.3,15242.9,0.95,cloud_heavy
5583,15,232,11255.0,14068.7,0.9431,cloud_heavy
5584,16,232,11299.1,14123.9,0.923,cloud_heavy
5585,17,232,11332.4,14165.5,0.8912,cloud_heavy
5586,18,232,10821.6,13527.0,0.8504,cloud_heavy
5587,19,232,10947.3,13684.2,0.8033,cloud_heavy
5588,20,232,10305.9,12882.4,0.7533,cloud_heavy
5589,21,232,9733.3,12166.6,0.7032,cloud_heavy
5590,22,232,9735.5,12169.4,0.6556,cloud_heavy
5591,23,232,9477.9,11847.4,0.6123,cloud_heavy
5592,0,233,8811.7,11014.7,0.4829,cloud_heavy
5593,1,233,8772.8,10966.0,0.4978,cloud_heavy
5594,2,233,8923.9,11154.9,0.5177,cloud_heavy
5595,3,233,9057.2,11321.5,0.5431,cloud_heavy
5596,4,233,9128.3,11410.3,0.5747,cloud_heavy
5597,5,233,9227.1,11533.9,0.6123,cloud_heavy
5598,6,233,9800.5,12250.7,0.6556,cloud_heavy
5599,7,233,9931.7,12414.7,0.7032,cloud_heavy
5600,8,233,10889.6,13611.9,0.7533,cloud_heavy
5601,9,233,11126.7,13908.4,0.8033,cloud_heavy
5602,10,233,11216.9,14021.2,0.8504,cloud_heavy
5603,11,233,11407.0,14258.8,0.8912,cloud_heavy
5604,12,233,11459.0,14323.8,0.923,cloud_heavy
5605,13,233,11183.0,13978.8,0.9431,cloud_heavy
5606,14,233,11592.8,14491.0,0.95,cloud_heavy
5607,15,233,11658.1,14572.7,0.9431,cloud_heavy
5608,16,233,11568.4,14460.6,0.923,cloud_heavy
5609,17,233,11437.9,14297.3,0.8912,cloud_heavy
5610,18,233,11312.2,14140.3,0.8504,cloud_heavy
5611,19,233,10473.9,13092.4,0.8033,cloud_heavy
5612,20,233,10151.8,12689.7,0.7533,cloud_heavy
5613,21,233,10468.7,13085.8,0.7032,cloud_heavy
5614,22,233,9941.1,12426.3,0.6556,cloud_heavy
5615,23,233,9319.2,11649.0,0.6123,cloud_heavy
5616,0,234,8543.8,10679.8,0.4829,cloud_heavy
5617,1,234,8643.8,10804.8,0.4978,cloud_heavy
5618,2,234,8810.5,11013.1,0.5177,cloud_heavy
5619,3,234,9098.2,11372.7,0.5431,cloud_heavy
5620,4,234,9878.2,12347.8,0.5747,cloud_heavy
5621,5,234,9483.4,11854.3,0.6123,cloud_heavy
5622,6,234,9909.5,12386.8,0.6556,cloud_heavy
5623,7,234,9524.4,11905.6,0.7032,cloud_heavy
5624,8,234,10213.4,12766.7,0.7533,cloud_heavy
5625,9,234,11090.3,13862.9,0.8033,cloud_heavy
5626,10,234,11140.8,13926.0,0.8504,cloud_heavy
5627,11,234,9793.8,12242.3,0.8912,cloud_heavy
5628,12,234,11721.7,14652.1,0.923,cloud_heavy
5629,13,234,12291.6,15364.5,0.9431,cloud_heavy
5630,14,234,10969.8,13712.3,0.95,cloud_heavy
5631,15,234,12152.6,15190.7,0.9431,cloud_heavy
5632,16,234,10533.9,13167.4,0.923,cloud_heavy
5633,17,234,11596.4,14495.5,0.8912,cloud_heavy
5634,18,234,11005.1,13756.4,0.8504,cloud_heavy
5635,19,234,9942.0,12427.5,0.8033,cloud_heavy
5636,20,234,10502.9,13128.6,0.7533,cloud_heavy
5637,21,234,10378.4,12972.9,0.7032,cloud_heavy
5638,22,234,9822.4,12278.0,0.6556,cloud_heavy
5639,23,234,9595.2,11994.0,0.6123,cloud_heavy
5640,0,235,8465.5,10581.9,0.4829,cloud_heavy
5641,1,235,8186.4,10232.9,0.4978,cloud_heavy
5642,2,235,8984.8,11231.0,0.5177,cloud_heavy
5643,3,235,9441.9,11802.4,0.5431,cloud_heavy
5644,4,235,9491.2,11864.0,0.5747,cloud_heavy
5645,5,235,8867.4,11084.2,0.6123,cloud_heavy
5646,6,235,9274.8,11593.5,0.6556,cloud_heavy
5647,7,235,9777.4,12221.8,0.7032,cloud_heavy
5648,8,235,9868.9,12336.1,0.7533,cloud_heavy
5649,9,235,10710.2,13387.8,0.8033,cloud_heavy
5650,10,235,11137.9,13922.3,0.8504,cloud_heavy
5651,11,235,10795.0,13493.8,0.8912,cloud_heavy
5652,12,235,11757.2,14696.5,0.923,cloud_heavy
5653,13,235,11832.4,14790.5,0.9431,cloud_heavy
5654,14,235,11476.6,14345.8,0.95,cloud_heavy
5655,15,235,11562.6,14453.3,0.9431,cloud_heavy
5656,16,235,10817.3,13521.6,0.923,cloud_heavy
5657,17,235,11166.5,13958.2,0.8912,cloud_heavy
5658,18,235,11010.4,13763.0,0.8504,cloud_heavy
5659,19,235,10750.2,13437.7,0.8033,cloud_heavy
5660,20,235,10482.0,13102.4,0.7533,cloud_heavy
5661,21,235,10105.5,12631.9,0.7032,cloud_heavy
5662,22,235,9639.3,12049.1,0.6556,cloud_heavy
5663,23,235,9510.7,11888.4,0.6123,cloud_heavy
5664,0,236,8761.7,10952.2,0.473,cloud_heavy
5665,1,236,8550.9,10688.6,0.4835,cloud_heavy
5666,2,236,8750.1,10937.7,0.4974,cloud_heavy
5667,3,236,8736.7,10920.8,0.5152,cloud_heavy
5668,4,236,8758.8,10948.5,0.5373,cloud_heavy
5669,5,236,9249.7,11562.1,0.5636,cloud_heavy
5670,6,236,9152.5,11440.6,0.5939,cloud_heavy
5671,7,236,9638.8,12048.5,0.6272,cloud_heavy
5672,8,236,9769.2,12211.5,0.6623,cloud_heavy
5673,9,236,9902.2,12377.7,0.6973,cloud_heavy
5674,10,236,10111.1,12638.9,0.7303,cloud_heavy
5675,11,236,10242.8,12803.5,0.7589,cloud_heavy
5676,12,236,10027.8,12534.7,0.7811,cloud_heavy
5677,13,236,10764.2,13455.3,0.7952,cloud_heavy
5678,14,236,10748.1,13435.2,0.8,cloud_heavy
5679,15,236,10913.3,13641.6,0.7952,cloud_heavy
5680,16,236,10380.4,12975.5,0.7811,cloud_heavy
5681,17,236,10992.8,13741.0,0.7589,cloud_heavy
5682,18,236,10095.3,12619.1,0.7303,cloud_heavy
5683,19,236,9730.9,12163.7,0.6973,cloud_heavy
5684,20,236,9470.0,11837.5,0.6623,cloud_heavy
5685,21,236,9032.8,11291.0,0.6272,cloud_heavy
5686,22,236,9735.4,12169.3,0.5939,cloud_heavy
5687,23,236,9481.4,11851.8,0.5636,cloud_heavy
5688,0,237,8659.3,10824.2,0.473,cloud_heavy
5689,1,237,8344.9,10431.1,0.4835,cloud_heavy
5690,2,237,9138.5,11423.2,0.4974,cloud_heavy
5691,3,237,8693.0,10866.3,0.5152,cloud_heavy
5692,4,237,8860.0,11075.0,0.5373,cloud_heavy
5693,5,237,9499.5,11874.4,0.5636,cloud_heavy
5694,6,237,9491.5,11864.3,0.5939,cloud_heavy
5695,7,237,10157.6,12697.1,0.6272,cloud_heavy
5696,8,237,9833.8,12292.2,0.6623,cloud_heavy
5697,9,237,9874.2,12342.8,0.6973,cloud_heavy
5698,10,237,10024.2,12530.2,0.7303,cloud_heavy
5699,11,237,9825.0,12281.2,0.7589,cloud_heavy
5700,12,237,10460.4,13075.5,0.7811,cloud_heavy
5701,13,237,11007.4,13759.3,0.7952,cloud_heavy
5702,14,237,10865.8,13582.2,0.8,cloud_heavy
5703,15,237,10648.5,13310.6,0.7952,cloud_heavy
5704,16,237,10233.7,12792.2,0.7811,cloud_heavy
5705,17,237,10472.1,13090.2,0.7589,cloud_heavy
5706,18,237,10521.9,13152.4,0.7303,cloud_heavy
5707,19,237,10122.4,12653.0,0.6973,cloud_heavy
5708,20,237,9809.8,12262.2,0.6623,cloud_heavy
5709,21,237,9300.6,11625.8,0.6272,cloud_heavy
5710,22,237,9549.6,11937.0,0.5939,cloud_heavy
5711,23,237,8251.2,10314.0,0.5636,cloud_heavy
5712,0,238,8669.8,10837.3,0.4829,cloud_heavy
5713,1,238,9339.1,11673.9,0.4978,cloud_heavy
5714,2,238,8403.8,10504.8,0.5177,cloud_heavy
5715,3,238,8906.0,11132.5,0.5431,cloud_heavy
5716,4,238,9177.9,11472.4,0.5747,cloud_heavy
5717,5,238,9298.9,11623.6,0.6123,cloud_heavy
5718,6,238,10018.4,12523.0,0.6556,cloud_heavy
5719,7,238,10174.2,12717.7,0.7032,cloud_heavy
5720,8,238,10411.5,13014.4,0.7533,cloud_heavy
5721,9,238,10951.9,13689.8,0.8033,cloud_heavy
5722,10,238,11013.5,13766.8,0.8504,cloud_heavy
5723,11,238,12354.9,15443.7,0.8912,cloud_heavy
5724,12,238,11541.5,14426.9,0.923,cloud_heavy
5725,13,238,11690.9,14613.6,0.9431,cloud_heavy
5726,14,238,11069.7,13837.2,0.95,cloud_heavy
5727,15,238,11433.3,14291.6,0.9431,cloud_heavy
5728,16,238,11884.8,14856.0,0.923,cloud_heavy
5729,17,238,10827.1,13533.9,0.8912,cloud_heavy
5730,18,238,10295.4,12869.3,0.8504,cloud_heavy
5731,19,238,10706.4,13383.0,0.8033,cloud_heavy
5732,20,238,10790.3,13487.9,0.7533,cloud_heavy
5733,21,238,10044.8,12555.9,0.7032,cloud_heavy
5734,22,238,9618.4,12023.0,0.6556,cloud_heavy
5735,23,238,8904.0,11130.0,0.6123,cloud_heavy
5736,0,239,8687.7,10859.6,0.4829,cloud_heavy
5737,1,239,8842.5,11053.2,0.4978,cloud_heavy
5738,2,239,8331.6,10414.6,0.5177,cloud_heavy
5739,3,239,9276.3,11595.4,0.5431,cloud_heavy
5740,4,239,9391.0,11738.7,0.5747,cloud_heavy
5741,5,239,9750.0,12187.6,0.6123,cloud_heavy
5742,6,239,9886.4,12358.0,0.6556,cloud_heavy
5743,7,239,10228.7,12785.9,0.7032,cloud_heavy
5744,8,239,10526.1,13157.6,0.7533,cloud_heavy
5745,9,239,10974.7,13718.4,0.8033,cloud_heavy
5746,10,239,10407.3,13009.2,0.8504,cloud_heavy
5747,11,239,10771.1,13463.8,0.8912,cloud_heavy
5748,12,239,11235.7,14044.6,0.923,cloud_heavy
5749,13,239,11577.5,14471.9,0.9431,cloud_heavy
5750,14,239,11804.4,14755.5,0.95,cloud_heavy
5751,15,239,11736.0,14670.0,0.9431,cloud_heavy
5752,16,239,11874.4,14843.0,0.923,cloud_heavy
5753,17,239,11667.6,14584.5,0.8912,cloud_heavy
5754,18,239,10719.8,13399.8,0.8504,cloud_heavy
5755,19,239,10772.6,13465.7,0.8033,cloud_heavy
5756,20,239,10100.5,12625.7,0.7533,cloud_heavy
5757,21,239,9975.3,12469.2,0.7032,cloud_heavy
5758,22,239,9810.1,12262.7,0.6556,cloud_heavy
5759,23,239,8465.4,10581.8,0.6123,cloud_heavy
5760,0,240,9191.4,11489.3,0.4829,cloud_heavy
5761,1,240,8817.9,11022.3,0.4978,cloud_heavy
5762,2,240,8644.8,10806.0,0.5177,cloud_heavy
5763,3,240,9489.7,11862.1,0.5431,cloud_heavy
5764,4,240,9084.4,11355.5,0.5747,cloud_heavy
5765,5,240,9467.2,11834.0,0.6123,cloud_heavy
5766,6,240,9574.3,11967.9,0.6556,cloud_heavy
5767,7,240,10529.2,13161.5,0.7032,cloud_heavy
5768,8,240,10331.5,12914.4,0.7533,cloud_heavy
5769,9,240,10744.0,13430.0,0.8033,cloud_heavy
5770,10,240,11405.5,14256.8,0.8504,cloud_heavy
5771,11,240,11477.0,14346.2,0.8912,cloud_heavy
5772,12,240,11470.6,14338.3,0.923,cloud_heavy
5773,13,240,12010.0,15012.4,0.9431,cloud_heavy
5774,14,240,12557.1,15696.4,0.95,cloud_heavy
5775,15,240,11733.5,14666.8,0.9431,cloud_heavy
5776,16,240,11529.6,14412.0,0.923,cloud_heavy
5777,17,240,11336.7,14170.9,0.8912,cloud_heavy
5778,18,240,11440.7,14300.9,0.8504,cloud_heavy
5779,19,240,10503.8,13129.7,0.8033,cloud_heavy
5780,20,240,10277.6,12847.0,0.7533,cloud_heavy
5781,21,240,9569.3,11961.6,0.7032,cloud_heavy
5782,22,240,9371.3,11714.1,0.6556,cloud_heavy
5783,23,240,9283.2,11604.1,0.6123,cloud_heavy
5784,0,241,8557.0,10696.3,0.4829,cloud_heavy
5785,1,241,9130.7,11413.4,0.4978,cloud_heavy
5786,2,241,8943.7,11179.6,0.5177,cloud_heavy
5787,3,241,8725.5,10906.9,0.5431,cloud_heavy
5788,4,241,8979.6,11224.5,0.5747,cloud_heavy
5789,5,241,9818.6,12273.3,0.6123,cloud_heavy
5790,6,241,10044.7,12555.9,0.6556,cloud_heavy
5791,7,241,10040.5,12550.6,0.7032,cloud_heavy
5792,8,241,10226.6,12783.2,0.7533,cloud_heavy
5793,9,241,11057.0,13821.3,0.8033,cloud_heavy
5794,10,241,10679.9,13349.9,0.8504,cloud_heavy
5795,11,241,11411.6,14264.5,0.8912,cloud_heavy
5796,12,241,12272.7,15340.9,0.923,cloud_heavy
5797,13,241,11694.4,14618.0,0.9431,cloud_heavy
5798,14,241,11397.0,14246.2,0.95,cloud_heavy
5799,15,241,11765.9,14707.3,0.9431,cloud_heavy
5800,16,241,11327.4,14159.2,0.923,cloud_heavy
5801,17,241,10807.3,13509.1,0.8912,cloud_heavy
5802,18,241,11239.5,14049.3,0.8504,cloud_heavy
5803,19,241,11054.7,13818.4,0.8033,cloud_heavy
5804,20,241,10267.5,12834.4,0.7533,cloud_heavy
5805,21,241,9918.5,12398.1,0.7032,cloud_heavy
5806,22,241,9436.1,11795.1,0.6556,cloud_heavy
5807,23,241,9387.3,11734.1,0.6123,cloud_heavy
5808,0,242,8426.8,10533.5,0.4829,cloud_heavy
5809,1,242,8407.5,10509.4,0.4978,cloud_heavy
5810,2,242,9301.8,11627.2,0.5177,cloud_heavy
5811,3,242,9096.5,11370.7,0.5431,cloud_heavy
5812,4,242,9337.7,11672.2,0.5747,cloud_heavy
5813,5,242,9679.6,12099.5,0.6123,cloud_heavy
5814,6,242,9941.1,12426.4,0.6556,cloud_heavy
5815,7,242,9907.7,12384.6,0.7032,cloud_heavy
5816,8,242,10448.9,13061.1,0.7533,cloud_heavy
5817,9,242,10609.7,13262.1,0.8033,cloud_heavy
5818,10,242,11152.7,13940.9,0.8504,cloud_heavy
5819,11,242,11394.6,14243.2,0.8912,cloud_heavy
5820,12,242,11357.5,14196.8,0.923,cloud_heavy
5821,13,242,11159.3,13949.1,0.9431,cloud_heavy
5822,14,242,11719.7,14649.6,0.95,cloud_heavy
5823,15,242,11551.6,14439.4,0.9431,cloud_heavy
5824,16,242,10837.8,13547.2,0.923,cloud_heavy
5825,17,242,11450.8,14313.4,0.8912,cloud_heavy
5826,18,242,11326.7,14158.4,0.8504,cloud_heavy
5827,19,242,11507.3,14384.2,0.8033,cloud_heavy
5828,20,242,10242.5,12803.1,0.7533,cloud_heavy
5829,21,242,9869.9,12337.3,0.7032,cloud_heavy
5830,22,242,9393.0,11741.2,0.6556,cloud_heavy
5831,23,242,9488.7,11860.9,0.6123,cloud_heavy
5832,0,243,8557.7,10697.1,0.473,cloud_heavy
5833,1,243,8366.7,10458.4,0.4835,cloud_heavy
5834,2,243,8622.1,10777.6,0.4974,cloud_heavy
5835,3,243,8264.2,10330.3,0.5152,cloud_heavy
5836,4,243,9180.4,11475.4,0.5373,cloud_heavy
5837,5,243,8896.3,11120.4,0.5636,cloud_heavy
5838,6,243,9297.8,11622.3,0.5939,cloud_heavy
5839,7,243,9120.6,11400.8,0.6272,cloud_heavy
5840,8,243,9590.4,11988.0,0.6623,cloud_heavy
5841,9,243,9909.5,12386.8,0.6973,cloud_heavy
5842,10,243,10208.2,12760.2,0.7303,cloud_heavy
5843,11,243,10551.0,13188.8,0.7589,cloud_heavy
5844,12,243,11004.0,13755.0,0.7811,cloud_heavy
5845,13,243,10875.9,13594.9,0.7952,cloud_heavy
5846,14,243,10982.1,13727.6,0.8,cloud_heavy
5847,15,243,11103.7,13879.6,0.7952,cloud_heavy
5848,16,243,10728.9,13411.1,0.7811,cloud_heavy
5849,17,243,10389.9,12987.3,0.7589,cloud_heavy
5850,18,243,10520.8,13150.9,0.7303,cloud_heavy
5851,19,243,10315.0,12893.7,0.6973,cloud_heavy
5852,20,243,9950.9,12438.6,0.6623,cloud_heavy
5853,21,243,9112.6,11390.8,0.6272,cloud_heavy
5854,22,243,9072.5,11340.7,0.5939,cloud_heavy
5855,23,243,9031.8,11289.7,0.5636,cloud_heavy
5856,0,244,8705.0,10881.2,0.473,cloud_heavy
5857,1,244,8569.9,10712.4,0.4835,cloud_heavy
5858,2,244,8963.2,11204.0,0.4974,cloud_heavy
5859,3,244,9132.4,11415.5,0.5152,cloud_heavy
5860,4,244,9253.5,11566.8,0.5373,cloud_heavy
5861,5,244,9436.2,11795.3,0.5636,cloud_heavy
5862,6,244,9017.9,11272.4,0.5939,cloud_heavy
5863,7,244,9666.4,12083.0,0.6272,cloud_heavy
5864,8,244,9583.1,11978.8,0.6623,cloud_heavy
5865,9,244,9498.9,11873.6,0.6973,cloud_heavy
5866,10,244,10123.5,12654.4,0.7303,cloud_heavy
5867,11,244,10814.7,13518.4,0.7589,cloud_heavy
5868,12,244,10694.4,13368.0,0.7811,cloud_heavy
5869,13,244,11286.2,14107.7,0.7952,cloud_heavy
5870,14,244,10730.8,13413.4,0.8,cloud_heavy
5871,15,244,11423.5,14279.3,0.7952,cloud_heavy
5872,16,244,10604.8,13256.0,0.7811,cloud_heavy
5873,17,244,10408.3,13010.4,0.7589,cloud_heavy
5874,18,244,9819.7,12274.6,0.7303,cloud_heavy
5875,19,244,10326.2,12907.8,0.6973,cloud_heavy
5876,20,244,9613.9,12017.4,0.6623,cloud_heavy
5877,21,244,9343.5,11679.4,0.6272,cloud_heavy
5878,22,244,9665.2,12081.5,0.5939,cloud_heavy
5879,23,244,9423.3,11779.1,0.5636,cloud_heavy
5880,0,245,8862.5,11078.1,0.4829,cloud_heavy
5881,1,245,8576.3,10720.4,0.4978,cloud_heavy
5882,2,245,8788.7,10985.8,0.5177,cloud_heavy
5883,3,245,8954.9,11193.6,0.5431,cloud_heavy
5884,4,245,9395.6,11744.5,0.5747,cloud_heavy
5885,5,245,9869.2,12336.5,0.6123,cloud_heavy
5886,6,245,9823.6,12279.6,0.6556,cloud_heavy
5887,7,245,10626.4,13283.0,0.7032,cloud_heavy
5888,8,245,10643.1,13303.9,0.7533,cloud_heavy
5889,9,245,10620.7,13275.9,0.8033,cloud_heavy
5890,10,245,11281.6,14102.0,0.8504,cloud_heavy
5891,11,245,11856.2,14820.3,0.8912,cloud_heavy
5892,12,245,12178.1,15222.7,0.923,cloud_heavy
5893,13,245,12036.6,15045.8,0.9431,cloud_heavy
5894,14,245,11677.5,14596.9,0.95,cloud_heavy
5895,15,245,11547.2,14434.0,0.9431,cloud_heavy
5896,16,245,11687.9,14609.9,0.923,cloud_heavy
5897,17,245,11845.4,14806.7,0.8912,cloud_heavy
5898,18,245,11151.2,13939.0,0.8504,cloud_heavy
5899,19,245,10841.9,13552.4,0.8033,cloud_heavy
5900,20,245,10380.1,12975.2,0.7533,cloud_heavy
5901,21,245,9933.3,12416.7,0.7032,cloud_heavy
5902,22,245,9669.1,12086.3,0.6556,cloud_heavy
5903,23,245,9468.0,11835.0,0.6123,cloud_heavy
5904,0,246,9013.2,11266.5,0.4829,cloud_heavy
5905,1,246,8608.2,10760.2,0.4978,cloud_heavy
5906,2,246,8816.0,11020.0,0.5177,cloud_heavy
5907,3,246,8738.1,10922.6,0.5431,cloud_heavy
5908,4,246,9377.5,11721.8,0.5747,cloud_heavy
5909,5,246,9816.3,12270.4,0.6123,cloud_heavy
5910,6,246,10189.9,12737.3,0.6556,cloud_heavy
5911,7,246,10093.2,12616.5,0.7032,cloud_heavy
5912,8,246,10542.7,13178.4,0.7533,cloud_heavy
5913,9,246,10646.8,13308.5,0.8033,cloud_heavy
5914,10,246,11182.3,13977.9,0.8504,cloud_heavy
5915,11,246,11385.2,14231.5,0.8912,cloud_heavy
5916,12,246,11509.4,14386.8,0.923,cloud_heavy
5917,13,246,11670.8,14588.5,0.9431,cloud_heavy
5918,14,246,11826.7,14783.4,0.95,cloud_heavy
5919,15,246,11520.2,14400.3,0.9431,cloud_heavy
5920,16,246,11405.8,14257.2,0.923,cloud_heavy
5921,17,246,11856.7,14820.9,0.8912,cloud_heavy
5922,18,246,11903.1,14878.8,0.8504,cloud_heavy
5923,19,246,10309.6,12887.0,0.8033,cloud_heavy
5924,20,246,9972.5,12465.7,0.7533,cloud_heavy
5925,21,246,9743.9,12179.9,0.7032,cloud_heavy
5926,22,246,9686.2,12107.8,0.6556,cloud_heavy
5927,23,246,9683.1,12103.9,0.6123,cloud_heavy
5928,0,247,8723.4,10904.3,0.4829,cloud_heavy
5929,1,247,8715.3,10894.1,0.4978,cloud_heavy
5930,2,247,8941.8,11177.3,0.5177,cloud_heavy
5931,3,247,8784.7,10980.9,0.5431,cloud_heavy
5932,4,247,9112.9,11391.1,0.5747,cloud_heavy
5933,5,247,9424.0,11780.0,0.6123,cloud_heavy
5934,6,247,9254.6,11568.2,0.6556,cloud_heavy
5935,7,247,9682.5,12103.1,0.7032,cloud_heavy
5936,8,247,10015.4,12519.3,0.7533,cloud_heavy
5937,9,247,10941.2,13676.5,0.8033,cloud_heavy
5938,10,247,11089.0,13861.2,0.8504,cloud_heavy
5939,11,247,11485.7,14357.2,0.8912,cloud_heavy
5940,12,247,10855.3,13569.1,0.923,cloud_heavy
5941,13,247,11105.5,13881.9,0.9431,cloud_heavy
5942,14,247,11900.7,14875.8,0.95,cloud_heavy
5943,15,247,10653.9,13317.4,0.9431,cloud_heavy
5944,16,247,11911.5,14889.3,0.923,cloud_heavy
5945,17,247,10662.0,13327.5,0.8912,cloud_heavy
5946,18,247,11286.4,14108.1,0.8504,cloud_heavy
5947,19,247,10410.9,13013.6,0.8033,cloud_heavy
5948,20,247,10690.3,13362.8,0.7533,cloud_heavy
5949,21,247,10997.5,13746.9,0.7032,cloud_heavy
5950,22,247,9053.7,11317.2,0.6556,cloud_heavy
5951,23,247,9626.4,12033.0,0.6123,cloud_heavy
5952,0,248,8106.4,10133.0,0.4829,cloud_heavy
5953,1,248,8781.5,10976.9,0.4978,cloud_heavy
5954,2,248,8747.5,10934.4,0.5177,cloud_heavy
5955,3,248,9005.9,11257.4,0.5431,cloud_heavy
5956,4,248,8929.0,11161.3,0.5747,cloud_heavy
5957,5,248,9650.5,12063.2,0.6123,cloud_heavy
5958,6,248,9294.2,11617.7,0.6556,cloud_heavy
5959,7,248,10405.7,13007.1,0.7032,cloud_heavy
5960,8,248,10236.9,12796.1,0.7533,cloud_heavy
5961,9,248,10245.9,12807.4,0.8033,cloud_heavy
5962,10,248,11534.7,14418.3,0.8504,cloud_heavy
5963,11,248,11256.2,14070.2,0.8912,cloud_heavy
5964,12,248,12146.9,15183.6,0.923,cloud_heavy
5965,13,248,12048.6,15060.8,0.9431,cloud_heavy
5966,14,248,11389.1,14236.4,0.95,cloud_heavy
5967,15,248,11593.1,14491.4,0.9431,cloud_heavy
5968,16,248,11531.1,14413.8,0.923,cloud_heavy
5969,17,248,11795.4,14744.3,0.8912,cloud_heavy
5970,18,248,11152.4,13940.5,0.8504,cloud_heavy
5971,19,248,10752.6,13440.8,0.8033,cloud_heavy
5972,20,248,10302.0,12877.5,0.7533,cloud_heavy
5973,21,248,10016.8,12521.0,0.7032,cloud_heavy
5974,22,248,10096.6,12620.8,0.6556,cloud_heavy
5975,23,248,9430.8,11788.5,0.6123,cloud_heavy
5976,0,249,8469.8,10587.3,0.4829,cloud_heavy
5977,1,249,8523.7,10654.6,0.4978,cloud_heavy
5978,2,249,8655.9,10819.9,0.5177,cloud_heavy
5979,3,249,8593.6,10742.1,0.5431,cloud_heavy
5980,4,249,8973.4,11216.8,0.5747,cloud_heavy
5981,5,249,9853.6,12317.0,0.6123,cloud_heavy
5982,6,249,9656.1,12070.1,0.6556,cloud_heavy
5983,7,249,10244.0,12805.0,0.7032,cloud_heavy
5984,8,249,9593.4,11991.8,0.7533,cloud_heavy
5985,9,249,10878.4,13598.0,0.8033,cloud_heavy
5986,10,249,10954.7,13693.3,0.8504,cloud_heavy
5987,11,249,11116.1,13895.1,0.8912,cloud_heavy
5988,12,249,11551.7,14439.7,0.923,cloud_heavy
5989,13,249,11449.9,14312.4,0.9431,cloud_heavy
5990,14,249,10925.0,13656.3,0.95,cloud_heavy
5991,15,249,11944.3,14930.4,0.9431,cloud_heavy
5992,16,249,11573.1,14466.4,0.923,cloud_heavy
5993,17,249,11172.7,13965.9,0.8912,cloud_heavy
5994,18,249,10688.9,13361.1,0.8504,cloud_heavy
5995,19,249,10224.4,12780.5,0.8033,cloud_heavy
5996,20,249,10433.8,13042.2,0.7533,cloud_heavy
5997,21,249,10517.6,13147.0,0.7032,cloud_heavy
5998,22,249,9775.6,12219.4,0.6556,cloud_heavy
5999,23,249,9038.6,11298.2,0.6123,cloud_heavy
6000,0,250,8563.5,10704.3,0.473,cloud_heavy
6001,1,250,8561.7,10702.1,0.4835,cloud_heavy
6002,2,250,8892.2,11115.3,0.4974,cloud_heavy
6003,3,250,8945.7,11182.1,0.5152,cloud_heavy
6004,4,250,8132.0,10165.0,0.5373,cloud_heavy
6005,5,250,9255.8,11569.8,0.5636,cloud_heavy
6006,6,250,9027.3,11284.1,0.5939,cloud_heavy
6007,7,250,9122.0,11402.6,0.6272,cloud_heavy
6008,8,250,9705.8,12132.2,0.6623,cloud_heavy
6009,9,250,10116.5,12645.6,0.6973,cloud_heavy
6010,10,250,9709.0,12136.2,0.7303,cloud_heavy
6011,11,250,10621.2,13276.5,0.7589,cloud_heavy
6012,12,250,10790.2,13487.7,0.7811,cloud_heavy
6013,13,250,10657.0,13321.2,0.7952,cloud_heavy
6014,14,250,10396.2,12995.2,0.8,cloud_heavy
6015,15,250,10329.3,12911.6,0.7952,cloud_heavy
6016,16,250,10873.3,13591.6,0.7811,cloud_heavy
6017,17,250,9929.8,12412.2,0.7589,cloud_heavy
6018,18,250,10537.7,13172.1,0.7303,cloud_heavy
6019,19,250,9943.8,12429.7,0.6973,cloud_heavy
6020,20,250,9732.9,12166.1,0.6623,cloud_heavy
6021,21,250,9040.2,11300.2,0.6272,cloud_heavy
6022,22,250,9266.5,11583.1,0.5939,cloud_heavy
6023,23,250,9274.5,11593.1,0.5636,cloud_heavy
6024,0,251,8165.0,10206.2,0.473,cloud_heavy
6025,1,251,8703.7,10879.6,0.4835,cloud_heavy
6026,2,251,8690.7,10863.4,0.4974,cloud_heavy
6027,3,251,8616.1,10770.1,0.5152,cloud_heavy
6028,4,251,9161.1,11451.4,0.5373,cloud_heavy
6029,5,251,8505.2,10631.5,0.5636,cloud_heavy
6030,6,251,9404.3,11755.4,0.5939,cloud_heavy
6031,7,251,9991.4,12489.2,0.6272,cloud_heavy
6032,8,251,10182.6,12728.3,0.6623,cloud_heavy
6033,9,251,10110.1,12637.7,0.6973,cloud_heavy
6034,10,251,10119.2,12649.0,0.7303,cloud_heavy
6035,11,251,10202.9,12753.7,0.7589,cloud_heavy
6036,12,251,10452.7,13065.9,0.7811,cloud_heavy
6037,13,251,10815.6,13519.5,0.7952,cloud_heavy
6038,14,251,10415.5,13019.4,0.8,cloud_heavy
6039,15,251,10883.8,13604.8,0.7952,cloud_heavy
6040,16,251,11223.7,14029.6,0.7811,cloud_heavy
6041,17,251,10382.0,12977.5,0.7589,cloud_heavy
6042,18,251,9799.8,12249.7,0.7303,cloud_heavy
6043,19,251,9590.1,11987.7,0.6973,cloud_heavy
6044,20,251,9988.4,12485.4,0.6623,cloud_heavy
6045,21,251,9511.4,11889.2,0.6272,cloud_heavy
6046,22,251,9552.3,11940.4,0.5939,cloud_heavy
6047,23,251,8961.1,11201.3,0.5636,cloud_heavy
6048,0,252,8785.0,10981.2,0.4829,cloud_heavy
6049,1,252,8629.4,10786.7,0.4978,cloud_heavy
6050,2,252,8608.7,10760.9,0.5177,cloud_heavy
6051,3,252,8863.1,11078.8,0.5431,cloud_heavy
6052,4,252,8850.4,11063.0,0.5747,cloud_heavy
6053,5,252,9992.5,12490.6,0.6123,cloud_heavy
6054,6,252,9688.2,12110.3,0.6556,cloud_heavy
6055,7,252,10226.0,12782.5,0.7032,cloud_heavy
6056,8,252,10197.2,12746.5,0.7533,cloud_heavy
6057,9,252,10358.5,12948.1,0.8033,cloud_heavy
6058,10,252,10930.7,13663.4,0.8504,cloud_heavy
6059,11,252,11651.6,14564.5,0.8912,cloud_heavy
6060,12,252,11309.9,14137.3,0.923,cloud_heavy
6061,13,252,11319.2,14149.0,0.9431,cloud_heavy
6062,14,252,11722.9,14653.7,0.95,cloud_heavy
6063,15,252,11796.8,14746.0,0.9431,cloud_heavy
6064,16,252,12055.6,15069.5,0.923,cloud_heavy
6065,17,252,11398.7,14248.3,0.8912,cloud_heavy
6066,18,252,11220.6,14025.8,0.8504,cloud_heavy
6067,19,252,10926.8,13658.6,0.8033,cloud_heavy
6068,20,252,10005.6,12507.1,0.7533,cloud_heavy
6069,21,252,9742.1,12177.6,0.7032,cloud_heavy
6070,22,252,9400.4,11750.5,0.6556,cloud_heavy
6071,23,252,9052.9,11316.1,0.6123,cloud_heavy
6072,0,253,8775.9,10969.9,0.4829,cloud_heavy
6073,1,253,8746.0,10932.5,0.4978,cloud_heavy
6074,2,253,8823.1,11028.9,0.5177,cloud_heavy
6075,3,253,8273.2,10341.5,0.5431,cloud_heavy
6076,4,253,9746.2,12182.7,0.5747,cloud_heavy
6077,5,253,9176.7,11470.9,0.6123,cloud_heavy
6078,6,253,10314.4,12893.0,0.6556,cloud_heavy
6079,7,253,9595.8,11994.8,0.7032,cloud_heavy
6080,8,253,10111.6,12639.4,0.7533,cloud_heavy
6081,9,253,9989.2,12486.5,0.8033,cloud_heavy
6082,10,253,11127.5,13909.4,0.8504,cloud_heavy
6083,11,253,10906.3,13632.9,0.8912,cloud_heavy
6084,12,253,11119.5,13899.4,0.923,cloud_heavy
6085,13,253,11144.2,13930.3,0.9431,cloud_heavy
6086,14,253,11940.6,14925.8,0.95,cloud_heavy
6087,15,253,11870.9,14838.6,0.9431,cloud_heavy
6088,16,253,12113.9,15142.4,0.923,cloud_heavy
6089,17,253,11047.0,13808.7,0.8912,cloud_heavy
6090,18,253,11080.2,13850.3,0.8504,cloud_heavy
6091,19,253,10282.3,12852.9,0.8033,cloud_heavy
6092,20,253,10260.0,12825.0,0.7533,cloud_heavy
6093,21,253,9875.9,12344.8,0.7032,cloud_heavy
6094,22,253,9851.7,12314.6,0.6556,cloud_heavy
6095,23,253,9717.4,12146.8,0.6123,cloud_heavy
6096,0,254,8826.2,11032.8,0.4829,cloud_heavy
6097,1,254,8451.3,10564.1,0.4978,cloud_heavy
6098,2,254,9065.8,11332.2,0.5177,cloud_heavy
6099,3,254,8959.1,11198.9,0.5431,cloud_heavy
6100,4,254,9090.7,11363.4,0.5747,cloud_heavy
6101,5,254,9229.3,11536.6,0.6123,cloud_heavy
6102,6,254,9553.1,11941.4,0.6556,cloud_heavy
6103,7,254,10556.4,13195.5,0.7032,cloud_heavy
6104,8,254,10459.7,13074.7,0.7533,cloud_heavy
6105,9,254,10752.1,13440.1,0.8033,cloud_heavy
6106,10,254,10921.3,13651.7,0.8504,cloud_heavy
6107,11,254,12106.6,15133.3,0.8912,cloud_heavy
6108,12,254,11939.2,14924.0,0.923,cloud_heavy
6109,13,254,11371.4,14214.2,0.9431,cloud_heavy
6110,14,254,11572.7,14465.9,0.95,cloud_heavy
6111,15,254,11548.1,14435.1,0.9431,cloud_heavy
6112,16,254,11539.6,14424.5,0.923,cloud_heavy
6113,17,254,11041.7,13802.1,0.8912,cloud_heavy
6114,18,254,11152.9,13941.1,0.8504,cloud_heavy
6115,19,254,11162.0,13952.5,0.8033,cloud_heavy
6116,20,254,9955.7,12444.6,0.7533,cloud_heavy
6117,21,254,9692.5,12115.6,0.7032,cloud_heavy
6118,22,254,9575.5,11969.4,0.6556,cloud_heavy
6119,23,254,9306.2,11632.7,0.6123,cloud_heavy
6120,0,255,9085.3,11356.6,0.4829,cloud_heavy
6121,1,255,8931.1,11163.9,0.4978,cloud_heavy
6122,2,255,9051.5,11314.4,0.5177,cloud_heavy
6123,3,255,8899.8,11124.8,0.5431,cloud_heavy
6124,4,255,9101.3,11376.6,0.5747,cloud_heavy
6125,5,255,9019.0,11273.8,0.6123,cloud_heavy
6126,6,255,9944.2,12430.3,0.6556,cloud_heavy
6127,7,255,10179.8,12724.7,0.7032,cloud_heavy
6128,8,255,10764.0,13455.0,0.7533,cloud_heavy
6129,9,255,10628.4,13285.5,0.8033,cloud_heavy
6130,10,255,10961.1,13701.4,0.8504,cloud_heavy
6131,11,255,11336.5,14170.6,0.8912,cloud_heavy
6132,12,255,11796.8,14746.0,0.923,cloud_heavy
6133,13,255,11110.1,13887.7,0.9431,cloud_heavy
6134,14,255,11926.2,14907.7,0.95,cloud_heavy
6135,15,255,11615.6,14519.5,0.9431,cloud_heavy
6136,16,255,11124.5,13905.6,0.923,cloud_heavy
6137,17,255,10573.6,13217.0,0.8912,cloud_heavy
6138,18,255,10962.9,13703.6,0.8504,cloud_heavy
6139,19,255,11160.6,13950.7,0.8033,cloud_heavy
6140,20,255,10884.8,13606.1,0.7533,cloud_heavy
6141,21,255,10139.0,12673.7,0.7032,cloud_heavy
6142,22,255,10288.2,12860.3,0.6556,cloud_heavy
6143,23,255,9417.6,11772.0,0.6123,cloud_heavy
6144,0,256,8816.5,11020.7,0.4829,cloud_heavy
6145,1,256,8553.2,10691.4,0.4978,cloud_heavy
6146,2,256,8666.2,10832.8,0.5177,cloud_heavy
6147,3,256,8788.6,10985.8,0.5431,cloud_heavy
6148,4,256,8612.6,10765.8,0.5747,cloud_heavy
6149,5,256,9793.8,12242.3,0.6123,cloud_heavy
6150,6,256,9529.3,11911.6,0.6556,cloud_heavy
6151,7,256,9790.8,12238.5,0.7032,cloud_heavy
6152,8,256,9997.3,12496.6,0.7533,cloud_heavy
6153,9,256,10630.5,13288.1,0.8033,cloud_heavy
6154,10,256,11590.3,14487.9,0.8504,cloud_heavy
6155,11,256,11987.4,14984.3,0.8912,cloud_heavy
6156,12,256,10916.9,13646.1,0.923,cloud_heavy
6157,13,256,11499.2,14374.0,0.9431,cloud_heavy
6158,14,256,11306.4,14133.0,0.95,cloud_heavy
6159,15,256,11967.4,14959.2,0.9431,cloud_heavy
6160,16,256,11588.1,14485.2,0.923,cloud_heavy
6161,17,256,11063.6,13829.5,0.8912,cloud_heavy
6162,18,256,11031.9,13789.9,0.8504,cloud_heavy
6163,19,256,10542.8,13178.6,0.8033,cloud_heavy
6164,20,256,10866.1,13582.6,0.7533,cloud_heavy
6165,21,256,10196.6,12745.8,0.7032,cloud_heavy
6166,22,256,9911.6,12389.5,0.6556,cloud_heavy
6167,23,256,8675.3,10844.1,0.6123,cloud_heavy
6168,0,257,8489.0,10611.2,0.473,cloud_heavy
6169,1,257,9111.4,11389.2,0.4835,cloud_heavy
6170,2,257,9012.4,11265.5,0.4974,cloud_heavy
6171,3,257,8298.9,10373.6,0.5152,cloud_heavy
6172,4,257,8848.1,11060.2,0.5373,cloud_heavy
6173,5,257,8778.6,10973.2,0.5636,cloud_heavy
6174,6,257,9785.3,12231.6,0.5939,cloud_heavy
6175,7,257,9598.3,11997.8,0.6272,cloud_heavy
6176,8,257,9536.1,11920.2,0.6623,cloud_heavy
6177,9,257,10003.5,12504.4,0.6973,cloud_heavy
6178,10,257,9412.8,11766.1,0.7303,cloud_heavy
6179,11,257,10062.8,12578.5,0.7589,cloud_heavy
6180,12,257,10560.1,13200.2,0.7811,cloud_heavy
6181,13,257,10912.0,13640.0,0.7952,cloud_heavy
6182,14,257,10052.4,12565.4,0.8,cloud_heavy
6183,15,257,10520.3,13150.4,0.7952,cloud_heavy
6184,16,257,10868.1,13585.2,0.7811,cloud_heavy
6185,17,257,9948.4,12435.5,0.7589,cloud_heavy
6186,18,257,10281.8,12852.3,0.7303,cloud_heavy
6187,19,257,10013.1,12516.3,0.6973,cloud_heavy
6188,20,257,10263.0,12828.7,0.6623,cloud_heavy
6189,21,257,9462.7,11828.3,0.6272,cloud_heavy
6190,22,257,9259.6,11574.5,0.5939,cloud_heavy
6191,23,257,9340.4,11675.5,0.5636,cloud_heavy
6192,0,258,8167.6,10209.5,0.473,cloud_heavy
6193,1,258,8518.6,10648.2,0.4835,cloud_heavy
6194,2,258,8549.0,10686.3,0.4974,cloud_heavy
6195,3,258,8749.1,10936.4,0.5152,cloud_heavy
6196,4,258,9159.5,11449.3,0.5373,cloud_heavy
6197,5,258,9258.3,11572.8,0.5636,cloud_heavy
6198,6,258,9098.4,11373.0,0.5939,cloud_heavy
6199,7,258,9567.5,11959.4,0.6272,cloud_heavy
6200,8,258,10197.4,12746.7,0.6623,cloud_heavy
6201,9,258,9744.0,12180.0,0.6973,cloud_heavy
6202,10,258,10256.1,12820.1,0.7303,cloud_heavy
6203,11,258,10341.1,12926.3,0.7589,cloud_heavy
6204,12,258,10528.7,13160.8,0.7811,cloud_heavy
6205,13,258,10121.4,12651.7,0.7952,cloud_heavy
6206,14,258,11125.8,13907.2,0.8,cloud_heavy
6207,15,258,10394.8,12993.5,0.7952,cloud_heavy
6208,16,258,10873.3,13591.6,0.7811,cloud_heavy
6209,17,258,10207.4,12759.3,0.7589,cloud_heavy
6210,18,258,10020.0,12525.0,0.7303,cloud_heavy
6211,19,258,10357.0,12946.2,0.6973,cloud_heavy
6212,20,258,10052.0,12565.0,0.6623,cloud_heavy
6213,21,258,9588.1,11985.1,0.6272,cloud_heavy
6214,22,258,9520.0,11900.0,0.5939,cloud_heavy
6215,23,258,9028.0,11285.0,0.5636,cloud_heavy
6216,0,259,8569.2,10711.5,0.4829,cloud_heavy
6217,1,259,8498.4,10623.0,0.4978,cloud_heavy
6218,2,259,9040.9,11301.1,0.5177,cloud_heavy
6219,3,259,8784.4,10980.5,0.5431,cloud_heavy
6220,4,259,9589.1,11986.4,0.5747,cloud_heavy
6221,5,259,9340.4,11675.5,0.6123,cloud_heavy
6222,6,259,9722.3,12152.9,0.6556,cloud_heavy
6223,7,259,10260.3,12825.4,0.7032,cloud_heavy
6224,8,259,10371.6,12964.5,0.7533,cloud_heavy
6225,9,259,10600.4,13250.6,0.8033,cloud_heavy
6226,10,259,10998.0,13747.5,0.8504,cloud_heavy
6227,11,259,11581.4,14476.8,0.8912,cloud_heavy
6228,12,259,11260.9,14076.1,0.923,cloud_heavy
6229,13,259,11578.8,14473.4,0.9431,cloud_heavy
6230,14,259,11672.1,14590.1,0.95,cloud_heavy
6231,15,259,11924.2,14905.3,0.9431,cloud_heavy
6232,16,259,11454.9,14318.7,0.923,cloud_heavy
6233,17,259,11890.9,14863.6,0.8912,cloud_heavy
6234,18,259,10956.2,13695.3,0.8504,cloud_heavy
6235,19,259,10619.8,13274.7,0.8033,cloud_heavy
6236,20,259,10311.0,12888.7,0.7533,cloud_heavy
6237,21,259,9635.7,12044.7,0.7032,cloud_heavy
6238,22,259,9414.1,11767.7,0.6556,cloud_heavy
6239,23,259,9279.6,11599.5,0.6123,cloud_heavy
6240,0,260,8863.5,11079.3,0.4829,cloud_heavy
6241,1,260,8661.9,10827.4,0.4978,cloud_heavy
6242,2,260,8674.2,10842.7,0.5177,cloud_heavy
6243,3,260,9301.1,11626.4,0.5431,cloud_heavy
6244,4,260,9607.3,12009.1,0.5747,cloud_heavy
6245,5,260,9784.9,12231.1,0.6123,cloud_heavy
6246,6,260,9467.7,11834.6,0.6556,cloud_heavy
6247,7,260,9883.0,12353.7,0.7032,cloud_heavy
6248,8,260,10928.1,13660.1,0.7533,cloud_heavy
6249,9,260,10773.4,13466.8,0.8033,cloud_heavy
6250,10,260,10919.6,13649.5,0.8504,cloud_heavy
6251,11,260,11522.0,14402.6,0.8912,cloud_heavy
6252,12,260,11836.6,14795.7,0.923,cloud_heavy
6253,13,260,11423.5,14279.4,0.9431,cloud_heavy
6254,14,260,11745.3,14681.6,0.95,cloud_heavy
6255,15,260,11945.9,14932.3,0.9431,cloud_heavy
6256,16,260,11089.4,13861.8,0.923,cloud_heavy
6257,17,260,11283.2,14103.9,0.8912,cloud_heavy
6258,18,260,10639.9,13299.9,0.8504,cloud_heavy
6259,19,260,10380.4,12975.5,0.8033,cloud_heavy
6260,20,260,10189.1,12736.3,0.7533,cloud_heavy
6261,21,260,10175.6,12719.5,0.7032,cloud_heavy
6262,22,260,9622.5,12028.1,0.6556,cloud_heavy
6263,23,260,9246.3,11557.9,0.6123,cloud_heavy
6264,0,261,8584.6,10730.8,0.4829,cloud_heavy
6265,1,261,8372.2,10465.2,0.4978,cloud_heavy
6266,2,261,8915.4,11144.2,0.5177,cloud_heavy
6267,3,261,9275.5,11594.3,0.5431,cloud_heavy
6268,4,261,9158.3,11447.9,0.5747,cloud_heavy
6269,5,261,9372.4,11715.5,0.6123,cloud_heavy
6270,6,261,9825.2,12281.5,0.6556,cloud_heavy
6271,7,261,9421.5,11776.9,0.7032,cloud_heavy
6272,8,261,10531.1,13163.8,0.7533,cloud_heavy
6273,9,261,11691.4,14614.2,0.8033,cloud_heavy
6274,10,261,10967.4,13709.3,0.8504,cloud_heavy
6275,11,261,11238.7,14048.3,0.8912,cloud_heavy
6276,12,261,11745.7,14682.1,0.923,cloud_heavy
6277,13,261,12196.5,15245.6,0.9431,cloud_heavy
6278,14,261,12009.8,15012.2,0.95,cloud_heavy
6279,15,261,10871.2,13588.9,0.9431,cloud_heavy
6280,16,261,11683.5,14604.4,0.923,cloud_heavy
6281,17,261,12149.2,15186.5,0.8912,cloud_heavy
6282,18,261,11213.5,14016.9,0.8504,cloud_heavy
6283,19,261,10325.5,12906.9,0.8033,cloud_heavy
6284,20,261,10451.8,13064.7,0.7533,cloud_heavy
6285,21,261,9646.6,12058.2,0.7032,cloud_heavy
6286,22,261,10075.7,12594.6,0.6556,cloud_heavy
6287,23,261,9159.3,11449.1,0.6123,cloud_heavy
6288,0,262,8590.5,10738.1,0.4829,cloud_heavy
6289,1,262,8447.4,10559.3,0.4978,cloud_heavy
6290,2,262,8657.8,10822.3,0.5177,cloud_heavy
6291,3,262,9371.0,11713.7,0.5431,cloud_heavy
6292,4,262,9208.6,11510.7,0.5747,cloud_heavy
6293,5,262,9271.5,11589.4,0.6123,cloud_heavy
6294,6,262,9382.5,11728.1,0.6556,cloud_heavy
6295,7,262,9468.7,11835.9,0.7032,cloud_heavy
6296,8,262,9975.1,12468.9,0.7533,cloud_heavy
6297,9,262,10732.0,13415.0,0.8033,cloud_heavy
6298,10,262,11331.7,14164.6,0.8504,cloud_heavy
6299,11,262,11089.4,13861.7,0.8912,cloud_heavy
6300,12,262,12030.7,15038.4,0.923,cloud_heavy
6301,13,262,11372.6,14215.7,0.9431,cloud_heavy
6302,14,262,11585.2,14481.5,0.95,cloud_heavy
6303,15,262,11246.3,14057.9,0.9431,cloud_heavy
6304,16,262,11830.9,14788.6,0.923,cloud_heavy
6305,17,262,11988.7,14985.9,0.8912,cloud_heavy
6306,18,262,10426.1,13032.7,0.8504,cloud_heavy
6307,19,262,10585.0,13231.2,0.8033,cloud_heavy
6308,20,262,10757.4,13446.8,0.7533,cloud_heavy
6309,21,262,9596.5,11995.7,0.7032,cloud_heavy
6310,22,262,9881.5,12351.9,0.6556,cloud_heavy
6311,23,262,9775.3,12219.1,0.6123,cloud_heavy
6312,0,263,8591.5,10739.4,0.4829,cloud_heavy
6313,1,263,8813.7,11017.1,0.4978,cloud_heavy
6314,2,263,9267.1,11583.9,0.5177,cloud_heavy
6315,3,263,9495.4,11869.2,0.5431,cloud_heavy
6316,4,263,9163.0,11453.8,0.5747,cloud_heavy
6317,5,263,9279.1,11598.9,0.6123,cloud_heavy
6318,6,263,9448.2,11810.2,0.6556,cloud_heavy
6319,7,263,10326.0,12907.5,0.7032,cloud_heavy
6320,8,263,9937.6,12422.0,0.7533,cloud_heavy
6321,9,263,10615.0,13268.7,0.8033,cloud_heavy
6322,10,263,11041.9,13802.3,0.8504,cloud_heavy
6323,11,263,11108.8,13886.0,0.8912,cloud_heavy
6324,12,263,11585.8,14482.3,0.923,cloud_heavy
6325,13,263,12517.0,15646.2,0.9431,cloud_heavy
6326,14,263,11625.9,14532.4,0.95,cloud_heavy
6327,15,263,11471.0,14338.7,0.9431,cloud_heavy
6328,16,263,11839.3,14799.2,0.923,cloud_heavy
6329,17,263,11360.0,14200.1,0.8912,cloud_heavy
6330,18,263,11483.3,14354.1,0.8504,cloud_heavy
6331,19,263,10748.9,13436.1,0.8033,cloud_heavy
6332,20,263,10286.9,12858.6,0.7533,cloud_heavy
6333,21,263,9495.2,11869.0,0.7032,cloud_heavy
6334,22,263,9244.2,11555.3,0.6556,cloud_heavy
6335,23,263,8910.4,11138.0,0.6123,cloud_heavy
6336,0,264,8602.8,10753.5,0.473,cloud_heavy
6337,1,264,8225.0,10281.2,0.4835,cloud_heavy
6338,2,264,8994.0,11242.5,0.4974,cloud_heavy
6339,3,264,8793.7,10992.1,0.5152,cloud_heavy
6340,4,264,8866.7,11083.4,0.5373,cloud_heavy
6341,5,264,8876.3,11095.4,0.5636,cloud_heavy
6342,6,264,9481.2,11851.5,0.5939,cloud_heavy
6343,7,264,9298.5,11623.1,0.6272,cloud_heavy
6344,8,264,9472.4,11840.5,0.6623,cloud_heavy
6345,9,264,10349.5,12936.9,0.6973,cloud_heavy
6346,10,264,10320.2,12900.3,0.7303,cloud_heavy
6347,11,264,10328.0,12910.0,0.7589,cloud_heavy
6348,12,264,10751.6,13439.5,0.7811,cloud_heavy
6349,13,264,10644.8,13306.1,0.7952,cloud_heavy
6350,14,264,10796.6,13495.8,0.8,cloud_heavy
6351,15,264,10381.2,12976.5,0.7952,cloud_heavy
6352,16,264,11203.8,14004.7,0.7811,cloud_heavy
6353,17,264,10220.5,12775.6,0.7589,cloud_heavy
6354,18,264,10688.3,13360.4,0.7303,cloud_heavy
6355,19,264,9936.7,12420.8,0.6973,cloud_heavy
6356,20,264,9997.3,12496.6,0.6623,cloud_heavy
6357,21,264,9738.3,12172.9,0.6272,cloud_heavy
6358,22,264,9627.7,12034.6,0.5939,cloud_heavy
6359,23,264,8877.2,11096.5,0.5636,cloud_heavy
6360,0,265,8780.5,10975.6,0.473,cloud_heavy
6361,1,265,9050.4,11313.0,0.4835,cloud_heavy
6362,2,265,8600.3,10750.3,0.4974,cloud_heavy
6363,3,265,8794.9,10993.6,0.5152,cloud_heavy
6364,4,265,8791.9,10989.8,0.5373,cloud_heavy
6365,5,265,9012.2,11265.3,0.5636,cloud_heavy
6366,6,265,9785.4,12231.7,0.5939,cloud_heavy
6367,7,265,9241.4,11551.7,0.6272,cloud_heavy
6368,8,265,9485.1,11856.3,0.6623,cloud_heavy
6369,9,265,10476.2,13095.3,0.6973,cloud_heavy
6370,10,265,10402.9,13003.7,0.7303,cloud_heavy
6371,11,265,11063.0,13828.7,0.7589,cloud_heavy
6372,12,265,10406.1,13007.6,0.7811,cloud_heavy
6373,13,265,10682.3,13352.9,0.7952,cloud_heavy
6374,14,265,10462.4,13078.0,0.8,cloud_heavy
6375,15,265,10687.7,13359.7,0.7952,cloud_heavy
6376,16,265,9987.2,12484.0,0.7811,cloud_heavy
6377,17,265,10615.1,13268.8,0.7589,cloud_heavy
6378,18,265,10310.7,12888.4,0.7303,cloud_heavy
6379,19,265,9976.0,12470.0,0.6973,cloud_heavy
6380,20,265,9646.6,12058.3,0.6623,cloud_heavy
6381,21,265,9272.7,11590.9,0.6272,cloud_heavy
6382,22,265,9510.7,11888.4,0.5939,cloud_heavy
6383,23,265,8786.9,10983.6,0.5636,cloud_heavy
6384,0,266,8703.0,10878.8,0.4829,cloud_heavy
6385,1,266,9210.1,11512.7,0.4978,cloud_heavy
6386,2,266,9194.4,11493.0,0.5177,cloud_heavy
6387,3,266,8565.9,10707.4,0.5431,cloud_heavy
6388,4,266,9032.3,11290.4,0.5747,cloud_heavy
6389,5,266,9548.9,11936.2,0.6123,cloud_heavy
6390,6,266,9695.9,12119.8,0.6556,cloud_heavy
6391,7,266,9610.8,12013.5,0.7032,cloud_heavy
6392,8,266,10484.0,13104.9,0.7533,cloud_heavy
6393,9,266,10692.8,13366.0,0.8033,cloud_heavy
6394,10,266,11640.1,14550.2,0.8504,cloud_heavy
6395,11,266,11193.3,13991.6,0.8912,cloud_heavy
6396,12,266,11891.9,14864.9,0.923,cloud_heavy
6397,13,266,11181.0,13976.2,0.9431,cloud_heavy
6398,14,266,11308.6,14135.8,0.95,cloud_heavy
6399,15,266,11874.4,14843.0,0.9431,cloud_heavy
6400,16,266,11862.9,14828.6,0.923,cloud_heavy
6401,17,266,10955.0,13693.8,0.8912,cloud_heavy
6402,18,266,11015.9,13769.9,0.8504,cloud_heavy
6403,19,266,10252.7,12815.9,0.8033,cloud_heavy
6404,20,266,10307.8,12884.8,0.7533,cloud_heavy
6405,21,266,10283.9,12854.9,0.7032,cloud_heavy
6406,22,266,9589.6,11986.9,0.6556,cloud_heavy
6407,23,266,9359.3,11699.1,0.6123,cloud_heavy
6408,0,267,8280.9,10351.1,0.4829,cloud_heavy
6409,1,267,8501.9,10627.3,0.4978,cloud_heavy
6410,2,267,9266.4,11583.0,0.5177,cloud_heavy
6411,3,267,8990.6,11238.3,0.5431,cloud_heavy
6412,4,267,8904.1,11130.1,0.5747,cloud_heavy
6413,5,267,9340.7,11675.8,0.6123,cloud_heavy
6414,6,267,9250.7,11563.4,0.6556,cloud_heavy
6415,7,267,9726.8,12158.5,0.7032,cloud_heavy
6416,8,267,10787.1,13483.9,0.7533,cloud_heavy
6417,9,267,10650.3,13312.9,0.8033,cloud_heavy
6418,10,267,11632.3,14540.4,0.8504,cloud_heavy
6419,11,267,11246.7,14058.4,0.8912,cloud_heavy
6420,12,267,11477.0,14346.2,0.923,cloud_heavy
6421,13,267,11846.2,14807.8,0.9431,cloud_heavy
6422,14,267,10732.9,13416.2,0.95,cloud_heavy
6423,15,267,11694.2,14617.8,0.9431,cloud_heavy
6424,16,267,11472.5,14340.6,0.923,cloud_heavy
6425,17,267,11781.8,14727.3,0.8912,cloud_heavy
6426,18,267,11326.5,14158.1,0.8504,cloud_heavy
6427,19,267,10332.3,12915.3,0.8033,cloud_heavy
6428,20,267,10750.4,13438.0,0.7533,cloud_heavy
6429,21,267,9953.1,12441.3,0.7032,cloud_heavy
6430,22,267,9452.7,11815.9,0.6556,cloud_heavy
6431,23,267,9485.5,11856.9,0.6123,cloud_heavy
6432,0,268,8519.2,10649.1,0.4829,cloud_heavy
6433,1,268,9070.7,11338.4,0.4978,cloud_heavy
6434,2,268,8892.1,11115.1,0.5177,cloud_heavy
6435,3,268,9026.3,11282.9,0.5431,cloud_heavy
6436,4,268,9428.1,11785.2,0.5747,cloud_heavy
6437,5,268,9738.9,12173.6,0.6123,cloud_heavy
6438,6,268,9944.8,12430.9,0.6556,cloud_heavy
6439,7,268,10459.2,13074.0,0.7032,cloud_heavy
6440,8,268,10553.4,13191.8,0.7533,cloud_heavy
6441,9,268,10749.8,13437.3,0.8033,cloud_heavy
6442,10,268,11417.2,14271.5,0.8504,cloud_heavy
6443,11,268,11248.2,14060.3,0.8912,cloud_heavy
6444,12,268,11500.8,14376.0,0.923,cloud_heavy
6445,13,268,12223.1,15278.8,0.9431,cloud_heavy
6446,14,268,12236.3,15295.3,0.95,cloud_heavy
6447,15,268,11619.9,14524.9,0.9431,cloud_heavy
6448,16,268,11333.0,14166.3,0.923,cloud_heavy
6449,17,268,11774.1,14717.6,0.8912,cloud_heavy
6450,18,268,11272.3,14090.3,0.8504,cloud_heavy
6451,19,268,10797.3,13496.6,0.8033,cloud_heavy
6452,20,268,10264.1,12830.1,0.7533,cloud_heavy
6453,21,268,10131.8,12664.8,0.7032,cloud_heavy
6454,22,268,9710.0,12137.5,0.6556,cloud_heavy
6455,23,268,9241.8,11552.2,0.6123,cloud_heavy
6456,0,269,8604.6,10755.7,0.4829,cloud_heavy
6457,1,269,8739.6,10924.5,0.4978,cloud_heavy
6458,2,269,8703.0,10878.8,0.5177,cloud_heavy
6459,3,269,9214.2,11517.8,0.5431,cloud_heavy
6460,4,269,9535.1,11918.8,0.5747,cloud_heavy
6461,5,269,9704.1,12130.1,0.6123,cloud_heavy
6462,6,269,9635.8,12044.8,0.6556,cloud_heavy
6463,7,269,10259.5,12824.3,0.7032,cloud_heavy
6464,8,269,10388.4,12985.5,0.7533,cloud_heavy
6465,9,269,10299.5,12874.4,0.8033,cloud_heavy
6466,10,269,11230.1,14037.6,0.8504,cloud_heavy
6467,11,269,11328.4,14160.5,0.8912,cloud_heavy
6468,12,269,12383.3,15479.1,0.923,cloud_heavy
6469,13,269,12130.9,15163.6,0.9431,cloud_heavy
6470,14,269,11917.4,14896.8,0.95,cloud_heavy
6471,15,269,11709.7,14637.1,0.9431,cloud_heavy
6472,16,269,11545.8,14432.2,0.923,cloud_heavy
6473,17,269,10939.4,13674.2,0.8912,cloud_heavy
6474,18,269,10433.7,13042.1,0.8504,cloud_heavy
6475,19,269,10416.1,13020.1,0.8033,cloud_heavy
6476,20,269,10349.3,12936.6,0.7533,cloud_heavy
6477,21,269,9398.3,11747.9,0.7032,cloud_heavy
6478,22,269,9557.7,11947.1,0.6556,cloud_heavy
6479,23,269,9359.7,11699.6,0.6123,cloud_heavy
6480,0,270,8516.0,10645.0,0.4829,cloud_heavy
6481,1,270,8498.4,10623.0,0.4978,cloud_heavy
6482,2,270,8712.0,10889.9,0.5177,cloud_heavy
6483,3,270,9434.9,11793.7,0.5431,cloud_heavy
6484,4,270,9362.5,11703.1,0.5747,cloud_heavy
6485,5,270,9271.2,11589.0,0.6123,cloud_heavy
6486,6,270,9696.4,12120.5,0.6556,cloud_heavy
6487,7,270,10023.5,12529.4,0.7032,cloud_heavy
6488,8,270,10125.4,12656.7,0.7533,cloud_heavy
6489,9,270,10449.2,13061.5,0.8033,cloud_heavy
6490,10,270,11341.7,14177.1,0.8504,cloud_heavy
6491,11,270,11136.9,13921.2,0.8912,cloud_heavy
6492,12,270,11112.0,13890.0,0.923,cloud_heavy
6493,13,270,11607.7,14509.7,0.9431,cloud_heavy
6494,14,270,11709.8,14637.3,0.95,cloud_heavy
6495,15,270,10934.9,13668.7,0.9431,cloud_heavy
6496,16,270,11475.3,14344.1,0.923,cloud_heavy
6497,17,270,11572.7,14465.8,0.8912,cloud_heavy
6498,18,270,11157.0,13946.2,0.8504,cloud_heavy
6499,19,270,11411.5,14264.4,0.8033,cloud_heavy
6500,20,270,10753.1,13441.4,0.7533,cloud_heavy
6501,21,270,10468.1,13085.1,0.7032,cloud_heavy
6502,22,270,10532.5,13165.7,0.6556,cloud_heavy
6503,23,270,9644.2,12055.2,0.6123,cloud_heavy
6504,0,271,8547.6,10684.5,0.473,cloud_heavy
6505,1,271,8825.9,11032.4,0.4835,cloud_heavy
6506,2,271,8522.1,10652.7,0.4974,cloud_heavy
6507,3,271,8814.1,11017.7,0.5152,cloud_heavy
6508,4,271,8758.6,10948.2,0.5373,cloud_heavy
6509,5,271,9215.6,11519.5,0.5636,cloud_heavy
6510,6,271,9125.5,11406.8,0.5939,cloud_heavy
6511,7,271,9332.1,11665.1,0.6272,cloud_heavy
6512,8,271,9882.0,12352.5,0.6623,cloud_heavy
6513,9,271,9952.0,12440.0,0.6973,cloud_heavy
6514,10,271,9621.1,12026.4,0.7303,cloud_heavy
6515,11,271,9947.1,12433.9,0.7589,cloud_heavy
6516,12,271,10185.5,12731.9,0.7811,cloud_heavy
6517,13,271,10360.1,12950.1,0.7952,cloud_heavy
6518,14,271,10806.7,13508.4,0.8,cloud_heavy
6519,15,271,10711.9,13389.9,0.7952,cloud_heavy
6520,16,271,10885.7,13607.1,0.7811,cloud_heavy
6521,17,271,10636.2,13295.3,0.7589,cloud_heavy
6522,18,271,10540.0,13175.0,0.7303,cloud_heavy
6523,19,271,10175.7,12719.6,0.6973,cloud_heavy
6524,20,271,9822.4,12277.9,0.6623,cloud_heavy
6525,21,271,9842.7,12303.4,0.6272,cloud_heavy
6526,22,271,9564.2,11955.3,0.5939,cloud_heavy
6527,23,271,9209.6,11512.0,0.5636,cloud_heavy
6528,0,272,8830.4,11038.0,0.473,cloud_heavy
6529,1,272,7971.9,9964.9,0.4835,cloud_heavy
6530,2,272,8592.0,10740.0,0.4974,cloud_heavy
6531,3,272,8705.1,10881.4,0.5152,cloud_heavy
6532,4,272,9241.0,11551.2,0.5373,cloud_heavy
6533,5,272,9536.2,11920.2,0.5636,cloud_heavy
6534,6,272,8902.6,11128.2,0.5939,cloud_heavy
6535,7,272,9931.8,12414.8,0.6272,cloud_heavy
6536,8,272,9417.9,11772.4,0.6623,cloud_heavy
6537,9,272,9651.1,12063.9,0.6973,cloud_heavy
6538,10,272,10139.8,12674.8,0.7303,cloud_heavy
6539,11,272,10302.0,12877.6,0.7589,cloud_heavy
6540,12,272,10055.4,12569.3,0.7811,cloud_heavy
6541,13,272,10849.5,13561.8,0.7952,cloud_heavy
6542,14,272,10891.6,13614.4,0.8,cloud_heavy
6543,15,272,10978.5,13723.1,0.7952,cloud_heavy
6544,16,272,10411.4,13014.3,0.7811,cloud_heavy
6545,17,272,10389.0,12986.2,0.7589,cloud_heavy
6546,18,272,10202.3,12752.9,0.7303,cloud_heavy
6547,19,272,10499.3,13124.2,0.6973,cloud_heavy
6548,20,272,8931.0,11163.8,0.6623,cloud_heavy
6549,21,272,9254.9,11568.6,0.6272,cloud_heavy
6550,22,272,9309.0,11636.3,0.5939,cloud_heavy
6551,23,272,8810.3,11012.8,0.5636,cloud_heavy
6552,0,273,8505.0,10631.2,0.4829,cloud_heavy
6553,1,273,8637.7,10797.2,0.4978,cloud_heavy
6554,2,273,8628.5,10785.6,0.5177,cloud_heavy
6555,3,273,8988.3,11235.4,0.5431,cloud_heavy
6556,4,273,9353.1,11691.4,0.5747,cloud_heavy
6557,5,273,9362.9,11703.6,0.6123,cloud_heavy
6558,6,273,9584.2,11980.3,0.6556,cloud_heavy
6559,7,273,9982.1,12477.6,0.7032,cloud_heavy
6560,8,273,10361.8,12952.3,0.7533,cloud_heavy
6561,9,273,10137.6,12672.0,0.8033,cloud_heavy
6562,10,273,11160.4,13950.5,0.8504,cloud_heavy
6563,11,273,11126.4,13908.0,0.8912,cloud_heavy
6564,12,273,11924.2,14905.2,0.923,cloud_heavy
6565,13,273,11828.9,14786.1,0.9431,cloud_heavy
6566,14,273,12078.1,15097.6,0.95,cloud_heavy
6567,15,273,11270.3,14087.8,0.9431,cloud_heavy
6568,16,273,11361.3,14201.7,0.923,cloud_heavy
6569,17,273,10858.6,13573.2,0.8912,cloud_heavy
6570,18,273,10775.1,13468.8,0.8504,cloud_heavy
6571,19,273,11097.8,13872.3,0.8033,cloud_heavy
6572,20,273,10826.6,13533.3,0.7533,cloud_heavy
6573,21,273,9686.5,12108.1,0.7032,cloud_heavy
6574,22,273,9582.8,11978.4,0.6556,cloud_heavy
6575,23,273,9408.2,11760.2,0.6123,cloud_heavy
6576,0,274,8722.0,10902.5,0.4829,cloud_heavy
6577,1,274,8212.8,10266.0,0.4978,cloud_heavy
6578,2,274,8378.8,10473.6,0.5177,cloud_heavy
6579,3,274,9102.8,11378.4,0.5431,cloud_heavy
6580,4,274,8643.3,10804.2,0.5747,cloud_heavy
6581,5,274,9303.3,11629.2,0.6123,cloud_heavy
6582,6,274,9763.6,12204.5,0.6556,cloud_heavy
6583,7,274,10157.1,12696.4,0.7032,cloud_heavy
6584,8,274,10320.1,12900.1,0.7533,cloud_heavy
6585,9,274,10578.7,13223.3,0.8033,cloud_heavy
6586,10,274,11286.9,14108.6,0.8504,cloud_heavy
6587,11,274,11375.5,14219.4,0.8912,cloud_heavy
6588,12,274,11266.3,14082.9,0.923,cloud_heavy
6589,13,274,11635.9,14544.9,0.9431,cloud_heavy
6590,14,274,11802.6,14753.3,0.95,cloud_heavy
6591,15,274,12221.9,15277.4,0.9431,cloud_heavy
6592,16,274,11760.4,14700.5,0.923,cloud_heavy
6593,17,274,11689.9,14612.4,0.8912,cloud_heavy
6594,18,274,10806.3,13507.9,0.8504,cloud_heavy
6595,19,274,10527.8,13159.8,0.8033,cloud_heavy
6596,20,274,10291.0,12863.7,0.7533,cloud_heavy
6597,21,274,9988.8,12486.0,0.7032,cloud_heavy
6598,22,274,9422.5,11778.1,0.6556,cloud_heavy
6599,23,274,9787.8,12234.8,0.6123,cloud_heavy
6600,0,275,8798.5,10998.2,0.4829,cloud_heavy
6601,1,275,8591.0,10738.8,0.4978,cloud_heavy
6602,2,275,8971.6,11214.5,0.5177,cloud_heavy
6603,3,275,9031.0,11288.7,0.5431,cloud_heavy
6604,4,275,9378.3,11722.9,0.5747,cloud_heavy
6605,5,275,9049.4,11311.8,0.6123,cloud_heavy
6606,6,275,9673.9,12092.3,0.6556,cloud_heavy
6607,7,275,10014.5,12518.2,0.7032,cloud_heavy
6608,8,275,10558.1,13197.6,0.7533,cloud_heavy
6609,9,275,10494.4,13118.0,0.8033,cloud_heavy
6610,10,275,10182.4,12728.0,0.8504,cloud_heavy
6611,11,275,10913.0,13641.2,0.8912,cloud_heavy
6612,12,275,11468.3,14335.4,0.923,cloud_heavy
6613,13,275,11645.1,14556.3,0.9431,cloud_heavy
6614,14,275,12257.9,15322.4,0.95,cloud_heavy
6615,15,275,11826.0,14782.5,0.9431,cloud_heavy
6616,16,275,11517.5,14396.8,0.923,cloud_heavy
6617,17,275,11268.0,14085.0,0.8912,cloud_heavy
6618,18,275,11372.6,14215.7,0.8504,cloud_heavy
6619,19,275,10506.7,13133.4,0.8033,cloud_heavy
6620,20,275,10320.5,12900.7,0.7533,cloud_heavy
6621,21,275,9704.2,12130.2,0.7032,cloud_heavy
6622,22,275,10129.9,12662.4,0.6556,cloud_heavy
6623,23,275,9540.8,11925.9,0.6123,cloud_heavy
6624,0,276,8389.5,10486.8,0.4829,cloud_heavy
6625,1,276,8640.8,10800.9,0.4978,cloud_heavy
6626,2,276,8936.7,11170.9,0.5177,cloud_heavy
6627,3,276,8903.5,11129.4,0.5431,cloud_heavy
6628,4,276,9032.9,11291.1,0.5747,cloud_heavy
6629,5,276,9244.6,11555.8,0.6123,cloud_heavy
6630,6,276,9815.1,12268.9,0.6556,cloud_heavy
6631,7,276,9924.2,12405.3,0.7032,cloud_heavy
6632,8,276,10223.1,12778.8,0.7533,cloud_heavy
6633,9,276,10267.3,12834.2,0.8033,cloud_heavy
6634,10,276,11033.6,13792.0,0.8504,cloud_heavy
6635,11,276,11217.7,14022.1,0.8912,cloud_heavy
6636,12,276,11378.5,14223.1,0.923,cloud_heavy
6637,13,276,11692.1,14615.1,0.9431,cloud_heavy
6638,14,276,11930.3,14912.9,0.95,cloud_heavy
6639,15,276,11867.4,14834.3,0.9431,cloud_heavy
6640,16,276,11679.9,14599.8,0.923,cloud_heavy
6641,17,276,11197.5,13996.9,0.8912,cloud_heavy
6642,18,276,10820.7,13525.9,0.8504,cloud_heavy
6643,19,276,10361.1,12951.3,0.8033,cloud_heavy
6644,20,276,10179.7,12724.7,0.7533,cloud_heavy
6645,21,276,10037.9,12547.4,0.7032,cloud_heavy
6646,22,276,9487.1,11858.9,0.6556,cloud_heavy
6647,23,276,9456.9,11821.1,0.6123,cloud_heavy
6648,0,277,8323.1,10403.9,0.4829,cloud_heavy
6649,1,277,8238.5,10298.1,0.4978,cloud_heavy
6650,2,277,9018.5,11273.1,0.5177,cloud_heavy
6651,3,277,8843.3,11054.1,0.5431,cloud_heavy
6652,4,277,8949.6,11187.0,0.5747,cloud_heavy
6653,5,277,9120.3,11400.4,0.6123,cloud_heavy
6654,6,277,9839.6,12299.6,0.6556,cloud_heavy
6655,7,277,10445.8,13057.2,0.7032,cloud_heavy
6656,8,277,10238.8,12798.5,0.7533,cloud_heavy
6657,9,277,10626.9,13283.6,0.8033,cloud_heavy
6658,10,277,11361.8,14202.3,0.8504,cloud_heavy
6659,11,277,10666.4,13333.0,0.8912,cloud_heavy
6660,12,277,12167.3,15209.1,0.923,cloud_heavy
6661,13,277,12475.0,15593.7,0.9431,cloud_heavy
6662,14,277,10721.1,13401.4,0.95,cloud_heavy
6663,15,277,11588.8,14486.0,0.9431,cloud_heavy
6664,16,277,11241.5,14051.9,0.923,cloud_heavy
6665,17,277,11189.4,13986.7,0.8912,cloud_heavy
6666,18,277,10869.8,13587.2,0.8504,cloud_heavy
6667,19,277,10956.5,13695.6,0.8033,cloud_heavy
6668,20,277,10329.1,12911.4,0.7533,cloud_heavy
6669,21,277,9757.9,12197.3,0.7032,cloud_heavy
6670,22,277,9666.1,12082.7,0.6556,cloud_heavy
6671,23,277,9575.4,11969.2,0.6123,cloud_heavy
6672,0,278,8204.0,10255.0,0.473,cloud_heavy
6673,1,278,8151.9,10189.9,0.4835,cloud_heavy
6674,2,278,9185.7,11482.1,0.4974,cloud_heavy
6675,3,278,8616.4,10770.5,0.5152,cloud_heavy
6676,4,278,8895.3,11119.1,0.5373,cloud_heavy
6677,5,278,8998.2,11247.7,0.5636,cloud_heavy
6678,6,278,9460.5,11825.7,0.5939,cloud_heavy
6679,7,278,10035.2,12544.0,0.6272,cloud_heavy
6680,8,278,9930.8,12413.5,0.6623,cloud_heavy
6681,9,278,9538.1,11922.6,0.6973,cloud_heavy
6682,10,278,9787.6,12234.5,0.7303,cloud_heavy
6683,11,278,10276.8,12846.1,0.7589,cloud_heavy
6684,12,278,10463.7,13079.6,0.7811,cloud_heavy
6685,13,278,10092.2,12615.3,0.7952,cloud_heavy
6686,14,278,10936.4,13670.5,0.8,cloud_heavy
6687,15,278,10295.2,12869.0,0.7952,cloud_heavy
6688,16,278,11021.2,13776.5,0.7811,cloud_heavy
6689,17,278,10969.4,13711.8,0.7589,cloud_heavy
6690,18,278,10135.6,12669.4,0.7303,cloud_heavy
6691,19,278,10124.9,12656.1,0.6973,cloud_heavy
6692,20,278,9400.2,11750.3,0.6623,cloud_heavy
6693,21,278,9706.7,12133.4,0.6272,cloud_heavy
6694,22,278,9168.4,11460.5,0.5939,cloud_heavy
6695,23,278,8809.8,11012.3,0.5636,cloud_heavy
6696,0,279,8432.2,10540.2,0.473,cloud_heavy
6697,1,279,8455.6,10569.5,0.4835,cloud_heavy
6698,2,279,8583.0,10728.7,0.4974,cloud_heavy
6699,3,279,9036.0,11295.1,0.5152,cloud_heavy
6700,4,279,8721.7,10902.1,0.5373,cloud_heavy
6701,5,279,9580.9,11976.1,0.5636,cloud_heavy
6702,6,279,8937.5,11171.9,0.5939,cloud_heavy
6703,7,279,9990.2,12487.8,0.6272,cloud_heavy
6704,8,279,9463.3,11829.1,0.6623,cloud_heavy
6705,9,279,9993.0,12491.2,0.6973,cloud_heavy
6706,10,279,10061.4,12576.8,0.7303,cloud_heavy
6707,11,279,10294.1,12867.6,0.7589,cloud_heavy
6708,12,279,10802.2,13502.7,0.7811,cloud_heavy
6709,13,279,11120.8,13901.0,0.7952,cloud_heavy
6710,14,279,11055.2,13819.0,0.8,cloud_heavy
6711,15,279,10512.7,13140.9,0.7952,cloud_heavy
6712,16,279,10606.9,13258.6,0.7811,cloud_heavy
6713,17,279,10157.3,12696.6,0.7589,cloud_heavy
6714,18,279,9907.9,12384.8,0.7303,cloud_heavy
6715,19,279,9649.6,12062.0,0.6973,cloud_heavy
6716,20,279,9632.8,12041.0,0.6623,cloud_heavy
6717,21,279,9599.8,11999.8,0.6272,cloud_heavy
6718,22,279,8773.7,10967.1,0.5939,cloud_heavy
6719,23,279,9094.2,11367.7,0.5636,cloud_heavy
6720,0,280,8961.2,11201.5,0.4829,cloud_heavy
6721,1,280,8962.4,11202.9,0.4978,cloud_heavy
6722,2,280,8647.6,10809.5,0.5177,cloud_heavy
6723,3,280,8595.0,10743.8,0.5431,cloud_heavy
6724,4,280,9306.7,11633.4,0.5747,cloud_heavy
6725,5,280,8774.1,10967.7,0.6123,cloud_heavy
6726,6,280,10039.9,12549.9,0.6556,cloud_heavy
6727,7,280,9967.7,12459.7,0.7032,cloud_heavy
6728,8,280,10933.5,13666.9,0.7533,cloud_heavy
6729,9,280,10141.9,12677.4,0.8033,cloud_heavy
6730,10,280,11311.2,14138.9,0.8504,cloud_heavy
6731,11,280,11245.0,14056.2,0.8912,cloud_heavy
6732,12,280,11375.2,14219.1,0.923,cloud_heavy
6733,13,280,11145.1,13931.4,0.9431,cloud_heavy
6734,14,280,11877.0,14846.3,0.95,cloud_heavy
6735,15,280,11858.5,14823.2,0.9431,cloud_heavy
6736,16,280,12104.7,15130.8,0.923,cloud_heavy
6737,17,280,11620.1,14525.1,0.8912,cloud_heavy
6738,18,280,10811.8,13514.8,0.8504,cloud_heavy
6739,19,280,10373.9,12967.4,0.8033,cloud_heavy
6740,20,280,9938.7,12423.3,0.7533,cloud_heavy
6741,21,280,10475.4,13094.2,0.7032,cloud_heavy
6742,22,280,9489.5,11861.9,0.6556,cloud_heavy
6743,23,280,9848.5,12310.6,0.6123,cloud_heavy
6744,0,281,8706.4,10883.0,0.4829,cloud_heavy
6745,1,281,8756.3,10945.4,0.4978,cloud_heavy
6746,2,281,8721.1,10901.4,0.5177,cloud_heavy
6747,3,281,9148.8,11436.0,0.5431,cloud_heavy
6748,4,281,9175.8,11469.8,0.5747,cloud_heavy
6749,5,281,9325.3,11656.6,0.6123,cloud_heavy
6750,6,281,9919.2,12399.0,0.6556,cloud_heavy
6751,7,281,9988.7,12485.8,0.7032,cloud_heavy
6752,8,281,10115.9,12644.9,0.7533,cloud_heavy
6753,9,281,10888.5,13610.6,0.8033,cloud_heavy
6754,10,281,10986.8,13733.5,0.8504,cloud_heavy
6755,11,281,11444.4,14305.5,0.8912,cloud_heavy
6756,12,281,11332.9,14166.1,0.923,cloud_heavy
6757,13,281,11201.2,14001.5,0.9431,cloud_heavy
6758,14,281,12275.9,15344.8,0.95,cloud_heavy
6759,15,281,12162.1,15202.6,0.9431,cloud_heavy
6760,16,281,11794.0,14742.5,0.923,cloud_heavy
6761,17,281,11147.8,13934.7,0.8912,cloud_heavy
6762,18,281,10908.8,13636.0,0.8504,cloud_heavy
6763,19,281,11139.6,13924.5,0.8033,cloud_heavy
6764,20,281,10254.1,12817.7,0.7533,cloud_heavy
6765,21,281,9841.6,12302.0,0.7032,cloud_heavy
6766,22,281,10262.1,12827.6,0.6556,cloud_heavy
6767,23,281,9416.2,11770.3,0.6123,cloud_heavy
6768,0,282,9026.1,11282.7,0.4829,cloud_heavy
6769,1,282,8306.8,10383.5,0.4978,cloud_heavy
6770,2,282,8939.0,11173.7,0.5177,cloud_heavy
6771,3,282,9528.4,11910.5,0.5431,cloud_heavy
6772,4,282,9188.3,11485.4,0.5747,cloud_heavy
6773,5,282,9355.0,11693.8,0.6123,cloud_heavy
6774,6,282,9375.9,11719.9,0.6556,cloud_heavy
6775,7,282,10357.7,12947.2,0.7032,cloud_heavy
6776,8,282,10124.7,12655.9,0.7533,cloud_heavy
6777,9,282,10665.6,13332.0,0.8033,cloud_heavy
6778,10,282,10600.3,13250.3,0.8504,cloud_heavy
6779,11,282,11805.8,14757.2,0.8912,cloud_heavy
6780,12,282,11887.4,14859.3,0.923,cloud_heavy
6781,13,282,11611.8,14514.7,0.9431,cloud_heavy
6782,14,282,11264.5,14080.6,0.95,cloud_heavy
6783,15,282,12158.3,15197.9,0.9431,cloud_heavy
6784,16,282,11363.2,14204.0,0.923,cloud_heavy
6785,17,282,10905.0,13631.3,0.8912,cloud_heavy
6786,18,282,10426.0,13032.5,0.8504,cloud_heavy
6787,19,282,10488.8,13111.0,0.8033,cloud_heavy
6788,20,282,9911.9,12389.8,0.7533,cloud_heavy
6789,21,282,9844.6,12305.7,0.7032,cloud_heavy
6790,22,282,9933.3,12416.7,0.6556,cloud_heavy
6791,23,282,9323.5,11654.4,0.6123,cloud_heavy
6792,0,283,8662.9,10828.6,0.4829,cloud_heavy
6793,1,283,8482.4,10603.0,0.4978,cloud_heavy
6794,2,283,8819.3,11024.2,0.5177,cloud_heavy
6795,3,283,9488.0,11859.9,0.5431,cloud_heavy
6796,4,283,9084.1,11355.2,0.5747,cloud_heavy
6797,5,283,9538.5,11923.1,0.6123,cloud_heavy
6798,6,283,9260.0,11575.0,0.6556,cloud_heavy
6799,7,283,10489.5,13111.9,0.7032,cloud_heavy
6800,8,283,10215.8,12769.7,0.7533,cloud_heavy
6801,9,283,11033.1,13791.4,0.8033,cloud_heavy
6802,10,283,10967.3,13709.1,0.8504,cloud_heavy
6803,11,283,11485.9,14357.4,0.8912,cloud_heavy
6804,12,283,11720.6,14650.8,0.923,cloud_heavy
6805,13,283,11465.0,14331.3,0.9431,cloud_heavy
6806,14,283,12050.7,15063.4,0.95,cloud_heavy
6807,15,283,11358.1,14197.7,0.9431,cloud_heavy
6808,16,283,11757.5,14696.9,0.923,cloud_heavy
6809,17,283,11146.9,13933.7,0.8912,cloud_heavy
6810,18,283,11123.4,13904.2,0.8504,cloud_heavy
6811,19,283,10547.8,13184.7,0.8033,cloud_heavy
6812,20,283,10379.7,12974.6,0.7533,cloud_heavy
6813,21,283,9708.6,12135.7,0.7032,cloud_heavy
6814,22,283,9788.5,12235.6,0.6556,cloud_heavy
6815,23,283,9442.2,11802.8,0.6123,cloud_heavy
6816,0,284,8432.5,10540.6,0.4829,cloud_heavy
6817,1,284,8656.2,10820.3,0.4978,cloud_heavy
6818,2,284,8837.5,11046.9,0.5177,cloud_heavy
6819,3,284,8805.1,11006.4,0.5431,cloud_heavy
6820,4,284,9144.6,11430.8,0.5747,cloud_heavy
6821,5,284,9145.3,11431.6,0.6123,cloud_heavy
6822,6,284,10400.1,13000.1,0.6556,cloud_heavy
6823,7,284,10350.8,12938.4,0.7032,cloud_heavy
6824,8,284,10449.1,13061.3,0.7533,cloud_heavy
6825,9,284,11072.1,13840.2,0.8033,cloud_heavy
6826,10,284,10354.3,12942.9,0.8504,cloud_heavy
6827,11,284,10413.5,13016.9,0.8912,cloud_heavy
6828,12,284,11351.7,14189.7,0.923,cloud_heavy
6829,13,284,11142.1,13927.6,0.9431,cloud_heavy
6830,14,284,11585.7,14482.1,0.95,cloud_heavy
6831,15,284,11694.5,14618.1,0.9431,cloud_heavy
6832,16,284,11806.6,14758.3,0.923,cloud_heavy
6833,17,284,10893.8,13617.3,0.8912,cloud_heavy
6834,18,284,11139.9,13924.9,0.8504,cloud_heavy
6835,19,284,10700.7,13375.8,0.8033,cloud_heavy
6836,20,284,10472.2,13090.2,0.7533,cloud_heavy
6837,21,284,9875.6,12344.5,0.7032,cloud_heavy
6838,22,284,10119.5,12649.4,0.6556,cloud_heavy
6839,23,284,9400.4,11750.6,0.6123,cloud_heavy
6840,0,285,8958.8,11198.5,0.473,cloud_heavy
6841,1,285,8372.1,10465.1,0.4835,cloud_heavy
6842,2,285,8860.7,11075.9,0.4974,cloud_heavy
6843,3,285,8770.0,10962.5,0.5152,cloud_heavy
6844,4,285,8844.3,11055.4,0.5373,cloud_heavy
6845,5,285,9279.6,11599.5,0.5636,cloud_heavy
6846,6,285,9223.9,11529.9,0.5939,cloud_heavy
6847,7,285,8767.5,10959.4,0.6272,cloud_heavy
6848,8,285,8864.1,11080.1,0.6623,cloud_heavy
6849,9,285,10374.7,12968.4,0.6973,cloud_heavy
6850,10,285,10588.5,13235.6,0.7303,cloud_heavy
6851,11,285,10990.3,13737.8,0.7589,cloud_heavy
6852,12,285,10543.1,13178.8,0.7811,cloud_heavy
6853,13,285,10229.3,12786.6,0.7952,cloud_heavy
6854,14,285,10539.6,13174.6,0.8,cloud_heavy
6855,15,285,10645.6,13307.1,0.7952,cloud_heavy
6856,16,285,10229.9,12787.4,0.7811,cloud_heavy
6857,17,285,10915.8,13644.7,0.7589,cloud_heavy
6858,18,285,10897.7,13622.1,0.7303,cloud_heavy
6859,19,285,10136.7,12670.8,0.6973,cloud_heavy
6860,20,285,9757.8,12197.2,0.6623,cloud_heavy
6861,21,285,9158.3,11447.9,0.6272,cloud_heavy
6862,22,285,9739.3,12174.1,0.5939,cloud_heavy
6863,23,285,9127.7,11409.6,0.5636,cloud_heavy
6864,0,286,8432.2,10540.3,0.473,cloud_heavy
6865,1,286,8699.2,10874.0,0.4835,cloud_heavy
6866,2,286,8515.2,10644.1,0.4974,cloud_heavy
6867,3,286,8824.5,11030.6,0.5152,cloud_heavy
6868,4,286,8545.6,10682.0,0.5373,cloud_heavy
6869,5,286,9403.9,11754.8,0.5636,cloud_heavy
6870,6,286,9278.3,11597.9,0.5939,cloud_heavy
6871,7,286,9859.7,12324.6,0.6272,cloud_heavy
6872,8,286,9702.1,12127.6,0.6623,cloud_heavy
6873,9,286,9952.4,12440.6,0.6973,cloud_heavy
6874,10,286,9840.2,12300.3,0.7303,cloud_heavy
6875,11,286,10638.4,13298.0,0.7589,cloud_heavy
6876,12,286,10271.4,12839.3,0.7811,cloud_heavy
6877,13,286,10486.7,13108.4,0.7952,cloud_heavy
6878,14,286,10674.3,13342.9,0.8,cloud_heavy
6879,15,286,10680.7,13350.9,0.7952,cloud_heavy
6880,16,286,10008.7,12510.9,0.7811,cloud_heavy
6881,17,286,10329.3,12911.6,0.7589,cloud_heavy
6882,18,286,10455.2,13069.0,0.7303,cloud_heavy
6883,19,286,9879.9,12349.8,0.6973,cloud_heavy
6884,20,286,9695.1,12118.9,0.6623,cloud_heavy
6885,21,286,9574.9,11968.6,0.6272,cloud_heavy
6886,22,286,9272.3,11590.4,0.5939,cloud_heavy
6887,23,286,8825.3,11031.6,0.5636,cloud_heavy
6888,0,287,8562.0,10702.6,0.4829,cloud_heavy
6889,1,287,8929.1,11161.4,0.4978,cloud_heavy
6890,2,287,8524.6,10655.7,0.5177,cloud_heavy
6891,3,287,8870.2,11087.8,0.5431,cloud_heavy
6892,4,287,8799.6,10999.5,0.5747,cloud_heavy
6893,5,287,9696.0,12120.0,0.6123,cloud_heavy
6894,6,287,9689.4,12111.8,0.6556,cloud_heavy
6895,7,287,9776.1,12220.2,0.7032,cloud_heavy
6896,8,287,10392.8,12991.0,0.7533,cloud_heavy
6897,9,287,10309.8,12887.3,0.8033,cloud_heavy
6898,10,287,10666.6,13333.3,0.8504,cloud_heavy
6899,11,287,10784.9,13481.1,0.8912,cloud_heavy
6900,12,287,11121.7,13902.1,0.923,cloud_heavy
6901,13,287,12096.1,15120.1,0.9431,cloud_heavy
6902,14,287,11411.9,14264.8,0.95,cloud_heavy
6903,15,287,11785.3,14731.7,0.9431,cloud_heavy
6904,16,287,11201.1,14001.4,0.923,cloud_heavy
6905,17,287,11536.0,14420.0,0.8912,cloud_heavy
6906,18,287,10669.1,13336.4,0.8504,cloud_heavy
6907,19,287,10708.6,13385.8,0.8033,cloud_heavy
6908,20,287,10380.6,12975.7,0.7533,cloud_heavy
6909,21,287,10732.6,13415.7,0.7032,cloud_heavy
6910,22,287,9900.1,12375.1,0.6556,cloud_heavy
6911,23,287,9262.0,11577.5,0.6123,cloud_heavy
6912,0,288,8747.5,10934.4,0.4829,cloud_heavy
6913,1,288,9226.7,11533.4,0.4978,cloud_heavy
6914,2,288,8371.8,10464.8,0.5177,cloud_heavy
6915,3,288,8744.2,10930.3,0.5431,cloud_heavy
6916,4,288,9114.9,11393.6,0.5747,cloud_heavy
6917,5,288,9311.7,11639.7,0.6123,cloud_heavy
6918,6,288,9619.3,12024.2,0.6556,cloud_heavy
6919,7,288,9639.5,12049.4,0.7032,cloud_heavy
6920,8,288,10800.7,13500.8,0.7533,cloud_heavy
6921,9,288,10239.6,12799.4,0.8033,cloud_heavy
6922,10,288,10941.8,13677.3,0.8504,cloud_heavy
6923,11,288,11632.9,14541.1,0.8912,cloud_heavy
6924,12,288,11479.0,14348.7,0.923,cloud_heavy
6925,13,288,11281.3,14101.6,0.9431,cloud_heavy
6926,14,288,11196.4,13995.5,0.95,cloud_heavy
6927,15,288,11542.6,14428.2,0.9431,cloud_heavy
6928,16,288,11228.4,14035.5,0.923,cloud_heavy
6929,17,288,11348.4,14185.5,0.8912,cloud_heavy
6930,18,288,10545.1,13181.4,0.8504,cloud_heavy
6931,19,288,10956.9,13696.2,0.8033,cloud_heavy
6932,20,288,10400.1,13000.1,0.7533,cloud_heavy
6933,21,288,10089.1,12611.4,0.7032,cloud_heavy
6934,22,288,10136.4,12670.5,0.6556,cloud_heavy
6935,23,288,9305.9,11632.3,0.6123,cloud_heavy
6936,0,289,8384.8,10480.9,0.4829,cloud_heavy
6937,1,289,8528.0,10660.1,0.4978,cloud_heavy
6938,2,289,8751.3,10939.1,0.5177,cloud_heavy
6939,3,289,8946.5,11183.1,0.5431,cloud_heavy
6940,4,289,8951.3,11189.2,0.5747,cloud_heavy
6941,5,289,8857.4,11071.8,0.6123,cloud_heavy
6942,6,289,9552.8,11941.0,0.6556,cloud_heavy
6943,7,289,10140.3,12675.4,0.7032,cloud_heavy
6944,8,289,10406.5,13008.1,0.7533,cloud_heavy
6945,9,289,11081.0,13851.2,0.8033,cloud_heavy
6946,10,289,11653.7,14567.2,0.8504,cloud_heavy
6947,11,289,11535.9,14419.9,0.8912,cloud_heavy
6948,12,289,11965.9,14957.4,0.923,cloud_heavy
6949,13,289,11890.1,14862.7,0.9431,cloud_heavy
6950,14,289,12267.1,15333.8,0.95,cloud_heavy
6951,15,289,12268.1,15335.2,0.9431,cloud_heavy
6952,16,289,11817.2,14771.5,0.923,cloud_heavy
6953,17,289,11518.0,14397.5,0.8912,cloud_heavy
6954,18,289,10940.2,13675.2,0.8504,cloud_heavy
6955,19,289,10682.8,13353.5,0.8033,cloud_heavy
6956,20,289,10259.1,12823.9,0.7533,cloud_heavy
6957,21,289,10219.0,12773.7,0.7032,cloud_heavy
6958,22,289,9506.4,11883.0,0.6556,cloud_heavy
6959,23,289,9375.7,11719.6,0.6123,cloud_heavy
6960,0,290,7965.8,9957.2,0.4829,cloud_heavy
6961,1,290,9118.7,11398.4,0.4978,cloud_heavy
6962,2,290,8743.9,10929.9,0.5177,cloud_heavy
6963,3,290,9093.6,11367.0,0.5431,cloud_heavy
6964,4,290,9581.6,11977.0,0.5747,cloud_heavy
6965,5,290,9514.7,11893.3,0.6123,cloud_heavy
6966,6,290,10137.3,12671.7,0.6556,cloud_heavy
6967,7,290,9658.3,12072.9,0.7032,cloud_heavy
6968,8,290,11109.6,13886.9,0.7533,cloud_heavy
6969,9,290,11044.9,13806.1,0.8033,cloud_heavy
6970,10,290,11077.0,13846.3,0.8504,cloud_heavy
6971,11,290,11761.2,14701.5,0.8912,cloud_heavy
6972,12,290,11086.5,13858.2,0.923,cloud_heavy
6973,13,290,11522.1,14402.7,0.9431,cloud_heavy
6974,14,290,12174.1,15217.6,0.95,cloud_heavy
6975,15,290,10971.8,13714.7,0.9431,cloud_heavy
6976,16,290,11682.5,14603.2,0.923,cloud_heavy
6977,17,290,11459.0,14323.8,0.8912,cloud_heavy
6978,18,290,11658.3,14572.8,0.8504,cloud_heavy
6979,19,290,10188.1,12735.1,0.8033,cloud_heavy
6980,20,290,10864.6,13580.8,0.7533,cloud_heavy
6981,21,290,9863.6,12329.5,0.7032,cloud_heavy
6982,22,290,9586.0,11982.5,0.6556,cloud_heavy
6983,23,290,9084.0,11355.0,0.6123,cloud_heavy
6984,0,291,8291.7,10364.6,0.4829,cloud_heavy
6985,1,291,8775.5,10969.4,0.4978,cloud_heavy
6986,2,291,8508.4,10635.5,0.5177,cloud_heavy
6987,3,291,9170.2,11462.8,0.5431,cloud_heavy
6988,4,291,8997.5,11246.9,0.5747,cloud_heavy
6989,5,291,9086.6,11358.2,0.6123,cloud_heavy
6990,6,291,9562.5,11953.1,0.6556,cloud_heavy
6991,7,291,10133.3,12666.7,0.7032,cloud_heavy
6992,8,291,10277.9,12847.4,0.7533,cloud_heavy
6993,9,291,10707.0,13383.8,0.8033,cloud_heavy
6994,10,291,11237.9,14047.3,0.8504,cloud_heavy
6995,11,291,11645.2,14556.5,0.8912,cloud_heavy
6996,12,291,11382.5,14228.1,0.923,cloud_heavy
6997,13,291,11258.7,14073.3,0.9431,cloud_heavy
6998,14,291,11695.1,14618.9,0.95,cloud_heavy
6999,15,291,11786.9,14733.6,0.9431,cloud_heavy
7000,16,291,10985.9,13732.3,0.923,cloud_heavy
7001,17,291,10977.6,13722.0,0.8912,cloud_heavy
7002,18,291,10770.4,13463.1,0.8504,cloud_heavy
7003,19,291,10629.4,13286.7,0.8033,cloud_heavy
7004,20,291,10127.5,12659.4,0.7533,cloud_heavy
7005,21,291,10244.8,12806.0,0.7032,cloud_heavy
7006,22,291,9248.5,11560.6,0.6556,cloud_heavy
7007,23,291,8982.8,11228.5,0.6123,cloud_heavy
7008,0,292,8420.8,10526.0,0.473,cloud_heavy
7009,1,292,8530.2,10662.8,0.4835,cloud_heavy
7010,2,292,8289.3,10361.6,0.4974,cloud_heavy
7011,3,292,8625.8,10782.3,0.5152,cloud_heavy
7012,4,292,8824.7,11030.8,0.5373,cloud_heavy
7013,5,292,8999.4,11249.3,0.5636,cloud_heavy
7014,6,292,9349.9,11687.4,0.5939,cloud_heavy
7015,7,292,9339.3,11674.2,0.6272,cloud_heavy
7016,8,292,10193.7,12742.1,0.6623,cloud_heavy
7017,9,292,10139.6,12674.6,0.6973,cloud_heavy
7018,10,292,9964.4,12455.4,0.7303,cloud_heavy
7019,11,292,10430.8,13038.5,0.7589,cloud_heavy
7020,12,292,10587.8,13234.8,0.7811,cloud_heavy
7021,13,292,11029.8,13787.3,0.7952,cloud_heavy
7022,14,292,10481.7,13102.2,0.8,cloud_heavy
7023,15,292,10887.0,13608.7,0.7952,cloud_heavy
7024,16,292,10561.8,13202.3,0.7811,cloud_heavy
7025,17,292,10866.8,13583.5,0.7589,cloud_heavy
7026,18,292,10607.1,13258.8,0.7303,cloud_heavy
7027,19,292,10052.3,12565.4,0.6973,cloud_heavy
7028,20,292,9684.2,12105.2,0.6623,cloud_heavy
7029,21,292,9673.3,12091.6,0.6272,cloud_heavy
7030,22,292,9257.1,11571.4,0.5939,cloud_heavy
7031,23,292,9565.9,11957.4,0.5636,cloud_heavy
7032,0,293,8526.0,10657.6,0.473,cloud_heavy
7033,1,293,8471.1,10588.8,0.4835,cloud_heavy
7034,2,293,8548.0,10685.0,0.4974,cloud_heavy
7035,3,293,8466.0,10582.5,0.5152,cloud_heavy
7036,4,293,9081.3,11351.6,0.5373,cloud_heavy
7037,5,293,8882.8,11103.5,0.5636,cloud_heavy
7038,6,293,9614.1,12017.6,0.5939,cloud_heavy
7039,7,293,9158.9,11448.6,0.6272,cloud_heavy
7040,8,293,9798.2,12247.8,0.6623,cloud_heavy
7041,9,293,10338.1,12922.6,0.6973,cloud_heavy
7042,10,293,9552.3,11940.3,0.7303,cloud_heavy
7043,11,293,11031.1,13788.9,0.7589,cloud_heavy
7044,12,293,10414.0,13017.5,0.7811,cloud_heavy
7045,13,293,10687.0,13358.8,0.7952,cloud_heavy
7046,14,293,10857.0,13571.2,0.8,cloud_heavy
7047,15,293,10873.8,13592.3,0.7952,cloud_heavy
7048,16,293,10635.3,13294.1,0.7811,cloud_heavy
7049,17,293,10712.6,13390.7,0.7589,cloud_heavy
7050,18,293,10370.6,12963.3,0.7303,cloud_heavy
7051,19,293,10521.2,13151.5,0.6973,cloud_heavy
7052,20,293,9913.9,12392.4,0.6623,cloud_heavy
7053,21,293,10090.0,12612.6,0.6272,cloud_heavy
7054,22,293,9559.1,11948.9,0.5939,cloud_heavy
7055,23,293,8613.5,10766.9,0.5636,cloud_heavy
7056,0,294,9242.8,11553.5,0.4829,cloud_heavy
7057,1,294,8521.1,10651.4,0.4978,cloud_heavy
7058,2,294,9197.1,11496.3,0.5177,cloud_heavy
7059,3,294,8978.2,11222.7,0.5431,cloud_heavy
7060,4,294,9472.3,11840.4,0.5747,cloud_heavy
7061,5,294,9235.0,11543.7,0.6123,cloud_heavy
7062,6,294,9898.7,12373.4,0.6556,cloud_heavy
7063,7,294,9955.8,12444.8,0.7032,cloud_heavy
7064,8,294,10855.1,13568.9,0.7533,cloud_heavy
7065,9,294,10836.8,13546.0,0.8033,cloud_heavy
7066,10,294,11317.0,14146.3,0.8504,cloud_heavy
7067,11,294,10546.7,13183.4,0.8912,cloud_heavy
7068,12,294,11459.9,14324.8,0.923,cloud_heavy
7069,13,294,11765.9,14707.4,0.9431,cloud_heavy
7070,14,294,11746.8,14683.5,0.95,cloud_heavy
7071,15,294,11957.9,14947.4,0.9431,cloud_heavy
7072,16,294,11363.2,14204.0,0.923,cloud_heavy
7073,17,294,11295.5,14119.4,0.8912,cloud_heavy
7074,18,294,11398.0,14247.5,0.8504,cloud_heavy
7075,19,294,9964.9,12456.1,0.8033,cloud_heavy
7076,20,294,10547.4,13184.2,0.7533,cloud_heavy
7077,21,294,9931.5,12414.4,0.7032,cloud_heavy
7078,22,294,9450.4,11813.0,0.6556,cloud_heavy
7079,23,294,9524.9,11906.2,0.6123,cloud_heavy
7080,0,295,8887.0,11108.8,0.4829,cloud_heavy
7081,1,295,8940.8,11176.0,0.4978,cloud_heavy
7082,2,295,8766.5,10958.1,0.5177,cloud_heavy
7083,3,295,9206.7,11508.3,0.5431,cloud_heavy
7084,4,295,9419.2,11774.0,0.5747,cloud_heavy
7085,5,295,9405.0,11756.3,0.6123,cloud_heavy
7086,6,295,9514.3,11892.9,0.6556,cloud_heavy
7087,7,295,9840.8,12301.0,0.7032,cloud_heavy
7088,8,295,10624.7,13280.8,0.7533,cloud_heavy
7089,9,295,10682.5,13353.1,0.8033,cloud_heavy
7090,10,295,10662.5,13328.1,0.8504,cloud_heavy
7091,11,295,10708.9,13386.1,0.8912,cloud_heavy
7092,12,295,11776.1,14720.1,0.923,cloud_heavy
7093,13,295,11432.1,14290.2,0.9431,cloud_heavy
7094,14,295,11784.2,14730.2,0.95,cloud_heavy
7095,15,295,12055.0,15068.8,0.9431,cloud_heavy
7096,16,295,11038.2,13797.7,0.923,cloud_heavy
7097,17,295,11263.7,14079.6,0.8912,cloud_heavy
7098,18,295,10951.6,13689.5,0.8504,cloud_heavy
7099,19,295,10817.9,13522.4,0.8033,cloud_heavy
7100,20,295,10749.4,13436.8,0.7533,cloud_heavy
7101,21,295,9631.9,12039.9,0.7032,cloud_heavy
7102,22,295,9882.4,12353.0,0.6556,cloud_heavy
7103,23,295,9721.5,12151.9,0.6123,cloud_heavy
7104,0,296,8523.5,10654.3,0.4829,cloud_heavy
7105,1,296,8634.8,10793.5,0.4978,cloud_heavy
7106,2,296,8912.6,11140.8,0.5177,cloud_heavy
7107,3,296,9063.8,11329.7,0.5431,cloud_heavy
7108,4,296,9340.5,11675.6,0.5747,cloud_heavy
7109,5,296,9588.5,11985.6,0.6123,cloud_heavy
7110,6,296,9430.1,11787.6,0.6556,cloud_heavy
7111,7,296,10330.0,12912.5,0.7032,cloud_heavy
7112,8,296,10726.9,13408.7,0.7533,cloud_heavy
7113,9,296,10755.7,13444.7,0.8033,cloud_heavy
7114,10,296,10514.5,13143.1,0.8504,cloud_heavy
7115,11,296,11240.2,14050.2,0.8912,cloud_heavy
7116,12,296,11556.4,14445.5,0.923,cloud_heavy
7117,13,296,11223.7,14029.6,0.9431,cloud_heavy
7118,14,296,11542.4,14428.0,0.95,cloud_heavy
7119,15,296,11131.4,13914.2,0.9431,cloud_heavy
7120,16,296,11698.7,14623.3,0.923,cloud_heavy
7121,17,296,11335.1,14168.9,0.8912,cloud_heavy
7122,18,296,10464.4,13080.6,0.8504,cloud_heavy
7123,19,296,10808.8,13511.0,0.8033,cloud_heavy
7124,20,296,10346.6,12933.2,0.7533,cloud_heavy
7125,21,296,10187.4,12734.3,0.7032,cloud_heavy
7126,22,296,9602.2,12002.8,0.6556,cloud_heavy
7127,23,296,9203.0,11503.7,0.6123,cloud_heavy
7128,0,297,8373.2,10466.5,0.4829,cloud_heavy
7129,1,297,8530.5,10663.2,0.4978,cloud_heavy
7130,2,297,8807.1,11008.9,0.5177,cloud_heavy
7131,3,297,9010.8,11263.5,0.5431,cloud_heavy
7132,4,297,9127.6,11409.5,0.5747,cloud_heavy
7133,5,297,9310.0,11637.5,0.6123,cloud_heavy
7134,6,297,9613.9,12017.4,0.6556,cloud_heavy
7135,7,297,10786.7,13483.4,0.7032,cloud_heavy
7136,8,297,10124.5,12655.6,0.7533,cloud_heavy
7137,9,297,10517.0,13146.2,0.8033,cloud_heavy
7138,10,297,12095.7,15119.6,0.8504,cloud_heavy
7139,11,297,11421.4,14276.8,0.8912,cloud_heavy
7140,12,297,11013.7,13767.1,0.923,cloud_heavy
7141,13,297,11916.6,14895.8,0.9431,cloud_heavy
7142,14,297,11349.9,14187.4,0.95,cloud_heavy
7143,15,297,11939.8,14924.7,0.9431,cloud_heavy
7144,16,297,11416.6,14270.8,0.923,cloud_heavy
7145,17,297,11130.2,13912.7,0.8912,cloud_heavy
7146,18,297,11539.4,14424.2,0.8504,cloud_heavy
7147,19,297,10877.8,13597.2,0.8033,cloud_heavy
7148,20,297,10666.7,13333.3,0.7533,cloud_heavy
7149,21,297,10162.9,12703.6,0.7032,cloud_heavy
7150,22,297,9586.8,11983.5,0.6556,cloud_heavy
7151,23,297,9602.7,12003.3,0.6123,cloud_heavy
7152,0,298,8882.3,11102.9,0.4829,cloud_heavy
7153,1,298,8705.6,10882.0,0.4978,cloud_heavy
7154,2,298,9277.9,11597.4,0.5177,cloud_heavy
7155,3,298,9199.9,11499.8,0.5431,cloud_heavy
7156,4,298,9238.5,11548.1,0.5747,cloud_heavy
7157,5,298,9500.9,11876.1,0.6123,cloud_heavy
7158,6,298,9756.3,12195.4,0.6556,cloud_heavy
7159,7,298,9655.4,12069.3,0.7032,cloud_heavy
7160,8,298,10336.1,12920.2,0.7533,cloud_heavy
7161,9,298,10767.0,13458.8,0.8033,cloud_heavy
7162,10,298,10870.5,13588.2,0.8504,cloud_heavy
7163,11,298,11393.2,14241.5,0.8912,cloud_heavy
7164,12,298,11496.7,14370.9,0.923,cloud_heavy
7165,13,298,11892.6,14865.7,0.9431,cloud_heavy
7166,14,298,11900.6,14875.8,0.95,cloud_heavy
7167,15,298,11681.1,14601.3,0.9431,cloud_heavy
7168,16,298,11018.1,13772.6,0.923,cloud_heavy
7169,17,298,11884.9,14856.1,0.8912,cloud_heavy
7170,18,298,10961.1,13701.4,0.8504,cloud_heavy
7171,19,298,10670.1,13337.6,0.8033,cloud_heavy
7172,20,298,10257.7,12822.1,0.7533,cloud_heavy
7173,21,298,9885.0,12356.3,0.7032,cloud_heavy
7174,22,298,10166.4,12708.0,0.6556,cloud_heavy
7175,23,298,9821.8,12277.3,0.6123,cloud_heavy
7176,0,299,8619.4,10774.3,0.473,cloud_heavy
7177,1,299,8547.8,10684.7,0.4835,cloud_heavy
7178,2,299,8828.5,11035.7,0.4974,cloud_heavy
7179,3,299,8805.2,11006.5,0.5152,cloud_heavy
7180,4,299,8881.1,11101.4,0.5373,cloud_heavy
7181,5,299,9199.2,11499.0,0.5636,cloud_heavy
7182,6,299,9184.3,11480.4,0.5939,cloud_heavy
7183,7,299,9600.6,12000.7,0.6272,cloud_heavy
7184,8,299,9820.8,12275.9,0.6623,cloud_heavy
7185,9,299,10174.0,12717.5,0.6973,cloud_heavy
7186,10,299,10021.9,12527.4,0.7303,cloud_heavy
7187,11,299,10622.9,13278.7,0.7589,cloud_heavy
7188,12,299,10261.8,12827.2,0.7811,cloud_heavy
7189,13,299,10459.2,13074.0,0.7952,cloud_heavy
7190,14,299,10504.6,13130.8,0.8,cloud_heavy
7191,15,299,10299.7,12874.7,0.7952,cloud_heavy
7192,16,299,10870.0,13587.5,0.7811,cloud_heavy
7193,17,299,10099.0,12623.7,0.7589,cloud_heavy
7194,18,299,9997.5,12496.9,0.7303,cloud_heavy
7195,19,299,10369.6,12962.1,0.6973,cloud_heavy
7196,20,299,9593.9,11992.3,0.6623,cloud_heavy
7197,21,299,9474.7,11843.3,0.6272,cloud_heavy
7198,22,299,9024.9,11281.1,0.5939,cloud_heavy
7199,23,299,9334.4,11668.0,0.5636,cloud_heavy
7200,0,300,8722.1,10902.6,0.473,cloud_heavy
7201,1,300,8765.5,10956.9,0.4835,cloud_heavy
7202,2,300,8807.3,11009.1,0.4974,cloud_heavy
7203,3,300,8805.1,11006.4,0.5152,cloud_heavy
7204,4,300,8791.6,10989.5,0.5373,cloud_heavy
7205,5,300,8884.2,11105.3,0.5636,cloud_heavy
7206,6,300,9667.7,12084.6,0.5939,cloud_heavy
7207,7,300,9747.1,12183.8,0.6272,cloud_heavy
7208,8,300,9557.9,11947.4,0.6623,cloud_heavy
7209,9,300,10005.2,12506.5,0.6973,cloud_heavy
7210,10,300,10119.7,12649.6,0.7303,cloud_heavy
7211,11,300,10049.3,12561.6,0.7589,cloud_heavy
7212,12,300,10604.8,13256.0,0.7811,cloud_heavy
7213,13,300,10509.3,13136.7,0.7952,cloud_heavy
7214,14,300,10369.0,12961.2,0.8,cloud_heavy
7215,15,300,10169.8,12712.2,0.7952,cloud_heavy
7216,16,300,10053.7,12567.2,0.7811,cloud_heavy
7217,17,300,10285.4,12856.8,0.7589,cloud_heavy
7218,18,300,10185.5,12731.9,0.7303,cloud_heavy
7219,19,300,9730.9,12163.6,0.6973,cloud_heavy
7220,20,300,9951.5,12439.4,0.6623,cloud_heavy
7221,21,300,9509.7,11887.1,0.6272,cloud_heavy
7222,22,300,9468.6,11835.7,0.5939,cloud_heavy
7223,23,300,9056.9,11321.1,0.5636,cloud_heavy
7224,0,301,8369.0,10461.2,0.4829,cloud_heavy
7225,1,301,8700.2,10875.3,0.4978,cloud_heavy
7226,2,301,8468.7,10585.9,0.5177,cloud_heavy
7227,3,301,9116.2,11395.2,0.5431,cloud_heavy
7228,4,301,8922.0,11152.5,0.5747,cloud_heavy
7229,5,301,9689.5,12111.9,0.6123,cloud_heavy
7230,6,301,9617.7,12022.1,0.6556,cloud_heavy
7231,7,301,10351.8,12939.7,0.7032,cloud_heavy
7232,8,301,10015.1,12518.9,0.7533,cloud_heavy
7233,9,301,10478.6,13098.2,0.8033,cloud_heavy
7234,10,301,11133.7,13917.2,0.8504,cloud_heavy
7235,11,301,11675.0,14593.8,0.8912,cloud_heavy
7236,12,301,12063.8,15079.8,0.923,cloud_heavy
7237,13,301,11637.2,14546.5,0.9431,cloud_heavy
7238,14,301,12311.8,15389.8,0.95,cloud_heavy
7239,15,301,11521.8,14402.2,0.9431,cloud_heavy
7240,16,301,11868.1,14835.1,0.923,cloud_heavy
7241,17,301,10960.2,13700.2,0.8912,cloud_heavy
7242,18,301,11146.7,13933.4,0.8504,cloud_heavy
7243,19,301,9944.6,12430.8,0.8033,cloud_heavy
7244,20,301,10015.4,12519.3,0.7533,cloud_heavy
7245,21,301,10172.5,12715.6,0.7032,cloud_heavy
7246,22,301,9333.8,11667.2,0.6556,cloud_heavy
7247,23,301,9550.5,11938.1,0.6123,cloud_heavy
7248,0,302,8804.5,11005.6,0.4829,cloud_heavy
7249,1,302,8540.1,10675.2,0.4978,cloud_heavy
7250,2,302,8546.3,10682.8,0.5177,cloud_heavy
7251,3,302,8843.4,11054.2,0.5431,cloud_heavy
7252,4,302,8914.1,11142.6,0.5747,cloud_heavy
7253,5,302,9401.1,11751.4,0.6123,cloud_heavy
7254,6,302,9746.1,12182.6,0.6556,cloud_heavy
7255,7,302,9939.9,12424.9,0.7032,cloud_heavy
7256,8,302,10884.7,13605.9,0.7533,cloud_heavy
7257,9,302,10465.2,13081.5,0.8033,cloud_heavy
7258,10,302,11467.4,14334.3,0.8504,cloud_heavy
7259,11,302,10926.7,13658.3,0.8912,cloud_heavy
7260,12,302,11514.4,14393.1,0.923,cloud_heavy
7261,13,302,12035.3,15044.1,0.9431,cloud_heavy
7262,14,302,12064.5,15080.7,0.95,cloud_heavy
7263,15,302,11476.2,14345.3,0.9431,cloud_heavy
7264,16,302,11680.7,14600.8,0.923,cloud_heavy
7265,17,302,11421.5,14276.9,0.8912,cloud_heavy
7266,18,302,10829.6,13537.0,0.8504,cloud_heavy
7267,19,302,10893.7,13617.1,0.8033,cloud_heavy
7268,20,302,10943.2,13679.1,0.7533,cloud_heavy
7269,21,302,10174.0,12717.5,0.7032,cloud_heavy
7270,22,302,9881.4,12351.8,0.6556,cloud_heavy
7271,23,302,9619.9,12024.8,0.6123,cloud_heavy
7272,0,303,8195.7,10244.6,0.4829,cloud_heavy
7273,1,303,8790.2,10987.8,0.4978,cloud_heavy
7274,2,303,8533.6,10667.1,0.5177,cloud_heavy
7275,3,303,8812.2,11015.3,0.5431,cloud_heavy
7276,4,303,9775.5,12219.4,0.5747,cloud_heavy
7277,5,303,9358.1,11697.6,0.6123,cloud_heavy
7278,6,303,9500.6,11875.7,0.6556,cloud_heavy
7279,7,303,10378.9,12973.6,0.7032,cloud_heavy
7280,8,303,10069.5,12586.9,0.7533,cloud_heavy
7281,9,303,10552.5,13190.6,0.8033,cloud_heavy
7282,10,303,11420.4,14275.5,0.8504,cloud_heavy
7283,11,303,11293.4,14116.8,0.8912,cloud_heavy
7284,12,303,10951.1,13688.9,0.923,cloud_heavy
7285,13,303,11812.5,14765.6,0.9431,cloud_heavy
7286,14,303,11529.7,14412.1,0.95,cloud_heavy
7287,15,303,12159.7,15199.6,0.9431,cloud_heavy
7288,16,303,11280.4,14100.5,0.923,cloud_heavy
7289,17,303,11634.7,14543.3,0.8912,cloud_heavy
7290,18,303,11594.3,14492.9,0.8504,cloud_heavy
7291,19,303,10423.0,13028.7,0.8033,cloud_heavy
7292,20,303,10304.1,12880.1,0.7533,cloud_heavy
7293,21,303,10149.0,12686.2,0.7032,cloud_heavy
7294,22,303,9466.4,11833.0,0.6556,cloud_heavy
7295,23,303,9506.2,11882.7,0.6123,cloud_heavy
7296,0,304,8513.6,10641.9,0.4829,cloud_heavy
7297,1,304,8606.8,10758.5,0.4978,cloud_heavy
7298,2,304,8815.1,11018.8,0.5177,cloud_heavy
7299,3,304,8990.2,11237.7,0.5431,cloud_heavy
7300,4,304,9225.2,11531.5,0.5747,cloud_heavy
7301,5,304,9260.3,11575.4,0.6123,cloud_heavy
7302,6,304,9554.5,11943.1,0.6556,cloud_heavy
7303,7,304,9996.3,12495.4,0.7032,cloud_heavy
7304,8,304,10350.2,12937.8,0.7533,cloud_heavy
7305,9,304,10555.2,13194.0,0.8033,cloud_heavy
7306,10,304,11114.9,13893.7,0.8504,cloud_heavy
7307,11,304,10664.9,13331.1,0.8912,cloud_heavy
7308,12,304,11237.6,14047.0,0.923,cloud_heavy
7309,13,304,11525.2,14406.5,0.9431,cloud_heavy
7310,14,304,11368.8,14211.0,0.95,cloud_heavy
7311,15,304,12190.9,15238.6,0.9431,cloud_heavy
7312,16,304,11495.9,14369.8,0.923,cloud_heavy
7313,17,304,11338.8,14173.5,0.8912,cloud_heavy
7314,18,304,10848.4,13560.5,0.8504,cloud_heavy
7315,19,304,10691.0,13363.7,0.8033,cloud_heavy
7316,20,304,9986.3,12482.9,0.7533,cloud_heavy
7317,21,304,9980.9,12476.1,0.7032,cloud_heavy
7318,22,304,9443.2,11804.0,0.6556,cloud_heavy
7319,23,304,9351.2,11689.1,0.6123,cloud_heavy
7320,0,305,7913.1,9891.4,0.4829,cloud_heavy
7321,1,305,8377.1,10471.4,0.4978,cloud_heavy
7322,2,305,9188.7,11485.9,0.5177,cloud_heavy
7323,3,305,9194.5,11493.1,0.5431,cloud_heavy
7324,4,305,9543.4,11929.2,0.5747,cloud_heavy
7325,5,305,9822.3,12277.9,0.6123,cloud_heavy
7326,6,305,9912.5,12390.6,0.6556,cloud_heavy
7327,7,305,9895.7,12369.6,0.7032,cloud_heavy
7328,8,305,10041.6,12552.1,0.7533,cloud_heavy
7329,9,305,11064.0,13830.0,0.8033,cloud_heavy
7330,10,305,11029.3,13786.6,0.8504,cloud_heavy
7331,11,305,12122.9,15153.6,0.8912,cloud_heavy
7332,12,305,11363.5,14204.4,0.923,cloud_heavy
7333,13,305,12310.7,15388.4,0.9431,cloud_heavy
7334,14,305,11613.6,14517.0,0.95,cloud_heavy
7335,15,305,12088.6,15110.8,0.9431,cloud_heavy
7336,16,305,12074.2,15092.7,0.923,cloud_heavy
7337,17,305,10932.8,13666.1,0.8912,cloud_heavy
7338,18,305,10847.8,13559.7,0.8504,cloud_heavy
7339,19,305,10364.6,12955.7,0.8033,cloud_heavy
7340,20,305,9981.7,12477.2,0.7533,cloud_heavy
7341,21,305,10232.8,12791.0,0.7032,cloud_heavy
7342,22,305,9659.0,12073.8,0.6556,cloud_heavy
7343,23,305,9444.5,11805.7,0.6123,cloud_heavy
7344,0,306,8648.0,10810.0,0.473,cloud_heavy
7345,1,306,8097.6,10122.0,0.4835,cloud_heavy
7346,2,306,9002.1,11252.7,0.4974,cloud_heavy
7347,3,306,8693.7,10867.2,0.5152,cloud_heavy
7348,4,306,9074.8,11343.5,0.5373,cloud_heavy
7349,5,306,9276.4,11595.5,0.5636,cloud_heavy
7350,6,306,9690.2,12112.8,0.5939,cloud_heavy
7351,7,306,9498.5,11873.1,0.6272,cloud_heavy
7352,8,306,9139.1,11423.9,0.6623,cloud_heavy
7353,9,306,10010.4,12513.0,0.6973,cloud_heavy
7354,10,306,10273.1,12841.4,0.7303,cloud_heavy
7355,11,306,10078.6,12598.3,0.7589,cloud_heavy
7356,12,306,10595.3,13244.1,0.7811,cloud_heavy
7357,13,306,10526.7,13158.4,0.7952,cloud_heavy
7358,14,306,10244.0,12805.0,0.8,cloud_heavy
7359,15,306,10856.4,13570.5,0.7952,cloud_heavy
7360,16,306,10370.2,12962.8,0.7811,cloud_heavy
7361,17,306,10274.5,12843.2,0.7589,cloud_heavy
7362,18,306,10069.9,12587.4,0.7303,cloud_heavy
7363,19,306,10363.7,12954.6,0.6973,cloud_heavy
7364,20,306,9749.0,12186.2,0.6623,cloud_heavy
7365,21,306,9551.1,11938.8,0.6272,cloud_heavy
7366,22,306,9184.4,11480.6,0.5939,cloud_heavy
7367,23,306,9233.3,11541.6,0.5636,cloud_heavy
7368,0,307,8850.3,11062.9,0.473,cloud_heavy
7369,1,307,8742.1,10927.6,0.4835,cloud_heavy
7370,2,307,8846.1,11057.7,0.4974,cloud_heavy
7371,3,307,8945.5,11181.9,0.5152,cloud_heavy
7372,4,307,8562.3,10702.8,0.5373,cloud_heavy
7373,5,307,8867.5,11084.4,0.5636,cloud_heavy
7374,6,307,9250.2,11562.8,0.5939,cloud_heavy
7375,7,307,9321.0,11651.2,0.6272,cloud_heavy
7376,8,307,9449.2,11811.5,0.6623,cloud_heavy
7377,9,307,9432.0,11790.0,0.6973,cloud_heavy
7378,10,307,9799.1,12248.9,0.7303,cloud_heavy
7379,11,307,10321.3,12901.6,0.7589,cloud_heavy
7380,12,307,10526.6,13158.3,0.7811,cloud_heavy
7381,13,307,10388.8,12986.0,0.7952,cloud_heavy
7382,14,307,10699.3,13374.1,0.8,cloud_heavy
7383,15,307,10503.5,13129.4,0.7952,cloud_heavy
7384,16,307,10893.7,13617.1,0.7811,cloud_heavy
7385,17,307,10350.9,12938.6,0.7589,cloud_heavy
7386,18,307,10424.9,13031.2,0.7303,cloud_heavy
7387,19,307,10054.2,12567.8,0.6973,cloud_heavy
7388,20,307,9350.4,11688.0,0.6623,cloud_heavy
7389,21,307,9502.5,11878.2,0.6272,cloud_heavy
7390,22,307,8962.5,11203.1,0.5939,cloud_heavy
7391,23,307,9077.3,11346.6,0.5636,cloud_heavy
7392,0,308,8379.8,10474.7,0.4829,cloud_heavy
7393,1,308,8769.9,10962.4,0.4978,cloud_heavy
7394,2,308,8447.7,10559.6,0.5177,cloud_heavy
7395,3,308,8974.9,11218.7,0.5431,cloud_heavy
7396,4,308,9337.7,11672.2,0.5747,cloud_heavy
7397,5,308,9686.5,12108.1,0.6123,cloud_heavy
7398,6,308,9493.6,11867.0,0.6556,cloud_heavy
7399,7,308,10037.3,12546.7,0.7032,cloud_heavy
7400,8,308,10421.4,13026.8,0.7533,cloud_heavy
7401,9,308,11192.5,13990.6,0.8033,cloud_heavy
7402,10,308,10518.8,13148.4,0.8504,cloud_heavy
7403,11,308,10970.7,13713.4,0.8912,cloud_heavy
7404,12,308,12456.0,15570.0,0.923,cloud_heavy
7405,13,308,11527.6,14409.4,0.9431,cloud_heavy
7406,14,308,11006.5,13758.2,0.95,cloud_heavy
7407,15,308,11419.7,14274.6,0.9431,cloud_heavy
7408,16,308,10535.0,13168.7,0.923,cloud_heavy
7409,17,308,11360.5,14200.6,0.8912,cloud_heavy
7410,18,308,11275.4,14094.2,0.8504,cloud_heavy
7411,19,308,10403.5,13004.4,0.8033,cloud_heavy
7412,20,308,10217.8,12772.2,0.7533,cloud_heavy
7413,21,308,10310.0,12887.5,0.7032,cloud_heavy
7414,22,308,9206.2,11507.7,0.6556,cloud_heavy
7415,23,308,9055.9,11319.8,0.6123,cloud_heavy
7416,0,309,8512.7,10640.9,0.4829,cloud_heavy
7417,1,309,8474.8,10593.5,0.4978,cloud_heavy
7418,2,309,8724.5,10905.7,0.5177,cloud_heavy
7419,3,309,8630.9,10788.6,0.5431,cloud_heavy
7420,4,309,9239.1,11548.9,0.5747,cloud_heavy
7421,5,309,9387.5,11734.4,0.6123,cloud_heavy
7422,6,309,9876.4,12345.5,0.6556,cloud_heavy
7423,7,309,10092.3,12615.4,0.7032,cloud_heavy
7424,8,309,10428.4,13035.5,0.7533,cloud_heavy
7425,9,309,10231.9,12789.9,0.8033,cloud_heavy
7426,10,309,11170.6,13963.3,0.8504,cloud_heavy
7427,11,309,11167.0,13958.8,0.8912,cloud_heavy
7428,12,309,11431.9,14289.9,0.923,cloud_heavy
7429,13,309,11988.3,14985.4,0.9431,cloud_heavy
7430,14,309,11416.7,14270.8,0.95,cloud_heavy
7431,15,309,12093.9,15117.4,0.9431,cloud_heavy
7432,16,309,11987.2,14984.0,0.923,cloud_heavy
7433,17,309,11533.7,14417.1,0.8912,cloud_heavy
7434,18,309,10684.1,13355.1,0.8504,cloud_heavy
7435,19,309,9994.5,12493.1,0.8033,cloud_heavy
7436,20,309,10699.6,13374.5,0.7533,cloud_heavy
7437,21,309,10065.5,12581.9,0.7032,cloud_heavy
7438,22,309,9499.1,11873.9,0.6556,cloud_heavy
7439,23,309,9761.7,12202.1,0.6123,cloud_heavy
7440,0,310,8349.8,10437.3,0.4829,cloud_heavy
7441,1,310,8560.2,10700.2,0.4978,cloud_heavy
7442,2,310,8940.7,11175.9,0.5177,cloud_heavy
7443,3,310,8671.3,10839.1,0.5431,cloud_heavy
7444,4,310,9150.0,11437.4,0.5747,cloud_heavy
7445,5,310,9737.8,12172.3,0.6123,cloud_heavy
7446,6,310,9777.9,12222.3,0.6556,cloud_heavy
7447,7,310,10407.4,13009.3,0.7032,cloud_heavy
7448,8,310,10716.6,13395.8,0.7533,cloud_heavy
7449,9,310,10698.5,13373.2,0.8033,cloud_heavy
7450,10,310,10236.3,12795.3,0.8504,cloud_heavy
7451,11,310,10904.8,13631.0,0.8912,cloud_heavy
7452,12,310,11752.5,14690.6,0.923,cloud_heavy
7453,13,310,11082.2,13852.8,0.9431,cloud_heavy
7454,14,310,11554.1,14442.7,0.95,cloud_heavy
7455,15,310,11740.8,14676.0,0.9431,cloud_heavy
7456,16,310,11995.9,14994.9,0.923,cloud_heavy
7457,17,310,11084.4,13855.5,0.8912,cloud_heavy
7458,18,310,10795.4,13494.3,0.8504,cloud_heavy
7459,19,310,10679.2,13349.0,0.8033,cloud_heavy
7460,20,310,10473.3,13091.6,0.7533,cloud_heavy
7461,21,310,9985.6,12482.0,0.7032,cloud_heavy
7462,22,310,10022.2,12527.7,0.6556,cloud_heavy
7463,23,310,9203.7,11504.6,0.6123,cloud_heavy
7464,0,311,8602.3,10752.9,0.4829,cloud_heavy
7465,1,311,8786.3,10982.9,0.4978,cloud_heavy
7466,2,311,8696.4,10870.6,0.5177,cloud_heavy
7467,3,311,9197.0,11496.2,0.5431,cloud_heavy
7468,4,311,9221.1,11526.4,0.5747,cloud_heavy
7469,5,311,9652.9,12066.1,0.6123,cloud_heavy
7470,6,311,9772.9,12216.1,0.6556,cloud_heavy
7471,7,311,10145.3,12681.6,0.7032,cloud_heavy
7472,8,311,10167.5,12709.4,0.7533,cloud_heavy
7473,9,311,10493.6,13117.0,0.8033,cloud_heavy
7474,10,311,11412.3,14265.4,0.8504,cloud_heavy
7475,11,311,11494.0,14367.5,0.8912,cloud_heavy
7476,12,311,11136.8,13920.9,0.923,cloud_heavy
7477,13,311,11685.8,14607.3,0.9431,cloud_heavy
7478,14,311,10837.5,13546.9,0.95,cloud_heavy
7479,15,311,11422.7,14278.3,0.9431,cloud_heavy
7480,16,311,11820.6,14775.8,0.923,cloud_heavy
7481,17,311,11236.6,14045.8,0.8912,cloud_heavy
7482,18,311,11046.9,13808.6,0.8504,cloud_heavy
7483,19,311,9728.1,12160.2,0.8033,cloud_heavy
7484,20,311,10242.2,12802.7,0.7533,cloud_heavy
7485,21,311,10133.8,12667.3,0.7032,cloud_heavy
7486,22,311,9852.0,12315.0,0.6556,cloud_heavy
7487,23,311,9702.0,12127.5,0.6123,cloud_heavy
7488,0,312,8517.3,10646.7,0.4829,cloud_heavy
7489,1,312,8627.4,10784.3,0.4978,cloud_heavy
7490,2,312,8450.4,10563.0,0.5177,cloud_heavy
7491,3,312,8915.9,11144.9,0.5431,cloud_heavy
7492,4,312,8832.7,11040.8,0.5747,cloud_heavy
7493,5,312,8907.0,11133.7,0.6123,cloud_heavy
7494,6,312,9400.0,11750.0,0.6556,cloud_heavy
7495,7,312,10486.1,13107.6,0.7032,cloud_heavy
7496,8,312,10280.0,12850.0,0.7533,cloud_heavy
7497,9,312,10766.6,13458.2,0.8033,cloud_heavy
7498,10,312,10838.4,13548.0,0.8504,cloud_heavy
7499,11,312,10673.1,13341.4,0.8912,cloud_heavy
7500,12,312,11812.0,14765.0,0.923,cloud_heavy
7501,13,312,10865.4,13581.7,0.9431,cloud_heavy
7502,14,312,11474.3,14342.9,0.95,cloud_heavy
7503,15,312,11603.7,14504.7,0.9431,cloud_heavy
7504,16,312,11568.8,14461.0,0.923,cloud_heavy
7505,17,312,11033.2,13791.5,0.8912,cloud_heavy
7506,18,312,10401.0,13001.2,0.8504,cloud_heavy
7507,19,312,10439.0,13048.7,0.8033,cloud_heavy
7508,20,312,10131.3,12664.2,0.7533,cloud_heavy
7509,21,312,9799.3,12249.2,0.7032,cloud_heavy
7510,22,312,9999.1,12498.9,0.6556,cloud_heavy
7511,23,312,9086.4,11358.0,0.6123,cloud_heavy
7512,0,313,8582.8,10728.5,0.473,cloud_heavy
7513,1,313,8616.1,10770.2,0.4835,cloud_heavy
7514,2,313,8917.3,11146.6,0.4974,cloud_heavy
7515,3,313,8750.7,10938.3,0.5152,cloud_heavy
7516,4,313,9144.1,11430.1,0.5373,cloud_heavy
7517,5,313,9059.8,11324.8,0.5636,cloud_heavy
7518,6,313,9428.8,11786.0,0.5939,cloud_heavy
7519,7,313,9098.8,11373.5,0.6272,cloud_heavy
7520,8,313,8988.4,11235.5,0.6623,cloud_heavy
7521,9,313,10106.5,12633.1,0.6973,cloud_heavy
7522,10,313,10343.7,12929.6,0.7303,cloud_heavy
7523,11,313,10549.7,13187.1,0.7589,cloud_heavy
7524,12,313,10382.5,12978.1,0.7811,cloud_heavy
7525,13,313,11117.6,13897.0,0.7952,cloud_heavy
7526,14,313,10526.7,13158.4,0.8,cloud_heavy
7527,15,313,10776.4,13470.5,0.7952,cloud_heavy
7528,16,313,10736.8,13421.0,0.7811,cloud_heavy
7529,17,313,10937.6,13672.1,0.7589,cloud_heavy
7530,18,313,10114.5,12643.1,0.7303,cloud_heavy
7531,19,313,9797.5,12246.8,0.6973,cloud_heavy
7532,20,313,9322.3,11652.8,0.6623,cloud_heavy
7533,21,313,9972.2,12465.3,0.6272,cloud_heavy
7534,22,313,9425.2,11781.4,0.5939,cloud_heavy
7535,23,313,9230.6,11538.3,0.5636,cloud_heavy
7536,0,314,9301.3,11626.7,0.473,cloud_heavy
7537,1,314,8659.0,10823.8,0.4835,cloud_heavy
7538,2,314,8328.9,10411.1,0.4974,cloud_heavy
7539,3,314,8734.1,10917.6,0.5152,cloud_heavy
7540,4,314,8670.9,10838.6,0.5373,cloud_heavy
7541,5,314,8998.7,11248.4,0.5636,cloud_heavy
7542,6,314,9195.1,11493.8,0.5939,cloud_heavy
7543,7,314,9360.6,11700.8,0.6272,cloud_heavy
7544,8,314,9353.0,11691.2,0.6623,cloud_heavy
7545,9,314,10470.7,13088.4,0.6973,cloud_heavy
7546,10,314,10303.2,12879.0,0.7303,cloud_heavy
7547,11,314,10331.0,12913.7,0.7589,cloud_heavy
7548,12,314,10788.4,13485.4,0.7811,cloud_heavy
7549,13,314,10792.4,13490.5,0.7952,cloud_heavy
7550,14,314,10762.3,13452.9,0.8,cloud_heavy
7551,15,314,10860.7,13575.9,0.7952,cloud_heavy
7552,16,314,10591.0,13238.7,0.7811,cloud_heavy
7553,17,314,10610.5,13263.1,0.7589,cloud_heavy
7554,18,314,10442.3,13052.9,0.7303,cloud_heavy
7555,19,314,10042.1,12552.6,0.6973,cloud_heavy
7556,20,314,9696.4,12120.5,0.6623,cloud_heavy
7557,21,314,9965.9,12457.4,0.6272,cloud_heavy
7558,22,314,9174.0,11467.6,0.5939,cloud_heavy
7559,23,314,9213.8,11517.2,0.5636,cloud_heavy
7560,0,315,8677.8,10847.3,0.4829,cloud_heavy
7561,1,315,8512.0,10640.0,0.4978,cloud_heavy
7562,2,315,8588.8,10736.0,0.5177,cloud_heavy
7563,3,315,8875.8,11094.7,0.5431,cloud_heavy
7564,4,315,9044.5,11305.7,0.5747,cloud_heavy
7565,5,315,9017.2,11271.5,0.6123,cloud_heavy
7566,6,315,9526.4,11908.0,0.6556,cloud_heavy
7567,7,315,10112.1,12640.2,0.7032,cloud_heavy
7568,8,315,10757.8,13447.2,0.7533,cloud_heavy
7569,9,315,10873.9,13592.4,0.8033,cloud_heavy
7570,10,315,10149.5,12686.8,0.8504,cloud_heavy
7571,11,315,11496.0,14370.0,0.8912,cloud_heavy
7572,12,315,11297.0,14121.2,0.923,cloud_heavy
7573,13,315,11780.8,14725.9,0.9431,cloud_heavy
7574,14,315,11663.6,14579.4,0.95,cloud_heavy
7575,15,315,11555.6,14444.5,0.9431,cloud_heavy
7576,16,315,11454.1,14317.6,0.923,cloud_heavy
7577,17,315,11271.4,14089.2,0.8912,cloud_heavy
7578,18,315,11451.9,14314.9,0.8504,cloud_heavy
7579,19,315,10689.7,13362.2,0.8033,cloud_heavy
7580,20,315,10701.7,13377.1,0.7533,cloud_heavy
7581,21,315,10314.9,12893.6,0.7032,cloud_heavy
7582,22,315,9910.8,12388.5,0.6556,cloud_heavy
7583,23,315,8924.3,11155.4,0.6123,cloud_heavy
7584,0,316,8858.5,11073.2,0.4829,cloud_heavy
7585,1,316,8551.4,10689.3,0.4978,cloud_heavy
7586,2,316,8991.1,11238.9,0.5177,cloud_heavy
7587,3,316,8709.2,10886.6,0.5431,cloud_heavy
7588,4,316,8853.7,11067.2,0.5747,cloud_heavy
7589,5,316,9988.8,12486.0,0.6123,cloud_heavy
7590,6,316,9437.4,11796.7,0.6556,cloud_heavy
7591,7,316,10376.9,12971.2,0.7032,cloud_heavy
7592,8,316,10401.0,13001.2,0.7533,cloud_heavy
7593,9,316,10561.2,13201.5,0.8033,cloud_heavy
7594,10,316,10993.1,13741.4,0.8504,cloud_heavy
7595,11,316,10838.7,13548.4,0.8912,cloud_heavy
7596,12,316,11484.6,14355.8,0.923,cloud_heavy
7597,13,316,11245.2,14056.6,0.9431,cloud_heavy
7598,14,316,11530.1,14412.6,0.95,cloud_heavy
7599,15,316,11945.4,14931.8,0.9431,cloud_heavy
7600,16,316,11577.0,14471.2,0.923,cloud_heavy
7601,17,316,10777.5,13471.8,0.8912,cloud_heavy
7602,18,316,11289.1,14111.4,0.8504,cloud_heavy
7603,19,316,10693.8,13367.2,0.8033,cloud_heavy
7604,20,316,10195.6,12744.5,0.7533,cloud_heavy
7605,21,316,10256.7,12820.9,0.7032,cloud_heavy
7606,22,316,9667.6,12084.5,0.6556,cloud_heavy
7607,23,316,9100.0,11375.0,0.6123,cloud_heavy
7608,0,317,9046.5,11308.2,0.4829,cloud_heavy
7609,1,317,8666.0,10832.5,0.4978,cloud_heavy
7610,2,317,8780.6,10975.8,0.5177,cloud_heavy
7611,3,317,8862.0,11077.5,0.5431,cloud_heavy
7612,4,317,9505.1,11881.3,0.5747,cloud_heavy
7613,5,317,9281.2,11601.5,0.6123,cloud_heavy
7614,6,317,9266.0,11582.5,0.6556,cloud_heavy
7615,7,317,9827.7,12284.7,0.7032,cloud_heavy
7616,8,317,10776.7,13470.8,0.7533,cloud_heavy
7617,9,317,10963.1,13703.8,0.8033,cloud_heavy
7618,10,317,10923.7,13654.7,0.8504,cloud_heavy
7619,11,317,11743.6,14679.6,0.8912,cloud_heavy
7620,12,317,11747.2,14683.9,0.923,cloud_heavy
7621,13,317,11529.8,14412.3,0.9431,cloud_heavy
7622,14,317,11610.4,14513.0,0.95,cloud_heavy
7623,15,317,11737.6,14672.0,0.9431,cloud_heavy
7624,16,317,11202.6,14003.3,0.923,cloud_heavy
7625,17,317,11280.5,14100.6,0.8912,cloud_heavy
7626,18,317,11109.8,13887.3,0.8504,cloud_heavy
7627,19,317,10154.7,12693.4,0.8033,cloud_heavy
7628,20,317,10305.3,12881.6,0.7533,cloud_heavy
7629,21,317,9940.8,12426.0,0.7032,cloud_heavy
7630,22,317,10016.0,12520.0,0.6556,cloud_heavy
7631,23,317,8907.9,11134.9,0.6123,cloud_heavy
7632,0,318,8473.3,10591.6,0.4829,cloud_heavy
7633,1,318,8545.2,10681.5,0.4978,cloud_heavy
7634,2,318,9055.7,11319.6,0.5177,cloud_heavy
7635,3,318,8959.3,11199.1,0.5431,cloud_heavy
7636,4,318,9674.8,12093.4,0.5747,cloud_heavy
7637,5,318,9617.1,12021.3,0.6123,cloud_heavy
7638,6,318,9596.8,11996.0,0.6556,cloud_heavy
7639,7,318,10104.1,12630.2,0.7032,cloud_heavy
7640,8,318,10254.1,12817.6,0.7533,cloud_heavy
7641,9,318,10971.8,13714.8,0.8033,cloud_heavy
7642,10,318,10568.0,13210.0,0.8504,cloud_heavy
7643,11,318,11000.3,13750.3,0.8912,cloud_heavy
7644,12,318,11646.4,14558.0,0.923,cloud_heavy
7645,13,318,12050.2,15062.7,0.9431,cloud_heavy
7646,14,318,10897.7,13622.1,0.95,cloud_heavy
7647,15,318,12102.0,15127.5,0.9431,cloud_heavy
7648,16,318,11441.1,14301.3,0.923,cloud_heavy
7649,17,318,10641.5,13301.9,0.8912,cloud_heavy
7650,18,318,10016.7,12520.8,0.8504,cloud_heavy
7651,19,318,10205.3,12756.6,0.8033,cloud_heavy
7652,20,318,10358.0,12947.5,0.7533,cloud_heavy
7653,21,318,10012.2,12515.2,0.7032,cloud_heavy
7654,22,318,9900.9,12376.1,0.6556,cloud_heavy
7655,23,318,9274.3,11592.8,0.6123,cloud_heavy
7656,0,319,8286.5,10358.1,0.4829,cloud_heavy
7657,1,319,8563.1,10703.8,0.4978,cloud_heavy
7658,2,319,8811.0,11013.8,0.5177,cloud_heavy
7659,3,319,9033.1,11291.4,0.5431,cloud_heavy
7660,4,319,8962.8,11203.5,0.5747,cloud_heavy
7661,5,319,9684.7,12105.9,0.6123,cloud_heavy
7662,6,319,9535.2,11919.0,0.6556,cloud_heavy
7663,7,319,9770.3,12212.8,0.7032,cloud_heavy
7664,8,319,10195.5,12744.4,0.7533,cloud_heavy
7665,9,319,11040.9,13801.2,0.8033,cloud_heavy
7666,10,319,10964.1,13705.1,0.8504,cloud_heavy
7667,11,319,11044.0,13805.0,0.8912,cloud_heavy
7668,12,319,11808.6,14760.7,0.923,cloud_heavy
7669,13,319,12369.9,15462.4,0.9431,cloud_heavy
7670,14,319,11741.9,14677.4,0.95,cloud_heavy
7671,15,319,12053.0,15066.2,0.9431,cloud_heavy
7672,16,319,11846.5,14808.1,0.923,cloud_heavy
7673,17,319,11074.0,13842.6,0.8912,cloud_heavy
7674,18,319,11016.7,13770.9,0.8504,cloud_heavy
7675,19,319,10284.5,12855.6,0.8033,cloud_heavy
7676,20,319,10300.4,12875.5,0.7533,cloud_heavy
7677,21,319,9843.5,12304.4,0.7032,cloud_heavy
7678,22,319,9598.9,11998.6,0.6556,cloud_heavy
7679,23,319,9217.6,11522.0,0.6123,cloud_heavy
7680,0,320,8432.8,10541.0,0.473,cloud_heavy
7681,1,320,8712.3,10890.4,0.4835,cloud_heavy
7682,2,320,8636.5,10795.6,0.4974,cloud_heavy
7683,3,320,8294.3,10367.9,0.5152,cloud_heavy
7684,4,320,8732.2,10915.2,0.5373,cloud_heavy
7685,5,320,8691.7,10864.7,0.5636,cloud_heavy
7686,6,320,9375.6,11719.5,0.5939,cloud_heavy
7687,7,320,9672.3,12090.4,0.6272,cloud_heavy
7688,8,320,9836.1,12295.1,0.6623,cloud_heavy
7689,9,320,9757.2,12196.5,0.6973,cloud_heavy
7690,10,320,10287.2,12859.0,0.7303,cloud_heavy
7691,11,320,10254.6,12818.3,0.7589,cloud_heavy
7692,12,320,10188.4,12735.5,0.7811,cloud_heavy
7693,13,320,10878.9,13598.6,0.7952,cloud_heavy
7694,14,320,10935.9,13669.9,0.8,cloud_heavy
7695,15,320,10944.9,13681.2,0.7952,cloud_heavy
7696,16,320,10356.1,12945.1,0.7811,cloud_heavy
7697,17,320,10769.3,13461.7,0.7589,cloud_heavy
7698,18,320,10060.4,12575.5,0.7303,cloud_heavy
7699,19,320,10189.2,12736.5,0.6973,cloud_heavy
7700,20,320,9611.3,12014.2,0.6623,cloud_heavy
7701,21,320,9464.4,11830.5,0.6272,cloud_heavy
7702,22,320,8631.4,10789.3,0.5939,cloud_heavy
7703,23,320,9024.4,11280.5,0.5636,cloud_heavy
7704,0,321,8529.3,10661.6,0.473,cloud_heavy
7705,1,321,8469.9,10587.4,0.4835,cloud_heavy
7706,2,321,9124.2,11405.3,0.4974,cloud_heavy
7707,3,321,8479.3,10599.2,0.5152,cloud_heavy
7708,4,321,8781.1,10976.4,0.5373,cloud_heavy
7709,5,321,8859.6,11074.5,0.5636,cloud_heavy
7710,6,321,9150.1,11437.6,0.5939,cloud_heavy
7711,7,321,9823.3,12279.1,0.6272,cloud_heavy
7712,8,321,10193.8,12742.2,0.6623,cloud_heavy
7713,9,321,9783.2,12229.0,0.6973,cloud_heavy
7714,10,321,9990.1,12487.6,0.7303,cloud_heavy
7715,11,321,10040.3,12550.3,0.7589,cloud_heavy
7716,12,321,10962.0,13702.5,0.7811,cloud_heavy
7717,13,321,10999.9,13749.9,0.7952,cloud_heavy
7718,14,321,10640.1,13300.1,0.8,cloud_heavy
7719,15,321,10196.3,12745.3,0.7952,cloud_heavy
7720,16,321,10135.1,12668.9,0.7811,cloud_heavy
7721,17,321,10454.6,13068.2,0.7589,cloud_heavy
7722,18,321,10379.9,12974.9,0.7303,cloud_heavy
7723,19,321,9373.9,11717.3,0.6973,cloud_heavy
7724,20,321,9666.9,12083.6,0.6623,cloud_heavy
7725,21,321,9991.0,12488.8,0.6272,cloud_heavy
7726,22,321,9246.8,11558.4,0.5939,cloud_heavy
7727,23,321,9513.8,11892.3,0.5636,cloud_heavy
7728,0,322,8738.3,10922.9,0.4829,cloud_heavy
7729,1,322,8388.5,10485.6,0.4978,cloud_heavy
7730,2,322,8724.9,10906.1,0.5177,cloud_heavy
7731,3,322,8936.4,11170.4,0.5431,cloud_heavy
7732,4,322,8917.8,11147.2,0.5747,cloud_heavy
7733,5,322,9155.4,11444.2,0.6123,cloud_heavy
7734,6,322,10155.5,12694.4,0.6556,cloud_heavy
7735,7,322,9737.9,12172.3,0.7032,cloud_heavy
7736,8,322,10699.5,13374.3,0.7533,cloud_heavy
7737,9,322,10556.0,13195.0,0.8033,cloud_heavy
7738,10,322,10999.5,13749.3,0.8504,cloud_heavy
7739,11,322,11469.1,14336.4,0.8912,cloud_heavy
7740,12,322,11283.0,14103.8,0.923,cloud_heavy
7741,13,322,11820.8,14776.0,0.9431,cloud_heavy
7742,14,322,10952.1,13690.2,0.95,cloud_heavy
7743,15,322,11776.1,14720.1,0.9431,cloud_heavy
7744,16,322,10638.5,13298.1,0.923,cloud_heavy
7745,17,322,11202.2,14002.8,0.8912,cloud_heavy
7746,18,322,11290.0,14112.6,0.8504,cloud_heavy
7747,19,322,10895.7,13619.7,0.8033,cloud_heavy
7748,20,322,9960.4,12450.6,0.7533,cloud_heavy
7749,21,322,9680.0,12100.0,0.7032,cloud_heavy
7750,22,322,9515.6,11894.5,0.6556,cloud_heavy
7751,23,322,9482.4,11853.0,0.6123,cloud_heavy
7752,0,323,8048.9,10061.1,0.4829,cloud_heavy
7753,1,323,8667.1,10833.9,0.4978,cloud_heavy
7754,2,323,8884.4,11105.5,0.5177,cloud_heavy
7755,3,323,8894.8,11118.5,0.5431,cloud_heavy
7756,4,323,9324.8,11656.0,0.5747,cloud_heavy
7757,5,323,9493.0,11866.3,0.6123,cloud_heavy
7758,6,323,9558.5,11948.1,0.6556,cloud_heavy
7759,7,323,9449.3,11811.6,0.7032,cloud_heavy
7760,8,323,10405.6,13007.0,0.7533,cloud_heavy
7761,9,323,10390.2,12987.8,0.8033,cloud_heavy
7762,10,323,10817.0,13521.2,0.8504,cloud_heavy
7763,11,323,11441.1,14301.4,0.8912,cloud_heavy
7764,12,323,11977.9,14972.4,0.923,cloud_heavy
7765,13,323,11609.5,14511.9,0.9431,cloud_heavy
7766,14,323,11862.5,14828.1,0.95,cloud_heavy
7767,15,323,11119.1,13898.9,0.9431,cloud_heavy
7768,16,323,11574.0,14467.5,0.923,cloud_heavy
7769,17,323,11258.7,14073.4,0.8912,cloud_heavy
7770,18,323,11413.9,14267.4,0.8504,cloud_heavy
7771,19,323,10522.6,13153.3,0.8033,cloud_heavy
7772,20,323,10289.0,12861.3,0.7533,cloud_heavy
7773,21,323,10350.7,12938.3,0.7032,cloud_heavy
7774,22,323,9689.5,12111.9,0.6556,cloud_heavy
7775,23,323,9116.0,11395.1,0.6123,cloud_heavy
7776,0,324,9227.5,11534.4,0.4829,cloud_heavy
7777,1,324,8390.0,10487.5,0.4978,cloud_heavy
7778,2,324,8785.1,10981.3,0.5177,cloud_heavy
7779,3,324,9064.3,11330.4,0.5431,cloud_heavy
7780,4,324,9253.8,11567.3,0.5747,cloud_heavy
7781,5,324,9376.0,11720.1,0.6123,cloud_heavy
7782,6,324,9662.5,12078.1,0.6556,cloud_heavy
7783,7,324,9961.3,12451.6,0.7032,cloud_heavy
7784,8,324,10017.2,12521.5,0.7533,cloud_heavy
7785,9,324,11386.0,14232.5,0.8033,cloud_heavy
7786,10,324,10935.3,13669.1,0.8504,cloud_heavy
7787,11,324,11481.0,14351.2,0.8912,cloud_heavy
7788,12,324,11374.0,14217.5,0.923,cloud_heavy
7789,13,324,11499.1,14373.8,0.9431,cloud_heavy
7790,14,324,11509.1,14386.3,0.95,cloud_heavy
7791,15,324,11082.4,13853.0,0.9431,cloud_heavy
7792,16,324,11434.0,14292.5,0.923,cloud_heavy
7793,17,324,11141.3,13926.6,0.8912,cloud_heavy
7794,18,324,11394.8,14243.5,0.8504,cloud_heavy
7795,19,324,10312.0,12890.1,0.8033,cloud_heavy
7796,20,324,10184.7,12730.9,0.7533,cloud_heavy
7797,21,324,9761.6,12202.0,0.7032,cloud_heavy
7798,22,324,10136.8,12671.0,0.6556,cloud_heavy
7799,23,324,9183.8,11479.7,0.6123,cloud_heavy
7800,0,325,8716.0,10895.0,0.4829,cloud_heavy
7801,1,325,8922.9,11153.6,0.4978,cloud_heavy
7802,2,325,8763.6,10954.4,0.5177,cloud_heavy
7803,3,325,8600.4,10750.6,0.5431,cloud_heavy
7804,4,325,8804.4,11005.5,0.5747,cloud_heavy
7805,5,325,9672.9,12091.2,0.6123,cloud_heavy
7806,6,325,9348.9,11686.1,0.6556,cloud_heavy
7807,7,325,10150.0,12687.5,0.7032,cloud_heavy
7808,8,325,10399.7,12999.6,0.7533,cloud_heavy
7809,9,325,10817.1,13521.3,0.8033,cloud_heavy
7810,10,325,11163.7,13954.6,0.8504,cloud_heavy
7811,11,325,10963.1,13703.8,0.8912,cloud_heavy
7812,12,325,11153.1,13941.4,0.923,cloud_heavy
7813,13,325,11872.1,14840.1,0.9431,cloud_heavy
7814,14,325,11448.2,14310.2,0.95,cloud_heavy
7815,15,325,10663.8,13329.8,0.9431,cloud_heavy
7816,16,325,11713.0,14641.2,0.923,cloud_heavy
7817,17,325,10928.3,13660.4,0.8912,cloud_heavy
7818,18,325,11162.2,13952.8,0.8504,cloud_heavy
7819,19,325,11143.0,13928.7,0.8033,cloud_heavy
7820,20,325,10369.4,12961.7,0.7533,cloud_heavy
7821,21,325,10331.7,12914.6,0.7032,cloud_heavy
7822,22,325,9761.2,12201.5,0.6556,cloud_heavy
7823,23,325,9878.8,12348.5,0.6123,cloud_heavy
7824,0,326,8298.3,10372.8,0.4829,cloud_heavy
7825,1,326,8668.4,10835.5,0.4978,cloud_heavy
7826,2,326,8979.9,11224.9,0.5177,cloud_heavy
7827,3,326,8919.7,11149.7,0.5431,cloud_heavy
7828,4,326,9497.4,11871.8,0.5747,cloud_heavy
7829,5,326,9307.5,11634.4,0.6123,cloud_heavy
7830,6,326,10319.5,12899.4,0.6556,cloud_heavy
7831,7,326,10670.7,13338.4,0.7032,cloud_heavy
7832,8,326,10451.9,13064.8,0.7533,cloud_heavy
7833,9,326,10873.4,13591.7,0.8033,cloud_heavy
7834,10,326,11401.5,14251.9,0.8504,cloud_heavy
7835,11,326,10877.3,13596.6,0.8912,cloud_heavy
7836,12,326,11037.1,13796.4,0.923,cloud_heavy
7837,13,326,12060.9,15076.1,0.9431,cloud_heavy
7838,14,326,11764.4,14705.5,0.95,cloud_heavy
7839,15,326,11543.8,14429.7,0.9431,cloud_heavy
7840,16,326,11493.2,14366.5,0.923,cloud_heavy
7841,17,326,10471.6,13089.5,0.8912,cloud_heavy
7842,18,326,10945.0,13681.3,0.8504,cloud_heavy
7843,19,326,10454.4,13068.0,0.8033,cloud_heavy
7844,20,326,10649.6,13312.0,0.7533,cloud_heavy
7845,21,326,10331.5,12914.3,0.7032,cloud_heavy
7846,22,326,9884.4,12355.5,0.6556,cloud_heavy
7847,23,326,9541.6,11927.0,0.6123,cloud_heavy
7848,0,327,8123.9,10154.9,0.473,cloud_heavy
7849,1,327,8727.4,10909.2,0.4835,cloud_heavy
7850,2,327,8831.2,11039.0,0.4974,cloud_heavy
7851,3,327,9113.9,11392.4,0.5152,cloud_heavy
7852,4,327,9499.7,11874.7,0.5373,cloud_heavy
7853,5,327,8644.4,10805.5,0.5636,cloud_heavy
7854,6,327,9199.0,11498.8,0.5939,cloud_heavy
7855,7,327,9316.3,11645.3,0.6272,cloud_heavy
7856,8,327,9811.5,12264.3,0.6623,cloud_heavy
7857,9,327,9997.3,12496.6,0.6973,cloud_heavy
7858,10,327,10139.9,12674.9,0.7303,cloud_heavy
7859,11,327,10722.0,13402.5,0.7589,cloud_heavy
7860,12,327,10200.0,12750.1,0.7811,cloud_heavy
7861,13,327,10309.6,12887.0,0.7952,cloud_heavy
7862,14,327,10346.0,12932.5,0.8,cloud_heavy
7863,15,327,10527.0,13158.7,0.7952,cloud_heavy
7864,16,327,10159.8,12699.8,0.7811,cloud_heavy
7865,17,327,10386.2,12982.7,0.7589,cloud_heavy
7866,18,327,10160.9,12701.1,0.7303,cloud_heavy
7867,19,327,9757.5,12196.9,0.6973,cloud_heavy
7868,20,327,10016.8,12521.0,0.6623,cloud_heavy
7869,21,327,9511.4,11889.3,0.6272,cloud_heavy
7870,22,327,9604.2,12005.3,0.5939,cloud_heavy
7871,23,327,9053.6,11317.0,0.5636,cloud_heavy
7872,0,328,8499.8,10624.8,0.473,cloud_heavy
7873,1,328,8430.6,10538.3,0.4835,cloud_heavy
7874,2,328,8665.7,10832.1,0.4974,cloud_heavy
7875,3,328,8973.5,11216.8,0.5152,cloud_heavy
7876,4,328,8821.9,11027.4,0.5373,cloud_heavy
7877,5,328,9248.5,11560.6,0.5636,cloud_heavy
7878,6,328,9080.5,11350.7,0.5939,cloud_heavy
7879,7,328,9745.4,12181.8,0.6272,cloud_heavy
7880,8,328,9591.1,11988.9,0.6623,cloud_heavy
7881,9,328,10248.6,12810.8,0.6973,cloud_heavy
7882,10,328,10230.3,12787.9,0.7303,cloud_heavy
7883,11,328,10875.9,13594.9,0.7589,cloud_heavy
7884,12,328,10183.4,12729.2,0.7811,cloud_heavy
7885,13,328,10170.7,12713.4,0.7952,cloud_heavy
7886,14,328,10476.7,13095.8,0.8,cloud_heavy
7887,15,328,10199.9,12749.9,0.7952,cloud_heavy
7888,16,328,10111.0,12638.8,0.7811,cloud_heavy
7889,17,328,10595.3,13244.1,0.7589,cloud_heavy
7890,18,328,10210.3,12762.9,0.7303,cloud_heavy
7891,19,328,9849.5,12311.8,0.6973,cloud_heavy
7892,20,328,9647.6,12059.6,0.6623,cloud_heavy
7893,21,328,9357.7,11697.2,0.6272,cloud_heavy
7894,22,328,9768.3,12210.4,0.5939,cloud_heavy
7895,23,328,8905.9,11132.4,0.5636,cloud_heavy
7896,0,329,8231.4,10289.3,0.4829,cloud_heavy
7897,1,329,8877.6,11097.0,0.4978,cloud_heavy
7898,2,329,8745.2,10931.5,0.5177,cloud_heavy
7899,3,329,9519.7,11899.6,0.5431,cloud_heavy
7900,4,329,9035.2,11294.0,0.5747,cloud_heavy
7901,5,329,9669.0,12086.3,0.6123,cloud_heavy
7902,6,329,10031.8,12539.7,0.6556,cloud_heavy
7903,7,329,9875.1,12343.9,0.7032,cloud_heavy
7904,8,329,10133.2,12666.4,0.7533,cloud_heavy
7905,9,329,10933.9,13667.4,0.8033,cloud_heavy
7906,10,329,11197.8,13997.2,0.8504,cloud_heavy
7907,11,329,10801.7,13502.1,0.8912,cloud_heavy
7908,12,329,11100.4,13875.5,0.923,cloud_heavy
7909,13,329,10738.4,13423.0,0.9431,cloud_heavy
7910,14,329,11876.9,14846.1,0.95,cloud_heavy
7911,15,329,11531.5,14414.4,0.9431,cloud_heavy
7912,16,329,11433.5,14291.8,0.923,cloud_heavy
7913,17,329,10706.6,13383.3,0.8912,cloud_heavy
7914,18,329,10645.3,13306.6,0.8504,cloud_heavy
7915,19,329,10542.7,13178.3,0.8033,cloud_heavy
7916,20,329,10155.1,12693.9,0.7533,cloud_heavy
7917,21,329,10067.5,12584.3,0.7032,cloud_heavy
7918,22,329,9886.4,12358.0,0.6556,cloud_heavy
7919,23,329,10071.8,12589.7,0.6123,cloud_heavy
7920,0,330,8566.2,10707.8,0.4829,cloud_heavy
7921,1,330,8960.7,11200.8,0.4978,cloud_heavy
7922,2,330,8583.0,10728.7,0.5177,cloud_heavy
7923,3,330,8520.2,10650.3,0.5431,cloud_heavy
7924,4,330,9083.1,11353.8,0.5747,cloud_heavy
7925,5,330,8977.7,11222.2,0.6123,cloud_heavy
7926,6,330,9720.6,12150.8,0.6556,cloud_heavy
7927,7,330,9797.1,12246.4,0.7032,cloud_heavy
7928,8,330,9756.5,12195.6,0.7533,cloud_heavy
7929,9,330,11253.1,14066.4,0.8033,cloud_heavy
7930,10,330,10830.4,13538.0,0.8504,cloud_heavy
7931,11,330,10724.9,13406.1,0.8912,cloud_heavy
7932,12,330,11798.9,14748.7,0.923,cloud_heavy
7933,13,330,11368.7,14210.9,0.9431,cloud_heavy
7934,14,330,12050.1,15062.6,0.95,cloud_heavy
7935,15,330,11367.1,14208.8,0.9431,cloud_heavy
7936,16,330,11302.9,14128.6,0.923,cloud_heavy
7937,17,330,11395.7,14244.6,0.8912,cloud_heavy
7938,18,330,11203.8,14004.8,0.8504,cloud_heavy
7939,19,330,10942.6,13678.3,0.8033,cloud_heavy
7940,20,330,10336.2,12920.3,0.7533,cloud_heavy
7941,21,330,10191.1,12738.9,0.7032,cloud_heavy
7942,22,330,9933.7,12417.1,0.6556,cloud_heavy
7943,23,330,9486.5,11858.1,0.6123,cloud_heavy
7944,0,331,8534.7,10668.4,0.4829,cloud_heavy
7945,1,331,8294.6,10368.2,0.4978,cloud_heavy
7946,2,331,8960.4,11200.4,0.5177,cloud_heavy
7947,3,331,8982.3,11227.9,0.5431,cloud_heavy
7948,4,331,9066.2,11332.7,0.5747,cloud_heavy
7949,5,331,9791.2,12239.0,0.6123,cloud_heavy
7950,6,331,9300.1,11625.2,0.6556,cloud_heavy
7951,7,331,10526.8,13158.5,0.7032,cloud_heavy
7952,8,331,10357.2,12946.5,0.7533,cloud_heavy
7953,9,331,10797.9,13497.4,0.8033,cloud_heavy
7954,10,331,10877.5,13596.9,0.8504,cloud_heavy
7955,11,331,10714.9,13393.6,0.8912,cloud_heavy
7956,12,331,11441.2,14301.5,0.923,cloud_heavy
7957,13,331,11739.5,14674.4,0.9431,cloud_heavy
7958,14,331,11905.2,14881.5,0.95,cloud_heavy
7959,15,331,11553.7,14442.2,0.9431,cloud_heavy
7960,16,331,10733.6,13417.0,0.923,cloud_heavy
7961,17,331,10757.3,13446.7,0.8912,cloud_heavy
7962,18,331,11685.6,14607.0,0.8504,cloud_heavy
7963,19,331,10345.5,12931.8,0.8033,cloud_heavy
7964,20,331,10807.9,13509.8,0.7533,cloud_heavy
7965,21,331,9750.9,12188.6,0.7032,cloud_heavy
7966,22,331,9663.2,12078.9,0.6556,cloud_heavy
7967,23,331,9606.6,12008.2,0.6123,cloud_heavy
7968,0,332,8360.5,10450.6,0.4829,cloud_heavy
7969,1,332,9084.7,11355.9,0.4978,cloud_heavy
7970,2,332,8822.1,11027.7,0.5177,cloud_heavy
7971,3,332,9095.0,11368.8,0.5431,cloud_heavy
7972,4,332,9106.4,11383.0,0.5747,cloud_heavy
7973,5,332,9616.1,12020.1,0.6123,cloud_heavy
7974,6,332,10176.5,12720.7,0.6556,cloud_heavy
7975,7,332,9992.5,12490.6,0.7032,cloud_heavy
7976,8,332,10902.0,13627.4,0.7533,cloud_heavy
7977,9,332,10499.8,13124.7,0.8033,cloud_heavy
7978,10,332,11260.3,14075.3,0.8504,cloud_heavy
7979,11,332,11444.5,14305.6,0.8912,cloud_heavy
7980,12,332,11121.0,13901.3,0.923,cloud_heavy
7981,13,332,11697.3,14621.7,0.9431,cloud_heavy
7982,14,332,11671.1,14588.8,0.95,cloud_heavy
7983,15,332,11325.3,14156.6,0.9431,cloud_heavy
7984,16,332,11612.8,14515.9,0.923,cloud_heavy
7985,17,332,11328.5,14160.6,0.8912,cloud_heavy
7986,18,332,10984.0,13730.0,0.8504,cloud_heavy
7987,19,332,10674.0,13342.5,0.8033,cloud_heavy
7988,20,332,10336.2,12920.2,0.7533,cloud_heavy
7989,21,332,9921.3,12401.7,0.7032,cloud_heavy
7990,22,332,9757.1,12196.4,0.6556,cloud_heavy
7991,23,332,9247.6,11559.5,0.6123,cloud_heavy
7992,0,333,9254.6,11568.2,0.4829,cloud_heavy
7993,1,333,8303.9,10379.9,0.4978,cloud_heavy
7994,2,333,8647.7,10809.7,0.5177,cloud_heavy
7995,3,333,8834.9,11043.6,0.5431,cloud_heavy
7996,4,333,9742.1,12177.6,0.5747,cloud_heavy
7997,5,333,9056.3,11320.3,0.6123,cloud_heavy
7998,6,333,9840.5,12300.6,0.6556,cloud_heavy
7999,7,333,10106.8,12633.4,0.7032,cloud_heavy
8000,8,333,10467.9,13084.8,0.7533,cloud_heavy
8001,9,333,11092.8,13865.9,0.8033,cloud_heavy
8002,10,333,11409.5,14261.8,0.8504,cloud_heavy
8003,11,333,11126.4,13908.0,0.8912,cloud_heavy
8004,12,333,11556.2,14445.3,0.923,cloud_heavy
8005,13,333,10972.8,13716.0,0.9431,cloud_heavy
8006,14,333,11703.2,14629.0,0.95,cloud_heavy
8007,15,333,11345.9,14182.4,0.9431,cloud_heavy
8008,16,333,11425.1,14281.4,0.923,cloud_heavy
8009,17,333,10708.7,13385.9,0.8912,cloud_heavy
8010,18,333,11141.6,13927.1,0.8504,cloud_heavy
8011,19,333,10151.6,12689.6,0.8033,cloud_heavy
8012,20,333,10410.3,13012.8,0.7533,cloud_heavy
8013,21,333,9662.9,12078.6,0.7032,cloud_heavy
8014,22,333,9468.7,11835.8,0.6556,cloud_heavy
8015,23,333,9756.4,12195.5,0.6123,cloud_heavy
8016,0,334,8656.0,10820.1,0.473,cloud_heavy
8017,1,334,8871.1,11088.8,0.4835,cloud_heavy
8018,2,334,9073.1,11341.4,0.4974,cloud_heavy
8019,3,334,8582.0,10727.6,0.5152,cloud_heavy
8020,4,334,9333.8,11667.2,0.5373,cloud_heavy
8021,5,334,8706.5,10883.1,0.5636,cloud_heavy
8022,6,334,9515.8,11894.8,0.5939,cloud_heavy
8023,7,334,9387.4,11734.3,0.6272,cloud_heavy
8024,8,334,9488.5,11860.7,0.6623,cloud_heavy
8025,9,334,10177.5,12721.9,0.6973,cloud_heavy
8026,10,334,10501.1,13126.4,0.7303,cloud_heavy
8027,11,334,10686.9,13358.7,0.7589,cloud_heavy
8028,12,334,10616.6,13270.7,0.7811,cloud_heavy
8029,13,334,10684.1,13355.2,0.7952,cloud_heavy
8030,14,334,10842.7,13553.4,0.8,cloud_heavy
8031,15,334,10739.0,13423.7,0.7952,cloud_heavy
8032,16,334,10719.9,13399.9,0.7811,cloud_heavy
8033,17,334,10465.0,13081.2,0.7589,cloud_heavy
8034,18,334,10469.8,13087.2,0.7303,cloud_heavy
8035,19,334,9505.4,11881.8,0.6973,cloud_heavy
8036,20,334,9722.5,12153.1,0.6623,cloud_heavy
8037,21,334,9132.9,11416.1,0.6272,cloud_heavy
8038,22,334,9384.7,11730.9,0.5939,cloud_heavy
8039,23,334,9555.4,11944.3,0.5636,cloud_heavy
8040,0,335,8385.0,10481.3,0.473,cloud_heavy
8041,1,335,8608.2,10760.2,0.4835,cloud_heavy
8042,2,335,8864.3,11080.3,0.4974,cloud_heavy
8043,3,335,8240.7,10300.9,0.5152,cloud_heavy
8044,4,335,8792.2,10990.3,0.5373,cloud_heavy
8045,5,335,9206.4,11508.1,0.5636,cloud_heavy
8046,6,335,8498.6,10623.2,0.5939,cloud_heavy
8047,7,335,9249.2,11561.5,0.6272,cloud_heavy
8048,8,335,10083.3,12604.1,0.6623,cloud_heavy
8049,9,335,10294.0,12867.5,0.6973,cloud_heavy
8050,10,335,10326.3,12907.9,0.7303,cloud_heavy
8051,11,335,10676.6,13345.8,0.7589,cloud_heavy
8052,12,335,10616.7,13270.8,0.7811,cloud_heavy
8053,13,335,10819.3,13524.1,0.7952,cloud_heavy
8054,14,335,10572.9,13216.2,0.8,cloud_heavy
8055,15,335,10679.0,13348.7,0.7952,cloud_heavy
8056,16,335,10348.5,12935.6,0.7811,cloud_heavy
8057,17,335,10795.6,13494.5,0.7589,cloud_heavy
8058,18,335,10677.7,13347.2,0.7303,cloud_heavy
8059,19,335,10407.0,13008.7,0.6973,cloud_heavy
8060,20,335,9641.4,12051.8,0.6623,cloud_heavy
8061,21,335,9255.8,11569.8,0.6272,cloud_heavy
8062,22,335,9664.0,12080.1,0.5939,cloud_heavy
8063,23,335,9255.5,11569.3,0.5636,cloud_heavy
8064,0,336,8655.9,10819.9,0.4829,cloud_heavy
8065,1,336,8505.7,10632.1,0.4978,cloud_heavy
8066,2,336,8914.5,11143.2,0.5177,cloud_heavy
8067,3,336,8678.9,10848.6,0.5431,cloud_heavy
8068,4,336,9354.7,11693.4,0.5747,cloud_heavy
8069,5,336,9819.8,12274.7,0.6123,cloud_heavy
8070,6,336,10191.8,12739.7,0.6556,cloud_heavy
8071,7,336,10245.2,12806.6,0.7032,cloud_heavy
8072,8,336,9934.4,12418.1,0.7533,cloud_heavy
8073,9,336,10759.4,13449.2,0.8033,cloud_heavy
8074,10,336,11714.5,14643.2,0.8504,cloud_heavy
8075,11,336,10985.1,13731.3,0.8912,cloud_heavy
8076,12,336,11469.0,14336.2,0.923,cloud_heavy
8077,13,336,12115.6,15144.6,0.9431,cloud_heavy
8078,14,336,11884.5,14855.7,0.95,cloud_heavy
8079,15,336,12487.6,15609.5,0.9431,cloud_heavy
8080,16,336,11236.7,14045.9,0.923,cloud_heavy
8081,17,336,10944.1,13680.1,0.8912,cloud_heavy
8082,18,336,11412.2,14265.2,0.8504,cloud_heavy
8083,19,336,10312.3,12890.4,0.8033,cloud_heavy
8084,20,336,10303.0,12878.7,0.7533,cloud_heavy
8085,21,336,10012.2,12515.3,0.7032,cloud_heavy
8086,22,336,10018.3,12522.9,0.6556,cloud_heavy
8087,23,336,9603.5,12004.4,0.6123,cloud_heavy
8088,0,337,8688.9,10861.2,0.4829,cloud_heavy
8089,1,337,8565.8,10707.3,0.4978,cloud_heavy
8090,2,337,9123.0,11403.7,0.5177,cloud_heavy
8091,3,337,10054.5,12568.1,0.5431,cloud_heavy
8092,4,337,9370.5,11713.1,0.5747,cloud_heavy
8093,5,337,9457.9,11822.4,0.6123,cloud_heavy
8094,6,337,9338.0,11672.5,0.6556,cloud_heavy
8095,7,337,9840.1,12300.2,0.7032,cloud_heavy
8096,8,337,10297.7,12872.1,0.7533,cloud_heavy
8097,9,337,10524.5,13155.6,0.8033,cloud_heavy
8098,10,337,11002.6,13753.3,0.8504,cloud_heavy
8099,11,337,11880.6,14850.8,0.8912,cloud_heavy
8100,12,337,11919.2,14899.0,0.923,cloud_heavy
8101,13,337,11567.4,14459.2,0.9431,cloud_heavy
8102,14,337,11245.5,14056.9,0.95,cloud_heavy
8103,15,337,12089.1,15111.4,0.9431,cloud_heavy
8104,16,337,11472.4,14340.6,0.923,cloud_heavy
8105,17,337,10694.8,13368.5,0.8912,cloud_heavy
8106,18,337,11243.2,14054.0,0.8504,cloud_heavy
8107,19,337,11025.2,13781.5,0.8033,cloud_heavy
8108,20,337,9609.9,12012.3,0.7533,cloud_heavy
8109,21,337,9783.8,12229.8,0.7032,cloud_heavy
8110,22,337,9684.1,12105.2,0.6556,cloud_heavy
8111,23,337,9637.5,12046.9,0.6123,cloud_heavy
8112,0,338,8438.8,10548.5,0.4829,cloud_heavy
8113,1,338,8454.1,10567.6,0.4978,cloud_heavy
8114,2,338,8994.2,11242.7,0.5177,cloud_heavy
8115,3,338,8844.9,11056.2,0.5431,cloud_heavy
8116,4,338,9329.4,11661.7,0.5747,cloud_heavy
8117,5,338,9115.3,11394.1,0.6123,cloud_heavy
8118,6,338,9322.1,11652.7,0.6556,cloud_heavy
8119,7,338,10259.3,12824.1,0.7032,cloud_heavy
8120,8,338,10442.7,13053.3,0.7533,cloud_heavy
8121,9,338,10992.0,13740.0,0.8033,cloud_heavy
8122,10,338,10832.1,13540.1,0.8504,cloud_heavy
8123,11,338,11009.9,13762.4,0.8912,cloud_heavy
8124,12,338,11958.4,14948.0,0.923,cloud_heavy
8125,13,338,11091.7,13864.7,0.9431,cloud_heavy
8126,14,338,12106.6,15133.2,0.95,cloud_heavy
8127,15,338,12083.2,15104.0,0.9431,cloud_heavy
8128,16,338,11785.8,14732.3,0.923,cloud_heavy
8129,17,338,11046.2,13807.8,0.8912,cloud_heavy
8130,18,338,10738.3,13422.9,0.8504,cloud_heavy
8131,19,338,10628.6,13285.8,0.8033,cloud_heavy
8132,20,338,9961.5,12451.9,0.7533,cloud_heavy
8133,21,338,9742.6,12178.2,0.7032,cloud_heavy
8134,22,338,9904.3,12380.3,0.6556,cloud_heavy
8135,23,338,9613.4,12016.8,0.6123,cloud_heavy
8136,0,339,8301.5,10376.9,0.4829,cloud_heavy
8137,1,339,8846.4,11058.0,0.4978,cloud_heavy
8138,2,339,8922.1,11152.6,0.5177,cloud_heavy
8139,3,339,9377.3,11721.7,0.5431,cloud_heavy
8140,4,339,9336.8,11671.1,0.5747,cloud_heavy
8141,5,339,9729.2,12161.5,0.6123,cloud_heavy
8142,6,339,9855.4,12319.3,0.6556,cloud_heavy
8143,7,339,10326.9,12908.7,0.7032,cloud_heavy
8144,8,339,9964.0,12454.9,0.7533,cloud_heavy
8145,9,339,10657.0,13321.2,0.8033,cloud_heavy
8146,10,339,10995.1,13743.8,0.8504,cloud_heavy
8147,11,339,11196.5,13995.6,0.8912,cloud_heavy
8148,12,339,11642.4,14552.9,0.923,cloud_heavy
8149,13,339,11844.0,14805.0,0.9431,cloud_heavy
8150,14,339,11805.8,14757.3,0.95,cloud_heavy
8151,15,339,11561.1,14451.3,0.9431,cloud_heavy
8152,16,339,11235.8,14044.7,0.923,cloud_heavy
8153,17,339,11650.2,14562.8,0.8912,cloud_heavy
8154,18,339,11123.4,13904.3,0.8504,cloud_heavy
8155,19,339,10369.2,12961.5,0.8033,cloud_heavy
8156,20,339,10303.9,12879.9,0.7533,cloud_heavy
8157,21,339,9507.3,11884.2,0.7032,cloud_heavy
8158,22,339,9726.6,12158.3,0.6556,cloud_heavy
8159,23,339,9373.6,11717.0,0.6123,cloud_heavy
8160,0,340,8423.7,10529.6,0.4829,cloud_heavy
8161,1,340,9082.7,11353.4,0.4978,cloud_heavy
8162,2,340,8496.8,10621.0,0.5177,cloud_heavy
8163,3,340,9161.1,11451.4,0.5431,cloud_heavy
8164,4,340,9782.3,12227.9,0.5747,cloud_heavy
8165,5,340,9734.5,12168.1,0.6123,cloud_heavy
8166,6,340,9707.1,12133.9,0.6556,cloud_heavy
8167,7,340,9690.7,12113.4,0.7032,cloud_heavy
8168,8,340,9940.7,12425.8,0.7533,cloud_heavy
8169,9,340,10564.0,13205.0,0.8033,cloud_heavy
8170,10,340,10781.1,13476.3,0.8504,cloud_heavy
8171,11,340,11035.5,13794.4,0.8912,cloud_heavy
8172,12,340,11376.9,14221.1,0.923,cloud_heavy
8173,13,340,11587.1,14483.9,0.9431,cloud_heavy
8174,14,340,11838.4,14797.9,0.95,cloud_heavy
8175,15,340,11191.2,13989.0,0.9431,cloud_heavy
8176,16,340,11254.2,14067.7,0.923,cloud_heavy
8177,17,340,11224.9,14031.2,0.8912,cloud_heavy
8178,18,340,10943.4,13679.2,0.8504,cloud_heavy
8179,19,340,11285.3,14106.6,0.8033,cloud_heavy
8180,20,340,10436.4,13045.5,0.7533,cloud_heavy
8181,21,340,9546.4,11933.0,0.7032,cloud_heavy
8182,22,340,9838.2,12297.8,0.6556,cloud_heavy
8183,23,340,9584.1,11980.1,0.6123,cloud_heavy
8184,0,341,8474.1,10592.6,0.473,cloud_heavy
8185,1,341,8263.3,10329.1,0.4835,cloud_heavy
8186,2,341,9124.7,11405.9,0.4974,cloud_heavy
8187,3,341,8503.7,10629.7,0.5152,cloud_heavy
8188,4,341,9109.2,11386.5,0.5373,cloud_heavy
8189,5,341,9161.5,11451.9,0.5636,cloud_heavy
8190,6,341,9475.2,11844.1,0.5939,cloud_heavy
8191,7,341,10016.4,12520.5,0.6272,cloud_heavy
8192,8,341,9925.4,12406.8,0.6623,cloud_heavy
8193,9,341,9825.8,12282.2,0.6973,cloud_heavy
8194,10,341,10550.4,13188.0,0.7303,cloud_heavy
8195,11,341,10204.4,12755.5,0.7589,cloud_heavy
8196,12,341,10600.4,13250.4,0.7811,cloud_heavy
8197,13,341,10229.2,12786.5,0.7952,cloud_heavy
8198,14,341,10343.1,12928.9,0.8,cloud_heavy
8199,15,341,10658.4,13323.0,0.7952,cloud_heavy
8200,16,341,10665.1,13331.4,0.7811,cloud_heavy
8201,17,341,9870.1,12337.7,0.7589,cloud_heavy
8202,18,341,10364.0,12954.9,0.7303,cloud_heavy
8203,19,341,9747.6,12184.5,0.6973,cloud_heavy
8204,20,341,10135.7,12669.6,0.6623,cloud_heavy
8205,21,341,9427.8,11784.8,0.6272,cloud_heavy
8206,22,341,8993.7,11242.2,0.5939,cloud_heavy
8207,23,341,9127.6,11409.5,0.5636,cloud_heavy
8208,0,342,8272.2,10340.3,0.473,cloud_heavy
8209,1,342,8901.9,11127.3,0.4835,cloud_heavy
8210,2,342,8667.7,10834.6,0.4974,cloud_heavy
8211,3,342,8745.8,10932.2,0.5152,cloud_heavy
8212,4,342,9090.7,11363.4,0.5373,cloud_heavy
8213,5,342,8832.3,11040.4,0.5636,cloud_heavy
8214,6,342,8947.5,11184.4,0.5939,cloud_heavy
8215,7,342,9645.2,12056.5,0.6272,cloud_heavy
8216,8,342,9438.9,11798.7,0.6623,cloud_heavy
8217,9,342,9663.5,12079.4,0.6973,cloud_heavy
8218,10,342,10467.9,13084.9,0.7303,cloud_heavy
8219,11,342,10565.2,13206.5,0.7589,cloud_heavy
8220,12,342,10151.8,12689.8,0.7811,cloud_heavy
8221,13,342,10444.3,13055.4,0.7952,cloud_heavy
8222,14,342,10384.6,12980.8,0.8,cloud_heavy
8223,15,342,11209.1,14011.4,0.7952,cloud_heavy
8224,16,342,10835.3,13544.1,0.7811,cloud_heavy
8225,17,342,10270.0,12837.5,0.7589,cloud_heavy
8226,18,342,10388.1,12985.2,0.7303,cloud_heavy
8227,19,342,9586.7,11983.4,0.6973,cloud_heavy
8228,20,342,9564.0,11955.0,0.6623,cloud_heavy
8229,21,342,9558.4,11948.0,0.6272,cloud_heavy
8230,22,342,9433.8,11792.2,0.5939,cloud_heavy
8231,23,342,9080.2,11350.3,0.5636,cloud_heavy
8232,0,343,8635.2,10794.0,0.4829,cloud_heavy
8233,1,343,8690.9,10863.6,0.4978,cloud_heavy
8234,2,343,8758.9,10948.7,0.5177,cloud_heavy
8235,3,343,8891.3,11114.1,0.5431,cloud_heavy
8236,4,343,9062.7,11328.4,0.5747,cloud_heavy
8237,5,343,9495.3,11869.2,0.6123,cloud_heavy
8238,6,343,9836.1,12295.1,0.6556,cloud_heavy
8239,7,343,10091.7,12614.6,0.7032,cloud_heavy
8240,8,343,9997.7,12497.1,0.7533,cloud_heavy
8241,9,343,10375.5,12969.4,0.8033,cloud_heavy
8242,10,343,11139.7,13924.6,0.8504,cloud_heavy
8243,11,343,11776.9,14721.2,0.8912,cloud_heavy
8244,12,343,11541.9,14427.4,0.923,cloud_heavy
8245,13,343,11479.2,14349.0,0.9431,cloud_heavy
8246,14,343,11747.0,14683.8,0.95,cloud_heavy
8247,15,343,11226.4,14033.0,0.9431,cloud_heavy
8248,16,343,11940.5,14925.7,0.923,cloud_heavy
8249,17,343,11342.1,14177.6,0.8912,cloud_heavy
8250,18,343,10786.9,13483.6,0.8504,cloud_heavy
8251,19,343,10642.5,13303.1,0.8033,cloud_heavy
8252,20,343,10200.3,12750.4,0.7533,cloud_heavy
8253,21,343,10426.8,13033.5,0.7032,cloud_heavy
8254,22,343,9657.4,12071.7,0.6556,cloud_heavy
8255,23,343,9473.7,11842.1,0.6123,cloud_heavy
8256,0,344,8718.9,10898.6,0.4829,cloud_heavy
8257,1,344,8477.8,10597.3,0.4978,cloud_heavy
8258,2,344,8853.3,11066.6,0.5177,cloud_heavy
8259,3,344,9044.8,11306.1,0.5431,cloud_heavy
8260,4,344,8752.1,10940.1,0.5747,cloud_heavy
8261,5,344,9501.2,11876.5,0.6123,cloud_heavy
8262,6,344,9703.0,12128.7,0.6556,cloud_heavy
8263,7,344,10071.1,12588.9,0.7032,cloud_heavy
8264,8,344,10375.2,12969.0,0.7533,cloud_heavy
8265,9,344,10779.2,13474.0,0.8033,cloud_heavy
8266,10,344,11449.6,14312.0,0.8504,cloud_heavy
8267,11,344,10879.9,13599.8,0.8912,cloud_heavy
8268,12,344,11371.4,14214.3,0.923,cloud_heavy
8269,13,344,11855.2,14819.0,0.9431,cloud_heavy
8270,14,344,11836.9,14796.1,0.95,cloud_heavy
8271,15,344,11783.0,14728.7,0.9431,cloud_heavy
8272,16,344,12438.5,15548.1,0.923,cloud_heavy
8273,17,344,11486.8,14358.5,0.8912,cloud_heavy
8274,18,344,11381.4,14226.8,0.8504,cloud_heavy
8275,19,344,10597.5,13246.9,0.8033,cloud_heavy
8276,20,344,10055.4,12569.3,0.7533,cloud_heavy
8277,21,344,9937.4,12421.8,0.7032,cloud_heavy
8278,22,344,9923.9,12404.8,0.6556,cloud_heavy
8279,23,344,9544.8,11931.0,0.6123,cloud_heavy
8280,0,345,8675.1,10843.9,0.4829,cloud_heavy
8281,1,345,8614.8,10768.5,0.4978,cloud_heavy
8282,2,345,8703.4,10879.3,0.5177,cloud_heavy
8283,3,345,8922.6,11153.2,0.5431,cloud_heavy
8284,4,345,9379.6,11724.5,0.5747,cloud_heavy
8285,5,345,9667.6,12084.4,0.6123,cloud_heavy
8286,6,345,9423.0,11778.8,0.6556,cloud_heavy
8287,7,345,10261.4,12826.8,0.7032,cloud_heavy
8288,8,345,10161.8,12702.3,0.7533,cloud_heavy
8289,9,345,10846.5,13558.1,0.8033,cloud_heavy
8290,10,345,10944.6,13680.7,0.8504,cloud_heavy
8291,11,345,11808.8,14761.0,0.8912,cloud_heavy
8292,12,345,11345.3,14181.6,0.923,cloud_heavy
8293,13,345,11685.1,14606.3,0.9431,cloud_heavy
8294,14,345,11880.8,14851.1,0.95,cloud_heavy
8295,15,345,11318.0,14147.6,0.9431,cloud_heavy
8296,16,345,11464.2,14330.3,0.923,cloud_heavy
8297,17,345,11188.8,13986.0,0.8912,cloud_heavy
8298,18,345,10838.3,13547.8,0.8504,cloud_heavy
8299,19,345,10554.9,13193.7,0.8033,cloud_heavy
8300,20,345,10709.9,13387.4,0.7533,cloud_heavy
8301,21,345,9851.9,12314.8,0.7032,cloud_heavy
8302,22,345,9881.4,12351.8,0.6556,cloud_heavy
8303,23,345,9518.7,11898.4,0.6123,cloud_heavy
8304,0,346,8212.2,10265.2,0.4829,cloud_heavy
8305,1,346,8805.6,11007.0,0.4978,cloud_heavy
8306,2,346,8428.9,10536.1,0.5177,cloud_heavy
8307,3,346,9140.0,11425.0,0.5431,cloud_heavy
8308,4,346,9040.4,11300.5,0.5747,cloud_heavy
8309,5,346,9432.1,11790.1,0.6123,cloud_heavy
8310,6,346,9339.1,11673.8,0.6556,cloud_heavy
8311,7,346,10068.8,12586.0,0.7032,cloud_heavy
8312,8,346,10652.4,13315.5,0.7533,cloud_heavy
8313,9,346,10437.1,13046.4,0.8033,cloud_heavy
8314,10,346,10807.4,13509.3,0.8504,cloud_heavy
8315,11,346,11432.8,14291.0,0.8912,cloud_heavy
8316,12,346,11654.7,14568.3,0.923,cloud_heavy
8317,13,346,10774.0,13467.5,0.9431,cloud_heavy
8318,14,346,12374.0,15467.5,0.95,cloud_heavy
8319,15,346,11807.1,14758.8,0.9431,cloud_heavy
8320,16,346,11729.6,14662.0,0.923,cloud_heavy
8321,17,346,11230.4,14038.0,0.8912,cloud_heavy
8322,18,346,10395.2,12994.0,0.8504,cloud_heavy
8323,19,346,10912.5,13640.7,0.8033,cloud_heavy
8324,20,346,10188.4,12735.5,0.7533,cloud_heavy
8325,21,346,10195.7,12744.6,0.7032,cloud_heavy
8326,22,346,9652.6,12065.7,0.6556,cloud_heavy
8327,23,346,9497.1,11871.3,0.6123,cloud_heavy
8328,0,347,8372.1,10465.1,0.4829,cloud_heavy
8329,1,347,8895.4,11119.2,0.4978,cloud_heavy
8330,2,347,8488.3,10610.4,0.5177,cloud_heavy
8331,3,347,9575.3,11969.2,0.5431,cloud_heavy
8332,4,347,9796.4,12245.6,0.5747,cloud_heavy
8333,5,347,9891.6,12364.5,0.6123,cloud_heavy
8334,6,347,10088.1,12610.2,0.6556,cloud_heavy
8335,7,347,10006.6,12508.2,0.7032,cloud_heavy
8336,8,347,10726.9,13408.6,0.7533,cloud_heavy
8337,9,347,10665.2,13331.5,0.8033,cloud_heavy
8338,10,347,10494.9,13118.6,0.8504,cloud_heavy
8339,11,347,11787.6,14734.5,0.8912,cloud_heavy
8340,12,347,11878.4,14848.0,0.923,cloud_heavy
8341,13,347,11611.8,14514.8,0.9431,cloud_heavy
8342,14,347,11239.6,14049.5,0.95,cloud_heavy
8343,15,347,11418.4,14273.0,0.9431,cloud_heavy
8344,16,347,10861.6,13577.1,0.923,cloud_heavy
8345,17,347,11598.8,14498.5,0.8912,cloud_heavy
8346,18,347,10478.5,13098.1,0.8504,cloud_heavy
8347,19,347,10788.1,13485.1,0.8033,cloud_heavy
8348,20,347,10101.8,12627.3,0.7533,cloud_heavy
8349,21,347,9602.6,12003.3,0.7032,cloud_heavy
8350,22,347,9785.8,12232.3,0.6556,cloud_heavy
8351,23,347,9335.3,11669.1,0.6123,cloud_heavy
8352,0,348,8719.9,10899.9,0.473,cloud_heavy
8353,1,348,8249.3,10311.6,0.4835,cloud_heavy
8354,2,348,8470.6,10588.3,0.4974,cloud_heavy
8355,3,348,8156.4,10195.5,0.5152,cloud_heavy
8356,4,348,8346.8,10433.5,0.5373,cloud_heavy
8357,5,348,9598.1,11997.7,0.5636,cloud_heavy
8358,6,348,9889.3,12361.6,0.5939,cloud_heavy
8359,7,348,9555.0,11943.7,0.6272,cloud_heavy
8360,8,348,9519.7,11899.6,0.6623,cloud_heavy
8361,9,348,9903.8,12379.8,0.6973,cloud_heavy
8362,10,348,10479.2,13099.0,0.7303,cloud_heavy
8363,11,348,10240.8,12801.0,0.7589,cloud_heavy
8364,12,348,10623.8,13279.8,0.7811,cloud_heavy
8365,13,348,10637.9,13297.4,0.7952,cloud_heavy
8366,14,348,10491.9,13114.8,0.8,cloud_heavy
8367,15,348,10474.0,13092.5,0.7952,cloud_heavy
8368,16,348,10641.4,13301.8,0.7811,cloud_heavy
8369,17,348,10096.5,12620.6,0.7589,cloud_heavy
8370,18,348,10350.0,12937.5,0.7303,cloud_heavy
8371,19,348,9851.9,12314.9,0.6973,cloud_heavy
8372,20,348,9798.3,12247.8,0.6623,cloud_heavy
8373,21,348,9924.1,12405.1,0.6272,cloud_heavy
8374,22,348,9260.5,11575.7,0.5939,cloud_heavy
8375,23,348,9358.2,11697.7,0.5636,cloud_heavy
8376,0,349,8048.7,10060.9,0.473,cloud_heavy
8377,1,349,8454.4,10568.0,0.4835,cloud_heavy
8378,2,349,8674.7,10843.4,0.4974,cloud_heavy
8379,3,349,9292.7,11615.8,0.5152,cloud_heavy
8380,4,349,8406.9,10508.7,0.5373,cloud_heavy
8381,5,349,9080.6,11350.7,0.5636,cloud_heavy
8382,6,349,9714.2,12142.8,0.5939,cloud_heavy
8383,7,349,9304.1,11630.1,0.6272,cloud_heavy
8384,8,349,9698.6,12123.3,0.6623,cloud_heavy
8385,9,349,10092.7,12615.9,0.6973,cloud_heavy
8386,10,349,10268.1,12835.2,0.7303,cloud_heavy
8387,11,349,10889.9,13612.4,0.7589,cloud_heavy
8388,12,349,10690.5,13363.2,0.7811,cloud_heavy
8389,13,349,11065.9,13832.4,0.7952,cloud_heavy
8390,14,349,10558.7,13198.4,0.8,cloud_heavy
8391,15,349,10405.6,13007.0,0.7952,cloud_heavy
8392,16,349,10477.2,13096.5,0.7811,cloud_heavy
8393,17,349,10039.6,12549.6,0.7589,cloud_heavy
8394,18,349,10359.7,12949.7,0.7303,cloud_heavy
8395,19,349,9877.6,12347.0,0.6973,cloud_heavy
8396,20,349,9564.2,11955.3,0.6623,cloud_heavy
8397,21,349,9671.0,12088.7,0.6272,cloud_heavy
8398,22,349,8988.1,11235.2,0.5939,cloud_heavy
8399,23,349,9317.4,11646.7,0.5636,cloud_heavy
8400,0,350,8448.4,10560.5,0.4829,cloud_heavy
8401,1,350,8972.0,11215.0,0.4978,cloud_heavy
8402,2,350,8698.4,10873.0,0.5177,cloud_heavy
8403,3,350,9141.1,11426.3,0.5431,cloud_heavy
8404,4,350,9229.6,11536.9,0.5747,cloud_heavy
8405,5,350,9640.2,12050.2,0.6123,cloud_heavy
8406,6,350,9748.4,12185.5,0.6556,cloud_heavy
8407,7,350,9531.4,11914.2,0.7032,cloud_heavy
8408,8,350,10677.8,13347.3,0.7533,cloud_heavy
8409,9,350,10667.9,13334.9,0.8033,cloud_heavy
8410,10,350,11268.7,14085.8,0.8504,cloud_heavy
8411,11,350,11512.5,14390.7,0.8912,cloud_heavy
8412,12,350,11222.8,14028.5,0.923,cloud_heavy
8413,13,350,11303.8,14129.8,0.9431,cloud_heavy
8414,14,350,11897.9,14872.4,0.95,cloud_heavy
8415,15,350,11517.0,14396.3,0.9431,cloud_heavy
8416,16,350,11812.1,14765.2,0.923,cloud_heavy
8417,17,350,11218.7,14023.3,0.8912,cloud_heavy
8418,18,350,11345.9,14182.4,0.8504,cloud_heavy
8419,19,350,10831.9,13539.8,0.8033,cloud_heavy
8420,20,350,10453.7,13067.1,0.7533,cloud_heavy
8421,21,350,9919.4,12399.3,0.7032,cloud_heavy
8422,22,350,9784.1,12230.1,0.6556,cloud_heavy
8423,23,350,9767.2,12209.0,0.6123,cloud_heavy
8424,0,351,8557.4,10696.8,0.4829,cloud_heavy
8425,1,351,8808.7,11010.9,0.4978,cloud_heavy
8426,2,351,8814.4,11018.0,0.5177,cloud_heavy
8427,3,351,9004.5,11255.7,0.5431,cloud_heavy
8428,4,351,9654.7,12068.4,0.5747,cloud_heavy
8429,5,351,9769.7,12212.1,0.6123,cloud_heavy
8430,6,351,9739.5,12174.4,0.6556,cloud_heavy
8431,7,351,10096.5,12620.7,0.7032,cloud_heavy
8432,8,351,10145.9,12682.4,0.7533,cloud_heavy
8433,9,351,10640.5,13300.7,0.8033,cloud_heavy
8434,10,351,11110.1,13887.6,0.8504,cloud_heavy
8435,11,351,11566.8,14458.5,0.8912,cloud_heavy
8436,12,351,11747.6,14684.5,0.923,cloud_heavy
8437,13,351,11236.0,14045.0,0.9431,cloud_heavy
8438,14,351,12010.5,15013.1,0.95,cloud_heavy
8439,15,351,11591.8,14489.8,0.9431,cloud_heavy
8440,16,351,11149.2,13936.4,0.923,cloud_heavy
8441,17,351,11731.2,14664.0,0.8912,cloud_heavy
8442,18,351,11491.2,14364.0,0.8504,cloud_heavy
8443,19,351,10780.7,13475.8,0.8033,cloud_heavy
8444,20,351,10584.5,13230.7,0.7533,cloud_heavy
8445,21,351,10263.0,12828.7,0.7032,cloud_heavy
8446,22,351,10123.2,12654.0,0.6556,cloud_heavy
8447,23,351,9635.7,12044.6,0.6123,cloud_heavy
8448,0,352,8230.0,10287.5,0.4829,cloud_heavy
8449,1,352,9193.3,11491.6,0.4978,cloud_heavy
8450,2,352,9083.5,11354.4,0.5177,cloud_heavy
8451,3,352,8833.9,11042.3,0.5431,cloud_heavy
8452,4,352,8896.5,11120.7,0.5747,cloud_heavy
8453,5,352,9572.5,11965.7,0.6123,cloud_heavy
8454,6,352,9635.2,12044.0,0.6556,cloud_heavy
8455,7,352,10131.3,12664.1,0.7032,cloud_heavy
8456,8,352,10595.3,13244.1,0.7533,cloud_heavy
8457,9,352,10514.3,13142.8,0.8033,cloud_heavy
8458,10,352,10639.4,13299.2,0.8504,cloud_heavy
8459,11,352,11409.5,14261.9,0.8912,cloud_heavy
8460,12,352,11305.5,14131.9,0.923,cloud_heavy
8461,13,352,11673.7,14592.1,0.9431,cloud_heavy
8462,14,352,11198.3,13997.8,0.95,cloud_heavy
8463,15,352,11534.8,14418.6,0.9431,cloud_heavy
8464,16,352,11735.8,14669.7,0.923,cloud_heavy
8465,17,352,11484.0,14355.0,0.8912,cloud_heavy
8466,18,352,10747.6,13434.5,0.8504,cloud_heavy
8467,19,352,10321.2,12901.5,0.8033,cloud_heavy
8468,20,352,10369.1,12961.3,0.7533,cloud_heavy
8469,21,352,10200.9,12751.1,0.7032,cloud_heavy
8470,22,352,9834.4,12293.1,0.6556,cloud_heavy
8471,23,352,9284.8,11606.0,0.6123,cloud_heavy
8472,0,353,8648.0,10810.0,0.4829,cloud_heavy
8473,1,353,9061.3,11326.6,0.4978,cloud_heavy
8474,2,353,8856.3,11070.4,0.5177,cloud_heavy
8475,3,353,8531.5,10664.3,0.5431,cloud_heavy
8476,4,353,9236.1,11545.1,0.5747,cloud_heavy
8477,5,353,10007.9,12509.9,0.6123,cloud_heavy
8478,6,353,9341.1,11676.3,0.6556,cloud_heavy
8479,7,353,10040.9,12551.2,0.7032,cloud_heavy
8480,8,353,10293.8,12867.2,0.7533,cloud_heavy
8481,9,353,10726.8,13408.5,0.8033,cloud_heavy
8482,10,353,11072.1,13840.1,0.8504,cloud_heavy
8483,11,353,11664.7,14580.9,0.8912,cloud_heavy
8484,12,353,11518.6,14398.2,0.923,cloud_heavy
8485,13,353,12068.1,15085.2,0.9431,cloud_heavy
8486,14,353,11627.3,14534.1,0.95,cloud_heavy
8487,15,353,11500.7,14375.9,0.9431,cloud_heavy
8488,16,353,11258.7,14073.4,0.923,cloud_heavy
8489,17,353,10664.1,13330.2,0.8912,cloud_heavy
8490,18,353,11099.0,13873.8,0.8504,cloud_heavy
8491,19,353,11355.1,14193.9,0.8033,cloud_heavy
8492,20,353,10506.6,13133.3,0.7533,cloud_heavy
8493,21,353,10238.7,12798.4,0.7032,cloud_heavy
8494,22,353,9595.9,11994.9,0.6556,cloud_heavy
8495,23,353,9360.6,11700.8,0.6123,cloud_heavy
8496,0,354,8824.6,11030.7,0.4829,cloud_heavy
8497,1,354,9193.0,11491.3,0.4978,cloud_heavy
8498,2,354,9195.1,11493.8,0.5177,cloud_heavy
8499,3,354,9187.7,11484.6,0.5431,cloud_heavy
8500,4,354,9189.8,11487.2,0.5747,cloud_heavy
8501,5,354,9489.1,11861.3,0.6123,cloud_heavy
8502,6,354,9496.7,11870.9,0.6556,cloud_heavy
8503,7,354,9596.2,11995.2,0.7032,cloud_heavy
8504,8,354,10013.8,12517.2,0.7533,cloud_heavy
8505,9,354,10712.0,13390.0,0.8033,cloud_heavy
8506,10,354,10911.5,13639.4,0.8504,cloud_heavy
8507,11,354,10781.8,13477.2,0.8912,cloud_heavy
8508,12,354,11476.5,14345.6,0.923,cloud_heavy
8509,13,354,11511.7,14389.7,0.9431,cloud_heavy
8510,14,354,11257.9,14072.4,0.95,cloud_heavy
8511,15,354,11493.7,14367.1,0.9431,cloud_heavy
8512,16,354,11378.7,14223.4,0.923,cloud_heavy
8513,17,354,11070.3,13837.9,0.8912,cloud_heavy
8514,18,354,11314.0,14142.5,0.8504,cloud_heavy
8515,19,354,10085.4,12606.8,0.8033,cloud_heavy
8516,20,354,9746.7,12183.4,0.7533,cloud_heavy
8517,21,354,10033.0,12541.2,0.7032,cloud_heavy
8518,22,354,9744.4,12180.4,0.6556,cloud_heavy
8519,23,354,9544.1,11930.1,0.6123,cloud_heavy
8520,0,355,8368.5,10460.6,0.473,cloud_heavy
8521,1,355,8339.3,10424.1,0.4835,cloud_heavy
8522,2,355,8665.6,10832.1,0.4974,cloud_heavy
8523,3,355,8669.4,10836.7,0.5152,cloud_heavy
8524,4,355,9347.8,11684.7,0.5373,cloud_heavy
8525,5,355,9018.3,11272.8,0.5636,cloud_heavy
8526,6,355,9292.6,11615.8,0.5939,cloud_heavy
8527,7,355,10236.1,12795.1,0.6272,cloud_heavy
8528,8,355,9703.9,12129.9,0.6623,cloud_heavy
8529,9,355,10160.0,12700.0,0.6973,cloud_heavy
8530,10,355,10409.6,13012.0,0.7303,cloud_heavy
8531,11,355,10629.6,13287.0,0.7589,cloud_heavy
8532,12,355,10640.2,13300.3,0.7811,cloud_heavy
8533,13,355,10703.9,13379.8,0.7952,cloud_heavy
8534,14,355,10706.1,13382.7,0.8,cloud_heavy
8535,15,355,10458.1,13072.6,0.7952,cloud_heavy
8536,16,355,10651.6,13314.5,0.7811,cloud_heavy
8537,17,355,11034.4,13792.9,0.7589,cloud_heavy
8538,18,355,10582.5,13228.1,0.7303,cloud_heavy
8539,19,355,10084.4,12605.5,0.6973,cloud_heavy
8540,20,355,10011.6,12514.5,0.6623,cloud_heavy
8541,21,355,9280.0,11600.0,0.6272,cloud_heavy
8542,22,355,9234.7,11543.4,0.5939,cloud_heavy
8543,23,355,9365.8,11707.3,0.5636,cloud_heavy
8544,0,356,8885.5,11106.9,0.473,cloud_heavy
8545,1,356,8377.1,10471.4,0.4835,cloud_heavy
8546,2,356,8541.8,10677.2,0.4974,cloud_heavy
8547,3,356,9360.7,11700.9,0.5152,cloud_heavy
8548,4,356,8957.9,11197.4,0.5373,cloud_heavy
8549,5,356,9605.0,12006.3,0.5636,cloud_heavy
8550,6,356,9365.2,11706.6,0.5939,cloud_heavy
8551,7,356,9598.8,11998.5,0.6272,cloud_heavy
8552,8,356,9671.5,12089.4,0.6623,cloud_heavy
8553,9,356,10275.9,12844.8,0.6973,cloud_heavy
8554,10,356,10627.6,13284.5,0.7303,cloud_heavy
8555,11,356,10078.4,12598.0,0.7589,cloud_heavy
8556,12,356,10437.1,13046.3,0.7811,cloud_heavy
8557,13,356,10934.1,13667.7,0.7952,cloud_heavy
8558,14,356,10632.5,13290.6,0.8,cloud_heavy
8559,15,356,10484.5,13105.6,0.7952,cloud_heavy
8560,16,356,10868.1,13585.1,0.7811,cloud_heavy
8561,17,356,10745.7,13432.1,0.7589,cloud_heavy
8562,18,356,10073.9,12592.3,0.7303,cloud_heavy
8563,19,356,10056.9,12571.2,0.6973,cloud_heavy
8564,20,356,9407.1,11758.8,0.6623,cloud_heavy
8565,21,356,9272.5,11590.6,0.6272,cloud_heavy
8566,22,356,9342.2,11677.7,0.5939,cloud_heavy
8567,23,356,9115.4,11394.3,0.5636,cloud_heavy
8568,0,357,8322.8,10403.5,0.4829,cloud_heavy
8569,1,357,8484.3,10605.4,0.4978,cloud_heavy
8570,2,357,8520.9,10651.1,0.5177,cloud_heavy
8571,3,357,9093.5,11366.8,0.5431,cloud_heavy
8572,4,357,8638.2,10797.8,0.5747,cloud_heavy
8573,5,357,9143.6,11429.4,0.6123,cloud_heavy
8574,6,357,9173.3,11466.6,0.6556,cloud_heavy
8575,7,357,10158.1,12697.6,0.7032,cloud_heavy
8576,8,357,9803.6,12254.5,0.7533,cloud_heavy
8577,9,357,10706.2,13382.8,0.8033,cloud_heavy
8578,10,357,11549.4,14436.7,0.8504,cloud_heavy
8579,11,357,11845.2,14806.5,0.8912,cloud_heavy
8580,12,357,10866.9,13583.6,0.923,cloud_heavy
8581,13,357,11726.8,14658.5,0.9431,cloud_heavy
8582,14,357,11322.3,14152.9,0.95,cloud_heavy
8583,15,357,11206.7,14008.4,0.9431,cloud_heavy
8584,16,357,11450.2,14312.8,0.923,cloud_heavy
8585,17,357,11694.6,14618.2,0.8912,cloud_heavy
8586,18,357,11206.0,14007.5,0.8504,cloud_heavy
8587,19,357,10466.6,13083.2,0.8033,cloud_heavy
8588,20,357,10583.4,13229.2,0.7533,cloud_heavy
8589,21,357,9356.7,11695.9,0.7032,cloud_heavy
8590,22,357,9496.9,11871.1,0.6556,cloud_heavy
8591,23,357,9196.7,11495.8,0.6123,cloud_heavy
8592,0,358,8591.5,10739.4,0.4829,cloud_heavy
8593,1,358,8617.8,10772.2,0.4978,cloud_heavy
8594,2,358,8764.8,10956.0,0.5177,cloud_heavy
8595,3,358,8924.0,11155.0,0.5431,cloud_heavy
8596,4,358,9186.3,11482.8,0.5747,cloud_heavy
8597,5,358,9582.5,11978.2,0.6123,cloud_heavy
8598,6,358,9759.9,12199.8,0.6556,cloud_heavy
8599,7,358,9946.4,12433.0,0.7032,cloud_heavy
8600,8,358,10489.1,13111.3,0.7533,cloud_heavy
8601,9,358,10961.1,13701.4,0.8033,cloud_heavy
8602,10,358,10824.3,13530.4,0.8504,cloud_heavy
8603,11,358,11258.9,14073.6,0.8912,cloud_heavy
8604,12,358,11889.8,14862.3,0.923,cloud_heavy
8605,13,358,11238.3,14047.8,0.9431,cloud_heavy
8606,14,358,12300.2,15375.3,0.95,cloud_heavy
8607,15,358,11155.8,13944.8,0.9431,cloud_heavy
8608,16,358,11370.3,14212.9,0.923,cloud_heavy
8609,17,358,10957.5,13696.8,0.8912,cloud_heavy
8610,18,358,11730.5,14663.1,0.8504,cloud_heavy
8611,19,358,10534.5,13168.2,0.8033,cloud_heavy
8612,20,358,10208.4,12760.5,0.7533,cloud_heavy
8613,21,358,9920.4,12400.5,0.7032,cloud_heavy
8614,22,358,9744.2,12180.3,0.6556,cloud_heavy
8615,23,358,9336.8,11671.0,0.6123,cloud_heavy
8616,0,359,8537.2,10671.5,0.4829,cloud_heavy
8617,1,359,7752.5,9690.7,0.4978,cloud_heavy
8618,2,359,8817.2,11021.5,0.5177,cloud_heavy
8619,3,359,8975.8,11219.7,0.5431,cloud_heavy
8620,4,359,9466.1,11832.7,0.5747,cloud_heavy
8621,5,359,9800.0,12250.1,0.6123,cloud_heavy
8622,6,359,9661.6,12077.0,0.6556,cloud_heavy
8623,7,359,10277.7,12847.1,0.7032,cloud_heavy
8624,8,359,10021.6,12527.1,0.7533,cloud_heavy
8625,9,359,10942.3,13677.8,0.8033,cloud_heavy
8626,10,359,10818.9,13523.6,0.8504,cloud_heavy
8627,11,359,10878.1,13597.6,0.8912,cloud_heavy
8628,12,359,11425.4,14281.7,0.923,cloud_heavy
8629,13,359,12111.1,15138.9,0.9431,cloud_heavy
8630,14,359,11731.9,14664.8,0.95,cloud_heavy
8631,15,359,12144.6,15180.7,0.9431,cloud_heavy
8632,16,359,11231.3,14039.1,0.923,cloud_heavy
8633,17,359,11633.5,14541.9,0.8912,cloud_heavy
8634,18,359,10792.6,13490.7,0.8504,cloud_heavy
8635,19,359,10768.3,13460.4,0.8033,cloud_heavy
8636,20,359,10431.5,13039.4,0.7533,cloud_heavy
8637,21,359,10231.1,12788.9,0.7032,cloud_heavy
8638,22,359,9789.4,12236.8,0.6556,cloud_heavy
8639,23,359,9220.6,11525.8,0.6123,cloud_heavy
8640,0,360,8797.8,10997.2,0.4829,cloud_heavy
8641,1,360,9121.0,11401.2,0.4978,cloud_heavy
8642,2,360,8648.0,10810.0,0.5177,cloud_heavy
8643,3,360,8477.1,10596.3,0.5431,cloud_heavy
8644,4,360,9317.6,11647.0,0.5747,cloud_heavy
8645,5,360,9336.0,11670.0,0.6123,cloud_heavy
8646,6,360,9678.1,12097.7,0.6556,cloud_heavy
8647,7,360,10199.4,12749.2,0.7032,cloud_heavy
8648,8,360,10222.2,12777.8,0.7533,cloud_heavy
8649,9,360,10609.8,13262.2,0.8033,cloud_heavy
8650,10,360,10974.9,13718.6,0.8504,cloud_heavy
8651,11,360,11776.3,14720.4,0.8912,cloud_heavy
8652,12,360,11499.7,14374.7,0.923,cloud_heavy
8653,13,360,11191.9,13989.9,0.9431,cloud_heavy
8654,14,360,11249.9,14062.3,0.95,cloud_heavy
8655,15,360,11671.3,14589.2,0.9431,cloud_heavy
8656,16,360,11100.1,13875.1,0.923,cloud_heavy
8657,17,360,10750.3,13437.9,0.8912,cloud_heavy
8658,18,360,11217.8,14022.3,0.8504,cloud_heavy
8659,19,360,10915.7,13644.6,0.8033,cloud_heavy
8660,20,360,10249.7,12812.1,0.7533,cloud_heavy
8661,21,360,10120.4,12650.5,0.7032,cloud_heavy
8662,22,360,9771.2,12214.0,0.6556,cloud_heavy
8663,23,360,9600.1,12000.2,0.6123,cloud_heavy
8664,0,361,8726.9,10908.6,0.4829,cloud_heavy
8665,1,361,7992.7,9990.9,0.4978,cloud_heavy
8666,2,361,8738.6,10923.3,0.5177,cloud_heavy
8667,3,361,9110.4,11388.0,0.5431,cloud_heavy
8668,4,361,9067.1,11333.8,0.5747,cloud_heavy
8669,5,361,9440.0,11800.0,0.6123,cloud_heavy
8670,6,361,9935.2,12418.9,0.6556,cloud_heavy
8671,7,361,10056.4,12570.4,0.7032,cloud_heavy
8672,8,361,10833.0,13541.2,0.7533,cloud_heavy
8673,9,361,11057.7,13822.1,0.8033,cloud_heavy
8674,10,361,10968.8,13711.0,0.8504,cloud_heavy
8675,11,361,11212.0,14015.0,0.8912,cloud_heavy
8676,12,361,10506.9,13133.6,0.923,cloud_heavy
8677,13,361,11508.9,14386.2,0.9431,cloud_heavy
8678,14,361,11194.8,13993.5,0.95,cloud_heavy
8679,15,361,11699.9,14624.9,0.9431,cloud_heavy
8680,16,361,11542.0,14427.6,0.923,cloud_heavy
8681,17,361,11514.4,14393.0,0.8912,cloud_heavy
8682,18,361,11469.2,14336.5,0.8504,cloud_heavy
8683,19,361,10687.6,13359.5,0.8033,cloud_heavy
8684,20,361,11073.2,13841.5,0.7533,cloud_heavy
8685,21,361,10102.0,12627.5,0.7032,cloud_heavy
8686,22,361,9334.4,11668.0,0.6556,cloud_heavy
8687,23,361,9270.7,11588.4,0.6123,cloud_heavy
8688,0,362,8410.9,10513.6,0.473,cloud_heavy
8689,1,362,8727.8,10909.7,0.4835,cloud_heavy
8690,2,362,8421.2,10526.5,0.4974,cloud_heavy
8691,3,362,8707.2,10884.0,0.5152,cloud_heavy
8692,4,362,8889.0,11111.2,0.5373,cloud_heavy
8693,5,362,8984.4,11230.5,0.5636,cloud_heavy
8694,6,362,9534.1,11917.6,0.5939,cloud_heavy
8695,7,362,9711.8,12139.7,0.6272,cloud_heavy
8696,8,362,10102.6,12628.2,0.6623,cloud_heavy
8697,9,362,9894.0,12367.5,0.6973,cloud_heavy
8698,10,362,10580.0,13225.0,0.7303,cloud_heavy
8699,11,362,9975.7,12469.6,0.7589,cloud_heavy
8700,12,362,10109.2,12636.5,0.7811,cloud_heavy
8701,13,362,10254.5,12818.1,0.7952,cloud_heavy
8702,14,362,10676.9,13346.2,0.8,cloud_heavy
8703,15,362,11025.9,13782.3,0.7952,cloud_heavy
8704,16,362,10358.0,12947.6,0.7811,cloud_heavy
8705,17,362,10252.6,12815.7,0.7589,cloud_heavy
8706,18,362,10145.4,12681.8,0.7303,cloud_heavy
8707,19,362,10165.0,12706.3,0.6973,cloud_heavy
8708,20,362,9621.1,12026.4,0.6623,cloud_heavy
8709,21,362,9376.0,11720.0,0.6272,cloud_heavy
8710,22,362,8931.8,11164.8,0.5939,cloud_heavy
8711,23,362,8950.7,11188.3,0.5636,cloud_heavy
8712,0,363,8806.5,11008.1,0.473,cloud_heavy
8713,1,363,8598.8,10748.5,0.4835,cloud_heavy
8714,2,363,8475.2,10594.0,0.4974,cloud_heavy
8715,3,363,9111.6,11389.4,0.5152,cloud_heavy
8716,4,363,8775.3,10969.1,0.5373,cloud_heavy
8717,5,363,9494.8,11868.5,0.5636,cloud_heavy
8718,6,363,9699.4,12124.3,0.5939,cloud_heavy
8719,7,363,9544.5,11930.6,0.6272,cloud_heavy
8720,8,363,9322.1,11652.7,0.6623,cloud_heavy
8721,9,363,10679.7,13349.6,0.6973,cloud_heavy
8722,10,363,10330.3,12912.8,0.7303,cloud_heavy
8723,11,363,10300.3,12875.3,0.7589,cloud_heavy
8724,12,363,10851.2,13564.0,0.7811,cloud_heavy
8725,13,363,10866.2,13582.8,0.7952,cloud_heavy
8726,14,363,11093.8,13867.2,0.8,cloud_heavy
8727,15,363,10430.5,13038.2,0.7952,cloud_heavy
8728,16,363,10649.4,13311.7,0.7811,cloud_heavy
8729,17,363,10031.3,12539.1,0.7589,cloud_heavy
8730,18,363,10415.7,13019.7,0.7303,cloud_heavy
8731,19,363,9986.4,12483.0,0.6973,cloud_heavy
8732,20,363,9843.2,12304.1,0.6623,cloud_heavy
8733,21,363,9486.6,11858.3,0.6272,cloud_heavy
8734,22,363,9237.4,11546.8,0.5939,cloud_heavy
8735,23,363,8869.7,11087.1,0.5636,cloud_heavy
8736,0,364,8774.6,10968.3,0.4829,cloud_heavy
8737,1,364,9058.0,11322.5,0.4978,cloud_heavy
8738,2,364,8655.1,10818.9,0.5177,cloud_heavy
8739,3,364,9120.0,11400.0,0.5431,cloud_heavy
8740,4,364,9299.1,11623.9,0.5747,cloud_heavy
8741,5,364,9432.0,11790.0,0.6123,cloud_heavy
8742,6,364,9271.3,11589.2,0.6556,cloud_heavy
8743,7,364,9640.3,12050.3,0.7032,cloud_heavy
8744,8,364,10121.3,12651.7,0.7533,cloud_heavy
8745,9,364,10009.7,12512.1,0.8033,cloud_heavy
8746,10,364,11472.9,14341.2,0.8504,cloud_heavy
8747,11,364,11403.4,14254.2,0.8912,cloud_heavy
8748,12,364,11479.0,14348.8,0.923,cloud_heavy
8749,13,364,10859.1,13573.8,0.9431,cloud_heavy
8750,14,364,11030.0,13787.6,0.95,cloud_heavy
8751,15,364,11622.0,14527.5,0.9431,cloud_heavy
8752,16,364,12168.5,15210.7,0.923,cloud_heavy
8753,17,364,11042.6,13803.2,0.8912,cloud_heavy
8754,18,364,11293.2,14116.5,0.8504,cloud_heavy
8755,19,364,10542.0,13177.6,0.8033,cloud_heavy
8756,20,364,10381.3,12976.7,0.7533,cloud_heavy
8757,21,364,10397.6,12997.0,0.7032,cloud_heavy
8758,22,364,9615.5,12019.4,0.6556,cloud_heavy
8759,23,364,9234.5,11543.1,0.6123,cloud_heavy
